50000
15 265 260
221 56 308
122 221 408
263 48 738
97 82 497
68 128 647
243 9 710
85 33 452
238 180 356
148 227 497
102 104 446
78 37 794
255 111 698
126 125 753
36 43 685
181 47 24
63 58 44
128 275 988
103 113 580
178 131 213
270 21 397
171 163 130
93 236 121
300 242 829
244 48 84
125 230 319
101 64 522
188 175 157
58 51 708
29 16 763
11 248 50
140 260 99
91 211 488
274 37 401
53 132 813
94 209 782
103 190 943
102 220 123
130 239 866
118 102 668
152 290 863
216 296 654
49 35 637
159 226 802
138 211 90
53 202 817
236 82 853
130 167 421
132 244 311
139 238 445
123 51 40
297 292 219
155 106 913
249 195 995
168 2 477
292 33 585
133 126 354
178 280 348
134 18 434
188 47 24
248 269 190
193 1 832
147 272 641
193 242 300
194 39 436
129 271 903
59 16 735
25 210 959
14 260 132
69 85 695
133 231 673
173 64 350
186 6 807
99 133 180
72 265 56
144 203 69
51 292 267
251 58 495
137 78 515
124 189 392
174 212 245
223 186 512
200 181 287
183 222 572
208 61 490
268 254 987
221 0 373
207 219 622
197 191 389
112 221 639
107 256 955
194 4 120
56 101 484
74 105 607
134 293 976
134 210 110
54 252 799
196 122 156
1 26 774
292 186 589
211 34 979
134 75 87
111 299 520
150 133 518
101 257 977
159 155 487
126 22 864
80 193 527
91 261 790
187 75 197
33 171 202
169 280 990
25 63 484
126 266 424
15 239 376
46 60 977
191 147 67
202 6 779
266 173 594
252 130 22
124 36 85
64 242 330
175 192 459
175 283 461
103 86 727
86 134 899
266 122 397
99 88 655
142 248 993
43 25 494
251 241 279
15 71 864
107 38 244
208 232 111
166 92 666
209 27 999
219 88 87
244 69 194
164 221 426
294 171 716
132 208 218
290 156 985
258 216 47
241 149 380
42 170 193
216 207 128
254 273 741
294 183 95
292 62 43
269 108 892
194 264 197
222 22 203
162 205 327
250 71 835
158 242 45
115 280 53
65 248 593
166 200 185
75 255 315
85 215 626
56 206 331
199 257 196
6 261 912
34 37 953
135 33 975
154 148 684
290 120 757
42 293 851
7 9 613
147 254 672
175 103 20
257 67 909
152 20 104
66 82 84
64 168 259
219 28 900
277 113 941
281 10 310
34 85 298
167 116 892
237 23 218
3 19 614
210 202 482
100 24 415
65 179 819
18 94 40
231 38 866
175 134 316
213 141 1
147 283 727
285 62 82
77 104 904
16 205 632
218 205 314
80 72 849
265 24 395
235 38 649
218 174 714
209 262 729
41 154 780
118 206 268
62 21 970
268 244 659
106 131 143
273 166 51
40 230 582
124 209 734
84 35 18
59 40 240
56 24 544
137 47 735
112 171 235
164 10 955
267 234 719
221 255 643
209 62 112
86 228 252
109 292 851
124 113 595
76 40 986
55 49 258
241 136 187
212 128 199
126 83 960
232 46 505
141 164 146
153 287 638
85 85 658
72 204 389
205 286 863
265 225 367
128 83 4
128 198 323
168 204 238
273 289 951
106 239 175
13 55 578
108 108 783
141 9 842
98 252 417
125 83 421
221 260 370
76 8 227
189 209 727
176 153 442
163 99 176
250 94 988
78 131 649
0 78 423
260 62 845
79 167 135
48 38 208
62 206 817
169 99 77
234 188 639
159 143 833
73 205 16
253 67 600
86 238 172
233 212 963
52 287 486
226 96 230
161 165 174
19 44 12
261 226 941
213 30 155
32 54 982
36 155 146
76 212 371
60 156 623
185 240 155
242 48 8
161 220 26
149 157 957
211 27 488
261 120 828
50 261 739
142 252 550
93 90 483
104 144 676
3 77 750
162 218 389
280 17 622
270 10 290
34 164 574
136 176 107
25 48 72
135 211 360
209 123 55
224 240 915
109 226 749
41 247 722
69 234 733
161 80 469
254 59 748
240 240 466
105 294 461
48 140 34
19 260 247
195 109 31
126 166 193
59 263 107
69 49 613
165 33 256
169 23 633
0 148 881
7 164 617
11 262 313
131 130 727
233 101 319
224 138 760
105 36 554
12 50 367
204 54 26
93 128 589
78 93 562
91 234 295
250 254 374
17 20 358
87 74 495
65 34 780
110 266 952
130 298 560
112 119 575
80 72 300
126 22 50
173 122 730
91 210 494
200 236 621
281 224 914
22 294 664
47 193 324
104 144 303
14 249 209
78 87 340
190 223 570
163 116 584
242 290 748
89 294 664
282 224 802
229 141 67
164 280 743
90 188 132
189 202 779
86 195 411
118 265 100
160 33 156
163 174 185
139 282 150
145 175 300
218 15 655
72 260 561
107 23 165
1 18 138
288 154 751
132 84 496
102 210 317
22 255 598
269 9 575
61 227 156
62 30 587
224 238 870
196 76 650
294 126 986
209 181 614
158 82 883
221 263 324
124 56 448
119 251 105
210 66 30
26 215 683
41 246 223
212 247 503
139 234 653
168 228 981
286 251 505
124 117 979
25 288 338
151 155 397
140 201 120
227 142 197
99 294 450
253 116 981
150 252 22
176 24 612
48 243 21
259 91 490
126 188 352
142 143 285
277 136 172
268 267 609
51 137 444
218 10 728
86 120 655
134 185 389
108 214 820
133 3 541
134 118 784
23 50 515
142 160 768
283 204 687
79 170 233
46 28 503
156 122 302
168 231 896
167 106 602
32 201 332
125 152 853
220 194 771
72 197 926
279 222 833
227 263 890
92 21 665
104 157 549
206 260 960
4 103 151
105 24 964
265 262 101
110 228 291
205 140 712
169 20 576
46 281 446
211 49 822
220 85 728
54 190 33
218 206 193
32 243 573
106 150 965
186 269 230
261 127 277
151 152 457
132 131 295
93 254 702
52 200 317
236 77 693
123 225 25
260 267 637
140 89 634
26 285 331
71 4 341
134 11 589
68 212 66
154 45 179
31 160 233
240 63 264
137 236 591
158 164 369
295 219 906
180 130 723
9 225 24
164 280 157
18 44 478
286 269 44
218 199 911
220 265 700
110 287 287
116 252 94
294 297 485
11 1 800
257 136 784
93 129 782
243 40 621
251 281 437
287 152 626
12 198 734
51 267 297
184 141 853
62 70 976
224 60 906
216 50 968
280 133 846
112 178 248
156 187 494
48 9 890
118 267 11
266 134 599
119 156 974
229 293 451
94 209 420
243 288 515
269 206 996
253 164 957
170 199 378
240 4 139
98 124 221
221 160 657
10 79 296
270 60 67
100 276 808
63 242 482
286 41 748
231 268 384
254 157 402
48 10 478
205 251 178
47 113 623
219 244 292
15 206 955
247 206 436
156 77 5
165 24 500
231 184 775
230 278 518
252 289 131
83 167 541
26 158 784
38 206 757
50 217 989
185 105 787
20 108 155
203 157 828
223 298 740
114 0 198
7 206 337
31 147 4
125 260 875
137 144 437
96 48 449
42 90 408
131 99 636
223 244 182
287 243 984
272 52 6
132 135 987
189 194 316
12 300 196
3 234 734
7 293 731
171 246 160
159 267 992
258 194 151
208 111 31
236 18 69
125 9 818
224 102 746
39 201 843
245 283 969
211 62 107
216 101 200
16 142 41
286 13 446
280 193 460
257 236 173
120 28 623
71 34 444
220 296 426
169 230 779
134 231 26
32 55 276
100 223 277
13 69 471
150 230 169
34 141 556
269 186 494
10 295 630
294 84 660
30 51 181
120 116 438
95 211 340
271 152 887
286 220 155
94 130 975
258 59 312
60 109 897
8 33 132
86 130 285
201 188 986
160 44 435
287 260 129
101 109 644
289 71 577
216 45 480
277 226 578
254 202 624
148 173 613
10 59 342
229 78 890
23 146 393
33 52 524
279 103 100
263 174 189
51 206 418
241 211 257
12 17 588
50 127 80
254 39 724
112 207 400
71 52 910
8 230 756
135 110 634
77 245 349
243 290 595
245 161 832
46 218 369
218 125 404
170 60 133
219 86 749
63 50 219
78 10 819
41 239 10
136 247 251
177 135 909
12 251 881
72 173 453
178 80 998
26 48 479
163 171 809
151 18 436
185 6 276
180 111 362
61 172 34
189 122 347
12 99 163
112 215 214
217 20 68
267 210 759
90 254 826
24 69 243
30 195 400
138 206 512
251 91 21
178 180 307
231 30 337
231 285 253
183 272 751
106 265 587
47 185 797
149 110 966
15 119 893
212 212 888
3 263 319
134 190 345
123 138 148
21 161 657
136 80 249
108 32 154
16 69 759
254 45 848
125 193 893
262 191 896
8 75 113
188 235 949
119 38 68
34 278 997
92 286 914
151 214 856
38 93 792
256 140 245
124 103 983
180 112 298
140 62 613
276 158 755
61 15 47
219 64 641
176 119 68
288 242 726
28 14 131
294 130 474
267 92 174
215 292 460
229 141 339
288 266 246
247 128 650
104 106 954
235 35 451
43 136 514
211 68 505
200 254 771
269 119 700
79 171 265
286 36 134
165 187 807
49 104 149
203 93 461
148 108 868
257 277 314
203 36 422
68 74 911
6 177 193
286 228 261
39 140 964
72 10 298
220 186 204
190 84 773
21 111 129
208 11 200
4 113 119
13 300 152
147 246 14
66 270 923
300 75 485
191 170 516
190 222 424
18 288 828
25 246 114
264 67 465
82 33 194
126 246 703
115 140 436
210 232 228
36 179 281
120 31 558
48 241 117
9 101 974
127 67 246
127 60 110
124 290 393
228 66 896
108 122 842
290 259 643
141 292 54
163 118 894
112 203 981
0 218 929
186 247 29
169 203 134
162 26 618
208 57 61
68 222 424
80 281 147
163 196 262
266 60 547
115 74 339
164 19 805
76 113 56
249 57 544
38 222 287
247 109 386
233 122 818
1 212 444
239 167 86
255 35 473
45 69 260
247 174 675
190 139 154
250 208 235
258 250 110
189 29 960
32 281 779
77 107 927
263 22 834
298 73 867
179 210 114
189 281 729
258 186 397
24 92 566
34 193 417
157 94 356
189 59 714
231 32 353
281 133 735
73 240 902
206 200 859
255 117 268
227 83 456
283 220 214
143 140 327
32 34 999
138 54 840
291 196 484
185 127 650
82 247 884
288 292 107
70 218 801
45 293 32
52 206 239
101 237 258
14 102 569
90 21 798
254 222 277
273 112 912
95 80 687
212 170 352
266 1 840
0 243 775
257 20 60
30 200 871
69 238 304
47 179 297
58 92 313
145 57 740
141 182 245
98 110 107
249 116 283
58 97 223
228 249 553
185 173 657
26 249 719
187 125 703
200 234 352
87 65 864
212 91 803
144 178 522
166 18 92
48 15 764
109 35 317
131 140 917
217 98 567
253 96 325
165 70 89
129 217 690
244 17 778
99 43 271
16 76 909
144 121 562
264 4 65
274 172 846
287 281 286
218 286 908
0 155 910
72 3 211
69 221 456
161 245 190
99 184 266
138 79 179
176 86 163
186 9 994
288 111 163
137 56 273
95 181 982
167 173 80
233 295 393
120 182 319
144 122 530
103 252 568
125 150 133
4 259 86
279 159 779
118 275 81
278 168 126
59 185 661
22 202 9
114 101 144
116 108 787
221 5 263
142 127 609
169 19 154
185 181 165
274 127 400
250 11 560
235 299 34
190 33 837
273 264 938
32 102 525
154 160 302
39 259 298
215 263 164
243 236 404
166 54 563
257 83 254
251 240 599
188 44 381
128 296 867
278 69 388
217 81 697
145 257 425
22 217 569
12 213 434
243 139 780
6 141 890
3 162 576
8 83 953
53 105 377
1 93 738
189 157 228
109 257 10
205 89 772
283 243 334
146 229 436
13 293 820
44 158 215
143 230 834
270 33 128
12 68 177
13 76 658
200 29 766
272 219 940
215 293 768
199 187 469
286 20 861
177 137 969
38 235 723
143 21 705
214 272 582
289 157 411
128 13 138
68 9 322
261 209 382
46 179 776
42 117 453
276 250 49
113 2 957
70 150 503
79 97 784
267 180 278
51 83 577
211 95 638
7 291 226
286 108 473
100 133 248
49 201 179
96 277 306
226 238 488
61 141 253
142 156 111
33 242 337
218 288 40
298 273 599
220 251 31
246 297 715
92 106 445
133 288 311
119 2 118
95 93 579
200 97 409
264 235 616
45 163 550
176 221 606
89 259 307
183 0 388
139 50 577
175 159 126
32 83 71
31 201 429
47 68 724
221 172 530
24 92 674
35 61 201
107 30 86
200 58 415
244 253 525
185 166 577
123 255 253
4 204 794
198 124 11
183 171 155
22 136 909
182 5 455
196 84 53
230 283 287
168 58 474
127 257 246
105 77 950
294 26 995
196 264 754
259 37 513
37 232 538
227 36 503
244 143 426
195 295 145
288 297 483
114 235 145
211 117 570
172 128 825
40 67 785
89 214 814
3 136 40
280 169 877
66 70 642
99 10 7
183 125 754
257 261 795
162 248 90
170 58 505
64 146 343
225 136 3
251 300 1000
297 254 359
117 170 88
280 70 523
97 209 495
215 115 625
187 18 636
255 245 294
154 212 79
259 160 583
238 280 173
227 74 523
223 127 72
40 57 967
34 106 579
206 158 34
57 78 648
45 157 587
3 104 564
200 122 367
19 209 490
198 203 461
177 297 19
282 80 786
227 271 750
65 260 987
36 269 338
219 123 989
287 199 182
20 91 625
250 84 202
157 72 93
244 239 405
258 265 986
194 248 874
130 269 770
28 170 931
240 69 597
273 101 685
180 125 434
44 125 688
217 47 46
84 156 787
114 9 328
72 270 544
113 250 920
111 126 280
40 194 43
17 274 644
292 191 714
263 151 229
205 11 585
24 142 223
104 128 830
104 58 684
179 15 975
42 103 644
300 199 169
142 56 93
106 207 504
170 86 320
289 49 127
187 157 956
47 172 44
171 142 210
158 222 938
266 225 7
183 181 949
164 281 828
107 107 605
243 45 520
210 292 966
80 92 577
72 285 402
64 117 938
299 78 181
294 220 331
115 212 977
72 127 378
43 153 604
127 163 280
110 263 269
260 175 512
52 37 982
35 206 284
19 239 760
21 209 720
115 245 639
217 250 612
96 90 289
155 108 860
185 235 773
246 185 517
123 15 580
138 292 272
43 72 675
199 206 413
161 12 213
188 215 496
129 142 822
286 192 605
198 42 973
12 222 332
9 270 107
114 245 434
74 47 749
195 184 170
275 231 628
163 177 639
155 201 996
146 181 403
72 249 458
31 163 546
168 14 815
292 286 771
64 50 333
47 96 464
204 278 281
198 71 108
177 7 762
50 167 740
114 238 306
267 275 188
284 206 90
124 124 201
154 103 161
28 144 8
126 3 498
188 63 401
231 96 828
120 169 493
158 150 753
136 296 399
218 153 901
115 229 596
182 72 199
259 222 874
34 221 555
231 144 981
155 0 333
37 254 3
233 222 584
15 153 337
11 284 419
202 253 744
288 14 940
141 265 434
67 51 813
154 21 454
61 55 501
143 139 367
39 152 396
35 222 404
226 130 467
156 29 122
120 28 670
57 88 572
254 149 455
230 156 778
240 300 680
117 11 599
110 69 775
90 52 3
130 151 471
236 210 274
61 287 350
51 218 966
22 185 691
243 25 643
194 277 179
218 92 315
294 219 896
263 26 566
209 174 545
7 65 981
86 246 135
241 242 619
287 81 30
36 299 86
142 236 403
53 294 149
273 233 558
270 231 708
166 103 898
243 43 237
272 140 484
230 297 880
293 246 746
115 72 44
243 232 393
108 0 274
129 238 731
33 267 540
13 32 579
109 41 919
240 272 226
112 238 204
77 63 367
60 20 180
131 241 769
242 58 523
75 82 627
86 267 611
97 4 928
26 273 585
238 97 740
137 60 670
93 113 583
178 24 967
55 224 207
295 101 12
194 61 963
282 12 405
98 292 920
79 213 339
214 261 649
200 152 680
174 9 32
203 24 453
202 127 738
48 123 693
265 71 328
273 214 206
259 162 29
120 108 660
215 199 951
97 283 884
299 101 856
10 94 898
178 110 365
136 101 753
11 141 752
180 227 235
16 163 713
123 227 183
291 32 646
225 229 555
81 97 103
72 285 599
259 180 694
77 46 971
148 229 304
195 206 242
246 229 294
138 217 784
260 201 253
286 258 788
225 156 581
116 98 673
18 41 388
113 122 379
261 278 184
174 147 715
103 29 679
108 116 833
67 300 931
74 55 143
74 95 416
43 266 544
253 195 105
111 196 76
184 201 822
83 237 279
288 129 992
178 48 920
275 107 635
300 114 97
28 164 309
47 249 34
129 83 415
151 133 123
229 272 455
241 123 427
35 165 493
249 138 634
74 245 143
33 163 390
123 234 832
42 299 592
206 97 941
51 261 819
160 74 67
67 32 342
291 260 577
79 167 21
176 104 711
137 108 119
228 20 876
72 139 572
82 244 65
222 110 587
142 124 752
74 259 739
31 169 29
36 294 575
216 192 297
113 74 465
186 185 270
223 181 228
58 300 300
96 67 123
177 266 646
117 99 60
219 182 275
214 41 683
46 130 630
279 256 736
287 203 259
42 40 295
209 93 625
145 60 653
124 50 494
228 121 342
289 37 229
107 135 430
54 221 598
225 18 342
241 120 333
133 18 921
275 263 7
60 103 515
143 213 186
48 180 39
68 112 405
260 122 254
34 204 813
131 55 612
283 160 969
274 187 573
175 109 238
293 255 873
136 106 28
236 187 990
284 289 62
16 191 595
188 166 613
50 34 27
148 190 664
3 136 739
38 160 5
282 90 973
291 182 112
187 215 523
151 42 999
24 180 826
147 244 833
124 63 242
123 213 76
49 29 810
218 286 828
153 294 495
257 136 834
117 143 100
93 91 900
226 110 197
215 124 690
231 113 356
225 144 629
122 69 626
51 86 701
256 190 826
267 145 169
285 298 962
17 175 959
159 147 170
279 103 370
141 117 372
14 81 533
268 36 660
118 209 344
32 32 566
39 130 196
81 184 862
237 51 442
176 233 118
273 44 203
142 238 229
233 298 681
176 87 565
134 175 395
103 12 72
33 124 425
120 292 127
64 110 563
135 34 999
230 59 929
172 229 80
17 296 86
87 235 666
175 44 859
213 186 608
103 29 898
107 23 535
147 288 952
258 7 390
179 142 128
57 49 976
31 209 62
63 202 658
209 20 531
85 272 425
266 179 69
199 11 238
125 168 204
235 90 137
41 271 553
59 149 801
83 179 623
59 278 366
45 129 147
300 290 849
45 161 897
178 146 992
8 156 678
244 8 261
93 198 571
163 175 408
12 70 936
172 43 827
102 266 781
204 216 11
210 110 607
176 41 116
250 274 377
293 197 572
96 267 676
42 241 616
97 117 649
93 266 782
267 160 164
15 299 425
248 299 869
45 91 42
78 39 687
4 274 123
168 289 366
279 93 706
32 272 949
140 118 776
112 117 416
125 207 821
128 7 692
195 298 173
63 122 157
179 93 310
88 112 862
21 254 308
78 277 63
277 85 283
87 9 924
131 235 716
93 117 132
18 5 230
154 179 934
105 35 85
266 134 933
60 268 2
170 150 496
85 101 483
231 8 877
39 1 641
297 135 535
1 97 741
10 171 494
175 211 347
256 181 285
162 61 362
102 160 679
256 199 874
108 21 448
123 228 794
232 92 529
170 79 525
91 277 507
1 103 735
164 147 314
192 79 606
152 12 462
102 41 864
281 187 765
300 230 844
1 147 96
124 109 906
184 46 811
162 166 696
55 205 577
253 104 662
208 59 352
44 7 180
185 180 284
93 49 150
85 112 63
195 216 138
138 17 545
157 115 739
33 33 829
178 118 211
223 127 742
41 9 803
9 63 348
29 171 517
180 93 448
79 189 518
294 85 889
144 263 687
37 141 491
71 215 518
81 274 28
220 46 490
137 53 530
73 96 513
143 80 196
207 76 636
244 125 819
174 258 833
51 6 517
191 195 854
20 134 259
111 11 530
172 159 42
130 12 462
154 126 24
116 69 477
190 93 755
159 131 433
25 244 789
127 53 171
19 45 403
104 285 301
270 63 723
290 181 507
167 212 29
51 118 307
162 226 286
81 164 17
175 233 504
17 219 121
127 12 642
252 76 790
105 120 621
220 243 723
117 283 504
291 173 660
8 169 157
95 94 536
48 95 644
103 146 291
35 199 689
186 66 262
42 209 501
157 132 461
237 102 618
179 48 13
289 103 647
205 198 238
296 44 208
142 274 705
101 227 568
156 75 425
62 125 536
253 165 431
120 35 444
57 40 302
163 159 483
192 69 981
294 61 8
179 4 819
55 188 247
131 259 180
127 18 910
47 286 274
177 236 886
111 54 554
283 57 581
82 298 761
68 53 776
190 242 949
35 245 658
63 250 210
128 144 346
257 54 436
175 47 362
1 85 300
92 294 405
88 30 322
84 132 732
261 123 957
2 34 369
154 124 267
181 56 48
70 133 771
230 277 20
159 206 576
76 125 864
35 84 856
6 29 476
236 261 607
183 277 715
94 241 126
139 201 852
294 147 398
129 57 111
270 171 245
222 262 474
151 130 561
60 85 659
27 234 114
18 150 843
175 139 999
282 285 820
265 118 927
53 213 367
255 254 13
159 80 871
210 279 989
156 201 275
160 252 934
115 151 332
251 10 589
139 34 386
187 220 992
26 222 412
291 246 155
118 214 509
258 130 438
120 186 485
103 256 848
267 156 209
257 83 213
20 167 986
129 185 17
258 169 567
169 255 554
105 175 68
78 154 211
258 192 533
242 38 701
151 179 143
29 286 334
74 274 0
205 219 665
177 139 435
71 150 700
285 57 711
83 206 464
83 160 190
25 205 783
127 54 681
254 113 798
22 72 572
151 14 239
232 279 370
146 106 320
277 229 986
272 2 930
61 275 195
113 261 65
221 112 394
290 268 858
283 21 13
87 234 193
241 207 419
275 90 435
61 145 27
18 52 665
158 132 73
86 181 371
251 269 414
223 36 426
298 275 415
285 94 680
119 93 320
157 94 802
225 207 791
228 93 693
62 226 872
103 122 127
86 1 883
7 32 468
210 116 239
51 113 787
176 231 778
19 174 31
59 175 884
149 170 621
192 154 917
59 293 49
179 77 696
263 117 126
249 202 807
242 222 968
99 278 495
213 293 336
98 134 99
161 165 771
205 166 700
192 193 997
161 99 426
257 136 229
294 137 417
272 146 240
42 243 219
250 276 480
282 70 19
252 154 221
144 130 373
11 272 444
284 144 229
189 199 834
105 200 342
155 268 944
187 281 744
179 217 792
214 46 638
124 158 755
84 239 120
164 182 704
271 46 42
2 214 749
120 139 664
272 219 478
37 158 812
285 276 588
43 202 580
93 69 963
15 58 983
130 168 299
131 127 783
271 176 157
53 133 336
173 108 9
83 33 484
104 13 621
281 27 278
133 161 88
212 30 906
279 227 527
119 247 135
167 67 714
74 125 579
22 59 7
137 91 247
87 262 97
161 259 550
244 230 916
168 85 576
12 233 779
63 221 900
87 60 132
59 89 713
242 52 194
70 299 18
161 243 154
54 213 208
166 105 902
155 16 760
236 24 707
159 268 273
170 221 115
36 62 183
298 211 281
110 219 85
248 181 963
186 137 352
165 160 243
96 188 213
98 228 475
218 54 309
238 178 350
211 284 756
4 113 65
268 28 407
220 107 167
184 85 707
5 150 508
208 217 674
9 226 553
188 182 522
184 289 922
101 110 16
290 69 732
68 2 151
21 55 634
146 270 165
58 236 806
207 89 794
210 118 976
47 6 609
197 13 822
102 274 465
238 57 640
101 123 96
213 215 172
212 152 731
98 256 34
28 57 430
74 268 405
9 101 223
201 259 990
290 55 479
137 123 45
131 255 274
196 183 433
97 19 663
31 57 435
174 48 719
264 68 443
215 24 271
47 206 580
138 182 501
224 281 780
49 93 992
158 199 109
98 125 913
290 195 487
38 151 721
175 175 717
13 59 311
121 102 626
44 4 352
187 213 218
299 62 257
216 289 553
93 17 345
175 60 406
293 142 565
213 227 787
151 42 917
90 244 622
6 209 373
148 32 890
220 293 197
52 254 216
34 252 456
29 288 894
291 218 985
288 22 1000
158 191 877
35 85 525
208 280 156
254 133 157
260 102 838
172 229 734
288 275 966
0 186 456
232 222 785
227 287 820
30 218 705
202 139 923
119 6 652
123 101 748
2 256 751
223 263 550
30 72 222
81 149 85
146 300 258
274 247 220
225 234 252
81 263 994
233 269 233
76 57 582
98 146 438
66 58 926
110 278 540
232 188 86
229 143 59
71 247 635
104 129 947
266 47 14
275 99 921
12 147 180
7 222 276
199 238 840
49 139 987
104 180 744
234 279 414
226 242 706
32 231 891
49 22 83
8 65 249
297 219 782
292 149 359
138 238 820
20 282 450
173 77 818
99 177 114
132 17 575
131 196 11
158 189 842
79 120 118
100 74 534
205 181 400
178 153 58
39 210 354
108 66 487
237 2 266
155 65 787
125 80 454
275 260 872
275 107 810
202 10 910
8 277 421
102 196 136
107 261 844
32 78 626
277 1 873
75 288 954
71 150 218
199 238 156
215 218 22
78 190 53
30 239 791
150 256 139
289 194 103
231 116 153
233 208 796
250 278 740
16 88 885
174 241 297
241 145 403
186 117 640
25 172 561
299 270 566
240 220 497
217 173 557
119 278 839
228 60 937
144 28 179
50 133 170
291 288 766
92 167 217
260 177 552
81 14 806
249 207 895
29 83 488
68 198 410
145 264 235
276 51 133
156 114 54
202 165 587
75 77 861
255 74 299
17 267 104
204 272 286
199 73 144
39 288 566
252 14 822
5 139 679
101 85 313
52 138 152
216 208 572
102 85 115
299 78 36
35 287 971
277 262 346
284 119 508
276 130 622
166 160 505
215 241 288
157 84 566
56 84 67
100 260 558
54 251 754
112 222 770
128 85 656
274 77 640
81 174 83
278 64 407
108 118 290
55 163 925
129 259 870
109 98 118
16 253 105
197 172 649
204 33 832
76 111 247
76 290 146
137 222 347
122 299 535
249 191 668
98 3 326
247 27 447
219 121 77
157 3 322
269 268 696
171 277 33
119 215 42
142 295 788
16 56 667
197 208 217
269 83 71
295 300 637
12 119 311
7 28 745
180 295 732
118 93 681
68 157 485
152 20 822
207 265 941
217 14 705
268 271 792
40 142 588
152 17 87
271 223 850
44 7 465
95 88 893
88 39 53
14 193 599
98 77 478
56 253 838
91 19 278
132 115 714
84 221 225
166 19 105
202 48 797
202 172 510
181 99 911
215 129 100
253 258 430
231 252 369
26 160 470
36 276 828
211 205 493
161 103 830
22 127 566
73 196 517
173 220 659
107 253 949
195 248 20
6 115 507
51 140 52
236 297 897
6 133 666
237 75 223
253 70 221
25 292 491
191 2 522
234 26 796
102 132 831
284 159 353
179 118 188
262 6 24
89 156 525
203 121 868
77 77 859
205 221 773
180 90 117
131 121 155
117 177 356
116 30 632
179 43 476
127 50 303
140 267 558
123 206 393
120 272 359
201 108 209
223 199 376
262 87 474
186 170 606
139 262 636
19 174 932
64 33 738
98 136 955
185 298 79
77 21 419
264 161 149
248 144 492
116 134 364
103 80 439
22 14 529
181 298 291
193 166 869
279 287 493
256 79 599
19 30 534
25 262 578
216 95 13
236 49 890
49 101 433
150 213 294
174 254 187
281 97 246
161 55 896
255 30 939
77 300 529
103 232 653
254 296 507
95 208 13
117 193 999
180 87 646
114 263 387
179 237 757
204 112 47
96 243 226
123 139 921
131 148 763
203 211 724
100 294 376
250 147 118
70 218 278
110 70 81
120 144 879
17 96 149
169 280 761
256 236 170
182 248 381
89 152 149
28 142 623
48 61 247
195 60 586
58 97 423
127 20 422
89 231 565
109 31 49
65 293 844
223 44 246
293 65 595
209 229 227
42 160 555
289 174 736
61 40 681
222 64 940
243 253 114
244 288 735
101 130 531
298 284 657
16 222 785
277 258 789
56 206 854
114 154 470
282 255 922
166 188 533
153 180 905
32 245 464
295 57 52
124 31 696
60 20 434
33 9 331
138 208 959
184 170 926
71 24 612
106 150 181
89 198 616
10 79 256
110 213 345
182 98 366
86 99 937
109 48 540
68 287 143
20 268 239
286 295 60
40 269 760
158 237 435
184 235 782
50 6 772
174 139 298
188 24 574
182 227 952
214 87 683
273 181 218
156 188 814
247 94 313
78 51 524
21 166 81
277 151 675
246 123 275
53 253 441
20 129 669
127 64 451
15 125 575
166 73 579
90 88 491
203 145 43
128 265 307
80 250 735
15 244 788
290 129 282
136 18 78
170 100 549
194 103 126
168 50 520
182 163 332
18 66 328
227 213 92
243 264 707
241 292 357
298 57 947
259 88 10
248 29 828
102 155 836
85 18 421
113 296 771
63 242 51
225 233 287
135 25 270
18 59 998
158 161 936
219 151 220
95 79 966
274 262 901
172 229 602
184 187 430
89 182 374
67 30 156
195 153 391
56 264 471
154 143 632
15 232 911
161 75 584
272 100 909
258 130 276
227 224 444
239 275 352
9 273 996
93 127 964
247 251 982
43 200 273
52 285 553
2 245 266
146 292 449
282 107 546
157 219 592
114 113 161
121 124 597
68 122 1
226 24 563
134 88 784
101 163 432
291 229 715
284 298 668
255 7 547
113 142 367
106 291 511
288 220 359
32 5 161
195 3 118
45 205 620
170 173 542
152 20 899
205 91 188
215 49 832
105 232 413
134 4 279
136 43 819
277 70 854
107 143 80
106 94 465
170 168 956
223 24 114
158 139 123
53 178 44
5 11 571
35 170 509
229 215 82
272 260 574
235 96 878
19 173 214
146 65 345
108 21 768
182 203 326
174 98 41
116 251 611
291 166 363
115 175 675
175 122 105
116 75 4
212 167 101
115 80 869
294 23 66
85 202 654
243 248 173
220 59 152
189 196 981
241 170 65
32 15 163
5 232 475
77 93 853
246 269 656
273 148 365
99 98 310
242 243 430
157 256 253
298 299 300
267 13 287
269 170 203
83 98 776
118 71 54
96 247 997
36 241 282
225 72 377
270 242 393
284 65 468
265 53 618
37 209 715
131 297 236
149 206 900
32 59 381
189 56 418
192 85 27
300 178 6
52 291 801
77 183 508
150 41 638
132 243 388
190 76 393
252 31 314
120 240 745
66 77 405
81 298 328
186 80 987
108 37 809
65 242 482
56 151 145
151 18 360
5 246 16
116 289 864
115 29 593
231 204 302
180 70 141
98 249 9
42 149 577
85 41 258
260 96 273
272 59 536
290 249 706
176 193 775
172 64 899
113 10 992
205 131 970
243 59 978
220 289 82
43 251 728
233 27 488
266 13 808
264 155 358
251 144 226
69 208 759
295 138 1
6 250 147
121 267 437
90 156 854
154 272 401
237 179 749
286 71 163
197 157 483
271 199 259
62 262 706
47 285 170
156 51 607
84 102 569
123 63 969
216 115 648
243 225 295
84 50 118
202 213 480
14 109 744
23 118 919
199 204 563
97 12 311
170 281 163
3 120 851
259 154 52
122 289 267
111 93 643
298 25 466
210 183 563
134 78 966
99 182 799
252 131 10
164 139 401
260 41 272
166 103 245
272 136 821
246 123 707
21 278 741
207 14 611
145 72 907
220 53 189
187 117 801
21 251 216
180 201 733
199 287 449
68 153 612
81 193 30
283 85 941
72 244 887
126 15 167
264 121 111
216 104 232
169 103 288
223 153 555
276 85 113
76 228 668
61 56 967
289 142 465
10 84 606
111 61 701
293 11 492
154 149 23
257 60 533
176 203 925
4 231 274
196 50 724
196 198 626
241 101 878
55 150 425
178 0 540
297 294 670
32 66 44
253 278 293
250 293 741
17 217 993
218 3 788
75 57 944
36 249 305
239 285 96
95 44 908
7 278 986
69 188 392
120 86 398
181 67 719
34 102 556
163 119 908
77 154 453
36 93 568
187 232 168
152 104 492
9 60 35
136 158 735
77 151 683
116 197 751
237 42 771
156 70 556
105 248 513
295 133 941
128 199 275
169 141 597
50 152 850
12 133 171
295 263 258
298 267 443
228 124 516
55 238 837
195 252 274
221 268 868
285 54 771
193 67 304
35 164 368
185 81 690
29 231 141
59 245 86
268 87 947
17 19 255
42 182 281
266 44 824
198 208 985
28 59 590
128 236 587
38 261 870
222 4 84
148 82 786
167 73 139
288 204 802
263 188 757
60 40 611
85 232 874
267 97 526
92 185 627
47 289 13
77 161 905
29 172 425
296 55 81
167 19 791
46 227 673
227 174 627
245 217 51
266 277 877
154 140 729
220 224 652
11 55 388
22 104 422
76 273 386
278 290 511
270 194 694
180 235 917
292 196 932
282 51 208
296 123 242
204 22 496
244 240 216
79 257 751
211 68 304
44 80 510
57 33 732
198 3 682
125 96 718
289 51 454
15 133 118
218 118 807
34 194 870
80 22 916
173 141 421
32 128 586
181 271 896
6 94 798
191 26 986
53 275 245
132 63 473
64 128 133
166 95 629
16 18 464
216 124 201
47 37 177
84 139 260
24 212 268
80 112 682
249 22 297
29 281 778
262 121 36
86 21 176
223 288 311
48 281 417
248 102 76
286 262 366
100 196 779
105 33 315
39 72 507
68 136 313
265 118 561
157 72 520
61 80 901
125 36 463
34 175 683
178 226 781
133 181 616
275 276 903
285 123 358
107 129 490
1 14 211
258 240 913
53 120 703
171 85 63
299 214 880
169 59 488
87 150 598
119 154 334
112 33 848
291 76 754
0 299 110
55 142 124
219 126 356
45 248 296
208 188 948
147 91 712
83 232 400
8 266 972
289 80 781
135 193 676
240 47 65
58 195 183
127 281 494
88 264 748
195 136 95
238 90 622
196 20 897
25 64 731
198 153 747
214 198 58
79 209 669
140 249 303
83 202 164
300 9 942
30 225 976
8 108 121
149 120 167
1 175 504
63 102 0
237 8 971
70 175 202
3 259 247
70 102 57
153 265 538
287 1 526
208 156 579
89 211 702
173 195 232
0 33 966
271 55 642
111 279 409
106 122 629
205 10 53
267 241 98
13 139 539
28 104 45
167 227 370
90 163 201
96 204 133
72 121 996
269 11 233
291 263 530
89 125 922
290 105 391
268 282 292
33 191 120
81 141 308
190 117 821
150 280 155
122 296 642
234 96 827
63 290 633
149 193 644
147 271 450
226 179 617
46 90 136
27 238 161
123 101 633
139 73 412
49 83 913
22 154 107
171 179 190
119 4 671
19 165 923
250 245 753
96 55 395
196 289 131
45 206 685
293 75 82
138 78 603
299 183 107
284 231 385
205 205 256
49 221 830
47 294 282
288 116 163
267 199 175
58 243 428
84 36 885
258 33 999
195 95 83
42 155 233
124 216 162
134 185 161
1 157 288
248 141 427
11 279 18
154 236 143
285 250 32
85 126 813
179 13 259
33 255 554
32 253 910
277 224 918
65 142 775
197 145 91
219 108 68
97 103 764
43 52 781
233 21 909
221 131 203
178 144 567
172 258 47
227 120 221
96 182 512
245 126 983
162 67 608
146 196 268
60 242 24
259 69 967
2 263 218
267 171 570
246 278 748
13 157 82
110 56 730
11 142 895
194 45 49
298 93 476
218 1 289
151 104 54
256 108 934
171 164 704
221 296 833
272 239 674
176 35 420
244 248 645
238 211 780
267 59 955
254 17 199
120 173 126
90 134 281
293 45 610
199 86 808
141 157 252
131 286 336
146 288 404
40 234 949
164 184 36
195 152 762
266 234 699
219 123 552
161 28 876
159 88 747
144 145 491
217 77 783
123 267 444
202 246 118
199 14 100
78 181 735
24 277 28
247 172 463
132 53 510
83 135 685
148 274 805
101 1 275
226 129 877
16 171 363
178 53 766
127 278 10
161 114 459
108 163 978
62 244 390
107 207 527
157 15 724
80 247 977
92 96 699
131 281 289
185 205 167
258 148 949
225 34 315
58 62 653
2 254 671
157 60 106
70 93 349
111 123 641
16 73 887
257 299 962
104 61 169
147 107 780
270 108 793
260 129 152
37 259 636
11 79 557
149 134 628
104 205 28
121 134 365
90 204 16
235 109 612
185 30 150
75 241 124
271 60 209
196 70 261
117 255 631
97 42 451
281 280 614
34 44 464
163 68 206
280 105 140
265 278 507
261 100 215
188 22 213
237 84 421
234 263 532
163 235 986
109 176 44
208 85 377
189 232 548
222 181 655
140 137 415
32 219 631
103 58 585
61 66 705
172 163 932
9 18 488
259 277 406
235 87 883
74 30 7
3 272 766
290 241 567
41 178 8
204 199 433
209 273 893
118 278 755
150 147 105
200 220 694
95 143 963
217 49 434
103 167 141
212 111 102
278 255 923
222 40 517
283 189 470
230 91 799
138 161 655
169 72 319
195 160 735
22 244 689
27 52 770
200 153 998
196 123 966
254 279 43
247 134 179
288 107 353
193 233 383
232 134 456
183 107 573
117 79 347
92 224 90
299 243 880
21 298 769
103 26 231
45 97 711
229 157 53
203 165 40
153 29 503
152 149 183
134 110 592
75 272 1
114 196 959
52 143 288
78 159 381
164 168 123
192 230 992
171 226 297
126 280 138
259 278 221
69 290 513
139 149 825
212 295 303
123 269 500
131 259 959
261 246 706
235 160 257
244 92 993
43 37 91
12 228 138
119 36 928
156 39 161
209 248 656
166 209 447
147 270 758
233 87 313
84 127 600
217 222 43
258 268 70
111 61 633
137 128 202
152 70 64
20 118 646
89 37 911
289 64 912
82 272 398
258 261 836
30 53 442
281 118 510
192 225 290
206 52 755
87 54 333
257 201 543
47 189 876
278 209 530
254 234 494
119 170 71
80 80 39
190 194 78
109 128 548
191 18 223
26 75 103
95 183 634
277 267 87
109 116 621
266 0 33
262 44 587
188 118 134
148 170 847
50 256 177
110 65 105
116 208 459
280 254 605
286 49 533
104 49 887
244 217 479
234 18 3
66 30 634
27 69 971
82 126 482
217 145 482
196 126 886
6 135 210
221 300 961
248 82 234
220 206 17
222 16 361
0 234 757
238 175 967
166 216 851
197 3 643
7 224 764
256 214 416
253 231 721
49 262 467
143 96 144
260 175 287
250 100 368
50 40 36
132 68 603
227 73 822
236 156 193
106 240 302
254 111 788
261 90 205
29 176 312
226 201 875
57 275 487
220 249 918
134 38 205
212 146 369
227 94 188
76 54 729
109 284 475
78 113 436
271 20 484
9 233 289
231 241 0
99 15 385
267 7 355
292 136 103
287 92 360
206 18 282
298 275 199
147 114 193
175 252 229
198 142 364
85 207 262
189 161 971
72 106 480
300 237 689
148 199 548
255 64 924
211 55 430
11 91 507
88 2 252
42 173 825
47 115 675
157 18 124
242 20 314
280 105 775
43 294 75
170 267 801
159 91 973
97 279 402
245 17 238
10 0 249
152 109 510
262 228 322
129 74 661
152 206 555
86 257 743
135 294 2
17 179 293
237 187 303
97 95 857
98 283 822
151 297 1000
44 124 528
247 218 71
105 256 573
267 119 241
14 154 504
121 273 0
175 299 725
267 186 483
263 80 759
52 190 464
206 17 621
245 253 150
266 102 986
235 57 684
24 23 638
18 235 611
94 97 267
40 110 70
172 40 174
91 220 724
112 276 468
129 279 46
172 138 869
121 76 52
270 153 618
172 250 131
152 86 440
98 143 982
256 219 516
34 203 607
31 126 178
33 251 880
274 11 299
39 232 2
195 82 898
141 57 149
26 33 768
255 178 891
132 111 61
237 277 641
95 47 737
13 135 656
215 233 513
273 120 360
61 224 211
274 136 859
50 249 247
105 162 986
102 51 968
289 159 607
114 282 405
13 290 169
238 188 371
222 53 890
139 54 188
187 179 261
39 91 257
279 239 890
272 158 558
228 64 806
28 135 33
220 289 901
12 216 82
23 133 611
56 254 582
110 0 669
203 287 768
247 277 250
145 193 744
216 140 536
86 70 123
128 42 832
165 246 421
300 46 311
156 40 418
151 195 417
76 193 568
194 153 309
276 119 789
87 217 574
57 162 627
148 192 658
193 51 407
13 101 319
269 105 978
90 112 58
76 81 596
61 253 788
210 145 37
277 256 940
1 205 515
6 264 758
120 102 57
161 53 507
103 90 791
20 221 901
238 290 117
18 5 184
289 123 493
45 194 367
110 215 199
68 46 473
197 100 605
171 135 563
80 212 712
46 104 438
163 256 574
47 219 724
228 288 209
79 299 42
73 183 647
46 298 461
159 73 485
30 213 505
43 245 647
9 106 319
142 0 573
112 92 786
149 296 206
44 259 574
187 294 208
57 196 239
86 300 75
83 84 292
31 81 414
231 277 559
143 132 929
196 241 352
146 11 566
236 55 977
256 245 601
11 285 736
201 109 594
236 74 270
6 208 927
202 177 728
157 111 466
160 175 7
214 160 99
177 155 661
209 39 350
47 271 291
2 100 920
125 86 379
139 105 396
252 86 979
126 8 689
292 191 32
246 8 612
8 109 93
156 289 734
214 201 474
210 21 31
155 260 149
282 231 568
165 17 790
142 211 485
66 154 700
166 208 12
56 287 699
235 56 183
296 271 532
141 101 185
213 21 542
167 64 360
278 44 254
139 92 712
181 169 531
32 39 355
151 85 990
96 154 895
246 295 458
262 107 305
216 261 583
290 210 405
234 102 700
203 195 664
297 7 11
78 226 634
175 212 614
16 147 647
84 150 173
201 264 256
197 218 33
223 206 62
113 264 459
275 196 517
257 129 887
288 259 101
296 184 762
284 107 167
84 243 679
288 169 286
54 206 893
235 125 723
50 285 548
295 96 486
160 288 584
29 180 665
297 101 268
128 156 114
173 6 287
217 201 928
264 276 905
203 212 595
241 48 188
41 77 316
24 3 586
151 289 422
181 86 332
85 27 911
156 197 557
82 69 95
241 158 269
141 187 35
248 95 250
6 286 552
188 43 853
136 9 29
54 257 303
43 276 71
15 267 481
17 125 417
165 242 288
38 274 427
91 103 366
243 238 755
245 121 828
99 223 71
281 152 464
176 85 259
39 178 73
285 65 705
123 222 227
243 43 796
144 70 616
42 100 183
266 68 307
133 296 95
156 104 710
247 140 145
49 103 462
131 78 403
288 219 475
89 3 586
72 114 793
261 72 731
218 145 7
278 214 740
90 85 559
32 259 566
202 180 840
139 146 741
13 208 616
113 167 2
60 215 432
76 290 845
270 297 682
40 153 451
160 199 670
144 145 406
134 280 821
175 297 493
158 70 860
90 249 443
190 208 867
289 0 106
274 252 34
52 126 807
131 289 430
201 192 297
253 217 656
230 75 562
96 168 967
269 215 984
214 162 238
154 277 266
275 127 163
37 230 565
81 263 317
195 110 519
161 251 771
218 123 417
208 8 227
239 228 89
237 114 622
271 267 903
233 101 469
103 254 521
98 225 182
16 145 771
53 251 253
236 19 639
86 25 201
184 271 773
61 146 983
70 138 322
197 25 756
84 138 655
34 225 141
19 220 360
39 66 34
139 69 391
134 48 999
96 190 552
169 78 360
96 33 637
92 78 424
84 10 441
112 154 206
292 64 142
52 85 536
280 53 58
135 134 755
53 175 338
152 178 610
67 187 699
291 291 764
84 18 22
99 195 100
36 34 953
212 249 38
271 62 825
34 25 412
147 17 542
37 199 851
57 62 964
13 165 858
222 156 829
26 117 207
247 298 837
23 95 396
50 10 747
219 90 977
76 169 451
74 69 861
147 133 419
265 178 890
80 293 525
254 121 926
257 27 514
239 87 800
104 253 80
168 274 451
193 166 962
126 288 977
9 209 251
73 199 763
65 126 448
35 108 597
67 80 466
13 257 49
210 196 405
117 90 868
69 171 620
96 83 469
142 252 600
90 97 200
204 252 249
260 2 636
96 82 960
167 81 602
141 159 137
300 4 53
121 159 340
192 293 95
232 292 436
149 197 962
201 195 37
94 255 621
269 230 210
246 51 513
249 213 922
170 133 723
206 177 971
270 131 621
124 82 598
97 100 920
64 154 843
219 163 864
298 109 652
296 288 584
154 214 765
10 158 466
242 233 30
169 55 58
297 61 659
1 136 331
94 227 687
63 290 786
139 197 438
17 199 788
53 208 908
222 157 1
259 215 216
199 242 286
5 164 918
132 61 654
160 209 653
84 215 584
163 195 114
98 98 586
78 33 723
255 242 432
45 246 163
109 185 909
295 17 135
153 266 674
75 162 577
219 157 364
79 218 68
228 207 68
106 107 802
153 11 146
181 229 458
205 275 30
1 79 812
249 271 926
106 138 781
65 203 62
245 227 918
59 49 435
137 159 791
53 137 833
138 213 738
238 105 512
148 225 627
250 177 746
106 120 124
135 70 148
185 23 610
237 253 985
65 18 240
15 134 365
171 156 458
0 249 591
41 204 513
259 76 260
123 231 763
118 213 294
236 22 980
93 88 768
290 108 941
265 175 819
199 241 241
151 43 686
260 199 282
216 202 851
72 108 283
299 0 822
59 173 976
16 154 813
259 68 631
57 153 824
206 177 49
0 24 27
217 185 150
30 98 75
260 7 340
291 260 324
76 149 354
253 132 678
57 277 416
236 131 525
166 15 383
145 4 404
297 85 387
264 38 767
114 300 315
294 127 754
255 98 4
191 122 445
111 226 476
23 109 311
70 180 580
254 48 527
118 69 576
151 50 707
22 35 671
17 103 956
221 35 533
19 4 375
76 205 207
56 173 704
245 269 244
75 72 720
279 288 965
283 14 496
204 171 981
104 108 767
79 141 358
85 241 561
287 221 899
258 106 285
22 62 281
211 53 822
182 290 746
54 291 741
194 34 679
219 73 911
80 299 894
18 55 790
295 300 669
253 10 20
198 219 556
39 220 705
182 275 864
139 138 198
16 36 946
37 246 88
160 292 894
194 40 381
177 205 600
38 187 722
80 70 27
260 127 186
56 1 666
220 176 693
277 113 587
221 235 587
207 107 959
214 70 559
20 190 659
201 282 593
113 231 354
197 245 652
270 193 150
173 240 21
78 32 214
68 289 731
115 291 705
175 247 786
268 262 385
249 193 434
184 189 154
158 104 37
276 259 397
45 161 588
114 33 869
267 70 507
143 7 190
103 235 964
245 268 607
244 196 876
147 251 234
240 280 582
217 65 813
219 86 197
194 91 787
51 77 71
81 161 455
142 141 215
274 28 215
247 157 458
26 197 318
167 104 181
62 160 283
299 156 209
294 65 607
167 294 386
72 135 710
261 107 555
154 71 418
118 82 201
230 78 144
122 165 489
211 133 980
36 291 289
14 57 170
46 220 655
83 20 264
60 214 897
245 92 416
273 52 320
80 276 943
238 37 916
41 233 783
223 245 86
79 249 832
88 18 397
79 18 914
209 75 770
89 263 419
143 55 259
128 119 358
299 127 891
200 15 633
243 178 496
125 87 202
121 91 3
92 258 561
177 277 82
260 259 279
155 72 215
186 230 1
214 228 930
154 276 838
291 102 5
8 155 137
246 78 539
229 109 786
267 30 24
188 53 676
170 13 560
88 130 463
113 149 693
218 16 22
176 149 980
106 246 810
22 247 933
232 138 5
110 296 725
105 3 571
255 110 927
265 110 129
17 175 307
79 251 481
20 135 777
102 214 560
273 286 956
147 233 44
106 25 129
141 92 345
38 31 712
49 265 683
233 216 234
283 39 648
116 219 843
260 208 983
282 220 511
236 254 686
244 12 431
279 56 711
90 2 45
45 279 689
23 298 377
184 142 757
49 34 666
232 4 169
226 292 412
117 39 472
35 201 423
209 56 683
132 124 570
290 188 434
47 72 434
241 105 582
57 153 75
101 62 652
258 241 757
203 122 812
136 140 97
97 23 265
90 133 87
259 192 209
135 265 719
290 238 377
180 269 219
271 138 898
241 34 341
96 192 733
177 212 820
103 288 603
42 230 570
35 253 505
235 108 284
52 102 330
252 279 86
174 91 257
231 110 381
222 174 991
180 85 374
136 214 952
287 190 863
182 235 240
162 61 768
234 65 24
177 173 458
72 46 116
150 6 147
161 60 948
192 163 85
141 128 198
216 94 414
136 259 636
210 190 256
52 14 311
217 256 4
86 288 333
182 9 808
68 147 287
97 27 301
284 73 548
46 79 542
147 241 63
199 266 904
143 77 694
222 11 422
153 235 984
263 231 28
20 28 357
156 254 793
161 136 733
30 86 901
201 170 598
201 216 719
111 23 743
85 147 944
122 33 452
92 203 945
129 291 934
266 13 36
267 240 724
243 211 609
98 146 471
123 187 373
33 22 286
4 241 568
112 137 324
0 262 697
147 172 463
123 90 542
291 212 218
255 212 876
242 17 209
284 214 272
103 243 309
10 55 68
296 109 691
10 19 823
282 38 364
209 150 850
147 293 949
81 211 443
234 69 270
250 251 654
90 93 83
83 230 926
62 274 634
291 288 818
75 146 369
256 62 943
82 154 737
150 130 45
211 117 478
110 21 872
84 259 181
127 62 69
46 145 445
125 226 379
193 78 558
25 248 277
172 173 46
146 209 812
296 2 561
235 135 619
187 145 508
15 118 155
72 44 732
46 177 684
235 99 328
2 273 792
293 272 736
80 96 520
281 26 889
219 279 596
193 24 657
124 64 960
12 126 833
69 167 988
210 95 831
215 62 346
248 172 533
134 76 785
264 29 869
69 95 255
74 88 249
105 155 199
230 166 628
39 93 47
228 220 798
267 266 784
170 76 243
266 187 544
176 241 766
126 184 344
213 103 382
290 75 610
145 69 897
98 14 887
98 169 68
230 215 151
259 108 599
273 13 89
168 42 244
45 222 143
261 248 734
242 266 484
96 116 574
150 32 648
227 83 7
224 296 411
10 70 860
121 94 18
255 168 659
263 97 524
74 157 382
110 179 482
18 163 586
50 299 789
200 44 15
143 254 825
191 166 258
104 258 413
218 211 983
250 5 838
232 170 538
22 294 323
252 267 141
222 260 448
198 226 739
57 194 922
115 12 126
296 137 333
46 51 343
277 179 923
295 159 326
119 296 706
7 204 132
256 82 959
264 37 481
180 3 593
151 98 629
267 112 275
44 176 875
168 239 728
273 173 304
200 14 281
190 216 303
79 271 348
37 68 924
50 75 155
171 233 709
264 300 329
84 126 357
180 219 60
110 66 749
62 221 972
165 253 619
19 221 874
77 19 703
123 276 702
34 81 863
176 171 856
229 236 649
35 106 150
215 20 699
218 1 591
84 273 135
51 79 492
239 168 876
63 257 218
55 131 720
248 64 804
247 36 475
95 151 659
28 250 592
12 198 352
169 235 864
3 70 319
64 266 527
103 3 787
135 137 1000
81 88 899
81 78 620
26 39 701
66 193 177
128 194 721
63 48 62
141 69 842
242 219 190
71 105 516
80 31 630
286 79 378
136 272 287
85 114 320
197 293 199
84 192 455
243 274 550
73 247 943
150 267 981
164 88 320
239 252 128
28 254 340
267 12 623
236 179 876
285 175 672
76 97 129
151 97 495
123 287 953
198 151 506
130 107 586
180 287 631
52 30 108
31 228 597
58 103 188
211 99 125
64 103 770
119 297 215
87 256 358
31 299 245
19 235 169
200 299 444
188 81 606
202 159 736
82 287 75
35 172 723
20 246 887
202 255 440
57 65 605
103 33 441
149 49 729
300 99 830
147 181 483
15 182 168
92 71 96
37 274 245
59 66 363
216 185 609
15 154 672
292 75 279
218 278 251
51 70 972
249 102 427
32 28 276
145 134 295
181 179 373
171 283 727
110 126 560
60 220 83
157 146 236
290 139 109
220 46 441
7 8 72
22 209 224
189 85 125
81 168 987
264 83 289
105 256 639
85 258 474
89 184 832
192 204 5
111 76 976
138 119 405
1 45 796
265 246 868
114 207 3
42 176 153
271 32 479
5 156 212
108 180 202
283 1 261
208 135 361
178 268 352
151 244 276
293 158 701
87 199 20
38 145 591
102 223 760
67 146 120
30 46 894
127 59 595
210 268 516
298 3 21
64 298 596
34 41 294
180 108 704
277 278 187
103 112 551
51 96 619
278 53 65
185 200 13
78 208 929
289 77 532
78 123 99
118 293 326
103 98 133
117 257 365
232 219 644
226 292 973
83 93 574
134 89 315
30 203 240
70 205 544
65 97 636
73 222 838
75 107 910
40 297 66
216 240 561
198 84 614
213 100 317
100 120 602
293 263 481
13 76 997
203 129 639
269 19 298
271 67 260
149 171 657
249 108 535
214 285 813
40 239 931
3 274 361
78 280 170
266 94 890
177 104 225
152 282 77
21 104 195
274 245 291
110 143 815
228 207 467
290 211 507
133 30 970
111 43 782
156 98 190
202 8 139
228 197 597
80 17 319
213 51 54
278 150 759
51 98 187
285 81 251
95 141 672
2 99 555
204 40 398
192 30 160
83 11 869
82 55 892
80 113 855
213 216 556
77 113 216
188 82 74
226 251 218
19 271 805
87 228 971
88 212 126
60 44 204
146 66 955
199 163 722
87 120 159
215 295 589
0 221 767
33 285 762
105 227 713
203 140 546
139 98 896
61 124 662
219 25 948
296 216 564
15 84 262
252 127 782
268 192 70
137 77 354
149 201 44
259 257 859
69 96 750
43 162 770
133 264 188
70 156 63
244 1 654
237 214 925
106 32 357
224 181 570
268 206 440
269 170 619
6 36 512
186 4 205
296 134 979
144 96 687
281 29 730
231 241 902
270 286 712
275 205 298
196 5 754
213 101 823
40 158 81
51 171 242
77 98 536
74 147 900
41 195 795
50 190 780
295 153 320
100 98 723
221 213 988
181 150 349
209 233 830
300 48 214
127 159 735
100 78 386
45 33 686
159 41 905
88 59 841
60 249 43
236 143 681
124 42 345
57 281 786
50 116 804
197 212 963
89 217 373
175 0 357
260 106 214
47 257 718
280 262 535
288 161 859
205 0 661
188 260 198
18 173 108
62 6 816
14 105 579
110 82 395
167 31 682
71 276 317
6 44 740
246 7 959
121 59 633
75 67 237
218 230 708
144 6 229
214 11 540
29 60 679
131 27 31
135 131 530
156 98 485
175 76 85
108 224 1000
30 230 216
206 51 308
64 208 234
45 274 540
169 199 259
264 115 635
54 33 415
149 219 780
170 203 281
287 18 608
271 120 664
163 178 278
219 221 156
258 90 198
290 268 735
32 124 518
97 26 69
252 78 176
39 57 686
155 95 261
27 0 629
272 121 97
250 105 852
34 175 243
249 281 622
265 182 93
174 193 986
222 226 570
125 234 633
113 215 24
157 69 127
14 285 960
251 46 794
149 143 600
217 21 536
122 227 917
5 37 645
7 20 217
263 12 340
299 286 943
89 298 864
89 114 781
121 17 682
218 76 267
71 131 878
268 219 655
262 295 286
102 104 481
221 173 642
97 0 595
128 284 283
117 208 297
189 171 280
189 55 864
76 141 724
154 178 777
200 58 687
40 247 219
160 170 399
121 58 528
257 28 466
199 188 597
71 150 311
275 75 214
231 110 804
159 151 200
178 262 876
15 176 757
204 275 559
92 84 436
151 98 865
209 151 420
59 77 788
53 124 102
31 253 535
216 212 894
206 2 992
159 51 256
142 10 564
272 156 222
91 226 909
215 269 329
100 98 361
23 241 193
76 44 814
202 192 116
152 260 694
202 55 369
162 42 336
208 94 283
245 68 72
273 218 320
111 207 716
20 94 751
284 212 544
32 23 434
39 258 924
263 260 214
186 230 104
149 141 856
241 57 209
11 96 991
1 281 2
111 175 291
60 88 290
202 259 240
218 168 27
287 243 73
134 154 867
38 137 165
178 148 201
178 163 46
295 10 127
139 148 886
267 299 673
242 120 330
81 83 506
290 129 18
77 120 388
6 187 98
267 122 188
31 50 554
74 26 377
285 278 104
194 94 224
116 189 393
64 137 400
75 215 999
13 136 285
198 254 756
277 130 661
42 160 81
80 68 855
106 258 288
257 288 705
58 278 469
161 15 473
67 1 847
159 204 911
55 17 313
290 94 181
98 36 805
114 29 340
140 210 868
60 293 205
163 109 366
206 290 912
53 137 158
272 21 64
31 71 139
142 71 472
127 274 609
135 236 114
118 57 959
189 170 306
61 89 463
94 73 923
256 87 888
61 287 658
90 141 646
269 287 500
181 1 589
147 4 315
8 103 322
265 144 189
127 92 499
228 75 205
206 207 823
267 205 207
32 289 237
97 268 913
93 95 788
158 215 327
207 183 66
65 113 685
274 233 799
153 161 921
298 215 327
9 169 482
176 177 734
162 274 174
218 297 297
171 248 200
80 252 876
250 82 244
291 122 315
111 208 419
185 76 536
34 131 296
29 155 356
63 178 260
144 32 129
245 266 426
235 43 404
17 213 518
157 168 637
256 62 181
126 143 75
214 240 582
29 244 461
170 237 985
273 86 344
88 298 719
16 151 152
10 9 246
151 19 189
212 243 356
258 40 346
281 278 783
7 20 18
51 200 610
109 157 220
203 227 791
195 107 568
25 207 927
190 112 747
152 184 86
121 284 45
288 117 130
57 292 832
290 91 923
237 31 413
75 101 696
242 4 555
78 175 423
9 57 869
133 292 555
110 250 602
119 247 588
153 208 90
95 205 213
268 287 844
87 165 899
267 136 72
220 186 286
283 274 258
81 65 729
277 241 472
211 51 83
72 291 394
26 105 500
272 283 314
192 125 873
8 87 756
120 39 931
264 285 858
103 147 556
200 160 454
256 275 765
70 44 345
84 72 289
284 39 110
86 91 275
228 38 821
280 142 832
52 182 903
122 169 594
299 231 125
161 89 912
268 219 399
204 163 624
49 246 760
23 153 189
102 3 315
217 147 570
93 157 536
224 294 629
92 291 507
294 102 50
21 220 393
36 78 724
284 214 594
125 41 198
49 231 653
126 40 450
112 162 910
245 66 997
38 195 212
284 146 681
97 289 716
76 10 741
21 159 766
122 231 735
22 255 377
5 285 403
271 140 958
147 215 556
275 14 925
143 269 74
121 143 278
63 30 91
67 54 382
296 189 655
267 223 183
92 212 897
209 28 830
284 67 673
186 73 506
252 78 186
290 87 881
168 163 212
171 222 666
119 9 798
60 212 870
82 67 207
115 5 632
97 257 840
110 275 716
255 295 914
202 33 173
279 25 377
161 49 954
163 50 91
260 73 57
158 13 579
158 241 558
75 232 251
61 195 563
148 179 928
207 81 133
8 217 836
107 235 806
70 245 564
63 7 634
295 212 207
199 294 772
58 204 577
54 109 423
171 242 419
220 8 179
33 219 520
87 122 402
229 208 165
266 109 431
206 55 914
298 227 257
234 272 38
159 107 755
193 180 44
132 37 64
152 147 630
230 154 594
74 77 200
292 194 63
252 40 642
168 278 675
178 203 960
88 125 813
32 146 457
18 85 609
231 165 985
124 157 761
196 153 510
269 50 924
263 287 63
21 152 579
88 164 657
136 291 199
87 31 610
21 187 977
13 199 866
25 290 950
161 262 814
123 66 198
81 222 142
171 262 118
68 123 89
32 181 495
32 175 698
78 143 544
24 29 134
108 265 325
135 290 939
182 130 315
108 206 131
104 22 368
4 28 979
160 2 258
46 155 190
106 116 377
173 5 739
277 173 388
12 134 477
293 60 739
67 293 983
49 29 713
138 241 432
148 18 258
91 122 170
201 193 681
206 210 440
1 157 481
149 198 518
225 99 539
250 13 198
120 229 317
30 155 61
68 233 906
176 105 811
113 230 986
251 263 268
201 35 887
211 41 701
237 157 959
138 163 319
168 298 812
12 240 20
279 137 488
118 259 381
226 90 537
72 15 770
281 118 792
49 145 193
115 121 746
225 108 659
259 259 920
69 129 342
164 126 33
275 96 912
176 156 373
67 187 748
118 63 925
267 151 16
276 270 171
217 67 428
124 285 604
77 181 274
44 298 357
178 37 277
196 288 372
76 94 637
258 48 533
29 167 715
28 170 209
188 53 13
19 280 254
193 175 295
210 26 340
106 124 430
13 90 355
293 133 211
130 140 547
30 127 994
97 291 722
60 140 146
62 85 395
44 111 231
149 73 79
192 24 321
222 212 701
23 246 391
178 188 917
233 218 10
79 147 417
76 56 814
156 290 557
91 208 321
204 89 92
109 4 837
246 147 954
165 40 602
37 147 725
133 96 235
254 0 22
149 139 475
187 156 756
169 128 98
15 162 94
192 217 137
243 105 424
285 280 543
157 166 609
135 268 671
227 18 120
225 197 831
214 38 911
251 9 33
130 5 815
2 104 59
215 101 530
151 72 866
46 40 169
64 220 937
50 170 324
56 297 76
277 177 174
126 280 367
211 169 815
37 128 217
60 90 843
198 258 293
209 155 236
159 300 444
101 160 439
194 147 439
19 135 44
57 99 289
224 133 469
94 41 72
127 145 441
197 125 246
45 202 327
240 240 344
233 145 298
117 212 806
295 48 971
277 36 27
129 1 34
162 124 613
120 224 418
130 244 550
91 259 480
87 286 166
206 23 518
172 113 255
38 278 293
214 47 0
149 201 68
277 281 206
123 126 125
137 71 232
183 274 415
140 33 407
237 133 286
6 61 377
64 131 456
227 42 69
78 117 987
89 222 752
233 194 52
84 199 124
181 139 921
141 5 550
89 41 638
289 150 35
165 147 763
285 92 335
263 54 817
196 161 144
153 127 873
134 280 452
35 88 901
37 196 779
68 293 236
41 226 689
161 37 90
102 248 22
230 115 667
61 54 385
96 18 587
58 282 165
194 45 98
18 289 518
173 211 553
246 100 147
192 66 215
195 87 509
49 54 721
238 30 281
69 9 762
55 5 510
54 170 73
32 21 260
74 85 942
190 256 232
95 16 316
246 201 939
205 14 685
236 85 607
82 118 322
216 283 675
246 274 560
242 261 42
40 85 108
97 114 43
74 83 498
257 233 358
244 56 772
192 22 167
110 202 755
234 205 174
27 176 518
162 129 669
55 247 937
24 120 230
83 263 685
121 187 952
157 275 513
50 51 114
92 32 635
227 17 156
239 3 633
177 274 276
185 17 279
63 280 565
143 283 842
117 258 738
234 70 4
153 256 910
193 18 464
44 290 42
217 147 68
62 5 680
213 215 602
108 87 735
35 154 449
264 121 76
207 78 242
45 84 416
50 193 311
139 104 561
1 144 496
208 263 436
177 66 378
5 13 443
41 194 386
131 80 364
168 152 693
21 204 771
212 88 68
219 136 948
36 12 206
141 300 754
236 205 963
116 20 869
181 262 560
280 229 17
262 129 899
175 16 247
230 6 124
80 35 598
20 96 505
218 96 827
91 9 428
96 18 641
138 269 916
190 120 643
188 270 299
129 5 805
87 182 57
247 120 234
92 118 159
166 253 117
294 291 308
90 21 259
261 72 193
168 130 872
83 12 624
283 238 78
294 280 345
31 285 20
255 245 746
80 36 759
103 96 850
53 54 703
103 111 316
42 34 75
161 163 735
104 7 196
149 254 417
72 161 435
56 184 362
14 290 897
12 284 88
299 236 874
266 145 732
249 277 769
161 158 851
234 146 181
105 196 834
197 27 107
0 201 221
78 45 540
256 248 812
248 285 580
137 131 749
152 218 81
86 115 116
88 118 198
134 156 209
292 285 663
118 267 910
83 289 565
72 262 449
10 160 49
94 231 596
169 196 673
99 112 1
115 182 529
12 80 855
106 263 911
144 156 566
56 38 602
10 233 233
192 203 315
133 123 248
9 247 552
140 158 924
199 294 441
300 235 895
165 233 200
280 50 322
269 219 805
234 43 724
42 295 997
203 222 475
287 243 118
34 216 726
48 87 155
243 268 235
134 105 565
144 225 741
201 271 718
249 157 258
194 150 247
51 112 244
274 169 215
95 149 798
149 224 372
75 14 2
278 278 629
289 161 603
38 286 921
16 146 362
244 167 143
46 214 532
185 90 369
224 152 631
100 273 64
20 119 41
56 157 816
117 35 655
101 22 258
90 197 36
249 202 568
38 289 841
24 280 269
261 229 29
231 85 513
222 96 568
133 81 570
283 180 975
10 249 874
72 220 293
67 85 564
225 51 544
172 28 916
111 36 816
57 229 754
143 240 186
215 213 865
202 255 739
3 103 45
108 1 351
166 74 230
123 277 931
78 170 761
5 185 243
214 17 147
52 114 236
148 58 733
54 183 968
68 162 366
218 249 421
145 116 126
203 57 607
221 156 994
111 51 928
17 104 794
137 239 860
230 138 70
221 238 906
40 145 381
45 147 577
140 27 148
254 56 381
215 28 426
132 25 311
32 244 715
223 263 227
249 223 396
78 215 690
203 12 875
15 68 886
230 119 415
161 180 161
140 196 752
105 247 528
153 138 673
37 237 956
273 193 984
26 128 420
266 251 249
184 41 730
82 272 452
138 202 593
118 257 683
101 121 264
79 197 227
25 290 325
169 131 630
242 36 459
56 7 241
265 161 163
110 179 494
115 25 779
204 22 16
174 111 742
86 273 253
102 246 129
220 195 931
132 200 278
226 232 342
118 15 790
179 196 194
39 175 163
270 41 429
205 94 125
153 44 861
114 171 44
262 148 159
173 251 317
80 53 510
44 167 656
116 58 460
223 162 571
218 112 603
35 265 115
22 203 693
151 296 569
161 78 907
265 243 44
121 270 497
20 94 527
62 70 274
96 54 229
5 299 360
147 250 862
246 298 905
158 199 605
171 20 260
250 228 73
60 143 791
52 157 574
291 175 231
202 278 259
186 161 186
70 16 284
37 267 623
117 5 780
6 190 498
110 180 37
21 44 232
283 172 754
137 87 340
96 292 835
116 139 888
255 25 831
19 279 302
250 6 654
137 294 365
241 165 555
177 5 931
151 85 369
223 98 243
4 91 303
188 106 501
225 229 446
86 78 580
176 175 136
26 116 203
159 179 828
239 245 855
49 219 802
178 169 399
110 121 152
169 76 250
92 102 452
135 229 302
10 274 136
34 135 724
130 41 129
192 2 764
245 289 22
186 253 962
81 298 191
122 228 289
234 4 442
46 108 250
247 68 83
136 90 18
249 35 997
292 133 134
166 12 641
14 241 856
44 118 686
262 179 142
145 3 370
271 150 718
115 162 763
287 122 49
298 279 582
14 125 365
103 123 20
289 258 488
75 32 280
216 27 382
295 293 971
68 203 120
100 73 562
205 41 673
215 30 30
236 101 283
43 50 749
298 147 364
99 137 659
90 64 967
24 270 541
47 78 523
83 57 646
234 152 595
121 117 308
65 80 931
234 88 783
106 234 373
271 175 431
268 56 794
284 184 244
270 88 507
154 198 693
35 223 30
176 129 535
62 261 888
255 13 276
81 139 468
182 51 826
4 285 777
292 28 73
42 35 398
113 2 736
253 287 660
257 32 274
173 79 992
53 48 131
182 29 300
108 22 809
30 140 979
93 257 728
267 268 17
43 73 210
201 264 657
74 54 13
253 230 229
183 111 872
161 123 750
174 232 535
265 166 111
137 143 846
29 187 909
98 267 659
144 258 103
284 74 775
48 96 214
64 231 478
120 169 198
222 48 717
157 169 312
53 88 800
37 117 214
145 98 366
27 188 174
2 43 283
274 14 155
175 77 249
38 155 473
172 164 83
289 190 561
161 239 473
241 186 297
261 80 926
221 90 415
16 55 968
175 244 755
293 69 139
235 175 100
268 179 725
254 145 806
124 100 517
131 241 287
36 85 528
63 71 217
58 254 712
272 28 982
286 179 705
180 284 546
139 45 357
108 235 479
222 34 351
111 30 455
165 155 127
80 295 923
216 121 13
158 253 210
282 150 394
133 182 812
135 277 960
32 147 232
27 220 662
50 290 999
6 147 344
50 78 350
50 57 610
256 160 667
256 278 21
104 286 981
141 66 344
29 5 945
173 263 211
180 54 781
34 111 989
83 287 355
29 253 237
263 179 927
228 104 183
250 300 268
42 58 506
71 160 396
166 66 509
228 173 475
266 252 849
236 207 940
101 175 233
75 112 80
139 155 721
114 57 785
150 48 621
283 185 69
191 233 325
104 73 964
136 182 355
14 155 788
160 10 472
38 262 986
195 202 129
152 108 442
77 206 763
55 49 98
209 120 267
143 112 753
93 36 429
165 174 877
250 48 996
159 110 449
162 34 20
32 252 606
44 101 113
62 101 663
293 292 527
59 141 308
133 36 843
37 48 267
173 211 5
203 19 831
230 88 355
242 147 356
201 277 722
155 107 447
229 136 605
192 0 964
274 54 146
97 225 54
117 96 275
95 206 276
112 173 86
134 48 49
233 142 658
97 162 635
195 3 791
147 279 18
87 110 504
61 98 695
135 276 2
74 85 212
29 182 638
245 278 349
15 99 363
23 87 371
205 91 493
232 80 220
167 207 274
106 298 801
130 297 959
243 8 325
115 85 744
174 174 949
251 81 544
12 129 638
277 287 80
53 42 173
184 108 972
273 247 176
92 169 600
216 97 798
56 252 360
294 212 96
253 89 271
156 295 920
212 70 158
3 40 593
110 141 533
224 11 492
86 150 758
71 233 166
260 14 726
31 111 555
2 56 791
271 188 649
54 128 331
282 171 371
60 65 765
135 240 110
246 196 512
223 29 118
184 57 575
258 281 785
173 234 23
194 163 871
86 158 317
47 70 857
246 70 78
219 287 532
152 174 56
72 141 529
292 228 138
288 143 899
199 79 335
230 232 493
109 184 311
187 216 529
240 163 736
135 222 466
214 296 685
85 93 87
185 249 975
20 144 221
220 280 161
258 219 252
281 135 825
293 77 829
268 39 969
197 107 577
152 208 693
57 110 627
298 0 579
185 193 720
120 101 732
111 73 342
62 59 136
169 219 824
202 15 559
200 299 832
299 54 298
176 115 887
258 298 237
129 26 298
83 232 414
174 266 816
221 21 664
68 192 473
61 182 688
289 124 674
207 199 751
224 89 91
252 121 380
274 284 217
8 222 210
226 282 92
192 150 172
68 221 101
221 63 744
231 137 813
84 243 886
272 155 950
101 125 656
22 135 386
247 114 126
90 222 524
291 161 973
190 225 842
93 297 541
175 265 82
282 289 823
183 136 490
193 191 149
271 96 173
114 196 756
89 95 111
182 257 364
68 264 846
207 116 567
249 98 678
51 283 748
278 63 418
13 16 966
8 165 370
193 6 668
150 22 849
101 255 924
164 267 205
70 10 313
110 96 594
234 296 110
145 151 772
224 173 393
138 25 755
206 220 113
234 59 419
168 192 959
216 165 311
47 113 496
178 122 674
213 98 999
219 192 648
145 1 958
265 118 704
84 293 485
151 125 902
281 61 673
6 253 545
265 285 165
224 30 513
249 62 524
28 2 343
138 78 91
274 61 554
83 23 299
279 83 356
4 138 276
50 61 174
139 150 577
110 42 979
242 204 215
181 105 788
101 287 148
106 31 39
1 132 511
146 212 625
215 76 356
170 18 329
80 201 939
1 80 30
252 234 917
250 113 400
115 186 285
270 285 979
187 145 721
166 11 729
199 69 373
91 226 141
193 293 747
258 163 298
104 163 646
40 18 909
160 209 413
267 45 390
263 177 113
225 66 258
289 26 237
100 131 919
155 255 213
273 53 928
240 233 560
54 20 825
250 7 361
247 217 881
78 206 15
50 13 519
97 270 818
209 32 42
214 203 886
178 146 131
205 208 78
127 85 20
183 97 232
120 260 424
199 25 278
35 95 686
273 191 567
19 208 1
158 263 92
179 136 99
33 115 25
18 56 780
146 21 553
166 21 693
199 241 724
244 103 593
134 165 317
140 19 393
92 75 843
17 186 643
27 80 160
169 292 35
257 88 434
164 164 755
10 117 443
293 64 527
252 206 214
118 53 6
47 158 443
110 236 735
41 264 213
265 33 864
220 181 167
73 263 772
60 148 378
128 90 880
62 161 857
244 84 188
104 250 472
140 27 531
61 39 949
41 264 230
259 62 544
240 26 730
115 261 672
88 266 281
155 227 758
226 239 404
208 291 727
172 237 524
99 13 933
49 3 354
294 132 889
167 251 997
112 272 969
248 253 12
297 130 74
189 162 564
254 60 957
257 176 849
4 171 967
116 5 800
112 144 467
46 5 129
135 231 301
146 77 356
189 178 428
236 293 559
82 179 381
120 257 826
265 251 444
288 165 495
174 209 846
148 8 201
276 74 8
20 101 845
269 75 775
146 42 595
169 184 545
291 196 527
145 70 187
243 24 690
62 16 256
65 8 65
121 292 497
40 156 363
180 4 197
114 288 887
43 217 105
59 123 571
275 241 40
288 153 706
108 96 675
105 247 644
201 286 370
266 288 965
239 83 906
29 269 352
126 171 788
251 282 414
89 80 345
287 145 310
146 280 460
50 51 786
134 183 751
223 288 749
129 85 514
6 256 201
221 145 370
194 159 136
94 26 995
290 156 340
257 199 610
250 121 369
184 18 421
19 146 650
73 281 177
16 195 690
232 296 330
259 163 471
104 143 237
77 134 858
42 132 427
76 66 46
198 213 573
96 79 508
285 175 489
222 93 627
224 281 33
10 87 100
148 18 652
127 255 516
208 243 95
291 247 243
187 40 66
172 15 787
28 81 727
56 5 38
223 201 564
210 171 94
148 291 287
216 81 496
224 71 511
223 87 429
20 83 229
182 14 110
206 241 571
237 55 359
238 199 178
257 298 26
174 203 595
92 205 111
134 178 216
86 206 692
64 21 790
273 265 703
0 15 18
247 187 205
237 167 548
243 274 622
191 251 473
9 111 647
41 7 277
25 226 165
124 88 702
140 97 648
120 272 593
60 40 687
293 274 139
125 82 585
23 178 435
217 147 291
146 214 26
114 279 746
110 153 454
219 280 306
280 159 125
7 209 461
14 54 47
263 23 159
258 293 684
54 160 973
213 286 738
153 144 254
206 291 111
287 265 274
13 107 530
112 85 100
188 72 117
130 62 622
233 257 187
288 224 861
278 203 714
89 236 943
196 98 523
58 86 164
146 61 825
141 299 356
99 35 511
73 202 419
156 275 412
12 288 579
260 97 807
61 199 409
50 64 802
209 175 995
96 115 467
194 148 562
120 222 615
37 112 465
230 248 310
79 259 493
228 195 438
121 13 604
225 259 357
116 143 405
172 143 547
110 127 210
230 221 85
241 236 333
145 220 60
215 112 503
130 132 652
244 158 96
0 166 289
3 269 108
180 66 967
115 144 210
52 151 136
51 226 472
236 294 521
81 186 814
180 37 600
171 263 269
186 95 781
208 289 353
153 285 86
61 92 408
176 19 763
186 191 367
149 108 764
221 240 443
247 17 372
3 239 23
267 119 580
179 15 746
189 61 566
219 93 272
69 18 839
290 192 540
203 100 589
168 113 371
205 109 279
83 155 103
248 212 95
185 160 321
256 107 696
163 224 43
132 103 629
58 147 505
12 196 658
97 180 612
167 129 292
56 127 898
183 144 231
116 182 349
94 92 695
116 202 730
39 61 277
223 169 750
35 36 95
298 251 873
167 197 935
38 233 33
8 164 190
40 44 449
299 289 898
109 197 356
178 101 522
28 273 558
259 268 12
175 51 197
105 23 566
104 87 223
233 205 405
212 227 187
97 283 768
86 300 632
148 121 592
103 47 621
55 23 746
6 160 364
110 112 470
193 82 924
33 70 328
110 21 611
81 184 121
298 200 756
18 70 942
219 251 984
44 134 49
226 48 571
161 283 494
159 68 239
128 67 917
207 256 214
185 187 876
282 196 344
38 117 93
89 86 731
35 296 668
91 6 225
49 76 6
122 144 399
129 85 839
105 259 680
0 189 724
152 192 844
101 85 683
205 29 463
164 186 295
280 274 590
7 282 480
180 257 458
173 6 820
172 107 857
20 121 319
43 257 523
33 277 706
230 8 221
165 52 349
231 262 505
83 125 888
228 4 147
267 178 255
222 70 937
49 193 575
125 41 632
16 206 493
102 104 21
113 134 736
89 152 421
84 61 247
124 161 464
176 114 473
44 213 211
99 208 542
141 37 434
76 50 0
14 160 581
167 235 944
62 17 808
133 155 987
153 273 604
70 244 364
291 280 171
170 185 737
193 34 16
64 153 294
57 203 78
137 166 263
221 30 425
244 131 781
186 1 279
262 141 278
28 239 478
148 102 525
72 141 115
157 292 509
57 244 116
117 72 339
13 44 386
190 31 149
76 12 509
11 35 904
164 219 793
193 186 687
40 248 894
283 76 812
234 27 835
85 31 858
62 214 328
49 147 724
24 34 255
134 208 455
75 97 238
60 263 585
3 213 837
75 106 829
175 126 559
120 151 73
234 106 786
193 25 720
110 238 476
283 126 900
161 87 62
46 23 640
271 75 280
272 6 916
31 289 176
50 90 257
4 211 633
216 184 664
22 184 527
220 161 520
94 279 423
108 287 973
294 45 683
5 137 473
60 117 550
290 166 532
150 279 487
145 162 543
65 94 836
31 170 819
206 289 653
265 117 634
247 141 731
184 227 749
212 234 149
123 109 529
259 191 108
189 180 778
92 57 146
147 217 25
106 263 383
254 194 548
230 66 106
159 188 432
196 65 909
158 61 895
202 14 665
300 151 821
127 300 791
41 165 338
217 146 930
88 170 902
209 280 215
282 178 60
271 284 956
32 99 651
250 20 847
40 199 33
83 112 864
47 185 169
124 205 889
121 141 608
103 208 450
269 38 439
209 41 509
128 235 796
153 13 794
106 203 33
13 198 772
169 142 213
167 222 27
264 70 96
243 64 791
100 199 534
41 240 907
40 21 569
54 94 621
194 297 806
96 249 778
205 27 426
160 246 130
120 267 339
32 127 181
143 202 78
53 138 582
81 112 658
179 50 739
123 68 303
31 120 388
239 5 44
71 275 277
103 30 279
160 130 422
274 40 497
96 118 927
59 275 452
5 168 931
279 81 675
283 269 416
97 272 525
150 272 73
145 116 810
290 287 839
250 224 708
37 297 482
300 80 147
184 64 891
262 160 302
107 268 78
172 173 709
101 61 389
157 289 978
172 107 789
9 238 496
55 198 702
223 10 731
204 196 653
172 122 297
125 102 448
18 166 191
210 88 494
271 3 689
34 23 28
175 109 510
39 275 464
272 225 278
267 76 620
73 180 783
169 187 97
157 119 590
257 188 632
259 71 457
81 112 283
114 198 619
30 121 846
261 32 142
22 135 884
31 100 391
232 236 642
138 14 852
101 90 734
91 143 165
15 74 536
176 87 958
46 43 392
157 285 492
90 264 533
145 90 989
284 165 377
108 50 996
136 162 820
81 17 571
261 158 64
86 224 216
241 50 704
75 90 886
142 272 248
95 298 117
152 253 599
8 244 280
19 67 469
118 166 502
170 131 454
21 166 514
113 273 863
8 278 111
292 129 727
58 170 896
220 219 266
92 134 170
45 191 965
164 91 445
52 175 286
23 285 380
205 21 330
1 69 326
207 52 234
263 68 930
76 149 125
248 151 96
299 289 845
182 180 232
147 169 269
163 62 417
21 19 302
134 296 866
290 124 167
33 296 787
118 232 152
30 38 119
44 82 536
186 121 42
223 145 355
269 67 600
292 178 844
146 169 286
26 174 163
96 158 187
194 279 868
110 13 450
68 267 888
95 15 72
177 76 361
66 56 911
264 25 260
72 267 160
180 79 678
68 280 46
40 94 367
255 92 452
176 21 917
277 125 835
247 51 288
267 133 86
143 12 612
186 60 979
258 191 464
65 63 117
272 67 73
122 16 64
121 222 632
222 17 790
175 226 218
25 155 901
2 80 723
125 230 361
28 117 229
5 54 259
47 292 891
90 248 758
65 172 811
75 39 388
181 226 872
198 22 129
167 70 931
121 254 794
159 270 601
90 31 27
173 247 581
86 74 572
138 95 980
99 45 116
216 146 43
28 178 758
60 58 353
170 23 627
261 101 498
286 232 493
260 159 79
276 190 60
208 188 265
270 260 90
36 242 212
128 233 876
62 57 826
251 55 273
78 91 663
268 272 880
56 204 798
247 46 181
213 282 949
277 177 992
162 199 494
179 191 361
193 70 615
246 251 110
78 114 357
285 147 507
225 31 679
20 289 204
126 72 454
147 205 664
5 70 513
92 23 641
188 207 39
101 116 775
94 78 101
274 161 462
22 206 215
131 229 497
10 108 935
13 45 738
65 97 245
165 216 29
294 168 697
164 122 720
255 185 304
138 106 465
113 242 79
284 155 624
168 173 24
191 288 816
86 284 375
284 26 956
84 226 914
50 254 565
249 109 532
32 37 724
76 163 514
283 149 944
15 3 760
247 257 402
269 74 660
56 75 841
161 203 315
137 273 305
233 22 188
151 206 181
76 63 195
146 234 572
163 144 298
272 295 428
67 113 18
79 62 321
43 175 610
279 6 542
183 57 321
81 169 784
222 143 140
58 37 651
132 196 862
226 260 869
126 181 391
289 7 623
11 145 615
109 136 909
121 188 722
60 232 30
47 242 655
145 191 289
130 71 919
244 26 161
256 223 561
278 50 296
269 14 208
42 98 705
52 150 959
111 27 605
177 88 984
74 152 920
88 126 601
63 171 117
30 65 764
15 184 586
294 271 875
157 104 459
288 133 474
146 33 690
232 21 684
68 115 45
106 281 923
226 260 176
93 96 438
10 37 934
231 230 969
126 33 437
68 288 585
125 70 60
248 12 629
88 160 12
136 76 371
193 231 521
42 122 534
8 271 236
97 170 280
80 192 340
258 139 226
80 17 635
157 259 582
71 236 7
146 196 360
205 232 666
215 292 318
152 38 449
202 92 729
23 83 190
78 294 75
177 63 317
78 221 338
154 2 376
215 88 639
148 125 960
245 67 651
180 37 490
269 1 293
167 153 374
11 139 172
142 191 759
28 97 188
62 47 97
142 8 858
55 251 470
254 234 126
169 130 670
58 19 480
227 42 770
42 58 458
200 117 545
147 249 678
225 169 71
169 27 425
139 94 715
244 86 130
138 295 176
232 137 101
255 298 611
131 150 825
32 104 877
296 17 694
125 274 248
159 13 104
178 223 150
36 171 296
144 187 860
34 261 19
156 116 864
40 28 148
136 69 119
144 266 806
236 270 954
235 130 968
261 248 123
87 11 986
273 49 979
277 190 928
64 224 595
11 172 547
106 73 101
153 47 779
183 160 951
90 185 773
277 155 880
155 233 364
128 103 167
243 245 315
240 220 684
182 121 79
29 156 497
248 276 228
144 72 482
128 113 515
171 217 737
281 238 168
108 34 765
287 138 771
72 210 197
282 15 500
227 12 209
4 228 70
217 192 246
199 1 896
237 60 624
87 148 120
274 284 561
78 106 717
54 220 188
235 223 614
247 171 483
108 18 857
38 123 742
146 267 398
96 226 78
199 27 725
149 10 850
156 143 626
75 254 799
206 66 722
157 5 729
52 209 342
169 112 817
12 218 984
267 289 110
250 170 780
113 96 651
235 18 773
135 248 588
153 249 338
130 131 701
34 69 695
37 42 269
207 185 664
185 288 26
253 131 970
278 286 414
104 118 256
26 4 924
69 241 83
81 114 399
191 37 733
67 62 215
292 270 507
38 293 698
134 76 967
203 296 613
195 237 951
186 82 366
250 44 508
151 116 497
158 286 168
185 122 212
91 274 831
98 116 638
244 237 391
131 250 724
16 11 571
1 189 547
297 59 797
64 213 282
290 92 955
165 19 929
289 121 810
70 180 895
105 110 435
285 186 344
221 223 821
207 140 177
292 295 644
166 230 994
16 118 197
203 150 130
193 215 737
295 184 369
25 99 738
174 48 90
230 285 667
3 262 614
17 45 460
62 204 901
288 290 388
35 207 193
30 111 692
2 9 70
278 182 169
47 231 441
22 162 153
83 300 254
144 41 556
51 289 464
274 259 743
98 166 433
197 300 42
81 235 17
128 266 628
108 120 623
202 101 618
231 50 669
122 96 403
204 226 342
9 129 477
25 221 867
0 40 128
232 125 66
89 197 636
215 284 878
225 281 656
66 15 497
279 283 172
90 105 326
18 186 69
262 278 891
3 161 850
71 184 661
207 53 366
105 160 426
140 44 637
64 192 976
287 226 788
32 257 302
299 166 403
114 65 286
216 0 230
288 145 459
10 23 249
253 139 92
139 88 563
106 189 75
123 199 794
259 255 545
54 222 163
72 3 58
179 7 627
56 275 683
175 202 393
90 297 613
95 36 105
81 149 621
158 217 724
88 279 271
28 260 896
229 182 210
68 83 188
114 50 200
1 47 810
43 49 849
218 202 127
261 234 731
174 223 186
293 258 19
82 20 20
111 40 92
228 141 924
58 12 338
219 109 947
42 2 267
212 214 372
280 0 37
285 224 686
119 48 558
41 57 859
173 0 414
57 90 839
196 278 122
248 167 11
17 215 923
150 96 141
191 153 848
158 279 399
225 176 867
296 277 181
70 62 408
99 46 374
9 20 329
269 271 583
241 162 511
161 255 46
36 11 216
59 239 533
82 128 898
58 269 838
36 149 495
230 238 678
116 9 213
169 174 208
30 68 192
295 231 75
72 5 712
268 83 655
171 207 588
49 227 444
94 190 144
293 206 641
228 174 153
200 80 878
284 71 694
176 64 305
271 180 797
39 32 285
184 282 246
112 128 537
246 16 38
5 175 594
238 31 927
152 241 393
63 213 217
250 82 164
138 277 50
100 42 0
185 231 868
252 158 435
265 35 77
1 22 395
113 154 260
285 176 984
3 45 838
130 213 910
249 182 514
6 51 94
55 85 469
201 89 503
3 81 785
204 36 231
116 167 931
137 247 872
18 59 931
155 252 507
14 130 373
37 245 159
173 137 271
52 129 144
138 241 580
179 167 568
57 169 631
85 141 168
81 1 73
245 37 963
134 67 321
278 10 101
227 297 389
29 277 729
142 65 676
163 50 848
0 229 554
72 249 783
278 289 171
95 130 116
292 92 623
87 244 388
277 161 738
201 179 679
101 52 608
138 57 237
36 296 572
79 165 323
148 289 514
134 190 782
249 109 911
188 221 18
159 180 37
85 263 679
102 297 716
15 184 819
159 9 344
274 124 433
276 246 345
15 39 131
256 116 298
98 147 155
13 82 980
113 215 421
221 254 4
61 95 816
48 106 322
168 246 186
214 175 636
83 61 551
25 257 738
206 180 618
91 99 933
98 213 947
42 4 820
216 292 155
37 79 28
248 87 882
227 40 378
139 244 609
212 189 780
232 257 163
20 109 986
8 135 654
294 267 245
192 161 361
245 174 377
98 114 608
7 212 635
72 227 961
192 151 58
271 151 286
63 71 672
128 269 559
281 204 442
128 237 951
106 128 329
248 272 45
136 264 771
198 281 713
122 172 961
87 117 840
196 34 312
144 133 725
66 2 930
173 116 439
97 29 700
244 281 921
81 132 938
288 241 633
127 45 558
127 117 83
63 235 149
34 259 547
171 235 342
61 75 273
119 115 175
275 122 822
78 230 816
180 297 487
280 214 664
60 251 936
261 25 852
158 193 555
263 91 77
282 245 135
71 206 123
244 91 524
156 146 201
241 182 917
187 147 851
68 7 639
77 169 971
221 196 543
33 290 181
288 276 127
171 158 653
44 236 729
22 148 385
300 167 524
49 276 829
190 54 929
177 261 83
181 1 855
246 90 957
267 175 304
62 97 475
7 229 324
26 157 194
177 182 67
253 65 739
0 90 902
267 155 746
226 23 771
216 153 206
283 64 574
196 232 412
163 125 694
12 207 305
109 297 496
160 156 279
277 123 370
33 228 171
84 111 801
22 49 700
107 72 494
50 131 44
21 32 259
239 105 69
137 106 830
129 210 214
30 196 282
235 294 529
34 93 474
104 288 652
281 67 445
28 231 890
38 127 859
58 54 514
272 14 939
82 104 480
228 113 689
2 171 47
253 103 627
43 131 114
140 145 826
153 58 450
96 106 869
227 16 284
48 0 820
30 15 798
268 203 36
25 206 370
2 259 254
98 251 582
103 38 578
287 90 171
32 106 742
90 257 923
128 127 913
129 167 502
282 186 563
128 257 57
47 101 393
108 183 366
1 226 628
233 74 942
13 24 157
166 296 522
118 91 3
137 215 188
77 111 729
120 69 601
108 280 64
229 15 955
116 293 795
171 105 720
264 29 723
162 277 932
300 177 759
274 43 186
79 232 408
152 177 809
197 260 323
84 244 993
249 139 796
189 135 674
228 57 427
298 67 660
267 236 461
14 107 390
271 191 109
272 69 749
147 95 572
12 194 436
230 169 308
129 110 272
148 245 310
281 243 950
233 90 716
247 294 616
215 149 492
249 297 978
298 212 501
103 179 940
4 88 907
68 28 519
84 282 483
216 294 572
278 260 797
283 225 344
259 21 986
299 200 619
296 84 128
39 171 234
98 129 493
297 164 96
215 39 108
161 240 92
280 50 786
287 290 3
67 50 210
239 193 600
134 101 438
81 7 30
21 244 15
85 269 718
286 71 308
275 238 131
124 42 95
291 136 465
70 277 544
266 284 274
52 40 866
207 39 553
230 167 21
58 67 877
252 18 640
209 182 353
210 94 951
162 144 794
209 36 997
156 163 191
222 264 335
85 227 62
269 140 489
127 146 589
57 196 543
1 51 420
289 275 914
25 45 712
189 187 396
267 292 196
43 77 80
137 133 334
48 169 11
26 261 445
284 259 436
194 250 806
116 43 175
21 238 82
188 273 642
76 26 601
86 3 4
150 250 558
190 189 624
166 176 249
154 293 900
10 98 710
42 77 923
20 19 571
1 241 655
45 171 395
259 212 148
37 12 548
217 186 501
227 71 321
61 100 713
47 171 18
35 174 931
41 170 506
195 154 910
53 288 854
86 78 207
123 7 212
14 227 611
95 54 223
209 136 267
262 19 763
164 225 218
277 119 239
110 250 131
250 12 538
274 276 865
290 75 689
281 257 59
230 3 734
251 211 198
144 75 175
86 253 366
225 264 319
99 69 131
202 203 812
153 196 606
50 91 15
134 46 945
242 151 925
98 287 573
27 115 740
299 199 640
213 261 653
299 38 499
78 107 861
8 205 672
273 165 538
91 174 177
63 50 669
18 56 146
13 254 615
264 104 782
72 155 202
257 279 958
270 287 698
297 274 574
136 147 529
297 167 218
130 186 432
270 61 943
118 5 868
116 232 417
81 45 974
117 54 264
43 238 291
220 251 52
182 210 755
157 213 886
108 206 876
294 147 939
187 102 439
238 255 403
41 2 544
68 83 270
252 82 594
109 153 389
238 133 545
24 275 982
51 191 520
261 182 994
33 194 563
177 208 81
276 171 42
250 108 810
47 85 881
127 224 633
80 231 299
15 169 471
240 10 241
271 128 327
244 207 178
208 0 735
35 48 823
63 291 106
187 280 52
200 48 131
22 235 533
89 49 718
99 193 982
145 88 663
59 288 775
218 265 24
187 33 913
26 255 248
147 159 341
274 68 10
250 96 339
177 41 327
181 244 732
147 265 394
44 26 116
54 86 134
13 229 496
243 300 401
280 145 970
13 78 825
294 215 331
88 65 383
273 297 183
193 255 723
216 128 932
242 151 836
202 142 790
189 149 11
72 262 121
222 113 595
86 194 14
97 291 559
241 214 404
100 207 987
127 164 583
240 44 862
78 116 881
218 5 562
241 61 365
12 69 584
30 296 28
33 43 588
265 84 892
291 7 42
260 183 971
281 187 590
267 105 279
120 41 496
43 8 942
258 156 770
289 5 812
51 173 18
198 228 436
140 79 143
18 41 817
77 275 354
210 36 572
16 14 192
94 39 48
267 218 63
1 84 740
120 221 195
95 54 446
86 149 320
246 251 435
266 147 72
214 63 570
64 21 295
20 227 200
141 159 640
19 267 405
160 188 644
7 93 868
274 243 874
272 197 404
257 76 204
61 239 476
139 242 697
260 141 121
39 181 968
145 2 27
226 86 315
141 142 869
260 35 54
30 269 127
190 273 839
173 57 603
111 126 782
138 138 367
263 219 837
56 203 484
264 221 760
223 100 786
182 270 48
232 284 11
65 148 201
157 78 187
112 88 908
165 107 686
193 143 862
119 211 311
238 271 939
274 48 133
34 27 574
139 217 879
112 181 907
276 29 470
65 133 44
11 208 703
15 263 529
291 150 340
12 5 787
290 222 660
223 183 205
208 190 824
166 294 715
194 185 314
31 53 995
57 99 641
207 232 405
6 182 238
23 197 875
295 178 113
189 241 43
256 280 398
158 223 607
167 78 157
150 27 925
180 51 386
169 178 405
120 178 319
133 225 210
24 250 912
20 49 4
236 207 508
294 235 891
189 296 285
107 296 949
30 133 696
128 63 447
128 226 19
257 48 774
197 21 921
130 143 200
82 291 795
44 51 579
191 165 6
223 200 708
137 99 975
136 92 422
283 145 560
4 38 472
150 243 878
229 19 75
178 275 987
300 115 135
114 93 198
92 220 784
230 16 756
246 198 347
263 143 117
25 135 589
262 77 796
65 21 615
219 142 162
99 101 715
217 80 964
205 81 795
14 157 301
55 220 892
241 57 173
121 140 670
79 68 916
283 178 714
212 116 602
133 125 268
96 231 563
89 26 703
286 22 704
290 292 357
176 286 947
27 271 635
155 255 990
110 254 587
97 100 457
236 224 297
15 114 235
78 174 219
114 252 908
0 264 941
203 3 61
89 54 762
226 48 275
176 252 960
159 17 652
70 71 128
55 214 916
106 216 692
76 257 211
113 31 820
217 63 19
181 219 137
226 227 852
214 199 549
166 199 287
298 246 644
117 171 559
174 103 159
18 130 641
227 164 920
222 113 716
274 141 212
7 148 156
110 48 20
123 72 152
184 119 163
120 143 590
247 132 420
59 238 795
42 20 293
73 16 829
261 165 424
32 191 679
77 65 453
286 10 231
285 296 617
166 32 393
25 86 448
123 117 99
281 75 286
87 212 170
166 19 16
64 240 99
56 182 46
173 196 176
81 225 75
4 277 941
263 268 702
115 278 452
201 103 359
45 100 126
122 151 126
152 63 990
179 233 818
224 293 99
263 182 525
247 282 449
71 250 284
79 287 151
293 91 359
180 157 412
173 196 443
135 15 258
98 176 824
25 286 313
195 217 217
82 3 737
196 213 939
3 61 199
169 239 745
0 205 709
290 70 281
3 212 647
83 256 664
65 199 417
73 133 685
129 244 895
95 197 714
216 110 246
112 124 606
125 27 156
274 271 306
108 40 857
82 73 192
74 195 676
260 250 761
81 282 113
170 285 133
101 242 301
121 77 151
7 274 335
144 285 449
188 178 214
23 10 435
100 168 596
53 107 911
82 177 104
111 47 481
267 242 328
56 8 266
45 43 103
4 277 326
107 251 985
121 110 297
182 15 742
130 83 535
55 123 422
71 186 717
100 163 388
60 117 77
282 60 67
284 140 335
101 12 313
134 57 749
34 162 278
194 96 742
40 299 428
202 119 804
139 83 94
118 114 803
297 276 443
72 243 586
32 91 535
80 250 279
13 80 303
113 220 877
57 263 85
244 206 904
153 265 42
201 153 961
288 164 620
132 198 929
71 254 515
48 257 16
145 66 120
100 68 87
108 3 920
282 164 949
106 182 239
219 226 752
110 184 325
35 52 845
199 120 128
204 100 940
177 161 161
294 37 120
259 122 149
211 271 577
223 94 890
96 195 532
272 107 769
49 300 96
141 215 771
0 299 131
233 118 122
80 273 626
297 186 979
225 163 999
129 78 225
283 216 992
105 190 349
209 216 885
287 65 378
54 168 580
164 22 764
62 110 386
296 13 278
234 55 830
299 174 516
61 28 42
274 203 810
47 33 480
237 136 771
188 262 793
249 287 612
3 173 834
76 5 492
291 60 872
133 19 188
241 87 197
111 119 188
276 248 684
163 195 175
23 91 114
246 274 616
113 25 311
99 43 697
193 168 42
204 17 949
39 19 443
13 162 407
180 124 774
43 209 802
234 185 189
35 136 970
209 217 448
237 199 782
140 269 926
237 262 662
127 209 124
104 227 954
207 212 142
75 192 21
292 45 580
43 250 647
268 8 395
52 133 70
105 268 518
246 218 569
3 161 675
205 46 318
209 278 678
0 93 377
1 85 175
51 273 287
85 235 131
129 63 643
140 114 817
253 192 532
91 185 123
119 128 804
241 115 491
41 233 706
112 206 488
72 300 371
220 98 593
53 136 320
107 198 111
226 18 672
102 47 483
267 88 883
7 270 456
211 204 502
21 175 919
254 83 260
104 119 31
130 277 49
105 290 435
147 281 764
211 217 186
232 214 335
56 100 695
92 16 526
267 61 474
240 166 32
263 181 427
47 77 836
230 164 107
160 239 259
202 284 634
285 246 13
241 150 833
204 221 178
293 293 149
163 121 486
119 187 837
18 13 956
160 8 136
199 238 77
199 81 111
266 28 228
90 280 610
99 11 40
95 232 357
115 119 41
278 66 623
248 187 632
285 231 744
242 115 327
265 49 424
123 272 451
68 264 200
256 125 994
193 215 190
128 30 828
60 163 353
285 240 732
142 159 687
59 12 144
91 236 567
4 144 360
181 131 741
30 224 898
28 29 926
270 178 275
72 80 795
53 283 123
272 160 458
78 188 642
41 181 640
47 242 637
47 248 995
137 198 32
69 49 348
289 78 824
88 183 162
55 270 442
128 299 561
75 251 507
195 176 660
252 199 441
121 47 664
73 205 365
40 6 642
292 225 160
65 209 520
251 287 626
25 282 928
23 203 785
35 14 235
135 59 377
128 104 997
112 138 895
9 234 287
224 98 858
138 194 895
24 296 833
275 3 378
157 29 313
205 158 945
220 24 50
180 116 781
44 130 466
27 115 755
213 199 249
137 200 508
271 175 205
68 33 105
238 20 514
254 258 619
90 50 597
77 103 5
293 75 74
279 201 100
24 166 95
36 230 257
164 265 539
154 292 605
281 56 331
141 272 603
274 33 460
51 62 28
116 97 576
94 263 803
174 161 612
145 23 883
30 162 60
35 108 985
140 169 492
108 262 469
278 229 100
103 209 736
208 279 852
0 34 868
234 252 199
284 265 317
210 107 301
17 277 452
189 76 316
252 8 266
222 34 251
72 28 506
95 39 882
74 224 802
146 72 824
289 93 60
158 280 847
119 158 676
291 55 331
180 58 506
221 244 687
45 215 500
290 1 739
35 237 855
282 132 45
107 33 257
220 197 793
31 285 114
132 106 619
139 275 192
106 285 400
169 239 919
98 165 6
180 82 654
22 236 953
36 18 406
156 86 585
157 145 205
94 38 610
17 83 287
35 47 726
44 26 73
70 212 614
216 211 448
89 276 852
93 292 655
84 274 315
197 284 436
216 269 692
12 152 982
85 176 93
150 235 410
273 281 380
2 99 983
17 119 842
216 155 755
11 134 326
227 260 367
279 92 924
114 259 754
73 274 788
245 64 424
16 91 217
97 112 235
140 272 143
172 105 552
167 66 42
49 151 200
10 151 187
144 207 291
243 26 254
254 265 242
240 188 634
166 23 773
275 16 676
162 88 476
65 67 459
246 131 853
69 264 360
294 115 679
164 87 712
186 8 507
179 297 609
149 260 124
196 270 331
61 240 548
95 238 149
40 146 285
277 152 151
17 52 626
96 230 294
276 199 272
124 32 469
178 63 251
17 77 891
124 243 303
164 111 733
74 169 80
116 268 478
110 263 81
73 30 242
172 237 596
33 281 429
242 142 122
200 113 915
122 86 402
283 208 293
172 148 219
93 138 758
32 138 526
90 28 920
63 141 538
87 296 656
100 122 789
85 270 279
176 14 379
44 196 658
202 82 447
231 56 148
112 211 812
276 150 708
282 3 496
269 12 159
18 31 688
131 195 187
232 164 367
6 268 195
28 272 732
30 104 967
44 80 699
93 170 909
281 252 337
188 300 474
189 0 224
1 233 0
255 198 546
205 297 602
95 274 659
243 183 720
268 270 945
218 212 40
114 153 107
232 271 915
245 66 832
200 0 146
42 166 50
237 155 304
270 67 32
15 256 303
104 58 842
265 264 880
146 199 539
7 175 455
297 95 418
196 130 702
39 83 923
183 65 910
142 129 728
156 300 331
26 284 186
277 120 490
121 192 973
89 109 464
283 198 244
261 197 910
280 114 511
92 89 581
73 223 692
154 228 985
266 1 720
229 131 977
119 123 148
292 281 462
247 4 263
163 15 677
99 201 507
100 16 920
80 72 246
107 94 671
98 234 716
160 218 854
295 286 232
296 264 161
59 279 70
138 78 694
157 240 468
101 139 538
237 210 932
140 281 524
150 248 619
154 66 31
240 8 884
76 264 3
212 70 265
104 286 883
196 243 732
250 72 844
264 57 693
71 271 485
16 79 668
182 231 257
40 74 194
214 95 978
171 63 713
218 188 855
213 224 163
141 19 646
131 127 990
101 170 904
67 107 370
99 153 317
178 258 177
272 59 101
154 243 899
96 0 635
187 36 971
94 113 715
86 252 173
168 48 290
262 143 509
77 40 298
94 237 360
128 133 481
4 231 130
300 181 944
44 79 866
69 131 220
81 99 65
281 78 724
149 249 409
45 115 603
150 220 598
272 82 277
0 144 460
84 101 699
64 60 37
290 39 280
199 265 375
146 207 302
160 100 977
135 289 702
116 48 987
250 28 485
92 244 552
156 4 429
190 215 749
34 21 948
85 53 518
98 179 93
45 5 494
269 289 271
48 104 636
123 12 421
240 238 507
9 77 418
204 262 985
86 113 180
266 41 12
136 170 191
263 276 998
99 127 110
133 27 425
11 276 478
204 50 840
96 294 35
283 77 133
36 62 978
180 68 524
154 290 923
189 62 879
63 207 656
18 247 106
113 229 620
174 54 214
69 183 319
63 212 64
10 47 867
164 118 648
89 10 584
177 108 126
247 129 555
41 276 852
81 121 688
223 209 112
57 48 94
46 21 369
222 81 851
157 5 831
134 262 461
292 162 771
139 36 488
283 65 802
23 277 552
279 253 281
130 182 715
20 136 812
51 146 23
57 281 517
7 144 426
101 2 778
101 106 271
192 198 387
38 187 947
24 238 876
269 50 320
188 165 322
62 157 652
92 193 532
267 234 319
188 94 630
27 282 770
94 7 717
155 42 427
206 249 957
63 134 341
89 55 651
166 264 655
44 90 711
290 300 374
47 1 552
3 75 402
153 205 14
53 270 64
272 286 125
64 206 482
254 252 631
216 268 132
276 122 601
135 154 129
19 222 715
221 169 613
91 124 684
94 225 595
35 46 651
197 7 297
86 297 354
116 271 996
11 266 933
148 283 412
271 128 873
264 224 652
178 98 745
109 2 67
109 79 33
172 29 105
136 2 992
281 231 624
232 148 57
17 203 783
66 274 353
49 78 909
71 5 789
129 255 648
111 213 656
78 18 891
235 196 872
17 254 96
1 255 800
112 280 512
54 270 998
104 91 992
27 45 849
249 115 616
53 186 208
17 147 472
282 188 855
72 236 744
235 294 732
164 189 341
99 214 498
27 242 129
49 139 429
22 116 205
246 184 311
79 90 849
289 234 287
266 248 475
148 143 20
123 283 566
264 189 627
300 273 777
30 293 182
143 275 764
10 275 709
230 237 669
112 23 538
162 28 323
146 171 632
125 215 535
218 213 99
105 239 108
273 159 703
37 67 984
234 59 902
140 161 9
245 257 70
52 19 363
107 300 253
266 50 391
283 7 986
0 141 56
295 81 618
290 273 281
281 94 44
138 261 420
185 246 126
257 265 30
262 237 57
193 181 553
244 187 398
270 134 154
194 60 917
43 90 91
84 94 369
284 46 905
130 5 106
21 222 265
34 262 561
34 32 936
5 275 877
278 180 70
113 150 399
13 78 968
99 34 51
253 183 418
263 245 494
148 4 196
49 203 619
52 70 132
269 173 340
210 136 130
217 278 411
74 199 993
160 24 795
38 246 635
202 227 199
131 15 75
205 148 529
24 167 465
148 287 377
20 102 866
69 30 842
295 70 408
151 201 391
111 77 212
180 112 809
173 214 726
260 271 410
260 73 583
155 61 959
97 113 159
169 238 195
283 210 399
200 82 758
295 168 276
245 273 287
237 270 803
295 295 508
206 161 226
268 243 622
104 231 960
86 247 698
48 14 59
149 6 917
186 169 35
180 9 64
60 66 630
101 265 267
182 150 415
279 9 577
184 108 822
251 13 182
268 229 312
220 160 836
279 23 234
112 60 28
55 98 391
149 266 831
205 195 334
136 144 155
65 200 926
233 153 89
189 241 147
128 43 851
117 79 76
207 183 386
226 226 63
227 147 330
180 88 757
287 5 130
111 280 967
63 169 232
93 43 827
193 64 417
180 87 462
265 293 300
269 37 150
217 242 908
209 6 119
90 95 319
73 122 700
297 69 739
210 264 440
172 117 408
96 87 913
36 12 678
14 197 637
257 192 140
126 114 588
266 257 994
283 262 296
295 79 436
104 199 721
221 121 822
19 234 45
244 170 965
40 58 475
45 156 875
224 228 723
290 152 788
282 81 323
112 84 296
212 189 499
219 7 642
259 153 430
253 143 842
268 59 37
158 100 692
66 86 266
140 62 249
195 60 230
157 255 470
28 149 587
138 25 701
158 232 757
151 273 792
90 261 762
13 228 757
132 122 726
257 266 157
132 193 433
87 182 828
30 21 970
160 49 459
262 286 297
282 246 775
295 295 109
231 123 250
173 288 708
190 83 624
147 44 901
213 93 572
136 96 66
46 90 819
63 97 471
47 129 33
81 192 718
114 33 253
65 168 756
52 284 875
241 64 727
47 169 346
260 5 998
189 137 310
79 116 771
38 160 823
67 124 48
62 136 77
107 84 209
228 190 328
161 14 518
46 127 516
112 83 964
49 159 966
133 250 988
0 3 401
246 152 344
230 188 158
255 11 750
194 273 455
85 209 783
134 283 940
247 134 959
209 35 602
258 53 466
56 139 184
6 300 343
264 122 901
11 0 448
212 193 530
201 70 612
193 183 939
7 171 700
89 112 983
233 298 677
166 92 824
172 76 815
273 223 91
250 189 981
84 180 852
13 242 31
280 232 537
223 273 138
197 31 177
23 262 678
48 247 419
55 16 301
278 298 283
102 164 287
12 99 808
230 198 670
249 232 397
43 282 840
263 274 16
138 161 726
181 91 661
171 230 72
253 292 942
42 58 474
189 237 630
154 234 862
125 100 586
248 183 352
29 45 32
184 243 136
9 243 616
229 190 954
48 181 829
44 149 390
111 129 427
97 211 898
248 216 54
43 5 491
57 186 993
93 195 391
176 59 454
207 196 203
267 290 853
128 295 652
192 60 646
5 8 940
180 294 192
99 218 39
296 230 847
155 0 980
87 231 267
128 184 72
56 75 755
256 56 977
19 230 684
151 94 152
237 96 598
26 244 4
34 237 640
197 200 31
10 196 573
150 184 585
144 0 360
105 124 872
278 157 805
251 56 732
179 79 582
219 291 23
74 45 36
22 221 531
283 184 762
198 30 242
218 58 184
246 92 835
260 284 769
47 241 705
47 272 836
46 222 949
293 55 343
165 135 538
80 224 54
176 56 152
119 39 418
122 168 55
236 236 663
27 238 643
57 176 486
49 270 316
218 74 326
262 78 86
249 9 889
71 136 750
260 93 295
96 1 421
172 199 312
190 256 70
200 39 601
118 178 778
116 63 64
65 271 307
173 161 353
1 122 489
255 117 12
48 105 505
152 268 947
240 115 358
51 208 882
137 242 296
200 160 932
53 231 144
268 232 277
80 176 360
296 299 662
143 185 905
238 239 890
235 99 42
299 64 799
158 71 643
148 257 791
147 187 799
152 119 245
224 99 764
283 60 72
99 186 113
201 76 360
240 15 85
290 230 379
24 38 691
16 41 101
298 65 165
117 294 571
131 88 587
284 105 0
162 174 877
155 62 850
289 296 333
279 153 247
116 48 191
98 84 148
185 101 128
25 65 767
45 33 730
35 48 678
58 102 201
61 48 195
225 249 919
57 89 290
174 78 503
144 157 845
268 173 424
165 276 330
245 174 564
6 240 140
188 19 521
97 220 740
21 0 259
149 294 407
207 285 234
293 103 894
293 133 241
84 249 809
292 275 793
20 228 725
264 198 545
69 60 780
10 92 957
37 226 856
43 153 674
127 258 37
6 32 534
87 20 438
176 135 911
34 179 13
38 214 906
245 243 983
153 109 278
45 45 233
59 136 116
291 7 566
103 205 506
112 159 77
250 98 977
212 255 641
55 219 258
137 50 350
253 256 602
39 249 628
73 56 311
152 237 669
135 81 822
44 37 831
270 234 892
100 286 532
13 36 803
154 181 121
11 98 262
296 299 911
232 160 3
277 93 270
85 299 171
100 6 685
113 119 949
275 200 298
27 292 978
7 145 168
113 248 195
293 106 211
91 197 755
220 74 105
101 93 689
249 252 657
287 52 157
205 225 737
259 181 466
156 174 842
145 293 386
25 252 807
210 190 957
140 150 988
18 252 351
133 280 564
249 264 973
90 295 446
241 221 996
169 8 860
199 288 429
23 109 115
185 14 909
65 217 449
68 79 844
147 80 929
9 53 561
61 147 434
113 295 531
275 214 402
76 255 357
125 51 19
235 209 486
123 98 829
3 107 360
257 102 514
44 104 567
125 168 351
84 300 336
200 157 95
0 276 748
6 158 849
8 242 74
38 295 166
94 284 80
104 175 56
59 178 854
83 131 631
215 88 462
203 21 934
79 195 710
118 128 934
255 42 599
19 282 391
77 243 830
181 206 557
100 73 357
189 223 928
100 19 739
46 288 620
245 73 996
31 138 843
297 111 312
76 15 398
263 181 314
113 132 686
45 40 868
173 89 200
162 208 513
236 257 420
106 250 676
182 155 793
240 114 170
278 193 288
129 188 245
87 246 582
15 284 773
137 52 575
204 258 998
126 273 53
158 9 16
154 198 882
104 86 186
64 65 683
246 238 999
143 53 773
184 198 752
218 96 633
215 17 682
10 268 714
167 33 372
288 177 475
83 19 122
69 127 233
146 198 3
18 267 383
164 40 16
108 94 433
165 47 132
108 146 274
236 211 21
235 199 250
78 129 370
71 188 138
250 108 919
60 186 916
187 56 65
274 277 809
55 161 847
149 13 935
135 162 723
116 275 619
96 288 129
115 260 394
76 267 422
87 129 123
181 128 729
251 142 176
263 34 215
42 105 824
63 87 485
177 85 998
161 277 873
300 268 19
186 192 855
187 89 876
215 190 6
8 73 274
122 146 842
271 249 401
32 177 661
209 38 479
189 174 758
70 269 513
137 68 836
149 150 541
99 252 982
134 66 875
102 180 874
156 237 157
276 197 802
85 228 757
74 240 323
109 251 71
199 77 900
48 96 455
55 157 609
35 290 495
212 291 868
169 249 536
28 166 523
88 202 189
99 67 781
84 106 619
283 145 969
132 267 184
132 130 389
262 75 310
260 48 600
0 229 630
30 227 510
181 146 786
81 193 459
146 298 954
256 17 268
86 111 201
15 68 176
128 14 636
188 132 868
83 37 568
177 176 600
226 237 705
24 217 892
176 31 375
149 216 809
151 154 908
173 35 337
208 295 576
27 67 820
247 108 94
64 14 364
261 49 677
29 104 588
271 93 39
46 230 336
73 96 402
63 75 243
145 62 202
173 97 545
58 23 881
296 189 467
19 282 815
55 93 21
283 253 197
217 217 3
166 48 363
55 76 822
114 120 337
93 61 374
236 30 70
48 169 171
229 268 791
55 167 634
101 45 599
206 233 739
41 107 1
52 68 695
278 158 249
156 0 819
145 17 629
34 62 894
292 154 848
32 221 33
124 86 175
108 61 256
228 213 10
232 101 383
46 204 37
192 295 894
35 277 403
65 101 893
283 94 690
17 269 12
72 106 200
212 52 324
190 2 421
117 300 98
270 120 855
160 248 817
271 50 24
19 160 543
83 185 267
70 239 725
191 240 111
283 41 988
219 91 884
177 250 148
136 95 870
47 274 410
12 130 781
276 253 474
118 275 562
85 1 988
231 44 659
35 298 491
13 186 767
185 281 635
271 217 583
98 11 788
233 42 402
180 126 690
50 202 725
279 275 642
127 11 652
269 80 743
230 235 10
189 110 853
207 181 565
202 288 210
37 210 251
53 244 149
129 221 323
76 245 950
90 205 134
61 69 24
113 30 142
203 50 467
167 278 799
234 255 530
0 290 473
113 162 177
142 95 325
93 282 574
187 118 238
132 293 94
50 119 952
96 247 236
183 74 876
170 209 939
81 168 172
34 173 624
203 173 699
216 137 544
8 179 588
152 257 951
86 109 897
279 299 419
297 104 201
120 63 398
111 275 339
112 30 626
24 216 650
294 300 473
27 180 485
199 83 343
212 195 881
46 216 439
101 163 419
93 214 586
229 12 929
201 157 842
15 139 986
242 90 288
256 226 177
159 165 262
14 158 820
298 150 805
66 259 744
196 174 396
21 290 596
192 199 750
20 19 954
58 184 576
181 55 711
231 199 77
180 68 559
238 133 746
174 141 88
92 139 542
2 235 898
135 192 665
148 134 158
139 174 77
245 136 22
156 65 585
99 221 780
39 292 547
59 242 63
145 195 302
33 79 288
174 17 519
270 262 69
70 196 987
246 8 352
169 128 481
290 25 465
110 34 983
90 249 618
284 165 20
195 26 139
68 57 386
96 208 102
83 97 582
8 263 53
210 291 28
238 143 665
281 69 285
35 291 711
71 167 898
46 37 855
33 263 109
7 30 360
239 49 669
186 42 786
7 86 834
121 276 69
270 50 840
195 238 4
235 280 650
17 183 380
15 220 566
153 216 64
13 181 529
69 264 452
16 55 425
57 179 346
293 71 466
220 228 734
115 35 654
121 33 485
0 212 621
58 87 357
250 173 281
128 10 771
225 50 92
225 274 241
250 272 690
159 142 167
4 279 741
171 10 939
186 115 944
167 188 926
40 70 606
74 115 260
152 244 610
19 183 110
68 171 232
113 78 861
234 78 533
190 122 900
157 48 295
57 247 694
186 268 133
153 219 998
195 97 418
282 122 719
172 124 832
35 226 526
242 245 504
270 175 646
116 160 92
4 279 901
46 16 92
27 158 932
103 46 208
107 268 521
275 54 931
203 234 392
262 84 317
101 192 897
62 227 301
143 68 124
286 51 854
26 155 855
94 266 169
43 199 369
65 298 719
205 203 545
203 293 272
203 117 493
179 8 505
93 28 260
70 132 558
214 244 488
281 185 190
92 221 651
118 138 783
38 143 713
187 91 312
102 95 389
65 289 428
77 83 284
123 264 910
130 114 264
52 229 41
2 187 661
75 69 436
55 255 716
27 104 946
286 277 187
3 168 311
111 87 554
211 95 128
213 217 662
91 124 382
20 132 265
69 230 417
67 110 163
167 86 550
194 116 482
59 168 761
245 269 132
278 146 804
293 107 376
165 183 476
111 141 377
282 247 799
276 88 497
188 111 243
104 193 413
209 187 896
259 90 723
136 98 761
259 64 171
46 116 216
92 54 982
100 29 753
225 299 842
290 280 338
215 279 390
290 134 68
205 121 824
149 194 504
6 22 607
64 299 489
208 2 246
80 194 868
203 235 289
182 133 720
252 18 494
68 249 824
108 106 697
146 275 877
225 283 820
257 55 635
283 106 431
101 41 822
94 164 953
159 68 742
259 26 608
182 113 82
122 97 264
215 253 305
172 32 298
209 135 854
53 255 489
161 241 574
102 45 182
35 2 89
55 153 149
92 74 929
222 199 985
65 263 636
179 109 370
58 34 204
216 97 401
101 96 233
193 62 44
180 189 812
136 97 505
35 90 999
273 79 976
168 249 910
227 17 96
188 149 837
24 156 799
164 119 718
164 178 599
75 172 38
179 55 96
136 204 213
105 209 471
294 143 880
153 180 651
116 30 685
290 75 922
24 5 393
115 109 498
300 14 101
76 178 306
142 210 485
89 269 183
240 180 818
222 156 246
281 228 715
2 272 327
196 38 609
6 0 13
168 18 533
231 175 264
161 66 791
274 112 638
223 72 254
74 259 681
89 117 721
74 89 246
89 282 595
182 74 4
251 5 623
148 93 181
192 105 855
298 69 476
289 133 218
254 120 173
281 238 14
41 138 2
292 181 67
287 42 385
253 195 192
135 178 740
71 262 350
287 116 61
44 229 476
64 150 674
229 50 446
130 174 899
31 230 138
37 135 28
21 33 441
263 40 674
107 39 439
211 20 321
271 54 972
61 125 461
101 56 701
278 173 225
249 185 16
173 100 340
236 97 302
43 159 844
69 60 838
217 276 388
27 44 747
84 286 410
245 231 660
212 211 384
245 167 147
265 50 239
41 238 782
209 125 446
47 110 635
19 256 182
234 221 801
151 233 682
138 110 19
129 49 445
36 39 551
31 34 748
84 246 343
30 164 846
55 283 765
223 295 822
5 124 460
10 242 65
222 97 21
289 81 116
6 70 345
251 135 323
11 9 439
16 98 472
146 73 989
125 209 804
141 256 312
24 175 862
92 1 712
148 126 555
151 247 145
164 299 863
4 116 353
13 229 134
224 208 793
234 111 643
250 270 303
275 85 788
295 119 295
76 126 544
210 255 274
132 275 697
267 141 148
49 157 363
18 219 823
87 174 587
187 57 510
222 138 987
105 289 48
106 110 352
55 210 800
128 271 928
242 279 314
176 253 371
71 122 656
282 247 20
14 298 565
120 80 527
243 148 514
120 216 952
148 197 172
202 157 427
59 270 829
245 226 372
237 99 497
58 14 376
154 85 714
47 183 467
108 102 885
81 137 561
177 242 448
141 294 756
126 35 615
210 83 26
259 228 849
118 182 888
135 231 834
123 156 823
66 25 856
162 214 835
223 90 797
225 182 278
102 202 251
78 154 573
17 102 643
32 129 29
277 222 307
210 58 534
167 252 682
100 95 916
157 23 947
24 114 8
121 202 640
279 212 123
246 144 434
124 97 472
289 40 359
294 294 501
84 30 532
138 169 372
103 22 3
166 291 906
288 72 720
232 167 680
137 147 187
255 25 420
259 298 332
172 240 159
49 101 106
70 152 733
220 267 683
153 268 218
72 224 597
161 161 410
129 48 870
201 143 815
159 0 540
118 27 808
270 95 129
246 150 150
84 48 64
226 244 187
23 23 312
41 199 443
53 84 512
107 268 768
157 31 634
56 29 717
245 241 757
213 153 712
286 127 646
1 124 299
21 124 166
160 130 425
136 36 342
83 165 291
288 6 970
158 22 712
97 0 293
19 226 871
75 188 475
151 211 257
206 296 882
252 165 432
64 162 43
244 63 957
206 158 619
135 66 852
262 289 529
152 109 225
88 168 32
2 158 559
7 270 839
56 263 582
59 254 811
235 236 259
172 293 478
239 262 668
19 36 999
236 178 489
150 139 63
298 199 437
99 261 564
254 26 715
268 158 911
124 149 631
165 273 332
155 45 201
58 260 861
197 122 412
223 291 721
249 100 263
233 31 766
179 19 87
152 293 114
230 114 24
107 139 222
163 37 807
39 213 630
86 265 624
183 50 573
200 139 272
218 300 333
66 206 839
296 54 914
246 25 114
211 25 659
41 286 939
295 152 863
30 77 566
58 151 280
277 8 948
39 13 86
153 127 458
27 166 817
94 106 626
139 203 818
287 123 533
181 182 618
98 171 847
118 237 329
246 242 734
298 209 138
131 255 324
180 252 327
141 242 324
156 128 534
126 192 69
130 208 674
257 174 980
118 181 70
71 111 155
87 248 93
294 278 851
45 237 883
251 132 591
214 116 945
289 249 613
221 241 468
34 64 433
150 275 564
224 191 698
177 119 453
155 17 192
131 34 317
155 55 995
300 218 912
73 292 282
257 202 498
197 179 652
80 149 280
192 77 914
167 190 991
25 177 511
60 158 778
297 75 984
90 283 614
196 241 800
271 237 356
210 199 381
229 289 578
211 83 325
240 186 616
281 8 543
68 80 70
2 126 695
236 156 783
283 275 305
280 44 107
235 169 819
291 25 949
282 299 773
193 85 874
49 68 253
0 77 598
7 58 489
114 152 346
124 218 558
236 46 737
69 3 920
36 148 115
228 251 428
59 38 998
252 131 919
208 26 297
270 63 391
252 135 652
225 227 836
292 243 732
69 182 843
160 231 953
82 235 608
36 206 289
296 198 9
242 297 403
65 94 432
157 59 868
14 43 901
116 222 448
200 237 280
101 103 214
72 73 185
53 198 791
132 260 475
237 196 516
83 174 132
269 254 57
184 198 534
226 297 693
88 213 756
30 126 95
183 22 679
24 102 985
124 66 28
38 260 57
165 81 359
239 213 611
286 84 45
198 120 832
77 239 819
75 24 745
11 107 359
271 142 68
249 251 921
246 181 404
287 38 38
224 236 253
135 172 734
28 43 342
262 3 257
173 72 282
80 5 340
272 118 87
251 216 301
17 228 445
70 202 533
263 80 63
49 68 348
65 108 505
284 131 483
234 3 367
299 164 883
20 250 661
213 135 301
202 63 238
95 171 889
239 101 724
207 179 514
87 212 569
291 145 445
129 127 472
39 46 880
18 129 188
204 23 374
152 70 834
122 40 988
189 12 399
65 129 632
234 282 955
84 131 202
170 133 379
174 158 831
239 223 738
164 15 363
136 197 235
23 13 169
160 29 14
88 37 475
139 272 835
297 242 797
265 244 225
83 241 491
64 103 792
1 98 219
162 19 971
118 253 497
207 143 609
20 202 27
37 295 858
108 286 611
86 89 60
222 69 16
283 148 67
126 191 713
296 20 765
232 218 402
175 147 480
201 267 158
21 254 144
73 31 205
216 42 174
68 14 401
266 178 162
240 283 196
18 77 478
265 179 751
248 145 126
260 149 589
300 286 339
273 5 981
125 238 608
107 6 516
181 11 354
89 19 45
211 89 800
106 56 123
76 228 335
194 266 581
88 75 788
63 64 379
95 185 388
179 132 811
28 196 792
90 120 277
141 114 827
231 46 33
286 115 614
250 160 431
222 58 552
56 97 263
249 121 20
293 246 943
291 77 351
221 23 972
8 254 712
96 25 39
112 194 769
177 9 628
120 241 229
18 160 262
199 138 836
36 279 681
63 289 49
41 114 233
30 95 353
245 240 708
8 94 95
161 132 156
260 31 417
82 66 125
55 295 815
120 220 474
237 186 644
138 151 491
42 104 463
285 121 906
229 12 150
122 105 75
150 300 199
69 98 387
70 116 591
141 245 119
295 208 596
208 244 746
0 16 778
251 136 693
32 26 345
188 58 856
25 244 496
19 31 592
95 31 531
61 54 5
265 205 410
274 139 399
110 208 738
270 19 623
118 56 772
143 281 651
218 100 124
156 112 372
232 124 138
227 176 536
106 128 808
195 284 562
242 214 21
37 65 94
63 295 53
300 121 853
119 124 983
297 297 541
213 32 399
147 144 623
210 221 745
267 233 906
253 218 939
214 94 946
252 276 811
228 164 208
256 214 114
245 24 606
65 200 75
56 144 479
267 279 194
62 0 447
222 41 547
142 85 50
30 73 556
152 235 665
157 292 885
32 55 367
239 232 914
236 163 937
9 154 173
103 8 390
136 242 597
26 171 433
122 2 258
26 114 934
296 87 408
83 262 301
57 250 660
274 171 277
123 25 404
258 245 147
274 9 595
101 172 737
3 246 471
135 93 76
160 178 787
31 13 712
170 267 925
32 146 503
205 1 10
202 228 221
232 227 829
3 197 392
50 10 757
56 67 786
149 175 264
100 167 758
223 172 292
77 18 488
214 244 594
34 103 762
152 288 175
261 230 488
250 228 9
149 1 88
116 89 297
250 227 463
19 222 2
277 244 479
206 175 417
220 204 112
198 176 691
23 275 123
198 255 533
232 157 362
298 214 354
266 222 998
125 118 465
4 45 967
198 163 392
278 299 419
22 211 445
163 280 48
187 33 33
170 98 704
250 271 410
37 271 944
101 83 294
138 90 867
259 85 35
231 32 37
221 282 600
169 253 809
289 272 813
121 13 990
268 95 259
7 299 498
51 292 672
236 214 36
201 152 794
2 184 126
178 277 30
172 184 452
37 136 720
76 278 421
82 224 510
49 43 752
193 68 200
250 173 553
262 179 751
285 122 868
140 162 48
172 153 283
39 0 982
124 241 370
199 295 106
147 172 326
161 187 467
166 165 744
55 280 623
172 271 287
264 103 287
29 146 245
11 201 598
185 291 217
31 100 490
241 121 239
65 160 967
284 213 121
26 243 845
43 96 387
189 103 627
299 135 932
208 221 223
50 300 481
135 133 316
102 291 772
149 137 240
280 191 616
152 98 828
212 192 441
292 100 9
265 295 462
282 134 10
157 140 437
172 50 858
77 36 782
193 25 153
159 161 411
55 108 214
105 139 352
73 120 402
152 281 487
2 283 812
287 8 264
206 76 563
278 126 372
90 227 423
285 170 29
125 74 799
254 1 524
203 78 886
95 98 679
18 73 159
283 47 660
285 222 912
208 46 789
62 7 766
47 80 254
248 24 218
40 283 452
226 12 171
16 153 566
171 38 830
164 240 358
128 191 605
71 210 86
119 219 1000
173 113 38
262 51 308
237 125 756
118 228 134
200 59 173
238 214 735
232 187 593
55 274 756
283 290 370
87 215 570
205 236 782
194 103 430
174 39 645
130 180 468
195 68 797
72 179 601
212 240 404
220 295 621
280 22 881
161 6 131
259 178 319
266 281 917
236 283 552
231 10 282
164 200 267
107 266 141
283 10 342
142 96 732
19 50 825
299 260 699
169 226 881
244 89 530
175 192 60
186 88 863
36 228 839
118 93 57
235 33 137
130 71 444
292 33 406
128 91 600
209 71 650
260 118 110
53 232 784
220 137 378
250 69 740
178 149 118
73 55 552
145 39 626
202 76 766
238 77 529
101 23 84
135 207 292
102 266 481
123 126 255
46 153 315
181 214 921
41 223 90
253 10 895
204 244 881
253 27 822
48 286 489
132 133 259
269 157 134
118 115 178
120 190 413
275 220 62
166 171 647
76 158 391
5 30 324
164 49 247
268 99 774
191 84 154
131 246 518
31 161 783
17 23 12
141 27 174
263 122 163
276 174 595
255 117 738
237 167 973
140 151 243
136 9 28
78 56 604
291 151 782
169 95 589
12 89 163
212 219 452
282 245 702
8 280 694
96 52 483
281 157 165
81 44 541
56 284 531
190 203 793
114 154 333
292 120 775
16 207 894
50 44 542
300 61 190
248 5 95
228 51 229
112 145 193
238 78 876
170 78 645
195 91 952
279 296 472
191 98 662
53 35 978
173 220 373
258 262 551
101 177 651
198 195 146
196 19 618
113 31 349
153 148 91
179 208 149
267 16 285
27 137 585
299 55 404
278 2 17
228 214 902
272 134 490
35 231 14
179 147 209
59 179 206
152 277 213
43 29 588
76 86 735
112 265 117
24 296 88
250 207 344
296 62 521
191 181 77
7 127 877
123 0 536
96 7 675
102 203 774
34 248 400
284 18 292
151 292 182
138 274 175
28 173 335
76 195 720
77 182 293
16 121 630
289 53 304
60 18 600
44 238 478
58 55 827
235 135 972
48 214 723
260 148 787
12 51 211
178 133 185
101 97 853
122 179 885
64 265 362
17 279 771
77 247 146
235 66 189
202 176 472
112 70 320
228 233 792
181 200 97
258 56 416
79 136 118
239 266 50
47 59 540
108 123 153
59 187 488
84 17 24
278 83 905
12 149 101
217 138 662
185 231 32
134 0 725
174 53 576
218 287 730
34 286 597
249 28 426
20 281 503
163 223 915
120 192 183
132 116 885
183 156 432
232 285 749
248 98 179
157 12 671
198 200 761
291 73 135
272 77 832
174 98 177
41 24 634
35 171 670
245 268 869
281 235 867
286 249 632
208 68 297
45 241 402
234 151 728
88 181 793
161 106 195
29 293 811
238 41 850
202 94 870
184 63 654
72 152 771
19 157 309
295 162 950
219 56 925
74 265 61
300 185 951
171 22 728
202 279 952
78 37 273
20 207 526
161 159 337
173 225 461
88 42 183
44 278 193
104 81 328
82 9 80
240 100 15
96 191 464
278 30 838
128 12 99
20 255 120
12 23 734
47 40 296
90 130 919
219 106 192
125 207 222
216 295 85
84 148 677
218 153 646
158 62 315
17 84 516
156 121 569
17 138 263
121 196 195
187 128 670
98 204 347
172 257 444
252 182 183
156 225 400
149 1 835
82 233 971
125 15 843
158 9 666
272 143 52
285 296 730
278 218 969
293 82 766
261 276 859
161 246 786
167 227 488
169 248 64
117 277 323
18 240 990
83 283 258
20 44 615
271 130 834
273 211 289
14 186 306
93 131 61
42 120 384
260 74 167
110 235 784
186 134 402
203 87 802
20 227 441
295 14 714
155 289 753
78 216 878
176 52 938
54 222 986
266 293 485
34 174 932
85 128 206
105 135 934
291 12 46
277 188 160
141 208 306
51 276 287
102 134 177
48 187 618
2 9 76
51 129 774
42 250 186
259 264 970
73 199 788
3 41 416
287 214 152
84 94 859
90 120 818
37 271 949
162 272 463
198 208 996
226 113 900
300 56 62
294 135 41
54 71 381
183 119 634
280 31 441
178 40 471
247 244 969
61 33 777
130 211 823
142 202 305
89 13 343
90 197 436
77 0 864
117 260 441
117 152 340
230 206 464
288 21 348
73 28 194
243 289 553
232 296 307
251 50 110
103 138 71
230 211 17
15 292 247
158 136 642
89 147 903
288 97 95
234 263 328
114 58 657
46 138 316
256 19 946
80 127 263
59 275 890
47 189 603
133 19 964
300 291 930
270 56 597
136 4 294
167 120 529
59 236 251
57 211 314
128 180 742
266 37 984
115 81 654
270 200 951
22 288 438
159 240 747
120 199 282
287 98 24
180 98 767
288 298 342
217 195 997
80 12 334
76 97 178
194 290 747
51 218 797
81 29 288
212 159 567
69 249 894
95 244 658
88 109 433
163 17 938
139 185 519
228 72 467
66 33 391
269 74 618
131 236 550
274 186 893
261 189 824
73 6 669
300 54 936
250 259 572
95 212 935
37 206 745
175 260 136
259 123 55
62 241 394
231 49 166
271 120 478
165 94 496
13 14 647
234 74 954
224 207 269
52 223 519
68 199 563
80 289 587
293 50 1
147 152 434
193 101 655
219 8 911
2 275 137
206 127 174
30 212 228
260 28 827
144 201 366
120 78 246
206 297 882
242 74 123
97 147 812
265 243 630
163 187 720
50 32 411
93 42 139
241 295 71
285 253 305
285 129 384
157 72 611
149 104 524
166 271 767
172 206 403
153 32 174
8 98 622
16 282 493
209 4 945
25 25 128
36 104 796
157 297 721
77 54 331
176 189 861
66 15 444
131 135 857
203 221 941
5 175 302
202 36 460
292 107 247
149 212 224
132 40 106
139 123 532
230 215 676
157 101 536
223 109 219
3 12 987
186 177 61
237 190 444
176 134 50
237 291 410
242 74 392
158 33 83
76 79 835
259 96 312
38 72 200
127 220 545
112 152 568
279 63 515
128 233 968
178 243 191
204 266 112
38 232 152
148 39 659
99 272 294
132 143 510
22 268 169
229 117 163
54 129 45
234 287 126
227 280 586
298 202 61
236 216 894
130 146 499
107 157 510
101 253 107
166 265 356
233 177 475
81 239 56
58 125 82
3 239 824
25 53 77
120 116 798
132 165 720
66 56 504
82 68 684
35 21 532
261 237 364
298 219 538
33 43 645
3 179 472
263 184 558
158 83 198
165 107 41
96 36 246
46 83 108
198 69 185
179 122 693
227 91 31
96 41 668
94 268 614
45 51 306
62 150 788
122 120 589
102 144 553
188 122 208
217 14 338
146 43 240
43 145 905
33 222 757
100 234 1
134 180 77
176 58 304
141 216 504
106 240 350
265 74 637
217 120 385
31 61 543
258 271 361
195 269 890
167 84 957
271 12 372
162 255 713
37 145 165
156 248 547
297 9 438
48 22 295
62 51 638
266 221 175
194 262 844
118 91 74
80 156 360
286 196 239
233 84 659
44 13 318
183 116 555
119 77 4
121 4 638
28 240 61
58 263 225
181 85 930
127 138 682
261 108 585
26 114 6
88 10 826
25 259 479
136 83 142
134 81 917
123 83 85
28 295 830
47 245 180
92 193 17
15 185 172
129 182 871
119 274 975
47 26 39
277 250 711
265 247 317
277 93 659
30 235 969
24 266 658
261 41 80
253 90 747
46 292 827
284 102 529
60 276 164
70 300 83
209 268 692
292 68 718
202 6 414
79 286 215
202 263 165
225 201 633
261 42 983
135 152 295
190 172 819
90 137 645
166 51 653
70 283 745
157 79 616
139 248 827
98 120 164
93 71 737
90 137 790
195 169 897
168 64 35
14 153 187
179 20 717
110 287 498
72 151 123
241 254 423
259 138 246
231 252 914
281 96 874
297 236 820
43 39 3
55 240 983
143 46 518
112 208 714
254 145 138
151 260 926
13 153 762
227 151 861
260 9 203
93 259 934
242 206 462
158 217 437
253 291 843
242 48 93
39 248 868
80 16 440
215 25 684
73 24 697
11 64 973
59 231 599
168 70 661
115 126 657
192 94 167
96 235 594
46 26 456
149 205 362
284 209 358
19 164 502
134 114 991
137 271 595
100 158 523
146 159 393
262 284 497
292 183 203
289 70 784
198 226 973
28 182 329
264 201 685
14 134 561
50 129 120
33 95 432
239 57 816
200 24 427
210 100 600
72 178 200
205 68 843
0 48 995
120 214 541
253 200 569
94 211 206
57 247 570
85 132 991
167 28 337
12 102 800
189 264 271
109 257 78
217 67 419
11 12 292
12 215 962
163 6 586
298 299 371
1 291 890
105 34 981
129 152 769
91 141 292
252 159 393
75 73 855
22 27 619
51 292 850
177 153 491
134 82 880
37 13 833
269 111 343
230 117 271
5 220 162
14 25 478
251 157 406
91 188 160
3 229 76
267 281 979
110 201 28
136 140 742
269 11 225
235 246 547
160 143 493
131 82 220
149 297 697
175 186 744
173 7 473
156 80 517
67 148 521
27 191 665
100 31 73
18 124 786
29 98 198
294 83 648
51 50 922
44 286 242
27 48 670
51 259 467
12 217 764
20 293 49
279 244 956
176 257 544
21 124 149
96 107 191
256 2 957
195 159 152
283 11 542
34 204 634
204 93 107
39 170 236
50 182 323
20 265 946
269 272 385
16 180 841
183 7 621
103 266 653
120 167 756
178 72 868
121 154 81
274 218 332
282 165 976
241 296 445
96 227 273
6 216 976
216 90 538
270 219 879
275 283 477
65 208 314
57 95 10
226 77 990
180 15 760
215 240 32
182 132 476
182 110 32
233 132 762
53 144 487
107 267 778
85 41 486
295 274 102
294 141 513
30 145 324
66 45 289
280 93 669
248 249 557
64 98 172
141 144 805
29 200 311
215 178 27
242 285 324
61 32 731
196 297 781
148 38 690
145 30 404
194 69 805
219 126 925
194 229 320
188 231 739
286 184 350
229 101 836
174 279 507
242 246 424
229 207 759
228 120 531
285 60 213
39 129 537
278 269 544
202 45 27
70 192 469
36 121 25
298 201 559
241 223 661
157 222 41
171 118 397
210 284 522
203 70 645
293 216 284
135 266 432
58 43 235
103 233 738
94 186 862
221 38 391
183 192 297
36 151 270
150 9 74
140 2 117
136 238 150
144 8 628
252 277 474
161 59 827
105 180 624
38 134 421
262 11 387
21 226 54
212 116 105
268 43 754
268 153 315
147 25 552
132 272 810
90 64 420
77 166 951
259 249 666
214 75 756
159 240 64
122 87 16
197 23 447
197 212 366
107 284 411
6 221 495
32 294 861
121 271 414
137 280 389
213 238 437
47 241 308
64 284 115
286 85 957
195 174 182
137 145 414
29 94 847
288 295 841
259 226 990
45 86 460
46 35 223
38 135 627
166 48 912
86 17 654
299 198 338
201 159 555
108 53 647
240 186 103
278 105 106
124 287 324
227 204 723
105 31 203
144 63 117
4 127 598
124 216 859
213 142 7
231 147 203
97 122 475
154 200 485
60 222 585
278 189 901
100 39 600
51 91 968
4 64 901
10 26 181
211 76 100
212 245 116
105 140 299
236 126 196
71 54 350
139 108 438
112 228 805
175 49 345
78 2 700
227 130 500
186 101 238
64 33 617
221 77 737
245 192 160
146 36 294
280 230 246
21 182 904
275 32 110
19 194 727
38 133 380
47 215 877
165 195 969
13 56 390
270 44 812
283 248 621
124 143 67
29 67 309
180 104 513
151 292 974
83 111 139
258 29 102
112 268 373
23 266 812
142 101 216
95 154 883
185 186 896
187 101 640
113 138 960
196 235 508
271 174 625
75 82 823
282 113 300
71 156 583
111 265 525
152 244 632
299 92 744
99 108 810
272 283 858
88 203 987
240 204 7
199 221 163
195 194 185
298 160 284
162 229 921
246 283 903
266 238 897
13 243 506
201 202 519
66 296 961
148 169 663
140 105 770
53 235 165
251 227 369
224 59 988
212 131 94
175 192 157
154 101 322
126 101 25
152 161 305
11 110 825
222 234 790
266 66 876
289 32 473
263 285 129
273 2 996
234 283 622
241 124 301
193 162 814
283 202 281
167 102 170
22 10 782
89 57 121
61 220 81
19 90 557
29 288 990
158 93 60
55 20 938
183 262 590
124 264 707
57 121 683
273 173 809
113 60 737
168 78 32
86 197 753
235 154 703
188 31 419
239 34 743
80 31 816
266 62 554
202 54 534
192 233 864
166 255 241
277 161 251
30 108 826
264 160 150
67 116 636
116 261 880
28 290 244
253 142 99
160 136 300
111 113 322
97 72 43
83 18 784
217 296 206
103 20 890
263 41 545
36 225 457
58 50 148
108 233 778
53 204 238
3 20 439
197 108 377
283 241 276
244 116 868
296 175 449
215 144 542
46 284 551
4 181 951
139 152 732
84 265 701
33 119 839
300 16 202
229 212 570
105 133 877
170 144 370
9 191 910
168 216 70
114 42 855
17 277 787
98 84 989
23 157 4
106 119 631
202 194 370
88 60 661
98 56 631
11 71 222
217 74 472
253 128 199
91 26 321
140 272 549
159 124 191
208 1 189
63 55 38
39 128 43
44 277 435
229 174 460
98 173 823
86 205 496
130 101 2
109 49 828
0 61 114
77 39 341
207 19 262
232 54 116
264 8 373
41 227 545
52 251 47
44 34 177
76 218 675
5 159 690
150 174 593
253 276 484
157 20 834
79 170 535
221 173 866
181 243 135
91 297 602
32 44 788
250 70 592
299 261 543
191 287 809
300 102 424
185 41 348
219 49 29
17 137 889
100 148 761
20 82 544
88 247 459
33 60 393
126 217 207
75 99 806
116 65 752
233 27 906
278 21 291
121 120 671
181 104 338
135 68 820
163 279 883
167 201 289
240 6 721
117 177 398
132 136 302
290 198 859
255 31 620
87 292 920
181 168 759
222 253 873
38 292 938
121 164 570
224 150 644
173 50 463
155 207 171
232 96 561
125 176 466
171 216 88
224 12 89
228 112 681
18 46 190
286 17 17
89 1 967
268 167 822
202 18 106
125 181 455
186 187 707
173 31 354
102 109 707
153 183 164
13 80 622
176 237 382
109 30 626
211 72 823
276 62 485
125 293 429
278 35 973
233 155 231
5 66 770
234 106 954
108 213 637
132 154 357
130 64 406
117 212 965
128 90 888
262 299 679
270 94 893
245 57 430
139 39 822
180 96 695
100 120 1000
158 20 829
220 189 563
171 74 193
246 9 81
187 27 198
145 9 202
72 288 852
68 1 534
175 122 461
266 185 237
238 97 17
185 169 365
28 292 718
265 246 140
177 20 237
224 199 53
110 173 581
11 287 318
17 254 443
126 183 926
3 29 951
288 18 280
49 25 426
209 109 932
299 289 169
221 197 281
184 219 677
140 89 179
168 155 989
209 29 821
195 31 484
146 230 798
171 106 3
95 36 741
107 173 622
34 216 670
89 105 768
180 7 417
86 197 166
159 190 764
36 158 981
299 218 283
210 238 707
69 125 504
260 22 516
246 180 131
147 288 521
8 289 930
251 139 686
1 272 130
67 195 266
162 107 668
77 58 819
296 258 746
92 100 876
242 105 781
30 287 683
256 245 761
250 234 901
119 185 994
11 207 328
233 271 716
128 243 732
56 163 807
180 16 946
199 166 279
19 108 174
16 126 432
95 13 664
166 165 225
235 292 878
230 225 706
25 76 800
65 197 260
11 96 775
150 204 208
267 148 275
182 10 606
48 110 239
167 63 222
235 4 960
153 80 387
18 267 24
245 146 350
149 121 83
256 214 971
181 299 958
209 49 469
100 176 334
116 32 744
300 241 592
271 70 678
148 216 120
116 179 962
273 144 955
113 24 831
104 17 415
278 263 743
122 197 557
77 10 94
135 23 196
36 91 806
42 55 600
193 82 640
238 203 48
156 236 122
76 138 708
110 240 618
42 95 230
26 164 622
10 226 566
227 36 461
35 244 465
195 241 500
75 195 57
72 267 136
245 251 114
217 14 568
89 232 569
207 4 355
286 232 626
231 227 959
88 192 245
277 5 768
1 135 898
85 242 759
31 196 552
79 257 486
256 33 500
260 21 640
223 149 292
23 276 323
188 274 215
264 223 248
194 26 967
286 257 300
141 176 53
51 291 247
246 249 42
118 9 514
75 112 173
197 158 517
267 183 622
203 260 29
94 2 99
77 277 214
4 29 543
254 74 423
178 10 571
181 260 829
143 130 476
45 229 904
105 70 78
53 210 947
148 85 97
163 140 826
41 111 113
274 90 66
138 266 107
18 129 465
149 63 204
246 164 391
270 30 788
230 11 211
233 143 70
163 115 367
104 64 327
268 208 46
76 277 511
168 42 321
276 113 776
156 33 403
63 23 988
20 19 145
89 8 350
11 276 250
43 155 580
274 288 229
186 212 67
117 272 153
115 40 301
271 148 600
280 57 1000
42 209 351
224 176 357
75 63 219
247 232 496
217 35 519
201 90 490
174 46 385
107 140 106
39 74 93
37 110 123
300 13 217
71 198 21
151 136 815
87 34 491
195 65 8
152 80 804
275 166 635
18 61 767
104 7 937
30 281 675
142 197 328
29 160 274
139 194 229
248 246 140
87 174 161
52 91 421
133 100 571
29 184 378
239 296 644
77 73 556
231 41 433
292 126 292
53 244 52
109 21 923
260 210 653
31 273 976
31 101 326
264 14 95
14 183 201
223 86 958
138 155 126
182 149 458
103 96 529
54 158 816
153 280 327
133 217 655
3 274 249
292 2 609
235 217 144
243 282 400
116 21 462
224 234 167
196 222 619
164 131 808
139 196 291
140 280 378
144 175 491
221 204 812
95 127 431
64 52 923
60 262 567
231 12 196
181 200 492
128 45 520
130 40 724
204 55 253
74 198 905
46 232 25
78 94 777
108 73 290
292 105 325
44 10 575
110 170 157
45 133 937
200 206 939
293 266 228
36 189 795
261 233 613
77 7 632
263 83 571
13 70 655
223 206 469
49 161 86
274 15 360
273 129 386
100 50 752
258 70 487
241 284 434
144 230 49
151 234 539
173 100 847
87 292 605
291 299 118
191 44 137
30 121 204
105 238 266
66 102 411
68 52 791
160 95 994
7 141 447
140 30 405
57 171 52
102 189 282
215 290 235
160 148 513
84 111 615
99 101 723
222 186 721
245 283 741
18 162 915
201 13 440
37 96 535
62 35 516
155 295 107
282 130 250
144 71 948
258 280 770
114 242 855
80 24 793
183 248 987
129 270 524
53 179 892
43 151 874
270 50 334
164 112 36
131 23 109
295 275 569
257 227 893
24 176 341
108 33 3
22 178 215
205 41 847
274 248 403
75 286 551
250 215 174
256 286 474
241 132 291
215 82 270
284 228 122
122 121 132
32 277 132
11 100 917
233 26 116
151 30 429
189 89 861
216 13 466
115 0 562
208 58 769
147 97 888
22 180 452
267 276 282
81 278 809
47 268 422
149 6 134
175 216 425
195 0 581
117 191 295
81 288 62
242 248 246
238 52 735
285 116 661
141 103 849
96 155 509
283 86 687
283 64 918
169 267 693
268 137 594
218 25 410
249 207 736
146 41 297
242 32 894
245 118 759
159 204 396
280 95 18
87 110 75
12 197 93
209 73 730
231 33 152
163 239 95
276 6 959
278 102 965
45 263 688
275 219 601
85 261 94
19 8 253
31 202 95
220 51 700
275 19 404
51 233 490
234 235 302
159 282 51
159 260 711
250 271 414
291 155 135
246 136 710
200 172 796
270 225 293
191 98 826
256 153 203
79 230 194
54 158 274
172 297 382
203 14 844
2 214 458
9 6 762
139 253 99
153 89 390
39 152 834
107 160 575
209 138 685
34 212 67
63 118 508
253 247 317
257 209 4
252 121 886
150 290 597
166 218 649
252 35 923
81 19 771
250 40 579
240 219 831
24 40 813
209 133 708
52 18 976
170 187 944
232 59 326
66 186 989
193 5 561
195 21 77
183 54 646
61 175 470
30 42 546
154 58 102
262 290 759
138 34 838
175 234 210
30 161 70
160 156 64
154 117 853
120 74 371
204 237 863
162 231 59
152 241 920
61 237 765
76 206 51
264 81 263
123 81 97
102 94 859
290 272 655
45 224 57
214 11 139
220 81 800
211 14 610
217 164 918
283 163 821
290 10 870
121 290 998
203 182 628
181 50 381
263 279 820
197 276 344
135 217 669
294 40 891
223 243 667
109 158 868
169 212 132
149 69 112
228 239 239
251 215 343
148 202 251
291 200 222
276 28 371
83 26 801
26 269 829
28 292 606
249 223 939
292 270 269
251 111 128
220 19 730
262 69 412
23 71 620
212 88 317
30 227 106
216 208 631
191 60 837
228 114 179
46 194 583
256 192 638
77 161 186
16 174 314
292 233 261
4 117 953
195 27 385
13 165 922
177 256 55
105 300 913
298 284 102
71 47 396
197 116 202
111 56 945
113 55 162
295 152 995
111 79 296
60 15 215
42 159 90
152 242 185
103 175 815
40 254 596
60 50 118
35 25 308
282 178 568
216 281 73
43 129 471
160 131 843
207 12 837
134 108 557
251 13 406
287 154 715
8 190 32
221 184 423
104 162 56
44 146 308
95 205 716
157 47 698
142 191 724
66 252 874
247 211 503
243 25 901
191 7 614
222 118 809
178 18 433
58 288 882
296 56 878
243 4 455
105 281 302
179 20 490
200 272 241
100 28 281
116 180 211
299 65 955
101 34 828
97 39 542
110 34 853
213 220 415
299 87 217
82 280 508
37 92 464
45 283 222
274 33 840
47 222 957
8 78 430
281 137 857
164 202 980
216 9 37
22 154 702
82 115 251
15 111 313
228 55 699
120 44 704
276 156 692
275 261 753
298 174 930
138 238 143
260 248 444
114 118 828
127 291 96
277 192 762
256 197 442
11 37 215
285 7 59
105 270 65
163 54 841
134 67 72
37 168 472
259 93 976
235 77 705
139 163 255
100 9 909
271 49 189
187 250 284
182 112 621
278 79 376
231 7 626
221 129 366
203 150 715
67 194 189
77 295 546
10 187 427
267 187 79
156 240 294
294 279 60
195 20 23
223 63 297
161 67 793
58 192 868
13 137 497
175 172 386
271 29 959
229 110 620
222 273 161
98 168 329
60 194 872
24 76 118
19 211 531
30 279 102
26 231 705
30 119 351
270 142 636
18 1 386
143 121 716
13 262 516
18 195 693
22 58 496
268 162 568
187 189 839
205 205 156
297 229 737
115 78 594
37 144 565
201 150 729
45 124 469
180 38 227
183 7 850
221 232 681
123 294 157
68 77 319
67 166 477
84 83 149
285 128 873
181 150 238
18 3 647
291 182 781
8 221 49
88 231 619
228 271 892
20 22 365
46 266 544
102 274 88
119 25 916
6 54 815
111 59 45
48 74 757
274 272 527
170 154 376
46 240 692
11 292 920
118 185 466
51 0 606
50 20 107
239 145 750
115 112 367
249 56 805
298 156 615
184 138 441
103 186 478
151 101 879
31 150 775
200 184 294
66 66 880
241 193 623
137 139 848
25 96 728
93 271 693
180 172 262
179 73 87
232 299 987
6 101 578
85 54 35
259 236 643
113 40 336
146 253 994
175 236 776
221 125 465
163 296 619
37 143 754
132 222 506
10 180 852
175 200 153
133 94 869
251 3 459
171 229 819
147 85 973
74 22 414
277 18 972
287 174 186
204 70 75
268 8 746
55 136 693
205 32 201
212 231 652
178 53 296
63 193 414
172 0 766
300 134 298
251 95 800
295 142 934
98 9 151
20 212 542
157 264 970
171 41 268
64 285 780
150 43 213
23 242 443
233 297 107
289 58 122
197 209 727
23 78 759
147 200 632
57 67 525
152 163 405
224 268 537
291 226 337
296 237 439
11 72 168
259 180 88
235 246 419
115 215 857
166 203 948
231 30 488
265 84 246
7 166 603
177 300 751
52 61 414
228 155 163
217 92 489
299 36 491
221 95 289
185 267 696
189 16 833
248 90 277
43 123 761
29 54 235
97 176 776
52 59 696
70 18 115
59 151 712
31 241 147
131 75 334
112 160 118
96 7 508
20 58 142
16 263 806
299 39 697
28 98 271
264 46 444
22 198 846
188 76 47
242 254 26
169 145 539
276 282 200
109 55 511
14 170 93
94 220 95
247 72 451
69 163 64
40 56 651
64 290 426
30 194 124
224 28 170
2 273 806
260 250 236
154 48 667
94 9 386
120 294 193
97 257 715
206 210 624
128 177 5
38 234 526
85 99 518
135 91 588
254 178 549
117 276 309
245 7 363
7 138 991
250 112 915
109 99 616
184 263 516
61 182 679
17 271 774
193 125 309
37 154 244
115 18 661
160 5 51
253 112 665
197 224 296
190 231 424
165 78 305
245 144 104
33 63 737
27 281 375
226 57 25
298 14 557
80 174 492
130 269 595
252 9 152
246 251 227
27 300 205
265 7 563
17 287 568
140 72 56
85 189 705
47 32 33
274 32 140
268 257 231
7 103 818
204 226 653
299 51 525
244 139 591
228 86 266
81 60 243
97 153 348
161 211 944
76 129 336
145 269 518
73 164 655
21 164 577
9 252 475
17 107 113
171 88 207
106 128 448
151 93 795
97 123 280
298 199 882
263 139 145
57 185 148
33 142 898
159 111 453
68 200 844
264 297 811
203 143 405
149 152 391
229 9 655
123 30 294
121 61 436
247 49 211
149 34 857
297 286 275
286 229 153
24 33 739
295 74 109
54 289 180
217 84 111
77 114 271
145 84 550
146 65 915
108 53 825
81 40 455
219 266 448
82 194 788
40 266 564
98 205 508
161 233 971
171 234 959
230 225 199
138 35 119
274 114 527
260 277 741
30 16 500
217 240 497
41 297 852
274 39 166
298 80 705
155 155 228
114 256 263
258 74 676
116 227 45
276 134 476
5 108 250
19 258 425
20 84 200
270 261 535
26 118 722
12 21 824
150 108 824
198 127 716
157 138 73
93 155 356
166 242 973
299 295 581
241 26 81
14 233 132
241 22 975
212 74 120
254 244 352
166 102 153
237 294 755
238 78 301
103 208 5
46 271 490
90 253 50
166 42 595
37 15 944
275 127 984
145 179 695
48 234 828
16 204 429
153 207 656
132 285 147
183 72 4
141 10 35
104 159 204
199 103 959
40 184 942
275 192 134
266 272 301
146 109 624
98 219 261
95 211 824
53 224 108
33 56 849
258 247 763
194 242 791
20 122 1000
190 65 225
160 107 928
22 79 63
269 294 872
130 100 960
82 154 228
206 79 326
260 201 635
244 145 994
104 22 730
110 272 350
159 107 767
245 229 541
300 216 603
174 132 747
94 200 240
224 209 25
165 69 860
226 123 511
76 298 209
176 23 65
156 74 523
266 63 874
36 80 427
260 279 752
280 118 265
180 80 3
99 280 641
287 284 240
69 50 102
76 206 958
62 52 637
158 300 967
73 47 398
131 162 813
270 213 791
33 0 590
189 201 517
203 205 422
222 83 167
20 183 308
73 223 955
117 129 711
2 125 349
67 81 821
4 27 80
212 56 420
28 18 584
215 235 645
56 259 707
120 94 612
275 139 811
140 90 794
50 113 633
297 205 605
35 284 587
63 70 940
224 232 290
237 212 226
271 22 837
243 13 977
197 114 630
98 166 840
120 79 68
122 279 746
118 244 159
180 61 394
78 131 833
276 6 308
45 132 301
225 237 437
141 107 555
146 179 404
248 145 13
198 289 466
194 278 845
23 262 152
209 148 985
239 61 787
50 108 448
216 165 43
248 23 40
258 222 89
52 135 112
193 203 110
187 145 544
171 201 815
100 102 893
186 105 697
203 129 781
200 171 998
84 87 41
44 88 711
229 121 576
299 118 851
259 213 765
153 135 699
172 112 422
136 16 73
109 140 49
27 37 970
51 258 572
201 38 629
147 25 560
76 272 240
159 277 911
50 268 227
200 139 787
96 127 438
136 263 413
34 176 49
149 49 144
68 122 110
38 145 754
169 52 276
54 284 161
294 175 198
214 186 810
260 47 715
220 23 745
172 166 132
231 227 9
182 70 878
11 30 391
1 151 6
253 85 126
55 111 967
292 283 529
44 245 886
7 156 306
72 166 77
264 164 535
140 278 885
123 135 222
105 210 222
163 254 184
25 81 796
28 215 832
231 269 127
70 59 274
18 174 969
242 231 486
122 114 219
43 285 959
155 27 188
251 273 877
59 275 756
38 187 357
155 168 277
142 64 841
283 153 12
295 205 216
220 68 811
295 208 169
241 68 806
236 172 232
244 68 232
123 50 332
74 98 784
161 183 532
80 112 200
196 282 317
240 204 423
150 70 639
73 183 159
161 140 984
147 234 487
193 41 764
19 253 106
235 153 162
6 50 191
229 103 737
157 4 709
22 137 54
256 266 24
52 186 304
195 79 191
143 270 383
217 218 769
76 221 490
246 149 736
126 2 622
182 261 401
160 74 350
2 157 988
50 269 890
238 24 643
202 216 234
116 9 665
212 227 933
36 97 328
287 0 527
250 53 303
0 52 35
253 225 748
91 257 380
131 12 950
57 199 208
95 27 131
255 93 909
95 116 107
128 86 861
5 7 109
121 41 322
263 130 755
207 195 696
31 184 240
252 242 709
289 115 943
67 179 843
172 164 888
227 93 900
20 234 523
96 274 672
65 137 571
188 211 270
297 104 817
138 0 710
279 32 724
193 68 185
98 281 55
34 141 216
19 8 494
52 134 913
194 160 376
295 106 189
10 257 480
54 130 158
246 270 294
131 30 657
300 138 973
288 1 778
29 285 94
19 32 441
226 96 405
20 242 918
195 237 210
110 1 695
11 90 953
144 142 223
225 162 997
300 128 602
0 241 608
12 228 257
98 82 855
262 10 683
82 244 65
248 53 600
169 184 709
65 197 63
45 229 211
244 98 147
86 149 215
139 276 98
57 209 271
234 65 554
263 263 151
275 282 991
285 134 456
52 226 969
237 283 321
81 212 986
194 120 367
210 146 575
128 178 30
87 3 196
232 297 765
123 293 603
200 171 945
280 209 79
36 92 621
241 171 159
114 119 100
225 152 222
255 91 852
43 19 483
87 71 870
102 43 99
238 165 53
217 178 191
126 93 427
15 250 805
114 48 902
283 83 973
254 283 872
42 13 354
168 74 932
170 62 211
50 114 15
205 165 282
130 249 608
74 216 159
284 79 490
51 104 714
119 277 442
187 139 79
23 10 698
204 92 48
139 10 975
199 153 909
100 43 754
100 187 268
151 127 369
261 296 50
7 214 265
93 189 799
294 18 400
13 220 690
296 287 454
157 73 603
234 221 435
242 77 375
206 296 257
77 297 890
44 235 139
215 272 597
211 300 943
273 8 664
178 12 391
275 248 125
231 256 381
42 69 828
295 254 645
5 297 264
192 165 819
1 164 305
9 232 354
171 138 342
123 248 163
64 257 36
33 103 763
259 142 710
79 138 272
166 218 555
222 255 966
276 29 59
280 19 261
260 223 844
82 9 888
83 29 552
299 240 41
22 179 987
132 295 628
59 192 202
77 226 280
184 6 553
73 288 443
129 116 370
116 128 765
86 65 770
189 251 446
74 78 996
149 137 312
117 61 138
62 95 824
15 33 794
118 272 600
244 75 640
156 107 719
67 125 227
14 260 436
111 25 619
147 2 685
144 116 114
8 202 135
227 117 820
200 135 151
63 104 110
66 189 387
99 243 704
234 224 653
43 217 222
220 88 873
213 181 136
56 92 136
21 103 235
178 11 904
105 55 67
234 91 604
178 112 598
130 227 102
183 29 66
66 159 920
30 179 945
11 159 790
187 207 173
0 7 373
159 3 284
21 237 305
61 105 845
52 172 227
254 79 865
227 143 892
228 97 302
157 89 936
286 26 582
38 71 689
77 17 770
158 183 499
0 2 978
35 63 783
71 28 526
127 276 757
89 286 581
276 266 607
209 72 834
50 58 374
235 64 395
32 53 735
253 54 312
212 184 229
30 243 484
88 86 809
285 175 767
260 240 587
27 215 88
188 130 146
132 28 721
256 33 843
146 110 651
119 156 997
181 174 866
84 234 93
69 161 561
116 259 649
44 160 878
104 90 138
102 236 535
187 80 777
188 69 578
260 203 29
34 263 176
104 238 653
63 219 149
205 116 550
155 34 995
134 141 853
159 279 771
169 101 859
249 156 476
233 162 566
196 240 101
252 168 824
140 270 316
174 80 806
23 145 389
224 86 672
57 146 195
203 203 722
204 226 545
227 45 245
9 245 747
284 196 255
175 146 19
41 251 304
252 60 296
217 90 328
252 51 412
176 23 633
70 179 73
28 37 450
206 62 639
165 167 42
37 194 497
23 12 380
82 134 142
177 250 641
291 258 211
13 197 749
247 201 450
43 218 544
273 49 714
210 206 515
156 251 582
272 195 150
81 295 889
148 7 315
217 103 109
291 216 261
16 226 166
215 284 899
153 76 885
80 143 816
181 121 392
94 141 429
230 78 914
84 90 954
93 270 622
11 195 596
266 68 207
16 139 898
0 69 657
162 170 22
210 173 443
277 276 141
24 124 556
221 175 901
180 231 364
288 244 840
212 191 261
279 226 445
179 299 103
151 1 457
91 11 343
270 61 739
101 94 95
201 261 521
175 95 988
66 88 700
213 102 564
228 16 26
127 288 519
196 255 949
205 159 161
167 290 721
141 80 154
295 270 463
185 23 385
210 74 882
300 105 771
71 153 97
249 103 319
46 59 584
3 99 216
111 113 264
22 216 547
172 26 531
94 138 379
65 174 797
110 111 448
123 193 195
251 64 240
240 100 853
161 268 58
226 158 486
261 162 921
233 175 257
245 35 280
230 48 369
67 88 109
15 259 202
42 136 260
168 228 983
135 243 853
50 203 651
174 285 724
227 78 411
53 220 87
38 158 905
62 142 991
160 98 318
221 153 606
184 277 173
75 37 678
122 13 453
215 269 943
281 10 258
265 271 499
206 247 145
268 13 451
229 210 780
233 83 963
140 140 777
257 108 219
237 179 851
72 82 286
40 3 537
135 11 569
103 229 435
186 247 614
61 135 983
9 127 273
297 192 570
201 188 151
17 171 762
183 67 889
258 124 224
162 84 988
261 35 76
119 185 759
55 251 409
229 186 916
70 214 855
30 127 688
232 10 510
61 230 516
69 167 623
84 274 791
235 251 307
275 29 510
267 230 152
60 238 602
267 15 83
59 159 933
258 96 30
252 117 290
52 240 85
206 93 137
33 249 428
30 61 84
170 184 152
129 214 772
132 44 541
46 23 475
110 59 489
88 189 667
45 74 563
277 37 110
176 232 404
155 99 626
110 86 971
262 89 556
192 261 694
137 286 610
242 198 356
107 42 818
153 156 322
265 290 598
293 171 217
6 125 686
289 87 300
5 70 482
132 253 316
116 29 890
221 193 193
255 238 802
234 133 905
10 108 427
118 160 663
56 276 562
294 111 715
251 130 510
19 14 665
79 222 465
27 9 567
114 14 187
123 46 70
285 7 130
94 120 979
195 279 838
270 30 886
57 278 621
174 40 925
14 73 243
244 4 954
250 164 422
102 103 169
284 229 142
35 261 583
47 9 39
68 117 866
265 54 768
51 238 12
242 123 783
255 104 572
201 251 141
19 168 433
51 26 879
259 28 711
188 281 444
133 107 961
3 129 966
37 233 418
49 157 83
186 122 916
281 251 857
81 112 828
61 76 592
120 102 93
235 21 677
294 216 785
68 43 920
184 1 190
131 149 701
177 194 980
251 112 820
19 96 330
42 246 396
280 296 702
39 129 48
141 46 97
27 1 566
84 238 24
206 214 261
68 212 56
44 122 152
289 215 563
84 54 452
51 171 665
198 130 888
49 138 856
181 106 796
137 132 675
228 210 101
221 282 706
245 185 979
80 162 720
62 239 316
23 287 101
181 96 517
242 288 364
245 132 981
136 80 480
65 39 440
288 165 218
250 68 948
225 25 138
241 135 162
207 147 695
10 242 94
87 144 590
91 57 143
100 248 902
6 3 851
296 61 90
123 203 154
235 106 769
225 176 110
55 181 396
253 246 78
36 173 176
24 84 159
155 96 259
190 213 123
88 11 179
168 213 614
160 35 166
69 291 327
190 80 638
296 258 538
123 169 205
45 205 731
132 189 575
287 101 815
151 267 712
48 182 667
118 155 7
165 139 272
120 41 31
225 233 636
143 253 260
9 257 249
262 160 460
288 49 482
199 231 302
235 259 203
86 73 613
144 143 151
197 129 781
260 248 603
13 55 870
141 16 272
252 226 335
130 171 99
57 262 958
194 221 667
205 222 542
121 40 359
250 42 917
33 70 98
7 263 841
194 204 384
169 59 588
164 92 903
45 262 338
152 272 942
84 278 631
82 258 816
23 21 256
106 265 640
8 162 719
140 20 956
63 68 796
16 130 30
242 20 858
183 278 644
39 23 362
276 61 461
97 252 811
18 40 600
256 252 570
279 114 739
194 0 377
211 107 281
102 174 207
3 30 830
191 136 211
119 196 343
0 74 402
43 220 746
153 34 680
165 3 847
294 271 776
245 132 33
180 293 438
132 284 467
114 190 806
240 161 792
82 16 773
279 252 296
258 177 429
210 82 551
100 176 112
85 62 670
280 278 484
270 27 175
98 219 563
143 182 306
215 267 823
89 140 300
20 219 106
50 59 3
79 240 233
130 104 272
6 24 213
290 128 951
9 173 137
289 259 982
281 166 408
92 53 849
121 19 102
225 283 173
20 22 649
255 250 67
245 203 824
193 0 437
240 0 433
295 277 311
114 74 409
261 123 282
101 64 184
153 204 586
240 218 281
119 207 926
206 26 993
290 236 684
235 35 704
256 247 373
120 91 637
104 210 229
46 116 192
245 228 384
245 108 827
192 245 152
93 119 95
155 213 491
300 152 510
233 12 950
109 116 334
46 199 807
149 263 553
164 93 288
268 75 292
248 77 205
45 218 180
52 299 202
132 216 460
158 3 749
53 9 703
67 255 677
297 56 170
132 232 654
102 197 224
155 223 421
225 82 782
239 106 661
99 236 200
78 295 606
161 231 34
261 79 710
109 23 686
7 236 401
147 20 567
129 145 270
146 11 803
143 283 235
106 133 193
93 54 466
81 133 844
180 249 762
125 100 250
46 288 888
20 263 766
119 144 662
253 86 506
1 275 741
17 299 576
51 151 329
100 241 591
147 234 770
89 115 138
29 21 100
60 262 759
46 0 897
175 275 301
216 162 32
18 35 62
258 285 746
270 106 385
207 245 552
135 227 620
164 145 311
219 170 677
168 96 837
155 193 430
200 52 67
203 195 211
180 167 604
284 161 125
169 249 514
71 75 812
187 101 698
24 269 976
17 185 295
50 265 95
176 75 19
142 9 847
177 115 854
261 6 507
91 91 966
139 262 374
268 201 204
256 135 743
225 42 579
213 280 296
193 161 17
68 117 443
272 115 576
300 37 189
181 240 42
207 20 535
277 59 772
95 155 832
235 256 284
232 254 277
267 268 792
200 191 544
105 271 419
27 45 518
67 237 569
63 291 287
108 150 364
293 193 797
197 107 694
206 2 0
221 166 563
102 30 648
39 46 214
35 93 463
209 117 611
72 219 519
203 47 777
195 264 954
181 55 335
12 237 861
211 274 361
124 203 17
186 82 916
86 60 871
229 62 437
185 77 116
205 58 163
152 99 273
232 151 193
0 30 72
7 218 609
94 174 582
177 144 316
286 74 276
115 120 660
289 233 326
299 45 320
272 286 694
235 146 534
47 118 446
207 21 709
142 117 354
177 123 846
290 9 370
103 152 339
80 52 507
228 163 58
94 84 169
237 208 871
2 154 676
169 183 161
184 246 260
208 2 314
265 14 44
153 275 696
255 243 407
86 300 550
139 119 662
172 215 795
0 121 393
19 133 622
176 237 962
295 190 849
114 274 662
147 272 826
201 288 374
279 1 387
276 187 158
180 264 208
116 17 26
58 249 980
60 53 316
230 10 552
124 3 691
111 293 431
184 8 906
170 264 967
130 124 741
88 71 479
70 52 681
229 82 604
63 131 538
263 287 925
223 16 461
63 120 855
57 174 682
225 154 144
204 171 209
142 10 262
207 49 47
51 126 742
139 295 646
240 169 499
260 180 909
109 207 668
90 244 233
218 202 307
260 36 136
40 17 450
60 229 471
121 223 558
132 126 893
191 89 327
124 15 253
222 69 35
124 182 949
222 130 575
71 293 462
291 20 0
86 49 351
249 200 226
252 101 774
50 135 738
91 193 284
134 282 883
83 44 357
89 247 855
160 122 319
140 24 660
109 268 94
234 94 298
17 278 993
62 272 544
275 122 740
46 208 479
202 99 446
168 110 572
119 172 937
7 78 153
229 183 277
237 54 871
26 76 126
57 213 293
149 224 466
115 150 823
218 35 541
66 176 668
145 265 954
74 96 213
292 0 386
126 72 867
181 186 944
98 40 655
76 2 216
43 73 447
82 12 52
253 66 232
230 100 961
157 98 159
179 262 818
286 290 366
239 244 811
27 73 199
263 57 959
172 155 766
133 92 486
41 86 555
279 12 760
106 17 446
18 251 151
166 59 892
143 278 259
53 22 218
138 123 693
52 187 893
11 154 225
36 150 958
160 161 185
205 273 994
196 59 322
259 255 998
128 197 271
42 230 637
108 16 522
147 264 26
23 2 934
155 200 954
284 253 369
70 247 17
48 221 21
217 269 792
108 210 824
246 98 530
163 98 899
218 162 605
184 231 87
165 8 618
170 168 705
18 200 962
131 255 361
283 281 995
46 263 108
62 250 197
121 153 174
27 103 276
259 253 282
206 251 197
268 132 138
254 194 469
239 171 734
273 129 164
192 4 272
245 113 802
198 162 172
113 285 108
124 23 554
260 173 165
240 212 121
140 39 706
274 63 847
249 119 304
218 299 375
107 300 807
103 262 953
25 276 805
16 113 725
220 82 611
133 118 279
174 21 87
242 214 650
152 162 383
82 219 93
201 90 768
215 227 806
255 170 766
123 173 106
218 219 409
127 229 183
287 278 632
158 247 167
68 107 736
98 140 971
231 262 110
300 185 160
250 25 886
223 132 216
197 205 125
107 71 257
288 300 103
162 150 92
219 200 93
91 190 938
103 11 826
5 89 272
45 82 306
39 158 370
284 239 723
64 54 59
200 196 760
268 127 857
109 34 711
108 50 952
184 132 804
219 86 716
135 247 489
11 202 454
20 191 712
107 125 204
75 197 241
124 207 956
92 134 445
100 115 956
187 117 37
228 163 894
110 182 792
211 139 362
214 251 945
145 279 738
114 96 506
132 179 128
70 270 757
47 204 881
286 201 10
63 54 794
100 190 961
113 37 857
65 183 415
5 121 542
20 184 489
300 101 858
252 49 989
141 284 763
45 260 139
24 179 345
125 47 220
175 85 76
230 250 451
149 15 199
27 106 604
259 173 135
29 55 784
135 10 26
6 271 539
167 36 535
8 6 996
33 216 349
38 198 951
172 107 825
259 274 476
221 185 859
58 194 261
63 20 931
180 145 176
9 257 739
87 265 719
7 84 284
25 108 797
172 3 233
99 201 670
215 10 868
105 50 240
62 30 981
27 174 927
0 21 321
7 275 139
92 2 98
241 189 160
281 74 898
139 123 26
207 146 125
67 237 632
274 132 98
205 208 540
253 120 988
233 116 203
203 146 144
29 140 213
290 42 98
252 203 34
154 77 845
222 284 599
74 243 193
44 42 255
109 193 815
95 277 964
113 2 953
96 13 500
157 166 551
250 300 192
133 264 675
225 76 196
277 4 240
199 124 759
91 51 944
28 25 48
1 109 596
12 39 456
244 263 620
84 194 793
89 18 921
6 114 373
60 30 575
215 31 139
66 268 479
183 113 394
163 145 253
101 144 655
25 14 605
57 277 553
205 80 613
17 95 436
216 182 623
266 84 470
105 26 905
86 72 423
94 128 612
87 100 811
265 168 313
173 186 180
226 205 304
185 162 131
239 33 606
10 162 519
48 236 83
300 64 429
142 138 768
235 241 112
70 33 503
235 245 803
97 30 898
145 23 831
276 128 75
227 253 932
137 119 476
189 182 34
194 207 764
142 206 332
92 230 826
203 88 205
30 49 104
99 205 695
59 270 858
82 28 888
240 224 372
84 87 531
23 291 792
20 297 397
188 123 632
140 15 544
102 112 784
256 183 654
66 276 318
164 272 364
88 255 804
132 256 793
271 300 639
206 57 34
105 71 358
240 151 962
108 180 233
43 22 567
37 293 880
276 136 28
77 149 614
7 245 483
81 77 647
48 229 30
298 269 18
252 128 794
109 46 434
27 219 972
130 227 181
201 257 232
40 61 396
27 204 32
181 7 458
60 25 959
130 67 998
216 203 202
276 20 331
180 18 568
258 130 526
244 162 210
21 271 90
2 25 290
204 231 16
97 154 64
99 73 265
235 177 226
33 257 350
144 255 758
277 183 692
252 171 96
217 229 226
111 20 129
100 282 669
74 59 624
59 205 992
60 143 807
263 154 671
198 168 44
94 231 89
30 184 856
86 118 75
273 89 864
160 19 15
289 58 549
1 175 766
71 44 12
19 66 55
290 148 839
292 295 376
59 274 299
22 216 184
113 229 351
217 85 306
158 296 656
198 242 133
260 202 856
236 112 763
7 225 164
75 210 128
37 175 883
254 117 443
231 71 295
108 268 304
179 184 864
113 246 478
34 80 81
229 15 333
48 32 337
17 150 837
20 135 294
222 242 41
195 66 523
237 120 131
198 140 26
152 104 30
34 242 99
104 124 836
9 202 594
295 282 376
199 27 498
190 258 646
70 123 344
100 160 391
38 195 109
118 146 198
112 52 344
155 197 539
85 127 297
281 267 387
36 17 972
280 207 313
293 146 416
30 22 859
210 59 470
102 187 869
175 224 331
160 188 752
216 189 380
45 115 858
29 75 214
140 177 793
18 44 289
44 27 254
223 5 796
52 8 692
25 234 260
194 33 835
261 147 135
38 31 810
137 73 879
234 28 300
89 63 247
296 273 504
133 93 682
165 91 525
167 101 941
122 131 956
13 178 628
174 246 545
57 57 803
114 70 780
94 100 569
3 95 16
53 91 34
250 208 428
281 48 779
138 67 321
177 207 244
50 118 823
232 0 849
27 158 774
65 104 689
213 49 93
82 289 125
165 38 483
32 62 174
224 167 622
115 155 29
252 103 873
142 292 669
28 119 52
170 264 675
295 24 694
94 261 960
195 82 54
157 136 865
22 202 460
102 151 283
189 228 135
123 141 462
159 246 168
41 176 282
141 121 339
56 282 487
144 8 984
194 82 300
219 46 564
28 163 63
248 199 986
112 45 445
272 259 744
269 65 986
205 70 44
228 150 963
192 134 371
236 0 655
234 279 403
270 266 792
196 91 38
25 43 169
281 129 647
231 210 821
88 131 677
55 140 222
140 92 447
282 98 687
76 277 931
109 280 115
287 16 270
268 60 492
43 13 736
125 238 463
43 225 577
294 248 159
230 79 321
153 171 123
175 45 915
36 287 244
60 116 135
138 205 873
221 137 723
226 175 707
8 56 45
115 254 939
159 207 407
62 265 31
36 298 17
114 198 517
219 132 571
24 244 367
174 46 466
83 273 665
292 185 401
156 2 749
255 185 756
300 163 883
52 133 193
126 133 965
46 135 424
81 126 408
267 287 790
35 175 421
24 97 1
236 114 363
191 140 140
100 210 799
179 187 985
62 277 757
8 82 781
143 88 978
208 137 112
132 204 406
52 299 617
55 76 6
118 107 103
189 8 990
125 217 455
143 129 562
291 170 103
253 116 729
190 260 147
112 87 632
65 224 425
188 292 877
65 267 651
203 284 905
276 220 553
215 167 151
221 167 200
251 80 297
8 108 203
116 31 986
182 176 83
26 94 473
125 93 172
105 2 883
278 289 529
22 135 383
151 114 892
200 64 309
231 154 328
293 26 984
234 234 721
147 46 892
134 294 374
218 53 670
287 118 859
49 203 854
126 84 586
288 277 451
189 34 762
196 106 457
65 156 100
184 168 187
57 178 903
272 29 653
254 25 491
270 222 923
151 238 719
2 94 305
197 218 257
105 282 777
205 178 798
204 214 79
297 106 605
189 59 517
12 219 911
84 239 421
82 278 530
104 145 876
96 174 499
179 274 454
113 14 670
164 297 770
278 299 589
71 243 571
299 99 319
104 89 784
23 64 454
189 121 788
201 27 741
271 238 849
62 220 825
174 0 311
256 291 938
25 156 727
165 176 329
63 255 711
76 28 474
73 121 734
83 134 922
264 239 843
17 294 201
170 224 298
97 298 71
261 203 301
198 210 370
295 131 548
242 201 335
202 223 10
285 263 861
278 191 779
288 269 316
79 119 150
220 139 634
157 106 314
92 123 738
297 263 155
233 138 374
222 221 834
95 276 273
134 66 78
75 256 846
129 189 336
44 61 798
183 266 622
264 283 264
151 105 940
135 132 204
121 117 791
35 65 882
2 97 976
58 256 611
294 179 248
25 23 311
229 35 196
11 8 680
93 72 396
13 220 229
261 34 473
232 139 8
264 175 281
70 106 951
63 193 309
212 75 514
125 143 766
132 244 144
262 150 240
256 75 373
262 42 262
197 82 72
29 4 460
163 298 513
8 22 919
84 169 452
92 25 97
267 207 1000
77 267 242
286 70 200
288 203 544
294 163 625
87 218 138
92 147 126
255 155 54
281 142 632
172 178 597
221 118 890
32 125 878
148 249 686
66 265 605
38 20 212
108 110 211
83 288 58
49 177 167
29 94 749
0 279 781
131 62 593
225 228 890
113 186 920
121 94 885
110 5 611
190 125 549
160 109 457
255 235 866
218 24 788
231 216 21
199 8 603
50 40 221
28 76 563
230 65 439
224 40 384
177 156 839
163 171 286
182 244 91
159 117 928
179 118 224
206 184 226
88 233 462
173 38 168
125 86 231
170 102 897
143 175 347
268 264 834
173 14 658
73 12 427
183 134 526
80 106 253
169 275 983
298 216 222
203 108 484
71 150 323
21 279 125
298 268 221
161 233 251
284 176 377
74 254 58
186 32 620
227 105 587
251 114 842
168 156 198
170 20 374
46 287 954
194 30 647
86 49 80
83 192 467
186 19 750
99 25 841
217 149 631
286 220 889
58 228 396
227 204 268
157 124 690
227 250 917
175 25 483
198 99 758
5 75 973
176 200 826
98 265 612
58 185 626
189 292 799
295 13 776
250 140 682
151 211 403
250 254 171
182 52 676
16 163 397
49 189 757
274 283 218
273 10 969
116 0 150
283 52 615
170 79 693
128 296 900
252 177 269
267 264 796
34 214 468
298 42 502
150 193 33
43 57 778
12 152 726
133 231 460
8 46 513
272 272 720
65 20 584
81 185 937
248 9 288
268 218 303
22 178 357
119 238 664
141 279 323
291 76 799
288 243 659
31 20 789
271 97 863
117 68 70
110 247 51
237 20 34
180 37 574
18 42 138
275 31 569
33 193 409
22 80 724
233 254 816
164 140 737
94 70 250
84 161 91
56 103 717
241 51 419
23 288 483
120 228 795
123 104 636
218 150 775
164 43 196
221 81 594
233 295 918
19 119 67
245 133 860
272 13 492
212 128 414
168 163 54
49 53 934
41 75 33
151 129 754
105 150 447
27 185 46
116 199 47
173 37 819
297 73 796
33 163 472
65 177 812
169 122 284
85 209 914
3 165 284
290 47 909
57 121 622
207 58 794
88 69 725
225 7 919
67 98 53
165 134 320
88 69 239
46 51 264
40 93 541
128 83 1000
119 135 837
100 50 200
260 58 543
205 249 141
201 158 840
146 166 357
184 96 377
232 76 781
284 266 552
205 159 791
215 136 854
127 102 679
133 267 665
149 300 555
74 54 729
195 121 726
251 113 476
103 151 829
77 20 702
75 275 818
29 199 304
285 162 863
138 22 235
294 137 862
145 124 655
180 106 320
210 18 182
244 24 908
282 3 672
157 134 717
66 224 840
10 294 537
77 212 120
214 212 726
22 153 660
14 193 445
125 171 346
84 211 597
64 254 737
164 100 943
297 65 75
109 1 214
81 148 209
23 249 315
136 58 227
11 185 735
121 290 675
254 281 79
270 110 84
1 179 797
192 285 246
226 15 978
232 278 664
194 181 456
186 206 929
277 177 235
215 75 108
198 265 639
247 178 646
26 72 932
30 270 710
88 111 854
43 220 241
7 93 714
82 137 566
293 149 101
54 97 518
182 262 167
151 38 496
135 57 39
261 33 109
117 174 559
114 135 882
135 206 643
3 137 545
135 291 614
145 127 773
285 63 856
298 153 727
9 235 668
200 49 738
2 266 918
200 134 545
207 191 308
174 194 445
261 211 464
169 74 842
280 8 336
179 221 873
127 277 838
89 45 513
81 7 598
38 5 813
107 164 180
106 115 55
89 202 990
281 27 734
233 217 352
57 34 637
11 33 611
161 136 914
169 297 457
59 142 595
283 151 867
245 36 612
186 237 779
39 184 867
263 121 221
296 51 750
29 18 998
147 209 681
268 153 855
120 242 285
66 222 731
102 187 450
251 108 776
67 32 96
223 271 350
122 295 624
128 79 781
283 233 557
50 100 974
168 227 42
175 263 958
203 142 422
114 208 283
70 263 969
202 241 923
211 33 31
194 215 234
44 120 266
105 16 214
92 297 357
262 264 929
92 212 730
297 298 697
287 14 795
254 169 698
68 39 637
55 131 337
75 217 330
276 174 720
271 252 324
27 65 779
213 185 110
103 119 42
297 224 255
276 63 157
271 88 25
47 114 17
227 149 876
133 213 41
246 180 129
56 74 805
47 219 394
275 285 542
242 258 971
50 55 195
30 66 859
170 292 537
105 129 835
125 71 841
25 103 240
230 173 413
139 144 722
200 178 433
135 147 567
220 166 269
5 112 939
135 206 55
162 270 895
77 70 63
222 205 974
31 247 668
177 236 158
266 259 228
11 150 962
164 279 863
193 89 836
119 286 156
284 89 370
1 246 758
56 291 92
210 288 888
159 289 384
125 168 245
241 299 496
25 94 706
23 268 380
256 140 418
185 175 52
5 274 636
290 9 715
115 216 470
91 14 642
87 269 413
82 271 406
69 5 565
111 200 114
11 83 304
16 262 76
292 9 391
227 173 70
10 89 257
21 163 156
56 62 600
271 170 993
189 203 859
205 212 450
34 24 204
13 238 660
95 105 561
219 55 429
113 133 824
165 156 973
297 202 487
15 56 343
83 280 860
87 150 609
38 299 197
151 74 446
178 229 485
260 105 382
103 56 420
277 275 213
88 193 936
279 141 883
187 115 181
153 193 958
168 289 374
224 298 70
173 70 564
126 109 95
103 136 266
141 201 901
233 110 276
264 55 954
45 266 797
243 85 472
111 101 769
183 265 560
293 221 492
264 254 387
261 246 272
105 108 348
6 109 378
183 232 119
235 167 284
212 187 472
171 57 787
182 16 975
81 255 663
278 112 829
96 23 524
21 57 752
124 242 386
106 99 38
168 71 640
276 291 666
3 252 549
159 120 344
152 88 463
253 2 118
234 186 552
131 170 585
220 114 850
145 272 496
250 229 581
31 202 279
151 44 624
70 181 583
73 280 343
126 85 168
178 156 480
135 157 491
7 242 362
81 70 856
74 63 537
4 136 195
222 275 522
127 82 277
90 161 136
150 221 742
59 33 655
193 187 171
105 49 618
279 248 506
129 245 566
71 243 285
51 291 276
200 292 918
42 249 380
107 103 131
68 131 170
99 218 292
56 264 557
113 114 821
142 180 502
111 109 787
50 205 523
210 241 425
126 61 402
254 67 977
287 174 285
83 59 232
259 129 881
192 161 300
236 215 448
116 276 590
60 201 631
243 297 17
105 239 948
100 189 684
32 158 695
58 41 661
203 63 22
259 182 956
32 232 372
101 108 403
109 41 734
142 282 48
10 280 555
246 114 415
74 225 310
160 96 519
131 139 858
226 257 733
250 40 852
52 288 122
44 205 149
228 256 928
245 29 935
234 147 981
205 6 817
287 201 601
274 202 254
262 152 456
249 266 875
173 236 966
231 175 767
40 129 882
0 240 617
292 93 233
92 204 844
1 256 561
6 285 477
95 261 2
92 35 371
296 228 105
166 121 380
67 110 157
111 204 320
192 221 912
173 124 60
259 266 242
228 250 131
81 156 549
138 200 637
173 1 586
131 108 384
83 157 318
27 189 25
203 238 555
225 169 395
18 151 295
244 250 733
117 291 322
126 66 223
38 118 840
87 271 18
129 227 431
215 69 698
232 188 540
29 126 114
69 217 171
237 281 832
101 165 300
177 66 617
149 137 680
8 126 641
191 68 848
167 200 752
74 37 437
259 253 699
213 176 324
34 38 877
55 257 841
39 264 173
216 63 424
183 182 749
146 166 629
71 217 240
152 24 643
202 276 451
183 53 574
84 16 625
160 234 146
238 65 66
47 89 400
4 150 73
221 80 71
113 133 913
78 145 380
117 58 141
23 201 84
145 31 48
129 253 45
246 242 427
283 267 669
77 114 788
71 47 504
197 20 612
108 94 689
153 164 52
280 245 816
262 261 111
57 182 533
43 99 656
251 131 288
62 45 648
22 142 971
292 114 26
6 169 512
5 165 879
134 72 192
30 226 217
21 186 158
82 108 207
84 22 912
49 185 820
151 27 730
264 84 240
229 210 980
166 84 354
255 94 671
187 43 509
179 100 224
135 17 83
97 260 731
66 43 625
205 11 837
141 16 489
175 74 125
47 12 902
277 52 942
179 23 571
118 21 944
272 213 143
181 86 894
216 178 143
75 298 529
266 258 240
81 170 914
46 191 557
13 55 518
79 252 645
46 14 464
163 180 30
258 124 612
147 297 209
190 148 532
251 27 98
9 201 925
290 292 861
253 280 70
282 203 845
165 33 480
50 136 44
243 121 498
34 222 739
205 149 354
85 227 536
91 26 832
262 94 381
98 48 557
54 183 449
52 88 734
179 117 21
190 213 331
0 13 342
64 127 722
237 152 124
47 13 891
223 246 403
224 49 459
186 64 204
34 212 427
231 186 647
240 135 87
140 18 408
15 264 59
114 101 872
246 171 267
10 22 464
66 19 214
256 42 361
27 45 742
287 161 525
212 169 91
2 210 626
263 238 951
203 189 80
224 44 987
240 261 518
254 219 979
223 239 455
154 258 534
1 198 192
128 17 609
284 288 323
67 62 197
58 230 454
287 195 340
207 159 860
209 253 383
215 25 605
110 7 301
133 262 778
21 106 97
11 258 845
19 279 491
179 84 513
273 61 427
288 91 128
115 25 801
208 25 338
289 233 325
65 173 289
291 93 568
62 97 668
177 233 121
97 37 474
82 290 520
6 243 271
218 156 879
156 73 391
171 44 91
245 129 84
211 114 734
136 192 601
194 235 951
171 260 99
16 263 50
118 223 148
220 165 447
270 252 593
95 252 220
73 132 408
43 191 242
202 105 466
171 219 264
300 259 9
239 197 88
188 129 169
124 280 101
27 84 369
107 33 551
229 245 537
284 29 533
171 216 747
11 13 820
163 269 239
199 111 941
119 152 283
257 45 127
169 49 915
77 49 631
211 1 250
267 44 620
201 12 474
135 250 9
86 212 174
26 258 530
249 116 51
113 128 401
129 170 359
111 51 651
51 83 848
30 285 571
123 71 891
66 153 189
86 118 204
52 83 549
205 140 817
0 276 568
185 3 744
54 256 966
41 79 151
190 14 227
287 236 935
228 246 154
224 158 49
50 33 6
81 267 290
133 270 370
182 283 5
161 116 818
194 76 88
296 124 624
283 192 912
295 3 646
227 109 397
54 6 931
292 294 753
51 78 82
2 69 217
271 164 435
146 179 475
170 165 501
68 150 69
41 38 813
37 185 836
16 118 739
258 160 385
72 166 889
65 184 283
256 217 196
166 34 29
17 158 51
12 289 331
272 145 127
153 60 851
232 38 83
201 24 371
161 7 815
136 175 717
191 196 197
172 287 699
163 93 6
62 139 542
176 242 138
243 38 649
147 60 273
260 255 721
130 243 659
48 31 626
140 159 144
151 228 187
41 47 465
271 167 823
130 175 631
32 227 545
187 148 781
168 226 829
144 28 370
140 161 261
149 78 498
295 255 163
179 285 976
136 265 789
54 57 528
250 299 581
214 77 854
194 142 823
188 141 718
87 197 753
24 235 873
83 176 614
155 1 936
43 62 392
275 250 523
64 1 450
121 135 158
118 18 453
290 187 479
95 210 210
57 109 112
197 40 183
160 268 961
73 66 470
136 57 491
233 225 632
247 85 345
150 283 538
79 232 814
300 79 509
204 102 1000
71 145 336
261 299 540
212 25 628
275 133 598
155 11 381
17 112 488
212 288 276
283 238 944
127 251 647
284 137 623
192 211 277
294 44 14
183 113 949
62 157 566
68 272 873
179 41 486
269 84 608
121 209 464
38 273 503
168 61 542
175 39 667
238 281 193
141 183 277
226 36 892
294 50 446
59 226 575
259 286 214
14 170 220
150 181 510
268 137 488
70 275 362
18 116 429
107 263 107
182 172 892
190 74 907
83 57 601
213 48 69
225 152 175
76 196 591
286 159 37
160 269 282
244 105 980
19 78 158
177 58 322
274 245 351
184 72 751
172 80 633
20 156 891
70 260 535
51 48 106
121 13 539
93 284 974
1 138 146
6 38 138
37 70 533
31 294 82
113 241 127
139 263 49
205 159 655
52 258 469
296 174 313
87 163 584
126 95 615
35 267 376
29 236 34
79 214 905
154 259 856
246 29 923
56 86 897
84 270 580
261 285 207
189 292 578
262 297 596
189 192 260
80 213 266
110 167 14
292 92 792
215 134 14
16 213 778
99 261 762
239 177 264
64 189 51
194 291 496
185 252 651
274 119 32
67 0 298
214 184 793
84 259 698
124 8 518
4 137 800
56 276 953
243 114 643
138 17 14
14 180 962
167 159 675
161 282 7
223 87 75
221 286 654
94 14 651
196 242 549
92 182 186
61 259 690
171 287 729
55 76 205
169 124 469
95 228 592
131 140 333
147 27 167
232 156 727
288 9 94
262 89 249
299 254 657
121 195 953
254 7 456
286 81 647
245 164 407
233 48 287
198 126 175
110 49 694
149 298 661
54 268 776
232 251 815
248 24 116
44 223 653
207 298 452
104 17 688
283 25 973
203 271 928
79 189 125
264 252 444
39 168 614
113 269 84
120 233 89
26 183 942
87 49 849
262 48 272
44 249 859
30 128 714
156 139 675
100 288 537
206 4 145
70 114 482
116 10 82
31 35 597
191 58 313
182 286 934
206 227 824
155 36 757
192 71 532
166 53 239
248 62 843
294 46 76
262 203 966
42 215 990
69 177 454
40 80 819
111 155 640
267 2 618
151 13 404
239 184 515
103 94 241
14 139 26
250 220 825
70 24 363
182 125 223
11 149 115
208 285 113
153 134 613
290 251 409
223 68 999
212 251 825
24 269 244
201 11 745
125 245 886
136 272 222
295 174 366
65 282 1
120 65 449
171 0 958
24 115 990
232 191 711
166 267 981
121 104 356
184 202 626
242 46 744
242 88 968
26 124 334
186 186 781
268 173 275
124 175 799
66 174 574
17 82 992
289 243 592
101 209 457
2 123 974
141 61 861
292 287 16
278 162 194
106 56 776
128 135 514
195 261 767
248 116 595
99 264 331
154 167 396
121 19 97
35 224 585
134 193 15
146 216 396
166 213 654
46 251 140
144 183 266
172 202 587
9 50 654
277 153 369
105 102 603
279 163 999
166 223 293
80 77 473
270 282 516
294 25 422
260 193 222
138 15 626
65 221 28
47 103 598
151 281 290
296 164 183
153 123 520
243 168 825
47 41 671
37 185 582
51 246 761
1 122 919
177 95 819
113 25 882
251 98 76
241 10 655
149 127 614
166 266 477
216 144 686
45 142 822
294 202 70
213 250 584
27 186 66
71 68 214
272 86 59
180 43 174
114 221 386
52 84 307
60 299 260
239 135 600
49 99 158
221 4 695
110 129 514
86 266 150
213 263 220
27 84 411
197 166 259
153 126 501
278 185 933
10 285 593
64 113 263
235 258 12
279 123 121
185 17 520
54 67 25
264 268 706
114 74 450
231 174 821
109 142 538
284 111 383
297 262 830
103 78 446
9 102 726
59 270 170
21 199 545
268 64 359
120 257 785
140 34 63
171 26 927
48 113 367
154 161 46
79 249 726
18 148 908
32 93 130
234 192 346
138 76 626
94 272 639
220 123 116
146 244 264
18 222 62
197 128 519
164 231 848
292 287 170
150 4 538
143 191 972
1 5 635
298 117 39
253 284 266
204 142 132
206 102 687
163 260 487
145 208 181
55 24 484
128 144 310
88 139 994
203 218 120
23 160 105
106 299 583
210 266 396
298 52 496
83 300 180
68 22 87
109 211 472
158 71 700
228 79 129
81 81 694
34 69 481
202 128 248
74 281 927
51 96 998
35 52 755
90 293 317
260 300 219
93 81 714
40 251 557
263 104 668
159 163 914
139 232 411
123 97 97
68 8 452
38 94 124
121 103 182
57 245 23
59 246 525
95 94 270
224 14 300
5 204 619
239 86 25
253 230 879
179 26 325
111 37 467
65 146 88
178 59 55
255 19 325
145 258 819
249 96 303
130 290 207
149 120 575
101 216 609
49 29 876
130 235 829
8 286 82
166 242 703
46 184 838
104 135 225
21 264 979
300 229 600
230 156 42
238 280 102
255 271 9
91 22 320
128 72 766
48 253 313
81 29 524
96 290 15
122 156 773
232 160 156
152 249 16
241 216 595
168 51 323
179 212 412
119 248 454
290 227 165
253 121 661
201 121 627
60 197 425
54 267 55
108 274 239
277 231 884
120 42 147
19 231 528
1 102 130
12 149 169
297 58 414
159 203 571
134 100 126
187 265 631
20 252 732
90 67 204
188 28 36
245 213 656
196 160 440
209 211 682
196 257 237
207 28 92
100 167 214
34 137 984
245 135 706
148 148 37
112 185 531
78 178 927
219 235 720
75 252 627
268 88 784
191 233 11
147 38 707
113 102 76
251 73 483
263 104 232
158 104 717
191 177 695
247 105 17
199 13 266
262 288 861
56 256 342
67 194 513
196 199 921
40 76 878
161 210 839
125 120 390
156 136 341
54 151 938
218 210 432
292 120 979
83 110 663
103 116 972
166 35 61
121 126 391
20 272 988
89 44 326
57 114 151
190 142 948
272 16 665
248 262 768
241 284 331
200 79 940
22 183 691
137 298 538
207 237 670
257 205 540
40 183 570
83 110 391
290 101 474
11 223 178
89 135 120
52 79 406
163 167 821
292 159 277
284 220 247
202 242 465
265 45 713
197 276 76
61 184 831
275 247 427
271 72 29
83 54 531
186 269 8
286 76 578
100 165 800
248 46 445
260 140 813
129 62 523
117 132 122
38 158 200
247 57 467
12 110 821
31 146 161
21 198 910
204 259 858
108 123 310
170 237 768
163 162 669
117 7 445
160 10 913
257 32 637
196 241 85
183 52 687
236 142 703
91 120 329
15 186 209
164 215 149
87 265 206
38 61 466
111 258 87
211 153 240
176 48 170
117 238 694
222 111 848
242 297 94
242 101 564
293 178 869
110 150 234
75 176 997
83 284 144
284 129 90
214 47 141
23 45 127
131 1 646
54 276 194
86 129 198
259 216 969
274 235 763
125 4 949
145 240 132
147 39 275
10 199 228
107 292 830
227 250 51
238 139 322
177 147 535
116 216 127
13 209 762
152 252 442
288 227 356
199 168 984
110 103 4
49 283 575
278 266 613
113 31 955
190 197 501
4 157 628
119 190 872
143 57 116
267 237 530
6 107 761
34 137 181
117 84 932
120 273 647
82 231 429
163 78 565
46 122 402
26 34 990
225 299 278
26 97 176
59 249 57
295 37 628
300 83 106
216 127 473
106 116 629
157 294 163
243 67 755
141 5 45
4 162 640
40 2 876
135 284 193
81 115 775
27 296 759
149 218 13
50 243 34
114 152 348
179 228 844
142 39 525
123 80 125
145 205 475
101 101 230
101 119 432
293 108 728
268 146 229
113 191 626
16 107 701
194 145 117
124 50 847
237 295 751
40 183 353
226 257 865
3 56 990
252 28 172
21 257 610
78 219 501
132 26 99
21 67 816
253 142 758
54 87 5
198 74 402
38 267 654
6 201 970
23 243 507
105 297 900
272 140 154
116 278 788
146 282 275
290 248 968
13 179 759
226 100 24
100 71 380
139 258 72
223 272 986
267 45 984
293 282 89
241 109 997
181 181 791
14 171 894
55 13 385
171 22 167
121 250 909
43 44 168
234 195 804
119 84 132
15 224 640
280 257 172
244 251 327
212 255 708
56 288 778
207 255 480
267 136 213
152 104 600
30 118 244
247 114 1000
190 168 35
57 131 304
188 31 343
148 57 754
113 275 998
146 54 281
235 139 50
156 265 521
193 208 966
188 218 772
131 244 794
95 22 909
241 92 740
241 154 988
280 5 187
44 129 769
222 291 885
0 49 957
179 54 619
6 218 682
4 161 202
211 221 628
92 185 316
50 130 542
268 116 520
131 197 916
230 95 374
274 267 288
2 9 885
166 20 415
262 70 637
133 197 49
215 276 864
198 214 567
292 81 18
95 108 858
188 31 780
248 19 917
67 110 198
270 23 63
37 243 997
95 164 290
17 264 523
37 173 679
99 224 543
118 278 806
147 253 756
48 58 662
99 71 146
117 236 643
181 183 190
64 128 664
82 226 254
150 61 521
231 210 867
3 175 363
37 140 691
248 188 937
91 157 533
68 263 751
197 287 946
70 122 632
57 80 901
106 65 873
285 26 871
294 287 317
256 5 67
121 264 950
226 67 125
159 231 113
268 59 151
160 131 7
107 131 97
99 240 986
266 169 109
39 84 319
172 233 69
185 94 835
259 186 105
231 113 507
258 246 904
7 171 944
110 80 144
215 122 110
173 300 531
110 116 203
191 169 406
107 208 660
27 244 92
154 62 165
81 86 316
125 179 223
235 226 831
255 245 679
121 266 325
133 249 792
61 213 385
229 53 211
11 93 208
27 207 157
51 120 650
2 205 567
10 2 722
1 94 196
143 223 679
280 213 803
210 254 811
141 44 463
102 187 496
148 31 294
31 66 118
43 8 187
295 232 968
81 297 216
45 141 306
40 231 5
273 180 788
211 211 379
194 82 87
300 134 817
192 45 892
246 56 988
55 9 125
43 271 637
262 186 911
75 234 896
133 129 35
135 213 621
248 273 733
87 210 981
33 92 267
89 208 491
103 208 397
80 89 707
29 160 955
120 106 723
95 239 289
219 227 806
259 252 372
78 249 822
86 279 771
133 211 238
80 157 168
203 145 55
269 287 307
258 0 673
225 42 427
123 33 187
108 213 220
56 145 196
265 42 369
282 158 478
265 296 490
263 253 348
162 281 735
208 60 745
79 133 762
245 120 192
249 226 78
127 202 294
185 19 193
36 48 361
46 242 547
296 277 57
52 31 510
37 99 830
158 115 169
127 170 150
152 143 403
251 238 118
227 25 161
203 110 58
24 30 399
162 63 316
72 91 378
39 77 363
24 109 282
241 16 343
116 117 252
190 7 842
268 75 985
38 296 118
202 199 665
270 99 692
300 129 171
91 98 494
202 17 993
178 260 214
260 34 18
199 163 905
38 265 727
110 154 308
277 237 773
290 187 457
31 263 766
196 230 277
124 68 542
198 235 232
293 10 906
4 122 474
59 261 187
300 149 90
23 68 455
219 210 320
23 75 842
62 49 547
3 300 586
138 155 146
185 136 155
214 117 121
144 105 232
80 177 509
59 214 217
165 0 540
90 61 830
115 154 284
111 280 578
269 65 833
81 96 804
68 193 823
264 141 675
54 26 234
273 242 286
16 253 713
179 189 560
137 121 860
63 255 378
109 281 614
269 266 960
96 105 273
214 12 417
216 103 759
12 212 383
56 281 914
231 92 309
27 107 518
86 86 85
99 286 488
129 284 240
76 174 287
58 93 967
166 127 723
37 284 700
103 102 25
194 82 595
96 251 658
273 55 581
226 71 647
222 122 10
269 300 44
155 22 839
32 257 412
166 230 26
285 95 876
172 43 500
15 71 615
28 129 479
28 169 873
8 40 133
174 146 915
258 195 885
120 76 349
272 191 672
83 117 420
57 222 799
149 265 612
82 226 60
246 201 612
89 239 639
15 295 572
6 25 79
213 281 531
169 167 141
152 257 537
76 113 690
219 83 359
140 115 899
203 208 154
288 12 22
257 88 558
240 98 815
201 97 355
16 255 587
284 150 124
206 55 905
251 71 704
133 7 873
54 192 234
173 6 861
104 22 772
30 160 400
162 157 343
228 166 442
25 167 384
196 133 643
102 32 583
285 107 941
151 188 377
162 288 246
256 33 28
168 289 288
139 289 992
265 112 994
229 174 365
76 115 677
60 294 778
273 132 404
56 100 983
248 279 3
199 81 966
80 71 490
175 222 647
20 162 409
215 187 89
270 135 85
202 45 417
219 23 502
95 152 916
101 262 475
41 61 862
147 111 757
226 272 931
21 149 222
55 180 306
8 30 576
252 89 349
110 245 0
54 65 604
184 229 282
218 280 42
255 101 194
288 86 900
224 132 64
177 241 78
287 57 760
254 84 663
258 232 281
277 221 777
181 82 49
125 42 897
225 263 188
71 242 678
174 198 629
22 44 195
291 272 139
196 232 793
7 202 165
250 262 912
169 160 480
60 25 356
157 233 428
104 253 361
158 61 638
78 184 616
208 58 550
142 27 484
121 243 283
69 63 375
233 253 926
45 129 657
85 238 552
230 64 690
229 5 267
205 4 72
208 131 924
126 220 403
121 47 530
74 137 824
5 237 48
155 15 850
29 9 439
37 266 82
111 219 702
255 200 386
195 64 88
19 173 114
131 176 271
161 243 227
162 91 499
85 199 501
290 75 179
173 83 960
211 191 308
228 88 533
19 30 246
165 74 45
209 187 200
81 132 662
283 214 714
11 94 531
1 200 554
120 63 232
69 126 188
74 80 337
289 80 604
60 192 785
216 60 287
230 10 599
283 243 408
35 155 754
298 170 633
65 245 338
145 78 430
52 293 917
283 68 468
26 43 406
150 89 714
183 285 153
14 18 896
266 10 408
133 26 502
169 131 193
74 0 707
271 221 586
283 215 878
197 92 742
245 67 59
86 46 9
94 4 595
40 50 996
129 189 451
296 99 152
16 125 404
131 80 440
174 194 413
285 162 724
277 205 667
24 213 942
101 143 779
286 112 404
191 264 103
229 258 61
119 241 69
171 119 868
258 197 984
261 163 856
25 94 686
198 296 256
14 83 477
52 153 787
178 289 614
233 13 27
229 215 69
143 265 567
74 229 601
184 73 776
279 63 436
152 37 523
182 200 678
87 277 937
101 241 405
183 175 859
78 29 371
297 247 404
116 165 804
45 257 103
95 55 932
284 94 354
148 208 407
202 160 20
241 221 858
74 128 959
152 133 651
260 64 885
124 12 879
272 264 100
7 172 495
142 93 679
40 108 370
58 147 809
278 272 904
28 141 361
262 249 971
254 232 197
41 84 876
211 116 443
278 120 135
120 295 779
277 123 152
204 189 948
36 48 952
39 213 491
222 147 799
119 153 683
73 195 693
24 238 627
4 54 431
219 66 941
192 42 733
250 35 153
170 216 258
63 256 887
248 287 189
136 30 978
212 138 897
201 92 95
51 225 202
244 120 685
237 99 415
136 29 632
175 65 733
79 65 603
142 48 204
47 252 965
50 174 56
98 297 256
155 82 623
258 46 68
65 108 492
163 10 183
4 225 555
24 188 410
22 45 300
160 53 98
300 206 287
264 25 275
232 148 456
42 267 294
60 79 632
156 85 907
266 197 859
267 296 535
191 285 770
19 205 678
256 82 239
195 89 546
246 35 530
150 231 548
293 263 321
223 100 828
119 112 963
239 135 567
51 64 450
207 202 656
61 29 455
255 24 880
285 216 639
262 138 896
72 226 976
270 148 209
83 180 667
215 43 317
78 169 214
193 75 94
190 233 478
199 81 692
113 80 233
188 232 960
295 59 706
77 116 271
179 297 65
202 192 220
35 56 769
218 52 988
177 13 777
197 164 749
161 95 977
258 244 253
72 125 803
295 263 854
36 52 452
196 248 427
167 65 190
250 47 167
134 82 133
238 95 867
271 126 635
209 62 217
153 199 308
159 10 283
170 150 213
61 171 123
35 170 780
20 252 15
102 284 557
99 41 317
76 186 941
255 168 220
29 158 528
83 131 232
246 131 773
106 252 912
200 272 134
273 254 695
128 173 677
192 252 109
64 176 107
286 273 147
54 248 8
271 220 335
225 261 727
114 164 242
270 165 749
285 237 649
88 38 502
205 105 630
155 139 942
180 36 371
24 47 754
224 100 830
16 243 446
150 293 387
288 157 792
273 203 961
255 290 361
235 174 553
207 293 963
55 256 288
275 199 543
139 293 593
30 275 955
11 258 954
140 215 794
287 273 304
172 126 628
168 283 185
214 273 391
12 273 307
165 276 877
190 222 703
187 1 233
73 208 800
55 162 186
214 235 859
247 270 735
130 133 789
70 143 896
2 106 47
243 52 773
270 136 533
13 276 308
226 25 84
134 25 845
33 269 523
203 50 57
255 232 637
122 92 238
44 265 983
257 170 108
250 114 844
289 238 31
186 221 664
180 254 978
7 13 528
169 14 519
176 7 57
87 16 964
20 50 930
151 73 641
293 63 228
71 172 913
218 171 432
51 134 113
90 134 400
81 235 994
192 93 314
91 150 506
178 65 419
250 91 456
176 198 779
225 11 713
33 112 659
49 272 334
197 226 465
296 240 128
81 47 850
170 282 409
175 226 6
162 124 638
22 160 693
169 195 748
120 279 332
61 128 776
177 50 710
38 283 331
238 173 584
101 240 647
103 113 761
95 136 86
143 51 135
149 169 376
189 246 144
215 32 721
225 127 941
218 191 156
259 36 713
202 266 274
6 88 29
44 276 50
157 13 532
88 41 675
87 261 547
290 16 457
198 141 620
185 284 986
269 234 39
296 68 10
112 186 974
229 268 928
70 229 4
72 265 108
178 223 155
3 79 230
213 286 948
192 191 700
180 274 461
255 153 278
225 80 915
197 167 660
192 201 997
44 248 686
180 231 332
289 21 285
35 94 823
204 167 811
77 234 588
110 211 322
186 43 715
204 171 827
233 192 296
41 65 268
113 116 636
91 298 232
109 77 644
229 261 69
173 78 388
226 193 934
0 5 781
226 84 930
57 130 577
244 21 668
189 68 443
262 114 398
27 254 921
200 113 107
13 286 499
129 102 272
291 293 204
16 112 814
202 244 287
235 65 548
156 126 970
105 208 261
297 74 161
74 35 844
23 244 672
148 186 313
281 268 160
66 291 775
205 223 762
126 100 955
11 203 186
91 9 656
174 153 483
84 156 185
144 3 349
216 171 181
88 235 399
57 75 807
268 83 599
152 97 236
3 200 810
212 65 894
177 67 431
3 13 506
51 50 464
150 28 87
150 242 242
27 182 295
184 66 433
87 189 857
160 170 459
237 3 899
253 212 161
22 274 956
194 228 584
166 195 17
205 145 437
171 18 438
144 166 139
19 211 146
225 98 691
222 226 522
220 26 795
18 211 40
255 78 468
44 289 432
49 96 699
111 225 567
9 283 203
100 213 673
194 261 782
80 156 769
231 286 831
25 287 239
286 231 507
237 48 206
172 175 429
97 173 41
43 74 416
109 226 802
57 149 18
147 9 241
243 25 749
136 50 954
57 0 903
246 273 363
300 6 505
106 134 276
22 158 618
116 79 945
147 234 709
134 157 954
166 292 505
152 37 832
145 74 432
104 30 587
40 181 190
146 223 494
276 248 172
167 151 872
215 121 186
162 46 247
107 77 836
121 288 161
174 37 905
295 141 748
285 258 514
209 249 428
47 46 512
280 116 533
282 114 529
286 135 518
9 154 419
135 97 674
110 231 761
84 59 839
137 274 643
144 247 488
95 180 277
109 40 601
141 99 753
236 132 595
169 47 649
199 269 66
65 155 865
300 43 592
140 274 924
270 122 513
138 278 472
68 138 411
96 189 331
186 163 97
35 212 879
105 15 860
99 299 964
230 243 957
16 205 40
277 285 794
177 279 936
279 110 922
56 163 818
210 124 492
280 155 490
249 186 455
182 196 324
58 154 689
29 24 277
81 278 361
196 39 999
38 8 431
63 3 613
246 5 696
258 97 320
297 291 429
13 97 724
127 257 302
195 127 262
228 157 941
97 215 550
149 117 820
40 280 198
272 82 653
53 93 544
191 154 255
284 84 458
22 271 952
130 179 611
70 42 435
96 116 784
232 270 324
171 126 731
255 208 823
161 260 918
216 237 244
120 192 632
300 26 755
93 292 128
53 213 318
164 155 728
196 221 700
6 31 357
189 208 258
42 201 403
36 18 639
68 108 957
197 281 732
268 67 704
102 220 559
114 153 601
170 279 588
205 276 695
144 226 141
104 21 658
100 180 346
1 285 564
131 45 841
17 59 176
21 64 684
149 265 361
220 203 262
276 285 824
2 147 792
35 26 522
250 159 497
182 176 188
206 143 959
144 120 763
28 5 543
217 166 18
60 19 234
62 252 223
282 17 981
226 12 804
99 181 383
259 203 954
167 203 451
90 18 226
61 167 945
65 29 683
16 3 945
202 170 635
154 280 871
255 115 129
102 197 272
131 86 667
68 194 541
126 195 63
288 231 943
29 172 609
254 276 625
33 6 381
145 254 737
112 225 492
261 96 640
190 154 987
245 40 601
230 263 729
72 183 156
40 148 507
143 67 10
300 27 662
226 19 487
74 298 947
31 209 415
300 105 501
93 261 566
27 221 26
280 3 913
225 101 158
22 117 675
90 236 379
11 35 909
97 64 570
183 47 364
263 50 50
56 5 221
181 44 594
19 68 337
48 72 758
138 50 528
99 255 63
69 179 174
176 151 15
168 123 503
117 55 492
66 193 8
12 160 404
78 41 822
162 164 791
289 147 641
254 120 604
137 146 851
52 65 12
44 43 395
26 120 433
119 129 678
257 91 497
106 136 710
42 62 749
138 237 474
218 199 852
10 273 750
111 258 158
242 86 992
49 29 735
179 177 802
291 102 164
96 246 932
152 294 682
251 258 303
226 87 249
281 292 29
238 213 669
223 99 307
4 145 227
286 62 35
164 286 718
122 160 919
231 132 678
268 68 19
117 236 368
86 15 881
140 256 635
197 235 792
63 276 628
224 169 330
57 37 763
225 100 846
68 184 304
231 82 834
140 201 890
223 292 95
227 167 142
92 296 444
215 208 4
117 267 559
3 35 869
245 150 889
61 206 819
299 237 602
233 269 268
48 228 759
65 54 852
180 43 181
271 182 343
97 63 333
112 78 805
106 1 647
199 67 522
101 95 296
158 108 750
162 0 581
127 112 715
55 47 674
249 194 762
173 140 558
111 117 453
239 242 944
26 215 639
198 268 507
106 93 649
191 272 241
3 171 906
102 174 850
226 287 740
112 186 234
160 3 876
232 190 343
89 37 482
14 130 638
18 183 39
100 267 86
34 234 677
123 189 190
104 186 249
206 258 397
115 134 143
195 70 368
71 50 543
235 102 119
189 134 496
17 163 780
37 215 523
37 212 5
1 57 337
57 81 755
226 281 183
170 164 752
87 122 866
222 251 453
199 46 452
117 0 336
128 191 664
284 203 944
165 211 331
20 144 490
132 67 410
241 198 605
50 3 802
3 16 478
252 228 239
126 69 878
32 148 28
174 160 502
185 204 359
117 64 641
167 102 184
9 19 785
37 55 75
162 76 970
122 291 267
71 42 43
90 45 267
61 181 892
30 159 846
60 266 750
204 61 244
269 273 177
60 70 833
248 69 952
261 99 869
195 273 4
229 187 199
20 207 479
107 132 301
138 210 954
104 25 922
259 251 996
75 139 625
13 130 215
181 69 370
173 188 261
133 295 879
214 24 108
20 85 866
81 246 444
290 167 323
291 190 125
250 192 610
94 163 854
97 300 792
39 214 260
273 196 909
211 276 95
16 231 181
36 9 208
216 65 730
49 271 790
265 205 393
277 148 978
287 298 62
176 224 999
32 213 542
146 98 923
96 255 514
143 164 398
200 235 617
50 58 569
250 178 165
207 251 206
154 151 962
45 150 431
142 276 597
166 115 448
95 258 777
23 127 285
127 281 421
256 46 758
223 34 98
40 231 81
283 229 414
137 214 11
293 18 977
145 276 121
110 234 592
53 277 475
185 111 306
141 88 349
239 37 835
227 38 436
229 152 231
11 224 200
298 64 212
245 198 659
149 108 479
263 111 558
9 98 314
31 85 451
183 43 816
209 30 21
168 199 655
49 235 592
123 4 920
293 286 142
40 27 258
29 9 794
104 58 307
249 98 718
234 204 932
240 136 269
74 36 722
198 119 749
189 186 257
280 188 209
277 294 534
160 298 882
270 72 485
14 47 2
80 137 259
17 2 287
52 79 421
118 125 741
77 250 998
138 232 492
91 248 247
281 184 33
197 41 573
117 236 402
150 56 623
124 41 605
204 205 368
80 106 376
168 59 914
106 77 174
193 236 837
114 53 164
115 232 222
247 56 886
66 3 643
111 272 451
170 65 599
155 256 710
161 186 910
288 0 276
93 112 341
130 46 592
199 250 2
216 76 901
25 133 126
178 175 157
160 277 533
6 283 681
256 47 400
103 231 68
38 167 256
136 1 577
202 251 408
42 207 633
9 295 867
186 204 626
160 136 377
150 48 208
26 11 16
259 85 178
197 2 22
70 114 50
108 294 599
148 1 502
200 98 894
24 138 159
145 72 151
246 214 936
30 110 296
63 150 70
267 104 476
268 230 525
202 40 588
20 218 455
233 135 319
112 174 180
215 25 410
50 252 750
155 160 11
220 97 796
165 224 886
237 15 563
91 193 896
205 239 65
190 132 312
255 40 162
191 265 244
109 297 890
51 100 876
166 94 942
136 171 458
291 129 281
45 79 916
231 140 347
121 202 518
28 42 474
193 295 517
262 146 179
28 127 703
159 137 430
67 221 528
158 188 683
297 259 4
293 194 292
184 71 237
155 162 1000
36 55 974
102 205 688
234 168 497
135 28 703
208 107 963
15 256 642
153 175 39
81 271 503
62 148 509
28 42 669
57 258 228
169 243 420
40 117 803
202 66 0
81 178 130
45 100 795
110 30 483
223 30 74
265 158 528
249 194 117
42 285 687
154 238 300
278 156 350
174 267 501
18 284 464
214 233 900
126 267 468
180 116 49
193 186 19
49 129 978
279 205 569
273 279 167
198 80 554
45 39 566
43 248 181
237 75 106
5 0 597
211 148 928
220 151 842
193 12 97
291 201 396
103 212 343
70 168 739
213 182 742
33 286 197
211 84 119
129 118 307
100 69 513
107 92 92
250 252 471
35 134 835
58 89 958
5 123 109
292 126 537
81 183 438
49 266 460
102 287 171
227 55 601
22 99 668
230 145 592
299 117 163
60 297 817
55 201 18
215 99 767
169 187 552
17 77 82
157 80 248
39 85 238
252 245 31
110 248 272
105 266 777
156 129 885
72 15 858
202 137 244
87 267 406
21 122 986
139 174 794
27 88 735
60 51 377
155 214 82
141 67 284
257 278 562
197 49 22
102 90 497
210 283 72
137 223 425
56 40 240
136 164 449
119 171 2
209 147 154
188 248 563
123 239 809
72 72 267
125 81 522
211 85 709
249 202 89
136 96 553
25 73 384
227 39 737
243 227 571
182 214 141
78 53 508
72 212 248
285 210 540
207 215 868
93 169 338
74 46 679
240 80 940
207 128 177
192 246 661
266 159 871
134 235 974
263 237 358
24 288 178
40 276 596
201 172 125
175 90 675
133 134 637
57 55 676
134 214 732
250 116 383
73 171 114
14 143 654
234 165 163
182 110 217
114 251 57
287 270 560
209 221 315
3 27 875
28 284 611
182 297 142
266 257 866
247 26 140
1 3 110
176 89 676
40 248 403
34 72 957
153 34 743
272 154 918
217 65 833
229 59 342
237 218 188
230 158 941
267 253 974
44 43 24
32 57 945
201 113 226
213 200 184
244 137 218
161 187 474
165 35 20
166 82 791
15 176 506
102 80 616
32 1 365
186 238 934
57 96 274
287 148 69
274 50 774
200 64 899
286 65 773
18 87 543
39 111 161
244 33 393
218 171 591
286 291 724
178 109 398
297 124 723
276 8 658
58 18 639
249 41 805
100 245 343
164 224 122
263 55 707
131 194 839
155 81 368
297 25 689
39 237 304
295 152 224
66 42 136
102 242 621
204 171 506
237 48 680
123 44 148
208 247 382
238 185 415
86 140 97
195 22 820
102 35 438
20 76 846
76 92 764
255 236 804
249 230 455
24 176 929
96 198 531
81 51 74
176 18 140
55 258 742
291 79 374
126 104 313
238 288 130
268 16 953
289 29 186
233 128 569
78 78 758
259 78 815
139 35 162
36 223 79
93 281 712
100 124 142
36 212 260
250 235 24
142 129 847
7 267 910
147 176 430
288 230 833
237 170 86
96 209 42
204 34 942
70 174 671
96 117 756
139 225 87
265 28 874
267 6 791
273 20 851
59 169 932
121 58 474
230 158 274
87 274 144
13 123 828
186 236 721
118 87 656
55 195 601
233 8 777
144 232 88
274 212 267
225 194 116
210 168 582
151 89 153
241 181 279
97 290 185
144 89 728
130 264 79
293 297 903
192 141 630
9 181 639
296 35 589
27 287 576
105 136 534
137 3 570
81 147 516
41 200 474
176 292 887
41 72 363
77 194 548
14 239 333
16 53 114
73 73 41
207 89 502
140 121 519
73 147 264
31 258 160
295 196 154
136 270 59
48 88 719
0 108 0
64 129 762
237 235 378
4 56 150
59 184 972
123 61 882
38 42 652
193 168 513
130 274 469
93 209 855
213 131 952
38 201 534
47 11 517
113 116 169
291 257 451
117 203 81
46 242 689
129 294 691
186 163 220
288 200 958
29 5 545
206 1 808
23 211 922
67 123 782
38 61 391
278 86 640
21 140 119
296 141 887
121 256 502
297 7 971
274 71 424
230 115 550
106 229 207
199 273 170
262 124 527
131 298 836
23 196 753
72 163 439
97 160 517
224 241 275
110 54 139
256 210 359
276 27 443
274 66 340
134 235 998
287 213 473
26 11 862
49 227 727
33 28 773
161 36 799
88 209 90
263 167 66
91 247 273
265 283 905
59 73 184
153 201 304
74 81 631
66 170 671
170 8 911
60 100 823
111 58 252
26 211 883
189 120 204
90 45 426
195 258 353
231 186 63
78 72 906
276 35 836
70 227 551
37 28 644
252 294 375
203 145 750
234 16 282
96 53 724
215 281 369
224 215 853
187 180 714
200 201 460
206 18 220
25 133 772
234 299 10
150 4 416
255 38 451
224 266 613
268 280 807
194 225 57
135 237 182
164 187 759
245 32 983
65 105 75
146 41 617
215 53 922
36 195 575
29 27 334
182 123 0
137 110 314
140 176 635
1 67 179
108 167 824
270 167 632
60 148 558
33 32 445
239 205 761
226 171 216
21 84 442
34 147 146
13 210 17
169 141 823
169 126 737
292 231 298
118 220 34
48 205 16
206 192 336
199 92 333
131 114 997
33 10 5
297 257 101
23 239 772
1 29 839
252 205 767
204 13 768
213 273 341
169 190 638
11 273 701
55 99 445
219 41 214
5 141 799
51 93 139
25 86 444
4 103 841
222 236 825
103 296 478
152 37 16
115 163 592
179 74 657
121 129 44
273 297 791
99 210 745
132 133 265
203 73 76
153 23 210
93 48 183
78 79 463
132 83 761
142 277 766
160 113 277
258 268 408
114 257 150
297 219 82
294 270 912
216 201 516
107 1 130
209 97 146
171 289 103
285 85 888
289 145 7
195 228 354
228 125 452
70 200 379
128 66 604
255 282 546
76 32 790
119 89 920
269 27 136
33 21 246
80 224 632
207 290 38
141 278 941
181 84 527
279 3 799
58 52 463
126 176 882
280 13 169
298 237 865
222 249 440
245 67 667
105 26 443
173 271 691
208 160 779
237 294 398
99 201 13
283 292 30
104 100 651
295 299 639
236 227 653
222 196 815
216 261 647
282 178 500
97 0 383
159 23 333
8 28 540
6 98 968
8 94 74
131 291 171
214 198 602
284 58 521
29 221 738
171 177 195
61 150 865
35 152 517
105 19 24
83 5 577
148 16 737
84 249 943
198 270 681
259 77 201
136 201 997
30 64 516
192 212 176
115 174 656
141 252 65
95 221 133
100 128 424
36 4 747
152 61 712
274 243 4
36 70 93
52 112 654
48 220 737
81 239 451
28 160 818
278 91 749
60 298 452
76 285 77
74 298 309
243 28 209
203 101 291
235 263 107
276 165 573
78 54 573
23 244 871
194 208 312
97 84 3
233 93 69
178 290 632
51 84 94
155 275 159
276 207 526
5 266 194
20 84 933
68 293 93
164 212 85
78 17 774
137 284 130
139 40 794
285 210 251
138 222 594
226 249 621
34 121 65
145 54 462
221 165 440
126 2 542
278 229 690
216 66 849
274 287 970
108 107 178
186 32 441
155 93 949
215 245 319
252 212 331
177 235 998
104 264 688
28 267 269
175 147 327
202 266 390
280 279 728
292 157 291
218 283 183
85 184 937
128 65 381
161 245 839
216 135 203
213 204 520
279 130 234
115 26 2
49 213 152
8 194 330
181 208 76
111 209 544
30 122 157
1 232 889
14 6 211
57 37 98
237 96 773
42 187 129
17 271 815
202 36 697
147 271 563
37 126 875
17 229 211
290 179 627
92 267 15
93 275 496
211 238 908
101 129 138
250 242 648
91 289 469
104 185 959
98 137 946
167 175 276
255 57 875
154 181 918
152 74 517
116 266 858
228 88 450
96 260 183
145 77 68
186 0 224
191 254 669
125 247 196
21 236 428
3 234 62
46 252 610
176 218 264
230 40 1000
173 134 712
27 81 520
54 285 52
12 223 297
101 215 658
251 196 366
127 78 519
36 70 286
198 36 742
186 273 932
121 124 831
221 22 986
95 114 254
278 51 354
19 129 131
22 166 926
112 239 617
210 219 995
183 135 412
108 15 795
71 255 843
6 90 788
141 109 665
58 276 160
178 243 864
185 42 478
146 37 463
123 175 0
44 254 410
284 29 390
125 150 149
296 146 937
238 158 742
229 6 436
17 280 50
138 247 927
77 78 449
50 136 731
22 297 234
71 283 409
234 273 762
137 113 265
88 40 770
86 236 123
164 264 923
264 276 857
243 26 241
222 254 163
58 116 748
78 190 368
168 61 785
294 193 117
217 205 784
174 124 643
163 288 757
124 176 772
96 198 25
114 188 324
216 205 854
10 202 380
275 189 672
83 184 683
85 76 162
230 196 206
97 300 229
244 275 147
87 108 458
75 157 895
109 102 830
35 287 207
265 183 223
189 249 123
117 10 523
275 250 919
220 75 935
53 254 637
93 28 195
188 178 151
292 205 425
185 57 113
102 47 152
83 65 594
141 282 828
143 169 627
10 82 923
168 291 713
148 198 120
292 84 877
189 113 802
161 240 362
115 29 163
291 238 56
298 28 219
131 54 183
248 228 544
76 55 631
18 300 301
83 48 314
21 139 458
299 168 476
153 78 158
290 42 822
59 41 588
2 53 362
39 68 864
161 181 704
254 51 821
105 26 995
212 294 651
102 184 654
130 229 829
10 59 254
93 129 795
188 85 435
169 215 261
213 286 31
290 46 56
4 94 149
8 49 553
63 158 371
24 246 991
62 42 294
123 165 390
63 241 966
75 115 250
149 53 939
270 182 255
185 272 528
95 99 852
252 98 857
152 24 812
92 9 260
131 56 140
210 6 295
221 171 870
227 234 542
291 204 363
185 157 885
136 19 972
117 72 740
45 125 173
82 85 240
164 232 736
0 242 403
239 190 2
46 284 502
181 134 5
176 189 415
8 160 610
154 145 533
146 213 756
190 59 259
246 16 10
261 61 131
133 290 401
8 295 349
114 228 202
242 277 570
182 207 806
194 82 860
251 179 243
143 161 916
198 228 711
158 224 433
288 156 970
141 271 982
122 146 852
238 95 125
273 125 558
53 47 863
9 185 366
181 132 906
27 223 242
16 32 542
113 163 228
114 265 776
139 241 855
13 148 565
22 209 213
130 36 343
103 231 943
76 281 705
80 54 7
91 109 5
21 125 395
40 13 318
82 67 218
233 14 311
151 59 788
143 198 811
291 117 868
10 204 740
135 294 576
287 265 409
155 192 270
129 220 614
7 69 832
182 117 610
142 147 256
126 295 796
252 190 298
58 168 97
48 246 426
7 12 386
17 284 200
258 203 86
59 16 349
242 278 413
107 125 240
17 12 291
115 236 133
166 250 611
92 209 62
214 22 660
72 234 20
39 270 775
238 181 592
57 200 466
108 286 628
265 281 911
201 266 759
4 47 529
126 210 633
141 214 942
116 167 666
116 144 894
104 242 568
234 204 324
247 26 258
111 196 50
84 45 694
203 2 0
14 187 55
88 88 903
86 51 332
136 60 34
300 218 251
2 101 9
197 124 875
148 75 155
107 278 352
177 59 695
152 8 152
273 246 898
215 49 511
278 26 996
36 136 712
75 230 460
150 140 904
33 267 375
184 99 266
166 24 568
155 248 606
189 292 531
138 252 586
181 281 192
217 139 217
152 143 461
291 216 95
215 33 91
134 235 946
107 293 387
66 141 470
42 221 970
277 82 633
147 280 39
271 134 443
51 68 206
154 99 884
71 274 284
59 115 455
107 163 868
250 98 785
255 292 853
5 67 664
284 67 855
94 163 24
37 228 872
88 41 111
134 180 169
57 227 554
195 240 979
113 46 730
249 65 354
278 129 941
295 293 856
297 33 670
190 75 423
126 51 362
182 269 462
257 86 550
61 183 762
170 60 196
4 188 16
86 116 276
24 58 333
217 227 900
290 130 75
169 103 729
117 264 724
110 40 198
267 74 55
253 116 976
292 247 339
11 89 257
12 150 107
131 235 981
203 177 969
98 151 800
179 76 495
69 24 113
266 11 461
67 74 285
156 35 797
297 176 690
101 194 788
156 65 989
91 61 582
99 208 873
230 6 567
234 114 489
10 196 350
247 88 443
169 86 0
239 259 434
77 283 24
150 156 669
59 34 524
187 121 313
56 206 47
203 216 291
279 4 883
99 61 694
174 265 213
55 251 762
174 216 742
231 78 380
88 45 292
88 166 38
21 253 410
143 80 38
259 275 127
112 152 586
218 1 329
186 284 624
163 185 964
120 215 544
145 134 697
106 83 557
249 284 414
181 71 92
156 50 972
68 249 735
284 73 615
279 85 397
255 11 160
87 18 507
272 204 268
211 286 395
67 182 865
60 121 846
221 147 56
169 241 8
26 138 922
59 110 249
271 68 196
252 195 137
202 187 370
45 141 684
96 102 571
279 186 205
8 25 866
118 146 192
0 9 854
3 190 948
86 49 711
267 14 385
229 167 648
10 245 942
246 82 161
176 214 52
225 162 88
127 295 633
286 53 154
216 175 992
147 228 232
280 97 378
234 62 352
169 201 35
195 81 906
59 179 174
131 34 758
287 253 116
29 79 837
228 108 984
272 134 266
150 191 302
197 97 799
2 225 118
119 108 525
166 251 353
200 121 791
245 136 725
131 205 974
205 234 27
55 54 40
82 203 972
182 245 727
145 119 20
59 51 496
209 192 9
244 132 914
181 215 902
148 218 203
100 66 631
237 175 482
71 38 587
194 121 205
139 272 525
196 264 7
54 290 623
152 2 54
194 252 270
120 298 677
8 183 401
296 77 456
261 131 344
237 298 853
56 97 410
106 35 457
27 176 226
256 177 891
271 203 677
208 265 54
41 153 40
27 223 945
264 289 203
106 248 603
156 286 530
218 131 559
148 243 823
5 233 811
226 93 909
157 142 21
285 283 201
286 45 238
69 226 941
95 139 126
84 264 278
113 37 68
180 163 641
140 191 418
174 214 993
44 177 39
175 223 685
220 82 308
187 32 474
41 225 241
205 27 84
267 76 548
22 42 227
207 133 66
156 276 520
147 73 543
43 49 991
278 78 359
268 277 556
93 298 826
285 216 856
223 19 518
154 206 77
193 274 142
86 173 313
240 262 660
139 67 372
237 36 97
211 246 740
148 142 436
247 76 511
40 120 231
99 171 841
300 285 838
228 90 718
296 129 478
48 111 521
251 173 106
18 218 244
135 170 159
244 44 199
287 203 805
187 150 942
199 229 127
21 101 73
192 34 51
141 67 268
162 128 730
70 86 331
180 149 673
29 212 165
155 219 510
267 227 901
12 251 221
213 127 703
177 4 550
94 222 402
139 229 506
267 247 459
269 17 167
28 228 170
247 80 690
293 80 940
271 287 747
53 46 849
5 123 373
143 86 160
37 33 759
122 109 660
183 262 429
270 255 297
72 17 445
34 16 845
103 30 320
120 87 860
225 7 166
83 9 471
38 203 397
95 74 217
143 269 731
38 135 228
211 191 924
150 221 695
187 74 299
297 70 938
239 245 907
270 100 114
208 209 735
161 212 73
297 182 661
5 292 860
114 267 8
76 116 777
86 104 248
152 126 998
155 107 538
269 169 988
109 193 745
25 121 231
134 198 682
221 123 127
156 196 824
270 87 380
102 13 479
34 0 124
126 113 393
178 105 272
275 275 439
190 203 521
196 30 835
103 206 573
14 267 763
48 171 973
182 35 201
162 96 991
203 195 103
255 82 97
152 175 587
286 224 734
167 217 201
30 276 657
258 184 365
201 272 800
103 112 82
225 292 528
233 75 974
46 37 900
28 53 168
203 152 338
218 266 848
251 124 684
256 177 906
282 215 695
286 20 398
271 127 182
211 32 763
229 167 80
89 69 517
73 288 875
8 154 441
169 236 190
297 43 677
111 297 631
65 263 959
289 275 217
71 264 917
140 66 67
24 209 313
176 48 599
76 264 654
211 113 381
157 215 314
104 166 544
231 7 566
297 182 286
33 214 180
265 219 305
270 290 352
101 80 532
259 48 291
143 271 551
204 162 640
74 47 908
8 103 544
179 2 783
220 197 33
101 145 810
42 195 428
235 173 192
229 139 36
170 84 189
79 56 5
95 236 715
224 284 922
132 205 981
41 158 556
82 256 665
63 256 64
251 138 662
228 251 386
200 25 655
140 135 371
145 39 323
192 197 475
100 119 671
39 147 923
12 143 921
221 167 331
241 138 812
132 106 701
285 226 575
243 0 36
68 66 714
174 68 532
90 85 917
204 175 871
100 84 230
107 141 543
168 97 495
117 123 97
270 21 898
169 225 162
140 199 81
129 24 540
247 84 648
153 2 362
134 44 969
236 265 929
282 29 513
243 62 69
148 241 177
230 172 613
66 233 559
295 148 59
285 263 764
213 264 374
213 28 918
26 254 974
11 159 24
91 72 838
164 50 71
216 42 813
84 299 161
128 58 86
128 174 832
292 225 405
272 168 42
205 161 983
267 280 713
223 61 753
185 200 611
197 77 509
291 1 908
5 196 539
81 68 377
137 121 726
110 130 500
41 186 935
260 64 218
107 23 302
274 47 822
17 107 73
167 89 939
133 173 278
224 209 28
281 263 902
80 244 942
54 119 736
226 53 381
211 15 772
79 263 460
84 234 779
282 164 271
178 66 612
32 170 101
1 176 3
299 168 791
164 205 176
159 54 196
58 74 297
165 177 298
24 32 928
165 175 669
185 206 61
159 10 538
36 224 662
267 34 523
265 86 278
120 90 72
157 99 489
233 255 742
99 237 446
91 60 281
143 124 591
111 285 602
246 163 411
250 189 464
272 47 782
175 99 341
85 234 951
273 197 701
155 300 211
50 248 155
59 75 859
58 292 507
132 7 30
270 232 898
275 8 55
181 179 409
103 110 605
290 47 529
268 172 438
270 215 226
283 142 239
196 101 686
91 249 721
28 154 612
215 137 17
166 244 236
279 91 185
180 282 410
246 221 780
261 280 72
64 22 754
203 106 436
199 183 777
62 50 609
168 50 76
107 88 342
145 90 316
64 41 635
8 152 178
101 266 961
72 239 402
107 169 279
84 129 672
182 287 418
105 168 177
280 263 521
274 205 662
41 171 546
23 237 423
34 212 667
8 128 979
141 238 482
245 46 292
217 292 881
268 277 272
68 147 10
196 196 409
184 268 30
217 53 197
261 129 394
290 225 979
77 283 496
57 178 664
173 113 423
137 156 802
240 211 520
72 179 427
287 272 792
257 267 931
14 38 354
217 8 810
231 48 400
69 255 325
252 29 397
280 281 540
93 96 154
172 222 329
39 97 65
149 164 322
283 194 679
281 180 619
7 67 66
289 8 12
89 176 52
20 156 793
181 255 248
56 227 25
60 290 197
61 231 72
136 178 635
151 114 230
71 20 271
172 105 909
253 209 79
5 50 961
5 214 39
250 148 495
36 300 735
40 91 727
169 154 856
283 229 535
6 12 899
183 247 515
169 192 458
272 203 852
132 290 653
249 231 343
71 140 356
92 213 549
6 158 358
233 83 523
240 71 722
204 86 26
183 52 185
59 262 718
159 96 475
239 82 697
273 193 313
110 172 812
249 22 323
29 201 531
118 18 66
100 62 77
108 73 94
161 54 124
191 263 500
234 200 64
117 191 798
248 216 872
246 158 584
139 169 568
109 262 559
40 229 833
122 96 176
298 141 940
76 155 727
147 182 59
146 177 833
51 149 406
63 39 439
283 36 568
204 171 54
15 203 688
145 124 38
81 145 312
63 154 300
270 42 678
29 177 435
7 92 232
106 47 50
300 144 459
67 7 480
159 291 893
138 121 233
210 245 491
143 260 675
198 128 630
240 86 352
42 267 789
69 157 445
47 173 379
257 290 449
17 77 496
121 213 809
54 293 588
26 20 792
214 280 887
162 239 147
107 229 138
162 90 208
219 259 650
160 296 460
17 166 978
284 135 296
226 154 885
136 274 428
26 31 391
9 230 238
219 81 706
281 74 704
56 110 152
127 221 319
266 163 903
1 298 145
81 17 310
87 6 59
144 123 378
234 59 780
216 211 600
49 123 941
180 275 195
53 258 896
160 244 525
205 211 718
282 67 381
264 208 68
99 143 389
189 131 190
237 259 947
227 193 192
274 297 289
166 189 808
231 71 757
88 278 888
15 12 606
158 298 748
139 142 388
124 212 110
126 281 346
68 212 288
216 127 453
175 44 530
41 221 139
83 126 589
95 133 618
126 14 118
121 300 711
150 298 63
70 212 671
21 233 923
219 26 698
189 140 112
162 280 719
249 226 77
222 187 535
33 94 264
185 78 392
118 114 839
69 79 52
116 276 126
186 180 250
285 211 835
103 89 60
90 108 840
300 48 651
95 244 765
96 71 774
155 190 831
225 168 507
2 122 528
89 124 412
150 178 731
192 286 972
49 85 725
184 18 276
178 200 210
170 147 351
254 238 741
12 283 930
29 52 286
214 67 623
221 117 854
247 264 496
134 136 44
62 16 484
228 14 981
143 192 798
79 122 101
268 124 357
229 71 961
265 7 463
267 186 438
220 239 269
64 47 669
237 122 614
183 148 22
11 291 67
151 40 503
93 143 271
216 232 462
203 278 681
34 158 649
259 146 258
123 283 48
117 104 569
198 174 623
80 91 263
246 8 659
273 101 908
159 32 995
103 66 500
243 234 158
237 283 889
108 254 636
200 129 903
291 207 475
278 254 303
235 45 977
230 153 27
106 250 141
208 113 471
197 127 678
66 6 777
113 235 582
138 10 764
24 133 320
142 39 23
291 145 70
106 198 244
34 216 100
153 225 639
253 61 373
238 110 981
95 150 86
52 120 324
213 222 452
94 74 506
229 132 221
235 62 731
222 124 462
234 247 451
281 41 788
214 186 815
188 82 169
145 270 882
75 208 617
170 238 296
18 269 101
44 189 377
185 172 136
244 255 355
102 188 581
107 177 514
61 197 448
20 165 80
214 203 457
10 213 371
35 74 91
286 229 702
120 263 582
143 114 30
131 144 932
154 65 310
165 241 425
78 178 29
292 207 339
176 202 429
199 208 237
231 26 97
194 217 124
74 251 405
288 40 951
147 98 102
286 170 930
169 108 242
179 130 47
202 152 992
215 262 642
74 110 61
222 103 691
257 133 84
81 89 793
265 30 483
297 113 870
88 292 111
115 124 211
179 85 567
257 11 276
245 297 255
268 277 151
296 207 555
13 24 736
34 288 236
52 266 849
113 57 309
122 157 136
44 225 758
134 203 27
197 28 223
79 59 836
287 180 526
83 196 836
269 17 35
173 93 597
1 22 931
109 295 599
211 80 782
81 39 44
184 45 461
108 252 620
225 156 669
13 284 279
225 47 224
197 205 404
196 224 5
294 94 976
273 196 294
269 139 955
40 212 911
202 243 866
298 232 872
186 88 384
290 5 183
210 240 398
218 291 961
274 281 398
32 157 26
235 103 13
71 24 406
159 293 866
262 296 425
30 182 751
153 167 590
252 140 704
293 40 751
199 14 437
204 58 505
156 101 880
48 238 78
157 28 199
20 25 255
83 116 619
46 194 419
156 74 507
13 296 883
102 209 557
86 279 711
42 242 911
58 240 850
235 236 572
6 37 647
45 293 884
236 89 949
234 57 635
99 60 358
222 85 478
190 197 162
217 70 139
131 148 820
146 243 927
143 51 847
82 79 84
66 53 104
10 84 321
42 120 735
25 24 540
174 207 642
221 217 710
248 131 723
113 244 413
91 67 369
31 20 770
250 117 160
117 82 624
193 281 887
292 292 911
84 130 404
27 210 90
78 169 282
113 46 625
204 99 102
31 96 380
132 247 827
177 159 824
148 143 867
149 162 449
214 41 185
280 131 623
278 86 136
298 32 551
233 3 69
205 284 340
155 256 170
82 278 443
105 69 792
141 246 545
298 172 700
71 128 313
67 180 918
204 15 228
42 118 339
40 16 502
88 220 111
180 184 571
161 113 440
15 69 225
108 122 450
296 21 793
11 30 805
248 6 422
18 112 290
58 241 57
128 48 427
169 84 579
137 9 360
2 270 18
229 157 617
201 27 264
35 183 915
298 161 774
65 68 762
101 125 177
31 5 541
235 123 840
197 288 386
83 209 789
231 171 783
214 63 765
158 82 302
118 295 519
268 97 729
238 68 752
109 20 267
88 273 994
214 162 554
174 192 533
254 293 543
53 270 64
225 134 851
254 55 868
217 173 303
12 76 807
165 120 156
42 76 572
176 116 992
244 133 893
128 228 969
212 64 35
254 40 978
168 286 520
46 218 484
119 212 538
21 184 447
274 229 354
34 204 161
226 11 387
156 23 428
291 1 899
15 22 299
182 73 576
14 297 999
25 46 154
156 235 437
232 81 567
155 245 542
179 109 26
101 171 242
158 143 414
151 238 66
211 86 510
125 262 70
211 38 301
209 159 152
132 65 599
255 67 956
190 96 822
135 32 261
134 300 231
189 119 263
5 179 672
103 263 217
277 191 915
165 287 15
240 238 749
254 30 471
0 140 770
173 53 142
30 131 957
199 152 11
65 229 367
67 55 946
144 136 295
189 21 805
24 262 67
187 210 901
79 204 936
72 204 23
120 35 639
165 217 369
106 127 26
80 49 498
281 182 856
90 266 728
138 143 520
167 191 162
250 190 344
288 71 550
245 6 227
289 278 340
50 57 123
33 31 599
143 296 99
221 151 905
300 188 83
170 203 932
118 1 229
104 30 658
146 154 53
228 182 665
253 139 930
27 231 925
67 272 767
202 121 560
70 192 449
210 103 895
117 250 813
129 93 777
195 40 171
193 278 152
63 120 636
52 249 247
274 153 41
148 49 936
253 239 575
22 273 920
88 110 704
169 283 757
79 210 414
174 230 808
161 114 403
73 62 530
48 228 415
66 118 561
99 6 668
262 258 562
192 211 631
274 224 239
190 8 286
25 67 106
36 147 741
207 116 261
253 35 84
54 220 202
247 75 124
155 270 621
122 195 179
175 259 773
110 201 95
283 219 70
264 171 795
100 67 384
119 29 718
195 151 544
255 72 607
40 16 537
79 171 32
196 21 448
226 78 404
54 97 147
180 188 73
127 219 693
78 80 680
226 215 589
277 271 806
41 180 782
259 293 369
217 232 444
8 76 484
298 139 507
236 60 588
263 173 413
283 233 784
227 231 52
4 194 78
256 211 323
86 111 392
78 82 284
231 41 407
254 236 870
155 181 956
155 84 394
161 206 659
101 89 41
241 12 678
80 44 738
138 127 955
141 95 403
145 130 818
262 161 134
134 196 915
222 78 836
296 166 611
123 234 999
247 146 319
297 206 357
71 229 106
291 226 691
219 141 790
91 159 557
14 37 318
95 116 642
222 38 825
122 223 156
10 91 995
210 231 349
68 112 5
230 36 888
115 92 479
100 4 315
144 156 545
244 19 106
153 16 806
284 233 742
22 39 348
279 45 98
132 56 596
98 73 109
195 48 908
130 252 728
233 223 260
271 134 435
108 36 151
196 160 201
145 16 884
229 2 859
116 49 913
81 107 930
0 169 510
74 73 197
256 71 266
176 270 395
194 283 602
157 249 221
105 93 472
119 173 855
71 177 32
212 152 954
5 136 409
131 57 455
144 212 939
256 132 171
229 286 452
252 86 29
286 288 728
181 245 343
133 153 785
270 257 685
151 78 251
281 175 670
205 191 577
298 281 808
214 50 146
158 283 896
107 0 530
52 239 127
88 223 663
9 30 261
89 140 724
255 197 113
162 97 383
281 64 764
105 281 151
102 238 607
162 292 602
111 198 486
187 180 279
211 233 555
274 191 31
221 153 65
265 219 720
24 90 656
288 137 848
16 250 125
202 191 998
184 11 594
273 92 546
143 124 68
160 216 276
229 198 628
296 15 420
251 174 697
289 191 20
111 246 404
49 87 397
103 209 117
26 52 105
141 217 899
225 289 720
139 182 451
247 113 77
126 47 400
118 126 751
204 7 227
31 99 548
205 151 512
11 299 782
139 84 330
234 179 316
267 16 698
271 4 33
135 44 199
262 231 395
70 105 804
267 27 205
259 215 913
228 145 225
128 89 552
181 236 18
73 246 932
151 108 936
148 299 181
71 272 728
216 64 848
241 135 100
126 38 841
188 62 156
17 161 67
227 279 20
9 251 689
34 9 345
167 164 812
55 100 903
95 275 895
168 61 926
214 137 391
229 100 796
239 264 738
225 59 585
56 136 703
174 199 542
243 274 667
156 93 317
105 87 375
254 159 230
106 230 927
0 177 102
260 177 260
176 235 974
38 55 879
61 137 473
201 15 162
249 204 985
247 238 305
84 177 871
10 42 105
299 136 124
165 95 122
241 258 497
130 142 261
39 213 13
49 166 610
153 205 493
228 75 616
254 278 458
152 263 172
101 268 798
161 79 106
20 242 590
103 5 938
11 292 269
245 245 385
174 267 744
221 126 3
144 88 562
218 106 616
3 165 477
94 262 673
197 151 141
262 288 901
187 114 17
248 130 278
271 4 991
276 75 106
107 71 335
111 214 25
166 270 793
255 29 145
39 150 942
262 120 242
149 150 280
155 158 456
160 124 19
254 107 881
226 287 22
69 284 298
202 32 933
81 101 142
264 234 443
213 253 214
139 266 235
188 66 202
107 277 440
83 127 11
46 172 234
36 135 970
111 121 328
143 288 919
148 131 918
34 42 821
235 67 926
212 246 617
213 37 744
273 260 911
180 142 557
194 225 426
209 62 379
75 133 194
203 170 487
190 280 768
59 210 574
187 224 197
287 10 895
139 131 339
250 291 542
295 291 122
234 32 485
116 256 186
283 142 705
213 221 739
33 114 96
299 288 424
1 153 603
32 259 968
84 21 333
87 100 689
6 40 679
220 152 795
237 231 179
216 77 724
278 10 79
128 155 158
69 166 891
93 283 493
59 129 384
109 14 496
238 13 711
291 109 792
189 235 691
112 32 225
128 83 184
162 72 548
103 280 345
100 12 711
267 151 385
165 151 452
167 212 852
80 67 721
242 164 686
82 81 670
300 111 714
7 261 951
90 239 51
40 247 701
71 270 322
80 198 7
256 40 370
0 95 716
290 206 86
168 269 840
155 93 299
59 203 273
7 253 596
59 63 618
44 259 816
149 82 393
83 58 666
241 141 260
54 228 464
139 153 43
237 13 970
95 76 100
30 49 788
161 25 571
222 53 543
199 94 858
14 119 578
178 115 875
209 60 711
200 6 504
30 248 926
216 241 486
277 255 534
248 44 290
207 227 331
27 117 19
124 80 532
160 176 987
57 11 95
84 95 260
3 263 106
213 153 596
60 269 268
22 86 216
230 186 341
217 100 581
15 45 3
171 184 744
189 39 522
21 188 295
98 22 155
154 18 802
3 119 745
13 131 710
4 235 776
3 101 57
264 217 202
205 99 344
139 101 711
16 49 152
139 240 57
116 58 86
279 167 916
175 221 104
4 237 420
68 102 493
6 159 380
238 261 776
155 88 533
201 51 889
33 247 343
79 275 915
27 284 594
3 85 907
282 83 664
131 67 153
32 73 659
178 270 61
173 165 668
32 240 549
274 270 36
134 206 735
26 213 788
46 250 71
52 298 733
185 82 719
12 52 842
196 27 740
101 6 368
29 21 992
134 233 668
273 30 709
224 279 980
75 290 121
285 290 984
197 96 964
17 260 733
45 148 302
129 208 539
239 35 987
57 53 865
282 80 207
66 56 690
149 155 964
152 79 400
5 192 413
50 152 84
300 52 913
83 184 159
271 296 721
8 138 360
89 222 410
77 119 181
268 295 567
153 201 277
7 45 350
91 231 376
99 181 576
129 155 827
130 137 916
202 274 867
99 125 223
64 267 54
95 113 567
216 77 27
133 220 633
146 128 545
109 180 514
56 83 717
190 190 804
37 236 174
194 197 276
56 186 406
221 95 127
43 59 716
274 166 779
29 145 80
56 223 352
281 44 62
263 77 519
32 242 837
219 240 537
248 163 611
159 63 548
206 66 133
141 3 502
168 190 242
237 143 247
196 164 458
78 204 776
152 116 499
282 172 881
149 140 794
211 287 439
269 79 891
272 290 255
104 157 313
137 108 605
299 264 391
0 274 721
234 221 695
159 262 651
216 281 15
218 254 73
30 71 955
90 273 136
31 285 372
226 292 179
11 24 138
182 99 309
120 252 261
108 214 495
52 50 775
20 134 768
199 76 926
293 143 67
235 12 356
186 83 878
139 1 966
70 195 324
48 50 365
89 192 452
83 202 570
134 151 252
46 56 446
169 35 817
46 86 387
106 79 397
97 269 67
298 148 314
276 284 833
228 141 609
258 105 382
279 190 797
175 255 507
100 155 955
250 43 406
152 276 113
137 244 791
262 160 57
298 261 723
52 119 865
28 86 30
134 251 898
22 274 838
149 110 397
36 95 606
185 243 783
155 151 855
173 149 610
284 202 777
123 294 388
94 159 352
241 134 500
248 1 473
207 271 759
37 254 346
232 5 322
34 292 458
17 203 380
56 95 834
259 293 362
171 268 558
88 187 554
103 145 448
163 90 93
166 169 549
214 285 349
185 196 974
188 293 396
261 283 708
161 249 287
232 69 385
234 185 208
255 6 454
108 72 760
228 82 929
39 136 456
272 9 617
275 141 680
243 43 315
258 31 665
40 181 235
207 297 278
229 175 9
160 216 879
197 29 334
89 97 559
3 153 871
207 191 96
153 6 718
127 64 93
100 299 867
253 124 397
58 285 135
212 258 12
95 141 16
218 26 486
78 114 466
188 106 451
78 1 574
213 55 926
277 182 33
167 79 120
73 283 565
171 54 186
103 138 484
277 261 938
134 158 976
202 202 590
19 70 774
45 115 374
165 254 272
7 203 945
257 90 145
263 287 335
231 79 540
145 195 100
243 158 277
121 95 315
275 76 245
45 181 339
12 116 674
46 146 65
88 133 121
110 83 141
285 76 346
103 277 369
118 189 202
30 108 117
44 253 164
62 159 528
161 132 360
101 158 474
184 81 162
109 69 523
190 239 944
290 111 282
183 281 983
53 246 436
35 215 951
220 154 567
163 41 421
284 70 149
148 145 904
294 260 653
143 182 301
177 241 401
62 47 775
140 12 747
244 240 577
224 217 184
86 241 549
216 110 569
59 188 471
214 50 165
293 267 679
1 81 621
153 118 137
254 124 488
94 97 213
198 281 271
105 258 318
28 181 582
229 51 913
111 196 882
222 20 656
57 296 22
284 91 647
251 95 779
55 93 591
244 213 393
299 83 474
56 239 503
170 142 69
177 149 8
61 274 724
8 6 138
141 158 281
96 155 87
175 175 30
40 183 168
196 288 631
124 258 145
30 60 67
24 29 628
112 145 244
10 8 295
281 277 868
286 15 295
295 89 26
92 262 143
132 241 38
242 240 945
268 254 82
182 281 921
135 214 311
197 107 216
209 134 161
238 144 929
35 151 28
212 273 460
174 273 851
172 27 626
105 264 744
1 189 904
117 10 490
88 201 807
124 224 948
6 128 406
240 86 312
88 299 626
238 285 306
122 91 209
187 121 195
142 289 571
37 223 554
109 64 553
119 155 443
170 159 534
244 63 351
97 160 400
126 14 866
156 45 739
229 278 830
151 299 774
124 218 559
174 153 270
116 161 658
240 283 249
288 299 915
169 295 375
207 173 511
115 195 569
140 132 349
259 230 435
220 86 631
112 12 925
158 135 845
85 201 58
167 93 412
7 286 806
219 220 384
284 220 775
178 233 182
143 107 747
145 50 846
225 6 165
117 17 33
241 102 523
68 80 357
180 246 306
55 276 482
261 37 167
203 293 618
223 115 555
242 255 359
229 290 590
234 168 771
177 290 545
107 100 356
291 37 846
170 132 119
23 224 717
116 5 603
289 123 426
81 76 246
157 263 155
107 119 784
242 166 547
179 192 487
77 293 250
135 56 560
134 184 653
207 204 182
295 154 965
98 222 274
234 96 830
225 160 534
141 208 331
101 71 275
130 122 303
100 179 627
293 290 785
223 164 868
192 43 624
150 245 183
118 197 498
211 80 584
24 205 300
281 187 686
65 111 546
131 93 901
37 197 348
287 28 460
48 125 852
53 209 394
4 52 147
234 37 246
206 160 862
204 290 624
14 300 680
45 216 815
84 24 613
5 114 387
73 56 868
41 277 931
63 224 51
116 36 252
13 104 422
221 20 115
126 80 979
208 280 698
202 246 979
58 264 655
25 44 880
14 177 327
169 155 732
260 122 827
5 142 938
278 95 13
294 232 387
150 92 239
114 212 417
87 95 67
52 299 978
184 158 686
181 285 122
125 132 171
157 202 455
114 225 376
199 253 180
219 290 896
94 294 261
152 253 452
247 251 835
15 109 303
56 203 664
91 116 139
158 242 395
113 106 574
1 111 24
229 95 693
12 235 459
154 158 206
168 98 223
164 70 878
237 153 821
174 167 502
172 179 711
240 253 378
292 123 756
215 167 587
198 199 129
200 14 786
256 299 940
91 250 853
226 7 651
109 202 576
77 284 197
278 18 12
292 220 395
83 207 662
218 146 317
96 258 705
257 243 553
241 108 911
89 185 676
182 234 888
12 93 833
96 116 676
237 140 629
287 271 679
4 152 61
128 170 745
221 166 111
231 86 839
99 156 736
92 26 749
84 100 580
226 236 589
293 289 385
222 128 770
11 240 756
163 35 931
120 157 632
286 100 963
130 145 853
64 241 956
179 218 392
280 216 935
113 60 888
13 224 785
204 282 585
22 98 470
234 40 0
283 74 110
283 265 894
14 55 293
236 152 27
234 69 380
277 72 837
289 83 397
113 52 425
37 120 146
102 23 4
233 54 278
90 284 559
222 65 903
277 197 979
178 78 693
44 63 117
75 258 209
194 237 693
208 188 761
281 65 76
281 279 153
2 146 307
261 69 180
100 81 296
60 71 664
81 55 893
290 27 669
134 137 923
15 140 619
11 140 492
177 23 288
142 71 132
172 92 857
40 143 570
182 194 313
216 50 252
185 123 919
267 57 949
108 247 442
268 24 411
8 9 272
98 102 950
232 182 697
26 58 857
148 295 886
270 23 775
243 72 87
170 78 345
256 269 346
139 59 346
42 285 97
154 33 599
109 294 712
186 165 533
254 34 391
258 248 102
42 15 541
278 65 135
194 89 331
200 247 470
169 205 589
88 22 575
108 108 84
44 118 438
265 212 664
169 100 398
101 180 735
184 86 108
104 136 28
119 186 966
53 208 613
70 249 301
58 217 867
188 130 537
299 125 878
44 108 320
133 171 659
56 109 820
145 66 648
208 150 307
179 191 845
15 292 52
212 233 765
103 258 879
267 286 227
35 220 13
255 123 466
22 204 725
284 47 36
170 177 595
177 121 231
107 59 871
197 58 937
22 211 843
108 253 120
186 253 599
266 96 556
131 228 644
94 209 336
48 45 310
52 298 882
196 254 88
72 261 418
270 174 277
0 158 117
203 104 371
208 146 560
92 50 6
4 9 697
220 64 329
166 97 948
141 110 75
219 238 634
31 137 849
170 48 729
281 180 692
69 187 346
171 80 917
165 88 502
203 164 389
79 233 586
127 210 963
41 14 429
20 212 950
59 150 335
145 32 149
243 235 227
218 270 605
38 47 955
204 126 549
196 251 818
160 48 320
295 282 897
217 80 100
65 180 632
36 249 280
71 284 450
213 179 688
156 190 175
114 80 776
139 204 680
246 194 242
103 158 885
118 92 447
68 299 392
116 27 201
173 199 181
279 120 418
112 275 526
100 279 483
186 18 330
179 298 688
247 129 861
142 21 519
259 26 746
244 210 160
77 53 527
252 130 653
26 281 797
299 144 244
84 215 235
89 34 85
186 196 196
57 56 701
166 18 934
268 70 775
271 227 614
270 155 624
102 136 838
36 196 102
76 290 291
65 59 511
160 62 684
33 219 504
236 218 837
133 11 592
293 41 165
191 108 314
269 295 93
7 113 303
160 25 86
81 198 137
292 124 767
287 139 201
83 262 576
283 39 271
243 230 988
11 178 121
122 238 966
141 137 709
250 20 724
214 109 315
182 17 47
84 12 976
35 34 825
69 193 738
48 173 862
211 126 789
186 221 487
64 206 274
149 102 315
206 101 931
69 112 888
62 290 941
247 162 58
226 132 232
76 257 720
220 153 927
205 58 719
69 235 599
189 32 809
240 57 179
201 73 7
215 96 374
156 26 283
179 54 272
158 138 243
198 159 778
94 50 999
132 102 560
13 260 49
46 33 512
191 124 630
263 51 337
118 1 38
194 239 323
243 257 466
76 248 974
9 41 665
30 62 834
1 222 411
90 79 827
198 258 234
245 68 318
216 150 55
187 205 554
77 152 44
119 285 923
266 56 204
203 93 869
154 61 113
110 298 382
261 218 797
222 161 810
16 124 260
15 109 581
129 65 597
28 204 106
244 182 369
203 132 878
69 223 558
104 290 781
275 60 242
137 84 438
266 206 720
144 136 872
197 211 609
209 144 852
90 268 998
92 137 248
197 17 796
13 144 108
152 49 833
96 92 448
267 164 871
60 3 240
220 43 553
83 223 816
27 215 494
292 7 100
287 287 635
213 132 58
188 216 664
84 282 746
202 245 630
36 179 952
204 160 164
105 91 32
251 42 707
295 88 860
120 71 686
74 30 230
289 128 965
29 180 886
94 273 419
171 64 561
219 25 27
56 248 429
159 144 699
33 147 796
160 49 304
269 265 121
166 172 191
179 117 440
56 78 577
205 197 395
6 68 666
224 255 55
57 207 326
6 219 322
57 28 26
200 120 747
99 255 851
257 125 578
227 138 357
264 64 852
274 116 529
219 15 280
0 107 708
253 231 974
125 208 108
196 209 248
153 117 425
198 195 829
68 258 947
217 292 256
101 272 691
295 10 847
74 2 22
69 171 251
289 167 770
256 285 535
114 267 120
263 150 859
280 21 894
285 70 190
295 268 370
79 141 369
195 4 643
190 91 375
81 158 325
164 296 412
176 63 255
268 122 436
180 143 219
231 91 368
60 114 21
258 157 685
168 43 788
115 36 635
26 215 158
89 35 976
73 197 571
254 206 277
202 294 215
171 4 309
41 221 249
159 68 626
107 203 185
147 134 987
255 292 766
145 91 265
194 24 85
139 160 719
147 43 54
87 201 472
143 103 550
263 194 306
143 167 11
232 283 994
271 214 433
25 51 492
228 249 137
218 92 347
219 271 118
236 269 949
97 159 300
86 256 509
136 226 483
270 219 437
140 271 810
136 110 761
38 63 267
116 178 51
75 170 40
254 6 518
211 269 70
215 263 405
44 249 729
48 140 523
256 223 645
292 274 583
253 267 827
197 132 775
155 285 412
87 37 707
127 130 866
272 56 585
209 135 197
89 57 494
167 153 567
197 27 64
196 225 586
254 97 67
57 143 102
223 44 84
277 232 732
260 195 704
48 219 503
270 101 784
197 258 777
233 120 390
68 289 740
41 69 259
253 267 557
220 149 594
264 234 386
271 74 862
259 169 474
118 266 125
11 101 917
176 163 195
96 42 226
49 166 774
290 163 119
61 284 664
117 127 648
266 38 40
80 206 603
1 91 162
258 169 426
85 299 73
19 113 849
236 49 471
134 266 538
233 160 274
285 225 700
210 44 739
97 46 283
70 255 224
87 273 201
270 246 114
178 41 192
270 151 782
254 95 931
130 136 459
149 47 360
206 30 691
182 198 850
194 235 965
130 286 498
289 105 50
291 218 907
26 261 945
160 262 944
216 300 383
233 97 710
193 153 979
206 200 504
203 89 707
135 169 451
40 9 712
277 300 958
193 207 139
23 194 389
220 274 856
91 206 530
300 78 234
136 293 481
272 271 412
204 242 577
127 211 393
72 259 829
40 94 565
300 253 107
81 165 492
169 42 745
63 96 624
126 102 298
225 110 384
272 157 664
117 285 562
27 44 779
141 132 780
98 262 414
116 255 748
300 240 641
67 44 880
200 120 941
27 32 381
157 184 97
39 112 627
31 8 266
118 69 620
37 273 887
93 263 263
289 45 679
109 232 306
121 110 774
1 165 542
224 184 781
182 49 864
162 114 356
44 7 216
77 33 806
140 225 512
227 160 342
117 236 90
247 8 167
151 25 935
191 135 59
16 122 133
44 168 188
154 73 129
152 118 831
199 165 964
208 215 65
179 260 791
197 24 410
300 139 237
75 242 989
3 234 346
230 178 348
109 138 286
198 230 273
118 95 208
121 164 159
149 192 975
64 194 931
158 231 637
195 210 270
188 45 407
13 88 898
42 261 602
20 283 543
64 9 985
150 23 249
167 225 499
275 136 150
62 64 470
122 179 623
196 6 285
111 28 288
280 90 396
206 104 461
183 26 282
205 298 647
196 145 989
266 14 80
285 211 466
249 37 657
205 132 757
247 4 58
231 107 776
233 157 510
36 126 256
281 9 683
69 135 547
73 225 927
26 163 69
254 245 642
154 121 576
56 46 726
251 118 552
41 18 260
283 212 249
298 51 687
250 106 852
145 52 840
51 214 6
185 201 101
257 8 2
218 224 136
220 238 276
178 99 265
212 178 195
202 150 493
239 71 316
17 90 975
47 82 953
287 17 589
199 216 253
157 215 144
18 283 995
275 155 104
224 109 224
171 78 186
191 94 893
226 213 646
178 118 278
230 292 806
188 160 440
26 85 963
64 206 206
293 226 316
165 144 673
14 124 811
198 64 760
132 207 844
167 74 458
242 0 106
45 101 887
33 230 228
291 188 755
142 15 284
124 240 173
268 8 440
99 237 273
167 61 585
26 171 629
118 47 678
102 37 819
162 74 104
78 165 933
127 122 625
258 253 31
296 255 997
63 295 582
15 202 945
291 112 691
227 122 266
165 246 244
89 169 50
61 160 586
149 64 399
189 182 717
134 259 160
236 297 368
228 155 490
21 161 604
227 202 981
176 148 687
221 126 351
142 66 291
36 142 131
63 51 574
78 162 168
57 123 147
299 167 976
257 246 536
42 56 946
171 234 836
18 44 358
42 207 164
20 17 270
276 39 783
143 102 140
132 275 715
243 208 530
40 8 547
43 105 765
252 135 286
172 199 818
104 217 36
251 73 875
223 56 269
21 293 604
31 71 122
78 115 514
66 212 919
48 63 941
167 149 573
215 47 516
181 29 117
236 221 280
292 88 692
167 289 508
64 130 337
124 207 659
0 232 352
77 252 784
156 224 627
138 176 125
149 233 960
24 90 56
21 23 39
119 134 254
48 49 964
259 24 857
96 88 758
2 220 4
187 51 892
82 145 971
269 169 261
292 63 208
104 294 777
269 112 84
53 29 67
192 138 655
138 155 793
180 138 620
117 143 985
176 110 368
151 21 14
130 75 787
136 262 473
136 119 89
62 40 211
8 9 255
186 300 112
174 105 298
168 226 956
2 267 881
61 62 55
247 271 80
53 12 744
62 191 653
95 268 222
86 84 770
178 38 921
257 126 214
88 129 382
130 215 179
73 141 680
136 53 790
12 287 958
195 124 9
265 216 668
189 97 358
232 118 537
261 283 792
76 46 624
169 246 747
113 103 943
89 209 776
272 61 644
131 278 849
58 236 316
219 28 642
283 80 272
121 96 319
171 75 86
156 107 709
223 14 691
281 150 305
284 258 996
117 177 802
98 267 513
58 261 185
211 283 160
17 51 663
242 59 19
250 172 841
275 275 35
261 184 462
29 162 784
228 59 920
138 107 344
227 50 618
0 144 174
59 258 644
222 284 35
36 182 112
138 156 596
267 154 896
94 77 530
1 128 593
129 273 789
58 108 176
298 250 174
158 185 230
276 50 663
198 3 108
263 167 110
202 37 41
118 285 883
141 228 338
75 249 585
23 34 835
267 13 776
294 29 264
151 40 36
165 88 226
85 223 751
153 230 443
80 203 297
252 221 776
229 158 240
231 279 517
178 67 786
267 208 752
260 124 795
65 264 456
166 171 962
201 222 793
207 217 626
189 46 172
278 270 610
50 188 644
176 17 817
177 229 454
5 105 663
300 185 825
21 83 450
176 156 939
270 8 772
241 131 686
290 258 874
41 248 781
119 80 26
178 69 540
72 272 129
210 62 931
223 223 84
127 170 95
19 154 278
68 154 157
129 91 475
63 123 704
70 173 284
174 124 51
37 287 412
150 100 965
9 179 304
32 97 25
48 227 277
190 130 557
294 121 497
69 174 375
29 104 898
227 197 665
187 232 107
3 54 710
221 37 115
226 251 768
158 98 858
8 204 347
160 33 437
107 36 878
3 135 796
256 3 861
259 288 360
293 32 684
234 61 467
155 202 507
56 260 800
189 72 330
298 68 214
140 189 261
98 136 600
182 198 802
296 19 417
224 203 611
191 213 161
169 15 280
106 142 965
262 144 777
196 290 3
58 157 622
167 135 79
284 273 20
27 179 736
134 2 98
274 42 743
11 82 830
80 194 696
99 300 483
212 292 720
124 71 593
86 10 794
80 299 527
50 94 686
91 224 747
129 260 555
252 212 665
109 286 230
69 174 527
52 202 371
46 256 351
82 78 860
190 105 396
294 26 384
199 281 860
78 99 808
290 19 458
82 192 327
119 276 225
10 192 502
141 4 821
197 198 492
102 92 949
189 180 107
5 200 503
10 190 428
25 178 513
15 48 970
87 5 282
231 278 508
202 215 101
47 155 361
297 75 250
48 204 611
268 181 497
154 256 563
101 299 51
215 251 185
265 45 290
70 184 775
225 240 739
257 188 679
260 139 616
88 41 551
85 290 793
280 266 672
162 236 408
237 247 449
44 67 822
281 254 130
18 213 872
254 145 253
239 58 549
173 62 533
58 288 415
282 199 874
261 13 744
171 254 62
190 219 773
285 78 522
271 191 935
131 219 15
265 68 518
31 198 984
44 32 710
219 145 278
228 69 421
234 211 104
84 142 355
14 295 737
49 140 23
69 94 665
160 196 309
189 258 496
230 14 74
66 99 899
36 130 391
177 139 397
285 138 367
146 298 684
110 35 852
213 248 619
86 61 178
80 58 746
146 115 224
7 168 437
261 166 907
246 43 363
117 30 387
267 107 53
268 110 39
63 75 257
288 72 570
123 59 426
110 84 661
116 138 405
145 225 514
94 100 22
104 126 180
285 26 445
100 291 813
87 147 648
195 212 808
243 45 368
221 22 419
108 273 733
157 270 370
96 153 386
245 222 123
278 110 908
130 130 66
35 164 282
46 277 604
246 79 104
35 130 764
198 134 237
241 173 137
224 263 419
215 139 459
76 293 395
185 241 370
70 125 653
227 207 993
217 54 475
174 60 79
128 285 701
93 195 186
239 17 503
133 171 36
84 150 446
108 7 967
264 208 471
23 58 908
26 222 302
79 212 245
65 30 336
240 75 156
49 207 430
96 188 387
212 55 817
127 63 380
51 162 825
271 108 127
53 95 359
221 131 419
87 210 267
170 49 697
25 254 475
199 155 843
152 110 728
43 258 996
276 101 520
159 209 463
300 296 374
223 287 192
139 260 534
52 33 82
9 178 985
128 24 660
209 103 816
162 272 826
275 266 986
91 175 980
229 203 770
144 82 836
188 197 732
14 117 686
292 276 365
123 225 897
110 258 487
225 107 710
137 39 4
24 201 462
274 167 107
17 62 552
92 170 679
122 243 916
271 260 920
113 9 207
87 269 86
101 32 296
29 14 667
93 38 189
283 58 707
205 1 382
122 36 174
149 46 437
238 173 871
294 52 564
157 270 955
20 82 128
272 113 549
49 281 718
292 157 788
84 133 262
169 241 134
286 6 481
85 215 28
190 235 529
146 205 630
271 60 207
142 208 847
38 94 485
151 58 42
101 266 467
149 213 257
153 240 59
286 260 996
127 52 327
292 104 883
159 76 957
245 282 722
231 205 290
275 14 483
272 189 28
112 265 783
104 103 776
172 198 966
139 56 400
257 244 349
262 170 742
138 145 1
5 130 937
14 262 869
269 288 908
102 103 78
146 201 232
142 158 246
22 137 880
132 220 305
283 196 276
238 280 355
49 76 221
72 125 55
129 224 609
179 246 295
89 80 244
129 245 619
172 31 225
262 233 557
262 71 168
37 25 245
84 195 739
225 288 924
112 18 833
197 155 929
164 253 107
201 200 418
280 207 655
46 289 782
151 255 877
212 151 778
242 123 695
173 169 110
65 125 52
295 65 484
125 229 392
149 4 942
281 200 306
4 149 703
42 47 161
132 85 883
157 147 366
163 203 62
141 226 39
38 121 778
175 183 657
60 276 649
73 53 939
224 2 792
165 8 917
209 45 245
246 60 793
63 130 559
145 234 877
276 104 549
291 154 287
40 110 955
31 160 115
271 297 209
258 52 644
271 188 221
123 231 648
179 261 319
204 287 135
261 112 332
74 208 770
295 214 50
5 0 970
35 24 802
216 210 565
179 85 821
235 273 268
16 225 618
274 181 324
199 279 714
105 214 436
53 213 588
11 26 260
225 280 400
118 295 436
71 190 860
152 200 344
130 142 418
192 238 907
30 256 281
21 135 577
128 150 902
138 92 839
143 65 689
270 248 405
241 131 696
2 95 385
80 180 457
73 159 149
40 222 221
125 115 769
8 266 849
46 39 915
142 235 87
269 4 171
2 164 255
221 106 678
208 9 848
14 300 672
79 195 369
48 189 254
118 75 103
243 271 582
206 215 314
14 170 226
37 205 753
35 271 828
165 147 420
253 227 93
162 213 414
7 109 860
93 74 467
267 233 708
227 160 459
141 226 487
203 198 230
60 100 500
95 76 622
4 257 250
288 186 324
29 223 640
113 273 947
4 52 569
139 179 303
242 58 144
226 51 984
129 220 918
118 35 786
265 291 633
194 183 179
16 285 910
300 250 833
102 298 196
173 38 979
226 196 452
252 10 7
205 76 415
101 122 691
236 57 706
12 188 480
292 257 510
221 90 580
121 60 714
178 163 824
145 90 843
164 219 88
253 159 996
87 191 368
107 28 885
42 137 727
86 131 725
164 14 703
44 8 663
158 166 558
98 235 207
142 70 645
203 43 869
266 85 714
220 240 293
221 50 214
231 279 194
173 56 178
200 273 494
255 122 380
292 17 511
257 128 693
49 136 95
246 197 233
100 140 208
112 25 844
232 267 955
68 285 80
10 110 43
182 93 194
202 139 332
137 233 468
226 74 353
199 33 951
143 235 738
42 219 87
20 100 991
66 35 910
219 115 506
245 0 82
111 84 840
81 123 695
43 133 992
11 120 606
238 41 78
76 169 544
87 113 639
205 206 112
111 298 342
152 182 269
26 96 743
186 1 923
250 34 749
264 101 467
130 185 535
172 160 612
257 208 258
6 231 162
38 251 429
191 140 693
107 77 909
115 234 785
70 192 934
245 156 711
88 267 25
181 61 365
241 39 183
57 165 302
118 230 712
3 28 360
89 109 364
9 151 644
96 115 129
97 92 760
38 180 284
231 170 88
219 23 275
163 114 692
38 159 731
261 278 542
152 0 603
165 139 287
39 241 204
189 56 845
14 205 437
281 128 717
162 47 11
273 236 535
64 124 861
99 164 541
137 209 992
40 61 137
64 213 604
66 172 568
172 217 424
231 101 277
7 275 190
142 101 461
123 31 802
14 294 391
191 32 72
156 285 696
48 101 997
30 85 467
177 93 1
294 147 230
81 208 596
299 36 342
92 6 610
186 28 692
261 98 304
5 27 692
135 211 942
36 124 205
285 1 535
78 148 4
111 205 656
80 218 239
241 74 411
119 6 657
34 293 601
34 120 840
211 89 577
189 270 311
204 261 892
53 272 459
122 128 983
64 7 366
248 254 812
178 144 884
189 105 399
119 295 516
29 100 661
292 46 338
120 239 794
258 199 974
10 44 20
237 122 921
154 60 871
232 232 858
279 292 322
174 84 13
95 38 591
242 257 814
292 103 964
258 31 607
98 263 11
269 228 794
116 78 324
203 263 126
39 88 672
46 188 944
45 188 581
116 44 994
118 282 40
107 145 689
146 180 752
175 6 884
186 49 511
243 297 606
179 133 476
201 181 378
67 72 435
26 238 914
251 175 869
75 175 95
95 211 203
154 46 7
97 183 991
19 205 765
241 206 374
154 64 483
218 91 637
103 156 817
6 139 622
51 25 607
136 291 324
262 193 482
106 43 683
65 93 676
139 288 643
8 27 683
194 149 267
133 62 210
165 192 674
294 152 251
194 3 953
173 30 345
48 34 765
83 79 705
74 125 741
170 74 724
17 247 401
143 112 794
237 252 811
60 39 758
291 279 75
100 150 294
272 159 154
207 221 561
129 10 548
71 26 930
15 31 371
139 101 185
116 76 815
268 47 915
31 26 109
291 16 421
74 34 276
208 117 995
291 38 320
214 17 204
247 281 387
140 84 771
276 228 752
82 91 78
283 78 540
239 81 239
78 159 427
151 281 950
17 283 87
56 174 823
123 102 584
9 33 269
39 48 857
134 238 49
67 17 101
20 116 153
56 180 897
45 219 595
184 126 629
41 78 770
60 164 423
46 162 615
34 153 915
199 54 132
50 256 564
97 281 76
166 205 393
0 214 758
141 99 261
210 3 673
279 107 68
182 273 87
138 272 867
24 285 486
242 109 983
290 283 741
296 116 48
254 161 508
105 180 157
54 157 675
255 113 720
5 200 537
99 143 413
269 139 505
84 246 623
183 229 836
284 31 111
263 39 860
230 151 78
206 241 69
35 36 603
289 145 97
20 137 319
271 298 773
103 176 94
281 28 130
211 37 915
206 197 916
87 277 187
89 199 376
24 89 78
137 42 488
178 283 762
53 133 767
14 47 870
210 143 280
289 154 760
55 132 887
82 84 267
36 276 651
2 290 507
164 246 860
240 111 61
86 45 519
17 109 0
101 290 551
275 146 679
1 194 215
145 120 773
65 223 922
167 77 219
192 226 834
186 288 665
244 181 241
153 226 575
247 65 8
191 103 320
27 221 368
212 96 512
117 37 498
279 215 757
188 292 610
121 59 534
56 66 361
187 285 47
179 297 278
186 187 18
74 161 90
214 136 354
272 111 70
264 70 86
182 51 38
200 27 120
158 181 836
291 68 578
76 194 83
185 262 172
71 218 881
298 83 435
17 78 480
4 79 598
131 300 860
2 235 759
248 233 142
14 105 806
14 111 220
41 9 171
46 197 691
10 75 597
83 94 856
223 196 627
61 55 599
282 18 30
250 192 317
208 216 803
259 149 534
97 92 2
142 5 703
193 28 966
97 92 914
263 213 312
266 274 456
96 70 514
217 38 646
6 134 641
276 32 549
66 109 238
221 274 177
49 107 632
105 258 695
213 128 742
287 272 310
238 243 634
55 133 382
110 92 852
38 2 379
165 135 682
243 187 988
245 141 761
55 69 613
74 87 515
61 190 913
300 240 150
234 42 854
40 212 302
50 72 986
76 260 118
117 133 959
102 110 811
147 54 557
86 236 645
269 240 523
148 259 866
293 139 3
252 46 403
203 238 296
197 189 361
155 294 353
123 192 870
30 33 876
104 205 330
145 49 327
264 273 787
297 60 558
90 181 959
117 48 730
15 135 989
261 123 280
144 100 299
139 257 380
11 47 560
92 41 976
277 123 991
79 12 592
23 231 522
223 88 458
149 280 417
149 112 12
219 213 473
216 202 357
5 223 34
264 172 94
233 32 876
284 294 892
249 79 594
111 82 214
97 2 453
147 99 843
30 70 628
199 147 277
2 222 305
268 184 391
19 142 120
274 215 793
36 180 521
229 74 541
197 280 925
188 245 339
281 144 979
110 71 207
117 262 24
285 48 254
137 136 630
18 236 655
233 167 264
5 235 457
249 255 543
138 178 621
218 240 993
253 49 916
90 107 195
294 104 642
269 106 682
22 42 897
210 167 389
150 245 242
188 35 122
278 228 411
125 258 680
151 229 314
15 0 628
183 157 354
241 50 255
162 75 768
229 164 719
67 234 860
81 26 122
91 264 984
76 274 448
87 288 130
49 127 477
218 277 669
259 34 16
107 135 866
241 144 30
289 219 320
68 23 955
296 94 38
10 246 339
72 239 968
41 202 652
98 1 521
198 190 883
26 55 849
177 178 1
150 84 399
175 80 984
7 65 792
164 128 127
90 28 972
34 121 997
237 135 797
138 139 159
162 26 744
189 60 861
160 204 838
68 38 391
281 89 774
292 211 242
101 145 913
247 168 325
163 191 132
276 247 289
189 285 527
298 117 535
252 228 899
130 249 346
195 279 963
287 234 712
20 26 263
250 95 34
81 82 468
225 156 785
144 19 833
197 149 493
28 260 268
136 97 330
34 157 698
292 39 733
193 91 788
223 136 655
227 96 909
117 233 201
201 113 912
126 129 439
26 88 169
213 271 715
0 41 88
161 135 743
194 139 859
104 190 229
101 230 851
96 284 332
246 110 864
90 189 588
286 60 685
203 267 818
280 222 889
158 281 582
275 40 3
171 106 790
215 268 967
293 49 69
239 53 0
137 154 29
145 73 68
25 296 211
203 61 295
56 116 363
221 173 31
39 82 228
83 144 299
177 199 546
254 34 198
31 232 959
67 291 534
147 151 399
85 44 708
295 195 480
8 114 310
64 255 774
289 262 676
79 210 651
252 22 521
54 196 264
126 249 105
121 69 520
228 120 611
216 155 886
136 100 720
99 10 837
1 156 92
134 244 455
4 262 397
128 105 831
274 227 11
252 21 341
35 161 558
44 255 675
249 19 291
37 81 434
299 170 40
25 203 785
161 37 468
212 144 725
64 180 799
235 41 482
267 48 225
127 24 793
182 258 64
43 262 913
8 153 429
90 39 6
191 254 606
155 24 503
284 46 985
250 144 619
156 285 2
270 249 522
15 247 42
94 107 800
134 74 931
243 88 456
217 214 323
195 93 229
45 4 230
15 90 66
85 121 452
24 57 37
26 32 197
166 282 885
295 284 733
76 101 912
128 75 854
124 156 694
165 207 128
203 103 42
107 205 352
2 241 388
251 16 488
78 271 444
195 0 368
91 148 611
233 90 500
180 25 804
232 45 695
161 287 809
272 89 317
67 141 309
111 249 166
174 29 226
291 85 677
226 294 109
30 40 13
69 62 415
249 293 730
260 292 787
140 40 594
57 184 663
89 11 113
54 95 747
284 66 311
89 220 776
51 89 309
46 248 514
14 240 120
157 107 90
168 278 867
272 85 4
183 133 129
232 193 74
114 210 780
103 208 273
102 136 283
261 293 67
63 256 82
93 13 208
108 296 195
243 261 383
57 181 68
62 291 830
49 279 631
169 169 366
114 49 223
146 131 792
48 234 549
208 177 391
24 132 587
38 59 410
58 180 572
134 67 153
20 215 314
125 37 844
22 285 289
57 201 857
291 16 779
48 164 793
134 5 346
298 270 551
266 48 108
210 237 590
208 36 682
177 72 360
86 244 879
27 13 13
103 0 17
100 119 647
215 130 996
212 234 182
108 86 368
72 87 99
47 176 737
135 214 438
89 170 885
60 107 121
154 121 361
25 267 419
225 264 995
63 213 46
174 166 49
7 103 995
214 27 7
150 19 657
121 91 997
290 87 478
227 224 368
19 30 184
60 162 853
289 123 689
75 27 368
25 279 323
173 8 34
14 136 904
87 9 583
291 48 936
189 119 834
198 113 830
75 7 752
115 24 837
285 160 528
94 134 435
58 186 700
143 50 648
159 271 641
136 291 64
62 103 414
122 31 155
65 139 231
55 196 745
180 298 275
189 226 882
166 9 993
15 125 863
7 264 701
202 176 648
102 52 927
231 145 35
215 123 210
134 193 61
50 205 663
36 27 544
288 242 624
55 269 725
241 101 794
219 206 904
34 225 295
130 2 778
28 296 892
5 255 849
155 106 472
141 40 187
50 120 767
79 186 246
56 265 434
29 183 962
266 239 151
274 271 202
66 18 49
65 126 550
181 242 883
101 241 506
215 122 498
61 109 382
274 215 3
122 18 390
27 12 682
88 97 741
251 19 425
73 64 835
156 161 841
37 273 303
107 195 516
17 171 996
248 156 71
4 182 485
267 120 728
30 285 697
87 195 67
79 232 160
295 195 301
216 22 630
17 213 92
292 91 110
149 71 426
112 53 491
267 115 384
9 213 943
252 102 709
183 239 233
219 190 108
109 18 494
235 299 46
13 271 308
230 107 322
188 180 721
226 88 285
225 55 686
123 238 859
202 137 286
273 253 638
161 67 505
8 233 706
183 45 752
244 257 289
199 190 522
74 55 244
38 263 903
299 277 65
6 124 855
194 108 143
162 77 792
85 253 369
17 287 387
175 110 450
189 199 117
177 64 163
216 203 365
92 87 111
18 292 336
294 48 464
163 75 846
207 117 72
78 103 62
67 52 115
78 223 697
61 215 78
232 188 932
297 43 751
175 123 846
94 265 476
62 218 203
156 123 544
276 129 4
53 103 258
88 155 483
50 12 325
142 165 257
101 153 641
284 163 758
41 180 434
267 175 814
265 231 306
219 155 393
77 73 909
289 35 649
177 202 39
37 101 411
137 198 913
34 102 985
244 48 898
115 145 635
14 9 863
113 181 137
25 51 449
93 237 206
152 142 661
123 128 431
125 268 251
163 176 631
36 153 893
257 293 15
34 132 729
36 58 186
55 177 983
144 58 149
191 98 444
291 75 967
71 136 932
17 8 337
86 1 63
62 106 781
144 279 315
23 270 759
140 266 823
20 211 620
55 269 586
265 161 163
242 137 827
169 177 145
282 248 273
221 243 388
1 272 814
20 279 830
84 101 632
0 15 202
26 28 598
123 210 39
98 60 234
276 165 508
142 41 727
163 158 729
101 272 736
189 153 478
170 126 453
287 148 935
28 189 358
66 70 814
153 132 772
234 199 367
90 173 986
146 214 979
44 189 933
223 157 948
221 86 347
49 246 495
182 105 63
216 79 678
120 291 435
268 183 23
64 143 745
64 269 860
66 46 601
153 45 425
238 66 344
176 248 44
154 45 265
299 275 146
182 8 889
269 207 459
120 279 1000
200 27 100
297 177 969
21 159 605
45 116 372
36 90 144
150 137 850
208 218 311
18 157 67
152 70 579
29 149 394
145 282 907
290 288 247
5 265 166
232 289 861
298 265 861
17 136 243
133 213 231
100 11 564
72 164 518
139 295 584
250 253 29
186 263 455
122 34 427
252 49 428
140 287 961
251 163 303
130 3 509
119 229 428
13 22 385
28 54 148
110 195 555
57 21 258
243 83 346
73 175 567
66 170 440
116 199 602
181 265 501
259 140 511
174 154 513
186 74 163
133 76 468
35 98 427
267 25 858
48 131 91
54 175 865
60 19 721
52 145 431
89 137 583
297 27 223
282 292 15
65 129 288
169 250 239
233 179 981
33 271 691
155 240 315
159 107 938
31 224 753
157 285 283
242 3 729
140 193 444
119 215 423
290 53 946
34 16 661
144 280 16
193 274 198
138 205 543
268 121 604
218 185 134
51 235 320
205 98 490
209 233 541
269 81 88
285 111 901
283 29 723
67 231 289
29 94 394
95 50 522
185 141 56
291 201 508
239 124 912
21 229 780
191 9 926
150 156 294
85 254 886
147 14 296
293 207 229
165 256 254
245 172 894
114 58 675
102 23 634
3 17 516
69 124 577
125 91 781
293 26 9
2 6 512
100 38 820
2 127 722
69 140 359
208 70 372
290 235 657
166 135 663
89 141 608
65 221 632
226 185 893
214 63 775
228 188 614
81 40 509
130 117 938
90 272 863
261 192 330
118 143 917
1 82 452
14 126 47
141 238 3
83 266 636
144 3 558
23 21 853
266 134 726
299 117 633
197 58 982
249 97 387
29 135 859
6 165 669
258 29 172
230 63 469
193 213 615
28 184 292
262 1 231
42 140 185
264 257 765
119 163 133
35 204 904
142 286 41
191 26 346
173 22 420
218 238 813
156 248 314
220 22 732
170 76 177
180 244 504
86 249 96
115 270 980
145 165 541
211 22 121
249 196 326
132 8 581
185 135 786
156 286 719
153 3 619
52 49 372
275 206 82
293 154 592
144 281 150
236 64 954
198 59 945
95 192 259
224 275 436
95 224 162
219 190 530
31 261 183
199 231 692
102 223 46
2 96 543
280 257 121
213 105 516
225 232 821
122 268 454
136 117 957
154 170 435
9 294 741
171 113 262
19 228 578
111 54 435
101 260 989
21 40 34
289 69 639
198 290 621
108 211 121
158 154 258
95 132 751
256 13 626
155 62 329
139 11 307
39 79 26
105 78 504
232 101 293
45 242 474
37 60 514
269 39 615
285 231 36
74 279 629
190 15 970
67 69 126
234 52 138
58 119 274
21 111 596
160 42 327
258 179 479
138 167 329
249 159 238
116 23 852
37 286 53
1 283 185
64 62 782
122 48 115
11 13 913
275 116 462
240 189 821
127 76 271
299 263 224
297 48 863
62 270 712
247 279 669
155 277 662
273 36 532
293 66 38
16 295 600
59 267 93
74 78 984
249 80 512
114 210 152
103 64 321
110 132 457
11 140 272
194 265 910
241 124 197
0 205 219
250 33 397
180 247 728
143 216 536
209 111 390
44 54 731
75 81 599
288 28 441
288 234 596
225 180 963
8 129 428
210 267 905
68 176 442
153 160 383
128 31 526
169 57 168
131 192 546
164 57 257
5 28 963
115 94 817
93 141 301
16 50 312
13 271 965
190 114 665
38 37 20
89 211 908
2 217 463
160 74 446
149 264 857
107 91 231
226 211 394
133 125 683
33 262 912
34 92 569
162 252 232
182 41 908
163 198 570
131 134 35
32 38 642
58 246 696
131 63 428
14 30 775
253 12 213
108 47 595
53 241 454
13 178 781
213 183 76
87 150 589
141 92 348
216 18 759
121 160 145
143 246 141
153 20 426
115 22 913
181 195 140
27 268 927
37 98 874
245 71 365
273 50 492
251 157 845
184 21 32
135 59 749
152 197 576
230 39 723
0 107 45
124 40 281
18 190 256
110 105 54
139 179 169
29 69 844
266 251 137
228 180 431
200 23 432
64 38 605
245 160 618
209 125 368
137 116 618
55 109 203
297 110 763
84 216 810
131 68 689
101 125 359
239 142 212
277 2 980
166 177 314
242 275 780
202 152 402
278 290 451
230 295 474
59 299 672
276 190 211
174 110 390
241 85 184
57 118 158
235 231 884
248 13 42
18 49 715
5 216 267
109 118 635
103 189 799
109 294 224
198 260 121
227 211 560
259 42 908
277 77 741
50 290 952
187 100 20
144 281 925
215 222 881
214 19 770
178 123 136
287 270 827
172 258 144
163 300 229
93 291 879
116 68 372
216 279 826
84 275 645
60 282 249
177 199 807
110 43 65
59 84 656
126 278 907
272 147 526
148 83 324
177 140 322
66 226 88
197 45 558
223 192 809
90 214 520
49 270 304
227 20 173
275 159 841
211 236 107
28 24 175
94 244 722
229 80 16
86 274 787
243 22 744
161 228 497
261 105 122
115 297 895
151 146 270
216 214 846
288 268 509
139 62 997
25 192 878
215 161 738
100 63 335
138 275 912
181 260 321
198 19 927
250 27 48
43 45 426
216 230 497
69 149 338
267 92 646
97 147 612
264 108 957
52 105 287
106 69 614
14 281 949
185 273 595
78 36 413
184 224 858
33 194 374
60 10 169
17 194 948
199 292 818
56 218 589
235 95 590
63 219 728
171 65 409
62 143 13
12 9 86
156 70 254
128 148 556
25 295 790
54 142 325
91 113 761
120 76 264
27 163 840
58 221 977
52 263 709
248 23 814
63 60 966
192 173 201
81 42 625
81 53 600
19 202 45
148 96 155
171 163 450
267 133 968
26 294 777
237 229 351
209 82 629
197 245 591
153 290 571
0 245 597
173 22 734
37 211 893
82 270 525
295 219 483
209 25 36
291 84 119
55 4 407
155 24 950
235 281 372
191 91 319
212 112 907
194 135 914
118 135 4
28 44 37
183 212 80
26 298 617
18 8 275
247 279 760
149 173 967
175 66 329
205 174 563
80 11 334
29 30 991
182 137 799
158 274 480
95 292 366
146 282 572
173 177 240
267 85 297
181 234 974
126 102 350
10 175 157
2 34 210
13 206 583
296 204 826
82 266 838
257 144 861
211 261 710
11 276 99
249 142 367
16 271 653
175 206 7
145 74 73
143 250 656
192 134 79
56 2 305
102 238 318
271 115 738
160 108 676
279 16 580
286 270 219
84 108 197
11 223 884
223 137 485
139 145 508
205 122 430
34 36 33
218 69 647
218 95 815
142 182 207
6 21 669
299 42 836
1 1 210
146 124 378
16 131 303
208 273 308
253 82 224
195 141 421
68 195 771
135 240 511
117 160 500
130 153 347
245 295 901
74 193 101
250 115 625
181 268 165
216 102 997
2 255 57
250 155 864
260 175 619
271 150 588
26 215 598
73 93 584
21 77 292
267 281 147
194 149 268
48 236 411
52 107 390
205 159 804
224 176 920
285 170 484
77 216 688
150 81 986
36 86 660
225 245 514
119 262 6
50 238 663
214 29 82
256 103 607
82 167 843
107 222 555
219 153 683
195 109 347
175 16 681
89 17 28
50 71 142
292 88 358
293 12 704
292 162 408
176 295 124
223 201 641
269 0 904
97 294 908
188 17 551
213 120 901
169 74 753
216 103 444
140 241 633
148 217 988
291 168 499
159 175 568
46 227 655
225 190 884
191 263 323
84 293 744
93 83 60
173 237 239
132 293 900
143 55 895
297 263 780
215 22 756
141 274 326
109 76 717
227 226 120
85 70 734
74 216 968
187 248 590
128 107 565
201 120 298
241 148 365
153 87 826
148 220 868
210 238 925
81 66 481
98 98 523
164 116 295
100 215 267
271 180 485
164 173 687
168 250 201
198 117 440
282 133 885
9 62 531
67 86 111
290 61 650
273 32 626
4 193 152
104 137 310
239 100 721
187 141 976
294 103 752
72 199 240
282 128 365
106 225 694
176 286 609
172 245 654
37 39 995
41 138 651
229 67 38
252 175 139
236 99 362
230 8 95
113 181 206
202 167 75
44 193 747
234 60 357
91 171 57
122 235 47
190 142 102
119 67 126
77 269 134
63 102 580
142 65 610
73 119 520
225 221 607
272 127 455
85 49 837
101 177 418
31 153 460
165 103 126
109 199 237
26 124 660
0 185 592
51 127 529
127 27 97
300 23 495
102 178 223
269 223 14
72 159 176
283 268 8
26 190 420
270 40 412
65 217 965
162 222 104
108 231 312
283 79 297
66 254 316
26 128 459
36 8 583
260 241 144
116 264 528
157 93 717
30 284 639
145 178 128
30 42 352
231 58 11
62 120 311
227 151 33
113 270 673
90 237 124
229 156 358
253 262 185
206 7 266
18 216 997
105 0 392
219 55 536
281 28 964
62 128 246
142 202 511
118 183 441
195 252 657
86 142 162
28 65 162
128 218 408
133 95 743
289 259 451
116 63 948
262 211 907
66 36 721
179 99 918
109 227 693
64 150 680
194 286 54
180 273 502
1 6 161
265 227 864
228 230 18
223 202 356
203 253 211
61 31 590
0 10 656
179 181 712
10 258 517
78 253 829
153 65 577
116 188 612
70 9 904
176 243 248
249 257 892
63 191 655
193 166 956
163 132 35
126 10 248
109 293 733
192 220 861
227 106 564
168 282 495
235 102 843
118 29 200
285 272 244
55 198 562
105 284 449
236 167 118
145 49 727
149 35 237
241 203 506
115 65 357
237 138 183
27 140 532
126 175 273
54 55 131
293 81 796
243 198 415
128 242 942
161 27 746
45 255 603
110 258 566
243 187 701
192 20 675
254 106 874
60 195 943
209 115 188
141 281 487
249 210 328
201 48 269
126 129 78
142 6 432
299 24 989
38 244 396
50 298 223
58 86 723
13 6 16
82 129 312
28 141 396
141 230 28
50 158 686
270 237 153
88 78 984
280 296 361
190 265 842
182 184 220
240 90 54
39 290 473
219 42 627
102 282 306
208 271 994
234 280 952
186 129 264
115 228 28
234 298 883
145 85 277
82 92 185
147 250 110
165 149 308
268 25 798
274 285 865
127 47 712
220 81 374
152 267 496
25 231 549
161 195 966
213 201 171
192 162 194
297 143 423
69 118 619
194 73 608
108 218 493
77 99 422
164 159 30
54 112 741
153 247 168
128 124 445
246 278 75
198 256 660
155 199 285
88 4 2
101 69 590
275 126 967
110 211 398
1 28 282
174 181 63
150 224 259
44 157 684
82 82 644
191 202 983
177 131 312
107 77 338
92 196 895
164 281 471
96 131 23
211 123 292
2 137 598
191 126 434
59 154 843
219 137 689
225 204 399
74 124 452
59 142 39
14 281 127
80 206 257
292 224 742
237 300 679
168 213 410
280 67 321
165 145 112
188 183 336
222 61 866
65 253 559
143 178 43
75 283 888
241 90 586
76 146 598
106 109 38
109 12 406
293 181 942
275 56 517
176 16 519
265 272 292
181 85 211
256 291 776
151 265 816
32 19 19
259 133 90
152 182 171
208 190 245
259 235 387
300 265 873
183 251 760
154 188 204
149 84 834
249 202 875
252 97 841
51 154 191
144 172 715
169 163 968
97 30 457
181 205 143
83 108 365
117 81 85
155 168 644
71 270 355
10 108 95
45 206 635
123 101 119
158 60 566
86 131 779
84 201 387
197 65 510
79 171 496
95 19 6
41 208 790
173 270 836
99 227 749
278 218 980
297 253 195
205 283 255
141 275 552
206 264 607
7 128 388
88 21 675
23 114 98
76 134 175
202 93 903
67 105 812
86 20 709
251 155 982
93 128 570
216 80 99
207 36 20
199 198 287
85 262 697
208 226 213
92 26 461
266 175 572
297 166 79
201 101 450
37 104 817
77 67 242
206 52 736
165 185 819
100 146 473
218 152 491
295 3 564
274 14 208
218 108 922
137 6 53
139 226 462
209 170 295
58 217 101
257 280 468
222 32 17
298 60 806
133 180 692
120 200 453
177 264 48
279 71 539
174 198 279
129 117 199
167 85 631
141 180 936
122 187 111
70 266 636
201 96 76
141 255 927
186 184 280
59 183 147
157 237 637
240 56 934
219 64 830
149 173 715
4 70 957
280 149 385
201 21 130
221 270 573
262 121 560
141 261 635
300 158 378
159 128 194
80 213 226
155 184 238
213 183 601
55 46 72
69 161 11
172 97 932
62 110 804
87 80 53
225 72 1000
127 156 771
126 157 624
266 218 448
147 219 226
100 30 41
155 167 290
105 225 366
66 167 430
266 140 152
143 172 806
199 272 377
142 287 142
152 168 661
72 286 83
137 106 997
28 171 748
216 261 736
254 39 2
74 73 798
99 56 351
139 227 59
248 255 977
222 19 401
110 222 16
216 31 541
154 110 407
21 137 51
237 267 474
71 275 281
219 11 254
116 265 371
192 184 302
267 140 916
50 60 9
52 247 979
166 278 298
66 77 759
198 278 974
7 250 744
212 215 588
130 152 42
1 68 474
298 129 681
52 18 809
64 112 545
290 147 119
44 209 205
142 289 674
216 152 275
8 10 906
279 110 86
36 101 276
199 294 80
3 294 235
112 291 709
17 153 416
238 153 730
36 38 232
81 0 120
197 170 561
135 72 791
286 33 699
91 285 671
160 224 531
119 53 548
220 236 939
36 134 361
61 149 437
242 282 956
195 290 811
267 13 949
199 294 634
94 65 623
256 300 916
233 297 741
24 244 856
133 262 176
19 165 333
221 259 643
190 227 758
148 81 243
209 136 502
88 156 917
265 231 895
245 40 436
91 94 782
296 137 747
226 195 897
128 169 808
294 22 32
270 269 122
114 117 499
248 158 297
292 213 611
58 207 740
115 55 518
52 58 32
54 258 364
106 226 799
178 89 690
106 174 219
40 80 158
175 137 721
92 152 984
102 19 586
104 95 485
215 62 570
131 222 347
229 285 617
72 67 252
187 231 218
50 5 511
99 238 512
211 275 231
163 241 132
236 121 516
128 16 69
91 229 54
202 188 907
13 79 918
77 241 750
101 264 635
75 119 190
183 157 58
185 267 120
115 178 77
91 0 801
268 154 595
157 198 928
293 103 847
5 165 731
48 71 760
281 88 409
157 235 226
61 298 273
118 91 691
11 181 299
87 172 597
138 173 49
98 43 823
41 71 341
134 44 680
260 28 911
51 221 895
203 22 244
248 75 265
116 11 476
219 191 271
254 16 241
37 166 375
154 127 797
152 15 70
132 248 489
92 261 762
299 5 374
35 83 732
53 51 545
33 54 864
151 256 530
175 2 350
250 161 618
213 155 225
155 249 371
172 55 483
238 145 634
256 112 129
76 279 251
152 257 634
221 187 775
48 106 301
136 146 498
123 260 325
170 67 319
122 80 564
219 249 886
283 200 522
26 244 897
79 180 559
246 4 957
112 224 236
265 16 659
48 170 727
168 1 538
72 178 878
106 197 129
60 178 199
23 266 833
11 109 937
213 55 111
228 254 661
26 149 809
230 22 800
241 166 366
5 199 691
115 259 952
143 282 990
131 251 565
298 159 641
98 9 67
177 269 896
261 58 15
76 265 614
18 260 65
128 177 778
74 240 722
144 57 280
209 163 927
154 163 217
211 282 514
135 267 243
231 79 393
63 75 570
269 160 106
125 89 902
250 13 509
180 127 226
53 109 609
79 202 568
40 27 573
59 9 34
298 99 775
261 299 693
136 15 390
292 172 379
289 126 798
29 49 641
182 134 6
68 33 343
112 116 362
193 178 320
17 30 306
176 241 839
87 85 164
203 242 716
55 247 323
134 277 180
59 284 270
188 36 353
218 264 735
278 110 466
276 46 484
249 281 445
253 87 625
164 55 394
24 37 707
216 113 855
72 238 780
170 222 463
102 289 192
93 53 897
54 99 847
14 254 495
88 84 754
140 229 811
269 85 813
171 6 296
262 254 268
23 145 214
26 69 27
38 265 50
235 14 51
213 201 348
227 35 663
110 271 138
34 24 988
300 120 336
205 182 775
295 131 705
300 186 476
92 68 169
129 139 186
222 41 152
274 276 939
119 112 320
64 217 334
30 158 820
178 295 579
227 30 891
52 154 289
299 217 259
0 253 119
285 247 857
72 271 835
9 298 937
29 140 248
33 224 536
201 130 752
287 127 398
291 159 382
4 228 21
211 157 624
3 204 619
0 146 94
234 120 664
213 156 909
16 43 870
294 264 868
270 107 809
64 16 127
193 29 134
296 121 31
82 15 963
149 261 520
28 42 801
108 273 646
271 13 48
106 205 119
38 16 18
250 288 151
231 173 32
11 189 70
175 41 472
296 44 432
246 148 223
91 115 620
126 138 743
116 261 358
54 120 245
65 128 893
247 111 527
65 293 829
42 264 105
280 75 240
30 237 387
266 268 354
121 276 683
62 157 730
249 29 559
193 294 703
103 158 563
55 86 973
276 119 421
261 52 354
0 182 674
273 135 859
72 107 462
71 217 650
54 51 763
90 227 339
52 276 858
107 49 589
262 54 412
4 245 403
292 221 436
186 116 356
285 253 36
226 87 591
216 142 466
240 122 128
222 230 414
258 21 65
160 35 647
201 289 573
33 49 494
67 195 919
291 48 893
85 285 201
266 178 548
62 282 488
189 274 942
238 109 380
188 86 321
275 196 181
136 245 298
209 211 609
126 88 913
123 268 713
241 7 745
148 24 34
44 155 407
5 280 549
19 96 778
267 123 483
107 48 469
82 255 598
192 253 53
261 66 396
123 49 175
239 198 844
40 204 438
85 101 702
8 0 23
168 31 32
278 259 996
296 41 493
200 179 580
222 113 817
246 214 688
69 5 433
149 169 239
246 114 567
71 158 211
249 2 334
31 246 331
197 185 81
280 210 160
204 284 871
155 187 770
83 213 689
93 165 403
257 280 908
117 132 907
146 57 327
281 90 713
192 72 285
62 147 897
241 46 344
134 67 735
143 258 613
51 12 311
201 218 932
25 11 622
180 128 765
182 218 942
228 268 109
235 208 42
147 212 828
147 183 807
82 284 900
17 268 696
201 161 249
164 282 535
120 72 40
86 235 991
273 29 284
277 270 439
51 217 560
160 138 186
243 255 498
260 243 763
39 41 140
211 36 378
62 245 542
198 229 869
197 132 238
12 201 988
151 27 204
161 30 543
198 171 693
91 188 908
241 54 687
230 33 577
256 250 474
85 261 289
232 95 836
118 236 729
90 155 965
122 136 387
290 252 736
50 115 473
132 11 743
219 272 191
150 279 956
229 55 514
180 30 864
252 55 244
124 152 278
26 196 216
22 25 191
32 129 129
195 9 969
84 24 903
86 20 774
45 216 319
230 66 633
188 293 523
202 78 175
101 38 215
129 61 194
8 199 135
41 39 235
263 149 520
252 8 935
56 271 250
223 97 128
148 27 989
193 102 407
161 135 862
198 50 184
234 254 653
131 25 1000
3 22 526
278 148 186
40 70 170
9 204 72
50 143 267
62 14 259
42 287 572
162 274 573
142 82 47
72 190 236
92 7 836
142 76 913
120 220 765
202 247 279
216 161 799
141 59 842
289 255 523
255 260 524
244 223 207
76 232 136
24 180 973
162 167 607
169 47 642
101 102 640
283 56 879
30 224 876
280 62 621
160 114 276
0 137 850
288 42 274
249 74 469
57 4 853
182 192 555
205 70 895
168 50 770
209 136 78
255 197 65
23 70 986
118 43 576
166 52 128
26 133 872
146 263 780
146 201 991
152 77 706
166 82 717
226 179 569
47 292 748
148 168 168
150 7 212
175 67 462
271 225 243
26 125 305
100 205 622
129 163 185
296 251 505
186 45 974
289 218 105
104 192 186
134 139 743
162 35 758
271 126 355
105 77 502
28 52 439
25 176 891
283 122 503
182 63 19
242 164 889
69 85 809
174 295 205
134 79 526
138 105 12
12 208 107
126 80 435
172 89 495
24 5 605
291 168 436
290 74 430
93 70 361
158 289 242
4 132 230
3 104 190
20 58 795
197 255 880
238 91 987
255 151 480
159 63 152
137 43 155
246 229 272
260 187 880
90 250 311
72 114 493
88 204 561
265 144 559
68 224 419
276 150 941
118 147 64
132 183 375
295 155 903
282 245 62
129 204 986
245 120 9
289 250 83
51 14 628
260 158 353
122 212 158
152 258 832
175 97 332
67 193 814
251 156 237
248 47 813
222 25 769
46 263 604
6 68 706
136 17 954
151 47 145
165 283 140
206 272 479
27 214 492
254 274 215
33 197 318
160 109 868
264 47 842
9 120 701
226 104 322
120 276 15
219 115 617
225 211 30
119 53 373
297 112 574
126 154 241
90 261 259
79 159 642
185 210 312
232 115 884
101 47 789
84 218 329
269 266 676
32 223 935
271 100 630
16 275 82
84 127 130
134 63 249
147 136 575
288 116 661
233 112 234
290 27 514
201 105 482
52 57 326
49 288 487
168 171 299
271 296 171
134 29 250
269 100 791
124 270 764
114 188 368
187 154 100
243 154 439
239 172 951
123 113 477
18 178 303
237 210 648
47 273 451
216 203 265
79 201 49
159 67 14
76 137 196
126 23 60
63 266 297
14 68 355
210 74 471
46 279 570
191 23 599
8 261 896
279 178 844
51 274 965
97 131 568
77 74 584
16 136 284
233 197 9
123 61 200
285 174 944
33 0 97
17 295 71
283 217 144
176 10 556
26 179 642
168 205 76
199 297 892
261 271 939
294 147 411
25 211 502
118 289 89
18 243 624
274 81 567
42 44 453
135 265 946
282 95 752
273 287 188
123 75 291
83 259 335
75 74 196
260 31 79
261 228 161
249 287 412
75 76 402
148 206 788
59 231 339
232 113 422
250 235 861
107 3 581
38 239 758
137 181 62
215 44 44
250 295 774
152 65 874
45 257 76
97 3 583
119 288 431
21 60 674
278 135 477
134 190 48
128 107 261
8 179 159
162 290 444
269 97 631
204 283 72
72 224 164
20 85 886
177 41 225
195 141 476
87 293 932
211 123 325
147 264 497
276 258 332
45 205 543
258 235 24
2 149 569
248 286 327
97 168 16
159 217 793
271 32 827
17 0 689
196 90 149
230 286 7
147 102 383
162 203 996
274 113 794
269 140 127
273 273 360
202 69 89
296 191 878
207 183 609
83 178 454
201 96 316
82 47 235
206 103 326
254 226 490
83 260 116
142 171 139
212 251 70
290 88 844
292 175 878
147 25 578
229 58 998
125 149 157
277 126 456
266 207 877
38 231 674
173 222 685
207 236 359
90 86 601
44 76 696
274 251 130
39 197 149
233 219 811
210 151 158
214 135 354
93 171 600
279 109 734
145 28 169
111 155 186
230 82 939
225 290 714
245 145 948
117 186 327
62 163 607
220 228 66
224 165 652
250 6 13
165 86 828
39 4 995
86 195 234
233 228 576
247 20 547
244 43 521
148 238 690
164 246 153
97 279 335
247 52 482
37 111 916
171 78 632
160 280 193
27 49 220
86 82 175
281 243 828
280 85 783
105 76 215
183 190 928
14 159 148
161 47 610
12 30 693
88 63 393
49 229 313
101 126 800
176 134 523
211 136 977
180 159 812
38 174 400
167 177 38
267 85 521
239 275 954
68 214 350
32 218 118
82 231 351
197 229 488
224 253 32
62 163 518
9 159 0
272 241 418
198 170 730
266 161 261
51 12 326
77 101 317
223 282 152
279 30 524
43 35 929
218 126 883
91 84 887
200 280 747
146 15 209
160 2 537
130 17 199
240 116 65
269 55 421
175 69 153
226 7 609
123 130 343
46 148 746
107 279 98
171 3 584
63 140 855
244 179 794
145 46 658
62 103 507
273 180 727
257 49 124
270 281 114
296 99 768
10 119 658
104 225 926
277 39 22
46 204 729
101 270 303
289 86 121
214 80 847
89 14 266
202 224 842
136 1 356
8 280 81
139 145 450
213 293 492
279 165 22
292 190 808
43 51 901
87 151 161
141 203 163
116 35 353
75 223 812
252 39 51
167 18 153
237 251 780
177 24 908
55 29 990
40 105 915
79 79 288
34 84 832
159 162 180
6 261 411
253 161 376
18 44 821
116 6 600
43 241 882
4 86 544
117 224 913
29 100 290
257 87 860
1 140 386
137 182 660
5 155 340
245 286 493
251 185 207
235 151 381
73 165 523
125 150 166
23 112 665
63 63 917
147 153 654
66 99 848
135 22 455
132 299 399
97 182 802
235 228 566
244 225 478
254 184 857
228 116 83
74 178 71
112 250 518
120 84 426
208 120 740
167 264 236
162 214 744
193 146 494
286 72 954
116 222 24
169 205 321
138 206 815
52 6 538
158 159 721
155 236 665
300 82 318
111 130 847
297 15 776
285 266 947
164 210 623
248 40 660
265 189 371
84 50 696
195 167 131
84 206 822
242 30 901
265 26 209
300 1 556
147 151 323
249 101 888
80 286 578
241 127 192
119 61 585
256 216 272
50 282 690
40 19 567
146 192 668
53 68 766
254 260 838
200 121 23
112 169 941
258 281 447
153 69 191
230 233 947
227 247 15
185 35 900
167 101 522
251 15 374
262 7 508
242 255 696
257 43 471
114 44 742
177 220 575
79 246 800
223 261 278
68 36 896
254 176 517
71 12 489
179 181 448
271 58 545
177 1 870
73 171 893
45 38 619
10 38 532
288 226 401
252 3 261
192 26 357
280 84 153
44 73 408
107 142 462
33 213 813
282 169 518
123 86 936
48 22 963
54 40 280
31 154 454
18 248 612
154 191 106
196 18 507
37 232 318
294 148 89
285 203 307
300 207 860
105 35 369
2 273 641
52 36 751
164 10 35
245 189 137
4 145 755
178 231 293
151 245 50
117 256 730
99 246 138
171 200 521
136 252 117
217 260 335
80 241 869
220 239 663
179 197 731
178 194 461
134 9 775
103 265 758
252 177 320
287 27 296
60 243 454
231 64 934
176 129 292
274 52 415
107 21 53
88 91 117
281 289 908
82 6 742
59 119 303
243 295 849
176 160 77
187 261 964
292 75 112
92 254 249
80 169 455
13 181 907
48 285 598
31 241 835
42 108 614
163 40 231
235 150 68
164 262 198
50 160 956
169 121 274
239 226 948
210 27 253
21 241 161
32 263 257
83 264 479
229 98 648
43 255 755
21 269 765
245 4 198
245 251 236
167 256 979
137 281 98
159 21 352
281 26 135
16 280 152
152 96 889
246 79 31
288 171 393
79 113 312
254 111 780
44 12 351
24 8 266
141 161 198
181 82 503
230 174 214
79 38 702
263 249 834
213 41 304
28 218 311
276 42 1000
119 254 752
60 85 628
267 91 253
191 79 21
15 147 243
169 163 294
201 24 132
153 134 907
277 122 350
78 145 609
58 254 864
132 192 155
140 50 511
204 57 731
10 168 373
87 0 487
109 159 681
8 100 658
97 127 301
285 177 752
292 196 949
127 267 514
124 61 268
190 86 581
286 176 981
141 21 793
198 13 408
88 184 88
189 109 940
72 53 985
280 101 522
60 115 869
121 179 331
60 49 383
6 207 444
68 83 94
254 260 630
51 99 810
63 294 775
291 270 10
103 235 507
51 151 901
271 61 838
222 77 309
114 196 185
274 44 776
169 246 789
56 181 807
106 166 424
291 233 807
300 250 462
290 100 732
201 18 640
186 267 645
98 199 120
8 211 353
48 289 527
280 260 113
204 37 436
1 55 94
105 118 910
190 248 795
111 162 762
160 7 711
81 74 74
51 74 774
208 138 804
139 65 540
145 105 985
140 245 649
120 288 493
70 61 910
297 181 767
117 15 377
231 53 230
144 79 895
180 266 379
139 197 576
286 82 556
24 133 653
6 98 544
70 24 515
253 156 311
239 65 568
132 58 775
164 289 967
46 278 649
276 78 30
88 56 814
155 4 711
106 191 50
211 30 463
107 160 279
252 79 573
291 16 877
183 126 931
219 262 717
274 49 185
214 246 285
224 51 95
117 155 954
87 235 920
268 237 145
10 96 370
179 175 396
143 268 650
193 70 583
202 125 89
187 84 713
80 300 300
131 29 972
220 291 997
11 75 258
29 136 27
62 145 229
100 130 519
234 161 434
193 47 130
209 261 407
81 33 16
105 205 21
243 170 820
120 115 953
29 204 89
71 21 995
185 39 273
84 184 304
186 122 428
8 267 744
206 26 698
227 65 495
94 167 152
99 247 918
243 104 167
47 256 310
190 218 161
214 93 112
169 42 345
254 175 756
296 300 599
184 107 388
219 173 159
28 268 79
185 15 135
273 121 167
212 102 927
167 169 576
68 19 829
180 171 362
111 101 46
139 249 71
14 7 36
182 140 190
224 174 496
98 226 947
38 197 700
258 285 367
79 38 442
95 108 163
201 119 393
239 290 470
79 247 90
64 300 8
213 180 884
30 74 862
46 271 984
11 193 862
119 96 887
277 43 78
6 41 278
56 197 690
260 181 121
300 125 716
37 257 843
62 185 467
300 100 893
183 9 501
251 20 559
150 298 343
266 149 253
155 243 933
194 108 231
40 249 632
17 9 812
131 299 880
120 20 727
242 265 872
167 242 156
84 264 537
93 150 740
204 195 402
284 183 160
12 133 330
122 132 977
225 100 111
261 57 536
67 36 85
35 18 487
6 183 603
233 163 435
292 12 237
119 92 872
61 183 381
191 243 605
40 243 53
173 180 265
156 122 486
161 6 514
130 295 438
250 211 426
72 262 162
166 229 612
85 229 669
200 109 44
250 88 616
259 198 777
282 70 208
158 33 373
201 152 982
65 176 532
149 281 491
132 97 765
153 300 217
9 193 317
49 96 461
237 215 993
285 243 168
103 69 836
84 249 488
291 288 53
153 27 609
280 32 19
98 58 90
183 36 335
74 106 220
260 238 809
266 97 695
170 73 255
299 42 99
41 78 989
47 173 562
203 58 135
266 230 969
116 160 232
142 28 976
186 87 78
215 52 147
295 150 922
283 139 73
277 255 10
139 75 644
146 195 211
80 108 645
78 9 275
131 193 229
96 144 78
210 134 982
169 34 883
263 109 973
220 51 326
14 204 316
206 19 388
4 239 127
259 292 471
298 71 582
8 81 951
53 155 69
235 43 171
132 212 96
255 188 721
232 29 696
117 114 57
32 8 605
109 208 598
191 74 501
177 290 159
167 92 311
143 206 205
235 227 551
46 278 650
243 196 408
14 5 306
83 87 399
218 269 368
5 105 87
300 107 657
196 198 579
122 142 461
208 196 996
148 111 875
70 69 397
140 277 107
171 277 399
69 216 517
163 145 492
127 217 221
249 167 569
186 161 871
123 242 614
211 246 738
24 93 561
210 229 959
296 71 259
108 256 241
82 217 322
216 33 296
35 258 260
58 282 109
238 166 22
92 106 244
93 199 996
54 263 365
79 123 878
219 138 64
42 246 382
0 5 312
262 170 335
123 149 64
59 19 885
177 51 224
12 57 67
34 137 723
126 279 962
85 177 0
23 226 14
193 67 320
96 246 661
58 210 486
22 239 311
87 132 503
227 9 621
68 146 821
254 162 749
107 254 98
161 285 888
130 211 132
205 246 188
134 24 224
116 135 405
144 22 338
254 152 988
205 170 835
103 277 159
92 75 708
128 191 382
103 100 359
68 275 446
217 28 99
20 208 562
203 173 488
204 282 961
126 232 958
162 107 749
179 99 131
53 60 403
281 146 699
47 81 213
227 88 517
30 2 828
16 6 72
155 294 175
230 257 61
125 40 426
53 94 846
175 280 830
1 121 852
25 259 111
277 286 849
226 19 140
235 5 617
129 54 544
46 126 570
109 192 34
65 79 728
273 282 415
33 159 98
232 128 185
281 53 178
263 202 774
153 129 106
156 173 806
55 230 66
247 125 364
26 245 527
39 104 207
191 49 630
78 132 547
202 253 727
115 292 318
259 87 540
16 11 77
275 100 399
248 49 757
247 215 346
100 235 179
10 173 249
278 207 913
175 243 317
198 197 699
257 167 847
47 201 710
84 191 575
292 258 343
51 107 959
168 155 236
111 65 966
235 233 323
21 29 892
150 110 668
284 127 944
218 184 335
12 200 719
222 119 241
214 254 733
23 40 514
97 95 397
64 134 428
33 37 711
16 29 521
277 193 271
98 182 16
0 162 194
70 67 917
167 189 155
49 23 318
57 260 384
66 207 986
292 237 491
235 82 516
207 141 825
23 199 677
111 218 677
269 233 869
77 20 401
198 112 513
134 164 328
66 182 663
76 26 130
206 236 150
193 294 600
162 84 89
274 297 334
258 278 510
57 231 363
91 11 587
255 219 760
168 129 982
298 263 438
234 298 989
73 248 667
256 286 270
289 208 664
122 105 988
108 142 5
68 278 734
272 231 584
105 70 250
241 124 950
125 226 188
278 116 301
243 206 137
194 21 630
294 115 606
54 297 337
210 3 629
37 64 726
218 31 551
211 110 44
212 278 404
48 290 901
266 184 746
143 256 120
77 113 725
57 117 198
81 288 182
224 110 337
161 26 801
298 148 68
172 5 733
228 262 996
70 129 163
13 8 766
109 216 368
52 252 200
211 252 51
23 82 389
290 176 906
174 211 413
7 157 216
164 198 107
164 147 462
49 192 377
10 199 707
27 29 288
100 148 845
91 235 824
5 265 544
136 126 565
220 274 569
165 30 531
234 294 657
54 216 82
181 102 899
63 60 165
269 262 485
91 170 268
142 260 497
9 95 787
216 234 672
11 39 802
69 163 944
299 249 416
168 104 82
41 163 993
291 47 749
110 81 311
47 109 120
187 55 329
64 216 286
80 56 953
251 259 988
168 1 538
230 147 986
79 210 552
173 225 64
227 215 339
119 245 874
280 255 469
146 151 305
262 72 685
231 1 215
255 265 867
71 190 349
49 33 468
102 286 527
177 32 839
121 266 518
10 286 35
92 209 16
7 106 927
130 57 944
116 205 824
165 136 897
14 183 112
265 149 121
75 248 406
54 155 49
79 21 797
37 120 465
24 255 273
295 63 779
46 167 720
103 214 67
106 183 671
266 15 768
130 251 233
77 246 55
90 85 190
87 76 202
6 209 895
266 47 614
43 249 32
77 112 126
101 63 912
188 206 976
18 186 620
6 236 785
296 115 8
15 203 234
36 60 891
134 206 906
11 206 674
146 246 438
208 259 427
296 13 538
29 272 591
210 127 343
47 222 204
175 172 693
5 32 954
120 156 804
245 57 708
119 165 368
298 83 674
87 32 509
213 132 852
167 246 254
184 260 134
257 271 717
272 246 49
2 150 402
250 285 883
207 220 2
2 2 574
194 150 211
217 107 401
23 65 463
117 115 482
207 98 707
88 295 915
159 262 840
76 99 80
88 27 52
84 4 773
231 67 777
221 163 197
229 185 736
15 272 273
178 90 590
240 221 719
125 102 34
202 138 273
201 294 248
144 242 452
2 286 433
193 261 173
274 299 594
85 1 29
120 231 337
23 254 359
144 270 280
263 84 343
185 123 242
178 195 574
113 8 729
161 287 715
252 76 952
266 217 805
67 113 705
212 62 879
124 185 93
174 208 18
129 83 606
8 26 906
222 7 358
18 99 206
154 55 18
258 239 928
125 241 33
117 35 790
247 245 133
62 234 794
80 37 480
283 2 301
142 139 406
195 13 356
194 55 847
278 82 534
114 285 531
67 115 751
250 159 214
123 138 963
91 39 950
62 151 507
40 27 825
55 61 64
204 256 747
116 68 533
46 27 169
119 217 655
53 167 346
44 214 431
251 143 530
226 266 181
165 84 555
275 65 9
215 76 358
273 96 507
21 109 338
32 172 487
238 102 176
181 105 208
73 265 836
166 175 485
112 256 893
158 13 276
153 8 197
279 224 99
151 51 428
196 16 624
82 7 283
147 2 20
262 236 562
229 98 928
220 166 339
266 119 323
299 164 624
213 34 807
268 181 695
153 105 361
260 53 348
253 177 205
243 44 485
130 144 491
145 264 309
61 139 288
113 127 544
199 182 73
100 54 246
99 222 692
179 122 777
120 203 798
170 77 392
291 47 805
217 51 458
184 162 253
138 54 808
115 245 224
41 215 605
19 174 549
108 139 423
186 272 630
39 170 84
178 162 464
73 65 415
125 174 0
251 156 32
177 136 766
211 206 559
53 116 205
212 125 364
52 219 835
105 270 844
228 207 269
135 275 393
154 56 525
66 43 504
166 269 195
268 265 591
241 182 997
34 108 49
279 204 202
268 118 665
241 225 980
218 178 264
181 164 920
2 16 554
53 150 491
34 83 76
66 275 37
67 182 15
261 49 833
113 270 903
116 216 922
11 41 25
182 96 320
195 222 837
244 111 979
156 32 220
205 12 232
171 263 203
22 291 396
157 61 758
80 143 646
41 70 260
218 274 955
279 84 183
174 235 887
70 203 709
38 254 142
175 173 0
79 198 932
234 235 176
292 137 534
44 81 674
88 113 568
281 62 287
68 211 100
79 122 922
67 7 818
189 111 692
168 142 120
231 244 397
150 76 922
296 51 496
267 54 324
69 11 359
73 172 419
144 38 331
91 57 108
118 183 500
29 160 782
88 250 742
198 214 612
176 108 386
277 8 461
279 279 115
233 13 355
197 54 708
169 110 825
299 63 900
105 196 218
298 271 937
214 259 661
4 285 317
166 173 225
105 68 784
90 90 886
278 139 626
205 239 559
211 279 400
282 132 249
160 279 873
277 106 613
191 254 123
288 147 47
237 134 356
245 271 312
192 157 525
127 125 928
273 55 275
281 266 40
88 13 369
111 233 990
165 239 206
1 206 760
16 253 758
136 289 305
201 9 363
288 252 510
234 292 717
29 24 845
262 33 519
137 239 889
260 194 589
73 65 134
138 246 647
61 293 592
116 26 361
191 266 407
63 253 959
241 44 911
169 83 685
134 174 94
5 158 115
212 265 322
235 164 81
226 188 972
218 258 262
236 79 78
16 27 976
100 24 657
144 153 290
171 207 302
70 214 296
284 115 367
164 271 954
88 48 212
90 171 96
154 13 823
109 28 494
112 268 480
147 195 493
109 189 152
299 284 321
205 28 709
217 121 972
83 7 313
18 270 583
194 1 448
8 180 737
106 59 59
15 258 379
80 59 716
41 96 868
201 269 630
263 45 968
186 86 402
115 101 173
145 100 467
112 65 903
169 178 601
90 207 161
181 249 558
217 138 667
183 161 623
193 115 521
23 286 354
137 10 48
275 232 336
13 232 754
153 165 228
46 142 491
46 292 422
42 200 164
98 154 113
229 65 549
188 262 34
34 49 326
253 282 8
254 228 607
33 89 598
87 201 66
171 147 257
180 115 602
139 273 735
98 241 702
273 18 692
62 179 664
12 112 554
261 283 490
240 121 624
72 87 262
174 244 162
213 33 731
54 81 847
300 274 649
92 51 494
47 292 908
32 234 611
222 278 394
188 162 872
10 193 357
28 20 675
285 55 659
293 153 385
242 221 222
166 130 460
54 271 752
211 232 649
128 284 955
70 106 305
69 46 172
88 56 241
6 114 133
51 68 176
255 49 780
57 84 426
107 8 132
189 41 793
284 3 934
82 227 552
157 15 262
146 63 845
263 109 851
48 264 678
219 128 381
31 220 939
173 254 227
166 286 778
165 142 64
249 115 84
135 249 73
206 68 407
240 187 826
226 48 194
3 257 330
268 214 148
159 19 335
231 157 562
263 196 423
80 295 88
10 30 19
100 75 957
42 224 495
168 185 790
236 12 984
227 127 57
213 185 637
120 215 826
280 210 686
55 13 691
151 236 856
123 292 213
226 239 571
66 140 150
281 70 734
224 137 47
231 230 448
96 269 243
181 199 337
135 276 385
290 235 417
176 288 534
104 213 913
285 204 542
8 72 968
244 31 804
13 125 108
265 178 630
131 255 781
194 218 101
107 7 555
148 240 476
133 43 92
291 79 133
217 282 344
2 148 82
136 286 869
134 131 257
177 197 181
51 171 73
43 183 755
157 141 709
50 153 468
176 192 104
8 87 324
234 108 844
37 189 813
151 28 51
192 298 122
37 209 799
299 1 961
8 206 542
239 130 752
31 196 625
17 122 995
88 50 270
256 132 340
46 88 372
133 195 609
63 273 17
25 262 604
138 247 823
99 155 264
295 215 312
92 284 839
283 262 494
195 36 785
16 107 422
137 32 296
93 283 945
74 266 378
145 81 303
32 257 350
200 157 430
275 131 278
75 72 956
22 115 390
153 31 103
209 1 373
259 282 657
159 105 972
93 4 763
44 102 926
284 261 341
168 163 627
286 30 531
96 116 198
46 20 548
295 67 637
129 15 231
230 239 631
285 14 778
77 58 82
253 283 743
268 167 236
112 247 531
269 286 858
149 207 645
278 54 253
298 200 683
69 18 223
104 42 975
125 44 1000
188 142 460
209 245 856
38 1 192
144 247 5
284 9 323
219 167 550
54 203 200
49 245 254
117 120 48
276 266 432
266 207 124
157 94 134
29 168 260
252 213 862
17 111 599
244 49 97
90 98 207
261 97 466
111 61 769
187 54 387
186 107 532
14 118 500
264 135 178
133 147 571
114 119 466
286 89 467
253 295 787
267 110 264
150 8 35
268 286 588
19 135 697
147 157 901
277 109 711
103 85 580
171 224 27
156 53 935
90 39 81
277 14 600
129 152 125
7 33 121
226 128 485
116 207 123
57 134 81
282 272 981
175 107 105
296 34 723
125 122 339
278 277 189
277 3 673
255 183 191
283 280 546
52 212 377
81 152 360
216 67 835
157 244 339
92 43 616
98 289 877
136 124 669
240 36 491
108 280 996
64 234 113
146 100 455
180 297 225
149 247 36
193 117 244
171 3 138
214 117 377
63 202 918
175 273 903
123 166 611
230 45 499
147 175 593
111 269 518
65 78 910
101 102 477
190 28 508
204 96 24
19 187 998
243 241 760
286 207 971
213 42 75
56 285 557
115 87 7
34 231 626
196 262 601
265 76 527
110 8 473
66 94 619
49 69 55
128 298 918
226 223 293
226 180 894
11 60 879
180 62 314
83 225 419
233 118 361
186 219 809
35 189 681
84 252 486
143 164 155
46 96 321
42 266 148
94 124 352
189 218 260
234 65 444
64 103 67
79 118 925
105 299 365
183 81 515
189 60 210
66 68 911
275 18 936
285 135 114
63 131 541
222 204 782
283 146 74
285 84 59
205 66 467
90 270 457
163 224 801
199 259 206
103 220 242
104 221 892
175 195 797
5 4 318
160 28 920
278 127 21
213 97 271
143 157 722
156 170 28
66 153 941
85 177 905
54 205 143
11 143 531
201 48 676
51 63 266
170 273 996
100 280 758
64 300 826
45 209 569
228 16 175
12 26 394
10 244 69
64 107 846
258 114 745
95 31 467
137 104 282
126 92 296
265 76 808
247 34 362
300 60 271
245 87 110
124 64 254
21 213 350
244 127 613
286 113 710
219 66 756
192 125 316
86 170 835
145 299 262
163 198 302
150 8 485
294 208 53
191 297 322
96 119 290
198 184 981
299 167 557
173 79 672
88 3 646
141 273 133
172 26 371
54 117 185
272 110 456
180 53 133
203 48 698
197 75 580
299 85 61
168 125 756
145 6 273
132 38 425
59 217 640
33 131 721
61 191 803
296 212 759
208 294 897
172 235 425
285 11 412
158 280 152
251 237 526
5 293 378
265 11 642
241 143 130
156 8 157
220 203 250
293 99 5
271 218 975
271 262 544
121 299 17
185 228 825
227 165 151
172 281 21
19 71 96
194 148 611
254 285 281
260 154 65
81 25 321
63 43 534
254 146 865
193 221 467
232 73 659
247 75 324
37 61 628
50 44 586
88 193 948
144 292 566
8 36 882
20 266 133
276 77 56
211 145 242
62 69 210
254 233 968
87 163 84
211 270 544
157 131 934
115 43 250
75 117 123
194 253 538
137 101 113
84 213 726
189 251 181
189 161 211
147 274 835
102 9 380
14 154 644
143 119 415
130 10 202
134 17 388
86 198 46
84 41 719
0 75 28
147 205 172
94 175 312
206 214 351
300 169 474
236 63 910
154 12 952
67 262 103
294 56 656
94 65 461
59 296 848
28 252 131
59 64 153
250 51 594
107 69 317
260 192 760
137 129 299
96 231 379
150 80 766
152 171 122
194 89 42
13 84 511
144 113 636
243 142 115
228 156 799
27 154 668
288 194 545
196 210 219
106 88 369
218 226 262
57 203 281
194 203 989
276 280 879
142 53 242
198 135 12
162 145 688
58 223 466
237 240 780
96 172 309
51 190 579
232 87 290
159 180 481
157 122 638
239 250 661
289 117 747
118 130 532
233 5 127
294 262 865
127 143 3
43 258 714
106 285 975
267 19 598
276 296 576
164 40 670
115 163 526
155 16 65
12 250 480
53 61 371
132 237 973
201 256 622
119 15 249
89 130 474
233 73 368
107 191 77
173 83 758
98 206 540
93 264 360
253 2 158
268 143 635
84 245 442
43 236 642
148 265 84
230 144 147
65 111 319
265 28 664
66 200 797
3 81 240
5 188 124
247 85 288
28 55 828
129 4 656
69 282 118
184 239 539
80 217 823
295 232 185
37 288 307
252 257 956
83 141 189
127 204 906
211 103 160
34 55 272
84 209 510
230 155 281
272 81 206
271 150 804
270 230 532
157 118 67
28 143 201
104 215 988
88 231 946
163 211 483
48 34 276
268 202 775
235 189 486
216 251 527
214 247 301
94 63 854
238 45 535
216 17 451
257 59 671
298 124 1000
101 138 711
168 5 903
199 186 303
227 126 225
106 218 574
91 121 241
260 257 17
47 127 279
169 69 806
222 110 328
187 223 307
57 155 568
293 256 360
43 4 603
196 284 970
91 234 408
145 116 69
209 121 2
116 64 598
82 209 542
156 131 627
16 10 410
78 232 994
107 270 585
19 146 889
279 20 885
230 120 954
221 247 664
167 298 0
146 238 317
57 215 298
180 239 430
253 137 102
272 75 328
55 138 797
237 260 380
44 272 566
142 179 329
64 106 531
55 137 650
90 281 285
181 241 75
294 281 193
258 152 717
207 283 35
30 142 827
227 70 847
165 281 501
203 109 938
232 131 590
233 149 625
93 4 836
122 269 572
34 89 683
86 176 902
149 2 206
263 204 266
248 263 844
174 194 744
232 218 152
160 79 141
7 47 543
210 82 950
37 50 602
83 57 474
257 113 433
91 154 293
186 90 637
104 174 37
214 92 157
189 280 459
152 190 14
75 216 42
27 299 219
88 183 37
177 123 537
93 127 301
201 78 335
240 14 760
115 246 941
210 118 696
178 159 493
111 217 195
179 10 58
95 36 384
214 131 503
297 118 8
217 14 892
85 184 92
204 151 502
117 224 723
98 169 885
223 202 940
221 205 456
151 132 320
34 148 277
0 16 755
170 11 811
194 73 107
72 192 110
201 273 1
161 155 677
77 282 440
285 197 11
255 102 514
62 4 408
173 129 611
210 157 659
243 226 112
4 229 859
243 26 399
4 35 284
146 240 997
89 137 5
294 95 790
220 154 632
293 102 736
116 92 746
132 184 922
228 97 808
195 50 565
162 62 405
127 51 187
230 288 102
256 177 564
211 135 781
104 49 423
59 76 777
203 166 68
101 115 492
223 216 62
28 121 572
227 55 935
205 60 839
46 104 522
289 206 164
18 129 984
27 299 598
192 56 500
216 283 496
16 168 531
219 153 282
237 255 464
144 229 774
202 239 35
45 233 106
163 32 222
206 62 385
52 203 945
197 195 450
96 163 701
272 46 529
28 47 44
232 88 746
22 45 322
21 35 754
40 217 230
264 118 219
272 92 869
144 277 109
34 80 967
35 277 126
48 95 634
169 262 508
153 58 672
20 127 309
256 179 485
244 238 225
133 155 577
2 96 129
194 138 123
25 9 452
28 85 556
262 234 934
77 63 31
259 70 792
91 168 764
231 27 707
75 130 156
98 142 30
239 251 623
166 141 308
2 205 253
41 83 212
270 24 450
126 290 657
257 227 706
124 219 558
197 45 112
42 254 312
20 23 870
130 152 648
54 152 366
105 9 753
267 197 212
115 39 988
137 275 239
24 239 407
247 71 285
173 128 671
29 169 180
193 53 374
145 281 674
95 65 329
169 1 251
236 21 636
114 175 599
204 2 478
7 168 100
296 31 842
263 50 878
175 211 656
233 33 369
128 281 144
238 143 8
264 11 780
271 280 121
88 90 87
160 151 205
61 232 455
229 100 974
202 109 874
111 239 91
143 72 216
163 45 712
35 162 59
212 89 974
109 244 532
215 247 921
286 111 527
207 85 290
76 129 128
101 1 844
61 117 40
9 255 286
123 68 881
244 262 466
36 198 494
193 205 851
11 45 927
176 278 877
78 204 907
269 188 198
217 235 94
172 141 48
194 292 730
125 14 420
170 154 577
212 196 651
178 36 627
9 25 501
269 83 985
257 297 623
147 89 867
52 262 793
33 192 29
199 78 722
148 151 111
12 272 235
237 91 552
144 175 757
90 149 124
78 92 274
215 70 937
64 103 681
80 293 524
190 179 933
51 188 431
70 201 669
282 178 673
193 116 684
140 198 156
42 255 5
166 176 69
15 2 288
192 263 318
92 50 154
191 192 718
159 184 272
94 174 820
187 101 198
237 167 815
36 1 337
44 79 306
197 157 462
204 275 666
221 42 57
110 203 526
2 219 836
25 193 916
13 142 880
288 70 530
10 88 805
213 232 694
288 6 890
268 233 69
128 285 267
112 118 717
234 6 630
135 69 307
276 17 157
153 199 394
285 264 361
198 64 489
219 286 881
210 46 963
126 272 849
108 104 719
137 107 502
81 259 763
88 233 339
252 281 345
117 272 268
147 5 273
235 20 344
3 101 298
11 56 292
109 60 614
282 87 5
291 81 991
126 197 919
14 23 707
168 198 739
263 94 485
210 246 36
66 61 508
152 152 964
83 82 199
23 14 705
269 122 65
5 245 561
17 93 448
299 6 882
105 151 929
73 77 197
173 129 756
270 48 158
97 193 997
14 139 129
300 67 252
238 216 327
35 169 550
95 248 68
72 222 140
5 99 391
295 221 493
50 63 324
69 260 342
219 135 581
247 126 502
3 151 615
68 121 442
140 13 940
32 66 991
53 2 902
37 148 278
101 6 131
223 286 906
299 251 184
206 264 742
220 230 559
37 189 296
256 82 149
55 91 826
143 41 49
176 28 793
7 101 936
296 17 173
172 89 652
69 125 704
156 110 20
37 232 268
46 191 910
288 121 665
182 19 681
57 139 180
52 279 406
206 276 707
126 57 220
252 177 228
209 148 872
240 273 742
15 1 727
138 51 973
34 183 684
221 162 249
43 46 957
199 119 959
264 263 239
119 138 533
209 275 950
165 89 473
114 213 659
21 41 220
140 148 540
168 112 86
238 259 581
146 284 143
252 300 461
142 240 296
113 162 124
290 210 832
242 152 209
149 92 690
99 187 929
239 168 261
136 154 693
79 68 391
136 194 380
274 272 573
242 269 761
175 6 688
110 288 749
294 53 199
236 96 118
47 49 725
228 265 907
22 298 208
30 126 767
247 284 348
297 298 106
190 39 256
37 297 125
48 284 289
144 290 259
280 224 355
256 66 907
100 5 379
235 159 703
49 8 228
103 144 505
252 202 6
52 118 968
233 280 663
248 276 411
38 79 783
155 132 94
177 58 377
226 131 791
137 198 75
143 227 477
244 205 874
274 94 594
2 196 268
249 199 491
166 79 808
251 233 134
156 159 960
30 63 403
27 218 319
147 283 377
30 247 625
167 127 542
54 50 322
124 136 210
166 196 207
30 10 126
235 250 268
275 273 701
214 127 216
69 239 989
187 145 427
174 277 639
261 230 635
17 206 834
285 81 211
286 269 598
226 283 433
164 28 120
299 33 971
74 166 810
124 146 670
99 155 496
249 248 792
30 167 763
21 128 155
236 86 63
274 47 517
132 230 851
97 59 510
29 178 72
132 86 868
218 212 596
231 236 174
224 115 167
17 18 308
71 49 769
95 80 861
103 204 583
22 215 495
13 126 668
11 100 752
127 214 872
54 184 827
291 189 326
243 144 288
95 172 69
64 214 516
156 55 585
284 20 997
265 162 416
98 143 181
105 61 956
83 9 754
112 240 635
191 203 183
262 77 252
143 230 228
233 103 358
128 300 927
253 196 256
177 122 999
123 54 482
118 281 730
207 121 699
208 149 643
190 222 65
65 154 888
76 85 132
156 157 376
58 38 188
105 296 783
68 285 339
53 127 897
276 108 823
156 233 757
245 125 90
115 258 276
238 48 114
236 29 935
253 8 765
10 110 561
34 243 626
148 155 56
128 86 102
225 47 924
8 270 516
270 27 178
126 18 335
210 78 332
227 16 505
248 18 786
189 168 588
155 150 899
133 224 94
214 276 771
133 0 656
96 127 258
166 86 333
38 236 618
151 225 470
163 293 685
18 117 4
17 171 474
300 17 430
23 177 256
146 287 374
210 61 684
55 7 395
74 212 331
265 154 172
244 270 192
255 96 181
6 144 717
177 217 692
89 215 847
205 16 223
173 265 841
78 131 392
65 272 126
10 77 346
235 29 439
59 106 520
278 4 765
220 192 596
157 14 683
90 69 275
190 138 845
216 277 335
298 285 189
130 204 637
211 198 634
220 228 161
109 36 145
258 294 311
184 56 748
74 47 103
139 67 674
142 128 257
82 115 809
294 200 305
288 118 80
284 221 895
189 298 403
57 145 710
145 60 222
144 193 740
63 63 68
222 102 781
224 122 326
288 75 368
260 72 20
254 111 948
27 6 163
19 156 611
273 141 429
55 39 30
245 15 874
167 159 427
217 266 834
65 31 467
90 297 702
256 45 386
34 252 775
191 213 143
68 53 67
31 198 127
180 93 879
289 229 238
145 118 796
19 277 879
90 250 407
19 156 30
164 126 230
190 228 283
159 77 931
98 115 969
215 160 313
24 65 534
11 54 278
226 119 908
100 83 988
34 292 836
83 159 549
255 80 690
241 282 927
185 123 277
123 52 545
107 283 945
238 92 219
179 38 895
173 23 621
18 23 929
121 238 403
184 213 765
155 9 783
101 97 569
225 247 562
97 85 81
92 282 830
137 82 450
297 247 427
122 151 152
199 149 440
37 78 762
4 29 276
34 238 321
210 221 129
4 226 730
171 196 143
262 272 971
4 27 790
194 35 56
125 164 479
109 125 575
293 286 868
139 185 343
135 27 574
77 226 176
80 101 802
185 120 793
221 94 579
190 94 550
17 49 584
42 53 717
68 242 338
31 262 326
161 194 638
153 218 133
137 101 266
103 250 970
241 20 819
89 97 784
38 147 565
148 192 370
57 234 963
249 56 428
50 36 152
32 219 798
23 114 889
88 71 37
228 21 373
182 120 98
20 265 675
31 156 960
109 208 973
160 258 848
97 188 590
218 247 689
26 70 547
141 24 459
267 190 501
107 297 647
220 82 729
148 102 909
264 132 66
252 115 420
72 180 789
28 253 82
69 126 962
6 148 890
119 109 919
18 136 764
258 20 737
207 224 616
247 35 571
43 119 787
75 226 26
175 190 683
278 222 781
54 293 639
153 19 869
21 101 724
30 166 492
94 182 181
238 282 420
66 14 575
100 254 480
201 70 35
162 265 76
262 220 83
36 168 198
215 38 965
2 109 678
97 57 975
129 26 274
2 72 230
190 133 736
124 257 878
186 10 824
272 27 990
115 234 397
287 101 619
162 91 958
19 193 565
124 182 867
128 71 73
263 26 264
19 277 984
252 152 579
57 84 70
233 23 139
98 184 467
36 181 880
265 267 649
157 23 716
245 162 743
264 235 10
59 254 336
158 135 999
35 295 286
283 200 645
227 66 69
146 65 418
164 247 507
272 200 600
268 142 185
168 55 749
267 39 504
267 90 450
123 147 244
37 21 102
148 184 872
180 114 226
18 16 952
257 46 227
118 50 430
251 186 896
280 181 240
182 209 535
176 30 224
175 137 469
102 168 457
240 162 826
9 69 280
18 125 889
170 62 937
27 43 218
157 93 320
208 288 106
195 83 335
199 6 659
300 212 409
239 53 837
295 78 644
115 94 88
241 195 988
201 253 467
156 31 477
256 61 785
217 153 292
35 132 394
248 255 373
268 95 500
270 213 324
249 225 14
289 27 329
121 149 451
129 224 789
91 249 108
35 30 33
26 51 512
243 248 94
135 45 480
43 285 452
139 171 831
152 199 902
10 288 363
35 300 524
137 37 915
299 293 649
196 36 526
255 146 329
51 203 610
218 60 916
115 43 560
251 262 381
274 17 53
163 147 505
298 103 521
24 202 631
189 164 570
100 104 313
192 33 684
33 112 783
69 216 993
119 86 927
35 70 986
296 101 139
215 74 563
253 272 556
187 30 229
63 10 216
246 213 70
198 165 667
273 205 359
231 205 73
60 81 600
286 9 820
190 94 307
116 198 782
179 267 465
17 113 761
252 149 952
275 198 0
287 211 833
79 112 90
216 232 657
173 141 286
240 137 9
171 85 353
25 226 337
68 164 607
151 282 899
109 68 861
153 38 7
162 5 251
141 6 794
44 21 346
10 74 790
18 267 728
292 239 6
261 151 419
261 53 86
112 238 855
191 22 496
10 248 864
35 58 165
288 163 180
211 243 257
65 271 295
158 133 431
57 282 612
58 241 917
64 47 604
32 163 31
99 104 30
3 104 159
287 221 302
227 94 472
79 155 47
255 101 1
89 276 38
134 243 111
56 40 692
188 159 239
158 13 487
135 106 366
297 300 941
90 230 531
48 222 512
169 300 454
139 240 682
124 215 368
6 247 736
57 294 655
39 243 134
183 179 452
276 192 840
86 269 25
93 182 846
187 277 540
77 111 469
221 23 276
2 279 835
199 259 147
224 105 991
37 133 468
293 83 253
280 83 229
177 279 758
273 13 999
185 213 561
42 117 135
41 206 431
191 257 114
25 161 945
84 110 587
300 240 994
283 75 881
123 71 156
156 169 688
53 205 849
128 49 799
27 124 868
127 9 69
294 53 706
300 3 254
300 75 821
51 23 36
166 35 753
100 154 903
81 131 249
98 98 796
102 79 729
63 78 929
217 72 719
97 60 247
277 290 203
12 280 181
138 113 599
231 112 301
225 64 408
74 31 546
68 262 730
155 109 519
206 152 370
143 242 754
140 111 600
235 227 769
87 93 855
75 102 35
37 19 313
106 14 711
217 165 374
69 60 514
139 190 887
135 41 745
253 157 365
0 142 127
174 128 87
218 236 157
139 295 635
172 24 442
277 109 775
78 56 227
30 23 265
93 109 65
148 174 290
148 286 974
94 143 560
117 100 333
272 155 473
150 298 494
59 138 284
168 273 827
73 80 654
76 70 544
285 19 988
201 211 208
299 12 544
167 156 116
162 101 468
279 167 737
27 257 797
237 75 556
152 177 522
290 241 540
172 64 904
269 50 794
192 297 670
185 79 239
62 12 421
181 260 290
16 183 868
296 117 190
5 280 468
54 272 971
60 118 889
177 133 244
4 255 681
141 164 467
198 47 245
109 93 184
184 167 747
201 71 869
296 76 418
53 124 472
46 125 570
189 102 683
130 185 228
293 42 909
206 118 359
221 142 76
40 213 658
292 242 65
101 293 274
127 226 328
296 35 641
277 48 648
127 90 836
281 114 259
124 52 675
255 39 69
278 70 376
286 145 517
174 141 710
271 132 66
241 280 319
141 52 364
286 226 181
142 67 958
230 235 173
195 206 352
214 111 493
67 162 576
268 289 403
286 84 232
205 139 520
55 245 96
293 275 187
94 36 944
208 220 125
181 161 935
161 65 860
284 282 798
86 65 67
223 208 474
172 194 616
127 83 150
189 43 588
19 241 541
129 66 942
36 223 359
30 90 613
78 186 956
226 114 384
112 49 826
65 203 633
93 33 897
44 136 131
115 72 554
173 276 400
0 86 183
92 258 507
18 137 966
274 196 112
122 111 652
34 13 540
166 175 315
216 225 509
49 162 598
83 65 273
287 20 201
185 296 543
54 263 631
227 76 885
37 157 174
284 101 198
10 161 292
55 276 193
126 49 10
49 131 877
253 157 183
68 24 404
109 7 388
208 174 627
39 293 266
157 267 685
245 162 183
159 103 219
24 164 751
239 178 112
221 225 798
213 57 905
27 139 139
285 63 242
109 189 38
33 7 578
78 159 282
244 144 56
179 64 840
33 82 514
64 283 520
85 2 544
213 236 687
40 240 62
92 111 256
204 282 900
71 260 752
166 173 740
5 220 985
251 279 5
233 75 285
229 69 707
151 295 667
239 113 757
34 110 388
177 254 86
290 269 693
163 77 519
133 104 340
9 144 534
154 115 701
274 115 718
53 67 173
4 128 778
294 8 474
160 170 87
39 13 666
290 28 648
188 105 40
206 103 327
188 166 936
271 10 990
163 85 244
81 278 291
31 56 749
190 261 269
95 274 596
210 274 698
123 56 8
214 59 853
199 147 441
78 158 477
203 265 71
65 279 273
98 114 602
174 265 514
161 132 228
8 18 606
219 53 468
263 18 446
150 161 345
36 156 555
108 23 902
48 166 793
258 34 474
5 122 232
245 195 178
150 225 972
167 290 744
143 84 989
121 20 909
144 71 823
38 230 420
187 101 830
293 263 119
86 67 825
282 72 246
45 42 609
137 35 953
128 200 546
73 263 733
168 295 450
284 200 61
31 160 43
23 292 167
218 54 876
189 239 147
42 167 954
290 275 692
72 47 478
65 256 320
268 170 488
280 241 191
251 117 142
66 126 915
130 123 448
130 218 392
289 252 719
198 164 157
159 291 419
231 177 483
79 188 972
176 279 985
8 128 770
23 40 686
284 22 88
262 147 193
61 141 744
17 107 295
235 210 276
4 142 818
52 48 402
129 281 937
113 121 286
131 165 689
209 215 931
150 245 118
82 45 1000
205 114 215
228 192 669
56 273 700
90 232 992
87 46 406
263 217 587
58 168 747
292 275 579
34 238 449
81 286 18
242 56 142
117 26 634
288 133 300
141 75 643
170 243 907
75 194 579
176 150 130
155 221 138
136 61 200
136 22 408
164 201 983
0 41 902
116 130 968
18 298 530
197 56 327
72 260 986
57 296 641
145 215 662
84 245 219
246 22 581
2 214 985
173 272 843
236 178 565
103 93 839
145 266 86
269 38 779
126 82 423
86 11 449
94 164 331
293 271 260
2 133 282
29 84 104
107 275 789
88 28 61
81 218 969
118 263 563
124 276 816
138 104 25
254 164 677
145 124 195
70 111 210
214 90 983
290 277 940
207 241 474
17 119 909
261 103 699
159 52 261
156 86 511
256 145 772
125 124 470
178 235 555
38 28 577
157 139 142
32 263 681
8 291 681
32 133 887
141 271 189
24 220 58
219 152 716
51 149 121
98 100 908
66 240 684
54 147 330
121 277 819
227 179 330
120 287 856
208 115 127
49 80 835
294 15 126
271 279 516
298 89 228
48 145 136
19 193 647
207 13 897
216 18 409
191 191 71
24 209 782
170 153 690
227 63 71
240 261 926
3 206 46
198 20 310
126 2 103
19 252 170
300 105 854
137 91 313
146 86 108
25 137 969
195 144 475
23 69 590
236 249 402
154 199 370
107 188 101
194 189 114
91 22 823
132 116 723
44 21 861
37 79 118
70 143 102
251 267 582
277 55 914
145 62 447
260 108 912
36 113 675
175 8 458
127 25 794
74 238 104
50 119 602
207 89 275
143 60 228
130 107 891
14 284 353
106 55 48
229 121 172
233 0 770
136 111 633
88 218 219
259 178 213
286 66 252
50 253 17
277 182 745
235 272 682
64 224 185
257 166 642
41 290 522
204 273 451
65 260 381
209 211 64
268 158 35
201 184 815
65 287 487
83 8 554
66 209 553
180 82 278
154 12 444
160 200 435
62 58 162
276 273 224
144 16 102
290 265 458
42 17 624
67 132 250
260 77 265
162 232 329
78 285 396
107 90 470
91 213 174
181 7 297
252 256 847
203 216 60
54 42 745
117 176 183
82 167 330
253 217 849
169 56 281
43 5 569
236 170 254
238 38 45
120 279 719
195 211 99
35 261 9
135 52 637
127 168 66
220 289 504
245 215 737
264 148 307
246 241 13
123 57 262
9 106 733
151 262 306
244 42 960
66 133 659
38 250 364
262 274 62
171 296 816
167 72 628
82 54 179
19 53 644
290 267 1
6 72 926
216 218 769
185 165 815
277 122 522
17 76 286
44 197 201
128 228 378
300 148 189
16 222 67
141 71 734
273 146 846
223 45 751
197 22 222
101 91 863
292 43 877
81 170 190
207 78 882
13 244 429
82 43 830
122 60 397
80 118 681
290 114 188
178 70 0
153 234 729
120 24 31
4 202 238
102 149 258
59 261 353
238 216 35
1 51 590
174 15 693
254 41 137
247 206 568
45 194 670
46 55 225
19 152 462
18 95 575
21 53 278
2 75 229
46 256 51
143 106 672
180 5 158
168 161 43
284 47 73
77 207 456
134 257 25
74 84 973
222 226 568
212 139 720
88 75 451
228 85 541
186 56 106
6 235 989
204 207 307
215 9 765
3 65 395
143 46 70
214 148 243
24 255 282
47 220 431
260 190 554
123 269 623
268 270 801
55 41 700
276 218 383
209 103 393
40 60 798
178 9 11
155 222 57
127 117 55
29 113 48
295 87 450
60 291 599
129 205 124
130 189 746
64 50 306
48 76 192
179 254 248
171 175 145
74 170 874
291 36 155
298 203 555
154 246 85
67 188 101
112 271 665
55 192 746
164 296 670
24 92 68
137 44 38
224 297 316
205 14 989
139 242 141
232 3 169
209 77 994
240 54 717
99 19 944
180 40 903
199 52 941
253 27 882
210 8 13
117 287 838
190 18 215
42 208 436
100 134 117
299 240 353
136 249 435
4 252 173
300 165 534
10 19 173
132 158 855
116 212 261
167 174 571
51 229 864
90 263 27
94 293 359
103 154 622
89 210 549
15 266 875
0 47 301
33 154 467
290 190 329
5 284 363
12 22 769
78 20 480
140 137 80
282 115 422
253 217 318
217 223 901
59 172 292
216 77 901
48 224 919
224 82 910
76 152 811
289 102 570
10 213 610
200 286 15
295 217 154
276 14 817
184 43 617
177 201 922
259 5 985
8 107 894
37 230 869
203 255 644
172 82 738
264 277 404
128 199 43
102 56 372
87 63 719
61 44 828
279 194 38
62 70 359
30 244 564
288 51 553
244 140 159
14 257 336
170 183 557
185 244 356
139 297 269
267 298 251
270 204 630
103 202 97
12 240 840
191 4 156
264 16 406
147 100 783
17 3 210
221 108 920
107 133 393
9 128 758
232 6 410
178 0 635
287 44 258
249 197 942
294 293 905
282 3 281
220 45 629
74 199 177
281 184 941
217 158 156
128 131 330
253 54 573
74 205 34
56 163 371
178 167 780
284 286 643
149 143 455
186 91 466
0 199 112
102 214 297
214 269 509
164 200 351
105 240 542
88 253 302
212 87 122
64 274 989
65 289 984
198 274 727
230 118 774
211 119 101
274 132 143
52 92 241
100 272 467
91 297 301
192 250 63
100 202 696
196 76 703
98 7 566
38 99 47
33 231 897
3 13 997
144 4 173
296 168 448
298 122 181
216 110 253
194 101 401
73 122 5
294 40 165
130 160 939
292 175 214
280 30 55
32 277 634
260 189 668
283 26 325
128 263 903
58 261 418
239 235 739
41 120 760
160 154 593
63 50 410
207 22 740
246 31 329
28 236 580
84 177 125
20 211 230
103 269 658
182 24 904
26 269 178
19 55 498
94 129 491
0 33 563
93 212 717
109 245 693
46 16 998
94 233 103
37 103 44
17 151 732
277 211 819
251 87 412
205 295 451
75 21 195
98 118 612
213 192 223
136 129 40
53 164 324
172 19 407
166 109 12
201 157 918
116 108 803
0 208 616
157 114 23
16 287 284
103 167 478
145 156 262
174 193 174
98 297 510
259 49 348
139 249 649
57 125 46
25 114 762
15 87 409
57 43 338
101 229 228
232 280 999
191 2 134
57 246 154
165 64 31
144 280 933
84 185 816
109 255 288
263 78 12
66 73 773
185 163 621
216 280 707
47 245 949
34 102 32
237 157 958
258 5 146
50 13 437
147 166 252
232 248 469
124 295 481
31 21 688
105 129 820
90 272 431
29 62 669
117 177 503
247 129 142
108 90 756
133 191 521
229 6 469
49 200 226
239 52 224
58 248 52
222 172 20
13 297 398
252 127 496
297 202 117
130 22 148
276 58 544
41 173 527
89 87 559
212 294 812
243 113 853
270 117 538
144 105 92
274 261 931
128 149 161
9 144 490
23 28 804
20 224 746
269 228 643
87 20 455
159 80 638
200 71 62
107 138 606
28 217 161
163 236 637
289 123 610
157 199 225
135 78 774
128 237 188
35 149 142
181 133 253
18 100 172
90 120 327
23 151 366
299 0 412
14 135 55
259 295 891
250 62 11
266 121 8
68 155 50
9 267 623
135 62 94
128 216 394
87 37 270
177 11 515
218 131 294
183 118 27
242 135 827
248 243 94
90 283 715
60 299 678
182 161 180
56 293 688
177 168 100
252 63 104
196 275 923
166 212 155
258 15 950
35 210 604
146 221 367
106 189 866
4 210 954
206 255 262
138 115 997
109 110 188
85 47 389
125 208 5
192 283 305
275 39 78
174 219 303
268 143 824
246 183 538
97 223 198
66 232 759
43 132 430
92 162 473
195 144 930
68 114 434
81 31 565
101 238 894
286 134 118
194 258 677
45 94 911
126 277 131
206 225 236
19 166 31
89 122 345
18 79 517
167 228 436
134 1 459
246 98 633
7 179 440
13 223 942
278 291 38
223 295 854
60 9 278
262 0 831
148 231 414
203 18 451
109 53 836
92 110 920
80 145 547
153 238 504
79 282 87
200 220 744
268 26 341
284 245 54
161 71 609
284 69 181
60 144 32
119 251 856
149 193 736
298 160 644
81 274 808
24 75 703
176 130 16
261 267 877
201 58 184
77 149 412
237 163 792
233 204 407
5 170 360
55 180 77
224 202 373
101 152 920
285 104 421
31 229 889
132 123 574
82 57 531
17 63 802
266 187 453
208 191 676
279 168 240
1 166 940
234 1 567
76 191 329
103 5 254
85 93 251
201 112 292
222 8 127
124 159 347
34 268 541
111 200 693
155 83 837
85 109 298
125 6 179
47 11 421
262 227 615
246 94 21
206 89 695
159 213 851
181 80 504
44 116 6
10 116 341
237 231 843
268 114 576
59 33 904
192 177 252
4 165 953
167 178 25
52 172 259
259 152 962
51 87 530
214 286 365
120 157 81
278 221 144
30 146 268
219 52 345
274 200 782
148 37 221
137 162 699
8 21 366
5 2 207
221 231 622
177 120 998
62 155 236
66 57 430
68 123 230
164 280 726
275 92 216
137 58 286
181 14 865
228 212 976
244 248 537
263 284 506
107 117 649
62 218 801
101 81 2
159 300 870
118 129 390
246 182 99
218 158 521
298 173 781
195 106 317
79 50 471
138 225 396
163 154 502
69 271 993
197 152 344
109 83 305
233 22 104
276 142 266
220 56 655
180 142 708
204 31 516
14 99 955
221 26 255
216 276 957
11 85 985
37 177 580
142 60 474
170 225 583
145 132 863
261 245 949
192 190 50
59 178 696
247 271 146
19 155 981
72 20 430
135 151 902
214 290 961
295 67 509
245 277 138
140 236 593
176 44 191
109 28 761
156 13 588
6 286 473
198 203 710
33 176 460
217 132 49
152 293 569
142 189 481
237 87 538
69 273 666
236 280 506
68 73 33
246 104 591
108 253 269
117 98 343
16 116 216
255 51 101
56 285 49
97 89 610
86 176 101
223 294 13
48 44 25
104 226 819
170 125 511
209 53 272
66 135 615
201 29 984
112 139 305
102 79 488
116 268 999
265 144 283
97 59 97
30 104 662
31 234 574
194 224 85
120 242 483
283 4 807
274 68 811
144 80 913
188 241 682
101 162 942
185 6 72
19 28 551
68 243 278
247 284 621
124 140 352
161 38 688
257 198 827
132 77 324
78 298 295
279 170 171
62 89 956
274 167 441
283 153 42
88 155 632
119 208 298
252 181 428
248 181 64
219 204 542
218 21 307
253 246 255
272 187 533
249 116 505
190 213 652
126 212 216
288 247 843
251 76 621
276 295 866
54 198 416
53 203 791
256 99 549
151 159 255
231 119 293
187 6 338
58 120 599
180 98 44
53 175 525
125 34 315
214 147 447
147 26 665
233 53 153
30 77 910
267 80 83
144 27 628
127 112 464
35 32 347
182 17 345
15 141 514
171 140 526
9 93 469
161 178 312
298 62 276
33 213 329
183 219 189
205 161 736
8 36 203
264 10 877
193 219 166
23 100 260
97 36 372
105 100 116
211 276 359
270 63 807
22 275 441
289 57 820
60 257 873
202 176 550
255 89 809
234 94 643
179 25 498
244 265 728
292 95 379
104 184 402
199 20 812
71 298 458
228 240 947
45 134 321
177 230 359
19 225 76
60 97 257
81 229 150
203 217 929
22 267 187
196 202 595
90 213 674
290 79 507
161 157 893
293 215 611
212 242 456
148 256 175
244 125 113
277 222 887
190 69 570
97 278 949
272 61 718
208 190 520
118 196 725
156 167 720
115 52 14
192 209 417
141 195 175
7 204 367
241 149 411
9 250 940
104 270 524
42 238 952
189 176 539
131 85 651
138 278 81
289 98 19
9 127 383
34 4 581
26 180 920
203 235 146
163 59 722
252 59 152
59 227 247
22 230 198
31 74 873
189 15 94
166 66 679
100 27 507
53 136 661
270 200 968
52 97 4
232 156 97
162 198 461
118 203 463
119 226 359
219 122 227
70 49 137
134 48 938
142 79 540
145 136 356
106 118 219
100 281 422
189 108 581
277 69 818
54 135 624
171 141 987
95 176 502
296 239 933
246 130 808
192 151 86
260 24 209
199 129 747
95 300 181
297 62 658
107 127 783
183 156 348
65 233 13
271 17 167
297 114 254
289 132 933
36 83 318
277 253 232
275 293 347
112 190 410
0 44 513
149 54 254
56 7 912
5 111 18
7 46 94
18 113 20
206 254 194
210 49 91
207 4 895
247 36 205
240 226 944
88 62 452
202 206 566
89 171 837
180 167 535
96 234 809
55 71 466
154 290 348
282 181 2
23 63 839
56 223 114
235 169 829
64 204 788
264 10 69
209 67 929
158 182 627
197 31 376
8 108 413
258 124 890
297 71 461
99 213 868
297 109 622
81 221 647
168 261 328
247 25 916
137 109 110
21 273 1000
81 28 557
279 64 33
299 27 70
265 203 201
185 159 449
228 259 372
122 63 179
228 69 258
4 58 725
187 255 404
206 64 252
253 212 813
286 194 476
131 129 368
275 24 729
185 203 997
75 66 639
182 136 109
4 261 174
5 87 571
234 73 315
182 117 165
45 256 395
10 295 765
267 135 93
99 19 613
289 90 775
157 261 770
226 9 578
142 204 178
263 200 632
50 8 292
185 10 667
37 278 257
192 286 772
191 293 29
119 237 964
241 90 879
8 40 917
150 287 549
188 199 125
208 206 757
57 114 831
226 206 144
28 83 154
2 35 862
1 108 290
204 150 212
233 15 988
209 95 198
55 203 478
12 63 703
219 203 852
256 138 945
182 211 994
252 241 549
238 156 240
115 50 578
270 25 453
95 123 770
137 281 450
167 157 530
188 75 122
125 65 764
158 56 870
181 34 223
130 298 985
148 159 526
214 262 937
35 96 80
107 84 800
221 187 752
43 65 571
203 25 810
7 221 220
273 102 1
271 103 716
43 198 483
9 34 842
164 128 596
208 146 994
255 293 198
244 20 400
246 184 147
299 114 578
230 250 756
59 297 823
154 252 409
227 300 758
275 207 376
183 168 251
220 113 110
150 112 840
54 185 804
87 96 68
256 44 397
13 167 342
200 220 488
9 268 291
165 134 500
188 229 866
115 129 485
201 114 908
291 39 242
123 4 681
20 122 3
21 144 166
222 254 158
156 14 303
196 84 514
289 0 144
299 171 656
202 186 5
130 300 478
252 14 425
281 245 956
132 258 809
259 143 918
298 254 507
152 166 515
134 265 331
292 161 623
121 43 597
133 11 593
199 140 651
299 259 55
272 29 129
25 35 361
278 81 457
91 140 38
118 81 28
141 63 518
65 175 154
186 6 116
212 36 13
139 31 382
51 36 619
95 136 365
60 118 76
0 299 572
29 295 290
198 74 808
172 99 38
275 2 932
254 105 656
124 104 522
87 36 681
165 146 360
66 13 72
29 37 432
61 166 381
182 93 884
32 293 652
24 32 317
262 272 275
88 74 739
55 177 494
254 145 692
172 74 668
256 193 205
262 204 36
19 109 513
212 16 79
272 97 69
193 33 125
246 262 194
184 253 407
202 253 427
13 48 799
89 39 757
250 0 163
109 173 749
270 14 576
83 48 126
259 240 22
33 243 14
23 173 243
58 190 521
28 270 438
298 61 436
235 148 235
279 65 446
299 77 976
205 167 74
75 95 265
131 226 736
68 126 380
112 218 925
1 187 514
98 235 430
283 156 395
182 270 765
290 163 674
290 141 791
281 125 181
235 293 730
58 128 663
6 108 544
137 157 808
28 214 306
74 3 224
170 277 871
96 275 330
259 149 385
48 296 193
104 172 621
117 103 227
225 300 588
10 278 103
143 19 87
53 165 942
270 9 886
63 156 236
114 265 340
122 102 91
162 295 922
56 71 35
48 220 241
111 21 334
203 80 360
151 108 550
161 250 744
285 297 475
183 82 984
263 170 815
111 249 505
162 264 786
27 194 665
2 93 761
249 173 258
280 121 671
231 16 915
267 283 750
175 237 455
197 221 37
7 72 220
221 147 483
94 91 627
32 101 450
14 282 634
192 274 63
3 6 915
240 70 108
49 81 305
63 171 507
191 82 135
38 105 7
213 106 296
49 258 42
115 126 233
8 284 688
185 226 583
279 110 372
207 0 494
248 16 366
137 53 173
154 230 49
233 297 822
224 257 799
85 141 601
148 158 809
218 283 883
114 12 728
46 10 65
61 254 981
260 176 258
42 117 243
66 34 486
285 15 897
67 263 952
82 148 131
110 182 106
243 207 935
242 43 631
54 263 458
258 230 742
138 193 886
289 243 185
147 125 900
154 175 425
278 18 952
141 23 904
18 40 845
248 135 672
260 262 893
37 30 166
75 257 238
189 261 284
124 61 430
269 100 172
174 229 766
214 213 706
200 100 293
133 121 983
66 214 24
216 149 640
217 250 245
277 173 683
277 211 812
193 159 968
248 215 3
126 28 777
148 163 662
189 120 690
219 162 297
32 126 504
292 200 893
218 138 447
154 26 970
159 41 898
171 248 681
123 156 16
5 195 894
151 297 19
98 195 987
196 297 994
197 88 99
285 87 592
209 60 312
137 212 267
173 122 522
23 158 220
115 177 913
206 270 74
209 116 449
295 9 164
63 283 485
286 199 321
10 130 816
108 90 634
88 23 899
146 265 715
168 40 739
241 229 308
74 96 654
300 4 711
285 64 380
266 155 333
266 122 217
38 101 925
275 78 811
108 255 737
6 88 381
1 183 353
24 127 479
28 197 567
163 113 431
212 213 737
193 21 635
246 37 961
243 278 952
79 164 371
152 114 993
272 27 327
46 273 716
5 105 838
120 219 595
93 23 220
79 214 198
273 278 717
139 193 629
57 112 189
200 204 915
138 145 634
136 232 540
159 288 540
107 137 281
171 85 208
75 273 262
35 1 61
20 224 960
277 80 717
231 126 510
217 205 241
73 59 851
220 257 729
205 68 960
293 185 550
230 253 344
54 291 132
214 276 502
184 7 553
254 212 857
175 59 926
212 181 808
149 13 397
272 240 278
80 198 956
86 215 904
289 29 495
110 2 972
83 20 366
209 38 821
167 275 409
67 43 437
271 254 49
82 16 235
199 253 311
51 210 875
92 130 216
93 249 996
21 206 765
278 87 605
264 257 787
210 85 241
97 243 664
4 188 248
150 272 467
140 152 847
257 216 890
261 262 387
219 35 473
190 179 169
207 158 910
189 168 865
43 132 613
207 28 499
2 143 890
16 220 953
60 44 526
8 78 67
187 28 501
179 116 999
65 78 9
129 23 844
44 262 891
235 92 195
182 76 672
161 223 674
291 202 863
1 9 15
204 177 153
139 159 31
88 181 213
213 134 230
204 288 96
244 225 967
227 214 665
96 271 577
69 293 160
156 74 698
55 30 536
288 259 777
106 273 546
217 173 18
151 158 435
138 207 746
249 253 867
222 109 632
88 212 369
101 107 702
158 256 675
225 34 595
186 276 662
157 222 129
172 2 313
119 292 57
71 34 337
67 125 821
100 126 176
127 227 8
182 262 323
58 144 901
5 299 303
20 56 830
107 77 100
246 18 169
197 246 391
79 147 700
240 3 758
85 131 340
125 140 337
300 281 743
244 156 781
9 201 699
141 203 507
153 17 324
299 87 158
102 35 651
1 8 937
18 253 520
266 210 609
257 141 373
222 42 784
268 123 489
244 264 622
174 214 967
224 97 883
9 140 35
134 43 631
26 21 677
262 151 957
294 229 750
220 286 678
149 73 697
156 190 317
232 50 960
244 241 117
181 137 121
155 274 42
58 37 541
154 277 847
184 264 880
26 129 952
261 157 225
50 11 824
123 20 808
46 292 680
101 191 334
158 211 69
70 93 915
198 263 645
197 94 544
47 155 256
163 156 322
32 244 412
281 144 47
154 93 870
105 186 856
233 200 623
170 102 522
260 278 968
222 142 389
54 297 383
142 74 833
161 170 790
177 80 890
155 160 333
107 87 964
288 256 891
6 184 469
211 276 917
56 223 961
270 154 555
229 108 866
53 121 991
199 123 57
63 204 723
157 4 964
264 209 786
300 204 512
226 130 838
19 217 298
103 172 98
38 81 850
82 191 12
63 223 495
132 129 149
101 139 892
214 94 491
23 222 0
146 199 51
154 51 939
200 292 128
50 180 343
51 279 49
17 90 517
57 179 795
24 30 678
42 241 708
20 18 921
35 98 22
22 241 658
244 226 65
142 3 705
151 279 374
73 199 953
41 105 872
127 107 408
275 23 986
284 79 732
9 69 814
280 280 370
199 287 350
67 163 555
77 204 125
203 39 191
257 185 1
147 84 139
251 187 424
72 181 903
89 86 868
150 186 782
180 90 414
139 55 572
235 250 287
196 256 617
84 75 140
186 55 622
293 1 106
1 172 49
64 130 960
110 108 416
108 254 963
201 294 341
32 191 150
26 274 251
120 50 608
1 96 359
188 153 613
83 168 731
107 254 736
128 161 167
129 171 518
7 116 730
8 130 500
15 179 53
108 49 237
112 296 318
294 203 556
221 111 672
212 23 927
289 266 33
265 170 105
65 129 24
38 263 339
225 6 363
232 126 712
269 214 875
112 72 875
138 114 547
215 77 634
251 179 873
159 91 386
184 217 700
26 120 315
178 162 291
69 163 418
263 108 729
219 197 838
7 277 28
290 132 748
22 116 164
235 105 646
178 77 300
250 13 827
213 166 943
15 290 24
167 22 126
51 146 115
211 60 659
92 105 230
81 274 704
289 286 882
206 38 828
54 40 537
287 39 89
185 285 185
121 98 165
79 90 779
148 28 860
289 222 202
211 120 304
254 277 754
167 269 316
64 40 791
296 193 922
263 158 578
92 1 116
163 159 794
50 215 108
123 279 352
32 205 609
19 178 382
162 235 720
218 66 993
244 90 489
121 109 468
8 104 453
44 46 89
212 153 769
246 242 873
61 74 170
22 131 271
235 162 126
146 241 123
165 24 648
11 129 802
157 255 561
8 222 136
98 267 498
233 109 768
119 221 872
274 100 949
80 290 798
237 187 574
286 280 101
81 230 971
104 4 903
78 87 304
184 294 213
222 203 315
151 280 697
131 290 907
260 291 701
29 66 996
292 167 4
71 143 794
298 73 787
179 50 855
259 286 333
221 175 457
16 14 770
36 259 297
134 103 441
132 214 766
118 77 89
161 259 193
201 290 30
47 66 552
174 9 416
144 78 814
274 299 539
202 197 318
100 233 314
136 120 67
210 143 662
10 126 249
30 77 852
48 201 342
269 271 312
177 237 183
265 230 825
47 26 256
214 261 206
234 167 55
181 290 751
78 167 763
218 189 412
173 191 973
216 94 910
246 269 532
93 242 493
76 260 879
43 168 980
270 257 620
29 29 162
125 89 703
262 150 713
230 146 868
78 0 120
257 93 509
0 225 309
70 279 504
110 103 987
12 53 933
69 123 66
123 287 920
109 23 428
161 70 947
261 16 418
288 244 478
129 84 255
229 101 644
195 70 376
208 207 285
160 205 320
113 2 300
157 166 459
283 157 231
83 167 279
170 146 901
132 241 978
132 185 586
191 251 257
211 170 63
169 220 48
151 277 345
77 126 121
189 192 482
130 251 903
79 70 128
59 101 50
278 242 89
296 64 861
145 95 941
98 238 870
35 91 142
235 59 612
281 11 509
154 151 420
192 0 892
77 288 965
131 56 225
192 273 608
87 229 233
243 254 134
269 96 903
103 175 597
68 86 104
107 218 217
84 111 112
169 7 841
282 160 113
106 180 574
170 68 983
297 216 761
146 289 540
116 264 696
48 287 32
43 176 356
245 60 776
233 59 945
25 157 818
214 33 843
194 19 628
48 242 364
72 186 282
256 100 512
160 169 622
21 46 819
143 194 97
157 207 775
270 45 177
279 227 441
70 101 350
71 280 673
36 25 781
181 158 788
113 297 631
42 265 384
232 145 695
287 56 470
233 200 241
260 234 408
112 79 95
168 129 912
291 5 732
73 276 696
152 40 98
97 24 489
86 276 87
256 88 766
43 247 29
212 177 92
135 226 231
250 146 507
165 167 59
278 83 79
106 274 539
41 78 449
277 109 154
144 287 555
212 64 752
201 209 793
212 112 300
195 243 996
105 241 314
274 69 528
90 61 793
60 295 134
90 256 957
248 180 525
53 132 453
284 46 555
88 204 571
250 90 833
221 12 884
263 78 539
59 214 31
15 48 884
40 164 45
150 105 298
248 170 610
27 299 164
102 16 712
43 284 807
97 169 221
189 97 454
232 120 971
44 70 371
182 62 63
147 87 806
204 72 4
97 169 972
71 278 603
265 61 40
248 128 339
34 294 735
72 107 952
212 261 310
185 1 910
113 190 832
144 279 57
100 133 474
164 166 852
185 271 517
245 292 479
77 283 148
296 3 294
285 255 589
199 190 918
215 289 398
19 228 440
67 222 89
2 233 237
128 116 566
250 240 415
12 48 678
215 88 266
257 251 407
116 162 783
148 150 496
163 71 594
113 178 485
62 57 290
265 195 215
243 157 788
287 203 316
217 262 903
40 107 208
56 152 13
45 132 958
254 53 5
279 171 513
74 74 408
126 77 219
12 168 296
228 59 859
201 36 859
128 41 380
219 173 764
249 101 415
234 299 399
93 8 106
275 203 652
186 129 562
116 27 210
86 48 392
232 70 980
174 283 616
146 38 868
62 255 402
165 263 240
202 10 928
62 232 34
65 270 352
240 185 562
41 161 810
52 56 742
217 288 319
24 141 471
222 22 373
186 192 595
173 236 410
60 91 908
32 163 305
160 252 557
238 124 158
11 49 473
216 87 749
54 98 474
79 58 865
1 278 834
116 236 389
27 243 101
0 122 387
83 101 844
171 55 984
16 244 206
68 143 392
259 118 548
38 25 156
223 171 373
182 172 753
115 122 354
283 223 164
152 163 562
33 51 756
211 88 829
285 147 173
63 174 592
11 298 218
179 68 562
300 49 261
137 40 625
268 97 497
176 19 584
199 92 636
141 35 490
179 77 414
300 223 352
160 46 949
115 1 31
272 113 511
112 285 455
25 179 232
153 208 977
130 9 697
8 115 952
100 20 198
253 186 231
218 239 858
182 16 933
71 276 662
102 200 51
192 194 169
152 37 611
294 214 603
273 273 946
62 47 268
285 13 538
217 130 997
244 137 292
164 204 981
38 193 740
121 176 533
230 104 132
76 218 493
102 265 912
178 292 265
109 172 768
182 70 580
105 274 859
165 177 419
183 236 309
257 209 799
4 180 319
20 140 392
70 154 825
295 198 53
19 295 827
142 261 347
168 100 918
247 254 222
263 49 792
258 215 205
255 267 856
265 256 513
241 222 61
234 241 687
105 288 607
105 228 216
239 261 122
260 38 114
164 46 315
72 141 132
56 115 481
298 264 208
38 283 856
143 225 610
204 44 475
165 7 855
265 118 271
161 123 299
77 24 257
255 65 915
103 269 190
218 261 409
186 218 497
62 232 191
188 159 818
206 11 456
67 300 407
170 102 190
181 119 173
126 234 504
59 152 221
90 5 766
194 269 591
300 81 768
197 239 101
274 71 890
161 30 235
278 121 980
145 97 848
107 193 972
104 33 219
67 127 806
234 2 336
87 299 356
262 191 778
246 229 921
296 249 195
75 214 388
227 126 73
26 15 671
97 248 415
249 78 648
224 0 451
263 89 579
131 280 701
128 159 379
244 218 794
160 17 228
265 173 463
42 133 290
162 299 274
24 157 452
249 156 650
209 62 289
270 118 239
239 240 919
284 50 392
278 280 84
129 268 887
263 225 269
280 148 988
71 115 23
214 143 27
137 236 28
94 278 607
59 280 420
199 109 169
102 24 602
298 37 637
122 169 212
133 33 137
73 244 482
130 276 605
153 150 938
192 103 986
267 186 100
19 3 23
88 151 136
264 48 475
283 218 894
206 33 568
237 200 776
16 247 224
156 147 664
284 196 960
147 89 13
120 182 546
105 109 148
131 171 392
203 96 656
2 20 601
62 135 589
132 113 374
114 59 40
120 34 383
76 249 729
135 21 895
142 234 970
244 80 458
58 224 578
126 183 789
115 106 150
182 269 163
77 170 19
228 189 490
170 142 641
33 90 611
18 210 663
59 264 164
191 211 376
158 58 654
67 159 149
22 122 51
181 10 452
72 249 635
126 28 838
81 82 733
197 156 782
86 255 423
155 267 750
180 36 934
87 280 467
22 116 272
105 91 306
264 300 656
250 180 335
114 66 859
143 277 501
157 265 554
124 295 363
4 158 505
43 28 562
194 300 154
42 234 100
4 261 337
100 31 938
140 249 238
247 18 338
97 161 201
21 174 511
205 105 614
235 76 96
29 174 641
268 256 114
40 176 560
33 171 460
290 161 736
94 159 66
5 49 827
231 140 754
81 283 974
8 173 932
290 192 946
42 300 333
248 298 229
121 41 440
52 55 800
173 125 64
128 56 56
7 199 119
222 163 193
112 196 483
95 300 182
102 217 969
60 292 687
200 156 767
298 209 909
112 154 137
238 77 121
281 101 88
125 121 463
28 5 550
121 92 742
173 267 437
266 171 82
80 232 515
74 143 884
0 263 365
152 203 181
73 10 535
50 177 676
246 36 273
165 144 976
62 158 734
68 119 602
231 180 802
217 133 56
260 175 880
297 63 521
178 237 379
113 137 978
40 79 770
131 174 977
271 280 756
155 57 516
81 16 485
294 262 189
292 81 885
207 236 940
28 185 570
287 291 355
125 116 262
86 232 854
163 244 76
268 56 430
53 216 849
73 146 568
95 44 887
149 76 276
75 37 347
218 4 889
127 52 652
92 101 217
252 248 677
130 262 257
217 180 530
100 155 655
157 226 652
77 222 466
264 241 629
211 32 451
164 99 400
84 190 736
148 230 880
112 111 587
96 51 775
278 130 651
111 44 534
124 50 683
293 57 565
15 299 759
123 282 289
80 96 933
129 167 390
147 164 775
43 199 443
57 145 234
14 5 546
126 202 362
85 162 460
19 277 119
269 86 182
283 230 765
224 155 28
276 64 728
147 176 935
129 4 244
211 23 424
193 212 384
55 104 122
218 88 36
211 297 862
54 137 488
293 42 183
190 234 580
17 277 776
184 21 874
299 147 924
51 229 693
131 22 63
10 297 12
118 66 187
201 288 874
170 55 857
275 73 788
204 12 500
99 226 523
92 7 107
121 229 438
116 199 200
260 185 377
271 65 653
217 225 467
83 165 975
176 218 489
166 96 719
10 253 482
167 107 564
21 141 847
275 263 880
194 87 735
198 177 82
180 55 978
152 153 874
209 274 650
195 59 754
179 12 367
227 246 308
292 221 290
68 51 400
249 230 330
196 168 929
157 74 883
54 22 555
254 71 628
162 106 722
249 96 721
119 136 952
238 267 575
149 225 983
224 144 555
124 89 451
98 179 129
220 199 872
145 137 590
192 235 905
157 152 963
104 216 430
42 243 916
274 248 823
271 19 547
91 87 508
162 133 279
199 219 966
184 204 546
181 97 431
22 4 176
261 47 181
251 95 181
105 149 307
108 83 22
243 38 101
146 112 581
240 253 550
148 29 418
229 33 833
50 134 75
252 135 443
67 202 537
74 119 191
3 185 185
291 100 958
180 160 948
125 220 660
48 212 137
32 295 126
165 122 217
81 214 389
217 102 614
284 229 838
72 70 661
165 100 188
220 15 320
201 35 845
212 293 702
292 138 517
233 164 971
258 229 281
208 151 711
111 74 745
61 120 263
298 213 2
283 136 862
190 216 143
176 275 534
160 35 852
76 71 616
284 117 534
200 99 850
213 163 163
251 214 17
218 110 359
238 283 480
199 0 489
226 113 741
221 112 942
147 4 642
256 226 453
76 56 708
39 30 450
272 238 533
149 300 912
121 148 468
238 270 909
63 160 609
188 186 607
273 82 774
75 65 534
172 199 901
227 241 946
97 294 609
136 110 584
245 172 81
266 262 932
225 214 119
295 199 178
172 115 111
284 28 303
285 125 547
165 109 245
48 293 675
5 82 845
93 295 790
36 39 571
88 121 850
55 89 765
158 173 140
54 4 685
268 225 898
224 210 602
113 205 227
90 295 529
187 248 673
126 201 911
1 10 168
96 118 593
253 191 532
148 85 754
253 271 55
188 204 646
32 270 262
208 155 869
139 259 902
245 201 374
144 33 952
235 199 268
54 296 640
176 53 459
12 295 980
79 25 387
49 140 175
274 233 422
253 141 42
131 198 957
231 143 897
217 198 318
194 139 726
232 204 309
4 203 344
259 248 132
248 32 343
17 215 583
86 105 18
38 32 646
100 196 545
122 113 120
195 211 54
40 161 365
43 128 732
114 12 321
35 278 192
121 174 577
186 10 418
185 70 969
113 284 267
89 2 640
122 243 476
106 248 888
43 10 394
122 39 297
229 227 326
247 93 47
144 8 847
105 21 257
290 269 186
162 134 212
298 198 717
92 242 585
185 152 886
177 221 614
95 53 811
15 203 758
82 132 838
110 110 896
214 14 557
286 64 124
58 229 225
87 240 338
105 298 740
1 18 150
240 119 567
171 34 944
134 220 547
74 211 180
12 3 80
75 149 618
246 117 731
87 116 131
8 277 922
290 152 391
36 275 703
266 149 582
273 74 210
95 94 282
199 226 219
162 18 220
73 101 318
85 205 606
145 155 457
194 285 196
257 262 479
4 275 271
66 226 999
153 64 38
259 189 907
84 150 271
126 269 680
252 48 700
125 104 57
174 182 942
121 150 785
248 49 520
246 124 598
149 202 345
279 110 148
240 76 891
220 54 211
300 162 130
239 217 982
298 299 444
123 43 997
50 141 693
227 52 552
110 105 234
28 242 447
89 68 536
119 229 937
175 75 641
265 23 971
154 62 778
1 289 200
237 88 861
14 182 919
170 108 2
260 157 907
69 35 110
221 166 755
293 267 709
153 71 742
160 253 901
291 146 995
186 228 959
10 54 854
79 204 53
293 61 540
221 119 620
180 207 172
65 214 516
114 58 208
237 142 2
53 244 539
38 74 392
192 126 138
22 33 379
281 278 471
69 254 173
235 268 366
50 134 151
244 236 125
4 273 28
40 259 667
271 102 963
59 134 301
190 175 703
8 248 806
131 69 193
113 167 590
97 64 717
247 249 425
123 8 918
140 280 503
214 170 455
224 98 445
233 163 348
139 240 883
180 151 56
269 26 752
220 239 373
155 223 685
71 178 837
186 34 869
158 156 513
268 160 184
205 138 862
86 102 796
253 160 60
42 175 61
119 18 316
260 127 236
115 195 684
137 196 63
87 247 439
51 128 109
245 249 507
78 268 583
142 12 744
71 268 893
242 56 401
82 33 319
259 26 272
105 99 189
35 142 75
76 259 886
10 220 63
188 130 291
71 120 245
252 59 571
148 112 412
243 88 600
69 49 450
81 89 444
215 216 365
103 29 290
182 175 514
156 296 156
211 77 177
193 135 941
207 261 587
224 83 419
224 279 170
60 224 755
239 123 91
170 198 680
294 54 717
244 164 371
196 272 657
283 194 458
251 41 939
186 47 156
104 243 981
83 82 617
269 146 784
54 272 608
184 123 77
206 107 853
101 118 229
228 76 677
52 287 522
213 244 967
63 139 812
51 57 130
36 19 500
76 6 298
118 261 472
1 298 60
274 264 587
271 174 551
68 98 956
179 265 794
87 57 701
291 181 366
210 242 764
55 29 943
61 252 136
55 155 685
0 104 65
246 251 700
61 95 726
63 207 697
6 115 797
235 259 139
187 200 384
43 202 53
159 97 133
225 70 689
7 5 442
273 106 521
17 16 399
271 288 706
285 74 781
221 35 880
217 167 754
178 143 227
286 94 959
231 80 169
184 262 63
155 300 753
182 201 532
236 31 519
284 8 381
194 156 571
34 13 593
87 111 562
231 214 337
160 86 655
68 177 730
163 221 536
141 122 493
272 122 115
121 24 903
98 299 519
9 43 358
223 5 103
0 227 842
68 71 570
290 130 452
52 174 890
203 290 599
252 135 84
27 47 549
270 265 923
75 53 271
286 156 48
6 165 381
213 6 273
261 264 1
254 75 398
32 121 376
110 97 658
114 35 76
121 143 977
100 245 952
179 268 688
288 70 311
62 174 999
99 50 528
53 17 115
266 22 561
274 166 213
262 299 897
139 160 664
180 62 327
250 102 264
69 300 150
218 137 187
268 91 815
189 45 375
41 38 154
236 158 101
101 199 413
160 169 32
207 153 687
103 102 262
214 10 595
57 155 439
225 137 136
140 15 534
209 259 598
32 65 653
149 249 71
132 61 487
282 74 459
66 57 182
76 162 511
194 14 339
113 140 304
269 227 737
298 198 208
286 163 158
198 268 821
43 5 104
58 237 7
207 55 210
171 210 900
198 285 898
104 4 981
235 65 202
292 213 922
264 250 116
133 127 123
241 168 275
133 292 680
297 18 368
266 227 336
197 89 779
122 187 115
23 198 136
213 224 548
225 284 563
253 232 986
119 218 111
158 3 695
105 167 256
234 204 971
58 162 614
17 7 174
120 73 832
161 48 639
291 190 91
185 100 172
142 62 212
195 297 848
167 270 908
178 5 599
92 61 553
299 111 488
112 56 328
48 262 605
181 124 544
83 297 245
60 281 636
49 223 485
208 74 43
250 295 2
51 19 687
139 193 813
0 209 224
0 183 268
289 271 951
40 241 852
232 160 386
298 202 704
195 264 708
71 293 694
240 163 972
107 295 623
117 20 940
72 55 678
289 73 145
112 234 834
43 121 492
238 111 305
111 153 183
190 173 449
57 132 630
210 299 27
145 46 817
237 298 929
110 98 839
165 112 155
130 31 911
293 65 804
190 166 535
91 253 430
60 151 221
6 179 453
83 233 637
110 83 901
284 212 569
51 14 699
281 239 688
15 66 177
153 66 224
264 205 960
58 169 198
105 297 332
94 189 300
20 251 582
89 143 845
133 248 711
2 153 612
47 268 774
18 10 143
219 57 192
51 39 389
103 94 573
34 70 427
215 153 869
39 97 9
89 261 808
212 128 907
164 82 231
121 282 430
73 191 715
264 76 48
81 173 519
268 26 744
101 48 184
118 60 688
116 60 674
51 203 290
7 253 199
125 97 5
43 33 223
35 44 933
89 5 904
63 129 164
45 51 328
102 233 279
35 153 532
219 165 576
54 273 546
171 165 330
113 31 549
136 53 302
206 144 458
21 108 435
110 171 415
202 233 282
87 43 449
115 37 215
274 143 331
164 84 198
9 77 917
18 34 821
90 134 941
272 184 243
274 289 231
137 0 423
30 195 743
23 276 727
254 211 507
213 8 741
299 126 87
150 209 309
170 8 544
144 11 335
115 246 111
191 118 208
3 83 808
124 80 199
226 94 760
181 163 807
17 133 997
237 106 240
47 55 704
99 294 592
41 204 672
216 156 122
287 268 882
256 237 68
272 227 551
41 75 911
88 222 485
32 220 545
71 35 616
278 290 962
53 64 349
223 203 403
80 43 441
38 153 471
279 153 251
38 256 771
227 237 25
240 285 697
203 164 482
186 205 635
105 54 764
89 97 767
76 203 922
165 89 484
185 179 139
192 51 6
25 131 193
125 25 628
121 216 33
59 45 62
283 183 764
11 172 5
166 80 461
290 28 973
211 115 958
220 214 28
286 224 689
132 252 474
39 274 289
149 149 735
203 119 217
32 217 96
41 237 79
282 27 425
81 274 626
45 218 319
281 9 250
6 214 585
128 285 161
160 18 409
1 103 733
65 104 502
40 95 360
56 151 747
235 291 667
38 109 840
54 197 73
98 218 60
171 18 189
148 31 970
242 243 949
178 29 997
94 63 281
152 257 796
167 85 4
74 267 62
264 280 353
66 195 114
200 55 74
99 219 412
254 28 819
58 239 5
6 49 23
283 266 105
292 69 573
159 13 164
265 119 111
246 157 417
223 232 174
152 215 266
15 285 931
116 62 89
168 295 1
254 189 774
77 145 26
300 291 527
216 95 451
122 96 865
155 58 648
50 0 478
276 82 622
256 144 190
189 24 820
187 175 40
31 163 148
99 80 60
93 70 143
161 55 966
56 89 22
112 276 301
295 124 691
227 89 101
281 173 948
220 272 348
129 204 235
263 21 479
275 54 922
101 269 324
268 82 602
80 50 338
274 188 344
59 106 620
189 280 728
261 189 734
230 171 322
109 212 616
268 77 221
203 185 139
53 243 494
255 13 944
180 212 454
189 146 130
153 36 592
25 168 23
277 185 804
267 100 580
163 168 376
173 289 598
170 288 966
153 66 128
102 123 244
228 235 892
26 41 936
160 131 434
181 154 348
91 244 201
172 289 617
273 290 880
4 293 994
171 140 368
184 285 330
97 125 160
132 60 629
7 73 414
184 177 900
50 109 914
104 189 738
93 281 279
80 86 247
291 139 820
157 213 488
209 238 918
226 31 887
170 214 62
245 105 291
205 71 554
90 94 520
216 135 857
75 270 424
98 130 492
52 52 917
123 280 651
171 151 316
31 264 8
42 83 789
75 2 293
29 145 273
145 297 37
239 152 327
175 175 301
141 23 727
90 214 316
70 94 811
300 261 759
258 278 840
30 218 37
178 109 311
245 277 426
72 166 292
129 104 705
12 277 559
73 163 151
81 104 402
70 40 831
201 61 684
111 271 95
203 112 949
295 265 696
53 161 553
51 244 856
166 212 83
298 103 802
93 131 824
191 153 818
259 181 377
256 268 719
130 273 16
21 153 845
289 147 905
47 145 432
252 73 468
278 295 83
172 176 566
56 17 445
94 126 123
55 297 599
291 284 429
187 1 984
35 43 289
169 197 754
281 124 4
107 60 301
81 292 117
54 112 692
217 16 247
116 90 303
170 247 910
71 19 451
217 146 594
279 94 870
254 277 514
244 136 265
108 296 655
78 244 868
224 7 867
124 195 432
80 197 906
160 237 428
138 142 450
161 222 426
226 48 901
128 31 481
155 71 187
85 18 987
35 194 778
78 225 547
58 294 54
72 76 155
2 268 408
104 98 224
182 99 931
66 113 217
124 81 715
162 215 655
8 198 867
157 107 555
220 279 391
61 288 416
69 210 370
3 5 449
64 2 25
283 235 551
195 108 13
38 289 363
299 273 472
182 73 72
185 281 436
253 110 848
34 7 224
11 291 872
147 233 582
136 62 804
12 31 630
130 222 996
183 85 277
161 252 935
35 3 993
246 159 15
191 73 779
183 6 796
29 139 68
170 151 304
191 167 364
112 193 920
282 185 972
175 142 909
181 197 367
110 249 568
231 22 896
139 46 108
18 91 145
157 258 547
168 80 863
181 179 987
185 52 690
222 123 22
169 81 565
84 176 814
0 176 726
209 135 200
280 7 29
125 0 829
272 177 38
186 131 919
89 147 929
278 2 454
84 12 279
287 119 757
158 224 257
35 290 124
88 276 123
91 169 243
60 23 875
158 99 445
97 81 796
52 120 813
206 38 274
112 252 317
278 16 737
63 122 333
213 38 549
280 6 828
177 94 352
70 285 824
112 232 717
63 181 858
213 277 230
198 286 201
18 233 587
263 145 456
285 268 72
188 110 244
79 5 806
180 293 460
133 298 476
228 265 541
263 48 245
99 165 727
142 84 801
48 171 394
269 298 728
299 171 470
126 17 803
254 118 811
268 130 845
148 27 443
136 219 910
44 43 42
103 184 389
174 197 593
196 300 74
71 108 361
254 276 164
17 21 676
52 225 961
15 298 75
110 142 918
139 167 637
179 143 707
42 192 6
62 124 230
145 106 150
218 195 415
239 136 846
241 130 737
112 191 802
60 264 711
187 169 339
35 110 348
143 199 332
86 238 815
256 219 767
263 204 92
151 29 156
48 126 210
223 244 375
299 0 208
20 11 199
141 55 176
47 86 963
79 34 760
278 174 66
235 6 391
26 288 221
101 75 1000
189 170 501
6 13 702
66 77 286
151 250 759
295 214 383
228 147 555
289 217 603
47 96 237
199 10 311
298 171 748
90 191 13
229 85 352
250 119 412
211 288 750
298 226 442
157 259 930
299 65 888
105 27 655
197 14 948
112 29 107
134 288 125
197 69 560
174 293 640
107 292 238
225 74 262
285 83 343
150 69 430
162 40 576
18 48 132
293 101 62
73 293 972
152 272 10
245 235 671
204 22 921
187 60 943
272 106 446
223 105 901
170 144 283
190 215 592
287 48 59
135 71 426
182 298 566
268 228 246
106 174 634
292 101 81
87 217 60
166 230 267
138 31 695
235 85 41
59 107 660
13 200 703
37 88 382
43 28 638
63 241 647
129 101 702
38 112 175
95 38 302
10 108 994
186 145 271
280 61 479
272 215 191
222 160 944
129 98 107
102 55 483
87 80 281
101 85 653
24 139 140
158 236 857
21 107 427
35 43 227
144 262 677
194 298 622
64 50 365
188 94 1000
54 151 752
146 146 337
91 68 395
300 179 631
176 181 132
167 220 363
294 103 772
282 28 725
17 85 713
294 95 104
58 238 773
216 139 869
153 108 153
13 127 337
275 95 705
253 160 918
53 70 52
245 195 94
111 56 253
83 263 663
110 159 122
238 157 199
191 219 273
18 162 240
163 51 209
160 176 494
172 97 982
291 66 975
93 175 643
51 190 715
73 270 856
12 188 119
274 250 231
171 189 65
72 296 970
34 161 391
186 149 8
15 146 483
62 278 735
252 207 163
299 35 750
88 61 653
21 179 746
277 290 525
87 253 788
82 171 877
189 121 825
73 180 183
139 174 412
228 178 250
265 55 385
9 72 446
38 237 140
184 100 698
42 211 705
290 176 104
4 156 576
79 101 101
71 191 272
88 294 404
240 222 15
219 72 99
133 0 706
251 222 109
157 191 463
195 286 306
167 284 249
2 3 675
246 233 559
36 120 357
26 116 293
111 203 261
261 197 97
214 219 586
217 210 819
252 82 699
132 282 574
237 194 85
170 81 204
136 87 166
93 218 344
293 200 694
189 256 417
232 282 945
92 102 197
152 211 658
189 123 481
88 38 995
8 205 97
223 88 342
96 45 627
84 118 620
20 183 123
166 153 424
164 53 458
99 40 225
192 19 233
122 191 550
178 33 249
126 159 445
260 158 468
79 7 590
272 232 362
90 115 316
128 183 514
125 54 274
131 11 166
247 241 855
181 153 995
72 150 709
140 55 498
289 216 357
180 167 138
187 172 184
138 28 711
253 94 794
47 277 591
170 75 576
159 166 883
36 103 124
26 78 424
14 100 519
150 50 708
282 85 710
2 254 482
92 124 19
194 107 664
102 113 918
244 108 235
77 101 713
294 164 550
227 177 841
242 286 772
216 131 775
153 67 166
0 215 195
36 237 89
239 199 31
228 273 854
146 137 348
299 288 560
210 262 875
199 16 691
266 145 292
178 24 157
77 278 901
292 44 691
21 120 741
71 57 11
121 53 930
219 36 29
193 257 392
271 268 830
45 191 719
254 213 306
209 108 976
148 2 460
79 295 649
142 108 639
266 229 136
24 144 537
53 6 505
95 31 772
83 16 621
249 73 253
295 259 319
238 53 849
208 101 98
14 243 618
44 180 753
153 92 982
153 35 547
160 18 881
297 56 828
185 141 683
138 298 112
45 94 722
86 290 497
248 194 951
242 17 439
166 248 861
69 89 986
87 149 571
141 79 117
38 45 321
249 260 415
259 198 973
290 83 869
296 180 650
120 295 211
12 52 354
38 170 417
244 299 508
235 123 69
265 22 522
242 234 90
255 257 947
54 39 339
97 221 396
254 42 668
7 99 155
238 260 711
115 136 406
236 191 705
249 10 8
52 288 69
187 45 235
252 208 802
120 199 262
266 123 897
77 254 395
76 172 502
12 235 345
257 33 768
139 120 416
66 4 869
227 158 213
20 267 893
208 69 709
127 204 361
292 294 771
269 216 747
184 27 920
28 71 564
130 80 832
212 116 65
1 93 172
38 18 193
47 34 976
133 180 503
172 106 362
140 222 3
197 4 55
41 11 816
242 145 736
254 31 352
281 16 625
205 96 902
246 200 344
103 146 61
201 236 805
279 90 674
283 57 427
235 195 278
41 261 918
219 31 147
124 291 28
221 57 243
300 153 616
266 207 891
80 224 741
171 236 108
228 131 178
295 129 818
147 214 695
58 17 94
114 61 493
239 30 990
282 28 748
51 219 417
242 1 202
58 95 529
135 21 204
100 200 949
34 53 379
4 94 702
70 82 62
82 236 115
59 192 29
49 92 684
297 218 273
240 110 756
176 54 169
136 48 869
92 263 186
229 249 766
293 188 615
253 208 533
71 192 804
98 170 78
104 242 121
89 125 885
226 290 966
219 22 862
43 256 20
80 21 596
6 14 228
262 152 321
239 205 985
171 186 740
20 235 7
184 96 420
273 198 905
279 143 902
191 132 603
58 196 394
258 2 366
28 250 535
157 244 728
82 28 163
50 97 675
271 276 311
100 142 292
247 285 76
90 3 980
111 12 523
194 25 574
209 89 122
147 168 518
218 38 687
190 192 86
123 269 291
238 293 931
111 228 617
67 218 281
158 219 298
161 25 371
239 50 483
151 280 669
36 145 700
115 165 989
234 195 94
209 300 2
251 144 133
21 149 504
62 37 400
218 107 694
284 24 260
29 157 931
256 75 355
47 35 385
204 289 220
196 69 687
7 162 52
245 176 84
264 147 451
14 126 544
291 85 382
112 142 926
18 175 346
267 139 220
164 257 86
22 159 344
238 255 325
68 63 282
162 2 339
11 50 903
191 26 762
150 84 139
4 133 364
186 209 399
162 144 386
115 296 292
206 45 469
103 129 34
87 170 196
202 8 81
127 51 992
180 89 174
218 151 964
206 86 362
17 103 410
260 288 470
189 299 843
293 96 739
107 203 138
296 62 168
215 72 683
233 169 59
238 122 799
119 247 479
69 73 451
278 264 954
275 278 310
89 277 290
95 95 105
61 69 231
140 175 465
217 130 970
154 68 189
69 89 280
251 37 252
69 126 580
62 261 406
296 40 341
0 247 85
115 69 27
263 246 797
10 9 49
115 85 384
250 249 882
238 6 482
279 293 962
21 153 166
96 254 610
71 277 132
170 212 779
256 247 84
145 43 238
50 230 77
17 193 393
19 152 912
248 5 377
105 293 158
139 213 340
0 86 948
78 105 690
2 212 948
127 83 753
228 40 998
36 4 983
78 149 704
232 263 285
69 248 918
27 15 316
293 214 668
281 234 894
292 169 920
229 109 863
12 115 981
152 173 12
129 49 278
141 29 976
260 259 676
190 158 754
251 58 677
20 26 94
296 169 322
222 166 212
218 94 340
242 185 87
159 66 519
297 86 909
218 137 865
11 59 351
260 288 869
147 3 183
205 259 214
57 290 219
293 237 521
57 243 687
94 255 522
274 13 10
45 242 905
23 198 384
32 16 307
131 265 655
72 276 795
46 19 464
274 215 572
21 298 369
266 212 964
239 57 956
158 86 80
93 118 424
1 45 128
179 300 505
154 109 24
69 190 224
278 7 897
238 146 547
162 142 911
109 27 316
40 238 979
102 279 172
39 174 970
46 297 383
65 211 455
287 251 504
69 241 452
54 142 451
162 1 511
90 17 989
71 272 480
131 236 547
188 162 787
278 126 703
31 11 122
47 161 109
218 157 752
154 139 126
104 73 228
21 166 740
67 34 179
35 122 22
227 44 129
263 102 531
63 275 139
244 31 401
259 258 266
40 183 537
219 203 771
261 169 327
257 230 151
217 41 434
251 65 306
136 38 103
201 188 899
26 239 214
146 20 677
130 149 858
101 192 184
5 103 649
269 24 319
297 216 902
54 117 86
31 3 275
126 242 395
176 158 309
81 72 257
123 193 935
19 260 630
199 249 923
118 274 716
66 288 332
180 148 844
115 164 132
33 252 539
174 266 609
2 196 689
276 104 52
290 250 673
260 68 280
169 75 721
273 292 253
35 56 443
0 275 849
22 225 694
108 264 775
22 33 981
119 178 123
65 115 481
147 56 688
233 140 876
184 45 154
76 273 682
236 242 338
294 170 945
151 182 281
102 150 216
113 50 151
113 154 210
111 95 624
207 28 831
14 200 852
132 211 93
270 69 393
104 203 648
185 10 32
29 70 254
63 125 148
210 99 205
42 57 204
143 35 482
100 181 339
0 233 524
180 201 506
128 254 644
217 116 291
287 95 683
170 43 158
77 94 784
45 122 253
41 260 450
164 167 479
77 173 542
5 152 988
267 50 310
33 156 448
1 47 561
129 11 535
289 29 634
207 187 45
202 73 279
2 204 666
43 139 882
218 194 594
102 0 29
298 229 187
174 222 472
89 87 280
238 161 205
116 178 146
248 275 284
237 99 18
208 49 7
200 263 206
150 258 623
212 11 725
114 61 582
194 233 101
36 83 106
18 71 618
261 45 265
116 95 930
24 65 689
55 65 191
264 217 221
31 118 205
144 152 107
103 132 404
19 57 53
291 170 325
42 143 332
281 167 522
153 168 407
62 244 720
14 213 314
25 229 922
181 226 895
152 112 652
260 201 710
221 23 573
231 266 675
219 249 978
174 147 881
277 174 260
32 35 371
1 240 115
109 272 391
128 13 517
64 63 383
109 164 45
278 95 562
132 92 386
40 168 855
60 1 850
233 5 189
150 162 562
2 41 804
167 58 585
198 27 152
3 52 661
163 181 586
148 56 895
63 184 310
65 37 474
184 266 454
282 91 583
137 1 764
147 129 554
45 29 970
167 79 472
188 173 178
149 209 849
119 235 189
72 80 570
200 274 177
278 152 469
208 263 589
156 195 524
175 11 282
39 56 217
61 27 831
76 118 832
55 298 395
19 216 977
136 200 319
278 154 352
67 194 109
44 222 700
151 227 71
211 96 318
150 63 719
171 160 815
98 208 668
4 280 523
154 21 975
2 0 83
38 1 177
262 78 511
282 37 20
110 197 69
242 91 551
282 237 570
154 21 38
104 202 456
102 283 969
9 252 995
230 199 501
141 181 430
205 50 320
17 88 47
74 220 295
254 87 156
147 180 865
39 94 273
16 217 126
138 99 327
114 81 179
118 270 36
38 132 536
285 24 783
66 197 691
172 5 752
264 204 249
102 272 51
224 230 351
227 127 727
257 84 762
290 220 324
62 190 86
269 84 842
226 289 689
214 205 902
197 57 486
261 259 998
219 271 77
265 211 530
208 35 3
261 208 618
70 214 594
176 215 328
22 234 305
122 142 136
26 166 930
165 147 150
202 230 752
297 85 984
78 182 318
54 152 882
112 206 67
138 26 365
246 232 52
143 107 852
78 68 186
59 117 664
11 185 710
241 241 860
223 226 66
171 207 750
66 125 593
214 205 749
278 59 756
119 255 460
192 121 919
126 156 376
40 172 872
281 171 531
30 204 127
105 20 978
105 211 883
99 248 202
149 91 742
90 295 490
63 112 660
8 270 465
138 72 6
200 59 253
210 43 706
222 157 939
140 206 830
50 241 598
151 12 344
225 272 367
97 103 157
231 90 253
89 36 102
235 109 837
103 118 502
31 155 492
228 202 574
223 219 409
192 113 73
65 194 948
144 136 266
6 62 984
45 240 377
84 136 665
66 71 548
46 176 70
214 278 171
71 235 277
167 54 478
200 11 800
233 78 952
174 1 146
250 186 756
233 20 41
59 102 798
3 142 235
199 183 366
64 210 577
233 257 288
45 93 985
174 107 32
86 195 260
16 17 636
107 270 100
297 138 707
201 43 829
14 18 697
90 235 994
281 70 772
1 88 584
251 161 614
270 11 680
10 100 982
272 116 663
238 6 927
16 171 240
45 68 676
252 96 854
240 277 413
159 218 935
189 62 353
141 97 512
140 205 316
251 150 533
207 89 803
220 137 524
298 163 320
179 8 382
271 263 981
120 160 426
262 102 104
202 178 546
268 78 275
256 156 744
25 185 881
134 184 595
98 148 868
233 245 833
28 148 239
68 275 232
87 214 220
210 23 2
64 241 580
124 291 229
144 5 382
216 17 285
79 136 243
210 30 704
205 57 261
91 143 507
131 294 514
95 197 936
104 269 469
67 137 196
224 172 900
88 277 579
177 70 220
188 179 864
282 283 174
190 134 56
50 204 784
70 296 634
94 222 668
212 6 6
173 113 196
196 196 24
272 271 754
48 197 586
286 91 228
139 118 412
136 110 998
279 210 340
296 96 326
281 206 438
297 16 136
202 291 272
7 48 900
249 293 65
44 108 565
148 169 89
134 30 819
83 177 154
165 206 223
79 11 71
78 298 980
259 212 159
234 73 289
211 42 516
110 173 244
11 218 968
248 87 638
153 188 545
120 133 917
25 169 382
253 20 293
167 48 988
93 246 637
203 158 125
0 165 789
59 240 454
126 94 68
49 57 309
219 40 755
164 58 706
110 207 727
114 298 409
175 263 278
258 22 200
96 49 225
294 100 238
33 14 374
37 87 42
35 247 285
192 86 914
130 54 707
147 122 14
145 267 971
215 252 307
138 15 227
287 232 281
167 72 813
275 196 493
193 92 50
243 5 348
162 248 123
149 165 558
12 202 525
5 181 98
211 77 441
169 72 256
218 289 150
125 72 695
284 249 320
136 108 416
151 233 620
48 50 513
229 141 253
266 212 887
255 217 982
16 1 609
67 170 545
31 46 401
93 152 36
168 82 119
204 202 16
29 13 890
109 266 13
67 265 290
140 240 496
165 177 925
108 218 258
110 214 152
169 243 378
253 299 768
266 158 868
173 101 947
86 112 531
107 102 375
242 147 618
281 219 286
100 120 2
226 227 856
98 22 404
228 46 753
231 295 743
290 277 810
207 74 649
140 168 755
68 112 529
19 276 331
41 28 258
254 249 802
135 85 818
267 117 778
164 21 187
296 125 771
112 283 537
61 116 659
32 257 407
242 287 23
236 194 499
126 248 719
164 198 356
12 161 395
222 165 794
172 257 964
237 242 835
276 133 507
9 274 13
16 130 533
98 285 432
145 73 907
273 60 94
237 245 49
58 197 969
171 245 212
198 149 370
165 296 643
148 40 514
170 233 3
38 297 670
111 112 138
279 20 41
294 147 280
277 232 713
19 199 883
180 181 195
289 183 535
268 62 875
27 90 536
113 183 755
99 258 151
287 103 99
248 290 746
235 170 107
112 124 568
94 181 218
41 29 318
293 8 292
143 67 227
131 282 46
285 230 504
56 210 334
29 87 740
238 289 681
186 2 632
279 89 577
62 96 588
256 149 500
166 117 65
39 173 125
284 26 820
76 127 716
155 150 371
278 80 846
186 154 866
68 224 919
275 26 590
291 181 101
126 266 734
68 254 17
139 137 455
116 78 654
89 183 350
109 22 658
89 189 945
161 168 955
0 196 13
54 270 28
96 20 822
162 234 60
100 63 816
158 171 117
214 213 440
266 12 734
103 269 523
84 214 761
272 192 587
102 272 684
28 50 581
272 169 821
12 283 17
225 226 461
125 235 892
240 162 533
115 27 658
109 163 481
180 15 419
234 257 41
43 75 629
207 34 715
36 217 954
96 88 47
75 279 235
289 96 512
16 248 334
231 189 150
232 206 586
219 100 988
283 247 975
111 127 936
91 256 657
16 277 431
211 272 446
157 185 496
185 185 85
102 171 196
180 157 624
155 279 439
199 185 472
182 150 40
22 140 896
181 143 209
4 73 652
108 240 630
246 213 44
40 8 671
246 159 228
110 298 881
171 24 270
182 2 678
261 242 96
255 24 644
129 129 817
185 122 590
181 296 909
285 149 468
111 160 668
31 271 195
120 184 724
284 68 559
3 1 61
110 164 627
167 161 203
162 32 497
23 182 201
188 253 180
46 113 478
56 23 755
188 227 962
139 228 867
42 238 106
0 127 503
28 59 60
147 240 38
49 197 494
131 273 924
118 274 590
111 221 47
74 111 860
104 47 951
118 21 996
206 22 867
278 264 531
44 89 284
200 247 748
29 20 134
286 27 387
78 219 209
248 32 179
268 69 464
85 81 515
102 201 400
282 285 405
58 229 195
166 25 587
179 124 816
285 298 885
226 99 79
159 268 819
34 141 679
89 255 704
266 272 728
96 238 651
155 22 330
274 169 159
134 1 505
177 63 354
101 222 693
289 223 202
271 148 752
61 107 24
84 150 891
262 249 292
162 223 911
92 116 640
288 247 647
139 47 884
278 61 568
86 174 540
120 52 854
4 22 119
125 184 692
164 117 343
83 202 437
61 259 171
40 292 340
116 120 754
130 227 736
83 161 696
16 115 452
159 168 950
65 15 587
115 84 253
8 72 709
241 61 435
157 64 826
42 9 417
288 73 906
41 139 236
28 88 74
126 197 939
24 133 73
153 6 460
221 192 180
258 63 941
164 283 940
99 0 206
167 118 383
178 257 213
50 212 203
251 152 135
45 115 200
120 118 632
262 256 987
183 247 651
129 249 935
290 245 211
42 44 539
2 287 804
10 81 251
55 209 338
216 294 814
167 187 916
94 62 846
61 244 660
220 82 498
109 224 646
134 78 609
116 142 546
140 299 690
160 207 933
37 125 742
297 52 385
116 249 365
55 291 944
180 225 647
253 122 854
216 192 492
47 38 50
200 50 541
239 59 297
265 127 984
252 261 1000
55 208 165
294 72 283
92 177 702
39 19 624
41 281 424
175 278 525
21 78 675
97 218 253
189 290 624
67 236 58
78 94 541
58 136 617
273 230 652
264 132 213
77 3 853
47 167 477
259 287 633
297 173 792
121 191 613
168 60 294
181 92 636
22 47 161
38 246 202
242 134 521
15 47 745
271 73 196
278 80 374
245 36 329
295 96 27
134 74 138
160 279 938
289 104 105
175 110 414
97 16 712
120 225 212
243 155 112
31 11 658
222 235 854
298 173 295
112 161 549
214 177 851
259 124 667
106 218 385
131 241 919
233 48 442
67 182 636
19 289 792
69 45 814
25 290 511
198 169 909
18 131 331
100 52 141
9 17 216
107 275 192
150 181 326
38 165 988
263 212 885
32 197 714
145 142 99
274 142 877
280 142 642
203 62 395
221 170 340
44 286 181
286 205 111
146 47 455
268 198 19
281 80 682
143 278 988
197 147 977
235 300 388
146 59 636
42 28 527
141 279 134
202 257 12
1 214 154
254 32 73
170 112 240
181 22 616
173 5 368
233 154 615
282 266 259
244 215 979
1 132 706
300 206 823
10 195 960
35 206 150
190 294 603
151 67 713
35 253 666
71 62 552
26 230 116
40 182 530
229 202 928
48 76 281
65 83 504
180 82 954
214 276 408
275 220 943
257 108 895
7 180 147
71 284 400
179 30 706
107 279 1000
209 33 95
60 211 916
72 51 546
14 300 192
187 243 228
8 219 603
202 41 517
166 249 652
291 98 277
105 25 397
217 155 6
118 196 778
119 254 172
169 92 560
58 134 869
100 159 294
155 145 610
128 133 183
59 226 550
82 229 271
44 8 815
292 74 975
142 280 893
136 115 571
34 60 201
234 151 999
125 67 688
77 90 543
135 91 749
274 300 972
265 191 244
13 249 14
43 135 469
141 271 679
156 107 920
288 235 585
0 62 658
65 60 53
145 136 315
94 5 882
174 29 691
106 249 781
58 269 243
40 103 299
203 159 563
15 196 904
181 265 375
57 162 576
125 196 92
250 156 755
191 32 818
99 162 918
89 200 301
219 291 272
73 44 776
123 243 613
113 97 642
239 71 825
124 100 683
171 287 761
271 98 907
206 277 549
196 132 372
102 132 228
35 251 511
245 104 851
86 285 73
148 27 500
127 267 419
168 162 429
35 169 751
85 31 299
61 121 151
199 135 520
154 68 470
274 185 438
262 216 232
186 257 572
191 268 443
17 199 72
48 224 636
63 217 156
145 63 336
279 210 512
262 5 235
245 91 980
31 219 321
247 224 953
51 276 241
300 280 903
84 21 865
64 85 394
140 259 613
168 185 123
280 125 87
20 96 974
35 48 980
60 83 196
36 293 132
7 106 459
232 291 751
105 282 771
280 157 31
49 145 48
103 157 387
202 124 104
13 178 843
125 70 762
108 204 960
297 292 736
270 165 275
272 103 711
151 108 820
29 44 614
68 178 268
93 5 593
233 229 478
238 190 400
91 171 284
214 52 49
82 89 910
178 163 260
273 269 416
187 243 853
243 187 984
185 249 652
26 276 296
233 290 594
291 145 425
180 238 361
84 85 740
218 259 210
280 78 345
144 255 707
286 237 627
96 67 746
269 9 693
279 200 523
19 61 45
127 133 878
237 237 911
1 278 59
180 39 101
47 272 630
196 281 131
86 138 985
251 284 718
59 222 953
81 133 938
128 80 63
161 264 531
10 46 194
102 296 398
50 236 510
149 265 494
157 80 83
42 39 949
118 230 731
124 135 622
176 238 760
163 116 533
192 68 125
178 163 602
262 223 701
218 30 239
114 295 253
239 170 808
182 41 256
145 52 324
217 109 544
222 237 412
252 182 852
146 294 277
58 249 842
264 197 87
97 100 659
122 149 328
280 43 683
7 215 995
202 262 553
279 106 947
132 192 841
230 212 139
176 64 697
230 300 786
287 300 361
247 93 54
86 14 44
137 162 589
149 144 44
121 253 923
278 235 88
239 149 413
221 239 773
125 17 423
258 241 406
72 167 111
205 166 182
206 202 582
11 277 365
275 216 531
22 83 210
173 286 819
142 5 134
50 182 794
130 12 7
269 148 757
150 28 298
59 74 889
5 53 213
188 61 562
18 300 706
47 293 583
62 148 585
139 250 639
131 89 426
5 239 777
11 284 219
219 3 426
80 234 727
27 263 989
76 268 561
270 201 108
247 213 138
253 101 483
32 141 230
102 270 467
45 255 1
287 267 617
260 0 263
110 299 20
112 285 240
71 190 27
218 33 187
224 87 69
82 258 875
227 224 971
148 60 287
90 181 958
37 121 774
123 212 775
117 72 406
82 170 613
220 62 848
86 119 860
42 226 848
82 298 213
36 128 284
236 140 500
24 135 121
43 4 467
166 203 840
144 116 373
192 76 391
65 110 824
77 16 967
205 13 900
42 111 790
254 171 410
223 158 495
136 214 433
105 278 5
279 28 406
134 189 945
287 46 610
126 300 867
54 187 594
266 228 692
90 80 967
207 172 453
178 169 444
229 37 67
39 52 150
246 9 852
95 217 787
80 225 66
72 25 3
296 226 680
272 26 738
181 170 634
259 161 709
299 40 55
76 73 567
204 123 566
165 64 471
25 187 882
104 60 380
211 226 676
117 188 404
59 159 701
268 266 526
122 242 130
255 281 208
38 188 143
182 216 875
141 17 136
180 9 618
218 89 15
230 162 314
127 202 991
76 24 52
229 276 887
257 300 249
40 125 101
77 131 820
176 262 434
8 151 564
181 110 905
75 171 747
66 210 11
252 200 988
43 162 809
192 220 442
222 273 176
95 4 139
50 10 46
45 124 331
99 155 35
179 63 873
211 152 925
37 213 346
268 77 873
195 71 779
298 136 468
15 243 24
177 119 484
213 297 777
224 274 959
6 48 243
257 45 127
38 64 522
155 49 975
119 54 137
172 119 553
266 173 899
227 137 25
195 116 107
213 9 125
293 158 48
252 44 169
157 42 410
186 43 634
129 157 893
206 46 78
284 115 774
6 54 961
154 261 389
209 267 207
285 204 277
174 97 895
92 97 190
57 276 663
266 172 1
20 241 486
191 109 628
48 150 239
76 280 531
15 39 79
207 113 110
279 145 909
20 154 320
142 10 206
91 289 20
296 26 886
214 269 587
4 261 377
254 65 177
96 77 312
201 262 1
56 297 919
119 4 698
101 286 641
63 55 219
220 85 439
158 200 141
227 14 911
158 295 693
62 145 515
269 287 234
175 77 153
73 18 359
278 2 406
259 118 889
212 193 713
160 5 864
130 172 653
170 148 812
237 55 666
23 87 798
38 196 386
202 280 319
187 85 907
260 129 8
211 19 973
103 60 501
195 242 495
190 219 762
203 112 308
187 204 144
213 269 359
38 58 872
149 32 998
24 95 281
222 91 875
99 83 700
165 279 232
156 267 171
152 129 998
233 104 167
205 234 684
250 156 475
192 220 39
165 108 462
273 231 394
269 256 528
82 281 289
102 257 709
193 203 352
41 54 874
155 33 21
211 251 962
88 198 700
68 79 782
63 38 552
285 66 79
72 93 612
287 240 220
175 118 378
92 238 704
223 58 704
228 90 502
52 133 762
217 192 408
299 226 506
234 254 911
281 137 296
18 213 280
204 288 249
97 297 296
146 93 701
268 80 693
75 277 915
79 107 543
222 167 262
29 9 932
238 163 769
169 131 732
156 140 811
63 5 986
31 236 222
81 232 202
280 143 897
282 162 688
61 146 239
205 64 902
182 148 619
30 73 146
147 20 679
185 162 619
155 103 810
245 243 353
52 25 506
120 299 184
177 97 263
230 6 884
105 138 602
64 206 251
292 97 35
241 29 234
204 65 702
244 190 251
112 144 435
237 130 746
233 173 698
172 188 503
290 161 960
28 46 711
169 188 997
5 3 658
282 129 997
228 262 70
208 193 732
60 104 144
174 261 374
270 16 281
201 250 618
263 129 742
9 14 96
145 253 880
26 152 840
263 162 1000
278 84 19
93 38 203
33 190 477
242 147 379
150 34 757
21 271 218
277 46 102
67 215 795
261 134 413
128 96 909
183 73 790
190 22 114
79 57 940
250 216 766
196 234 305
234 148 68
106 141 171
42 118 865
203 109 780
249 46 786
271 257 55
224 122 1000
202 83 750
137 218 557
161 122 662
290 61 759
193 138 243
181 18 780
176 103 681
98 151 157
14 54 192
22 134 875
50 203 82
77 109 130
279 283 998
262 88 160
272 175 608
110 154 293
163 211 126
246 0 793
130 94 737
76 184 838
208 228 958
213 182 587
129 147 343
279 94 462
17 91 986
277 275 53
51 165 521
16 266 633
281 97 243
117 194 526
165 173 99
162 74 204
293 39 72
295 26 44
48 288 204
183 40 748
273 223 334
12 288 136
59 166 715
293 274 824
269 22 263
254 244 303
33 160 766
250 206 185
144 203 766
188 49 585
160 118 293
144 253 258
32 133 965
191 2 40
270 8 77
15 188 416
228 241 212
109 132 67
112 262 18
54 294 107
225 245 311
191 211 742
201 154 25
115 270 751
282 222 178
272 3 475
60 26 121
42 234 236
65 106 953
9 124 878
293 83 996
109 214 120
21 176 691
168 118 456
4 204 414
15 239 533
140 200 74
61 185 50
167 30 618
240 52 811
248 92 847
151 15 915
26 163 596
184 213 635
131 244 817
65 270 335
258 169 133
219 88 187
44 166 300
157 107 647
63 2 867
287 32 71
199 289 897
16 269 982
12 82 25
54 40 26
133 110 925
179 268 386
231 44 801
71 102 584
181 69 625
3 70 45
56 215 865
180 115 361
61 230 783
192 10 717
107 52 485
300 124 355
185 241 311
275 204 672
30 77 242
288 253 327
54 255 619
87 168 210
167 255 76
287 260 45
39 177 910
224 289 814
170 156 199
110 252 668
73 154 176
298 83 505
180 286 859
121 117 160
203 127 999
194 88 840
64 209 833
235 139 716
197 90 743
191 145 585
133 293 505
82 41 975
157 231 96
181 96 802
15 118 201
53 115 293
62 15 869
71 174 646
230 165 91
11 3 77
299 125 833
242 285 196
243 152 586
74 64 132
186 113 792
131 10 931
109 220 277
78 274 760
180 218 717
257 295 382
61 250 378
232 156 484
207 59 512
186 227 608
134 98 790
190 4 358
296 93 227
248 233 637
273 275 202
109 296 614
110 109 127
39 0 522
231 130 169
94 153 418
248 261 786
165 161 119
42 132 721
130 79 558
45 36 965
237 177 514
223 211 432
18 1 568
22 187 148
95 149 125
155 292 205
118 121 631
213 36 510
274 172 971
208 153 791
199 29 778
186 246 240
279 37 327
97 273 817
263 71 954
197 191 506
84 274 710
19 54 208
184 94 412
163 234 235
114 265 908
8 58 914
79 278 737
182 186 742
47 51 402
37 68 6
44 117 665
290 4 37
132 149 794
262 52 925
57 21 118
27 295 840
168 202 878
128 193 25
238 49 41
99 280 507
124 213 319
37 50 634
55 131 138
276 257 967
110 51 452
261 54 847
156 195 183
143 61 176
166 260 964
160 85 426
103 199 945
143 164 947
50 219 762
289 172 538
217 236 167
167 99 607
239 177 33
14 248 198
57 239 651
113 184 646
217 283 127
93 29 301
258 182 529
96 34 596
183 186 873
20 80 327
107 198 35
293 161 558
222 234 393
242 184 516
25 25 259
93 151 671
242 184 191
286 269 743
175 195 996
185 6 579
169 236 379
281 82 206
288 53 437
207 228 522
194 178 665
272 168 28
279 178 956
65 22 799
74 194 216
276 149 338
185 299 908
236 46 935
225 213 11
63 114 497
239 46 958
50 280 935
216 75 419
63 288 939
158 73 696
188 202 218
188 132 377
181 119 172
224 67 456
131 120 366
279 293 820
131 172 157
147 194 750
297 72 568
51 17 368
29 3 146
24 233 583
178 155 42
113 182 600
245 101 804
4 21 781
69 107 210
35 212 150
232 137 588
63 228 524
168 112 470
195 58 587
148 39 348
234 152 324
94 7 612
135 187 396
248 78 275
10 32 721
28 134 13
80 117 610
199 240 815
221 159 730
214 61 191
267 29 131
139 18 248
174 193 120
298 84 758
104 191 701
139 62 400
80 197 422
249 144 895
291 166 274
116 163 65
128 36 126
220 281 365
153 164 488
294 116 298
89 156 751
160 272 385
138 33 233
212 194 993
161 185 695
83 119 458
103 262 404
97 176 340
159 198 586
202 156 705
213 224 133
131 295 268
52 5 908
297 37 168
217 61 365
198 60 917
299 110 787
8 2 232
249 151 241
277 16 216
32 154 158
236 62 959
96 285 207
166 90 361
273 276 772
171 115 685
253 103 468
220 254 13
216 200 966
128 8 94
40 2 660
280 255 991
275 108 60
177 235 369
52 244 239
184 251 993
168 117 655
47 300 364
99 1 456
297 189 936
45 131 186
160 98 259
168 252 223
86 13 738
9 207 733
35 121 397
238 13 940
163 49 524
72 30 197
283 81 593
172 69 216
6 117 11
272 91 456
159 228 979
112 289 179
52 112 979
106 159 927
95 215 317
230 226 846
9 128 557
129 81 117
22 60 59
154 271 30
61 257 187
175 214 804
12 247 848
225 223 167
58 203 107
286 284 506
267 287 497
168 147 98
173 144 266
116 220 833
173 105 511
5 286 956
170 73 785
191 166 799
149 11 717
121 150 899
252 60 51
121 96 946
160 108 244
295 75 330
242 258 616
244 244 868
197 210 661
182 136 119
172 128 361
257 266 748
4 128 370
116 262 653
208 215 935
129 174 234
214 255 485
247 96 538
285 38 286
172 6 53
79 126 712
39 295 495
39 268 820
136 124 540
288 104 771
168 243 189
89 41 60
195 267 433
175 239 968
293 89 970
134 298 393
164 44 690
111 161 934
228 61 633
91 26 119
93 87 760
155 72 535
69 137 957
55 192 242
195 149 784
300 296 578
166 95 760
149 114 149
214 188 982
124 197 737
255 25 896
35 108 304
151 72 340
0 54 76
104 186 645
88 164 218
141 62 772
222 150 152
14 255 515
22 228 813
286 135 144
217 188 893
17 223 953
95 234 247
232 223 582
197 47 506
231 47 689
177 233 791
188 149 560
188 9 926
86 67 142
1 70 418
141 234 466
156 99 901
200 24 632
174 66 238
279 86 193
196 145 906
278 13 168
2 56 356
197 140 955
85 62 73
212 230 277
99 297 969
172 158 204
193 167 681
1 267 242
3 168 827
136 47 142
16 182 811
14 274 582
121 100 222
257 11 484
122 265 95
140 158 839
64 298 593
104 201 572
137 44 200
26 264 703
67 47 723
158 158 807
109 69 88
255 28 259
173 149 375
104 188 334
169 182 193
140 78 226
184 150 198
33 163 394
38 19 274
72 194 1000
273 297 605
291 33 582
247 5 356
66 197 758
4 290 712
58 257 105
254 270 279
42 255 358
153 70 405
211 279 57
85 280 739
73 145 528
77 66 306
263 52 879
115 53 283
210 149 827
163 75 150
74 194 284
273 294 162
213 60 461
18 139 341
152 126 271
139 226 916
29 224 325
288 173 447
76 65 949
57 268 638
59 51 407
192 254 151
13 179 307
47 276 591
96 210 772
58 215 36
286 230 618
3 32 478
82 273 376
268 85 261
294 241 12
236 281 208
162 78 493
138 16 453
75 259 504
11 122 902
95 99 542
242 120 236
67 81 883
236 41 712
263 234 73
32 183 357
99 102 893
79 153 106
68 267 258
90 95 492
208 202 570
129 89 513
76 29 774
262 251 204
112 224 832
61 276 283
26 226 184
64 245 531
228 149 787
160 50 874
242 147 341
187 121 939
281 127 868
275 184 10
117 265 137
19 120 556
216 288 27
21 104 256
96 289 380
65 51 968
269 202 212
279 112 590
57 165 324
53 97 452
180 17 33
223 194 956
63 3 304
267 19 289
300 94 932
8 7 411
258 253 134
201 244 169
219 235 582
181 39 14
159 31 304
263 92 548
53 141 355
99 43 993
23 187 908
255 138 327
218 86 202
3 140 313
238 292 198
54 99 762
3 96 829
192 182 172
170 204 697
51 214 714
219 244 400
177 35 215
203 86 980
253 111 414
73 175 174
48 270 465
274 129 157
23 169 412
78 283 189
130 227 280
246 57 401
133 253 745
183 270 440
284 248 362
252 160 718
132 36 114
198 33 47
111 124 803
51 262 62
169 289 947
160 118 245
247 141 577
51 261 56
151 236 171
55 13 164
122 127 345
202 94 562
206 267 630
58 131 384
212 79 578
126 267 842
270 248 689
46 174 731
144 146 392
237 294 269
13 285 760
214 231 359
58 65 959
263 272 561
62 142 620
253 218 155
28 266 213
227 123 329
86 122 535
129 98 88
162 154 433
230 163 126
260 294 389
296 161 732
16 44 441
253 137 34
15 241 178
39 158 714
102 120 403
248 229 270
149 207 954
294 268 665
216 263 846
180 22 87
200 90 78
136 97 780
272 64 46
5 51 252
253 132 126
129 165 388
251 148 229
268 263 888
144 19 497
77 61 933
133 224 727
49 228 969
156 76 658
251 13 634
53 243 697
133 181 538
92 286 137
138 192 275
289 70 521
213 247 378
84 28 326
81 78 723
223 159 820
207 61 592
200 1 532
282 193 316
258 29 755
107 165 524
182 177 157
282 147 343
103 275 969
281 109 285
188 289 976
282 248 671
213 105 711
38 92 813
69 95 767
218 65 379
233 19 6
190 126 215
181 54 213
85 300 949
216 234 261
169 77 2
189 0 500
277 153 21
255 235 994
84 261 952
172 21 986
199 151 350
222 89 551
151 26 772
71 75 315
279 107 758
219 218 643
108 63 71
237 100 308
157 103 78
81 114 16
108 194 378
290 51 306
212 163 665
298 294 976
98 219 138
69 294 212
45 235 135
69 231 549
285 200 507
6 144 800
221 282 104
23 211 859
281 8 711
245 218 370
236 100 296
183 40 367
285 48 2
120 79 360
9 285 16
87 295 907
38 57 394
220 261 177
194 62 467
216 279 639
11 143 609
72 291 477
176 292 559
179 299 104
208 273 779
281 220 232
220 240 111
49 200 28
189 39 211
63 203 755
87 200 204
117 244 119
143 177 96
239 226 225
133 58 595
170 291 782
75 126 386
175 45 832
195 67 157
38 270 463
199 122 47
116 22 532
52 230 57
184 119 616
240 252 101
43 5 114
117 234 396
94 44 155
300 63 688
275 116 470
180 274 104
299 138 738
64 187 695
166 39 749
9 139 409
122 289 891
215 186 87
94 3 975
137 259 46
101 280 45
133 38 109
161 94 412
86 84 168
64 261 384
3 38 272
128 151 141
241 102 650
266 167 540
154 172 748
213 156 901
134 52 641
181 50 668
194 182 864
246 217 464
263 288 116
193 268 137
9 105 127
285 196 484
220 101 276
55 99 425
201 271 642
59 218 666
250 248 754
197 224 111
182 219 571
0 136 262
39 38 487
46 262 204
162 19 924
278 134 966
70 124 568
91 252 761
265 130 613
297 101 1000
278 223 255
281 186 521
45 131 169
48 235 407
275 98 429
131 167 405
206 137 546
199 135 835
276 158 996
280 40 271
186 189 956
265 79 52
130 177 847
28 286 435
68 12 428
102 173 728
300 122 946
224 181 644
195 20 103
201 32 113
221 297 299
145 205 321
45 25 418
108 227 92
217 109 566
249 87 205
60 67 576
272 172 920
170 12 713
119 242 667
123 134 756
99 259 146
199 171 323
267 151 860
288 42 402
296 234 321
226 33 575
263 151 318
257 264 462
179 163 288
293 164 333
156 139 993
36 140 189
122 124 75
59 279 483
107 237 928
284 93 898
43 258 943
202 284 327
275 67 114
37 33 961
235 199 90
106 205 772
134 27 20
35 134 573
7 238 302
207 200 584
82 117 724
7 28 331
290 104 9
18 279 687
76 244 908
146 73 701
289 70 748
165 300 262
106 206 239
5 207 744
140 241 368
236 178 578
59 20 37
10 221 268
289 32 323
179 1 221
163 136 288
37 100 856
18 223 927
181 204 890
199 102 641
167 133 20
70 180 475
117 176 36
205 1 757
78 274 804
262 190 815
133 241 926
267 276 967
235 56 820
274 36 246
174 129 95
119 283 544
260 51 800
256 286 121
98 197 685
100 0 104
123 0 235
82 84 561
56 10 742
57 222 536
273 58 722
93 210 348
145 73 985
8 6 537
187 248 123
251 45 351
297 218 395
265 119 300
62 109 967
164 143 324
227 145 114
125 244 281
190 295 78
165 36 926
237 40 636
273 114 76
195 194 916
273 289 292
167 147 460
198 27 368
132 176 975
257 106 863
168 148 23
37 118 879
116 156 394
94 216 736
105 262 82
63 159 175
40 212 429
100 1 664
268 161 452
210 145 792
75 3 715
91 206 164
287 96 690
254 273 852
224 52 275
235 63 506
268 163 81
190 59 692
99 220 567
267 266 358
280 166 82
200 129 378
243 201 33
207 93 207
93 100 693
205 207 452
52 57 668
142 257 295
25 136 47
23 136 621
234 242 373
10 246 829
259 30 514
198 278 605
243 298 899
295 24 830
287 89 478
259 170 854
206 259 491
178 257 182
95 4 882
69 137 910
1 102 96
190 79 308
244 88 338
83 57 327
119 251 0
138 135 614
217 280 133
126 279 106
18 288 332
143 289 123
195 212 224
49 275 383
287 55 812
60 33 370
258 115 350
217 8 838
259 48 78
85 85 536
180 138 906
126 240 1000
75 196 584
211 125 492
233 59 291
28 196 998
182 184 588
150 85 6
149 234 538
98 43 324
112 134 812
136 241 439
158 214 373
8 93 342
9 84 253
89 236 286
196 98 900
28 256 444
106 295 239
54 219 222
9 278 189
225 168 825
137 215 182
186 180 147
272 90 592
78 216 711
110 202 689
38 239 761
136 247 700
215 195 9
132 276 845
42 173 552
92 253 142
108 240 691
141 119 648
133 191 967
101 73 361
250 66 476
7 40 679
255 292 444
156 139 671
1 109 563
17 89 606
285 218 797
162 24 633
266 3 795
144 192 159
136 294 206
64 288 154
127 4 84
2 134 970
215 51 772
110 138 169
225 39 883
270 254 477
221 112 819
175 268 781
72 142 11
155 268 302
289 86 745
8 228 104
168 168 961
186 106 697
218 47 997
112 12 589
15 267 791
140 232 276
90 248 266
72 60 916
90 16 696
139 96 912
50 175 437
269 231 822
71 100 151
214 51 327
157 291 80
296 184 211
103 200 580
166 129 407
55 267 354
261 199 986
299 12 995
294 299 858
136 126 57
228 69 896
118 192 448
123 253 600
90 209 691
160 101 551
195 169 653
221 266 362
196 22 616
108 47 903
30 52 377
185 219 361
115 252 28
115 225 30
30 105 427
195 182 456
73 236 171
94 25 318
177 170 246
157 42 828
211 212 529
220 26 432
91 220 487
4 299 994
238 69 67
97 73 421
57 35 293
239 285 929
266 64 620
125 101 160
142 244 326
192 196 665
48 54 374
55 237 538
197 102 526
68 209 426
99 118 729
141 91 381
113 251 129
190 57 357
129 196 770
194 66 402
98 103 420
241 234 484
262 234 968
76 39 389
12 21 523
262 94 314
268 283 950
144 120 307
177 124 848
185 184 437
181 145 629
57 201 182
71 145 886
120 201 722
288 195 351
174 102 292
108 87 831
107 151 798
99 120 35
175 126 940
19 188 827
171 208 705
48 284 858
28 212 208
262 275 843
272 221 788
177 51 772
153 102 87
179 140 332
161 154 988
65 297 965
119 7 167
100 0 38
56 295 482
238 156 253
170 160 503
215 152 696
190 168 300
0 259 400
114 23 642
118 248 305
290 41 141
279 239 635
270 132 796
15 150 621
101 31 716
190 213 794
212 293 322
9 18 709
271 53 739
217 181 584
58 20 42
84 119 421
157 113 877
288 273 101
119 207 356
1 180 47
41 226 912
297 53 330
63 152 381
288 168 725
139 81 675
194 167 814
57 294 323
56 112 407
73 199 528
119 207 13
103 257 244
296 219 893
70 292 484
292 14 744
260 89 287
259 207 744
0 22 183
86 215 546
152 218 867
181 127 946
204 23 608
277 159 14
176 278 431
207 249 461
215 14 583
9 270 885
225 122 198
261 81 579
63 200 321
276 176 627
151 231 517
146 69 514
38 114 587
100 61 897
173 123 815
12 63 538
103 181 297
122 111 931
114 291 144
283 219 726
227 199 338
68 144 81
285 251 373
133 157 413
72 154 740
144 178 315
81 192 175
86 163 189
236 255 849
141 199 704
209 291 915
209 116 825
298 48 992
215 6 891
298 200 902
64 122 822
244 37 112
232 260 445
18 160 185
68 128 940
106 190 406
220 162 150
249 57 133
275 152 309
232 22 351
278 66 568
109 54 772
290 289 736
257 3 303
120 53 690
118 201 101
154 112 399
178 185 830
129 43 408
82 300 272
73 178 590
298 136 778
54 66 988
91 233 550
112 59 121
27 196 251
88 54 530
114 270 353
191 250 154
255 212 844
120 52 571
279 64 270
230 228 3
172 187 734
218 233 569
293 200 651
140 270 540
178 225 220
269 139 684
145 148 734
102 66 346
126 11 880
187 247 569
153 20 110
62 180 126
222 17 294
137 60 851
227 179 296
255 216 243
48 289 269
14 133 172
285 135 557
217 152 48
135 19 776
144 69 524
195 39 334
54 28 304
145 180 200
166 22 330
135 111 616
178 163 216
116 172 977
288 76 380
220 206 525
184 237 675
117 198 774
103 269 355
170 23 304
188 300 248
287 225 862
218 214 971
144 68 318
200 270 354
56 32 16
267 38 251
248 263 762
106 257 343
156 45 945
286 86 554
135 281 367
216 233 465
287 147 508
55 16 394
239 119 768
193 274 842
17 238 697
21 19 819
18 128 273
53 191 669
82 132 495
33 84 734
300 258 531
25 153 590
40 151 69
147 175 649
264 138 4
292 219 641
221 261 746
174 9 162
174 166 233
186 130 644
177 56 619
267 150 353
282 147 772
231 275 385
186 108 571
250 227 831
287 24 926
84 213 936
190 112 298
261 126 899
269 247 969
136 136 981
113 90 333
192 195 190
165 79 830
98 43 717
10 265 950
150 199 655
88 204 105
189 238 462
275 135 704
22 242 898
66 190 221
30 152 43
95 158 110
187 53 886
102 165 594
274 152 978
75 216 564
111 111 684
11 247 378
56 121 79
132 264 606
149 114 174
100 82 971
181 181 744
115 287 799
224 249 244
204 101 731
131 240 459
125 264 998
282 93 886
28 280 93
17 158 677
46 119 763
216 270 893
100 120 809
287 116 240
184 2 776
297 136 604
195 67 190
279 142 143
143 112 202
37 96 104
71 167 663
294 256 559
291 50 798
136 174 814
296 227 310
196 257 219
271 160 830
241 200 235
130 40 405
214 272 346
211 200 181
237 296 228
160 279 489
297 41 270
111 293 868
231 227 175
256 189 93
97 24 136
3 255 61
258 9 263
55 246 707
0 228 208
61 28 838
38 257 841
173 140 441
275 183 459
182 186 426
159 198 740
28 44 792
60 291 143
0 264 494
261 83 759
245 197 705
207 119 937
97 111 441
219 193 247
245 39 462
67 103 966
136 183 127
101 6 784
218 188 899
298 279 492
102 62 725
15 39 57
140 225 194
171 181 245
280 245 386
146 108 873
20 33 734
183 102 791
269 210 364
141 85 912
171 272 246
52 195 118
29 281 147
42 103 285
124 122 316
210 56 92
75 29 145
223 293 109
186 136 802
34 24 153
35 23 124
172 157 891
172 119 916
116 224 612
75 197 735
134 289 537
149 272 674
79 228 34
176 113 10
21 138 129
35 5 429
206 251 884
131 248 4
114 234 936
77 20 436
290 191 730
201 116 730
108 202 336
228 159 138
169 155 462
116 32 385
193 121 164
157 161 822
8 70 46
43 134 208
56 105 476
161 123 987
276 279 143
241 141 320
211 53 565
10 129 502
126 46 62
247 191 28
174 251 658
258 80 741
220 95 743
12 3 177
232 27 744
169 141 880
53 190 991
168 67 625
108 245 983
182 36 811
9 221 847
235 278 616
0 127 26
168 104 12
276 221 666
115 111 437
232 71 923
154 105 561
65 224 802
156 284 711
232 260 501
222 212 915
5 14 514
81 8 598
154 183 511
11 201 487
50 204 102
177 208 322
14 247 693
202 123 396
79 119 29
275 160 909
169 118 543
261 36 846
104 106 877
239 293 380
193 171 601
235 44 757
288 258 376
68 281 941
221 271 877
174 194 281
93 228 455
269 179 956
113 189 84
92 78 419
163 156 904
220 115 538
275 80 15
112 278 235
231 71 163
0 174 969
237 208 208
278 22 367
242 50 795
203 236 649
58 218 584
92 292 304
234 295 109
286 82 571
115 281 670
23 262 856
205 129 123
92 162 582
285 273 854
221 83 818
270 69 500
148 42 342
194 34 253
300 109 661
19 144 204
55 242 953
265 210 72
42 298 526
264 294 708
181 155 353
95 227 376
289 70 322
148 180 693
194 216 1000
128 116 281
273 206 564
206 158 897
45 169 578
150 17 171
248 124 578
298 176 218
100 103 770
67 268 92
212 33 273
189 102 287
240 86 622
157 286 522
152 42 262
118 120 220
162 275 851
116 77 717
214 254 573
93 101 266
12 270 943
156 215 83
30 283 785
72 266 478
246 35 774
148 138 672
91 244 803
175 239 730
185 241 244
169 179 828
205 176 241
161 225 936
50 267 494
2 175 88
141 16 768
211 42 495
245 276 29
148 296 676
97 244 865
95 101 500
297 175 326
63 73 319
281 205 619
217 260 907
20 135 356
152 65 20
30 227 269
177 111 317
217 0 135
192 80 80
196 157 932
143 235 407
187 167 708
152 274 374
110 284 278
133 85 102
196 120 70
189 137 324
201 287 516
2 159 529
7 145 252
63 199 277
296 15 906
271 86 478
155 169 266
255 272 99
190 222 146
157 274 709
156 158 509
99 56 966
226 135 154
85 254 619
151 209 718
19 235 52
234 229 620
135 90 560
164 31 40
139 223 593
299 171 838
214 26 219
176 191 672
205 101 546
122 230 684
205 162 77
251 66 515
53 213 57
281 149 150
21 15 604
276 290 970
266 134 623
85 48 210
48 225 890
215 263 496
138 182 571
299 25 953
299 38 789
159 249 237
101 243 445
123 83 254
222 60 635
95 230 968
110 192 717
252 117 678
172 92 946
286 117 209
224 225 186
179 267 591
121 191 912
64 171 944
115 290 671
235 221 482
7 196 914
100 89 92
76 111 517
296 134 117
3 224 234
259 190 834
282 51 464
168 130 3
103 242 45
272 71 245
276 2 215
60 193 751
204 165 828
110 200 455
283 57 38
41 38 853
79 122 777
58 126 755
219 270 528
33 224 59
205 175 426
220 90 612
44 212 817
130 71 946
283 296 499
175 126 831
125 138 101
129 53 545
251 196 632
149 237 832
193 96 759
180 279 994
98 272 820
291 37 24
113 287 363
107 107 84
92 7 732
291 118 190
216 247 530
208 241 460
146 189 513
50 202 747
283 221 336
252 186 290
132 7 142
151 138 653
276 115 561
190 181 703
284 253 99
298 64 829
246 244 703
265 243 656
39 297 798
53 285 689
55 65 551
107 189 541
118 236 587
206 78 831
289 36 448
228 253 485
267 66 289
251 63 97
49 115 904
61 281 403
211 293 188
126 222 533
262 0 667
142 143 307
96 86 727
270 253 770
298 230 88
70 146 541
61 105 191
142 217 295
14 13 731
261 259 638
165 61 733
132 24 56
297 196 574
85 236 981
101 17 622
290 106 40
98 16 774
120 209 13
262 297 165
233 54 308
100 239 271
0 243 590
85 19 645
30 53 225
14 206 455
293 118 186
199 14 324
244 103 901
174 167 961
149 20 253
183 213 218
241 73 532
129 56 985
43 51 754
240 175 764
264 9 200
269 249 665
136 152 641
0 134 16
152 270 809
280 246 746
221 78 121
273 104 694
286 58 430
106 104 365
281 55 597
281 113 934
11 52 614
172 33 660
95 122 576
160 106 262
101 93 552
110 174 506
138 227 339
14 290 744
61 271 819
175 290 4
122 27 626
134 201 281
258 297 898
179 188 377
64 199 94
87 14 108
102 169 199
200 46 102
259 96 883
234 17 902
85 77 559
281 86 329
269 151 173
295 55 675
81 11 156
106 203 359
93 173 912
83 291 776
33 24 48
183 242 938
48 49 268
126 269 807
119 95 377
192 266 259
15 90 984
230 78 164
158 28 566
272 162 478
121 139 275
41 147 387
134 235 515
65 238 801
138 63 836
299 249 752
79 58 627
283 61 388
157 294 323
53 264 9
173 208 445
243 171 726
235 291 606
76 186 828
138 76 985
216 79 261
238 133 720
27 125 661
93 252 897
287 245 180
208 199 509
113 110 399
131 73 225
141 132 501
290 293 441
290 152 120
28 1 442
44 141 534
221 144 44
64 280 316
91 246 519
104 149 199
109 274 585
239 230 868
14 286 864
245 284 900
180 292 729
41 202 559
233 31 184
291 195 281
154 154 85
241 123 206
196 185 913
239 221 383
287 143 468
58 104 493
86 176 894
25 185 84
163 218 231
119 193 347
197 226 345
276 227 608
109 174 629
90 111 969
70 175 388
104 80 483
257 106 3
57 47 591
82 153 76
81 265 968
89 65 127
183 12 529
77 196 493
121 266 768
220 159 183
204 72 390
251 200 615
260 78 812
58 12 870
216 264 746
198 289 720
262 217 844
284 23 861
179 187 642
207 52 243
54 124 23
257 129 917
218 74 258
152 271 123
267 220 418
235 68 428
146 174 934
247 297 776
269 273 804
8 212 936
239 61 31
161 93 40
182 48 723
195 211 101
272 80 83
247 237 261
220 105 947
123 97 786
300 142 127
91 283 892
96 279 607
94 93 382
252 253 858
141 3 33
67 153 25
201 79 757
109 153 681
103 272 211
44 274 344
9 175 589
159 181 944
226 70 355
133 154 622
56 209 126
18 209 384
102 41 540
82 66 253
281 230 944
106 114 763
115 74 562
257 40 5
183 103 700
111 173 836
57 114 652
198 139 79
115 142 686
110 42 532
45 149 86
129 256 262
203 197 922
79 11 17
219 271 164
185 21 740
148 261 580
34 12 30
66 168 560
126 276 723
8 264 396
286 234 990
213 172 400
45 278 735
107 203 900
2 89 932
215 25 470
172 141 334
29 230 512
84 152 823
26 58 919
203 215 900
71 124 872
267 193 756
130 176 836
222 97 640
73 69 899
177 4 168
77 0 997
36 148 637
73 213 105
44 129 397
216 252 59
188 96 327
20 169 834
295 210 297
219 137 464
210 35 551
120 284 405
90 217 584
173 295 820
133 244 367
77 120 536
24 119 997
220 75 767
51 285 65
55 270 547
276 186 760
190 144 873
282 56 229
69 72 324
197 45 239
278 286 972
213 209 630
289 19 331
35 124 845
161 144 786
64 181 894
275 159 682
280 265 256
235 69 217
177 246 835
185 65 210
152 35 851
96 108 922
31 52 283
179 20 48
176 109 26
225 194 396
212 77 556
72 185 943
159 260 390
72 1 606
163 250 876
103 6 367
206 20 392
155 160 766
183 181 258
283 164 717
36 87 376
247 92 718
181 23 584
100 70 34
178 52 960
41 40 343
183 136 124
232 41 561
42 108 528
163 190 408
222 283 431
229 225 96
118 225 709
211 138 356
217 235 222
23 53 286
80 243 488
10 64 904
268 21 807
240 177 492
60 113 833
278 37 415
41 239 164
53 243 428
139 186 747
189 171 751
166 266 592
277 22 419
143 136 170
77 110 749
237 261 450
66 102 978
202 179 118
296 135 828
97 87 851
43 300 912
212 108 691
202 76 52
205 174 738
142 127 91
208 98 100
130 180 389
7 292 11
134 38 599
84 244 826
187 167 638
45 223 742
266 12 621
238 49 899
236 121 710
168 209 705
101 119 480
157 207 382
299 280 742
134 250 677
114 188 764
185 198 837
75 32 993
170 29 268
231 152 94
253 20 458
185 135 799
217 64 736
213 278 657
227 279 515
235 201 103
262 197 243
296 45 536
271 290 770
23 35 235
168 100 486
225 57 390
100 243 348
235 29 401
11 93 408
267 260 45
245 117 810
148 148 585
39 58 5
252 94 988
85 205 213
142 20 558
40 171 861
50 197 234
296 5 501
299 183 644
14 152 455
46 57 173
107 139 959
119 38 576
122 142 542
29 269 750
56 279 424
179 132 997
227 162 168
251 232 905
38 64 755
18 71 236
126 67 277
234 77 930
211 190 723
20 196 667
122 273 858
198 84 402
217 155 367
35 285 434
167 232 35
110 118 505
120 53 14
98 246 549
276 12 860
272 56 975
185 124 55
190 143 374
14 113 510
253 194 90
240 203 891
194 114 75
213 24 765
282 148 405
287 285 99
300 33 5
117 173 12
205 221 120
211 214 319
176 169 476
187 272 238
117 297 2
285 129 487
56 198 600
230 163 335
217 247 505
67 59 220
5 19 754
196 97 756
126 114 242
176 215 581
228 5 279
277 273 998
2 196 427
168 149 416
150 37 848
190 123 218
285 245 668
158 112 19
175 219 67
208 36 315
65 251 58
298 122 784
299 294 492
61 254 175
101 9 549
180 159 456
208 249 602
89 126 404
121 115 738
273 219 136
45 250 528
59 279 752
162 213 969
295 203 858
245 86 128
20 88 46
173 100 57
88 15 281
24 275 614
195 92 931
51 200 669
27 200 729
199 273 816
256 17 679
126 150 887
71 215 405
157 255 835
200 39 140
61 157 568
100 67 462
84 114 290
8 45 424
259 279 92
164 14 507
151 33 818
240 13 850
174 64 422
271 74 341
213 43 468
57 43 917
157 146 707
45 40 389
2 10 421
199 146 380
62 131 695
119 119 357
61 220 748
133 248 929
162 215 792
293 67 633
47 42 754
42 115 762
224 120 874
179 17 567
227 279 684
284 223 365
166 36 277
72 137 96
156 269 971
54 43 992
132 199 127
98 170 405
120 128 400
281 29 145
63 79 244
170 139 355
259 3 220
152 13 909
74 43 599
165 209 848
89 255 28
245 1 223
269 98 506
141 103 340
212 112 241
115 257 846
63 292 795
145 106 94
272 173 658
207 226 933
152 92 508
297 96 653
146 33 662
175 146 995
124 285 479
246 34 212
125 176 609
98 121 114
9 245 328
102 228 866
213 290 929
279 173 703
115 237 982
74 3 743
130 253 795
224 159 867
271 256 705
158 261 933
41 223 179
200 98 293
35 170 837
170 158 979
2 245 170
124 233 254
299 111 714
292 196 57
236 100 573
68 271 33
76 97 526
267 8 413
220 285 530
288 196 38
230 156 353
195 142 624
290 146 408
229 292 817
141 66 532
33 34 287
127 231 581
162 33 152
181 92 155
50 54 795
209 111 503
58 155 727
242 244 53
20 186 132
24 160 670
286 286 750
149 178 296
206 245 67
188 191 455
93 234 652
211 69 564
285 81 43
280 280 793
51 252 810
6 123 664
54 186 887
213 68 347
229 89 449
129 241 106
15 189 107
262 190 271
42 261 517
151 167 493
246 269 655
77 26 208
294 246 468
220 151 786
150 261 636
156 259 348
26 245 231
37 234 784
179 241 864
187 185 321
149 125 898
206 227 595
58 291 40
178 27 413
118 199 815
108 183 69
145 9 794
239 61 482
270 123 893
294 202 978
53 279 432
194 74 14
274 149 351
222 228 971
200 110 306
1 29 110
297 106 807
265 238 971
63 149 709
132 292 663
90 219 457
44 204 803
169 21 185
94 125 820
18 129 124
172 146 485
262 215 312
278 218 363
13 224 327
45 207 989
178 29 581
244 126 525
63 258 965
12 52 9
145 293 453
238 90 665
130 133 296
47 183 417
247 175 43
181 216 914
86 46 624
268 39 401
5 157 43
272 227 782
125 242 915
19 115 305
45 294 763
235 6 498
201 131 61
169 182 870
51 234 816
85 135 699
136 297 481
48 88 765
13 106 767
166 51 455
139 256 170
244 82 819
38 91 537
166 14 311
160 6 145
264 148 440
270 38 704
32 194 928
212 226 783
193 236 674
267 49 846
83 286 889
44 125 761
125 160 548
97 119 395
234 52 689
153 113 587
12 293 328
198 3 377
229 247 418
224 60 46
141 34 496
225 28 524
183 141 100
72 300 311
232 1 744
127 242 68
98 187 273
164 206 86
136 287 222
114 84 261
228 201 26
165 88 597
96 179 31
273 262 747
297 91 469
219 192 437
66 141 253
89 167 963
54 132 733
217 162 845
204 283 1000
144 297 611
159 229 540
215 2 381
283 291 378
266 21 956
10 144 684
132 5 702
231 179 112
183 140 520
125 70 180
93 131 606
144 288 545
194 86 495
286 287 178
92 37 320
141 83 807
113 232 980
48 216 64
30 164 567
111 198 595
177 299 713
131 197 820
34 155 403
145 88 530
199 87 708
45 33 541
66 256 50
77 56 234
125 190 757
46 207 870
200 166 670
168 113 348
290 195 624
209 60 888
3 263 646
272 8 553
204 132 285
121 97 7
16 299 206
53 158 73
48 121 876
197 80 867
237 180 143
5 201 881
83 175 685
234 178 954
272 129 536
170 7 479
77 42 787
78 268 345
142 35 822
91 47 418
160 265 2
87 14 22
162 137 744
167 249 49
147 183 498
291 123 766
98 270 799
89 178 899
122 43 877
56 258 28
196 40 981
149 245 410
217 131 722
87 297 546
278 289 105
2 24 370
16 117 75
8 293 792
170 234 908
3 267 56
187 206 464
183 85 575
12 164 786
124 89 553
200 49 155
213 87 853
259 20 400
291 57 766
74 66 605
264 256 329
96 236 556
297 190 303
221 37 483
222 53 922
293 289 921
22 70 133
150 285 169
145 66 750
266 70 646
0 160 544
218 286 857
99 260 276
38 202 781
278 43 50
174 150 99
156 43 90
286 0 888
178 171 566
98 219 492
281 224 727
200 214 864
299 169 545
203 225 194
99 55 139
30 172 119
132 294 914
249 30 583
0 241 967
84 238 20
136 228 554
233 272 590
135 58 253
47 96 788
202 64 620
67 52 133
135 31 866
86 241 248
277 15 945
151 238 321
98 49 936
269 76 122
68 104 865
157 228 912
98 165 375
248 156 180
297 287 542
157 190 683
223 187 777
244 136 622
140 18 518
21 17 183
248 238 585
136 249 966
251 56 110
205 89 843
132 182 518
299 87 572
199 72 285
39 86 71
199 204 769
265 138 610
205 215 472
92 81 712
177 239 679
294 213 923
278 39 694
127 61 990
232 280 93
159 148 301
38 200 130
77 137 473
133 281 497
172 291 119
192 230 950
262 20 891
150 30 62
1 73 576
21 57 780
82 225 859
72 127 626
172 45 188
145 228 482
200 277 567
116 131 498
184 262 873
227 206 37
218 297 77
5 204 747
88 101 566
53 170 898
262 75 69
225 209 601
210 58 964
118 282 415
67 62 682
118 193 97
262 36 854
188 136 973
118 265 449
177 280 879
75 45 252
179 251 508
87 253 818
46 140 925
89 281 963
132 299 621
249 212 116
122 212 725
221 30 129
195 129 556
154 2 393
40 8 65
60 208 702
262 61 686
261 30 850
43 250 227
260 83 493
53 279 231
85 87 819
172 268 112
136 300 339
269 299 360
32 168 373
176 69 218
209 211 792
40 228 366
32 77 836
266 140 459
54 181 571
79 274 871
47 262 452
132 261 579
27 31 55
48 125 764
209 57 663
142 268 515
12 291 213
132 148 602
284 146 853
139 178 232
229 172 377
213 211 880
153 153 892
41 257 292
4 300 864
208 90 593
113 50 60
189 19 283
187 154 758
69 198 105
153 81 959
61 167 753
227 234 89
266 233 842
21 221 713
34 253 701
163 234 535
162 95 352
213 172 786
217 133 211
254 81 661
26 161 290
243 28 611
23 66 838
176 202 360
20 296 941
113 189 123
132 4 179
265 63 156
198 164 93
124 221 284
278 129 36
299 275 209
195 47 417
89 176 122
117 10 912
231 82 581
63 106 685
234 297 473
208 191 429
105 224 944
234 292 183
56 209 857
68 47 854
63 23 837
153 71 966
221 250 599
15 31 812
297 248 169
172 176 774
263 13 73
142 169 883
163 174 820
77 94 168
138 9 939
13 233 406
242 176 2
256 14 639
261 141 639
165 258 431
21 3 506
270 205 314
201 204 392
286 166 661
287 24 547
283 144 623
98 132 899
56 160 197
283 6 329
297 154 318
180 3 255
197 162 628
118 170 277
237 64 581
56 168 512
192 1 46
145 230 210
64 126 18
126 96 206
283 54 757
290 26 338
35 244 431
186 34 421
124 243 246
38 119 516
86 147 451
190 235 835
30 15 755
68 289 432
276 66 368
117 250 900
271 174 980
2 194 809
132 187 514
218 185 532
253 235 1
166 178 302
61 208 263
186 219 917
0 5 669
281 72 691
91 20 694
260 87 836
156 104 994
99 41 905
267 117 334
173 13 401
31 217 929
205 91 634
213 54 468
61 184 845
81 146 573
137 21 958
276 299 726
158 48 314
221 4 135
25 253 562
166 160 389
208 100 9
27 10 914
23 127 981
70 188 272
191 45 511
119 258 544
294 296 53
3 118 891
20 223 625
96 261 203
190 193 848
248 89 469
88 270 367
79 213 193
59 171 990
188 74 109
188 117 229
232 89 268
197 262 116
222 181 118
46 58 522
84 286 871
176 209 227
75 94 823
166 201 33
66 194 495
148 104 747
208 52 447
267 239 508
117 215 507
116 137 464
116 104 482
116 90 197
89 248 218
27 17 859
29 276 408
238 63 753
241 217 133
76 50 650
151 221 158
290 276 53
272 55 184
222 59 123
60 191 390
206 131 554
256 296 463
282 52 940
202 261 745
286 113 560
111 257 411
291 22 981
64 280 868
158 298 323
28 189 565
256 245 455
80 63 103
188 282 313
53 111 368
124 228 853
248 73 697
118 18 93
125 233 512
62 164 951
146 71 943
272 120 122
163 55 307
109 61 662
8 223 13
117 245 943
95 150 15
165 244 186
251 149 359
49 46 618
115 124 545
46 234 769
170 273 693
121 66 147
273 6 955
231 33 425
106 82 704
6 97 523
83 299 75
265 47 625
86 273 928
5 240 603
237 258 713
297 168 229
88 291 98
237 100 366
83 209 293
195 123 871
250 97 810
188 132 331
93 293 628
6 219 468
57 116 799
238 273 427
201 87 820
300 261 517
157 8 586
167 242 146
52 241 87
58 89 960
118 105 914
109 284 112
100 242 907
144 252 675
42 189 759
159 122 99
42 78 577
34 136 420
16 203 592
228 171 894
10 269 344
218 280 705
132 125 232
237 216 977
72 142 206
218 67 559
262 135 870
154 23 121
226 148 818
56 16 700
127 109 573
197 70 645
102 205 308
226 215 92
252 92 184
78 252 112
80 137 859
285 259 337
115 297 992
185 20 355
202 125 72
47 57 770
279 266 535
277 283 298
101 149 646
32 271 284
92 21 350
116 51 888
112 287 722
196 197 635
37 109 921
57 278 296
67 133 586
4 37 840
294 290 588
232 241 267
84 205 467
188 183 807
131 282 844
52 23 14
87 67 384
114 84 786
136 142 984
276 287 185
125 185 148
32 187 30
217 211 164
90 92 557
68 30 532
294 73 458
114 158 538
200 260 180
134 229 313
130 38 796
257 113 931
159 165 921
280 176 660
217 197 413
210 44 293
91 137 295
85 114 390
170 82 942
272 300 286
244 271 563
130 205 881
235 192 388
177 201 611
40 273 215
175 104 154
218 93 520
101 87 555
118 159 235
150 174 82
176 94 644
60 142 772
228 190 819
206 173 622
264 263 701
293 95 827
140 153 888
108 156 407
270 184 464
222 182 350
174 256 861
132 174 195
164 142 311
113 152 949
251 132 732
195 131 682
165 105 980
64 43 718
253 130 422
284 94 908
269 250 146
269 71 600
200 279 809
60 106 520
249 115 519
274 285 371
20 300 128
59 117 768
234 158 622
46 98 759
161 97 547
90 226 695
21 48 551
218 186 323
112 63 316
12 205 240
180 284 359
64 208 362
34 23 337
123 159 900
80 135 229
27 182 469
117 57 535
190 290 155
126 20 167
35 102 114
277 117 137
153 280 876
129 4 289
278 225 115
183 149 425
34 72 975
275 296 639
20 292 227
270 100 740
155 187 979
238 22 651
202 221 524
88 260 880
196 202 655
289 80 777
36 84 496
232 39 889
199 150 473
219 285 76
178 37 644
221 51 865
268 226 789
24 165 756
73 73 807
192 27 839
123 236 798
158 59 4
286 136 513
200 118 963
275 255 68
7 139 529
214 56 424
189 191 808
34 192 251
47 13 714
281 80 418
143 15 159
221 223 319
144 18 610
201 278 316
232 213 627
222 78 127
178 54 165
71 158 241
22 175 183
275 233 395
65 161 367
160 102 441
119 177 741
290 269 40
24 2 560
253 113 525
225 8 712
282 213 219
242 133 608
294 296 706
288 265 129
172 91 466
171 245 111
46 2 894
284 258 156
276 38 857
282 94 935
37 89 600
300 44 117
16 138 666
149 295 910
30 190 853
100 206 709
169 81 835
158 32 390
115 191 859
266 106 193
255 110 896
33 206 842
244 99 854
13 64 48
287 44 779
77 11 695
273 116 486
58 172 153
214 11 260
168 57 724
83 85 477
78 198 120
232 283 432
162 2 599
110 92 229
10 240 812
62 80 710
296 246 639
229 208 755
55 76 266
140 294 788
285 67 646
299 242 40
63 20 469
132 52 214
101 281 976
66 175 36
33 211 787
16 25 875
254 153 933
233 281 687
73 214 84
177 280 663
115 236 208
28 197 310
73 290 476
82 86 479
284 118 343
62 41 730
39 180 83
163 113 149
52 10 607
254 123 300
143 92 619
292 39 959
167 175 439
66 2 240
284 292 667
227 42 137
77 216 653
34 101 879
215 141 681
126 235 838
114 230 297
273 226 912
9 40 443
47 269 955
127 291 516
298 271 11
144 226 143
160 70 982
19 294 132
131 18 621
71 270 993
128 166 622
205 199 863
84 59 628
72 114 173
81 230 503
60 102 83
190 77 686
144 16 452
5 10 878
186 94 49
220 194 927
240 239 804
35 281 121
287 52 794
125 173 1
200 55 390
15 59 315
98 97 104
231 39 894
222 61 274
184 115 124
201 300 222
245 64 480
199 135 927
22 212 113
179 277 160
300 203 532
185 249 675
259 150 261
113 35 612
194 29 296
140 237 175
113 140 802
118 217 645
90 104 364
270 157 799
30 73 966
196 216 967
225 263 933
32 2 296
25 102 801
215 82 110
127 153 213
159 259 381
249 41 253
231 75 872
179 233 680
154 164 839
194 74 646
44 23 356
73 36 344
246 260 966
44 184 800
296 253 233
258 280 25
247 124 39
130 133 237
76 256 85
80 58 71
14 169 445
91 278 349
278 222 484
22 26 486
177 91 292
137 60 173
9 63 814
104 268 457
221 256 181
267 182 610
261 285 490
48 64 502
106 280 809
74 226 808
209 2 613
69 27 313
223 280 20
61 1 881
237 77 9
260 226 787
8 27 948
81 249 617
108 237 766
207 38 405
135 39 832
270 56 123
57 117 87
295 27 814
119 289 581
3 208 393
212 235 299
181 138 369
145 19 620
247 232 501
14 140 10
139 11 999
196 153 443
167 40 463
256 69 11
240 222 995
33 297 90
267 51 813
144 273 292
5 277 330
92 273 225
137 209 462
271 252 421
214 9 976
88 230 506
122 191 604
147 279 683
264 230 843
124 110 546
14 279 706
73 148 973
89 192 945
75 125 766
20 50 773
240 231 245
169 76 805
282 111 490
49 199 341
222 3 133
291 11 673
174 53 456
293 33 79
269 172 700
227 110 591
190 176 9
120 243 103
266 71 954
291 129 199
49 0 170
267 252 338
29 28 882
16 300 685
210 58 747
81 129 974
260 150 969
193 72 277
28 43 998
54 266 199
276 180 974
201 85 440
181 275 176
157 251 31
233 113 897
37 166 718
281 64 487
27 293 865
101 288 780
2 279 625
50 0 234
287 257 335
192 137 10
67 114 33
20 101 174
67 11 879
217 98 345
158 148 600
23 90 506
87 295 435
299 66 95
291 277 471
18 186 906
80 11 41
257 280 480
270 124 136
199 130 523
239 144 981
48 233 445
275 162 68
279 147 945
202 93 139
280 132 235
275 269 315
144 148 202
100 88 499
30 163 107
208 227 618
284 54 489
119 190 987
198 245 21
9 60 549
31 74 178
150 74 933
294 293 505
116 19 731
98 208 51
15 129 266
255 226 785
57 253 44
270 102 786
295 157 357
225 294 261
122 74 173
165 214 130
145 259 148
229 3 12
3 225 294
33 161 802
258 72 980
269 49 458
243 227 428
298 149 337
46 147 966
238 34 867
91 86 940
80 225 332
181 152 246
204 131 915
262 207 229
80 249 380
283 294 465
122 117 254
22 156 655
218 178 785
233 164 316
56 144 63
214 182 794
67 15 916
23 94 137
163 94 961
199 139 857
121 42 546
169 170 421
176 195 541
8 63 756
26 2 376
204 300 857
74 165 690
63 285 328
1 212 833
23 34 498
243 101 198
73 160 493
171 141 704
112 89 135
181 188 540
48 257 750
75 229 629
64 133 550
211 282 834
64 91 215
300 30 190
61 238 860
71 218 342
14 31 628
123 213 792
276 270 385
147 42 650
277 15 340
3 43 443
145 252 73
73 201 671
187 106 195
148 284 278
25 26 25
100 157 281
126 9 856
212 40 860
275 60 402
47 171 184
20 147 182
174 289 825
118 166 940
18 33 961
273 201 787
108 18 329
148 243 599
237 96 527
207 216 616
147 181 880
226 289 590
257 213 635
62 203 764
296 258 420
40 38 686
214 97 31
79 188 45
129 34 276
19 78 248
70 252 941
94 266 51
56 44 948
202 41 299
199 53 82
10 116 520
38 227 658
145 78 69
136 115 492
25 103 81
262 184 6
162 215 286
151 221 431
146 118 446
15 20 159
232 189 364
274 184 126
117 64 348
133 100 664
283 218 533
33 88 453
27 244 817
187 201 777
145 272 481
39 75 195
47 247 343
10 219 76
180 136 139
74 124 904
205 115 840
113 231 995
17 27 834
281 91 366
162 174 526
181 69 935
124 192 256
31 8 56
148 158 948
217 277 582
207 7 860
134 141 703
65 41 945
56 106 932
237 83 879
119 203 639
263 62 180
269 246 24
110 62 25
193 163 343
151 246 99
259 91 844
205 36 108
93 190 215
204 19 626
152 2 223
114 286 671
21 240 527
136 247 836
102 55 238
25 106 210
7 17 953
289 191 357
214 177 657
125 129 27
56 78 291
235 236 203
34 39 524
135 233 315
76 63 242
278 26 741
1 36 494
170 208 541
149 60 846
55 115 681
298 236 940
204 274 469
157 50 124
227 245 196
210 278 258
278 166 522
130 43 916
206 109 439
241 230 971
263 58 134
100 48 906
203 57 846
229 61 985
273 208 677
186 189 142
132 57 163
7 23 39
26 54 749
152 212 940
17 54 941
144 148 682
69 194 820
157 254 719
266 234 134
166 73 528
77 129 330
222 201 186
180 59 152
26 230 968
97 173 201
55 215 902
217 167 954
126 169 522
207 173 316
273 174 123
278 70 895
235 13 695
21 33 828
56 240 680
298 108 246
94 126 155
138 116 382
212 268 404
281 127 710
122 204 606
231 288 790
239 298 564
249 44 305
130 256 682
299 136 484
76 210 725
118 114 513
117 229 796
276 197 675
242 83 125
4 56 185
166 240 950
49 270 814
103 72 412
274 232 592
219 259 894
229 280 661
275 299 274
182 144 67
227 275 355
296 300 303
12 253 227
21 87 266
77 36 282
231 79 519
48 117 176
1 293 654
70 185 329
7 239 799
193 37 612
280 285 704
90 84 56
180 63 341
160 298 241
26 2 651
108 170 907
135 6 859
259 156 738
200 139 999
298 21 980
259 287 552
10 190 167
284 179 481
83 22 111
112 122 493
68 29 301
139 139 832
116 242 341
150 25 831
80 249 443
200 241 375
28 36 398
270 153 675
245 177 175
109 274 921
65 175 203
278 77 965
220 15 46
56 140 889
103 297 724
229 38 725
105 79 974
255 159 983
86 73 591
214 286 849
142 174 947
209 31 268
131 205 298
199 8 345
0 41 798
55 12 160
115 137 780
252 225 621
184 278 667
155 249 489
289 75 946
188 219 649
139 31 453
218 222 671
63 229 288
238 155 474
62 70 564
16 52 837
298 226 895
90 91 415
231 65 734
239 210 219
204 200 277
269 105 467
152 271 608
238 298 471
53 264 255
32 119 209
68 199 83
30 64 830
110 252 357
84 12 363
207 2 910
20 250 658
295 4 47
54 96 815
56 103 909
287 221 681
287 179 316
153 59 716
280 141 665
8 258 898
269 34 121
47 98 156
25 66 797
31 74 786
282 63 942
161 127 374
24 268 692
217 267 587
118 109 646
20 129 337
261 37 795
138 28 750
194 211 801
43 170 867
220 254 33
132 238 99
173 1 7
168 209 602
96 80 586
81 147 529
240 132 600
132 293 594
169 208 704
284 232 339
220 243 185
14 198 62
179 202 442
245 241 164
42 79 177
227 27 115
190 184 458
179 140 709
133 134 978
136 238 967
157 21 750
21 287 501
147 132 277
49 212 99
115 87 24
158 285 736
50 219 711
167 123 762
281 8 703
297 26 270
156 298 208
170 143 169
176 201 265
175 182 216
133 76 476
200 59 947
22 256 403
206 83 512
171 132 286
240 212 229
37 210 233
141 283 731
88 121 687
72 112 849
237 215 567
205 21 600
6 215 834
300 63 159
16 6 726
112 136 447
55 60 58
291 115 225
164 20 648
81 62 141
78 113 391
244 283 564
260 121 122
268 54 907
231 122 384
219 5 523
95 224 620
134 133 802
164 128 506
287 27 513
95 178 340
255 187 861
122 24 968
73 66 939
123 117 570
175 31 977
231 221 68
184 260 838
224 29 30
281 287 977
120 298 218
295 298 804
278 271 122
243 37 75
11 72 373
236 98 250
96 31 51
246 172 676
186 15 958
24 192 874
281 294 784
201 195 654
160 103 77
245 247 226
199 38 17
28 220 261
226 131 924
215 95 920
9 276 658
156 145 513
111 141 553
125 71 616
189 155 845
31 82 128
228 48 363
214 123 488
233 218 723
270 117 209
146 36 104
18 84 919
62 45 999
184 160 928
89 192 938
98 156 502
224 248 830
34 4 339
75 166 926
27 152 269
264 75 267
220 83 162
68 215 319
6 148 733
140 132 195
294 37 121
19 270 983
289 123 493
284 194 631
8 293 151
39 1 303
253 105 784
106 299 468
231 256 784
18 57 861
192 258 299
229 129 940
160 190 325
196 101 187
178 100 190
298 170 488
194 255 88
273 26 100
221 161 624
282 13 819
250 25 570
121 97 253
76 137 272
149 119 69
9 62 742
141 31 497
285 181 40
213 15 32
91 38 66
114 292 381
259 162 949
187 174 383
275 217 652
22 258 721
174 134 683
53 154 301
119 263 461
277 30 500
294 84 882
145 23 945
268 66 534
255 141 145
215 75 406
233 121 884
29 11 122
33 182 359
300 238 720
43 2 356
165 239 901
81 176 13
116 12 245
83 146 231
135 220 111
200 66 511
291 114 375
173 14 224
83 172 668
146 240 686
236 243 279
106 97 550
222 95 136
138 100 886
204 223 132
154 124 405
249 235 135
277 178 476
98 97 900
32 105 159
200 104 205
253 1 795
40 222 849
8 228 293
213 113 208
179 64 790
133 147 394
87 58 956
20 166 717
296 37 637
242 284 895
240 274 446
24 10 938
31 238 66
40 143 450
96 144 127
88 91 895
284 123 596
171 95 532
56 271 560
214 210 692
79 151 462
242 141 103
268 183 965
224 298 214
124 117 460
82 290 434
226 199 966
229 71 190
199 191 363
142 296 220
134 257 74
109 271 52
40 72 346
91 112 625
19 99 779
161 32 655
222 285 110
35 220 161
288 255 174
90 13 922
156 47 9
57 176 218
107 276 313
23 182 356
62 221 833
243 12 710
142 179 725
118 206 806
5 85 903
139 291 227
259 283 458
88 164 613
212 111 438
86 254 495
249 184 221
73 124 766
94 262 413
120 121 26
296 244 450
104 120 331
191 90 917
24 224 852
194 61 543
166 81 770
66 179 956
246 233 331
14 243 590
87 275 186
129 192 278
201 287 986
110 233 106
72 158 227
106 278 605
191 43 963
41 265 710
280 297 993
160 26 501
280 45 1000
86 198 62
47 4 415
93 92 221
79 196 67
225 31 238
58 132 998
21 32 908
261 298 278
192 271 488
170 234 368
116 223 76
285 214 570
296 267 724
271 144 259
49 107 693
176 82 949
215 49 764
145 84 499
118 23 699
269 283 399
211 76 312
76 207 536
118 234 933
17 283 343
127 223 859
170 205 437
133 38 883
187 62 332
194 135 509
292 224 939
182 292 430
201 191 443
45 17 377
141 273 447
214 162 429
208 160 2
281 291 215
88 27 342
191 36 171
32 265 828
115 113 606
69 192 936
87 268 654
236 36 723
53 33 574
103 9 470
157 146 832
155 218 116
299 288 465
229 229 31
175 161 215
106 265 273
102 55 828
152 291 28
229 161 430
26 239 667
291 275 558
102 194 431
233 36 272
246 111 370
57 187 822
11 262 326
97 163 639
128 217 139
104 17 350
241 51 414
44 111 650
115 95 812
228 256 279
140 55 834
90 38 682
93 112 399
96 29 946
184 23 211
92 257 29
61 281 264
254 122 463
203 265 493
165 6 539
55 3 517
13 293 153
280 210 635
108 131 517
153 50 197
284 175 566
131 21 791
144 178 718
218 14 759
195 296 792
96 0 171
153 16 310
176 60 518
233 176 584
86 242 608
149 255 450
198 13 925
62 177 719
181 22 140
197 145 72
159 212 890
70 64 624
56 73 476
45 186 693
227 85 911
114 67 625
62 128 765
239 180 79
264 118 27
197 132 548
17 201 203
150 174 571
119 211 20
268 95 363
141 202 37
159 113 482
115 128 731
9 268 886
48 179 648
185 207 213
47 91 779
107 185 631
22 56 15
77 251 52
293 130 608
293 71 645
283 67 815
129 41 343
279 124 603
105 122 511
261 244 211
12 78 546
55 233 981
90 66 880
35 54 645
148 21 600
247 221 853
148 127 496
30 200 85
236 155 714
251 195 264
272 84 834
114 289 343
151 181 695
13 29 265
150 180 853
220 280 239
34 221 508
14 29 612
159 24 901
178 207 542
100 91 44
183 229 45
72 212 964
162 297 204
101 125 81
31 204 326
152 284 99
177 217 380
198 198 200
228 111 78
218 215 361
93 72 867
116 67 844
185 123 857
260 40 313
12 26 245
169 151 535
145 14 728
277 174 159
241 169 790
259 21 181
205 58 154
214 127 751
88 2 756
74 54 606
214 231 673
38 73 930
209 33 941
121 15 429
183 140 651
207 285 933
121 168 602
5 47 884
22 174 118
194 86 169
271 171 781
139 136 472
131 229 271
220 202 453
21 294 128
40 31 879
77 156 152
148 132 464
40 239 478
192 243 110
158 204 383
288 109 15
30 180 803
47 70 866
204 185 974
161 123 606
159 96 876
79 5 727
53 41 826
254 196 627
161 271 58
189 120 338
48 247 370
144 45 527
238 293 853
62 124 2
179 266 227
30 281 569
237 71 494
14 8 654
244 293 104
248 249 917
107 72 524
248 142 267
176 47 426
190 274 102
116 133 965
51 273 664
90 41 603
59 0 565
77 277 829
148 188 417
156 25 244
251 68 293
246 187 175
88 107 734
125 98 477
75 53 15
266 117 136
178 10 941
21 39 852
134 32 449
62 232 418
66 179 149
97 179 778
15 17 89
163 214 798
72 260 671
119 55 809
264 73 141
125 49 183
74 210 168
201 299 824
241 293 707
235 188 510
80 291 406
189 223 563
255 185 87
160 135 780
127 185 958
5 6 288
244 34 554
75 36 625
286 230 733
157 268 986
110 148 949
126 250 152
179 265 554
84 180 82
247 130 189
135 80 481
289 233 224
217 21 391
259 11 44
285 246 576
209 123 344
233 115 294
60 12 668
21 257 135
21 103 402
220 27 938
222 298 604
101 226 89
11 208 46
60 197 436
229 196 808
101 145 290
56 81 200
80 10 450
262 289 763
300 282 253
297 211 887
235 106 561
110 285 601
99 162 152
69 18 668
52 258 669
77 137 981
236 118 622
65 279 12
219 106 130
208 76 101
103 227 174
152 163 638
236 157 678
99 129 616
141 71 332
237 2 523
64 272 374
169 98 818
281 27 787
110 159 988
253 150 793
178 232 128
4 251 713
133 192 490
209 69 301
92 110 524
118 263 963
68 27 97
148 68 353
67 18 664
255 242 611
108 206 437
211 194 145
223 22 41
249 6 768
215 199 258
191 36 737
112 237 778
297 208 812
37 171 316
151 166 734
208 86 633
60 210 420
186 48 309
82 203 51
148 119 254
26 10 14
164 68 902
203 35 11
112 192 202
0 22 205
251 281 215
231 186 158
145 26 759
264 123 64
41 167 9
177 83 95
291 214 752
100 169 469
54 216 492
139 270 26
121 33 467
48 164 304
216 285 985
58 225 336
124 117 552
40 122 26
293 121 523
93 96 760
6 205 246
129 46 470
216 42 943
84 244 810
183 85 528
267 113 946
230 284 179
239 88 403
227 31 764
84 29 832
168 14 263
134 274 922
57 163 109
80 243 594
127 214 265
150 140 957
105 5 950
276 154 299
228 300 274
45 104 428
251 199 243
68 70 643
143 244 801
212 282 269
161 70 989
18 218 256
36 169 376
87 59 165
59 119 601
95 46 578
295 151 112
288 125 259
162 182 771
137 90 405
60 225 639
151 29 776
256 254 8
152 181 608
226 125 106
193 185 851
29 207 577
224 22 75
45 204 126
228 59 676
155 55 858
274 96 443
91 83 1
260 114 150
211 121 547
279 204 294
121 238 970
59 183 558
269 275 235
202 204 231
169 275 514
136 115 914
210 261 544
9 290 583
164 2 752
10 276 945
300 290 91
37 130 460
268 251 172
8 91 284
25 84 991
137 206 193
241 163 721
166 129 361
75 65 751
23 44 104
156 179 437
9 0 576
126 215 314
19 131 116
259 94 312
85 44 667
236 2 916
234 110 11
264 1 224
196 82 746
73 189 598
21 122 392
7 249 125
175 236 533
251 244 432
150 274 33
221 252 342
191 23 820
38 11 469
76 158 359
266 187 406
86 230 412
236 258 374
271 151 911
255 198 394
155 27 466
1 87 703
15 135 214
111 236 345
160 56 668
43 169 357
75 231 689
172 78 731
43 251 44
267 283 405
275 121 242
122 134 53
243 73 445
90 220 587
258 63 569
161 286 101
20 241 33
49 51 534
142 240 992
57 102 326
44 56 431
58 102 372
80 193 922
130 172 850
129 91 262
146 110 425
44 207 986
129 82 503
23 14 858
122 74 40
122 93 283
180 84 500
98 233 892
156 92 126
250 244 434
291 93 158
27 151 797
111 131 799
63 250 431
95 176 956
236 25 391
264 53 280
252 149 266
123 159 929
239 135 494
71 101 754
188 34 14
147 198 794
196 263 10
104 239 515
12 35 898
207 63 875
109 277 952
34 48 8
279 176 587
112 276 326
11 91 480
57 59 959
156 57 101
207 162 222
284 87 306
83 39 270
207 158 86
122 273 575
60 140 892
163 163 722
151 78 403
125 299 616
174 38 216
264 261 274
94 170 203
166 72 94
295 152 125
52 6 961
217 19 419
108 215 904
35 195 201
119 211 655
282 131 701
188 192 663
300 22 193
77 7 467
227 154 558
109 205 94
192 262 358
175 297 805
130 19 718
267 136 710
103 160 103
14 279 430
80 15 473
201 28 650
155 112 904
12 251 280
267 214 900
178 48 157
271 201 539
83 247 719
295 243 260
261 54 720
160 66 923
120 286 165
286 80 911
76 105 745
36 166 484
6 254 62
54 111 407
274 170 785
43 106 972
276 89 306
171 224 399
19 46 296
15 227 690
80 56 911
206 216 337
102 122 554
51 39 713
277 257 215
277 197 460
146 100 441
100 162 590
232 0 817
74 298 619
273 84 705
160 145 382
288 240 586
85 79 189
249 24 47
186 34 38
39 115 947
70 281 163
13 236 35
224 194 861
87 208 766
169 55 790
188 98 964
71 182 659
272 201 672
135 180 576
142 106 767
298 102 111
69 272 746
116 122 3
206 79 361
97 156 178
15 59 940
212 177 724
281 93 119
204 270 152
8 201 124
123 189 882
24 216 599
128 82 734
236 273 166
232 236 469
74 15 337
106 161 607
156 274 162
157 290 529
102 112 853
126 219 392
48 259 648
299 158 546
274 81 934
183 88 765
88 251 670
97 9 700
202 202 679
168 236 779
163 187 955
107 5 308
201 296 374
118 142 731
218 150 376
103 229 108
60 156 41
222 209 24
223 276 695
267 256 784
203 255 902
247 248 193
284 91 148
160 153 652
151 215 516
254 141 257
90 99 645
3 154 516
78 212 154
294 262 618
276 233 615
84 45 81
26 174 963
152 39 725
142 229 153
87 46 885
300 204 735
25 91 339
254 241 877
27 265 597
143 178 953
33 125 885
75 115 571
73 110 456
257 141 976
85 138 623
140 223 3
49 170 648
63 229 149
2 111 149
261 220 980
146 227 472
212 166 762
175 246 209
160 117 744
1 151 120
28 217 943
58 217 841
251 43 0
227 59 815
253 128 645
156 223 334
235 94 265
200 289 183
0 284 707
297 271 443
178 47 575
180 119 641
136 155 253
231 47 465
94 264 279
269 57 516
267 33 440
53 275 592
200 121 391
164 18 389
243 16 394
183 45 539
212 40 591
106 191 544
201 218 33
223 50 979
26 154 97
132 150 240
254 281 419
51 86 888
51 196 146
168 57 192
178 221 283
53 34 444
139 92 653
245 157 920
239 152 500
295 73 263
159 91 910
85 30 829
124 179 152
253 265 345
45 297 445
137 150 252
181 110 213
113 94 412
160 256 628
242 153 697
265 258 762
275 222 970
36 185 733
4 181 812
158 114 10
219 218 278
213 4 207
262 160 197
33 289 265
99 166 828
279 254 252
93 199 700
161 49 842
299 103 932
104 55 887
155 60 234
86 58 298
35 276 385
189 81 241
247 209 957
239 100 72
27 172 770
248 178 968
271 72 264
209 287 863
289 190 999
90 69 713
131 9 691
88 21 524
146 268 859
91 103 519
244 203 299
182 248 625
226 3 428
108 194 410
0 233 335
298 249 329
235 188 380
98 153 759
35 101 198
2 295 14
227 291 668
54 166 689
84 73 931
83 50 484
221 13 69
78 67 560
90 31 789
280 108 536
229 242 288
285 145 15
156 95 666
17 226 680
124 126 747
241 187 446
49 170 441
215 8 602
82 247 749
282 29 303
36 191 404
210 185 5
40 135 119
35 235 681
52 150 146
245 54 576
88 196 791
178 21 306
159 87 764
91 190 793
205 107 578
223 193 866
93 202 306
183 126 707
173 250 296
100 166 143
243 67 890
210 192 271
169 108 255
101 241 295
42 287 494
297 86 245
255 193 146
109 168 598
105 23 386
289 285 322
280 139 899
280 144 126
269 42 512
232 208 602
72 136 574
192 72 212
169 52 814
125 257 720
11 236 986
86 54 785
277 87 846
89 132 136
85 209 225
214 278 988
166 161 134
31 138 371
148 54 856
173 170 102
170 251 220
28 59 122
152 278 781
20 21 163
41 278 110
30 31 367
288 28 52
256 5 182
197 160 990
208 189 353
183 219 109
1 91 639
21 266 491
146 4 188
236 66 108
196 84 298
137 200 977
80 21 209
261 228 799
0 48 910
56 144 457
18 135 136
68 272 564
93 216 397
56 100 17
284 182 964
278 177 501
112 5 445
244 86 888
245 42 913
288 134 636
136 102 145
298 93 599
117 128 732
185 129 623
30 243 772
233 146 57
222 56 714
50 141 291
245 276 451
82 261 276
10 55 986
285 29 89
170 28 768
40 129 408
0 101 944
247 85 665
246 50 383
146 116 221
285 60 563
27 298 313
171 56 195
171 168 169
12 198 121
250 76 904
24 271 717
69 228 559
291 272 952
260 284 484
263 77 290
149 222 836
103 11 700
119 61 248
285 211 141
99 251 988
253 177 894
38 81 231
69 70 803
98 123 776
51 189 762
224 182 881
227 268 493
180 148 962
272 88 726
114 192 291
131 44 385
138 63 541
47 43 271
67 26 425
166 49 111
208 219 654
81 182 872
27 70 502
24 2 53
79 71 772
11 180 792
23 130 828
268 196 417
259 243 516
286 205 290
60 150 270
210 48 245
196 267 298
299 145 501
66 211 47
277 24 430
57 224 794
279 100 653
19 66 128
262 291 243
112 186 158
8 268 234
238 259 889
254 67 42
6 139 704
218 246 82
47 174 790
268 28 174
123 172 750
113 128 633
280 158 833
110 61 902
249 157 496
4 136 2
17 36 760
246 181 188
198 91 795
32 33 322
119 170 652
44 7 487
221 68 570
215 157 806
89 15 140
259 188 650
147 128 188
208 274 989
158 254 516
275 109 962
295 261 291
113 65 365
23 108 902
6 111 544
173 114 39
166 81 151
160 44 105
283 182 777
104 126 46
124 277 446
20 275 980
229 198 146
192 146 405
176 123 681
230 211 171
158 140 730
40 130 985
29 89 455
95 149 688
212 109 984
119 136 824
182 105 556
41 24 952
23 267 860
180 266 920
139 149 348
10 220 527
195 297 609
35 210 679
141 272 612
177 43 374
208 100 111
112 117 244
235 127 540
215 196 595
280 215 21
5 295 600
27 232 619
4 246 199
91 12 712
116 152 88
193 16 950
262 150 329
88 4 973
59 218 109
40 104 394
277 246 437
246 279 447
203 110 757
174 206 618
121 222 881
238 62 339
218 275 204
257 18 705
133 294 307
100 66 830
42 172 637
182 273 744
67 126 452
72 91 146
239 241 660
11 130 505
177 217 763
119 292 329
108 136 48
7 136 255
55 196 999
224 113 50
116 110 892
238 126 465
81 102 223
275 99 747
178 118 377
210 19 874
61 269 855
69 50 317
239 271 51
155 150 914
112 110 212
101 235 636
114 151 838
224 79 699
190 265 201
208 81 167
241 62 783
284 93 751
61 169 635
182 190 711
249 274 898
55 104 766
145 93 921
39 62 717
259 190 750
39 32 683
136 97 149
264 237 415
287 48 635
158 20 119
94 134 886
110 83 813
207 0 929
92 262 533
241 23 773
287 101 790
82 224 437
42 213 637
141 234 602
147 58 967
288 221 340
126 203 988
75 285 255
131 159 556
279 153 128
64 147 791
241 45 573
36 114 489
125 65 757
92 59 337
60 79 320
95 95 14
38 225 477
243 214 402
26 50 690
26 277 87
179 137 890
138 13 439
82 269 221
199 187 735
260 20 34
231 169 115
147 95 960
296 235 830
78 116 538
56 258 824
79 34 201
192 203 223
24 110 311
240 85 223
198 212 529
32 54 666
110 117 49
172 234 50
193 92 486
87 171 767
21 268 923
186 77 217
206 107 909
238 79 52
215 72 23
151 183 376
99 181 575
13 52 930
0 222 921
186 273 621
224 35 260
63 75 698
184 96 893
108 49 559
60 280 422
116 225 782
271 255 936
82 5 592
253 51 161
101 48 25
3 167 781
288 170 658
201 228 986
75 167 6
67 169 37
51 241 789
272 123 392
26 189 63
297 294 400
275 185 796
61 225 139
154 227 915
18 182 906
67 270 374
221 0 526
279 198 460
4 197 955
225 135 854
163 180 430
257 30 532
129 92 9
221 187 408
170 110 728
182 277 243
17 85 933
126 119 130
169 91 48
56 8 703
121 112 343
205 10 66
228 289 387
4 130 973
200 106 9
263 29 132
252 3 100
198 36 644
268 168 25
99 80 902
135 150 677
235 280 585
161 218 962
216 265 667
101 115 951
211 78 739
262 263 49
262 181 436
50 174 279
150 209 856
215 209 133
199 239 542
144 29 744
103 60 201
7 2 735
95 229 616
266 292 497
284 134 628
77 145 865
244 209 16
192 136 201
152 279 586
143 177 677
18 265 507
297 104 340
62 26 575
17 34 565
291 168 802
60 0 206
162 92 658
185 249 397
98 113 447
274 257 249
142 23 949
195 111 320
84 87 347
135 189 770
158 31 868
84 117 270
37 9 766
206 300 973
170 198 693
59 123 922
147 259 537
124 283 865
178 75 488
80 111 399
101 267 860
180 77 816
6 260 98
103 151 597
127 180 129
123 193 480
131 109 687
95 188 108
291 149 810
118 274 41
204 177 854
24 136 154
86 128 306
120 43 971
297 296 940
32 264 85
245 127 313
227 115 607
60 124 581
182 134 539
35 282 37
36 207 370
29 256 125
89 12 61
110 199 535
216 119 967
234 43 52
82 73 288
120 227 834
288 72 905
280 8 557
187 86 23
223 278 626
145 262 261
51 163 64
239 215 710
266 141 88
53 53 403
118 219 23
118 289 366
6 173 38
67 63 358
261 106 431
288 93 493
238 218 135
248 183 527
194 116 968
272 232 644
164 7 240
188 9 662
33 171 369
269 31 274
191 249 711
24 221 386
170 88 411
131 267 962
0 292 389
104 181 643
266 204 931
129 71 643
167 176 229
185 96 415
168 129 148
26 144 598
252 196 552
37 82 581
260 2 858
70 29 457
83 176 41
132 175 880
179 60 924
196 133 965
87 191 304
35 1 492
137 143 364
42 4 533
0 89 601
190 212 995
66 249 249
23 30 14
215 198 288
210 296 511
105 190 877
154 272 516
119 32 863
2 102 101
294 54 342
250 261 873
225 14 345
247 163 784
65 185 599
286 67 535
199 246 11
18 129 59
272 286 563
299 240 945
18 299 739
187 233 316
198 29 298
112 173 532
43 78 623
242 248 606
22 147 715
287 38 796
249 247 307
69 141 624
160 29 683
176 220 848
73 19 562
55 201 567
282 45 626
99 170 704
61 260 184
106 114 515
147 52 413
7 283 278
143 152 375
144 165 697
188 249 6
273 77 469
78 282 384
287 228 176
212 29 849
120 52 898
57 92 717
300 23 49
51 272 103
16 146 709
54 199 543
92 8 166
218 202 489
110 52 442
231 41 736
167 213 36
102 74 453
216 42 124
298 220 932
131 228 120
249 199 760
192 173 162
276 153 623
147 55 846
257 71 417
63 242 167
140 21 711
226 275 634
300 220 637
298 21 441
149 244 860
253 236 957
45 74 155
250 229 146
184 89 148
190 201 50
29 89 242
280 227 93
257 256 543
38 168 581
276 95 579
1 215 642
99 131 462
30 178 515
264 208 954
164 268 297
1 126 880
292 264 96
234 144 848
124 145 668
227 222 436
44 294 326
289 8 970
80 55 696
224 189 866
277 135 392
40 181 593
146 220 211
144 177 814
125 25 636
259 197 505
47 141 799
17 58 428
265 46 391
198 191 108
171 264 316
20 93 916
87 181 120
50 10 15
72 176 772
108 129 795
296 69 574
50 34 521
129 180 8
174 51 481
250 293 144
71 44 656
226 254 831
247 43 662
3 217 383
248 38 151
16 206 84
7 245 600
213 260 931
192 43 112
18 102 79
239 100 180
136 59 979
76 43 430
174 200 809
8 22 576
294 76 694
67 276 444
206 258 773
83 202 140
156 158 878
41 201 183
38 76 919
54 10 819
274 52 581
293 297 148
267 265 697
234 55 232
240 170 879
262 156 522
123 47 596
210 288 308
102 0 865
271 233 361
89 131 333
91 36 263
48 258 335
164 16 755
9 229 931
22 28 566
35 63 102
121 6 636
116 68 976
47 202 807
263 293 760
32 131 531
298 266 45
257 171 272
201 43 271
157 34 911
261 39 547
25 80 200
84 244 705
226 222 440
58 33 219
140 171 711
104 196 85
249 209 335
292 193 657
220 143 622
19 142 822
9 21 425
96 119 734
6 55 406
120 169 118
176 78 427
174 135 853
255 204 174
0 125 665
270 262 192
216 114 515
208 55 60
223 158 636
237 285 6
58 296 219
261 119 654
140 118 995
149 185 769
39 245 303
112 176 59
101 198 955
100 199 225
245 283 433
68 75 799
274 183 378
283 146 779
235 227 593
28 199 436
268 71 720
179 275 678
1 148 1000
119 217 387
85 79 470
34 9 109
296 12 360
77 46 83
216 112 983
232 183 423
200 30 819
263 193 495
266 38 912
159 150 123
76 175 680
243 234 481
208 195 825
34 51 570
191 296 587
31 52 835
22 274 903
254 218 694
146 94 428
187 227 442
19 125 886
120 203 33
283 238 824
125 276 284
159 165 721
223 298 631
261 162 966
68 155 713
218 0 344
6 149 465
116 242 759
172 203 851
226 177 856
90 258 339
189 50 111
42 206 584
237 235 676
144 245 911
117 30 745
77 118 590
206 294 897
65 208 144
80 267 451
164 91 618
66 98 100
221 20 77
204 120 516
125 223 385
64 198 295
188 216 657
276 211 275
245 119 841
296 122 682
120 178 532
225 181 692
4 24 297
58 257 298
282 93 912
15 70 247
288 184 902
169 66 903
46 122 959
81 215 725
247 100 245
176 127 122
41 166 991
137 241 955
120 271 76
280 176 546
20 147 173
145 90 360
154 255 517
222 286 706
218 48 801
182 140 470
179 278 905
59 74 586
75 22 563
141 226 689
20 27 561
161 222 503
122 206 136
54 82 567
227 88 245
64 172 294
197 16 480
26 73 835
101 55 103
34 214 240
124 127 664
207 96 346
115 81 125
85 19 44
77 256 780
27 281 546
155 194 28
102 108 658
28 212 942
64 65 313
20 133 655
145 49 992
248 14 694
95 153 480
174 124 302
33 292 942
189 183 921
97 5 590
179 228 321
49 232 740
174 4 799
272 91 7
169 26 872
47 228 117
143 0 487
182 36 164
49 264 475
188 20 421
137 97 622
191 83 882
280 132 850
213 80 771
227 162 512
293 246 381
151 291 201
114 185 270
90 281 601
238 67 890
185 237 334
128 144 633
3 76 557
172 235 928
138 82 556
291 297 589
135 109 448
168 196 938
29 60 689
239 81 410
237 289 434
174 268 20
140 114 1000
268 248 73
139 16 155
26 280 326
163 251 637
42 258 858
88 71 18
116 145 967
161 25 604
89 122 279
184 159 920
59 288 478
223 246 803
16 47 343
269 2 330
196 3 199
180 83 73
154 172 902
297 263 629
165 295 319
181 146 709
140 199 811
234 46 359
172 48 365
75 176 635
264 32 711
261 15 320
39 262 254
236 280 735
131 154 646
23 126 411
231 53 151
136 240 924
147 240 750
248 232 828
13 180 374
0 169 176
234 23 828
149 3 6
73 148 348
275 248 274
172 162 452
106 283 181
120 202 31
57 224 627
229 46 532
174 87 188
65 40 153
28 32 444
116 97 596
256 36 77
84 246 853
54 211 45
290 144 192
84 290 174
291 51 697
230 2 849
120 70 59
8 34 893
10 144 248
193 188 55
41 134 385
209 197 307
93 160 600
23 20 869
163 98 175
219 284 222
43 43 854
144 56 535
74 122 384
195 240 984
77 120 485
191 16 627
49 186 259
254 8 878
57 185 760
55 95 608
81 64 573
66 20 336
3 38 652
4 210 842
213 123 935
280 34 905
204 136 656
278 293 34
36 120 675
62 105 466
134 25 538
152 70 41
187 39 332
20 226 6
8 128 709
159 110 15
41 174 998
206 17 552
271 235 420
266 300 138
44 88 204
81 269 365
113 10 957
103 96 370
12 34 96
85 257 989
213 86 314
86 274 81
59 45 579
281 74 429
250 122 883
106 97 220
132 6 192
175 256 578
236 107 927
121 25 690
18 21 686
95 151 348
151 236 291
137 84 359
192 129 780
24 37 311
40 20 447
78 88 156
165 161 751
3 267 24
274 157 106
241 288 329
245 123 493
231 86 355
294 109 125
234 277 542
35 74 255
71 234 268
214 106 806
57 23 494
289 41 952
130 133 842
259 71 569
141 72 836
15 218 842
161 240 110
219 131 561
226 206 655
286 243 957
203 29 793
233 205 294
206 74 74
254 257 74
214 183 469
298 177 948
236 70 492
288 134 632
220 129 475
98 205 600
125 178 83
120 272 247
190 210 427
147 211 991
88 204 255
37 86 462
0 27 258
78 8 100
75 277 792
200 141 592
34 296 203
61 188 748
99 234 731
36 95 201
211 199 786
246 13 670
185 97 713
151 161 478
130 201 725
188 252 278
115 4 666
193 86 823
118 172 380
261 234 212
192 266 23
55 177 18
253 93 369
59 11 791
73 128 691
271 9 921
290 222 601
251 7 888
99 176 544
31 280 942
141 206 627
275 168 443
8 83 775
129 39 936
42 238 775
232 10 581
251 190 693
35 59 59
215 36 751
138 189 203
210 129 722
147 282 215
154 129 274
3 233 834
102 73 420
189 239 388
288 269 493
96 234 223
118 213 855
99 300 544
171 259 217
173 214 532
252 98 796
73 288 369
193 283 699
17 14 419
139 190 945
282 3 924
192 92 414
50 46 769
89 130 757
136 24 215
295 17 383
147 100 209
94 178 98
138 231 982
14 202 145
13 111 311
40 244 321
222 190 664
231 44 954
191 181 579
232 103 490
231 229 151
94 178 933
268 193 227
235 111 825
165 153 602
226 284 813
65 45 554
67 62 896
117 97 443
271 18 195
197 27 413
28 273 735
222 29 848
278 24 959
253 66 629
66 147 985
68 201 977
197 189 648
295 156 508
115 42 522
7 177 483
99 61 829
12 229 560
263 177 50
230 139 528
150 250 409
80 273 840
174 285 687
91 22 251
169 68 668
202 23 981
54 282 482
102 46 147
82 121 474
149 19 945
262 18 591
63 271 47
87 19 290
74 127 178
261 105 55
78 215 212
112 125 79
35 32 686
123 260 664
230 49 955
143 62 877
158 67 690
202 97 192
101 295 720
20 155 393
145 146 947
57 111 893
19 223 797
54 5 320
54 131 659
171 114 594
252 28 747
207 166 305
149 173 495
114 283 762
71 29 103
269 177 51
132 89 96
58 27 477
81 131 117
7 217 636
20 214 273
179 147 72
122 140 244
169 38 588
76 132 934
240 247 360
187 97 679
108 53 544
206 230 935
103 148 297
107 123 796
91 290 855
8 208 735
222 189 945
220 38 611
64 211 827
202 112 355
241 113 789
197 101 846
175 17 984
175 111 336
195 97 191
261 118 72
157 29 660
186 252 638
67 149 214
224 266 729
5 95 562
290 117 355
25 135 378
273 260 433
126 70 554
240 256 242
37 53 868
124 287 255
131 93 428
119 81 966
116 106 254
54 184 675
183 235 289
42 207 936
146 168 900
263 119 658
70 42 912
49 1 697
270 25 388
29 198 916
259 274 283
168 248 609
67 177 557
7 43 487
170 43 67
14 181 4
82 117 118
42 100 875
43 205 258
3 103 147
261 102 131
53 99 676
205 126 553
46 49 875
36 25 297
108 213 80
217 59 546
42 86 349
140 207 262
169 209 788
65 47 635
284 111 111
52 64 98
269 217 439
182 139 641
197 234 337
105 164 497
63 254 500
292 239 141
137 36 216
1 179 547
157 53 659
7 236 743
74 156 768
159 179 246
257 128 921
206 177 332
39 190 300
177 234 645
116 248 394
103 93 78
9 180 935
229 127 732
236 299 626
169 84 416
79 223 889
105 40 158
290 277 222
300 186 620
14 57 91
220 45 923
233 274 747
156 179 393
233 74 529
51 193 703
159 110 997
48 160 682
10 32 679
160 227 883
70 272 610
161 253 925
201 219 409
171 119 495
89 102 826
217 256 510
2 172 236
183 211 820
138 123 824
168 231 231
275 226 103
86 157 891
44 224 123
274 121 874
156 12 630
120 0 808
31 65 378
127 37 863
198 206 306
180 255 568
191 151 382
296 35 499
230 297 327
247 60 591
73 39 431
150 279 79
201 142 5
252 216 614
237 115 38
75 165 703
252 108 164
24 213 56
100 84 354
299 53 120
278 30 5
112 251 917
180 294 845
154 240 673
286 296 117
115 81 177
33 139 701
168 97 6
25 151 31
183 193 233
282 157 14
122 10 845
108 105 23
135 245 602
270 33 912
234 251 798
210 10 443
235 51 911
237 246 101
13 231 686
218 224 18
108 26 881
160 2 401
55 108 606
192 35 478
27 263 708
45 253 94
104 217 487
163 145 575
7 92 457
114 299 128
244 130 930
10 42 491
116 86 372
94 37 426
282 32 209
109 263 733
124 175 862
233 11 581
182 10 595
37 57 745
154 114 383
38 205 682
184 121 848
113 254 950
142 236 384
219 62 196
91 39 962
9 202 275
157 166 218
246 274 418
126 86 565
175 161 161
291 63 979
288 235 862
263 56 462
103 77 215
53 67 448
8 49 684
296 149 598
16 7 633
15 3 10
42 285 75
48 68 104
100 51 594
126 44 256
51 83 496
209 202 102
257 57 221
57 23 560
106 24 520
204 23 655
213 191 220
32 63 884
211 294 57
168 117 127
98 296 235
155 85 605
131 73 448
14 238 320
243 0 297
27 87 183
268 283 265
39 234 644
13 101 722
48 56 730
279 174 459
257 254 680
17 247 776
20 163 236
51 63 460
249 181 357
206 298 686
200 42 509
232 166 277
110 253 343
67 78 304
197 132 124
247 230 156
92 292 27
283 177 782
186 8 125
258 267 215
260 189 282
270 283 316
225 6 56
226 124 281
39 163 622
214 76 605
211 63 672
154 259 82
269 110 995
23 139 937
270 108 869
247 93 517
236 46 40
124 111 421
122 169 327
165 83 868
12 9 479
282 238 27
188 117 48
281 11 25
226 187 51
73 103 155
188 87 418
280 201 779
278 23 1
239 169 493
150 122 722
33 251 95
287 221 149
131 150 277
154 188 444
96 47 555
115 81 878
188 182 736
248 165 900
124 62 730
45 285 972
145 294 298
228 212 35
126 163 464
204 253 695
255 135 505
230 271 281
57 96 118
200 36 874
72 139 778
146 36 315
258 201 772
76 182 833
65 262 686
100 8 950
31 126 11
99 54 820
29 46 116
11 11 143
78 239 299
293 65 888
173 112 668
54 250 556
10 104 584
99 279 637
53 123 233
194 229 209
260 45 306
146 268 973
98 188 65
153 221 912
289 99 411
65 34 986
201 269 246
288 287 638
196 156 398
217 243 401
217 47 460
219 16 497
66 185 620
13 207 908
184 105 906
149 217 875
204 194 540
115 116 242
90 243 391
140 279 67
241 228 652
167 229 543
96 216 486
186 269 663
280 203 266
71 260 504
62 61 395
54 223 401
33 43 288
40 147 334
111 106 906
298 165 923
161 163 215
42 257 473
72 81 714
121 169 956
119 86 808
113 156 526
84 99 527
222 2 99
73 244 532
90 272 360
156 119 289
124 152 820
293 29 793
256 180 224
265 207 272
192 49 32
108 280 760
180 134 864
216 82 961
59 158 259
218 86 505
159 100 924
236 259 268
230 14 516
253 196 643
290 299 66
49 260 111
13 278 581
263 143 381
28 147 824
41 135 297
112 12 668
85 161 661
123 55 501
66 202 118
253 263 202
94 52 923
85 120 387
145 203 781
248 252 634
226 201 908
288 243 881
159 252 97
249 226 172
77 176 602
49 28 522
6 144 422
291 96 268
223 249 808
174 98 769
167 220 408
206 243 116
31 116 512
115 229 283
275 43 148
226 229 530
124 232 563
101 217 310
215 300 568
169 260 251
100 112 819
36 131 653
103 64 296
146 17 243
265 237 664
127 185 337
37 249 474
37 142 289
64 169 585
281 131 100
272 296 86
295 56 793
210 21 2
25 80 873
293 195 874
124 254 525
171 300 739
88 91 322
77 173 7
157 211 5
160 157 537
180 238 617
212 264 321
3 277 597
283 82 822
86 260 643
109 133 567
52 9 517
28 8 226
149 191 882
58 102 328
249 270 339
218 288 613
125 89 22
38 130 468
299 75 542
267 267 178
180 173 148
120 297 756
141 170 778
179 138 350
281 179 182
293 215 678
135 1 641
219 164 269
255 186 990
38 37 345
153 160 296
48 39 468
295 218 127
63 145 476
86 280 617
129 236 442
178 25 761
155 260 760
88 289 804
258 154 199
270 48 942
233 3 708
50 209 433
284 112 455
56 3 810
147 267 112
230 181 721
103 263 491
105 213 427
266 226 427
208 107 158
237 95 446
230 248 695
153 82 931
219 176 122
79 202 326
148 184 240
161 246 233
33 147 344
84 142 793
111 3 803
205 30 533
181 291 66
130 62 511
76 256 233
68 134 626
7 34 497
294 251 356
77 129 696
105 102 904
37 22 720
222 104 748
269 124 363
12 61 343
209 33 593
18 276 851
73 200 126
291 184 828
204 211 115
182 145 634
290 41 742
41 75 308
222 75 498
199 154 371
57 38 183
112 274 751
276 20 739
29 193 308
205 121 781
255 34 797
158 32 636
141 68 463
292 275 739
25 40 189
51 273 898
83 104 958
144 147 217
191 107 440
119 234 999
210 300 802
42 271 701
239 298 107
234 82 990
47 195 651
99 3 40
104 146 374
276 21 609
290 38 368
204 242 858
206 255 898
234 96 873
153 143 70
120 154 638
272 35 487
89 5 266
219 3 915
112 137 835
209 294 355
150 11 382
124 178 45
109 78 409
27 120 372
243 105 684
216 275 889
79 41 451
86 243 729
219 267 607
187 248 637
25 232 27
50 61 224
86 9 966
89 150 435
296 19 364
241 287 904
128 136 707
180 243 289
61 241 211
151 142 66
175 242 586
4 138 560
202 79 703
248 123 567
288 286 240
175 134 779
114 18 832
224 216 286
74 228 72
296 226 128
175 104 349
235 104 565
283 85 155
80 118 706
291 227 229
47 277 12
66 1 666
110 9 588
131 186 1
94 95 581
199 13 623
155 15 664
245 145 119
160 120 483
184 269 12
228 237 688
211 147 747
298 48 90
82 232 52
7 0 704
233 71 802
44 206 70
245 220 757
299 201 185
102 60 939
283 16 341
1 170 14
299 10 753
180 187 257
49 241 37
232 91 72
196 79 63
35 267 951
117 121 234
125 209 275
152 25 435
252 201 336
225 204 806
58 221 230
240 86 89
199 260 396
254 279 910
213 281 411
189 191 24
140 211 123
257 175 774
56 195 392
53 159 976
298 56 717
194 207 553
78 275 985
204 39 617
278 159 834
15 203 673
166 39 374
141 172 140
192 277 167
171 292 310
131 292 281
136 62 462
47 298 501
90 147 770
256 131 819
105 185 844
245 75 93
2 3 985
29 18 87
230 165 478
202 236 968
269 97 158
179 205 36
54 261 880
57 29 17
264 10 60
156 98 162
236 225 266
88 171 717
234 87 23
210 269 254
267 74 496
12 262 603
193 40 300
268 42 669
281 213 872
57 70 726
249 39 511
172 287 196
20 43 544
38 170 250
13 168 633
44 112 988
64 87 598
167 288 593
60 64 10
276 193 2
205 168 681
214 23 228
193 109 306
176 267 423
85 15 185
36 213 739
23 179 668
83 291 379
65 275 225
149 136 869
144 164 430
77 9 279
195 60 90
226 258 278
45 60 547
98 66 161
137 9 628
127 295 995
91 196 740
146 254 488
80 169 10
214 282 141
197 103 831
229 36 454
104 231 103
58 212 667
29 78 114
82 121 173
69 216 251
292 287 970
182 104 760
278 73 311
217 32 28
118 80 175
21 271 968
200 100 566
38 14 978
81 40 414
107 131 672
237 95 620
42 110 125
183 111 287
140 96 844
187 221 493
33 65 983
108 71 972
17 20 458
286 73 7
262 26 983
243 65 963
196 28 448
99 172 666
142 37 301
8 225 905
146 146 706
240 266 637
154 25 350
227 289 574
163 177 454
264 163 736
81 109 174
105 146 588
185 243 841
219 280 686
219 39 535
223 287 27
2 175 334
36 267 560
95 21 401
245 15 406
200 220 0
161 250 602
3 212 401
279 98 801
241 230 726
21 296 368
177 273 455
178 187 92
150 288 897
134 228 487
262 236 667
189 240 15
170 144 607
20 8 272
293 116 949
261 73 875
84 182 785
74 42 358
204 41 509
125 250 436
22 160 833
280 270 170
209 53 358
55 81 815
15 200 767
28 185 171
263 164 160
97 215 385
80 193 826
183 38 166
54 110 271
232 176 271
203 26 360
129 73 363
34 275 97
241 195 622
7 68 36
248 3 813
102 210 980
195 252 593
281 213 716
41 155 274
19 29 736
188 179 135
98 236 592
94 92 780
112 237 87
242 194 735
60 242 117
8 114 670
134 228 199
158 34 783
187 172 608
161 203 581
163 128 825
113 1 114
289 294 528
273 193 48
259 13 323
230 53 232
299 144 269
265 296 476
44 132 972
220 252 49
190 126 449
25 2 872
165 194 943
237 89 217
187 34 565
49 215 928
45 185 880
229 253 51
126 293 68
160 294 704
198 273 522
93 62 64
282 168 664
278 108 636
46 247 688
225 143 229
191 69 995
246 176 409
156 243 602
107 78 152
252 236 801
117 57 9
163 204 500
37 171 640
284 10 709
148 19 273
220 285 532
248 172 704
180 124 679
43 168 160
28 277 693
14 124 617
155 0 22
171 120 529
278 5 750
36 147 597
270 181 178
50 168 77
282 183 703
205 109 41
102 169 55
279 12 96
101 42 66
228 118 749
300 167 71
220 114 278
83 265 54
224 12 583
300 229 372
205 69 211
279 148 163
157 269 850
199 16 497
80 210 279
55 202 352
16 251 215
60 138 893
74 1 114
230 94 589
57 190 129
227 132 239
233 37 186
11 48 223
129 209 115
177 160 207
30 225 65
172 205 742
255 211 106
128 32 485
85 285 29
128 296 501
255 35 141
8 88 124
41 27 144
239 240 144
224 16 580
125 203 741
95 181 320
43 261 292
107 171 782
226 42 116
87 77 29
67 47 656
28 269 25
202 249 914
183 263 312
294 55 60
170 161 307
10 221 994
211 144 429
30 115 815
48 277 491
151 67 823
58 7 597
253 140 402
153 238 748
130 183 735
289 266 851
40 85 147
125 55 258
113 179 591
76 185 156
169 255 756
191 89 749
212 292 995
295 82 428
180 129 15
284 268 901
113 247 506
266 56 361
254 204 770
116 27 97
22 54 311
156 205 170
186 71 734
256 208 675
37 161 692
296 168 614
79 39 313
281 23 630
265 225 378
60 58 402
231 24 960
97 96 699
46 163 714
102 139 340
254 250 546
152 286 785
183 164 872
123 119 396
114 16 472
188 204 308
34 282 471
164 82 414
98 173 533
70 47 270
178 288 497
280 281 937
33 230 483
224 256 362
40 13 815
220 70 983
96 239 608
235 266 57
69 265 258
133 124 105
37 20 715
291 124 459
6 211 901
70 259 920
0 37 578
231 134 210
209 42 309
295 292 270
273 285 655
267 22 33
213 191 32
246 39 545
15 257 48
57 232 335
294 91 693
123 109 891
2 216 800
152 146 3
82 47 167
214 173 994
267 220 451
112 18 150
234 4 22
262 43 953
198 158 948
79 84 524
102 53 445
118 248 531
88 290 516
25 239 30
282 285 738
242 252 270
22 190 273
258 155 191
270 237 285
102 110 302
249 4 426
180 137 863
204 17 216
196 213 7
277 173 620
252 243 88
186 127 94
175 138 565
107 226 51
278 50 545
67 54 753
65 55 773
147 204 318
268 36 576
158 267 57
63 90 516
83 29 256
298 237 568
41 221 391
210 151 18
166 181 988
254 61 80
195 92 976
174 190 219
55 203 582
124 65 826
52 188 102
261 195 116
49 275 668
156 10 383
233 286 88
79 171 907
88 262 294
85 32 876
173 8 918
174 15 560
294 217 106
269 216 32
277 31 350
15 253 520
296 19 887
117 83 762
86 17 941
271 292 464
176 254 494
130 238 543
31 275 972
274 216 212
82 288 597
180 128 271
64 284 573
172 82 831
298 22 492
97 83 914
124 273 226
229 272 13
256 0 255
261 237 248
55 40 663
153 5 790
248 179 785
8 183 639
140 78 851
222 63 301
57 285 895
125 138 99
216 60 2
197 147 492
182 288 675
185 250 313
52 206 341
34 224 85
92 57 961
156 2 46
274 203 956
150 50 455
158 290 904
108 190 304
253 153 86
20 118 292
267 174 557
150 253 662
172 144 916
219 45 114
144 235 591
149 115 222
246 105 135
154 140 473
290 109 872
98 168 509
218 127 825
45 224 150
104 25 945
109 193 848
67 51 953
103 105 239
219 189 228
76 161 550
160 229 674
156 287 76
109 236 69
197 32 493
201 34 446
94 286 115
195 179 155
96 197 247
171 160 991
248 147 770
154 4 684
115 84 634
38 121 598
146 40 27
65 152 507
218 179 828
144 14 242
211 187 68
212 201 165
48 42 648
119 254 57
214 190 550
295 201 953
251 248 851
233 174 564
271 81 974
151 245 106
214 56 13
211 163 53
130 181 185
298 117 632
262 271 707
42 266 244
227 99 895
66 11 607
65 165 973
148 50 848
202 123 524
37 8 856
52 48 634
36 49 731
133 124 815
139 201 54
109 120 335
45 168 599
233 86 524
139 181 286
284 299 119
52 28 88
162 130 349
266 5 589
7 156 357
146 99 387
265 168 337
139 236 464
254 232 683
198 31 562
50 42 560
108 220 338
147 73 80
246 268 568
66 58 975
94 168 598
299 17 517
90 247 342
94 75 208
111 88 284
268 255 277
169 167 453
250 29 974
266 45 944
132 86 872
85 38 985
223 19 373
101 96 32
251 125 165
62 260 993
19 249 520
105 252 749
22 170 945
71 81 113
233 93 503
118 118 768
246 203 19
299 203 951
148 16 595
39 1 182
47 109 976
267 22 817
88 59 736
122 165 420
287 185 102
60 150 541
46 81 592
66 256 2
155 294 347
249 292 925
270 274 487
100 275 663
161 109 974
177 102 155
262 3 989
287 60 989
209 246 810
117 41 123
279 198 456
100 298 419
70 203 274
273 291 113
183 155 61
84 7 701
213 52 87
155 275 283
244 105 839
262 41 805
100 42 596
295 235 84
14 1 201
99 286 74
298 185 222
118 86 885
81 120 795
235 79 888
272 126 773
104 254 197
286 188 804
163 213 640
38 13 324
280 195 675
101 213 197
294 220 537
268 23 681
127 222 666
292 191 200
246 178 350
81 125 297
217 44 239
142 183 559
214 246 374
170 65 542
218 201 279
232 208 605
261 40 413
138 199 421
41 287 302
96 11 721
44 114 776
98 73 201
296 38 970
16 232 809
65 81 187
66 13 878
118 220 469
159 67 947
175 14 633
49 95 22
154 236 518
275 260 27
5 174 685
70 182 340
136 201 215
140 220 985
228 170 587
162 22 780
128 3 841
113 136 230
291 91 15
228 88 636
211 110 128
16 40 60
156 42 220
202 134 915
252 4 623
96 266 76
89 152 342
32 133 662
50 234 272
51 250 391
232 116 905
47 58 101
0 271 650
12 52 255
147 188 715
70 111 257
102 185 353
69 158 501
129 221 474
106 298 715
276 285 55
239 289 57
261 139 573
272 69 91
295 53 923
270 300 329
22 119 537
247 22 848
206 157 633
124 3 60
282 250 821
242 113 807
205 180 13
156 220 95
128 104 986
25 294 497
266 150 609
214 172 285
142 57 802
203 96 327
178 262 973
53 195 844
129 163 590
248 36 308
121 245 691
251 300 564
86 226 109
204 7 94
18 2 367
200 147 524
18 25 399
260 175 130
229 228 1
93 124 464
254 299 211
8 0 983
267 195 907
178 296 234
57 153 972
137 61 405
225 45 533
280 5 946
147 275 517
134 253 609
10 34 731
72 5 836
46 288 543
22 115 47
232 279 5
133 45 818
250 16 380
237 171 570
137 205 112
13 199 780
103 137 979
153 87 461
159 170 801
36 62 588
286 24 104
168 273 603
248 53 384
252 6 993
93 155 551
295 179 509
79 247 535
135 115 983
162 244 77
276 272 971
83 234 876
141 39 756
54 74 176
33 221 741
151 229 912
64 82 462
103 195 938
247 16 233
252 265 88
202 131 817
21 17 908
66 80 343
214 152 452
98 60 132
125 169 341
161 289 129
79 255 859
178 230 76
222 141 190
291 89 926
300 219 26
76 121 807
261 211 12
74 185 882
89 291 899
161 70 288
75 10 837
107 71 569
251 231 222
81 204 345
166 127 82
195 150 892
190 292 349
114 33 736
68 137 797
291 54 867
213 235 787
209 188 626
193 272 491
165 134 441
20 127 618
70 188 112
188 152 402
37 262 282
173 50 925
30 201 386
11 181 248
84 256 168
207 67 484
38 265 863
141 49 590
114 244 995
86 200 941
185 79 615
140 243 714
283 12 34
280 71 931
201 53 127
213 291 968
34 16 653
27 95 513
233 158 370
194 201 64
205 22 94
266 217 843
232 210 724
71 119 280
203 260 578
246 145 529
164 212 199
185 31 792
114 93 861
247 79 777
90 10 400
22 121 962
140 116 500
169 74 953
285 239 684
69 300 475
100 143 475
104 162 667
35 197 278
271 229 285
245 96 252
178 35 48
108 262 181
183 124 780
66 91 779
147 3 997
155 20 381
208 287 499
300 233 297
261 201 136
67 148 146
269 295 471
217 14 474
186 147 712
128 128 880
200 8 729
16 136 335
218 82 417
221 242 59
167 149 4
291 9 677
6 105 708
104 298 688
241 22 467
26 256 836
229 195 908
10 43 143
203 27 309
173 220 58
270 68 723
245 108 751
299 7 293
222 47 655
8 8 927
20 246 179
296 122 589
134 204 55
299 108 456
142 198 150
257 2 428
43 0 628
284 289 405
40 137 962
250 169 225
55 13 977
242 7 55
177 200 978
186 45 603
290 212 153
95 138 582
108 6 970
259 251 683
125 4 115
27 16 345
278 71 632
285 25 86
208 197 401
262 27 821
139 51 538
266 65 523
7 75 164
243 58 85
91 251 58
104 297 444
89 12 19
92 157 88
237 273 175
143 188 665
286 139 407
53 222 630
19 147 50
205 28 533
200 38 774
97 101 81
10 12 167
144 82 16
64 176 903
50 108 640
273 142 350
146 128 280
254 129 234
278 36 266
231 232 879
42 277 548
34 82 913
100 59 993
116 35 544
121 196 896
131 28 38
86 38 969
45 200 130
79 234 39
276 9 889
259 52 174
164 77 864
174 190 443
137 0 23
225 224 356
266 18 86
100 41 63
1 277 992
23 201 314
92 234 484
107 298 320
264 138 452
69 283 570
202 61 265
240 26 408
290 15 1
210 25 764
161 231 514
1 260 364
198 11 396
83 269 468
137 84 445
46 196 427
261 277 334
82 209 242
181 17 745
30 126 380
77 261 945
169 280 236
101 22 413
21 9 717
70 56 55
162 282 93
5 296 198
79 102 544
173 215 764
62 235 288
232 120 573
167 253 663
2 128 479
225 95 406
209 10 17
122 108 790
160 126 395
4 278 171
245 221 502
87 246 422
244 118 870
213 72 446
127 293 534
217 131 811
22 116 168
14 48 735
156 159 486
17 122 409
257 277 779
168 133 830
177 186 332
91 187 607
8 191 54
298 289 785
284 41 459
141 245 198
96 151 784
98 59 62
184 153 540
284 194 838
37 112 27
105 298 731
279 233 720
24 294 795
150 296 246
252 39 73
138 198 57
284 83 939
262 33 737
236 189 565
145 73 268
126 293 261
27 19 84
78 265 82
217 86 558
12 204 367
54 293 174
62 172 535
97 79 14
43 181 913
66 191 848
290 96 270
97 24 629
122 126 75
20 288 401
43 4 923
140 95 599
84 168 164
19 37 781
86 212 597
213 51 262
207 63 531
182 263 519
229 10 580
80 280 845
71 290 408
194 120 704
234 128 545
184 222 173
243 212 620
61 121 382
29 150 194
163 153 731
219 275 83
134 22 11
10 142 966
87 280 857
216 281 69
178 292 898
104 140 922
66 260 650
42 135 653
174 300 204
51 174 419
116 64 861
273 293 409
212 30 211
210 177 782
196 150 66
92 1 115
140 292 889
58 176 911
144 289 47
255 289 314
251 136 245
93 287 678
115 219 436
228 126 344
79 101 425
232 271 744
204 141 932
152 256 494
60 124 543
113 33 906
89 165 367
96 239 903
52 186 367
212 41 424
233 22 755
31 216 353
12 165 33
58 201 660
77 198 534
52 238 332
155 28 300
171 141 94
220 180 394
176 14 261
54 103 158
60 289 666
219 140 912
95 267 652
283 124 310
197 299 644
198 169 860
190 148 792
105 79 925
220 253 103
148 272 730
165 70 174
245 185 641
228 216 266
98 248 266
35 94 710
38 26 220
15 191 285
128 275 299
86 231 152
20 154 258
92 246 26
174 14 647
116 25 724
58 239 539
117 266 505
146 84 77
283 167 145
237 229 241
81 30 190
286 141 728
223 182 402
201 251 834
275 158 855
33 11 634
97 175 130
13 294 147
286 184 677
170 241 199
198 260 124
3 122 318
28 27 156
136 296 371
86 258 676
86 247 938
164 137 260
114 51 282
227 299 949
118 293 2
240 200 954
149 68 881
253 130 878
10 157 588
188 283 382
99 152 899
238 71 51
134 234 211
205 129 428
108 138 588
70 164 510
71 231 166
87 177 292
165 267 412
80 42 680
163 159 192
185 207 44
115 137 664
130 161 646
285 134 373
94 274 245
244 227 952
63 207 321
217 191 360
26 89 896
29 213 77
207 65 724
144 285 551
293 108 437
177 130 487
272 128 258
28 81 282
77 200 183
57 70 758
180 203 44
63 254 634
99 76 766
218 3 413
82 103 260
32 254 395
94 26 55
122 279 549
172 268 276
113 156 157
67 274 631
84 80 431
106 117 607
221 199 857
10 160 207
166 140 175
48 115 54
217 65 759
159 14 789
63 54 365
106 216 506
132 98 823
63 56 623
101 46 356
161 17 910
78 39 455
254 270 812
242 130 863
130 195 264
57 59 716
95 233 114
226 60 639
293 83 150
248 190 878
65 116 965
15 198 75
100 84 446
151 86 219
222 206 657
224 22 622
192 77 353
183 138 407
279 103 208
164 269 396
168 77 712
288 39 41
239 172 207
92 1 392
37 69 439
175 87 867
224 68 650
252 158 339
74 13 757
44 114 257
273 31 437
274 130 749
212 198 909
254 234 48
109 215 30
121 300 657
117 118 902
71 57 507
285 259 265
165 219 616
190 58 420
37 155 964
42 66 497
266 289 378
216 19 174
278 87 879
125 98 80
190 17 226
98 74 53
255 12 520
128 0 692
150 90 939
133 251 281
218 153 728
2 251 460
64 220 433
83 151 901
236 236 374
299 257 704
99 171 904
300 11 587
270 24 450
270 177 282
20 136 906
117 284 106
65 125 92
180 79 793
272 292 389
245 43 691
105 189 612
25 62 54
168 19 447
239 156 571
85 45 826
138 210 79
120 234 422
256 177 614
166 110 519
79 299 48
203 218 34
185 4 129
204 175 478
88 2 723
29 234 395
51 221 876
238 39 622
271 94 624
242 144 463
142 274 46
140 15 7
242 184 965
263 255 943
51 243 716
137 280 268
278 85 473
58 50 85
238 217 637
28 107 68
4 210 397
255 279 264
153 111 3
149 233 718
134 61 917
201 255 995
221 97 986
154 39 785
143 225 283
86 208 900
66 219 866
12 232 192
30 38 296
111 135 285
55 155 104
259 23 775
172 253 753
258 273 443
147 287 419
234 19 378
298 40 6
189 24 29
160 3 882
33 203 631
77 157 56
210 262 526
97 79 624
256 177 373
76 235 293
126 67 226
151 93 905
74 228 674
124 1 679
199 146 966
30 290 746
271 57 501
298 138 819
159 194 302
54 26 94
87 140 333
244 279 991
270 110 886
129 217 526
108 186 891
12 217 17
230 294 715
224 40 696
67 33 198
205 49 483
236 230 225
244 82 47
300 225 949
39 250 661
6 37 495
143 209 757
170 293 226
43 57 39
291 67 293
30 166 475
168 122 971
138 111 692
67 190 355
118 276 52
156 126 800
142 19 356
281 194 253
156 221 530
126 53 614
213 100 207
124 194 730
230 35 720
126 189 196
256 111 53
275 235 663
141 1 562
160 32 819
10 206 348
190 243 315
131 39 95
248 202 31
206 294 937
282 64 800
275 197 564
207 113 626
30 52 766
143 10 258
11 256 40
27 154 937
11 90 480
31 131 138
40 32 796
88 158 887
69 71 15
61 149 186
142 130 17
276 53 965
132 295 976
102 31 286
95 56 349
282 263 680
222 176 938
56 87 706
124 55 95
281 287 900
129 4 306
139 250 547
73 187 117
98 234 101
70 273 462
33 125 66
170 122 886
149 188 195
11 200 389
263 296 188
68 274 501
39 63 67
100 294 860
183 282 487
14 14 943
158 67 588
236 241 788
37 127 637
275 28 766
156 102 918
36 69 381
106 263 651
285 12 75
72 26 77
161 293 425
40 34 466
243 203 932
265 147 249
48 243 646
62 53 332
296 282 105
273 69 355
1 300 959
77 114 913
177 185 661
91 62 736
27 263 527
113 257 168
75 237 681
243 102 902
275 35 209
166 141 908
2 84 812
98 94 298
260 206 442
14 194 117
99 215 808
21 227 136
249 168 431
22 33 450
59 52 517
59 13 36
255 144 209
199 225 278
291 176 276
65 246 157
49 251 255
219 58 171
189 197 543
31 212 346
83 85 447
269 85 554
234 192 56
251 288 48
6 42 772
154 220 298
185 190 640
275 281 28
180 287 62
147 174 928
0 58 663
231 151 850
139 122 414
35 211 737
74 27 865
130 179 623
155 38 775
289 63 270
94 6 430
218 35 448
39 103 849
185 7 435
289 7 109
134 230 196
85 36 347
47 147 150
134 151 658
116 72 725
179 258 839
298 39 317
254 225 492
161 239 766
199 295 702
172 5 556
149 177 136
137 34 997
104 116 591
148 238 940
152 2 470
171 103 870
3 201 428
64 178 117
199 259 639
132 63 897
288 102 562
233 228 894
242 102 375
294 283 341
183 235 860
88 129 903
156 244 863
264 64 452
279 296 540
84 54 864
222 129 808
72 241 588
152 73 460
37 167 359
177 246 613
86 194 534
226 18 489
101 40 688
180 248 426
294 211 507
158 180 816
24 28 242
269 251 585
235 282 394
59 290 96
98 165 547
287 153 486
182 178 702
292 143 310
63 80 828
255 249 534
95 126 954
136 99 376
274 153 4
45 183 52
227 198 917
82 22 975
203 141 913
36 256 838
161 26 983
76 92 167
240 275 464
17 138 70
150 9 341
247 164 481
37 251 340
241 49 601
109 152 533
170 25 263
129 180 107
278 154 406
43 48 682
3 295 263
38 80 522
54 2 567
146 125 113
153 54 743
232 257 300
160 69 290
106 245 232
48 98 260
101 226 678
8 205 165
38 8 451
10 219 618
124 227 700
152 171 996
242 171 184
224 111 358
130 0 246
230 208 328
287 160 285
214 224 994
224 155 756
59 208 919
218 98 766
165 231 156
60 137 971
214 177 619
94 162 305
193 212 333
241 79 76
59 208 503
295 142 319
199 11 874
82 41 469
202 246 610
133 93 382
50 89 214
139 144 383
174 291 935
153 158 88
263 99 998
273 162 183
91 293 715
117 167 51
89 147 108
13 281 233
30 89 895
235 22 727
232 255 820
125 65 295
211 183 974
180 130 826
41 128 809
62 23 406
42 217 640
88 119 707
208 206 628
2 168 58
271 21 288
135 53 356
145 19 307
54 102 358
270 223 289
141 49 703
212 136 936
287 2 293
270 110 593
217 139 883
260 25 639
66 15 725
211 169 305
195 41 174
94 269 551
162 274 678
8 23 987
251 8 449
25 13 525
158 233 898
231 126 709
86 107 205
227 118 615
152 1 632
82 206 671
184 35 137
33 96 812
236 125 333
34 203 25
85 84 109
2 108 547
57 170 227
33 266 844
246 64 351
14 29 336
184 4 828
9 49 394
57 27 919
283 68 935
255 262 316
199 121 727
138 202 935
132 232 88
35 16 92
36 257 618
296 62 64
223 44 90
98 229 673
181 225 369
38 202 349
53 219 587
201 280 911
8 163 916
98 70 935
110 211 188
131 129 589
213 175 791
164 171 560
258 33 457
226 282 506
281 92 307
110 89 0
76 88 929
137 215 985
118 88 144
224 277 480
245 277 365
223 129 811
291 170 540
185 238 396
202 226 369
296 287 969
196 238 358
186 161 693
251 120 216
82 1 415
137 22 404
134 6 208
288 228 19
155 240 67
148 55 711
158 86 187
226 58 326
150 124 951
10 299 260
0 280 9
83 7 611
221 219 781
185 159 772
2 14 578
164 300 380
288 257 982
171 295 761
98 82 833
64 114 280
4 200 16
69 225 45
27 198 944
86 176 244
244 126 843
133 296 139
259 81 197
131 42 936
248 266 371
34 276 636
274 122 643
176 34 444
201 148 804
5 60 837
230 241 775
121 56 988
50 161 777
227 46 369
278 220 766
200 88 564
224 83 335
276 235 96
187 142 483
248 258 579
279 34 423
253 168 736
51 180 127
233 298 170
256 171 389
225 16 734
82 294 433
152 266 627
57 218 791
103 27 280
190 272 17
119 260 219
134 264 531
196 195 545
265 6 406
230 29 648
56 199 137
283 295 969
215 263 445
1 181 759
65 262 14
258 105 678
292 225 733
259 39 439
214 232 292
272 116 76
208 266 716
66 276 683
80 4 679
199 19 984
78 67 745
218 262 295
74 19 777
93 139 81
186 174 967
46 33 797
109 17 888
282 126 909
142 146 482
174 118 686
141 163 629
264 3 493
160 263 233
38 104 237
66 38 660
80 260 14
69 54 462
296 237 840
189 87 714
97 53 266
173 208 94
63 183 927
66 190 864
160 25 104
53 229 394
293 122 199
5 67 468
230 251 636
188 190 959
268 119 951
89 89 645
264 240 146
215 82 751
198 36 784
148 159 829
123 39 126
61 15 605
122 242 464
288 83 183
6 228 168
254 212 48
270 68 37
58 78 98
219 216 5
282 211 877
48 5 534
141 136 227
267 237 931
208 277 819
258 101 942
297 155 849
276 164 480
273 171 33
137 14 598
291 250 467
8 268 312
41 258 228
149 272 155
43 35 71
257 22 415
120 13 117
237 268 300
208 226 264
213 35 195
104 55 807
141 233 384
196 2 955
254 130 301
235 221 643
115 77 903
217 193 875
2 232 219
217 292 477
102 75 405
1 201 152
34 74 349
264 253 651
12 186 985
131 176 423
8 126 309
174 31 32
228 234 224
242 217 587
84 265 181
7 226 204
55 16 240
41 158 127
36 30 211
143 62 188
142 67 142
243 41 793
261 167 524
24 221 980
135 198 111
295 67 797
35 243 125
171 255 370
62 143 417
209 109 262
103 265 542
211 144 312
149 76 600
244 279 314
191 230 250
86 292 507
131 64 45
111 85 62
129 217 321
119 75 394
290 122 864
230 119 382
10 22 375
232 110 749
115 162 473
35 31 355
74 161 730
89 209 167
272 192 733
66 143 801
29 8 376
157 10 539
248 36 788
227 0 657
61 192 520
132 286 429
79 15 584
22 123 856
140 234 536
265 260 848
244 239 980
270 262 483
112 59 58
102 79 781
202 167 259
220 0 237
47 236 415
279 284 236
34 264 332
185 283 406
15 175 796
98 223 836
78 153 173
0 200 94
45 217 339
48 10 415
95 234 253
266 127 853
250 228 263
86 260 270
31 31 546
92 86 447
33 99 669
180 265 247
214 195 737
33 64 725
15 71 937
273 134 778
136 291 414
187 50 351
60 79 590
159 6 157
11 20 842
96 8 385
31 180 723
11 288 102
183 258 64
167 24 762
26 75 406
233 137 567
233 118 27
284 153 703
182 14 689
158 287 191
81 179 677
265 195 155
98 176 820
78 115 526
50 105 4
166 153 458
166 242 432
222 34 988
69 95 881
197 279 747
64 274 677
47 234 264
201 107 36
291 107 684
139 131 30
127 228 723
196 269 624
62 191 430
44 287 63
44 213 95
210 104 812
46 46 86
69 84 833
92 237 452
243 149 401
263 47 150
80 71 116
269 65 244
226 268 772
155 228 734
79 249 774
247 292 302
272 55 350
214 300 486
81 19 917
10 151 936
139 63 115
275 300 41
203 84 499
13 100 957
140 94 258
238 270 164
114 49 927
199 102 295
23 72 465
259 175 679
92 159 156
184 264 372
281 210 675
228 51 188
241 250 282
73 116 712
295 249 661
32 71 471
87 256 693
100 279 131
145 17 788
240 284 396
43 19 656
294 259 61
182 270 790
297 124 939
62 144 10
194 202 519
241 72 381
146 211 219
205 75 212
277 44 399
64 104 589
95 44 286
282 30 502
23 123 994
41 269 538
209 139 6
134 220 590
94 280 6
237 13 11
126 271 894
230 68 436
176 116 553
256 46 287
6 71 105
280 98 540
184 240 385
223 295 500
181 89 409
86 239 137
73 69 546
145 266 568
105 74 108
230 170 610
17 31 771
108 45 716
102 8 343
3 74 138
127 206 997
115 26 647
204 288 677
85 216 612
217 145 647
98 12 996
105 211 891
299 82 789
111 250 106
42 118 400
254 151 535
57 166 168
263 142 143
235 119 564
286 282 493
37 199 262
296 263 876
170 283 128
88 275 664
196 188 388
125 189 980
191 183 575
121 213 491
215 37 546
241 272 12
248 9 763
296 186 71
201 246 657
20 1 383
275 207 455
117 122 433
99 212 708
162 103 967
195 238 278
142 54 420
197 290 437
291 223 979
9 203 936
125 285 585
289 62 21
266 63 329
51 299 299
212 189 798
14 118 683
286 285 72
194 87 709
222 205 4
21 258 790
190 179 195
127 180 251
78 156 756
15 132 677
38 203 818
32 12 372
10 29 728
129 187 630
245 116 147
20 75 741
38 37 364
169 53 308
185 84 15
182 247 418
8 231 453
12 61 985
103 242 832
239 218 543
38 289 859
238 259 536
37 227 560
5 66 392
272 242 759
124 114 487
73 70 238
276 7 358
232 109 639
209 166 803
1 251 190
46 76 423
255 21 396
206 194 289
201 26 892
99 194 462
61 246 692
83 4 334
54 136 558
121 228 263
17 16 683
48 2 212
264 282 600
271 118 154
30 33 605
183 24 102
74 287 826
153 95 708
72 73 241
291 272 342
118 103 889
99 191 806
177 272 292
150 79 575
98 225 784
240 24 187
170 92 664
18 221 87
294 38 336
276 155 9
218 268 716
113 46 87
197 296 859
108 40 584
261 91 420
162 86 321
63 91 644
246 176 30
300 213 372
152 56 355
55 225 661
196 264 628
294 202 714
12 29 484
150 165 587
152 14 712
167 220 567
13 276 74
139 12 909
156 54 934
55 124 271
181 138 765
61 164 787
215 231 13
241 267 614
237 198 659
199 223 838
269 260 462
43 97 810
81 288 98
156 189 175
87 277 965
23 220 431
163 285 575
47 182 237
255 232 625
19 243 634
86 28 18
278 58 748
233 293 867
248 45 902
277 8 861
192 212 521
14 268 601
30 226 189
50 218 360
203 131 632
251 269 428
223 43 780
204 73 510
189 235 105
106 9 598
12 92 828
31 71 859
255 281 262
295 196 367
132 16 904
149 189 287
259 104 687
288 279 509
115 125 600
188 147 657
285 233 237
158 245 233
4 260 756
35 206 603
64 171 133
33 116 538
296 180 84
213 236 278
224 54 719
154 241 643
189 69 83
177 11 619
183 28 130
289 109 802
29 114 428
198 284 544
264 90 284
2 138 130
10 26 421
16 128 616
216 244 898
182 8 292
279 45 176
156 113 835
150 256 154
190 273 49
169 137 544
282 8 545
271 18 451
121 291 837
248 174 647
165 149 676
139 188 862
286 153 929
206 50 326
93 118 27
33 270 132
275 64 91
140 94 281
185 227 467
183 220 560
242 160 846
72 88 984
269 259 225
195 280 254
213 96 221
19 37 744
66 111 252
60 72 148
119 14 196
41 262 700
126 270 813
8 211 324
245 238 308
54 84 791
284 47 752
101 59 96
182 228 502
244 98 619
205 232 869
134 222 344
28 46 213
52 242 784
246 233 966
232 241 293
41 148 698
62 15 724
23 206 415
275 46 438
297 78 861
179 69 245
50 106 981
3 251 667
267 120 585
44 195 482
218 31 303
91 151 725
221 37 15
259 71 232
10 7 999
204 130 31
109 237 379
112 55 544
170 224 499
238 93 92
41 193 865
219 132 558
274 258 672
123 130 60
289 183 751
7 62 967
215 3 822
104 53 265
85 77 48
176 163 893
280 133 827
246 146 37
209 98 29
194 247 981
32 84 654
157 77 200
129 173 543
41 226 943
204 280 250
264 6 676
56 128 359
286 103 526
103 11 816
64 17 846
63 130 625
9 51 98
201 19 188
57 38 392
67 232 128
151 180 797
144 186 223
253 259 638
103 113 435
70 14 811
237 79 674
149 4 311
150 83 903
151 288 229
92 250 221
255 249 993
198 296 758
114 93 214
73 204 812
35 197 548
239 211 273
16 229 770
228 57 676
82 91 45
0 121 180
64 176 658
182 209 319
65 271 447
55 29 71
147 74 802
114 61 780
280 32 855
31 198 796
161 258 868
300 87 866
86 220 880
130 109 352
279 273 444
42 76 757
251 249 98
34 2 695
100 207 148
178 120 801
213 68 46
43 127 983
188 168 313
33 123 557
159 21 740
171 29 768
56 113 895
90 36 353
116 191 241
245 22 97
294 206 267
167 119 85
113 286 187
223 81 925
27 237 923
209 101 630
165 26 615
30 220 842
279 285 983
205 122 28
202 297 606
159 206 891
94 52 471
298 101 209
188 300 793
71 140 217
252 92 879
215 19 116
215 218 701
242 141 731
40 290 967
165 29 416
137 191 585
36 95 887
223 58 672
86 19 276
233 122 499
35 44 38
27 67 436
221 1 180
40 139 402
255 152 975
78 251 346
183 220 864
226 255 453
161 87 497
45 25 396
236 291 876
223 201 484
111 159 626
38 168 641
243 43 135
166 165 761
92 177 379
180 182 212
259 123 606
139 16 712
126 58 912
166 267 319
253 156 864
79 280 120
110 177 506
41 268 713
70 112 151
3 272 368
170 130 251
160 145 67
24 18 35
251 80 547
220 226 303
219 62 715
76 137 161
97 12 626
86 172 299
65 175 80
149 74 532
126 246 649
279 224 421
8 78 443
21 62 760
116 163 589
251 105 630
200 52 626
84 116 482
29 283 903
3 75 930
44 120 638
292 205 643
143 80 370
27 2 955
48 234 239
294 272 739
63 281 760
278 215 569
221 69 214
297 295 474
144 209 62
115 35 259
261 230 280
108 289 152
31 220 272
27 27 604
272 256 2
290 161 232
183 176 213
61 39 334
28 272 785
20 117 250
91 195 352
245 79 87
214 149 794
284 251 567
256 208 333
95 182 294
177 96 616
113 13 951
138 9 910
156 216 3
254 32 152
19 138 880
145 95 630
2 260 2
10 163 943
257 286 536
248 136 775
185 237 96
219 125 899
217 172 6
195 93 268
39 70 965
209 142 187
63 94 634
286 92 680
72 32 545
119 226 345
125 170 790
108 198 307
135 137 406
180 145 443
187 222 136
115 269 677
171 18 916
288 243 961
90 184 373
251 65 45
51 90 652
30 147 811
101 237 938
77 282 97
25 212 244
78 54 299
4 209 341
225 132 219
293 268 237
241 83 451
120 211 68
266 70 352
175 290 524
200 105 745
110 80 966
101 57 718
169 158 741
111 48 454
80 85 557
170 277 568
13 227 338
271 138 973
257 212 890
234 203 145
176 145 685
1 209 194
227 70 825
66 80 770
192 51 287
95 177 592
196 89 859
194 202 643
91 148 139
102 200 602
51 132 580
294 170 693
12 207 518
74 208 365
188 285 476
180 292 323
92 234 422
254 241 997
290 56 558
32 216 687
147 66 875
205 73 74
290 70 373
10 252 809
9 148 93
265 88 132
198 157 590
36 280 86
149 155 554
269 266 668
269 176 870
251 261 826
113 296 307
8 42 836
48 134 283
287 35 426
296 281 434
30 141 748
256 180 87
54 91 484
192 71 145
202 254 871
5 232 660
63 36 417
74 211 635
190 113 61
243 87 817
45 28 958
47 194 573
191 63 371
110 91 18
231 244 588
44 283 836
228 237 1
177 185 277
201 22 947
28 23 440
25 235 81
60 135 948
196 116 273
171 142 912
159 0 127
92 52 93
51 185 792
132 22 10
172 224 508
2 59 148
23 5 629
21 104 892
120 185 907
244 119 645
127 222 171
262 268 361
48 238 675
198 187 554
98 247 339
93 7 898
25 218 697
263 85 980
151 60 688
53 261 195
115 69 240
94 133 86
207 66 217
298 80 32
206 257 812
168 217 80
10 263 280
203 154 931
233 13 609
67 158 952
146 144 94
16 76 771
30 130 80
114 95 635
16 282 464
133 250 472
54 47 281
45 249 539
20 21 956
108 271 813
39 210 81
174 98 841
265 40 296
116 93 796
13 266 636
169 151 705
232 232 758
71 28 77
300 52 307
15 0 466
236 53 81
168 24 26
133 159 310
69 207 377
72 120 792
160 251 927
171 30 273
26 39 188
165 57 372
112 220 664
299 186 412
94 152 409
60 73 247
98 264 181
84 153 251
244 128 692
206 170 965
179 58 137
175 63 657
175 291 368
199 35 530
231 300 433
216 197 111
70 56 505
6 101 957
92 279 853
256 228 38
272 55 887
292 153 10
27 42 972
198 128 837
251 188 580
195 52 606
53 255 948
31 135 236
142 147 662
179 34 159
106 169 978
6 173 694
139 54 128
0 279 826
61 89 517
98 15 935
186 220 303
44 125 297
185 245 500
112 246 652
46 49 455
136 283 520
54 275 271
51 223 491
174 226 440
186 70 865
103 270 796
108 40 379
267 90 403
298 14 632
155 1 137
3 160 427
75 201 329
120 178 116
117 139 916
52 196 130
218 68 877
37 66 626
113 272 426
250 170 597
243 155 976
60 96 680
14 41 671
30 208 663
107 36 748
241 212 198
151 42 290
78 62 816
199 254 775
156 132 69
1 177 319
290 272 278
80 149 389
11 300 647
101 132 975
20 276 14
272 111 714
282 229 363
117 270 298
139 180 378
273 225 518
84 109 552
255 192 568
133 282 850
128 54 246
239 60 371
236 21 905
22 192 600
229 297 994
122 264 190
126 222 449
257 234 333
276 237 969
206 216 996
294 44 927
288 241 239
203 137 264
139 10 870
158 101 102
65 68 619
235 68 902
276 158 963
21 288 229
34 190 979
242 224 284
194 172 297
115 28 738
42 187 443
159 22 883
18 212 529
23 276 191
293 104 974
91 183 481
250 171 585
70 27 912
280 216 853
53 251 347
52 103 601
162 56 114
254 164 432
186 292 277
268 264 629
106 144 694
144 194 626
198 68 46
89 12 546
274 14 355
104 274 497
249 223 825
273 192 687
203 216 880
180 234 738
100 257 447
9 53 438
272 118 573
3 109 680
176 209 531
181 192 136
149 234 626
125 111 627
281 135 753
237 61 63
157 111 332
48 5 547
205 220 277
166 157 655
12 198 902
205 174 78
2 159 896
275 269 133
159 214 305
176 48 400
235 220 476
57 220 953
91 177 389
186 33 331
141 41 506
134 202 527
258 146 578
150 157 342
155 229 906
11 277 394
58 177 275
227 188 236
217 121 30
140 79 46
295 202 515
252 116 791
147 109 1
35 292 505
19 221 495
56 123 7
248 203 112
31 215 287
116 18 290
253 110 528
164 264 866
213 285 152
169 241 462
66 117 798
152 286 86
142 147 859
62 112 341
296 202 817
282 270 759
11 287 863
179 232 797
247 35 222
6 257 907
47 270 491
80 266 884
100 186 34
39 190 866
108 103 730
272 176 509
222 233 718
104 281 723
93 193 406
162 251 108
242 195 108
123 144 549
259 258 206
12 37 988
145 150 496
257 128 808
208 110 73
278 273 201
66 192 741
208 144 336
186 26 375
260 195 5
182 82 970
141 79 225
84 150 461
187 264 962
72 169 111
259 147 991
230 171 754
252 264 249
18 133 872
226 135 10
48 146 241
194 145 87
83 251 962
128 162 612
201 263 362
15 99 136
237 112 933
292 218 13
232 20 270
150 52 391
166 207 94
80 31 988
40 217 319
204 8 971
99 69 147
153 164 963
118 37 45
199 50 857
287 29 997
291 60 777
100 268 711
180 157 670
234 258 314
68 24 38
258 21 363
111 139 356
269 127 312
15 274 366
214 20 297
63 260 868
69 28 227
90 195 213
208 14 703
31 10 292
143 91 829
226 28 106
74 22 14
228 195 788
125 264 91
130 221 177
267 117 960
268 117 760
29 153 0
198 1 134
146 82 777
223 203 756
160 144 450
191 163 47
45 46 216
22 266 303
190 85 127
189 243 892
41 274 946
193 257 759
251 259 222
190 157 993
61 134 894
187 222 150
118 209 407
212 224 731
272 179 318
153 227 641
118 238 851
204 300 161
70 238 301
88 283 998
29 74 678
186 230 368
277 199 93
180 150 616
246 292 377
164 148 793
52 165 811
2 63 99
283 1 130
220 195 769
36 169 459
176 235 297
17 268 853
5 264 3
261 44 554
48 162 616
128 185 853
219 215 900
131 71 774
221 102 628
197 226 851
229 298 103
295 111 673
261 241 876
279 40 813
145 210 705
102 144 341
161 238 645
156 144 338
69 174 268
66 170 494
132 16 242
264 135 97
162 229 62
151 270 707
151 40 397
103 102 751
106 206 868
92 146 6
272 261 137
183 172 195
167 116 737
225 248 578
175 84 53
255 84 275
208 291 766
149 136 816
292 126 488
17 9 779
210 130 686
83 186 475
71 218 820
110 200 519
239 85 882
58 216 435
87 169 679
185 263 194
57 181 765
13 149 394
294 22 611
109 173 106
125 295 771
44 49 209
18 214 651
128 42 961
28 247 132
60 33 507
129 23 725
198 66 96
23 32 202
93 9 841
8 78 242
98 139 397
92 105 893
111 198 278
208 43 72
178 32 643
284 278 824
118 277 32
111 202 955
159 43 914
292 145 499
98 37 215
257 203 292
81 178 156
3 107 793
285 18 490
288 233 630
244 259 649
252 282 930
260 253 173
175 19 775
239 16 362
80 289 382
230 55 213
123 4 691
273 183 402
193 259 516
210 101 638
192 268 109
177 269 482
129 13 273
278 253 317
155 90 914
241 18 864
246 56 614
291 73 840
48 251 400
175 286 482
174 130 35
53 70 214
39 90 747
273 2 48
96 61 434
280 292 897
70 278 797
134 136 25
52 15 160
168 230 619
121 260 973
105 263 402
258 296 545
39 189 856
93 212 758
214 48 82
255 29 672
139 71 351
229 82 505
211 66 620
222 68 429
235 153 703
67 113 443
54 84 525
192 164 262
90 25 178
289 182 267
225 295 61
181 132 5
150 268 360
1 204 482
151 125 790
99 47 142
128 118 660
59 24 164
159 41 422
177 241 467
161 235 736
271 283 615
270 157 930
137 52 855
272 144 904
298 137 153
180 232 564
163 238 947
101 289 717
139 128 918
51 123 682
264 61 474
85 52 989
88 86 233
213 10 764
289 300 93
103 207 325
13 176 458
158 69 592
240 190 268
191 175 906
274 193 157
1 225 831
274 135 964
164 170 113
128 56 591
278 111 280
53 12 839
83 68 839
102 3 16
173 292 428
174 149 870
75 259 508
222 101 623
62 229 915
237 211 306
16 234 498
277 52 740
77 236 65
86 256 915
49 70 1000
251 118 816
189 72 411
56 259 632
246 119 103
60 28 142
69 107 436
252 46 206
39 196 204
234 152 360
67 73 300
248 89 905
285 89 294
174 1 924
50 64 42
242 186 120
104 270 996
273 292 148
34 8 509
210 108 731
100 67 494
78 229 133
148 292 20
235 129 322
210 266 142
234 234 533
94 122 472
236 53 663
115 151 13
240 271 841
27 150 918
69 226 283
165 96 929
186 283 768
44 175 848
31 29 390
143 197 475
280 199 341
150 242 388
242 70 987
99 283 969
64 196 294
3 261 284
106 84 808
287 265 988
158 157 551
209 40 648
157 292 661
295 140 410
42 291 782
242 40 390
129 84 83
126 201 346
277 121 440
232 180 28
13 158 371
201 191 837
195 293 440
254 158 947
27 223 87
137 108 924
242 208 938
244 189 472
273 236 456
48 188 282
128 189 808
277 186 637
103 185 135
99 191 424
87 167 918
13 185 690
79 158 501
63 261 813
83 31 198
49 298 496
288 140 522
12 246 428
55 135 193
67 253 630
218 269 375
92 41 855
88 151 299
2 63 786
49 232 814
112 66 249
246 230 932
136 277 672
224 49 379
265 128 359
279 13 844
73 32 560
22 137 122
85 145 395
241 71 533
228 270 776
263 282 288
224 138 73
172 14 590
276 117 672
197 86 789
224 170 919
215 128 652
2 228 923
33 129 199
275 194 562
182 106 965
238 175 923
250 170 613
235 253 323
221 5 624
137 190 1000
82 266 20
273 165 489
186 93 428
264 92 169
222 206 616
174 180 421
148 289 779
42 42 687
140 175 402
108 228 646
184 248 157
257 36 422
25 128 521
294 178 166
222 297 529
260 87 473
133 194 160
109 219 163
95 235 135
97 44 175
179 95 279
63 13 854
230 52 291
141 257 111
172 288 664
212 281 689
130 271 701
5 3 78
119 68 781
15 58 414
153 21 441
185 86 244
214 227 721
1 57 607
117 149 642
12 162 722
226 242 388
128 176 845
53 170 671
255 179 166
284 9 554
222 210 400
37 189 551
192 282 550
194 86 830
289 185 670
62 138 698
54 236 496
74 67 840
18 190 253
99 271 997
129 240 218
178 98 320
8 81 376
193 141 105
152 137 144
257 66 496
123 22 324
191 265 897
17 153 817
174 220 555
146 130 903
86 229 180
274 144 327
97 137 974
290 116 690
249 142 397
175 145 145
151 229 200
163 290 649
207 76 539
72 153 532
55 118 60
268 144 596
8 159 144
228 297 54
54 0 536
195 293 525
287 152 386
35 19 815
112 24 339
149 104 694
8 162 251
61 108 119
100 43 334
286 282 145
258 268 426
159 148 961
29 46 586
48 265 943
27 6 95
60 136 13
228 269 900
55 49 814
262 52 741
267 113 94
245 183 610
229 253 792
198 162 485
202 16 544
139 139 577
155 293 374
87 278 689
221 23 707
4 229 558
140 155 252
183 277 679
27 42 141
297 271 837
248 20 951
65 133 636
99 75 178
186 41 632
98 220 872
235 187 594
20 190 288
295 256 436
164 281 131
5 175 430
179 279 99
118 284 688
2 205 811
223 231 440
105 275 98
159 168 550
14 198 938
110 162 453
145 169 789
280 252 277
281 85 892
277 291 150
114 291 158
43 154 494
208 18 413
50 41 186
269 173 934
133 99 180
217 52 659
191 84 784
262 230 490
21 278 433
286 65 299
198 184 485
79 121 778
77 80 205
134 169 121
185 260 207
187 142 405
140 53 34
195 95 999
7 234 897
202 44 680
174 8 939
186 286 159
183 36 749
134 287 315
40 159 731
192 256 746
164 219 144
51 173 295
233 176 85
46 95 69
110 254 737
240 108 924
70 280 573
195 68 590
92 220 477
274 123 389
210 266 695
161 121 556
151 55 868
44 286 255
1 186 544
137 111 560
17 9 86
18 186 674
292 4 395
94 71 21
173 249 727
230 169 153
190 127 700
215 23 333
245 131 552
262 292 192
102 130 58
99 84 235
111 35 725
13 64 468
243 94 764
168 240 889
289 195 336
153 149 670
198 72 95
141 121 553
148 98 621
87 26 9
54 219 806
32 191 340
202 59 427
153 66 50
41 161 535
32 124 377
90 276 406
248 290 525
168 162 744
263 56 145
82 2 956
61 124 870
107 142 251
119 65 438
98 69 17
252 152 228
162 157 662
111 206 486
295 178 429
248 56 22
249 27 983
142 181 192
267 26 878
130 239 999
129 155 198
275 76 857
285 170 815
174 27 771
173 81 178
44 54 609
2 121 360
43 103 610
238 93 339
151 247 539
142 184 669
295 212 459
300 17 956
266 154 895
173 283 625
90 183 518
30 5 851
17 60 216
163 180 957
31 233 506
243 41 509
53 99 40
196 119 674
298 233 826
163 17 232
296 26 224
154 297 921
127 184 862
3 3 761
135 158 599
34 176 672
64 280 14
153 197 267
210 281 680
221 297 691
245 212 674
66 123 768
251 10 493
145 87 168
220 130 676
172 235 443
83 177 742
14 54 698
7 173 266
89 300 113
268 85 594
94 131 207
100 180 33
195 15 767
20 8 90
162 185 115
88 0 547
264 110 856
50 70 302
146 222 312
39 283 455
244 270 960
181 244 707
275 117 793
188 112 302
224 97 645
179 242 833
244 98 587
247 155 767
178 135 997
142 69 381
122 157 531
256 193 937
47 15 403
299 0 288
188 141 14
186 13 759
277 68 3
54 213 771
21 107 697
33 177 690
24 135 121
172 293 542
213 26 552
83 41 986
258 1 885
215 202 856
179 208 997
142 73 625
112 111 749
215 61 559
294 7 281
4 170 240
157 138 765
88 250 977
13 127 981
84 126 505
300 96 163
47 143 877
221 250 357
261 151 780
218 256 656
244 216 441
126 78 35
268 140 75
121 223 999
146 134 15
110 37 262
288 126 221
240 59 640
31 61 435
15 274 687
249 178 782
81 161 866
195 36 798
5 39 497
254 82 952
37 61 447
120 201 379
182 257 596
252 283 952
75 274 682
95 260 190
239 111 790
133 255 138
78 97 21
196 213 337
198 226 559
44 211 854
58 53 26
80 21 356
93 142 298
24 91 35
163 29 67
155 276 168
237 78 791
70 139 337
5 148 828
53 235 202
54 55 720
216 169 558
10 210 331
237 206 868
221 131 294
152 64 828
0 27 869
91 175 105
184 278 813
34 163 256
28 26 5
153 190 111
165 150 314
246 15 998
233 205 95
110 250 490
296 289 295
272 204 922
76 220 423
159 85 678
44 111 88
1 126 330
165 296 979
144 148 413
203 230 758
261 204 864
139 247 130
129 210 631
40 260 515
83 214 454
259 34 83
160 250 105
71 214 488
291 100 885
290 241 231
70 143 629
162 79 2
26 197 976
123 203 68
78 150 826
268 123 842
185 129 214
235 176 242
258 31 725
131 140 210
253 279 270
215 59 840
69 3 895
271 284 27
106 20 83
60 244 759
12 77 533
181 213 808
153 147 913
135 59 335
226 232 489
115 224 518
175 91 538
160 213 170
62 298 885
263 170 793
190 31 579
44 76 409
134 59 717
232 229 624
49 95 580
298 128 49
82 36 799
70 38 458
246 50 688
132 221 953
246 205 468
48 97 109
80 154 13
32 268 993
207 124 994
233 87 85
232 20 73
205 50 937
60 16 907
9 186 99
108 168 525
142 176 62
74 136 64
84 212 763
242 91 529
241 52 1000
48 106 157
180 277 382
219 180 101
12 104 160
286 169 849
95 121 911
77 105 475
115 8 314
158 298 272
211 152 333
257 178 909
247 43 37
93 300 239
183 207 512
267 45 617
242 8 174
221 24 833
26 23 232
111 172 137
70 253 953
176 233 433
236 213 185
131 273 73
5 222 215
57 71 786
284 18 874
206 274 40
216 232 305
236 222 468
261 268 862
123 171 519
185 101 727
74 125 324
43 56 131
33 120 19
219 30 691
61 167 655
222 219 616
0 8 528
180 272 238
298 31 718
165 6 168
141 94 469
259 169 839
165 81 280
76 23 288
59 212 134
272 17 608
238 150 686
84 175 54
15 103 160
169 164 207
246 114 98
83 74 968
118 72 455
57 113 151
11 293 562
127 55 214
152 4 417
137 84 561
157 5 253
194 124 517
4 98 677
163 97 831
117 177 437
140 102 224
210 148 526
50 184 888
236 205 333
197 1 507
187 118 303
191 29 987
32 28 851
153 48 144
282 268 638
13 161 701
266 153 68
223 135 56
284 135 116
131 125 499
72 128 253
48 217 236
242 245 561
264 272 275
60 297 116
93 160 413
196 207 717
165 35 184
186 115 677
194 211 309
124 47 908
211 197 28
39 167 796
276 142 329
193 205 785
113 186 466
161 189 78
186 262 400
135 48 591
277 22 322
181 250 581
258 255 474
110 230 558
145 39 162
93 239 544
90 83 208
135 207 161
291 18 651
132 234 542
166 292 877
181 223 789
153 101 326
40 107 645
25 217 838
29 171 336
287 234 105
221 272 768
253 226 621
233 222 89
285 129 569
80 34 800
47 279 409
18 122 833
249 25 831
248 158 293
237 127 729
155 105 908
41 149 737
187 29 648
198 42 494
167 55 816
124 209 244
219 127 217
187 297 28
266 134 15
227 293 13
64 186 991
139 299 956
226 27 55
7 214 174
113 88 136
244 285 52
41 15 159
7 124 417
138 22 181
114 15 208
70 109 7
89 71 798
34 243 451
93 60 828
189 74 271
28 151 36
53 196 556
161 170 247
127 15 878
70 251 247
250 281 169
148 256 41
60 19 167
132 243 582
275 233 630
37 78 848
111 188 960
116 262 910
270 238 450
246 194 662
156 64 393
183 161 765
237 259 418
186 28 827
119 12 461
266 237 135
51 295 852
168 78 614
195 275 578
129 258 779
255 265 924
124 208 131
140 93 124
119 68 701
260 171 638
161 50 115
129 92 127
137 55 189
30 94 263
168 94 339
296 87 112
185 221 995
87 159 303
255 51 88
257 76 802
20 169 48
102 163 909
143 99 393
99 283 25
178 99 744
38 270 311
230 4 798
176 263 169
19 242 679
5 131 751
118 290 987
273 67 4
74 181 502
272 91 664
108 48 391
70 268 50
80 203 908
54 279 885
115 103 118
88 72 633
282 36 777
58 135 512
298 131 41
29 154 396
256 163 876
32 168 233
149 233 121
149 132 903
244 149 531
201 166 170
115 91 556
194 200 742
98 220 991
76 181 558
25 197 833
179 65 429
2 187 133
222 191 730
66 245 361
219 185 407
189 138 668
215 246 415
215 293 229
242 218 65
254 249 582
19 182 846
72 213 602
93 24 948
96 220 612
178 148 553
69 284 258
249 189 268
68 35 439
293 263 718
223 159 8
38 266 547
129 264 510
33 206 751
106 110 509
175 133 940
113 233 714
182 262 763
220 46 285
43 80 892
159 162 764
286 254 952
199 224 225
31 208 689
216 41 336
285 84 419
196 208 243
276 151 574
217 0 712
56 86 906
227 15 625
151 55 732
16 269 907
104 76 284
245 232 300
238 138 499
25 212 865
104 119 908
290 147 371
284 140 92
39 274 21
0 160 740
84 127 605
264 168 568
284 222 885
191 245 762
300 9 427
242 25 710
61 126 146
63 289 265
69 46 989
207 138 294
96 215 462
299 246 384
217 50 531
114 45 467
182 103 286
74 141 899
270 225 995
111 88 195
65 1 516
147 123 493
185 129 634
142 166 711
219 60 846
21 69 397
58 27 540
223 52 191
185 147 489
14 278 503
192 43 793
1 104 732
267 256 699
187 69 736
277 253 894
114 27 732
143 189 52
23 33 647
88 122 412
269 10 975
175 189 415
130 184 387
244 265 712
127 208 687
0 217 778
144 270 445
17 136 938
141 149 911
183 194 393
172 30 289
40 163 252
8 94 918
51 273 71
92 64 738
195 72 616
158 69 178
192 47 30
249 87 898
156 222 809
275 261 43
159 15 77
133 89 953
232 80 922
8 265 37
47 284 896
117 171 475
142 63 995
296 58 47
122 229 321
161 177 272
225 12 871
118 69 382
170 66 370
181 136 718
136 166 276
267 41 833
238 196 366
16 65 551
229 71 835
288 203 172
226 140 999
210 107 929
149 39 433
155 269 931
126 73 668
23 169 695
151 292 143
115 35 378
101 262 909
55 70 407
170 236 676
4 26 270
275 198 789
257 258 490
245 164 45
194 142 697
161 180 566
116 300 10
85 280 733
248 289 516
277 217 895
62 94 387
101 184 336
77 148 237
62 130 529
104 44 109
269 101 139
172 39 881
227 78 372
109 183 301
244 150 939
113 283 68
16 188 264
92 68 609
236 150 804
12 279 855
27 265 251
168 46 383
167 159 355
277 53 530
5 139 830
55 188 634
139 19 350
160 296 346
209 120 149
91 242 142
63 12 713
258 234 90
118 172 485
247 194 491
233 1 356
4 240 521
97 277 39
195 174 366
198 57 131
55 208 838
63 60 740
191 185 385
111 247 697
277 295 262
66 81 233
121 275 206
47 37 448
293 110 361
233 59 239
5 231 57
276 84 221
228 203 255
76 63 440
279 128 805
148 288 140
243 94 154
205 76 957
199 59 893
113 244 706
118 120 817
67 16 458
137 119 938
35 60 470
201 27 407
53 221 444
252 113 129
50 40 525
278 169 66
103 63 738
108 33 422
49 159 814
292 292 628
189 49 639
27 142 808
86 124 704
27 294 828
176 290 202
142 224 549
224 244 417
105 230 771
77 175 309
101 6 218
40 281 551
30 231 904
194 282 854
59 181 224
112 234 361
109 203 878
191 126 147
180 135 894
166 162 749
229 106 477
212 83 133
189 27 22
70 20 897
257 221 632
2 63 209
210 104 127
196 283 690
42 216 61
266 113 904
104 139 479
35 190 90
52 229 453
143 261 434
115 100 298
12 299 799
60 96 231
21 174 234
236 43 800
76 228 968
202 20 318
171 264 786
218 9 620
254 72 105
107 130 559
280 172 421
269 245 294
19 234 894
22 278 303
14 84 790
238 135 812
105 0 94
182 113 82
101 283 430
133 226 585
126 146 285
226 152 760
210 124 755
161 199 683
175 279 875
286 249 547
287 172 749
180 199 196
278 192 520
196 15 828
103 296 489
286 56 895
235 38 560
214 201 551
257 181 428
295 190 374
261 282 584
34 191 759
244 287 849
65 267 782
237 130 658
95 217 733
132 168 415
18 42 877
49 143 987
229 212 883
80 115 27
110 135 164
154 234 561
257 294 985
131 219 30
133 229 840
74 105 399
278 10 582
193 32 524
72 55 970
23 65 151
228 281 757
140 257 308
124 166 554
140 300 87
55 52 346
249 10 556
171 237 449
300 13 669
162 51 865
172 62 448
80 14 933
207 112 973
126 279 782
126 18 430
214 99 166
61 12 198
288 277 997
160 120 549
175 175 866
298 151 189
252 15 779
79 73 264
210 156 823
2 186 776
160 6 713
242 105 391
140 299 214
286 256 319
14 217 119
218 290 612
148 152 503
241 191 155
87 84 716
182 247 246
249 165 1
24 214 679
42 236 424
52 223 570
87 15 330
20 121 758
53 277 930
237 211 659
20 84 646
190 118 331
26 285 38
179 264 833
5 263 914
80 257 739
103 147 271
263 142 350
67 142 416
232 18 496
102 214 741
145 228 808
83 222 286
0 225 582
238 274 530
300 132 313
160 210 352
223 146 113
137 96 851
141 224 338
101 149 775
247 230 685
13 171 701
0 126 167
295 100 157
87 75 261
78 41 673
227 85 182
91 34 940
144 36 87
297 175 672
228 215 768
152 291 827
113 270 328
79 116 650
49 267 983
11 203 151
192 15 529
275 120 226
14 146 557
207 258 703
119 71 496
249 298 452
91 276 574
227 221 548
196 83 971
89 166 877
54 44 722
271 102 436
86 81 156
77 168 764
260 171 648
48 25 841
91 95 581
7 105 459
140 110 359
159 190 375
168 39 606
30 2 261
115 261 985
96 252 173
249 122 530
225 226 735
139 85 559
191 44 552
296 128 300
269 100 179
66 4 931
129 81 276
214 270 779
220 157 971
290 194 624
17 229 762
127 7 841
30 211 203
49 71 968
22 185 979
85 106 396
252 291 79
84 16 872
18 165 126
76 132 205
204 250 375
169 288 965
106 28 516
38 174 883
115 92 186
214 6 432
67 253 667
293 199 319
283 24 883
259 134 443
78 188 302
266 291 878
13 261 453
240 180 512
201 259 29
138 32 512
222 95 138
243 253 123
198 12 358
283 192 369
90 95 911
278 146 374
204 251 988
211 24 724
33 200 916
35 257 994
16 191 436
280 73 814
131 149 660
169 247 147
230 196 771
42 299 841
266 229 505
227 173 693
290 71 574
268 67 843
96 67 337
182 73 89
234 294 151
191 299 843
285 77 957
274 250 888
293 260 71
215 228 939
41 281 918
176 252 324
181 46 582
98 134 697
295 100 18
196 278 267
84 263 137
163 194 520
93 263 906
157 135 237
108 50 482
294 17 996
76 284 855
157 187 225
32 92 337
148 56 424
150 202 809
67 157 532
18 9 613
210 28 294
155 241 586
119 285 524
218 105 194
279 93 143
282 59 986
22 124 299
236 254 360
47 47 823
114 237 862
77 0 490
270 194 982
70 250 719
256 76 1000
45 46 250
246 62 335
199 255 994
230 64 521
2 214 932
73 21 349
285 93 143
115 241 625
290 19 633
195 52 866
99 68 161
113 137 426
75 208 9
137 3 620
61 30 433
45 196 278
163 138 361
190 180 861
16 50 966
295 86 975
241 137 409
136 231 59
73 25 824
22 40 50
205 110 628
22 44 246
191 92 845
88 169 539
182 171 604
140 84 156
60 197 29
127 227 78
189 77 789
160 300 519
163 46 248
101 131 254
172 114 736
121 192 749
105 288 784
197 101 85
222 84 262
193 254 958
122 32 612
222 30 110
20 232 13
117 248 307
60 298 389
6 265 170
9 143 118
118 256 938
37 158 991
182 261 69
174 48 730
251 247 519
300 177 695
270 12 290
138 42 952
277 127 421
125 273 853
223 287 369
186 194 360
64 249 889
101 123 768
126 225 80
117 32 98
221 78 885
241 220 588
116 77 249
166 131 636
194 113 921
55 88 331
27 209 308
29 175 771
198 278 200
288 52 957
1 82 216
258 151 355
35 129 752
153 245 38
163 141 704
131 240 954
16 68 657
165 106 642
173 82 721
0 16 757
57 70 669
240 279 798
268 207 689
282 23 396
192 299 818
67 107 837
186 296 275
282 51 268
270 190 542
40 212 459
181 130 535
79 39 363
144 78 892
53 260 73
88 115 439
131 18 310
15 187 559
286 241 770
0 240 803
210 204 48
282 104 211
207 94 378
160 4 612
245 38 486
164 93 234
80 214 994
253 75 449
104 41 871
246 71 790
293 161 994
272 99 931
12 178 780
156 188 265
218 31 489
270 22 167
17 208 32
16 68 965
135 104 168
242 246 214
133 192 614
136 87 552
245 136 380
291 268 440
49 9 964
206 297 227
280 270 818
126 224 817
84 113 396
90 194 389
75 219 5
58 281 767
12 155 914
226 18 892
18 14 993
134 297 381
187 274 586
290 102 123
42 111 819
88 152 580
186 299 664
125 270 608
265 238 137
159 255 455
141 277 248
151 226 290
123 101 487
265 184 8
248 20 441
98 212 80
296 217 471
57 85 315
269 108 20
293 251 273
176 129 466
290 20 519
112 62 10
95 299 619
58 257 727
117 51 505
182 234 249
86 172 518
31 212 636
108 162 799
12 90 722
262 246 545
149 11 547
169 42 965
67 96 566
290 281 671
244 22 328
18 263 743
94 297 131
60 169 57
248 231 63
141 255 449
86 298 720
292 285 57
65 62 948
180 281 426
104 211 595
150 71 453
68 238 636
189 160 241
189 64 729
32 38 654
254 108 763
24 25 870
271 287 730
185 120 195
59 132 667
250 166 789
281 55 929
298 280 917
269 261 946
143 291 360
136 224 359
286 191 169
233 124 613
280 2 582
291 286 350
216 283 456
50 282 79
156 77 327
271 132 122
134 84 161
229 174 816
160 75 757
227 134 38
209 208 584
148 262 281
222 122 279
257 182 401
125 163 320
50 206 806
140 120 293
242 190 581
104 204 89
296 65 532
179 88 585
99 274 415
184 148 591
191 75 878
27 51 345
260 36 575
231 65 181
68 244 11
270 262 45
85 185 169
248 12 821
5 87 550
39 97 293
237 14 633
0 142 855
295 171 131
151 283 116
160 186 658
17 262 163
134 125 687
249 235 606
240 4 742
300 147 459
62 273 295
83 270 1
76 122 281
75 1 130
148 51 979
190 259 235
172 88 20
180 225 283
164 90 646
193 152 292
0 172 404
228 232 596
174 59 337
226 218 368
84 7 814
130 193 37
143 230 255
260 88 646
11 133 833
237 138 528
285 25 317
229 262 659
282 48 27
6 48 211
222 48 764
44 54 969
176 116 174
266 78 799
242 90 83
155 239 564
133 102 253
41 45 504
268 292 277
266 229 512
27 290 654
299 76 788
213 113 64
289 163 62
12 119 96
101 102 244
166 241 806
104 289 789
107 7 307
208 96 827
226 88 814
126 18 801
234 207 171
148 212 642
7 247 347
103 179 631
10 184 673
118 1 854
131 35 224
97 157 88
184 64 119
232 157 371
11 274 980
78 131 428
194 232 581
88 236 720
276 74 259
157 181 783
30 163 775
98 177 661
205 172 320
258 177 877
161 118 329
123 104 591
162 295 658
289 263 846
42 4 347
81 42 345
297 142 748
211 213 636
198 208 626
1 118 355
179 99 772
215 235 131
287 244 238
141 160 995
200 95 845
38 41 939
220 130 72
78 18 126
173 16 249
92 107 504
246 198 32
113 74 323
224 130 347
3 162 282
119 162 386
53 45 338
29 25 327
288 126 518
248 31 283
138 92 846
196 209 122
52 204 694
205 212 120
292 297 432
93 142 665
69 170 191
49 139 125
189 39 95
114 11 832
140 255 346
43 87 826
207 204 511
266 224 150
279 226 139
129 34 558
94 189 598
98 202 962
280 286 741
129 45 714
35 40 650
186 243 840
21 180 994
48 182 390
185 298 442
116 41 901
199 69 754
56 254 473
33 284 203
15 186 783
135 118 17
245 70 680
130 53 200
96 13 91
221 112 918
227 147 404
143 6 425
3 26 785
238 214 430
143 43 708
118 1 631
116 161 651
198 68 928
224 77 118
52 249 116
285 16 583
68 202 785
60 178 815
288 21 589
19 9 574
226 226 62
114 257 905
15 233 504
118 277 363
40 219 297
118 298 366
189 14 956
18 110 78
92 80 863
12 211 296
251 150 854
64 286 893
43 82 524
74 122 915
218 249 978
192 206 869
285 240 623
180 240 197
10 31 789
100 199 759
110 34 477
293 278 354
274 294 499
107 163 857
296 178 710
107 53 956
89 4 258
85 231 510
142 72 185
260 164 279
64 179 688
88 204 70
250 141 206
172 146 411
111 172 712
15 281 34
238 180 373
190 243 189
113 240 189
32 162 564
285 209 376
191 72 139
263 43 317
257 227 379
245 40 723
201 173 734
170 19 821
2 187 850
233 259 966
236 166 519
230 158 852
182 12 659
235 46 865
13 3 206
22 190 52
153 227 569
181 119 427
48 268 190
35 240 464
46 213 919
300 177 71
227 220 191
89 162 788
248 239 916
201 175 525
297 264 577
34 143 801
33 152 297
174 174 841
3 24 5
288 59 15
240 221 32
58 122 44
104 84 653
164 47 394
23 281 958
126 275 358
4 48 149
187 61 237
300 90 405
142 203 661
282 136 614
75 99 433
150 121 847
214 35 684
85 240 861
87 278 842
138 166 74
208 60 877
17 98 420
255 196 39
160 274 825
95 300 774
250 6 138
266 271 850
21 5 74
8 96 948
48 129 729
116 166 130
155 77 24
168 187 800
22 35 958
283 230 824
236 198 836
139 119 401
181 295 135
136 28 83
142 294 491
226 117 662
247 296 313
171 260 979
183 51 566
293 210 669
33 223 128
104 81 26
198 65 157
171 269 861
68 23 97
9 17 765
239 246 341
253 29 307
210 21 131
153 15 957
288 260 36
265 85 209
12 105 685
105 54 907
232 144 178
96 299 151
292 27 772
158 29 476
238 56 816
210 75 141
11 269 850
39 249 888
171 176 680
46 283 32
182 89 81
57 279 923
42 132 454
282 181 545
1 284 24
237 158 747
256 296 327
17 276 708
250 25 152
23 124 270
162 30 534
107 296 646
187 271 554
105 208 322
108 119 479
55 163 404
83 133 551
50 140 8
134 207 347
126 144 928
93 45 115
178 139 893
295 251 522
168 271 786
87 204 124
131 250 632
150 96 197
142 249 130
230 253 68
273 63 712
55 218 22
252 83 149
19 19 461
291 76 320
263 67 184
58 120 882
22 34 443
253 203 280
130 188 256
55 124 411
48 118 516
124 85 549
168 110 581
221 1 648
239 265 381
97 260 958
8 113 5
294 157 927
30 59 476
184 18 554
220 212 545
170 0 812
112 177 402
126 60 10
221 15 604
15 185 146
218 49 968
251 206 24
183 170 912
84 229 185
113 113 779
62 29 307
280 258 621
2 244 696
18 66 679
188 186 75
16 297 20
104 87 194
65 113 620
286 16 503
200 179 15
62 177 805
120 179 809
240 115 139
14 131 577
156 42 959
134 167 551
101 31 87
7 16 735
233 31 382
138 169 316
90 295 717
234 27 283
21 225 279
248 140 479
218 50 774
185 103 135
208 144 358
164 294 362
279 32 632
10 252 319
192 119 1
257 100 825
263 216 85
76 295 523
6 39 60
1 83 930
260 155 239
234 239 733
76 198 167
258 39 678
152 297 242
50 163 579
161 65 98
12 240 840
111 68 803
11 230 251
67 148 987
20 219 111
0 288 908
297 52 579
199 264 950
215 137 951
186 35 769
146 207 504
65 296 356
209 77 87
283 55 510
218 169 993
74 154 783
192 287 338
113 70 397
108 258 208
2 46 901
210 43 607
146 176 17
82 172 842
234 47 110
206 168 531
116 75 207
29 50 149
153 183 908
37 262 643
85 24 477
241 242 18
239 293 936
143 104 550
46 61 772
87 31 11
229 63 317
27 266 44
54 280 348
86 62 212
238 46 936
171 168 622
81 151 585
47 161 950
40 215 261
116 78 54
160 127 712
256 125 841
2 45 528
198 38 545
161 103 569
131 218 630
151 265 105
3 248 877
169 24 15
287 39 590
101 64 634
14 66 198
35 77 412
165 84 429
103 23 10
5 235 714
114 64 773
232 238 823
112 93 627
83 232 9
186 259 540
249 230 54
11 255 240
52 52 840
120 98 2
251 146 238
153 225 668
267 120 683
222 189 973
144 228 328
65 64 572
176 23 967
85 212 678
109 165 720
8 292 184
232 275 193
147 159 942
64 218 14
1 169 948
194 293 377
66 263 194
78 24 411
92 111 67
111 39 820
265 103 929
232 18 967
12 276 51
86 30 97
5 190 945
59 31 422
88 234 484
20 29 570
125 216 395
38 46 482
134 101 967
220 120 535
172 113 619
4 117 53
3 176 611
91 15 882
44 141 304
137 15 102
49 97 374
229 2 122
226 19 399
119 18 522
179 103 615
197 273 260
160 30 10
133 82 618
41 18 659
163 137 273
184 27 126
62 173 722
166 289 406
218 194 668
17 226 402
197 118 767
243 80 347
151 212 839
152 58 710
104 66 648
8 187 444
286 290 889
193 99 433
133 17 409
150 274 977
193 86 982
187 139 389
222 203 616
133 119 935
67 180 289
107 154 445
102 147 618
10 148 991
298 152 956
82 223 273
176 232 244
285 72 840
27 11 567
82 203 871
60 234 90
29 16 30
36 218 763
117 19 578
132 153 52
165 168 112
109 44 484
287 5 208
34 95 934
282 57 413
172 230 955
300 189 460
239 213 414
245 63 699
139 243 98
197 222 217
186 22 22
144 250 436
276 255 311
255 154 486
195 275 455
28 233 13
66 136 439
274 205 839
86 198 82
296 141 29
49 158 889
267 282 312
114 75 483
199 248 871
271 297 634
153 38 472
219 57 746
284 121 86
156 265 259
121 24 856
111 286 433
58 51 350
143 11 789
168 81 57
89 210 667
222 132 848
91 162 272
183 292 349
220 88 665
185 130 837
245 52 795
111 149 26
274 200 148
216 12 948
289 193 79
292 23 744
59 145 595
19 174 255
124 276 746
201 162 846
176 122 255
49 216 683
287 163 183
153 206 628
105 92 31
6 208 788
182 18 107
233 32 568
250 300 170
116 138 739
107 262 550
31 248 809
197 145 31
281 225 428
222 292 942
286 34 163
269 261 696
297 177 252
195 122 721
287 169 606
291 100 72
27 35 245
110 149 425
50 171 271
207 167 439
230 71 915
174 238 351
265 138 53
39 259 551
199 114 362
216 217 117
179 249 786
108 169 264
198 172 983
151 198 429
41 37 510
66 169 793
140 159 523
28 107 741
148 163 316
178 9 12
156 262 520
299 256 341
128 24 638
190 111 942
94 67 856
170 99 401
181 134 649
255 125 353
72 35 558
228 222 47
207 13 801
9 14 602
213 174 729
0 25 709
208 279 303
108 100 172
135 2 438
257 108 642
236 101 187
288 257 569
281 52 136
221 18 992
218 252 746
296 287 562
290 265 125
220 13 105
17 228 966
78 45 532
157 45 610
63 208 837
117 128 570
254 121 675
164 293 551
223 252 644
111 211 65
228 294 209
295 250 814
224 108 842
11 32 960
203 149 92
299 294 565
133 18 881
120 79 670
222 248 902
27 237 627
268 161 276
26 95 468
97 37 426
173 160 605
286 33 157
72 49 469
154 277 758
136 4 242
192 1 570
129 251 383
36 285 652
83 34 739
150 269 797
186 178 847
220 236 868
217 124 872
31 55 636
19 35 723
260 207 605
201 113 619
90 208 864
115 43 147
95 31 680
177 197 429
213 74 312
9 59 295
202 34 226
238 146 708
288 10 869
153 50 363
76 161 519
60 0 474
264 159 149
123 47 671
3 92 879
146 74 115
72 224 202
197 103 885
280 16 396
39 122 159
58 210 969
72 177 541
1 171 837
183 227 205
100 241 555
110 59 212
185 156 139
236 80 583
220 25 338
248 298 936
147 51 132
184 47 605
217 278 573
220 74 173
165 14 380
181 25 871
173 297 215
174 162 991
149 1 263
168 193 536
111 198 274
72 102 810
161 43 774
149 245 597
300 127 489
166 12 891
148 184 132
272 201 747
255 63 726
0 108 799
112 182 671
131 286 296
227 153 643
82 188 353
164 202 629
110 182 168
278 75 764
218 16 755
274 254 655
61 194 66
261 47 508
170 12 630
23 12 507
8 271 310
48 128 147
9 217 259
194 291 240
202 235 280
9 293 352
6 84 3
36 255 798
245 210 650
66 47 937
219 219 573
193 299 589
32 145 344
171 280 96
289 116 52
102 82 878
176 231 63
120 271 415
235 245 444
112 46 555
62 296 78
253 288 505
123 176 749
257 232 575
55 20 474
178 76 38
282 290 295
220 141 706
35 222 746
40 45 779
164 74 383
251 152 273
54 114 517
185 242 678
160 55 462
277 203 941
61 254 849
220 254 332
229 95 724
268 81 915
270 296 347
164 137 757
138 236 283
152 191 553
197 299 603
227 22 476
81 14 336
84 186 731
95 276 361
259 170 76
129 233 130
146 163 231
275 202 932
136 105 509
87 297 750
222 37 805
264 199 758
252 41 947
271 30 87
32 75 316
108 89 439
72 31 525
289 149 994
181 228 216
213 131 23
18 51 275
221 160 855
138 198 230
124 37 824
7 131 376
51 14 42
62 224 85
195 67 844
129 43 487
214 146 714
241 243 608
116 218 593
213 102 765
268 8 755
93 296 825
150 58 298
93 131 757
84 52 788
23 107 809
89 88 964
91 132 886
0 234 627
293 56 915
172 126 458
19 42 829
270 255 830
195 92 547
152 280 288
22 46 784
125 213 318
98 146 779
153 157 47
130 284 496
226 267 941
122 94 506
68 47 857
283 147 177
61 127 211
202 230 262
272 125 669
86 247 348
293 128 779
28 44 578
22 71 168
84 187 343
177 237 497
232 49 335
229 129 454
278 113 512
68 231 600
199 109 162
231 204 151
284 200 490
100 218 756
11 211 907
57 180 58
175 233 93
43 243 999
154 202 985
60 186 523
76 131 365
226 49 665
15 290 431
135 90 868
125 133 606
258 172 10
177 190 685
210 177 122
9 229 676
27 264 570
145 45 744
204 136 173
255 250 127
264 2 360
99 106 96
258 17 684
219 165 298
67 183 118
63 194 81
98 45 159
4 135 59
270 49 660
67 230 426
223 296 396
51 12 319
270 59 322
171 291 317
286 229 607
259 189 968
63 146 567
156 36 395
114 149 196
229 127 210
29 184 144
53 282 565
256 32 883
231 207 533
180 222 153
17 239 498
227 250 218
80 50 955
293 284 676
137 227 412
100 121 740
18 253 263
152 65 717
57 81 969
261 166 227
284 201 336
226 160 803
281 231 775
93 138 97
276 109 504
78 29 955
82 43 660
297 264 170
288 287 47
87 111 658
45 168 186
45 90 96
63 82 175
67 199 882
189 206 993
50 114 307
123 282 322
59 66 671
185 183 904
34 14 628
114 290 107
174 174 77
41 146 398
241 296 579
117 32 454
297 123 948
84 191 1000
161 68 627
66 263 379
84 64 12
149 20 198
155 98 146
83 170 903
41 59 127
214 163 279
124 13 669
151 207 472
40 58 137
248 95 141
245 217 309
122 260 163
298 201 139
97 205 357
149 124 363
216 243 387
16 181 572
161 117 925
258 160 491
256 43 470
256 64 203
42 96 213
195 184 509
227 139 630
128 65 239
22 151 175
223 199 663
245 291 743
118 142 825
26 8 113
109 101 74
21 261 730
245 208 361
260 259 333
189 212 206
251 97 391
217 192 972
291 233 263
191 6 709
122 34 480
43 1 657
221 204 311
200 23 398
61 153 818
241 131 957
232 90 651
88 138 375
142 199 151
107 272 227
137 194 646
192 182 966
60 222 64
80 260 247
111 111 205
217 113 282
88 143 901
54 163 809
242 126 605
252 59 150
97 254 638
286 116 61
7 121 234
202 217 653
179 148 216
132 82 121
33 264 29
299 228 1
94 40 790
190 144 10
176 107 115
243 186 236
210 106 975
96 131 740
25 237 787
76 26 333
124 283 921
175 240 847
85 187 941
267 246 600
240 28 318
140 206 451
78 239 693
80 188 915
150 41 345
99 288 195
9 190 445
154 77 680
38 137 790
9 35 998
147 36 94
212 39 983
160 252 2
273 155 86
218 14 195
258 142 831
64 240 984
42 54 476
18 13 893
122 134 179
112 124 271
169 7 170
286 71 992
97 113 738
123 48 0
46 198 122
134 252 746
37 265 36
27 128 880
148 9 395
248 269 623
121 247 366
58 150 211
262 71 892
65 30 444
95 6 188
45 266 1
120 8 664
13 207 487
188 119 816
236 52 142
152 120 381
170 163 545
2 87 737
235 179 984
259 248 803
161 152 902
7 270 978
64 146 966
77 290 757
285 206 128
263 109 883
11 57 378
142 98 22
108 83 6
218 40 739
110 234 601
15 243 504
97 87 163
53 184 510
35 96 578
203 192 649
111 266 262
90 234 365
40 248 6
164 34 80
57 132 130
114 52 835
122 252 395
173 91 871
267 140 166
251 267 386
25 228 852
35 72 30
82 56 899
132 65 729
249 264 436
205 273 767
57 186 910
150 132 930
115 273 959
63 89 488
29 287 139
279 286 882
119 265 552
184 96 475
118 9 672
30 275 892
103 268 520
186 245 42
118 158 413
260 244 363
1 295 748
78 120 89
119 230 760
169 278 76
33 69 136
195 269 616
72 151 505
267 28 664
237 235 540
187 55 477
156 9 232
76 43 205
184 165 519
45 15 38
294 240 496
77 50 756
242 154 751
24 183 875
168 36 326
123 259 539
20 29 707
126 39 599
33 258 119
216 138 92
128 293 91
213 41 202
50 259 747
199 152 464
114 172 106
116 177 597
19 35 641
216 79 341
47 139 389
157 118 172
124 120 739
180 257 872
278 283 823
206 99 923
205 138 779
282 272 315
147 198 138
237 57 844
228 114 8
47 36 142
121 67 123
155 283 64
237 127 202
253 94 406
78 278 652
252 275 950
126 170 248
177 257 967
74 143 952
216 180 51
152 299 147
79 177 69
278 240 456
299 0 792
78 34 525
74 211 981
132 260 74
23 241 651
59 285 907
7 282 936
245 20 272
93 47 839
62 7 202
285 38 980
245 121 587
81 9 550
227 68 406
141 286 155
177 225 925
103 221 875
163 202 130
79 296 6
262 6 567
114 55 176
276 30 855
65 90 868
218 297 787
229 288 55
5 179 148
255 201 245
40 91 284
61 193 985
191 37 858
204 234 932
43 240 691
73 160 5
170 170 725
294 53 770
107 84 522
160 214 671
267 73 994
85 175 335
93 16 393
268 258 520
18 56 293
59 280 476
282 264 655
298 245 282
74 133 686
299 238 90
263 115 71
222 82 164
78 121 236
195 204 814
53 189 327
132 72 368
299 181 562
19 26 579
257 64 859
65 6 778
45 79 112
92 99 135
144 62 182
86 131 231
116 122 898
259 176 697
177 203 646
286 221 671
10 280 893
243 74 822
246 98 278
14 245 884
273 188 520
43 282 162
203 40 260
262 173 466
92 124 840
143 248 162
214 67 869
146 248 273
77 62 724
288 158 842
245 173 417
70 38 102
225 61 360
61 42 746
89 89 560
76 37 242
13 256 704
211 230 919
234 45 195
158 215 877
293 170 703
277 177 447
43 106 57
20 130 283
244 23 46
53 285 940
176 283 926
160 74 357
252 262 657
47 255 701
109 262 14
41 50 557
119 277 107
5 271 212
279 227 511
112 261 477
208 261 662
149 253 861
12 117 535
19 209 381
5 239 131
2 103 945
269 233 540
85 203 361
213 251 310
282 10 279
145 155 934
182 186 635
140 22 666
65 21 930
110 91 231
104 127 782
151 110 806
114 33 718
89 282 365
268 148 930
270 206 402
169 127 485
62 212 158
52 66 940
109 276 537
66 135 137
221 79 794
34 81 975
257 17 578
192 269 334
77 276 256
274 130 100
200 54 587
135 252 105
178 146 249
149 3 555
152 236 533
81 257 369
5 84 53
9 105 637
143 75 52
274 190 377
281 89 29
195 216 217
56 251 112
102 145 350
147 161 746
75 112 356
129 240 787
198 89 201
35 81 770
93 269 81
153 50 805
54 127 226
250 115 793
113 194 512
239 192 976
90 197 133
158 244 865
217 81 862
200 93 590
240 185 442
209 75 993
146 61 575
64 174 84
265 0 888
29 122 13
129 205 672
130 226 793
235 262 752
93 226 794
198 220 433
106 270 811
236 112 153
175 278 330
37 298 809
80 240 912
113 202 720
121 197 374
153 88 983
56 50 536
113 138 41
212 73 158
264 160 862
288 207 23
14 135 764
235 61 91
61 146 9
194 57 788
26 215 440
156 189 770
288 239 271
47 126 787
189 138 803
258 108 652
86 150 428
276 203 88
255 42 771
183 225 970
276 300 621
231 87 239
97 129 435
179 144 221
100 113 20
300 235 758
105 177 820
291 256 223
67 74 541
7 82 870
292 22 409
268 119 938
7 157 549
196 65 506
275 183 103
208 298 272
19 28 379
42 234 501
56 148 608
222 109 237
282 50 111
97 211 125
266 122 829
170 279 414
228 57 557
244 146 880
94 5 377
91 91 426
283 12 525
135 29 665
99 13 873
287 210 427
280 121 13
181 295 239
199 233 473
73 153 97
5 128 414
223 211 275
38 22 312
221 283 163
191 150 204
254 127 606
105 148 520
227 20 838
30 6 487
188 229 454
124 209 928
127 43 921
11 233 463
85 160 930
208 238 841
75 288 961
56 112 185
162 76 813
220 180 497
10 233 17
92 19 823
286 38 319
146 225 768
121 209 254
297 270 677
201 195 237
265 139 247
204 226 59
87 48 523
148 51 142
247 157 175
102 298 644
189 24 299
293 175 787
71 150 925
244 50 890
154 29 439
286 199 703
281 282 132
113 88 821
266 146 131
239 227 623
5 70 192
35 121 812
111 289 799
146 147 829
144 185 456
272 116 270
165 47 567
138 261 43
150 164 836
42 28 700
212 210 725
97 119 352
51 109 751
98 73 444
11 199 217
87 241 439
281 127 495
119 190 256
132 240 127
36 249 271
237 260 723
85 146 403
194 290 440
222 147 899
261 271 92
132 87 48
171 29 994
84 12 286
258 21 274
260 22 238
35 110 264
129 129 592
151 113 355
196 115 354
67 87 894
156 214 226
231 87 665
129 283 11
227 176 137
63 136 502
76 26 144
290 263 150
0 262 202
42 125 725
178 300 827
197 236 454
277 284 648
67 250 195
137 31 477
159 76 39
56 75 271
149 200 99
56 194 919
258 284 421
74 190 107
214 196 494
54 10 284
6 295 430
46 17 106
72 202 534
292 89 311
60 261 197
278 177 661
297 1 450
202 87 283
190 88 567
251 284 218
268 231 795
138 4 414
29 125 486
144 12 211
191 70 640
2 239 429
7 77 737
290 79 64
4 248 14
274 276 383
236 173 419
230 201 656
43 35 229
107 49 847
70 4 215
248 224 157
224 277 63
285 81 701
105 29 635
40 28 192
50 209 793
156 9 368
218 134 640
253 77 381
216 184 537
254 102 763
138 289 760
118 219 458
264 271 204
107 206 236
12 162 597
297 51 750
28 39 105
294 27 643
69 147 882
151 8 959
271 137 404
5 278 144
17 69 261
12 67 528
176 137 586
231 195 926
115 129 891
287 60 302
105 299 664
234 156 260
196 87 888
133 297 858
281 202 2
226 22 184
161 153 228
290 149 86
97 116 902
53 128 792
88 145 555
197 60 172
64 230 846
227 172 340
190 192 916
153 52 301
69 169 558
195 123 737
279 219 718
25 243 883
200 22 520
78 110 224
256 25 823
107 157 610
285 293 48
54 33 302
9 156 434
56 80 61
149 106 922
1 10 22
41 284 163
181 179 993
285 107 76
102 286 838
278 93 611
292 136 786
13 292 784
237 199 484
139 194 276
26 21 532
40 143 663
53 91 7
33 122 205
281 174 255
261 195 444
191 51 339
241 50 674
282 74 584
300 194 817
54 23 573
162 179 460
170 55 41
56 111 45
163 70 516
163 279 20
131 19 898
202 101 70
256 243 65
258 17 907
29 101 329
275 244 167
158 34 734
278 243 948
52 105 167
187 37 176
264 168 875
184 282 130
206 108 144
157 42 788
40 153 58
2 34 534
2 238 837
275 206 318
37 189 887
266 129 929
275 20 183
262 82 137
227 94 119
162 216 323
128 155 86
14 42 705
163 188 183
207 246 817
133 231 142
120 249 974
188 161 24
232 38 671
20 228 659
184 208 45
282 210 237
199 235 430
229 253 192
221 82 562
67 102 691
76 184 554
83 54 593
103 97 850
87 68 620
153 101 153
265 142 231
269 271 825
30 192 389
34 94 854
146 129 559
297 163 66
196 209 252
179 2 633
239 279 887
21 11 30
26 277 537
230 239 450
38 268 976
44 204 92
167 94 340
236 42 852
251 253 536
176 186 745
10 69 650
1 270 500
249 260 418
198 225 439
75 93 870
291 0 191
221 287 504
68 63 649
95 290 982
284 271 557
206 253 651
110 71 270
66 2 947
295 153 326
3 188 768
7 107 63
102 22 785
68 293 154
240 217 827
273 98 156
261 42 825
125 262 359
273 123 203
238 111 133
233 197 89
4 93 582
71 270 970
202 33 71
14 43 611
38 94 571
271 181 917
239 256 650
84 19 767
22 190 795
257 128 58
278 269 60
88 253 251
49 145 887
32 201 322
132 87 878
187 133 245
290 31 132
85 282 262
140 83 879
181 141 792
56 246 863
59 246 623
186 97 642
11 80 4
274 248 503
191 172 937
104 34 394
22 38 114
72 95 836
58 281 407
121 63 537
168 108 178
181 208 521
199 201 664
182 267 981
176 21 306
50 107 749
298 34 424
240 298 777
11 296 653
243 261 256
281 158 341
57 196 767
117 297 979
246 11 734
160 83 155
111 78 601
26 147 785
53 142 611
88 143 15
116 213 104
118 7 293
91 89 187
270 143 41
142 188 563
166 122 802
4 29 870
180 63 725
149 89 103
261 261 951
120 139 89
187 98 930
129 251 20
243 151 61
282 298 40
25 155 28
7 147 572
263 82 709
115 8 465
262 247 284
34 49 701
146 271 135
110 254 193
211 188 272
112 26 953
289 0 547
267 76 5
2 146 156
157 15 604
197 78 344
203 248 951
145 90 723
63 210 892
78 200 55
165 275 520
212 186 343
122 254 781
129 237 103
148 266 755
284 16 662
282 132 263
102 197 715
212 235 118
247 185 336
123 265 647
179 46 148
62 55 567
152 121 433
31 220 924
1 127 841
34 199 780
287 153 923
181 289 444
284 94 558
169 145 329
175 289 5
230 83 369
187 209 922
70 152 538
154 199 427
286 22 274
210 143 359
78 167 362
254 63 956
251 152 279
254 58 868
119 108 653
282 204 535
238 164 249
279 181 528
75 206 106
31 167 898
133 201 4
98 299 273
168 60 35
236 39 23
104 243 458
295 41 359
235 250 120
117 137 27
194 67 881
195 144 933
37 235 214
169 100 386
158 239 213
58 30 965
135 185 797
220 231 986
287 109 663
224 256 550
98 282 829
100 98 446
143 123 843
110 95 301
222 39 117
17 203 457
205 270 822
36 286 633
265 4 800
130 37 473
271 154 715
128 79 466
230 16 59
51 104 330
146 22 130
17 74 664
168 50 418
255 101 965
160 214 463
162 39 807
68 142 460
216 235 682
80 129 110
91 6 513
164 217 645
17 298 342
19 263 925
207 219 632
67 71 989
56 106 20
130 210 569
99 294 771
268 125 762
17 3 151
36 123 246
48 197 192
299 21 816
99 136 474
209 97 520
295 41 137
69 11 59
77 62 551
63 6 479
61 111 736
83 167 211
181 150 391
221 122 553
187 67 701
218 43 215
16 216 652
95 123 277
250 183 166
14 112 202
156 86 678
172 242 325
87 106 302
56 139 7
194 148 156
15 219 457
102 254 897
179 275 605
199 159 864
78 251 92
192 239 920
104 276 686
181 207 111
129 101 289
66 158 707
218 76 120
151 247 681
126 78 641
135 175 607
145 93 175
234 158 702
148 150 496
59 286 900
13 27 127
139 127 286
92 112 136
128 152 748
211 143 504
33 224 461
52 124 538
67 42 546
172 29 181
24 123 817
274 30 728
276 81 139
7 82 659
19 179 459
113 53 236
295 283 621
72 164 348
156 293 50
59 48 884
57 137 113
20 121 768
9 171 815
230 258 723
185 127 453
44 229 104
289 231 558
109 56 873
265 259 815
93 248 918
3 287 185
193 187 624
166 257 211
280 160 669
88 35 325
136 36 812
236 235 618
77 238 989
282 94 817
263 13 867
217 294 404
232 96 711
199 35 973
189 248 779
111 3 82
9 141 363
231 91 322
233 245 665
49 34 500
148 99 903
256 217 538
272 300 619
4 212 474
94 119 281
131 189 1
269 43 312
233 45 687
222 154 105
264 145 83
111 73 543
22 249 166
133 212 960
141 285 628
171 194 969
144 257 380
55 175 962
5 156 834
296 291 146
61 243 249
3 300 388
122 40 123
182 184 743
211 124 234
181 278 585
235 119 242
252 36 971
188 2 102
178 263 462
21 64 287
221 209 337
95 75 113
212 112 970
57 25 932
121 52 159
295 53 26
236 242 631
122 87 767
115 85 224
27 77 668
89 94 123
125 162 98
261 148 841
87 226 995
82 0 424
222 28 528
148 184 844
251 156 169
248 217 608
116 254 955
271 79 912
191 241 753
205 269 229
32 274 855
54 286 780
210 53 651
52 134 457
242 294 821
186 294 668
143 146 702
161 169 758
281 278 646
40 147 887
7 266 513
206 100 463
9 142 80
28 133 936
229 118 397
45 60 455
130 200 533
119 295 931
212 6 21
93 177 227
293 263 915
69 178 748
19 34 132
46 252 55
169 254 316
121 298 290
221 139 903
288 277 692
254 273 568
268 33 584
184 23 798
188 202 390
198 184 566
257 242 260
222 16 129
214 282 696
290 96 220
155 269 907
183 147 104
255 178 675
159 50 897
224 166 172
54 27 984
146 240 15
182 2 845
132 293 481
288 104 553
244 65 607
222 281 565
24 177 952
77 275 275
197 126 192
241 196 801
111 229 135
297 58 495
98 144 260
89 19 288
33 154 911
148 188 148
284 201 75
51 147 406
282 91 939
289 261 875
95 206 566
259 271 963
9 57 425
126 244 138
125 144 327
170 56 254
242 260 41
71 283 581
263 175 400
270 179 920
80 9 941
27 268 499
211 80 729
197 151 689
61 119 621
80 196 957
193 246 963
163 46 440
22 223 186
171 81 476
71 1 355
232 228 590
55 73 442
10 198 462
190 250 68
227 96 721
244 194 897
43 44 405
160 78 260
163 214 504
150 198 571
294 3 246
99 18 95
255 154 583
48 40 462
72 5 723
73 175 485
7 22 594
164 186 83
22 53 655
136 46 681
100 291 77
257 180 771
282 67 178
172 84 573
134 258 977
153 100 43
44 33 460
137 150 116
258 274 861
197 281 469
147 76 617
150 234 325
205 3 153
167 67 541
12 251 837
44 56 794
161 80 585
73 210 999
53 140 758
44 256 282
224 79 193
251 163 111
90 259 15
246 255 825
204 273 260
137 200 748
57 136 232
156 30 21
180 135 649
152 42 470
221 86 845
173 44 961
23 196 956
148 279 728
52 284 6
132 90 82
256 295 170
155 254 838
212 132 963
137 183 693
48 192 740
243 16 814
167 39 650
88 286 284
63 270 216
172 262 405
236 281 938
29 138 675
86 120 845
40 100 983
63 264 746
235 189 606
249 154 623
285 203 398
288 14 600
281 240 324
30 102 699
59 261 239
66 210 142
223 31 792
119 191 23
260 185 307
18 260 704
80 193 978
292 216 250
31 78 432
160 291 942
267 189 238
7 223 18
269 92 622
143 23 433
248 118 522
210 216 783
270 294 422
120 117 320
161 206 399
149 59 600
141 170 461
149 239 359
195 221 314
212 111 612
97 245 477
22 34 355
29 291 918
127 135 788
222 287 929
28 298 621
142 206 975
77 258 996
74 250 44
214 197 516
225 80 408
255 299 743
244 270 370
225 236 3
139 271 80
130 230 909
125 64 536
247 166 948
41 102 429
47 231 931
24 297 614
31 43 254
41 168 387
223 52 234
70 296 706
182 142 418
190 86 971
4 98 145
58 143 160
26 23 819
109 103 339
50 166 121
21 206 630
266 271 478
118 281 406
205 220 462
218 268 357
99 68 524
35 77 162
116 132 348
63 216 131
226 19 567
74 122 920
63 225 740
74 59 132
217 218 386
298 295 287
191 239 756
76 242 218
90 117 584
248 98 662
205 74 246
42 165 3
265 153 729
131 228 825
275 128 62
287 1 822
243 27 387
47 250 144
202 173 453
157 291 774
156 121 753
80 127 340
67 292 811
300 201 597
281 202 598
169 14 915
89 159 953
84 131 364
227 98 429
103 0 219
33 209 932
216 234 625
20 32 600
136 20 869
5 279 888
119 132 341
140 127 553
85 155 41
153 112 868
72 128 304
160 164 470
11 137 801
265 176 160
146 278 171
34 237 579
251 200 162
278 40 842
239 96 622
176 250 726
145 167 773
10 81 257
68 17 862
13 146 600
16 90 418
3 118 168
25 37 694
134 158 695
226 16 289
76 41 491
50 93 279
297 213 577
210 293 400
127 271 624
241 2 109
108 213 695
172 9 425
49 189 540
44 100 492
178 174 462
53 113 796
39 30 255
254 24 615
156 61 776
263 296 721
143 63 665
36 9 828
203 273 903
230 82 567
186 168 345
196 57 31
291 195 63
234 151 591
192 167 787
84 82 505
23 272 11
217 177 162
157 163 299
126 124 65
25 161 609
282 226 522
137 40 687
268 127 402
33 195 879
71 15 467
153 118 103
283 70 93
270 145 879
2 1 885
85 49 196
170 156 457
262 76 75
234 112 570
254 70 914
105 15 698
118 126 664
58 276 506
153 122 928
159 143 22
277 92 433
245 74 175
93 104 479
294 233 900
285 183 233
168 220 695
198 98 921
110 34 385
16 86 974
90 109 661
268 261 497
176 161 492
138 119 712
17 63 898
189 37 998
171 230 536
286 139 663
253 75 29
275 124 743
179 53 484
239 9 721
183 288 259
103 4 592
290 164 349
14 168 579
240 44 895
212 285 417
236 221 716
172 251 359
119 135 172
203 169 138
70 79 971
0 264 320
67 281 496
180 73 599
36 270 704
246 257 269
8 109 760
27 70 462
83 6 937
85 146 443
272 56 541
156 283 672
241 211 573
75 123 456
40 131 575
251 261 568
202 130 536
290 125 475
112 189 419
178 209 630
183 11 49
158 74 455
2 226 785
75 31 442
106 67 538
49 0 1000
57 64 419
223 84 77
121 80 694
191 293 290
77 87 155
171 113 284
161 75 636
280 245 404
272 108 671
270 90 47
116 254 179
170 42 519
155 29 906
139 70 995
142 130 358
176 7 482
4 162 354
284 215 900
76 217 512
269 257 350
284 232 635
219 110 97
139 192 152
138 42 515
120 71 72
86 8 417
3 247 119
271 120 421
188 256 953
237 287 900
227 84 116
257 110 684
150 287 785
116 155 823
67 31 75
61 114 55
7 28 267
109 216 211
68 292 442
283 162 482
23 257 656
31 62 383
189 290 950
121 285 74
213 286 616
60 109 90
64 178 683
164 22 501
54 0 72
141 30 45
208 105 0
153 0 106
47 147 195
250 223 364
44 195 894
6 232 73
50 24 441
137 35 89
111 15 311
265 59 593
85 20 936
212 128 838
80 108 221
199 72 356
35 126 413
249 1 594
265 182 210
215 33 958
75 299 357
179 1 889
138 171 482
44 73 666
2 289 259
255 42 35
187 47 814
281 239 124
201 236 543
184 270 793
151 173 221
169 253 185
168 22 291
116 246 872
274 266 106
127 292 565
241 98 659
176 195 785
34 72 905
62 94 306
89 250 201
20 153 361
89 113 418
210 209 817
37 248 969
80 23 320
281 28 544
200 76 81
178 2 422
25 19 712
232 36 738
69 241 439
1 16 727
160 171 178
141 49 729
96 117 106
109 206 66
254 243 40
280 93 622
26 147 556
190 32 193
231 207 716
20 252 865
113 95 389
150 172 233
37 278 618
74 274 362
255 174 224
7 198 95
97 183 348
251 158 394
236 100 691
152 246 413
288 45 338
28 60 817
72 200 386
270 225 965
126 82 271
46 94 878
93 98 437
161 70 516
108 138 39
57 236 453
41 36 117
3 42 265
253 169 400
288 175 24
262 160 317
27 297 909
263 268 380
65 98 483
249 99 363
92 268 747
77 130 298
110 160 670
262 92 972
267 103 861
28 34 522
226 152 792
71 117 561
26 191 196
125 245 321
69 234 37
228 258 797
219 250 845
118 128 390
120 244 366
103 99 416
171 96 281
132 235 974
285 43 48
212 50 678
150 107 986
113 160 573
99 257 69
261 264 286
162 31 462
157 68 462
19 111 428
106 279 393
105 113 965
252 244 924
160 67 434
144 193 420
286 116 681
170 196 303
165 90 739
171 59 604
239 153 500
1 106 83
179 138 188
253 48 157
2 30 410
300 163 695
217 221 455
255 206 395
284 47 367
141 291 764
57 120 731
138 208 99
10 92 875
94 22 726
275 20 10
26 222 752
150 167 868
269 21 888
87 6 324
4 251 825
129 257 342
136 228 495
224 204 518
239 47 870
163 11 247
154 181 516
27 275 158
126 224 649
54 119 45
107 296 706
148 225 292
291 230 256
147 179 982
139 160 455
46 87 337
216 51 666
221 229 955
108 233 617
111 129 563
286 212 791
5 71 904
227 284 750
16 266 298
61 24 617
272 205 430
202 65 300
39 34 121
284 25 94
142 125 200
213 54 232
111 85 245
186 195 821
102 277 426
112 27 398
64 34 91
245 60 250
253 155 39
102 231 616
182 267 491
277 159 540
164 278 654
118 7 612
61 68 550
118 252 38
177 124 996
252 120 297
184 37 124
285 26 134
33 286 791
170 170 177
159 60 638
207 170 514
292 86 692
45 114 998
21 17 936
4 150 517
6 24 987
83 222 775
53 292 607
127 57 439
232 272 805
189 223 166
250 10 761
73 102 275
281 91 195
55 189 59
160 250 27
237 162 214
42 69 519
200 184 982
61 2 768
211 147 863
80 84 459
285 113 895
166 298 370
123 79 350
194 198 634
101 262 839
258 37 378
184 148 227
131 19 937
6 26 461
50 187 576
208 65 179
280 16 237
64 217 110
188 75 250
191 120 776
87 10 310
144 12 177
235 136 840
169 47 688
92 109 911
231 63 455
71 132 765
245 214 436
282 289 880
162 203 88
279 141 942
10 35 994
169 281 280
143 0 927
182 288 499
200 61 180
176 292 652
126 9 105
134 189 334
207 19 647
276 148 487
51 254 473
102 150 848
248 250 751
91 1 38
16 138 748
193 176 777
72 48 398
99 227 28
207 209 233
252 20 235
178 251 956
124 123 93
25 284 973
44 176 84
245 263 262
123 138 49
26 79 940
105 114 846
214 257 272
99 74 173
133 166 769
82 209 136
232 2 711
55 1 483
183 289 818
132 144 92
193 163 250
34 109 521
131 175 74
266 258 776
163 67 921
250 99 232
261 188 357
205 153 851
193 172 101
167 267 848
50 71 954
24 248 94
217 86 153
188 12 951
64 196 998
50 201 64
274 175 441
232 28 249
194 238 757
95 172 316
182 167 491
95 63 104
156 142 397
130 165 929
98 191 713
6 208 421
137 244 73
253 201 791
2 164 27
84 120 499
267 166 855
167 38 834
107 166 368
164 6 609
27 73 433
86 215 269
296 122 670
113 148 509
3 141 654
184 34 782
36 245 925
274 131 702
163 127 738
211 149 751
91 142 757
261 269 866
54 182 217
191 133 480
180 38 400
111 5 169
208 5 969
187 115 731
23 168 343
291 12 65
11 129 826
96 238 760
196 8 615
228 221 682
244 215 199
261 188 266
3 15 103
235 206 556
100 114 854
55 9 256
105 117 357
64 49 171
148 88 1
24 124 734
1 133 951
260 151 866
145 164 917
64 246 522
20 232 934
218 100 474
131 22 267
294 10 437
6 188 836
25 173 368
165 283 757
38 81 111
257 63 920
274 103 411
212 143 782
51 150 0
60 128 293
181 130 404
131 212 198
50 189 70
57 67 700
156 296 847
22 163 12
60 277 95
158 72 519
20 199 805
131 129 900
218 47 777
200 71 796
102 2 250
112 50 794
100 37 861
142 114 625
97 158 772
260 131 255
129 4 757
245 157 880
210 185 410
230 30 247
252 184 421
60 233 478
103 73 643
275 48 330
220 10 294
145 253 817
103 210 386
132 154 226
150 168 430
297 151 373
87 97 274
218 198 940
112 36 838
152 282 932
226 142 489
37 91 238
300 209 985
255 254 765
260 93 57
214 104 232
229 299 762
111 62 525
87 273 511
285 86 24
170 131 609
87 110 737
261 185 744
152 204 818
98 120 658
14 240 835
2 72 779
135 82 638
239 48 651
150 99 840
225 56 234
245 270 938
83 245 998
161 158 263
48 125 457
87 208 488
37 115 324
173 293 784
31 149 114
245 130 621
255 10 431
207 210 655
262 211 656
189 217 245
132 249 642
119 215 127
261 177 183
246 117 840
51 205 503
12 132 229
223 102 594
215 138 120
76 132 67
16 152 97
156 35 378
281 17 870
238 71 72
294 15 779
12 198 930
43 282 695
232 228 965
71 101 378
127 271 286
173 144 604
77 51 291
5 69 371
72 133 691
262 296 297
119 45 424
188 173 8
134 194 979
149 116 631
128 42 951
224 296 81
170 121 600
273 98 913
30 22 56
35 245 826
245 51 674
43 91 498
203 270 112
212 298 529
43 43 793
136 297 335
140 39 702
163 137 289
113 124 687
228 192 405
256 156 621
273 23 352
2 214 428
24 103 771
227 256 316
215 79 509
242 184 816
108 223 810
135 241 936
133 9 724
59 197 502
294 132 696
48 212 678
173 190 634
89 35 678
18 26 138
21 174 792
292 129 983
288 277 326
121 127 918
85 243 283
115 179 41
70 246 62
136 171 648
122 111 912
215 221 656
282 53 14
149 252 508
245 263 379
38 36 895
116 176 237
228 150 419
8 209 482
84 38 68
55 249 351
277 2 404
146 25 200
255 18 113
158 81 550
96 81 628
256 298 854
162 192 566
120 115 84
190 294 437
223 157 275
134 90 355
207 118 704
281 15 686
187 284 357
155 275 413
11 162 997
231 19 369
272 59 303
160 91 914
148 291 563
117 40 18
21 146 192
269 40 669
237 277 834
169 255 10
201 235 471
172 249 41
45 201 671
86 250 227
14 101 857
33 282 146
83 19 411
266 86 536
225 126 833
85 54 452
270 227 666
231 191 709
244 163 568
240 127 610
9 272 978
109 195 592
274 72 517
119 7 622
5 15 724
130 214 392
116 169 440
71 122 661
200 213 449
109 93 550
156 190 753
136 124 132
27 146 822
136 35 352
291 179 510
153 247 542
80 135 922
60 5 895
120 114 653
28 134 371
294 69 219
3 229 587
202 253 757
38 269 437
198 98 587
0 243 889
81 88 953
239 73 419
88 14 203
56 55 1000
63 272 825
123 55 768
189 200 960
221 7 969
23 76 420
137 162 928
243 128 922
52 197 19
222 120 220
166 91 32
277 72 974
47 254 685
26 238 313
26 91 84
86 100 188
216 47 120
50 50 962
69 159 311
181 287 133
173 140 348
26 215 270
61 231 979
155 70 28
279 163 220
20 131 800
95 35 116
78 90 729
180 140 653
222 137 657
255 297 148
95 71 999
25 275 216
267 264 269
197 258 116
21 235 987
71 122 367
69 111 52
154 166 375
274 226 778
12 271 451
156 161 63
274 287 654
151 121 883
261 204 812
27 242 63
284 69 409
192 66 883
279 90 189
22 21 423
106 121 176
54 87 396
267 282 382
299 200 612
83 293 928
117 22 910
103 216 138
13 30 337
123 14 355
178 182 677
158 5 931
156 73 871
59 215 348
34 96 187
275 263 480
287 139 754
120 153 392
296 273 313
241 111 321
78 295 634
160 156 958
169 74 236
57 16 309
253 82 123
126 102 487
175 39 141
21 94 834
69 218 924
112 230 490
119 218 172
205 112 380
153 296 715
184 222 437
231 162 329
102 283 198
129 259 396
89 284 298
215 197 290
259 111 216
83 275 356
113 59 281
15 208 569
171 193 385
186 164 501
220 246 484
265 17 376
232 58 73
76 78 822
243 157 779
101 174 930
285 184 882
5 232 225
17 273 669
214 117 462
219 52 781
205 193 55
156 230 558
179 51 62
206 125 814
147 163 651
295 159 969
220 171 223
297 198 467
22 146 837
59 19 399
86 85 620
281 65 860
22 122 731
126 300 576
20 274 968
215 158 403
298 166 522
283 108 814
285 262 738
40 223 533
1 115 466
75 205 676
169 182 684
118 145 372
136 179 249
248 5 883
171 105 736
54 195 995
149 48 13
192 225 54
61 7 12
38 101 797
0 53 458
172 114 945
246 234 184
178 21 764
2 122 680
35 90 742
94 171 871
215 77 818
139 41 355
44 213 937
156 158 301
14 56 267
273 152 24
177 81 58
229 156 1000
254 16 640
182 49 96
221 147 180
225 75 146
298 93 888
12 67 521
122 21 177
258 51 833
47 56 296
246 285 931
41 253 311
282 1 582
4 124 864
88 76 643
94 169 286
220 37 717
273 9 126
259 237 505
98 223 305
247 285 297
37 131 858
200 143 805
224 199 481
154 161 242
240 285 767
248 9 260
171 201 6
92 205 308
279 206 384
215 216 402
215 80 906
32 180 453
275 206 221
219 215 703
95 210 449
255 299 732
205 50 607
193 291 684
13 176 917
253 87 849
277 179 126
104 54 619
214 35 285
139 141 963
176 264 206
96 166 645
177 261 964
22 129 173
210 300 523
44 160 728
291 249 683
204 28 594
23 211 44
92 300 442
89 182 582
280 53 962
135 150 470
113 230 77
278 56 811
55 117 847
272 192 873
271 275 788
212 11 642
112 105 579
261 289 219
202 257 394
208 19 27
147 296 331
62 277 346
76 5 655
147 262 931
129 97 304
38 211 529
284 247 19
86 190 644
75 180 494
59 53 205
233 44 379
83 178 928
54 203 589
235 189 95
113 76 357
251 143 996
72 108 964
91 46 121
199 144 584
189 238 609
24 151 604
15 1 858
54 111 455
104 56 905
130 185 429
177 137 719
274 166 800
13 114 988
254 203 897
143 101 400
220 136 94
203 238 186
26 80 182
261 52 866
16 33 887
179 75 395
32 28 46
278 56 785
199 183 58
172 186 75
208 286 213
174 0 693
111 278 526
123 33 289
223 184 808
8 204 992
223 193 452
85 72 798
246 245 73
12 151 508
64 265 519
255 247 429
284 273 170
12 33 187
40 130 135
59 297 798
21 205 927
127 220 842
75 10 520
121 82 694
229 190 193
28 123 927
143 30 976
6 5 548
36 92 27
18 227 154
3 145 162
102 244 817
228 12 250
247 128 808
110 78 56
242 119 333
52 294 504
100 79 586
242 65 27
12 86 996
20 42 532
166 236 572
119 2 315
277 293 359
282 299 645
196 265 186
288 237 530
237 221 144
300 231 422
19 120 637
197 187 195
68 169 783
55 99 123
296 51 600
265 36 304
109 66 869
212 196 602
158 113 818
226 228 251
113 67 440
92 190 317
41 8 322
96 43 951
190 66 163
225 253 600
281 134 870
64 200 475
187 64 95
297 179 915
241 276 564
284 290 805
1 289 905
29 197 339
297 35 723
235 214 180
36 256 20
81 260 387
86 211 479
250 288 589
103 271 11
52 293 393
163 131 104
12 279 282
192 202 751
51 230 343
183 157 651
66 276 929
135 290 360
3 291 112
83 27 319
180 280 346
2 120 594
277 70 389
74 155 742
232 267 60
66 6 164
148 200 851
29 235 924
40 148 433
272 150 137
11 47 987
231 37 167
144 22 589
91 87 499
254 251 104
222 190 329
0 71 296
91 192 630
15 225 121
232 5 475
277 119 142
83 277 817
126 142 148
231 147 217
149 210 116
57 27 830
299 58 141
54 82 701
204 230 488
96 298 220
212 125 677
134 146 97
225 143 618
69 115 16
23 269 379
125 255 298
194 243 371
130 159 554
296 13 1
5 113 484
94 88 222
103 3 69
40 96 366
259 213 305
123 150 725
168 177 980
277 4 688
231 159 202
44 62 489
259 4 215
154 209 893
75 190 293
204 211 360
245 179 654
220 142 7
92 124 704
245 244 547
232 96 957
61 22 603
197 236 651
239 144 944
62 244 30
125 168 398
72 80 779
245 278 234
236 200 743
63 268 352
188 77 67
138 50 899
274 250 393
9 185 498
15 26 873
137 147 860
99 65 612
70 48 237
125 236 364
38 62 283
97 253 656
250 21 769
289 60 829
287 167 985
255 250 509
241 156 801
133 111 110
162 220 311
213 168 403
129 175 514
273 44 193
104 189 581
71 244 717
69 299 341
33 210 449
102 183 971
222 174 320
83 285 709
66 49 416
239 205 363
177 140 732
104 123 761
35 261 266
223 83 611
31 262 438
171 84 760
122 195 884
206 25 283
156 203 27
269 60 332
281 294 413
132 226 8
121 218 749
175 190 67
165 45 433
220 188 690
35 167 282
278 141 446
109 291 83
73 226 543
52 34 434
125 72 129
290 219 178
270 139 356
110 137 52
50 50 258
114 60 820
67 52 135
236 89 756
250 4 874
151 233 595
147 197 461
212 121 948
285 164 945
101 117 471
183 21 838
277 278 297
281 9 265
258 161 676
66 137 566
75 261 38
283 129 184
223 166 360
190 68 512
184 90 616
197 275 160
194 123 968
168 251 154
20 57 821
81 1 417
39 188 303
131 203 492
13 116 856
206 224 43
250 264 652
259 99 411
126 33 660
42 123 18
300 144 174
187 46 624
134 258 588
172 245 151
296 67 846
114 2 100
223 222 465
157 18 781
214 100 526
112 153 348
138 83 211
172 69 356
12 33 107
23 214 653
198 187 967
6 53 296
65 211 222
144 174 654
224 178 736
195 61 945
187 204 330
296 218 355
87 130 768
280 53 597
115 88 946
249 73 781
292 297 815
184 246 352
236 191 991
264 222 408
89 243 414
18 183 378
62 244 50
269 264 761
43 130 988
103 117 861
139 65 639
270 9 73
191 49 877
239 219 937
173 296 483
30 297 633
257 57 788
176 119 771
249 285 969
159 91 689
175 278 627
276 36 623
231 66 632
183 85 562
40 265 582
7 61 930
219 31 355
189 164 433
298 156 828
218 67 821
129 273 7
179 219 714
148 49 370
218 271 223
51 8 367
148 295 874
63 180 774
221 108 253
92 0 719
29 31 891
255 240 686
30 107 135
233 14 107
23 176 257
94 195 189
245 165 850
227 83 540
100 32 433
233 135 268
227 60 275
256 92 0
148 90 120
23 236 886
154 179 129
285 73 780
128 229 317
54 75 136
230 201 885
134 46 9
226 242 898
110 218 660
16 85 106
202 162 659
196 41 523
176 59 148
11 127 857
41 17 944
66 96 676
267 294 727
126 268 748
214 144 97
280 218 249
291 75 676
173 137 954
207 262 211
229 118 530
73 85 248
31 49 40
213 238 673
245 49 600
168 18 6
44 148 228
106 50 754
179 293 363
176 233 704
268 40 774
31 114 974
9 264 967
66 24 714
194 92 606
217 229 642
189 3 78
220 248 880
148 254 32
41 236 576
148 72 653
202 49 509
4 299 328
125 22 784
7 110 472
265 98 164
241 66 717
82 90 567
285 170 663
299 38 670
159 263 356
283 82 304
74 122 297
133 300 896
237 242 487
15 36 827
23 52 631
256 66 616
27 119 98
209 154 523
289 13 36
99 149 273
188 56 329
177 153 850
102 224 757
193 51 636
23 250 521
153 78 565
161 282 123
74 234 209
47 111 840
12 149 862
0 252 996
225 210 57
139 268 581
285 266 540
21 120 319
67 32 36
285 44 878
230 140 818
27 164 433
62 160 151
82 30 147
12 234 64
245 249 231
84 186 811
15 49 667
300 200 21
37 160 322
182 23 616
44 51 915
127 118 372
297 100 554
250 107 30
241 268 844
270 266 326
158 30 549
128 262 573
74 22 708
10 85 700
162 239 717
10 219 949
22 199 174
98 236 9
171 177 970
93 30 349
242 108 712
288 14 392
120 58 670
76 231 853
222 29 45
197 158 924
265 29 682
70 282 945
21 222 814
116 235 36
89 255 741
47 182 683
174 86 981
201 14 495
292 300 656
49 94 422
67 281 793
84 98 140
215 259 6
81 272 994
151 8 217
176 46 326
146 196 761
179 117 368
244 259 701
72 33 30
179 142 843
156 187 164
18 217 854
274 14 979
276 168 362
268 277 332
93 103 576
240 204 533
90 40 211
171 185 626
42 298 557
291 85 333
267 101 206
42 59 826
15 128 14
251 117 648
237 36 509
134 134 883
222 288 320
251 101 217
161 109 598
290 200 928
165 173 81
134 121 59
277 190 909
14 261 928
283 124 563
89 163 265
32 71 427
62 227 769
280 78 401
36 166 374
46 9 554
275 280 368
45 232 55
224 53 937
60 254 436
287 87 739
138 123 521
37 187 118
151 66 119
150 107 8
89 85 408
31 139 778
244 2 822
278 85 750
79 67 314
292 16 286
280 262 164
125 149 900
98 13 544
11 57 632
84 175 838
3 217 27
150 92 85
151 30 888
136 93 259
98 155 931
244 92 677
62 133 467
10 195 685
14 71 570
11 205 853
16 255 261
93 102 998
140 97 184
97 95 422
247 208 417
87 298 84
88 212 317
94 0 498
95 120 222
175 28 274
30 148 16
67 48 561
200 166 547
160 239 500
252 53 133
74 140 465
83 274 695
278 258 256
145 58 194
58 77 969
144 241 218
18 299 172
38 275 782
100 229 666
72 273 573
190 155 786
156 263 319
48 0 406
219 186 790
101 116 679
251 140 563
165 285 517
80 153 193
58 193 786
143 273 188
64 173 873
134 218 775
149 105 498
204 174 30
263 47 685
173 139 967
60 122 142
151 52 548
298 9 122
170 240 232
151 44 858
16 143 555
144 70 537
71 170 172
277 185 927
92 211 535
10 156 369
279 256 883
163 261 335
193 178 763
298 283 393
183 43 644
102 212 102
66 150 686
89 13 189
137 45 664
86 108 983
204 156 118
10 285 260
9 286 73
270 114 352
107 281 881
168 157 0
168 146 595
181 99 337
11 98 178
10 123 594
68 73 625
134 77 268
38 222 707
277 163 358
115 242 868
197 58 473
199 20 428
146 297 573
48 23 921
22 275 202
102 96 232
23 205 385
216 271 294
287 15 514
208 195 265
186 90 1
142 176 401
164 212 398
9 193 844
44 174 609
64 250 198
141 217 652
205 247 869
233 35 210
46 20 10
133 38 670
225 18 44
103 248 568
210 35 152
67 292 536
46 231 601
4 36 793
106 200 278
240 58 148
173 47 593
10 132 567
265 288 320
69 213 545
281 228 489
224 103 517
189 109 722
140 48 279
251 238 819
27 225 114
96 43 646
110 225 112
264 227 134
164 84 545
131 259 548
179 98 739
300 174 256
79 148 932
180 169 630
31 18 887
227 277 909
63 133 720
185 212 402
3 22 705
295 88 969
62 64 392
155 218 682
44 236 741
187 291 169
14 206 733
225 199 247
141 107 396
92 14 677
112 35 722
85 9 351
107 217 966
210 67 271
252 215 46
70 19 199
26 229 938
17 285 406
30 112 387
131 70 392
280 266 996
180 171 277
79 218 113
180 194 167
141 299 626
152 89 881
262 12 629
249 205 893
244 162 66
131 51 333
120 150 9
230 73 16
140 293 812
88 14 774
75 147 154
191 155 795
258 162 468
262 170 540
194 176 863
180 12 425
255 146 271
57 238 180
156 130 64
132 288 157
281 83 391
251 270 897
2 272 908
84 51 206
164 104 717
125 221 399
216 223 162
212 113 450
27 187 44
23 293 79
103 165 809
2 287 882
211 282 529
277 240 72
263 111 610
150 77 647
25 182 417
247 175 788
187 175 888
175 291 382
128 99 772
192 234 882
148 106 310
119 57 813
46 233 372
113 86 455
204 226 561
296 248 796
116 284 848
174 49 186
121 56 84
138 11 25
189 11 51
173 196 709
86 79 808
172 294 479
47 255 664
20 142 513
156 236 805
199 166 644
214 150 432
78 242 294
75 21 387
70 235 525
167 8 31
294 136 608
54 28 263
7 233 569
96 27 699
41 192 450
55 37 896
189 293 854
113 32 931
215 208 765
133 229 399
295 291 270
42 172 947
123 186 826
41 47 492
163 165 321
132 111 169
83 177 145
252 168 581
117 225 262
151 11 62
65 222 436
167 148 958
214 45 788
266 26 40
255 266 869
279 275 77
230 150 444
5 294 352
64 275 554
274 251 828
120 172 873
71 284 787
3 127 929
232 63 483
6 242 532
142 290 545
3 253 790
152 77 585
237 297 626
208 120 745
187 182 555
122 300 334
189 276 661
284 44 638
290 293 73
120 281 769
198 292 787
33 157 234
93 227 228
232 98 105
74 172 222
46 215 957
19 202 359
33 140 257
161 85 179
0 92 93
110 133 921
130 106 303
34 54 29
236 189 647
299 197 801
194 0 42
135 280 924
93 195 884
181 52 70
126 164 448
32 77 4
123 179 928
135 81 936
64 20 530
87 183 878
59 168 17
205 210 63
184 25 758
140 243 707
246 161 385
204 88 561
73 88 397
98 58 802
39 27 567
68 133 501
55 146 89
243 0 235
280 65 191
139 263 218
96 225 341
53 213 992
135 25 173
20 260 30
234 146 175
157 13 372
200 122 715
289 98 691
80 237 640
281 141 405
174 46 18
261 183 293
207 192 578
70 64 340
285 49 480
48 121 591
208 262 583
200 291 176
8 196 688
68 105 734
197 242 434
253 154 732
58 263 829
9 89 382
246 31 586
150 250 247
103 42 174
128 264 444
133 212 531
46 198 873
262 162 436
272 170 1
46 228 988
291 99 161
247 238 192
218 285 111
229 67 748
78 66 269
165 213 174
282 74 68
21 297 901
242 28 639
49 290 407
164 50 794
66 92 986
5 6 220
31 119 158
162 85 900
62 256 706
229 208 654
105 219 952
247 227 114
170 136 794
221 75 728
57 192 330
239 20 644
9 130 873
171 296 622
103 9 801
55 249 883
206 75 982
20 237 208
185 141 108
190 226 901
53 0 820
171 298 566
38 238 505
292 232 577
237 119 2
280 245 271
140 30 206
274 222 561
206 83 831
232 20 626
188 244 527
238 280 221
44 189 94
128 114 402
208 263 751
156 62 590
77 158 504
1 268 552
235 126 261
215 94 711
53 130 513
48 215 407
182 57 628
126 199 368
67 224 104
114 143 169
82 234 863
139 181 103
106 198 459
231 221 160
298 102 155
102 274 766
172 248 876
109 19 127
2 145 83
10 276 406
62 65 15
269 289 707
193 160 896
221 32 244
14 126 752
129 61 321
235 125 484
99 27 62
5 20 674
278 166 178
164 65 295
39 158 421
54 131 495
161 80 685
61 99 737
300 296 384
275 217 529
39 203 21
248 174 970
191 219 937
198 113 129
201 18 62
128 292 398
196 78 63
100 250 350
77 241 939
174 11 447
52 292 229
273 239 279
208 286 886
170 132 643
134 287 309
102 284 250
251 202 316
22 180 293
206 271 949
177 107 516
149 221 438
273 267 8
269 191 945
295 141 933
43 116 130
186 262 170
175 96 516
239 28 726
71 180 719
202 18 315
65 281 792
232 83 746
213 273 117
287 292 300
142 260 119
119 224 498
230 24 45
86 211 845
248 239 242
50 95 877
296 217 919
63 48 835
28 73 748
267 112 456
17 196 322
101 254 789
283 24 918
256 118 125
130 298 172
181 72 411
292 203 95
166 289 217
132 97 535
270 241 890
173 26 893
244 177 532
124 233 555
29 51 761
245 176 632
285 92 463
191 61 661
297 296 779
277 176 167
38 37 654
209 277 424
117 15 81
139 215 639
21 30 495
35 166 814
99 196 290
292 122 473
256 136 21
23 43 830
176 97 779
289 121 293
245 102 481
258 21 49
81 206 763
47 244 493
244 252 148
39 260 191
54 83 42
258 33 433
165 34 181
284 171 543
194 279 528
263 298 124
235 281 726
130 209 101
138 147 316
160 230 217
28 180 364
39 90 842
215 174 343
108 234 279
45 43 852
86 105 695
101 224 617
134 288 2
0 58 761
156 289 783
233 157 308
179 236 876
17 168 225
248 147 987
82 145 862
108 164 465
108 129 596
118 288 921
202 236 453
231 215 880
238 152 562
255 120 362
294 270 431
270 180 336
281 300 39
149 196 157
85 275 766
77 201 772
113 33 585
235 125 242
52 135 479
257 152 450
259 204 721
243 261 273
187 71 114
137 213 555
28 17 817
208 18 544
106 4 441
191 247 304
113 160 92
279 260 538
29 64 811
1 97 125
202 124 684
76 48 640
137 181 368
19 19 387
203 38 712
300 134 219
292 207 359
209 215 252
250 140 317
116 196 775
298 150 632
86 198 291
268 242 784
155 198 673
25 14 541
50 21 218
237 182 65
204 278 27
169 31 370
239 101 660
112 132 128
150 124 830
67 249 537
181 63 576
204 136 355
230 2 85
51 272 674
213 31 660
100 82 859
228 128 154
203 291 741
284 195 271
187 81 334
229 162 65
231 238 715
211 53 277
130 179 556
16 3 874
255 264 37
0 44 236
82 83 84
33 211 962
236 24 194
200 23 74
115 156 950
157 108 124
80 149 360
214 164 926
147 16 780
97 102 608
231 271 804
10 249 521
72 162 110
54 298 428
165 217 726
72 14 202
255 290 196
284 119 736
75 298 325
92 155 98
225 276 17
133 206 376
141 22 525
19 297 547
71 289 225
62 153 197
287 54 732
35 187 344
165 43 653
96 156 946
282 190 999
236 161 785
151 80 38
271 0 604
57 64 497
256 189 371
248 174 851
204 129 308
161 245 710
286 191 49
213 42 60
250 246 557
176 65 786
76 110 338
52 103 889
141 120 968
172 118 438
190 226 720
289 133 108
9 58 327
228 127 386
184 46 648
184 263 517
242 69 18
43 81 544
220 82 734
14 159 634
132 82 376
145 178 381
233 248 968
253 74 478
293 158 850
223 101 292
168 8 152
1 14 9
259 21 650
20 273 964
127 287 680
205 201 399
50 78 331
283 137 762
288 120 686
140 156 726
271 264 465
279 13 801
28 216 33
190 117 712
169 153 206
241 272 409
53 185 494
165 68 356
177 10 201
135 281 865
5 106 304
98 71 513
123 237 129
51 246 251
11 219 975
102 77 172
276 24 631
18 112 585
99 225 644
89 112 784
275 64 127
286 85 900
126 18 520
300 34 462
0 156 537
56 290 76
161 164 804
169 79 344
105 10 321
211 261 538
85 203 944
132 173 891
120 70 743
19 77 143
138 204 376
63 219 948
60 245 205
17 63 692
102 223 912
119 265 706
135 262 19
129 128 66
172 171 496
11 95 464
70 163 507
100 26 876
5 58 253
80 30 380
238 290 980
161 189 955
114 80 211
6 281 161
106 110 46
217 71 816
159 253 831
141 109 951
13 215 177
255 79 736
254 151 395
6 238 447
110 206 201
113 112 964
271 274 623
161 223 612
130 215 158
140 158 176
153 169 851
15 261 454
71 73 120
190 244 963
151 143 488
42 24 988
45 214 666
88 178 895
11 57 685
185 50 567
164 274 301
152 173 962
75 206 302
38 297 887
138 141 478
51 61 625
184 16 377
114 168 876
127 116 469
205 248 421
37 136 38
247 56 696
282 0 425
140 105 654
62 6 154
253 107 154
233 171 748
285 169 515
176 222 697
93 255 987
295 34 935
40 20 876
59 26 125
257 93 986
179 113 275
44 232 668
247 226 74
92 265 179
25 1 949
250 98 265
157 85 231
68 287 943
191 247 740
211 163 326
205 262 55
298 252 831
12 240 640
90 118 397
201 191 417
148 226 844
162 66 627
219 268 559
156 274 200
297 145 171
214 98 154
296 187 1000
189 20 847
107 33 456
195 107 494
266 188 226
228 173 244
32 154 532
107 43 744
267 189 828
241 101 743
234 81 578
256 190 918
44 75 481
295 62 232
81 200 706
222 57 276
19 7 30
58 100 396
40 89 370
34 16 922
126 116 526
175 74 54
16 88 295
229 231 336
99 27 942
208 20 302
94 169 670
96 111 785
202 218 620
238 178 304
106 22 688
249 86 334
188 200 576
120 108 44
182 188 795
21 13 654
11 286 212
75 34 862
242 29 901
131 235 517
242 33 853
294 86 756
290 128 594
10 250 766
91 238 619
4 128 189
83 246 331
60 223 537
156 208 514
293 193 330
10 21 948
227 215 632
79 29 397
227 159 479
116 212 999
63 244 441
2 266 1000
149 145 456
119 156 263
141 36 873
246 161 217
37 171 203
134 261 551
21 251 726
290 194 779
112 194 935
176 289 833
3 83 67
48 120 698
80 73 937
298 237 634
256 183 93
187 28 927
49 274 117
238 236 604
255 223 22
281 109 66
232 84 395
8 120 800
113 108 436
66 67 259
65 2 72
18 122 170
184 217 566
56 137 71
276 156 239
0 93 262
220 141 63
165 100 865
247 287 497
138 19 878
182 277 849
1 193 116
283 138 352
295 170 708
291 38 935
18 130 467
22 7 633
244 160 690
57 72 203
177 207 957
142 145 270
14 243 513
77 251 241
132 84 996
276 224 589
9 105 385
197 67 979
191 105 357
59 139 82
180 152 433
113 65 600
49 185 881
218 232 977
69 67 226
152 122 757
290 255 563
117 90 739
294 117 891
153 82 834
241 85 107
273 188 217
278 260 783
224 196 588
299 271 191
32 269 462
213 243 884
24 238 115
219 125 7
121 24 506
184 211 771
55 250 968
297 70 857
285 229 685
277 278 766
122 261 977
153 142 922
247 300 553
210 199 940
75 141 520
97 205 854
228 130 109
18 185 601
229 44 376
235 253 790
78 185 1
106 208 53
257 230 821
86 104 91
280 221 7
178 247 316
230 3 876
155 192 500
34 8 84
69 243 317
94 256 2
236 97 368
70 115 747
240 205 220
293 57 753
138 233 82
72 260 134
153 219 192
33 88 35
107 65 706
227 19 675
12 236 456
138 140 893
27 201 185
257 132 478
39 183 761
162 294 789
200 146 341
211 183 761
248 228 991
23 28 551
193 276 235
285 5 136
276 168 24
181 48 464
40 93 578
24 147 590
143 227 816
158 88 626
72 1 181
54 99 324
45 191 161
68 161 223
278 93 433
282 178 33
300 219 202
299 192 801
4 270 586
202 273 733
78 92 996
255 220 183
179 293 50
216 157 446
26 42 40
245 61 772
290 76 721
75 166 926
10 256 858
211 116 608
78 152 45
11 133 859
208 282 887
97 6 934
117 177 30
178 84 785
61 58 105
87 99 438
93 266 891
148 194 310
295 43 967
186 201 702
229 295 872
98 69 867
236 275 919
295 287 311
273 59 43
57 175 892
117 94 795
260 222 406
292 139 549
269 63 558
105 14 376
107 252 82
149 111 878
230 120 830
15 176 225
1 300 137
282 22 788
90 74 94
129 230 373
243 135 560
204 198 115
22 73 540
133 54 304
3 138 455
279 257 83
142 151 700
271 188 670
102 144 612
234 209 530
140 291 26
139 102 483
121 133 667
224 218 264
92 290 727
232 18 852
63 152 58
74 21 361
78 268 925
264 66 896
105 227 373
80 23 32
78 28 839
62 251 872
207 53 771
156 19 845
147 71 96
242 18 728
138 157 563
56 138 390
206 20 880
41 259 250
77 111 690
196 193 668
55 148 75
260 98 698
116 173 343
297 187 437
94 292 557
105 190 553
177 109 241
196 174 351
189 288 828
236 213 587
206 255 869
5 249 909
131 17 33
106 64 904
31 267 397
171 30 986
158 99 902
255 202 987
79 31 291
166 31 830
261 253 184
158 214 31
260 267 132
56 50 124
119 228 76
181 279 709
172 34 292
224 235 900
47 278 868
15 116 885
197 274 450
81 47 808
258 48 496
82 186 801
114 151 307
248 204 806
191 127 229
181 82 755
119 175 850
82 73 660
68 34 910
242 164 586
249 102 328
103 104 586
194 188 899
43 23 250
145 57 246
10 268 580
280 37 172
276 291 293
73 129 723
146 113 29
102 106 901
58 73 144
77 233 672
169 56 902
152 24 12
246 4 483
13 144 637
87 291 953
95 184 460
71 92 121
40 265 570
244 119 138
209 274 702
45 0 491
36 77 511
106 203 938
81 257 300
128 282 628
132 157 559
77 136 513
300 140 32
20 237 257
238 238 816
268 24 747
176 198 95
286 177 574
106 87 780
91 9 993
203 27 687
21 215 638
99 280 109
265 110 580
281 192 229
86 279 48
63 295 927
224 151 687
183 184 220
119 134 120
257 119 29
194 247 213
52 207 94
284 257 306
108 154 726
209 12 904
17 288 804
169 50 931
241 201 955
160 263 40
22 51 971
126 137 960
187 210 494
241 137 897
289 300 419
123 98 77
288 233 60
193 144 763
149 264 794
241 129 257
296 243 560
106 157 389
149 105 170
197 273 477
31 291 687
121 153 161
150 35 973
161 213 847
11 70 826
29 235 243
12 183 513
203 7 117
154 217 532
29 93 152
89 78 104
125 72 216
132 173 740
248 19 955
282 226 188
41 225 834
113 99 77
123 233 312
141 255 650
121 91 910
19 109 950
155 154 171
243 40 428
261 244 657
120 266 706
141 54 12
104 64 992
118 237 52
202 48 614
155 109 621
60 293 434
134 44 288
1 106 921
246 237 604
208 292 405
38 220 994
225 197 186
180 71 149
40 118 807
259 300 401
131 8 628
296 21 541
223 299 657
113 237 863
237 118 529
208 217 936
196 140 43
243 18 184
138 290 747
73 74 456
18 158 86
273 75 814
228 70 721
283 186 945
59 103 562
277 86 417
23 118 599
199 258 862
64 294 521
115 274 571
175 63 651
158 230 440
134 84 936
260 272 866
226 227 897
10 127 461
117 293 909
50 41 351
12 144 903
84 281 21
245 98 284
213 201 849
244 1 514
10 232 963
289 161 370
173 90 949
186 108 725
84 290 959
233 108 108
119 49 467
69 240 261
89 121 530
246 233 847
231 211 4
38 58 630
105 142 30
92 245 364
63 21 304
63 214 9
2 69 776
132 278 853
59 175 92
33 100 258
14 94 426
126 15 359
3 95 58
146 84 526
230 30 445
149 240 805
164 74 750
58 157 661
160 189 280
232 94 860
55 49 616
242 186 72
172 76 840
209 69 202
262 33 619
59 68 47
224 209 867
172 91 815
50 220 745
48 91 275
284 250 965
1 241 546
27 152 75
157 126 452
64 251 646
228 253 752
232 291 440
259 56 674
94 184 180
168 75 229
274 205 512
212 180 207
111 215 66
250 110 351
99 128 78
241 175 28
23 91 469
89 251 551
210 137 580
96 61 464
216 149 156
48 242 236
163 260 417
201 289 900
154 135 889
260 238 535
77 201 926
231 15 202
289 66 166
211 81 6
15 290 497
261 113 122
130 197 119
86 277 627
66 32 183
82 94 250
169 7 129
22 111 846
57 133 47
243 275 959
113 290 177
53 165 139
232 230 191
250 294 866
282 18 261
186 299 834
294 17 8
84 26 184
219 73 312
10 162 240
52 150 649
146 57 350
5 165 49
126 25 888
180 42 292
26 78 618
287 75 709
209 236 345
243 272 766
293 297 438
41 11 966
4 71 536
38 265 454
221 159 282
131 185 755
3 63 248
147 8 205
228 128 47
177 192 677
80 82 208
193 67 100
74 184 233
135 7 858
274 276 804
243 47 994
242 3 134
175 154 466
40 43 807
201 246 90
80 89 329
284 199 131
129 255 446
149 175 654
50 12 273
67 78 868
159 239 333
235 181 58
27 100 13
17 208 671
92 83 956
188 112 15
263 108 968
206 160 24
268 24 968
162 266 932
160 232 842
155 9 121
110 300 722
277 194 861
17 103 805
120 197 896
229 98 456
102 143 513
269 93 367
262 250 488
216 109 682
209 57 993
268 240 539
277 143 500
258 21 857
74 181 806
195 121 959
296 271 945
238 158 220
91 213 902
98 278 714
117 263 187
245 144 607
93 26 773
213 82 113
135 241 161
280 165 87
200 84 581
76 28 885
300 144 814
120 120 835
148 167 543
250 179 174
208 183 398
292 101 217
142 177 964
134 191 738
277 52 700
221 164 955
142 177 281
237 228 737
204 191 603
148 102 672
138 148 638
239 15 706
107 104 730
72 79 967
2 60 882
88 153 633
49 199 281
224 242 857
73 20 268
245 68 987
245 194 543
223 222 930
205 179 801
242 17 817
216 124 563
49 87 941
293 105 665
69 277 544
206 6 77
98 236 991
197 211 833
240 87 422
96 1 691
166 265 501
246 277 514
251 218 241
129 15 964
151 224 677
256 216 277
21 156 944
8 240 83
185 208 837
139 65 561
17 241 837
271 38 517
66 147 164
171 149 649
34 229 891
8 56 296
0 151 908
4 63 68
155 164 479
143 205 167
199 166 602
290 294 892
41 138 284
13 221 191
123 262 270
273 223 456
285 72 896
195 265 871
134 8 188
201 39 526
186 40 421
230 295 129
27 193 765
13 89 561
25 196 487
98 284 280
146 20 494
176 239 751
132 186 57
79 35 550
161 246 252
133 247 884
170 201 613
102 261 951
98 18 904
299 35 159
191 98 77
75 33 216
196 175 624
247 270 254
204 14 796
138 26 796
277 166 559
204 14 886
141 247 462
174 15 61
96 293 147
193 296 377
54 126 885
248 103 316
50 246 701
245 8 665
50 158 225
97 59 859
169 8 446
149 258 223
185 168 156
195 109 885
220 63 709
190 107 16
13 11 492
266 163 817
187 79 53
45 209 209
258 34 803
83 230 873
152 280 599
230 24 468
219 149 357
61 250 95
213 149 126
95 264 53
107 190 600
209 215 791
202 163 537
150 96 822
137 83 368
247 269 813
16 299 368
134 14 643
29 267 818
118 121 505
96 25 717
257 27 326
196 170 556
274 171 866
56 203 890
163 5 465
67 154 352
165 14 216
243 299 923
228 279 989
66 232 416
102 147 554
152 53 966
14 225 606
217 210 407
148 156 662
55 9 845
64 281 94
218 146 715
60 122 902
205 11 443
258 214 562
43 292 744
15 87 402
217 81 187
32 52 162
226 15 781
172 169 399
10 31 786
195 145 872
259 133 734
39 106 904
57 96 796
66 163 181
36 148 338
146 283 942
213 72 730
227 22 228
276 92 619
140 89 434
63 258 105
118 73 764
160 170 493
204 267 522
117 116 606
163 201 83
237 138 360
196 189 305
239 285 198
206 6 458
228 195 856
174 259 639
17 117 877
236 231 242
224 104 17
220 160 448
99 262 846
187 227 146
162 2 645
44 143 675
224 281 914
210 142 420
173 167 134
203 198 402
263 122 310
201 133 885
153 126 567
105 273 536
281 76 184
122 253 785
261 179 213
284 137 700
110 194 115
206 183 609
79 189 959
45 241 322
292 195 655
9 21 447
250 276 757
151 230 261
207 144 200
142 213 66
58 162 902
80 222 699
12 169 321
34 283 191
175 221 892
98 107 28
22 262 139
290 258 691
144 98 977
194 13 917
105 300 441
189 111 619
235 263 420
25 21 828
251 150 515
69 102 668
272 187 490
184 290 267
171 168 650
152 155 700
53 111 970
45 253 827
143 91 952
85 82 374
18 146 196
82 153 402
176 150 319
257 35 477
243 205 694
267 279 225
177 105 120
294 72 500
137 172 138
193 283 791
267 116 172
241 182 793
197 245 732
133 154 237
48 238 897
102 221 330
170 228 211
240 156 648
214 110 597
237 222 456
85 155 941
228 179 829
22 48 479
260 285 462
164 215 826
166 234 792
300 233 57
286 24 914
15 294 591
284 192 476
124 21 657
17 20 361
105 31 727
173 247 166
2 134 974
135 141 307
50 224 577
76 139 795
219 40 672
113 68 118
271 217 587
191 176 632
67 82 515
134 263 537
147 232 961
30 143 268
155 23 302
296 240 159
144 260 967
182 257 263
240 212 795
34 168 916
111 205 674
106 96 868
4 154 629
228 25 358
43 293 34
52 65 639
295 294 442
81 244 578
34 92 671
12 160 517
253 48 123
173 132 262
98 239 618
156 71 105
122 59 739
16 218 111
202 79 198
34 107 166
80 199 735
122 264 348
155 204 474
181 241 981
172 234 953
221 173 248
294 222 719
152 255 496
239 113 234
237 103 217
294 117 955
138 130 154
257 223 465
152 193 850
125 102 965
247 272 968
59 13 645
109 13 573
293 196 471
261 87 115
72 56 856
140 22 410
249 214 191
64 267 982
14 119 549
236 197 155
27 214 15
119 155 170
181 71 721
96 282 431
270 210 424
80 74 352
164 266 710
252 101 670
292 124 575
153 10 140
201 4 815
14 93 369
253 132 367
180 179 636
134 99 692
131 221 285
149 170 448
144 26 654
194 274 207
268 157 36
224 13 767
102 292 875
10 227 355
116 255 748
60 277 507
41 259 255
287 290 240
235 113 561
146 44 412
151 258 995
106 7 252
200 175 622
6 182 308
146 94 658
264 69 211
89 290 459
293 274 646
148 266 220
287 16 396
116 189 471
66 294 883
199 18 225
4 140 556
296 75 367
223 151 21
69 232 754
30 13 531
134 236 584
196 53 887
198 58 530
97 214 107
194 168 493
33 13 820
240 102 632
57 168 308
103 58 518
284 278 945
201 89 954
80 59 626
178 174 993
201 131 792
274 26 829
214 85 662
154 296 25
129 185 920
272 24 118
180 180 514
89 148 744
63 119 879
75 232 437
272 188 583
252 84 942
102 179 574
10 46 804
228 210 197
127 199 368
231 50 543
117 291 994
252 67 252
138 139 900
210 219 124
51 299 892
86 242 923
17 1 237
181 60 134
83 16 577
280 178 332
94 181 517
128 188 533
202 31 426
199 5 610
251 229 544
89 97 119
248 263 522
191 187 400
78 200 323
91 294 600
267 158 893
173 151 323
230 37 959
82 221 280
236 80 361
141 251 639
4 168 419
245 131 269
171 57 801
231 204 371
234 268 531
295 38 121
150 250 687
14 145 395
207 199 486
0 132 164
190 14 867
98 35 453
178 279 136
115 96 640
223 39 369
9 241 541
187 293 785
79 76 79
4 223 385
111 177 679
292 143 196
59 109 29
201 81 162
7 56 708
66 189 278
123 98 341
34 194 579
37 23 588
214 263 320
241 169 729
236 19 710
12 181 740
124 59 828
266 152 532
262 216 604
244 249 382
224 260 543
43 152 305
277 197 473
273 228 368
241 190 820
4 236 721
288 224 815
149 134 474
207 294 618
135 159 310
216 22 329
220 30 69
197 68 423
285 28 984
242 58 330
269 191 819
146 227 910
92 204 367
256 128 610
299 287 560
224 199 867
94 239 235
72 249 958
237 146 867
97 114 322
144 284 141
58 131 267
298 59 744
168 297 694
126 268 195
273 38 52
55 128 250
262 258 586
139 217 630
230 164 481
51 58 850
277 255 590
277 49 817
194 19 657
109 287 867
141 261 886
0 24 955
84 104 826
271 34 356
218 295 791
122 95 935
49 252 258
14 52 913
107 43 73
100 74 248
13 279 494
76 195 466
70 123 341
227 123 411
91 270 203
247 189 867
38 231 717
12 190 155
200 53 163
13 181 218
252 77 707
111 75 214
56 0 883
74 277 39
161 292 464
38 101 782
247 190 192
289 215 696
151 11 107
231 152 523
124 274 865
67 144 458
257 28 979
94 255 455
239 240 619
123 202 891
265 272 260
47 125 929
173 265 913
2 122 274
254 280 937
145 114 796
5 163 593
205 8 817
292 158 703
111 226 188
118 56 62
176 187 820
239 67 726
36 36 703
206 193 995
282 41 308
152 33 564
206 287 600
169 77 928
218 298 594
67 17 888
163 74 74
280 14 731
255 11 791
296 30 186
63 66 987
204 141 355
280 138 410
42 283 625
253 296 470
229 10 355
199 45 264
4 191 636
17 227 845
270 121 394
89 97 532
167 97 240
132 210 18
107 125 270
23 7 975
166 204 733
173 99 827
104 293 935
135 205 416
100 29 147
114 243 197
18 115 972
11 125 16
293 269 338
188 145 583
205 286 987
9 208 594
222 286 367
123 242 370
268 270 545
148 174 423
214 90 121
50 249 56
271 2 672
74 288 277
135 26 272
84 1 139
261 194 601
244 28 295
258 51 62
162 185 274
284 107 562
262 122 745
106 269 325
140 120 913
181 28 547
230 89 432
245 83 804
282 114 845
220 14 793
200 26 971
235 180 11
65 250 783
226 193 614
150 153 103
282 258 106
231 22 386
293 1 853
189 29 198
287 221 261
277 152 723
223 21 764
102 185 347
124 33 911
277 145 981
255 88 483
248 27 20
65 258 979
58 116 621
189 182 303
237 68 955
72 222 457
208 52 144
58 94 279
223 92 18
38 57 949
158 160 371
156 45 617
55 5 153
37 189 22
210 96 424
61 300 237
94 252 859
56 30 116
136 96 791
245 279 925
13 22 858
229 49 62
86 145 858
17 140 291
192 0 862
29 119 46
39 213 621
168 80 776
283 49 155
117 180 61
216 53 402
278 293 648
74 26 882
272 106 5
186 109 61
134 218 135
258 173 650
6 163 67
123 286 952
155 272 924
204 177 274
65 83 228
66 87 841
28 218 398
254 164 576
210 165 31
214 70 42
195 34 947
29 35 373
236 105 763
157 105 348
177 68 283
4 18 706
300 35 554
79 217 412
222 6 198
56 6 977
176 37 283
193 138 939
40 190 954
78 102 884
108 14 885
202 190 139
32 119 9
234 232 803
38 152 431
166 123 541
172 268 452
292 212 434
201 19 146
112 32 422
242 62 623
103 209 652
294 235 801
282 287 152
14 58 372
178 182 513
46 246 498
144 147 29
225 95 920
69 90 706
271 199 612
229 121 154
48 26 358
42 234 972
221 242 855
266 225 917
245 294 933
92 121 647
82 274 482
25 254 594
295 46 553
208 122 84
218 297 111
37 4 885
231 292 64
46 255 599
191 195 809
249 268 58
138 10 156
171 34 775
265 132 660
242 120 450
207 245 623
278 237 312
215 239 524
211 129 553
195 240 328
21 184 565
292 212 215
209 160 643
201 234 986
224 141 427
129 230 615
137 21 854
292 5 68
217 237 962
89 43 17
65 157 806
130 263 602
20 180 478
240 291 367
112 223 648
225 245 282
51 233 231
148 76 637
62 46 67
224 131 78
248 222 568
47 18 252
1 251 589
164 210 413
66 260 570
123 23 37
274 264 461
141 135 9
230 164 781
83 192 48
209 272 61
159 144 509
37 97 240
255 282 392
223 158 937
261 273 106
7 134 921
130 294 566
124 191 499
212 275 242
133 68 88
289 281 423
93 40 35
60 94 107
68 121 395
29 41 941
184 100 247
208 17 780
179 230 584
213 201 702
31 291 970
106 294 244
236 164 200
10 96 259
119 189 632
19 74 691
289 119 882
139 234 300
45 214 116
83 15 200
88 34 76
132 12 898
222 229 919
288 253 352
194 137 581
105 255 151
52 188 935
222 13 938
197 245 610
24 284 12
218 51 746
44 143 702
262 296 380
14 66 697
192 137 335
17 137 917
280 239 531
214 208 644
294 190 465
257 71 497
206 62 265
136 47 926
234 158 135
282 210 635
138 211 286
57 246 262
101 142 653
5 57 693
38 126 257
57 67 138
100 144 182
83 226 221
289 179 481
104 140 438
263 72 725
279 260 399
109 181 725
243 251 551
286 250 918
119 203 501
2 168 895
111 49 86
86 65 434
127 202 792
121 237 517
128 240 246
140 85 339
294 298 510
124 216 367
109 60 977
38 0 879
252 21 648
262 299 51
226 146 348
198 152 663
274 256 298
1 113 717
247 254 117
228 93 2
65 234 847
11 147 67
31 259 337
1 179 414
245 191 104
58 74 686
133 193 904
298 106 395
287 12 457
175 91 654
190 185 878
279 238 628
189 293 309
81 118 477
49 74 226
21 271 203
103 287 299
81 58 672
151 148 592
46 10 581
250 63 189
166 257 57
119 250 308
284 197 746
298 297 626
298 206 341
247 5 232
195 253 912
108 16 280
213 180 910
126 98 944
56 130 490
74 218 62
65 48 895
115 42 219
35 221 383
190 224 334
33 266 41
66 66 65
265 200 458
214 255 215
133 289 906
72 101 662
94 156 367
138 190 798
70 175 576
149 277 274
6 138 571
123 284 841
184 39 242
131 234 42
240 223 987
78 100 911
95 90 216
95 239 220
13 297 965
158 83 325
227 108 77
194 67 84
204 199 872
115 78 663
29 108 234
230 297 131
126 132 345
111 186 8
18 35 450
4 296 689
231 169 245
241 210 275
54 30 838
242 47 520
292 119 377
240 213 551
290 153 248
184 138 5
151 180 584
278 67 338
141 0 178
276 69 894
38 300 442
246 172 976
67 135 695
178 22 205
56 96 667
25 204 747
53 189 928
73 254 761
228 102 904
12 20 774
48 129 129
172 201 845
204 297 891
279 26 897
109 100 950
171 179 693
218 71 472
295 31 515
21 241 66
122 40 533
131 295 816
51 122 159
174 269 242
263 137 27
54 160 179
99 116 916
215 267 454
29 138 769
82 164 539
211 175 596
72 68 409
89 152 36
95 91 620
19 168 62
282 61 655
134 44 379
279 80 704
275 280 241
205 250 23
193 291 561
185 67 386
77 285 177
132 29 611
271 225 916
275 121 234
13 88 376
51 136 101
6 57 570
111 209 945
0 243 249
16 137 863
211 10 84
264 131 491
224 197 571
122 65 887
279 230 846
295 252 67
112 222 93
13 163 145
297 149 210
36 209 877
105 100 243
281 254 795
133 256 421
52 222 239
199 267 385
156 58 913
109 276 124
116 287 787
158 157 198
241 293 859
190 5 267
229 1 429
56 30 430
268 209 527
76 215 156
152 110 103
144 282 822
233 76 256
53 46 159
129 142 272
92 175 742
281 27 866
257 24 93
275 87 987
244 271 15
8 261 111
202 78 126
293 227 803
261 68 469
12 284 968
127 279 729
263 94 230
283 149 759
273 160 758
23 9 412
138 191 646
94 263 947
155 242 424
109 144 884
16 5 663
10 300 17
272 167 472
55 201 707
262 209 608
216 51 823
44 22 823
274 112 994
71 52 465
8 139 53
105 98 877
287 275 86
195 69 159
106 128 95
186 235 924
269 271 452
148 252 486
87 160 654
287 26 691
25 232 748
187 194 989
26 63 411
248 243 997
0 8 321
181 272 977
41 261 654
67 278 133
227 227 539
120 276 375
105 15 628
111 214 847
281 217 887
44 272 781
75 185 440
102 218 174
124 173 814
145 171 905
48 199 599
279 65 961
291 296 30
215 256 568
103 267 493
96 139 845
250 265 439
160 197 898
165 96 286
208 45 969
286 118 683
52 148 287
157 207 359
69 143 19
221 251 443
193 24 30
182 79 392
113 180 844
149 122 70
213 61 33
90 226 536
50 153 796
218 15 689
45 140 215
247 60 224
165 71 261
142 65 74
210 205 340
49 176 2
49 67 885
171 281 709
245 13 891
155 291 51
24 177 989
137 298 284
299 79 173
285 76 60
122 240 481
209 211 343
25 82 692
293 164 733
72 152 611
262 197 560
152 200 568
200 274 61
89 132 208
99 77 495
99 22 414
277 26 60
16 206 648
191 146 498
220 294 288
184 197 225
26 181 321
171 173 500
177 252 315
47 171 574
149 237 783
177 158 303
228 147 720
0 131 694
252 83 403
256 47 736
107 195 253
116 220 778
201 163 47
106 27 273
248 296 0
4 206 270
194 166 107
12 167 21
2 253 194
196 286 406
86 253 516
159 154 193
54 136 170
201 284 859
61 106 712
264 297 178
184 148 543
161 71 987
108 295 318
223 78 379
41 268 511
24 288 571
268 171 973
166 33 149
191 189 360
164 91 144
282 51 981
98 177 812
143 44 637
66 151 854
91 30 529
230 191 650
138 119 453
254 41 195
128 78 439
79 125 317
249 253 690
250 205 206
33 93 328
186 150 408
203 61 993
36 171 4
248 247 521
204 262 710
76 0 666
249 19 219
150 299 831
55 246 764
205 33 511
240 101 349
264 269 131
35 45 801
119 204 346
189 6 71
146 56 239
282 240 400
283 177 270
64 178 622
11 272 603
43 33 2
256 103 788
97 281 14
40 236 214
294 215 807
265 8 702
202 176 906
207 136 390
155 129 207
68 34 773
256 93 911
88 111 850
2 32 219
24 126 47
258 16 749
261 152 250
235 29 902
31 186 892
6 159 468
121 16 406
77 159 737
202 152 537
29 139 259
150 44 997
81 266 351
6 224 316
9 76 552
38 111 4
267 227 648
252 40 657
201 63 965
257 63 902
148 106 346
166 154 493
291 262 515
210 53 79
284 32 407
121 271 762
125 83 661
68 200 987
85 97 825
203 273 630
77 192 909
285 291 456
140 25 696
239 148 652
164 30 246
95 175 731
206 288 998
195 150 416
280 6 362
189 103 997
208 171 398
181 134 401
97 100 154
127 78 56
144 101 846
122 29 534
154 256 434
43 226 358
233 49 831
132 35 571
42 186 194
50 170 415
112 48 618
264 173 604
99 183 500
106 89 740
181 17 751
279 206 314
226 68 377
21 118 289
174 257 550
206 227 430
291 221 554
63 67 320
84 168 726
261 161 617
256 267 713
254 66 642
249 142 333
75 68 83
295 115 868
22 143 111
42 228 837
87 129 652
260 112 439
287 53 355
250 133 660
154 155 281
123 109 512
55 157 568
61 268 420
214 273 586
31 281 384
289 178 125
78 263 160
180 237 607
163 37 463
45 74 684
207 108 549
35 139 952
44 158 36
21 253 264
204 212 559
268 105 911
170 117 161
187 288 910
61 96 834
166 263 693
276 108 204
95 235 63
228 183 123
102 88 993
160 128 344
295 246 759
134 159 622
205 204 206
69 197 634
252 221 84
166 255 293
63 140 360
258 284 52
247 126 507
56 0 333
233 153 703
86 113 172
273 163 755
289 295 530
171 20 252
245 81 512
13 248 988
268 156 349
219 271 251
144 40 902
220 232 987
156 297 165
189 134 598
1 104 547
286 21 826
136 161 625
192 225 859
264 203 545
228 127 36
282 91 981
109 173 160
144 249 798
117 245 86
50 290 646
80 160 711
72 231 612
269 203 6
258 78 300
218 258 360
193 91 828
176 246 881
295 253 194
216 133 723
4 277 256
188 52 196
108 28 750
282 87 408
10 22 390
61 248 285
1 298 577
220 294 108
55 86 120
120 55 309
0 75 347
182 217 450
248 0 285
44 272 156
152 147 388
237 147 479
291 278 862
5 221 977
9 212 978
73 47 721
6 101 595
140 121 637
277 120 754
28 32 864
178 70 893
159 208 516
203 106 476
92 139 393
166 123 323
44 194 973
270 91 861
30 249 669
213 212 381
214 224 75
265 116 639
252 51 34
60 238 721
232 49 956
123 193 870
175 84 391
300 56 114
117 119 56
128 78 429
264 254 748
1 143 939
65 263 982
37 202 989
23 157 696
153 160 725
282 235 244
60 166 131
81 2 59
18 77 631
221 184 875
188 255 537
183 265 965
202 128 791
170 280 701
17 240 902
90 146 995
163 283 187
279 208 675
256 218 38
229 287 912
165 14 368
203 235 352
26 137 695
162 70 461
291 217 873
236 237 175
115 43 272
200 210 943
251 297 944
8 290 951
294 213 808
109 48 965
51 269 994
6 177 847
240 76 408
191 1 989
246 73 289
159 134 981
285 180 415
72 122 909
231 209 572
252 200 363
271 230 717
269 107 479
220 139 109
246 116 584
65 168 54
187 85 258
174 81 183
279 235 270
79 20 150
48 206 300
154 119 85
153 190 873
19 137 186
243 78 240
169 40 507
192 182 777
206 149 380
198 136 579
152 284 58
255 219 716
202 153 110
68 164 954
216 139 585
145 134 505
64 125 47
201 160 523
132 230 847
138 10 666
140 71 226
67 159 399
35 201 549
300 193 663
226 233 215
247 94 499
56 28 572
17 182 267
16 46 744
233 23 114
65 110 510
81 13 334
274 233 870
228 164 543
163 246 299
25 98 210
248 29 627
140 240 239
265 3 936
83 87 312
1 88 722
70 136 41
246 5 918
18 196 425
218 170 586
57 191 183
197 31 543
228 217 413
70 229 692
87 54 554
257 43 462
145 144 947
64 217 119
34 233 702
198 114 579
101 180 80
41 24 690
276 147 954
10 119 819
209 69 779
75 209 66
14 164 900
217 255 103
212 234 658
144 133 277
254 254 130
212 202 913
17 70 423
267 65 12
279 195 950
270 254 344
92 127 746
105 167 41
69 239 557
77 116 926
297 177 205
178 64 19
246 42 24
6 202 78
206 14 931
66 92 43
66 242 886
129 64 69
250 19 746
84 187 337
181 28 672
286 218 175
225 181 168
18 295 749
256 235 969
180 84 150
187 248 122
135 92 868
157 244 283
245 198 800
117 208 518
222 130 871
185 10 845
138 224 498
224 48 736
252 24 300
265 255 203
189 114 675
99 119 797
0 186 108
130 124 563
184 205 509
5 198 388
267 46 420
79 16 491
86 141 967
51 64 925
160 256 117
134 156 988
115 78 802
49 118 76
235 13 561
239 299 192
140 286 567
184 59 494
120 49 488
92 252 17
252 79 947
210 260 213
106 175 222
211 114 126
202 291 816
255 168 800
249 70 682
14 80 680
161 21 868
288 107 575
246 49 299
293 114 860
178 106 326
295 269 788
4 246 891
297 300 166
280 215 34
98 213 560
70 109 29
75 145 777
297 152 47
181 37 608
122 119 925
129 299 183
130 283 205
264 139 670
48 14 674
3 176 241
152 122 977
59 130 42
102 126 719
257 187 735
187 154 67
243 16 996
79 5 465
204 224 990
74 74 51
283 47 48
295 97 667
184 15 532
14 77 259
79 90 890
85 223 216
218 92 79
38 152 454
125 252 558
208 49 187
153 262 81
84 219 916
272 269 464
138 31 97
281 238 622
47 188 302
290 40 33
58 288 414
243 211 351
85 286 218
122 211 243
137 74 408
55 278 349
194 284 734
54 165 140
177 153 604
156 37 84
53 222 376
290 9 95
178 237 936
20 185 147
295 88 523
267 248 491
291 96 301
53 20 970
22 267 254
204 235 16
114 94 73
11 204 860
202 65 172
102 248 779
121 83 527
9 29 13
203 266 944
83 169 849
67 161 774
54 160 862
277 124 794
181 113 285
43 163 739
170 96 486
294 175 445
113 151 958
73 6 33
91 222 663
151 17 89
290 128 904
26 170 829
297 93 687
261 257 881
205 66 393
275 37 249
230 140 660
230 160 681
195 162 602
122 149 16
224 72 409
65 172 284
289 146 346
269 68 136
197 79 637
81 109 108
170 64 936
172 223 332
177 192 461
221 197 335
268 265 648
106 254 755
270 123 821
102 147 307
186 182 785
195 300 451
115 268 760
38 244 552
165 243 183
129 50 815
277 107 126
286 290 327
202 69 534
288 25 983
235 73 300
207 27 28
294 249 265
268 216 109
251 147 715
185 264 650
156 246 816
41 181 287
111 172 670
8 89 846
2 157 873
0 107 506
169 277 505
197 264 570
170 291 868
35 238 365
8 87 516
166 128 764
105 85 171
18 29 727
191 222 677
122 155 469
195 94 596
190 228 119
162 134 499
89 216 990
120 219 587
124 16 825
129 80 944
22 215 38
151 287 871
262 155 777
258 216 600
28 172 744
132 213 353
280 284 152
74 296 908
125 128 693
42 59 681
47 114 26
31 110 926
16 1 615
222 177 451
42 195 635
103 55 62
153 187 781
66 169 828
197 272 109
217 252 804
65 68 573
152 63 377
185 66 164
65 290 985
38 270 84
193 146 462
294 161 205
136 32 355
99 100 512
154 256 1
16 175 321
243 76 343
249 196 600
221 15 795
137 81 604
196 9 862
75 97 960
192 257 863
244 247 347
44 128 210
56 151 651
11 40 569
12 169 908
149 97 582
102 147 663
296 149 326
196 184 977
210 117 113
115 268 447
111 33 291
242 124 407
164 198 13
287 62 402
271 224 204
227 212 937
295 239 154
133 216 429
78 253 842
38 248 778
156 74 757
219 292 561
46 157 694
231 48 59
119 217 775
202 78 762
150 36 518
280 294 536
201 135 597
36 239 755
188 258 42
234 290 313
269 138 931
292 75 344
70 240 963
294 251 741
40 243 562
143 66 592
28 12 916
22 265 30
131 235 548
289 297 710
300 120 574
212 139 456
165 138 332
45 36 130
10 96 651
237 226 619
186 166 335
98 107 518
113 300 786
34 97 151
41 240 585
164 90 248
189 282 696
241 243 688
192 147 915
252 295 512
232 198 487
110 188 745
109 211 123
255 169 20
166 12 85
122 300 767
148 233 546
16 165 914
252 19 780
133 149 351
59 50 428
46 108 566
191 98 568
52 296 587
97 277 546
140 280 995
217 232 791
160 63 702
40 34 628
212 9 616
61 162 131
152 73 418
283 64 840
263 24 915
201 97 750
101 11 521
56 126 651
130 278 440
206 213 599
95 243 118
215 154 541
166 148 470
130 12 679
144 114 577
15 175 392
118 289 344
272 247 658
255 102 341
190 281 823
274 256 402
165 289 14
50 206 633
135 9 72
273 35 141
210 42 893
139 33 209
53 209 281
119 125 398
201 1 306
263 55 981
277 110 717
260 161 361
272 50 451
59 240 240
111 298 363
123 197 60
202 26 564
187 111 132
213 74 518
134 74 104
180 17 163
207 235 399
5 13 135
168 89 542
9 72 871
190 45 540
27 132 810
90 110 802
63 287 183
60 246 524
269 178 876
93 212 187
158 54 513
251 184 285
200 164 78
169 299 407
212 171 981
298 158 974
11 12 404
77 215 954
227 23 680
177 261 322
117 223 193
86 89 969
283 53 201
226 244 48
88 272 433
84 116 352
52 188 752
196 165 916
282 246 823
218 229 560
185 189 656
294 105 778
90 167 668
140 218 87
266 164 356
30 128 216
240 201 101
110 17 921
159 168 474
268 147 235
131 99 398
225 234 84
11 100 758
243 129 652
216 53 45
168 241 250
0 293 25
118 256 883
84 72 600
39 173 512
166 56 406
215 256 825
56 28 869
221 251 908
192 182 255
0 12 119
158 219 648
300 61 82
72 193 391
135 251 738
254 71 388
58 111 844
215 50 412
250 120 323
270 147 242
148 270 631
113 68 300
146 3 240
18 196 104
26 255 654
278 268 797
242 66 968
60 127 376
50 143 65
9 138 649
269 25 410
56 284 806
186 199 542
176 89 896
169 101 687
119 30 938
161 236 860
221 42 72
90 195 248
173 187 676
243 280 75
198 56 664
51 42 88
108 44 356
19 168 883
118 127 140
298 299 784
53 49 152
15 67 535
82 93 930
88 131 123
51 134 510
168 42 718
54 29 978
4 208 744
90 66 261
73 10 783
196 189 267
118 147 858
33 261 9
81 44 175
183 152 228
200 164 54
69 103 949
160 164 913
272 66 792
264 94 372
147 21 143
61 177 817
159 55 957
292 223 934
82 125 813
123 249 8
149 193 296
216 218 846
115 161 17
241 269 141
45 148 984
46 131 349
56 6 871
114 103 189
98 85 822
44 85 899
55 45 39
53 287 563
225 249 449
249 208 748
67 83 470
25 47 138
186 287 762
34 136 980
10 173 639
261 298 136
173 292 128
55 148 5
273 248 666
23 214 647
80 294 940
271 252 151
226 285 956
45 130 218
2 168 3
130 163 916
234 213 284
163 97 225
68 25 636
118 290 686
290 198 383
136 28 229
271 199 978
117 96 251
183 244 17
24 154 449
9 111 817
101 269 974
273 173 101
58 177 5
188 247 400
8 153 88
57 204 414
263 132 882
127 107 427
278 90 888
239 110 641
174 15 725
44 163 820
262 253 734
156 12 305
136 210 925
228 113 661
194 73 944
211 165 34
237 29 594
252 102 658
155 293 887
280 162 826
0 164 787
122 31 370
91 235 802
218 172 218
235 1 689
280 171 101
239 115 281
300 117 747
3 50 95
114 84 537
219 188 772
43 186 413
30 142 555
177 20 762
44 242 378
72 290 431
153 184 478
14 106 743
37 134 156
108 45 494
127 180 431
25 189 924
210 185 941
84 176 172
219 55 311
62 223 8
99 271 593
113 64 117
266 210 265
76 228 955
119 20 779
217 76 246
89 252 328
76 288 482
261 7 512
269 263 470
62 82 842
149 279 684
184 117 536
209 63 250
267 271 899
169 187 652
217 114 687
264 14 377
135 120 505
149 125 522
245 211 844
46 100 992
248 277 864
86 164 472
28 120 527
212 280 526
164 96 145
119 57 603
0 178 218
116 190 135
31 70 459
229 169 793
271 0 409
59 257 840
233 65 76
143 31 75
14 252 574
161 183 94
123 54 596
138 91 178
149 161 91
78 23 4
70 199 353
10 63 847
225 243 849
89 230 617
109 263 78
128 36 879
92 39 591
187 166 158
151 299 328
6 195 64
155 113 344
122 71 323
188 186 283
20 230 168
34 15 462
289 2 485
4 99 933
273 134 428
129 281 315
281 127 365
215 191 439
54 210 982
216 111 954
152 105 338
297 279 759
271 132 65
168 138 441
64 25 924
59 237 255
37 193 792
209 59 749
293 197 578
162 228 286
237 269 17
193 192 80
93 237 281
254 166 329
263 166 883
229 245 660
23 64 184
82 118 34
164 90 58
263 175 753
275 54 25
55 124 315
290 108 250
266 291 964
200 196 910
80 258 380
156 153 223
239 245 64
203 138 418
283 160 647
63 263 932
102 256 693
46 200 774
50 192 550
194 118 977
281 140 701
61 270 264
47 70 639
29 255 907
264 142 370
177 118 688
111 241 895
181 198 630
184 213 787
175 247 959
298 280 336
77 61 633
154 186 141
23 207 321
274 1 553
75 208 704
149 174 624
211 222 307
177 177 631
115 227 949
103 33 651
116 49 658
135 100 265
36 291 138
33 10 984
73 55 875
153 101 109
277 278 988
201 277 887
256 49 685
166 81 916
246 291 470
178 31 509
233 114 506
80 69 441
238 145 29
246 26 48
143 5 277
82 87 164
191 161 402
284 238 516
160 155 896
58 187 964
89 300 130
106 280 64
193 36 167
249 18 119
103 187 47
254 161 468
70 52 626
213 166 781
267 50 286
98 82 607
131 3 365
57 124 639
291 253 929
116 62 88
175 107 454
69 177 905
245 193 777
288 205 343
102 24 221
107 163 537
104 248 163
28 106 478
204 181 713
49 4 12
99 208 585
204 259 473
200 280 292
188 240 962
124 60 511
112 223 786
80 285 405
169 230 42
203 73 282
98 30 32
241 215 845
176 258 541
231 229 10
23 274 549
127 16 575
242 188 504
284 178 978
117 241 693
205 122 803
217 10 647
201 255 502
212 107 826
207 186 506
31 80 3
113 154 299
137 121 914
141 248 650
239 73 664
80 20 326
62 289 229
52 300 923
268 272 404
49 232 726
110 298 403
144 163 838
143 204 556
191 259 593
166 73 844
286 158 206
40 89 464
200 245 865
145 168 880
151 280 93
191 291 707
23 240 812
138 296 124
5 200 584
191 181 560
300 238 171
83 80 207
14 35 901
3 287 334
118 216 709
209 228 154
172 196 93
95 89 357
216 264 469
293 42 382
90 167 183
283 196 55
189 57 663
273 17 273
76 258 448
281 206 243
236 248 780
75 128 435
1 265 150
261 224 749
15 125 267
273 108 224
72 205 878
298 180 653
227 116 126
88 143 814
9 263 17
282 97 560
227 111 351
141 229 325
178 218 475
166 252 353
272 54 578
264 200 783
97 101 716
284 156 10
193 268 744
215 265 208
57 18 505
80 158 772
285 174 925
249 111 365
133 231 576
68 16 577
124 170 575
120 149 190
71 62 53
296 119 933
219 50 182
6 142 396
70 64 14
37 300 460
299 71 477
281 0 743
198 260 433
25 280 64
241 274 215
141 288 934
274 15 447
211 179 876
191 149 350
1 131 460
196 2 74
106 241 152
21 16 138
199 180 347
3 101 785
263 6 11
274 40 888
25 48 914
94 186 464
62 157 222
293 99 735
15 9 627
288 31 695
189 200 166
255 96 819
287 141 879
44 92 689
80 152 157
5 135 269
119 223 246
88 215 554
161 153 890
121 83 7
235 214 819
185 96 261
29 254 567
266 285 652
245 60 569
22 192 415
163 232 288
237 239 257
232 180 502
153 22 293
56 47 652
23 105 6
289 176 553
288 69 880
256 291 364
232 262 800
214 149 247
216 89 211
20 291 980
167 300 353
7 104 580
44 52 993
139 203 229
88 200 855
187 276 579
91 191 849
279 112 802
79 41 513
15 209 748
96 300 987
176 266 889
173 130 101
113 35 286
28 182 708
43 129 72
159 21 337
235 229 177
33 25 136
3 298 430
140 266 146
13 28 973
97 90 559
12 20 97
165 241 606
248 258 97
231 12 978
65 84 185
26 104 685
268 108 883
6 247 848
30 217 833
220 299 878
279 85 127
60 60 898
179 93 782
140 273 511
105 212 72
254 180 466
15 164 702
180 279 561
26 31 356
188 254 565
266 133 722
221 174 962
64 73 746
74 60 799
188 296 853
31 247 552
76 29 650
212 10 629
196 279 623
262 273 15
153 116 955
255 250 48
214 31 488
169 14 205
87 62 662
228 95 950
269 25 574
187 46 324
9 206 861
39 239 940
150 31 802
195 67 977
69 3 511
191 12 6
95 289 0
238 203 849
31 59 513
194 155 791
252 88 581
82 172 260
116 205 955
25 28 573
110 131 780
44 231 454
72 174 829
239 267 650
222 196 513
192 71 830
65 99 445
62 292 203
265 225 94
108 73 353
170 6 443
155 184 112
15 248 738
11 170 980
171 192 186
60 197 379
232 187 133
296 142 453
1 186 281
268 278 651
159 80 868
63 134 751
191 245 991
168 59 55
224 197 206
201 84 282
17 116 283
135 239 56
123 167 46
227 102 981
159 258 447
257 153 792
5 272 567
240 140 185
206 16 492
148 20 364
142 157 862
9 191 574
218 26 733
94 27 570
69 238 113
221 277 727
232 107 95
0 242 119
236 6 563
4 239 628
127 286 409
146 247 510
242 106 365
142 110 18
37 50 773
100 187 747
177 51 875
197 16 48
267 262 969
155 260 378
164 51 622
197 232 155
235 231 415
48 131 7
119 225 4
202 300 744
220 12 245
93 257 167
245 201 995
263 77 912
120 187 730
283 12 903
48 161 815
272 154 894
149 254 295
291 259 468
178 263 976
7 92 55
85 42 594
183 31 598
256 226 861
214 292 526
299 138 339
147 51 521
145 261 60
168 291 850
100 256 277
215 135 349
74 157 994
157 92 488
17 295 643
299 3 795
258 39 831
125 282 682
251 218 190
155 30 355
128 84 701
121 169 949
52 52 144
73 136 171
157 251 233
119 75 219
237 181 872
89 2 984
129 142 540
93 184 592
124 79 708
169 44 367
241 295 822
94 14 163
237 163 119
261 252 919
74 185 720
196 103 232
198 288 209
82 75 343
28 257 925
293 2 329
19 165 291
13 161 837
94 286 263
67 158 285
140 195 761
26 226 468
151 164 698
48 28 526
283 141 117
223 234 901
43 218 136
207 234 195
149 276 178
185 186 883
241 259 807
256 235 975
123 115 78
116 228 291
203 291 234
234 121 669
209 5 812
171 223 886
213 130 969
252 149 219
8 88 737
138 57 649
63 4 32
283 31 361
80 143 409
159 181 98
95 246 887
247 249 820
81 255 544
261 194 228
65 174 566
118 230 839
147 162 941
116 290 844
140 61 466
219 123 66
167 281 153
2 88 951
255 239 495
45 69 587
277 114 244
267 14 57
280 52 164
50 161 35
284 106 104
94 164 543
211 214 337
260 235 550
52 139 421
162 111 441
250 222 9
162 110 489
57 83 686
88 281 913
58 80 422
14 31 911
23 79 735
58 50 589
249 130 416
52 218 793
76 80 253
201 29 330
33 216 663
279 201 746
271 180 883
267 184 55
53 168 809
245 112 273
199 150 78
171 205 953
223 132 193
283 295 963
300 68 65
263 128 170
279 288 291
233 102 826
277 221 178
171 76 167
94 179 149
104 169 881
282 227 973
222 68 666
223 54 275
244 184 667
125 295 685
255 101 483
204 153 46
74 287 355
44 20 650
285 220 119
157 56 727
216 178 607
262 73 623
239 191 824
265 277 517
129 296 7
296 239 319
112 248 635
276 164 641
184 11 579
22 238 345
69 281 260
184 221 487
193 145 209
112 99 399
55 200 635
289 271 972
281 198 359
241 125 586
40 215 166
164 180 667
212 241 219
15 45 747
229 243 698
162 43 441
244 232 829
299 141 497
0 94 914
158 256 925
206 281 5
291 5 658
200 146 318
179 115 193
92 147 674
287 145 357
115 180 109
211 179 113
85 80 886
300 214 954
122 40 815
162 280 815
186 44 806
233 284 362
230 68 105
217 14 423
166 292 482
26 30 757
65 9 824
110 267 529
21 111 145
145 96 818
63 79 607
82 227 835
298 54 385
55 193 709
48 132 18
117 63 255
262 146 366
24 16 946
209 136 143
213 297 269
159 129 956
131 300 666
41 8 412
197 77 660
125 32 674
263 166 912
55 276 204
121 24 3
90 136 350
186 7 625
294 78 240
300 174 779
63 88 79
53 195 985
114 204 775
101 53 818
290 288 414
186 117 978
152 200 153
272 117 985
276 241 720
285 107 459
182 232 223
173 38 851
276 174 604
209 37 996
241 176 366
11 126 505
9 6 51
29 193 398
139 24 548
25 134 18
67 206 771
234 275 249
184 219 516
1 92 636
184 224 435
260 147 807
55 21 426
6 6 482
127 161 992
277 110 176
236 204 98
157 137 663
186 62 645
214 119 3
27 151 710
297 37 710
88 29 982
175 142 853
229 208 506
266 1 440
182 186 576
27 72 582
36 285 871
287 203 734
31 227 14
93 66 567
30 49 614
128 159 409
265 71 153
287 30 401
156 104 939
187 22 95
192 235 946
209 261 739
242 48 266
143 195 388
202 9 804
164 96 95
285 76 150
189 191 47
213 72 37
20 218 976
248 292 246
281 253 452
109 167 530
27 76 248
243 50 11
123 120 956
92 223 746
30 8 95
159 58 170
104 110 828
271 49 546
38 147 659
94 244 556
174 249 102
53 265 667
246 176 113
228 77 179
157 194 242
73 232 359
32 48 622
267 84 992
27 0 190
109 31 360
244 45 350
234 257 942
148 93 349
95 56 840
71 118 425
261 204 137
231 142 425
136 188 637
298 141 582
190 279 425
219 54 790
8 8 927
292 259 93
106 235 555
97 46 30
80 263 813
9 288 538
185 242 524
25 178 463
121 0 436
39 45 267
164 70 449
10 34 58
226 167 255
159 159 73
230 248 277
294 188 340
296 163 830
100 269 225
246 120 846
275 65 911
81 207 228
249 283 730
282 40 276
107 260 812
13 71 678
236 173 296
143 74 790
191 77 456
87 152 725
199 201 834
129 241 159
247 283 802
10 213 117
180 34 51
34 177 657
216 166 946
272 116 225
35 46 84
180 67 695
144 299 181
227 62 925
253 74 357
93 8 80
65 169 928
50 38 297
128 97 909
100 197 912
253 50 714
263 198 159
158 226 162
147 27 494
30 241 636
226 54 735
115 294 485
258 79 266
9 63 819
93 146 435
65 92 437
46 213 849
197 71 642
115 181 727
188 142 724
114 192 158
281 0 207
251 172 935
88 250 580
19 34 863
193 165 137
212 159 949
235 45 99
37 2 166
261 79 538
299 273 554
38 246 837
23 226 660
122 175 563
16 105 495
297 138 928
176 5 359
174 188 761
58 41 514
289 261 287
69 16 862
130 141 659
131 230 123
264 60 199
198 95 742
129 54 797
52 228 218
64 31 33
266 1 307
165 239 108
183 31 24
132 31 302
239 228 116
296 45 135
262 50 577
183 212 49
149 167 310
219 66 608
201 230 527
16 77 300
282 10 260
134 152 12
22 141 693
292 240 8
161 145 928
152 238 733
193 77 829
170 37 484
74 182 505
186 288 201
123 279 755
87 196 145
184 157 146
137 118 804
18 241 498
243 49 132
77 249 706
116 131 721
228 146 486
295 110 702
271 86 534
28 267 506
289 128 767
176 261 207
151 110 221
84 55 543
252 46 537
220 94 180
212 290 22
34 203 829
56 174 777
5 237 764
88 137 139
150 212 554
219 36 318
220 118 633
277 266 92
200 221 39
81 113 870
38 245 226
50 113 422
263 104 47
57 249 169
273 49 756
193 84 730
237 0 223
165 288 261
51 6 20
52 130 74
196 110 121
221 237 482
213 88 766
236 191 305
85 207 134
14 66 224
128 229 75
299 163 624
47 285 435
169 224 144
73 258 230
144 224 991
35 24 754
196 163 115
63 163 11
9 11 375
54 115 862
284 84 338
75 284 268
197 12 826
110 286 664
258 233 385
115 270 172
208 245 451
1 10 678
34 295 558
234 23 413
60 241 556
92 297 578
216 113 260
42 83 857
38 235 140
1 158 550
225 267 672
128 196 444
249 158 661
181 259 732
5 291 308
236 250 602
12 229 408
162 255 272
192 281 722
21 275 356
43 244 741
38 61 226
259 81 436
21 169 342
118 46 454
88 13 324
153 291 111
38 73 341
39 205 356
21 289 772
138 124 920
55 265 782
189 12 229
219 90 606
181 152 953
202 74 745
30 279 844
277 116 324
98 113 659
264 114 30
289 46 93
24 13 675
99 102 77
296 300 936
277 129 516
122 196 905
111 209 424
256 84 244
102 120 221
92 56 240
192 27 781
118 82 395
290 215 521
232 171 177
211 143 403
229 202 158
197 159 25
158 223 345
231 85 600
290 100 318
44 119 909
21 56 314
40 75 769
171 54 490
231 223 676
280 89 211
266 167 364
149 283 757
38 17 452
287 34 139
74 77 15
69 115 804
249 10 28
52 16 494
216 156 468
212 297 712
283 81 638
248 287 275
166 112 357
45 42 144
203 64 796
10 166 833
143 193 741
27 293 941
164 58 945
220 141 152
258 82 207
178 248 266
77 291 215
105 4 355
178 289 283
24 142 370
111 207 804
117 34 571
44 133 96
160 212 119
92 190 377
275 140 392
51 2 324
218 42 864
148 276 252
12 3 372
200 299 140
128 129 593
42 55 370
105 144 804
191 199 344
199 284 204
41 90 436
55 213 195
181 258 16
58 252 443
283 153 121
106 203 46
100 89 754
124 267 560
288 39 135
282 44 601
200 144 12
70 116 368
65 138 958
164 95 18
258 163 807
128 47 980
79 39 856
75 290 434
209 119 964
153 29 471
243 46 915
279 286 534
254 265 23
142 272 724
173 177 356
67 200 249
208 150 261
200 103 203
290 259 212
58 282 749
30 169 963
19 249 891
250 295 361
247 92 181
207 162 952
267 50 743
131 233 784
204 235 329
238 61 912
268 4 664
128 260 145
39 126 646
154 109 809
223 151 549
70 1 846
156 287 210
255 157 423
77 274 937
36 181 902
212 257 814
146 136 518
76 24 421
283 9 838
236 204 920
4 246 554
81 262 189
87 3 441
281 272 720
171 247 644
152 277 845
294 177 290
199 257 585
149 6 511
181 264 343
43 161 274
265 256 969
121 260 249
136 38 483
3 34 583
179 76 603
286 153 156
280 277 767
137 68 100
288 28 97
163 159 2
183 261 677
233 63 207
161 252 135
176 114 561
146 52 984
219 214 662
64 158 938
174 197 962
59 136 926
5 107 906
191 41 487
94 62 979
281 5 243
285 227 134
257 129 36
137 0 268
275 83 705
130 95 341
149 198 506
299 118 592
117 235 145
150 6 626
131 28 91
42 148 906
58 142 675
236 164 279
0 229 506
275 155 713
64 250 712
195 249 839
286 78 617
82 111 970
243 299 166
298 63 485
165 25 445
26 40 381
188 90 749
196 46 716
193 184 741
194 139 300
138 223 206
154 24 378
137 259 687
236 71 409
