50000
272 308 260
201 38 308
232 181 408
19 193 738
113 128 497
185 134 647
197 283 710
129 30 452
101 317 356
144 124 497
94 215 446
280 179 794
136 207 698
236 0 753
283 275 685
40 230 24
43 105 44
30 96 988
184 190 580
257 190 213
238 178 397
149 0 130
225 163 121
204 117 829
94 8 84
276 236 319
26 98 522
8 150 157
117 243 708
105 220 763
10 93 50
14 246 99
300 34 488
231 169 401
123 112 813
318 216 782
25 320 943
18 65 123
189 22 866
286 183 668
195 106 863
264 205 654
205 217 637
211 185 802
40 288 90
158 150 817
264 14 853
72 200 421
34 294 311
289 256 445
200 4 40
39 304 219
133 155 913
199 3 995
77 183 477
20 105 585
5 134 354
232 61 348
162 320 434
199 197 24
157 282 190
57 246 832
90 134 641
210 274 300
75 229 436
266 316 903
112 66 735
170 104 959
14 260 132
227 153 695
77 156 673
102 300 350
4 189 807
178 142 180
155 226 56
78 127 69
314 223 267
184 150 495
237 171 515
253 178 392
90 259 245
108 233 512
193 268 287
143 127 572
239 271 490
302 5 987
36 294 373
181 317 622
206 138 389
159 153 639
123 204 955
268 64 120
211 273 484
108 106 607
292 170 976
189 16 110
110 156 799
164 250 156
126 303 774
160 131 589
104 185 979
47 124 87
120 39 520
38 92 518
66 208 977
122 199 487
239 45 864
270 292 527
16 183 790
290 244 197
85 40 202
175 125 990
225 80 484
20 177 424
16 253 376
137 55 977
40 309 67
281 118 779
1 294 594
250 168 22
179 213 85
43 17 330
92 90 459
131 35 461
14 259 727
290 283 899
95 29 397
165 199 655
147 62 993
310 25 494
92 42 279
98 26 864
128 283 244
270 127 111
142 262 666
15 236 999
25 158 87
221 7 194
263 277 426
31 152 716
142 3 218
183 239 985
208 198 47
33 139 380
286 128 193
307 177 128
119 231 741
229 182 95
63 263 43
87 87 892
292 273 197
197 193 203
18 242 327
192 24 835
310 99 45
3 182 53
44 79 593
316 128 185
58 56 315
226 254 626
310 242 331
170 55 196
71 91 912
18 177 953
314 26 975
92 77 684
68 16 757
150 278 851
288 144 613
310 66 672
87 19 20
271 95 909
88 221 104
82 37 84
288 187 259
126 34 900
236 14 941
229 68 310
119 216 298
157 47 892
118 286 218
203 138 614
279 247 482
222 184 415
182 127 819
220 62 40
319 4 866
249 276 316
204 25 1
25 122 727
126 130 82
243 209 904
198 300 632
97 201 314
266 237 849
195 124 395
178 132 649
20 169 714
77 313 729
152 248 780
263 275 268
303 23 970
161 158 659
268 285 143
181 251 51
92 47 582
172 43 734
146 205 18
290 180 240
317 283 544
19 111 735
7 320 235
286 59 955
18 238 719
191 234 643
266 257 112
212 21 252
84 60 851
253 316 595
239 33 986
142 239 258
314 190 187
47 61 199
183 62 960
155 221 505
302 229 146
297 69 638
67 315 658
249 186 389
188 38 863
242 281 367
167 263 4
129 3 323
42 111 238
291 108 951
16 17 175
317 99 578
16 206 783
3 273 842
266 135 417
47 271 421
314 297 370
54 152 227
23 77 727
285 120 442
48 310 176
108 148 988
1 83 649
82 192 423
67 240 845
273 284 135
189 46 208
292 185 817
320 291 77
230 182 639
183 106 833
245 92 16
27 102 600
254 166 172
74 223 963
21 114 486
230 212 230
12 314 174
169 94 12
300 180 941
238 282 155
151 317 982
33 77 146
110 32 371
311 109 623
200 309 155
262 316 8
234 40 26
281 255 957
256 123 488
20 110 828
146 114 739
218 22 550
43 103 483
222 32 676
5 258 750
115 128 389
128 92 622
255 153 290
269 3 574
228 218 107
176 163 72
93 239 360
190 106 55
204 22 915
239 65 749
186 102 722
92 20 733
81 124 469
173 105 748
309 244 466
275 77 461
17 271 34
42 98 247
42 225 31
218 286 193
185 152 107
262 222 613
301 320 256
237 123 633
275 305 881
163 29 617
207 275 313
206 229 727
236 255 319
85 141 760
130 103 554
265 114 367
262 252 26
135 48 589
42 251 562
86 207 295
6 112 374
17 33 358
30 287 495
130 259 780
119 159 952
24 127 560
246 108 575
246 315 300
16 114 50
298 72 730
174 123 494
112 142 621
134 153 914
179 106 664
308 206 324
71 188 303
33 179 209
6 176 340
219 121 570
217 179 584
6 301 748
84 22 664
87 14 802
144 292 67
81 98 743
302 308 132
183 283 779
275 16 411
313 165 100
110 279 156
81 185 185
52 119 150
238 312 300
115 239 655
208 268 561
6 300 165
309 287 138
317 317 751
146 90 496
236 147 317
235 240 598
279 183 575
313 240 156
276 289 587
102 121 870
265 87 650
26 195 986
179 141 614
18 35 883
133 163 324
45 183 448
35 109 105
116 274 30
287 102 683
105 57 223
90 289 503
186 243 653
46 111 981
225 39 505
145 184 979
267 80 338
297 164 397
108 316 120
58 305 197
172 209 450
138 79 981
249 148 22
234 15 612
270 136 21
107 41 490
221 133 352
58 63 285
242 55 172
168 262 609
290 310 444
308 116 728
290 50 655
176 270 389
177 13 820
307 49 541
307 222 784
160 161 515
20 64 768
225 187 687
155 288 233
201 154 503
278 2 302
270 155 896
164 300 602
71 58 332
44 276 853
298 159 771
282 268 926
262 230 833
48 180 890
274 122 665
52 48 549
33 96 960
41 44 151
51 22 964
61 161 101
144 106 291
55 258 712
267 295 576
152 82 446
88 113 822
17 117 728
121 51 33
134 126 193
106 117 573
240 189 965
290 173 230
87 47 277
103 286 457
31 8 295
13 245 702
279 290 317
275 117 693
73 81 25
295 223 637
180 168 634
190 157 331
112 320 341
148 52 589
10 75 66
172 23 179
217 84 233
59 285 264
100 109 591
286 54 369
156 92 906
299 244 723
258 33 24
224 272 157
26 133 478
113 211 44
229 198 911
195 33 700
170 187 287
45 274 94
155 263 485
158 180 800
286 49 784
251 120 782
34 34 621
121 295 437
253 184 626
20 269 734
0 27 297
188 284 853
47 267 976
220 171 906
4 105 968
250 12 846
303 83 248
135 83 494
319 268 890
138 258 11
16 295 599
244 104 974
144 109 451
150 160 420
257 272 515
163 168 996
294 256 957
246 15 378
126 80 139
22 232 221
136 245 657
305 113 296
34 228 67
140 260 808
258 312 482
86 278 748
274 185 384
20 5 402
305 187 478
120 33 178
112 247 623
284 217 292
70 52 955
209 102 436
148 226 5
239 216 500
48 81 775
246 180 518
273 195 131
122 296 541
265 268 784
158 257 757
167 48 989
270 34 787
61 307 155
88 109 828
237 186 740
265 162 198
126 59 337
47 289 4
308 4 875
210 197 437
185 271 449
135 197 408
311 214 636
4 17 182
129 217 984
87 290 6
237 115 987
229 313 316
35 0 196
28 121 734
282 60 731
93 147 160
287 38 992
16 30 151
271 271 31
204 193 69
318 67 818
23 177 746
20 68 843
296 302 969
201 190 107
49 179 200
86 218 41
11 232 446
312 286 460
199 106 173
282 33 623
236 125 444
2 47 426
116 293 779
221 180 26
73 32 276
136 136 277
243 144 471
80 22 169
226 82 556
50 265 494
253 78 630
28 53 660
193 61 181
97 37 438
163 58 340
103 299 887
240 195 155
33 146 975
232 123 312
9 178 897
229 113 132
317 112 285
189 66 986
205 38 435
162 47 129
199 114 644
302 143 577
203 8 480
215 96 578
253 101 624
42 164 613
24 82 342
28 153 890
167 227 393
297 213 524
193 178 100
118 199 189
315 119 418
188 220 257
156 188 588
314 39 80
106 18 724
275 305 400
200 301 910
119 207 756
278 170 634
40 167 349
30 236 595
219 161 832
207 190 369
96 137 404
161 104 133
114 43 749
127 49 219
28 83 819
86 174 10
218 124 251
187 111 909
213 128 881
300 176 453
255 19 998
115 53 479
117 165 809
101 290 436
44 93 276
24 71 362
107 157 34
172 181 347
294 151 163
243 135 214
135 135 68
21 142 759
45 133 826
233 128 243
222 284 400
124 86 512
130 312 21
159 173 307
74 50 337
114 179 253
99 244 751
186 95 587
217 163 797
161 162 966
155 91 893
160 62 888
66 254 319
147 235 345
269 238 148
128 303 657
210 258 249
113 192 154
116 300 759
298 26 848
154 271 893
208 163 896
269 302 113
271 116 949
249 165 68
27 77 997
267 167 914
241 13 856
86 282 792
129 286 245
82 91 983
72 218 298
320 201 613
262 155 755
200 240 47
162 224 641
129 63 68
39 243 726
187 167 131
79 63 474
31 280 174
166 249 460
263 203 339
98 97 246
46 167 650
130 35 954
42 101 451
235 129 514
232 184 505
80 81 771
307 227 700
208 79 265
129 222 134
268 212 807
94 116 149
244 22 461
228 49 868
108 106 314
260 232 422
115 315 911
245 76 193
112 98 261
193 187 964
165 143 298
141 85 204
311 227 773
159 143 129
274 72 200
315 123 119
130 154 152
31 291 14
72 155 923
205 79 485
12 208 516
258 73 424
53 71 828
304 98 114
74 201 465
205 79 194
94 291 703
61 170 436
24 151 228
238 148 281
130 13 558
106 129 117
134 73 974
314 198 246
244 72 110
178 271 393
37 116 896
179 74 842
305 232 643
125 21 54
178 131 894
124 239 981
292 287 929
18 147 29
292 123 134
44 152 618
155 149 61
249 116 424
231 187 147
183 319 262
218 244 547
228 231 339
60 258 805
135 147 56
17 2 544
122 121 287
294 204 386
81 33 818
95 52 444
63 154 86
229 137 473
163 124 260
25 70 675
291 15 154
135 105 235
98 119 110
308 9 960
310 250 779
182 23 927
218 118 834
310 312 867
182 60 114
113 16 729
275 55 397
277 82 566
39 167 417
154 86 356
300 149 714
23 306 353
89 6 735
97 99 902
115 237 859
313 297 268
203 219 456
264 125 214
187 310 327
157 309 999
107 151 840
313 174 484
51 160 650
272 188 884
71 275 107
221 271 801
28 2 32
240 252 239
57 304 258
51 234 569
186 211 798
210 194 277
69 21 912
197 286 687
143 94 352
69 173 840
22 110 775
96 214 60
168 206 871
224 11 304
214 280 297
85 47 313
189 269 740
127 256 245
222 105 107
77 189 283
106 241 223
268 45 553
216 313 657
273 144 719
190 207 703
54 17 352
288 188 864
313 320 803
250 51 522
121 164 92
105 158 764
297 15 317
316 193 917
287 131 567
299 294 325
316 52 89
242 294 690
257 10 778
15 186 271
236 246 909
126 315 562
216 61 65
127 72 846
11 14 286
68 194 908
90 176 910
177 252 211
63 19 456
224 122 190
94 137 266
115 98 179
23 320 163
166 301 994
211 51 163
10 167 273
266 123 982
316 28 80
98 102 393
245 39 319
76 76 530
203 14 568
311 281 133
21 104 86
273 56 779
177 297 81
240 68 126
236 31 661
279 150 9
98 14 144
264 159 787
279 198 263
77 148 609
217 32 154
309 149 165
121 58 400
136 96 560
296 140 34
288 149 837
122 225 938
305 200 525
7 88 302
257 242 298
252 48 164
317 6 404
280 58 563
277 267 254
245 95 599
159 188 381
148 104 867
96 192 388
108 82 697
22 252 425
128 176 569
252 165 434
25 158 780
13 247 890
226 133 576
280 277 953
66 272 377
157 84 738
58 261 228
318 253 10
316 187 772
103 50 334
207 45 436
114 295 820
291 265 215
320 207 834
248 76 128
251 66 177
40 82 658
8 42 766
289 118 940
216 44 768
12 203 469
64 300 861
78 12 969
146 120 723
67 230 705
80 68 582
240 279 411
72 317 138
156 117 322
167 162 382
318 161 776
294 276 453
299 18 49
275 147 957
219 193 503
190 152 784
181 6 278
151 218 577
47 122 638
99 63 226
166 246 473
157 98 248
159 279 179
307 45 306
47 61 488
212 265 253
69 82 111
113 264 337
167 211 40
313 276 599
205 145 31
272 109 715
238 241 445
48 19 311
40 54 118
300 275 579
43 165 409
280 313 616
127 136 550
239 208 606
48 75 307
89 189 388
214 296 577
17 140 126
255 17 71
157 228 429
34 261 724
240 196 530
151 33 674
223 139 201
112 236 86
73 216 415
169 14 525
24 132 577
187 31 253
32 269 794
254 228 11
182 19 155
56 32 909
195 320 455
306 22 53
114 114 287
23 254 474
226 257 246
173 55 950
99 164 995
33 125 754
213 23 513
117 177 538
25 73 503
123 158 426
154 253 145
224 298 483
247 269 145
51 141 570
316 13 825
123 233 785
194 192 814
232 168 40
179 107 877
236 298 642
82 128 7
181 133 754
147 179 795
240 146 90
133 163 505
189 308 343
245 113 3
39 46 1000
47 136 359
28 23 88
265 114 523
168 274 495
197 293 625
266 212 636
111 272 294
254 25 79
76 208 583
315 29 173
222 232 523
114 49 72
58 220 967
156 274 579
23 153 34
211 209 648
50 23 587
142 237 564
103 266 367
304 21 490
79 38 461
224 313 19
37 57 786
156 196 750
273 250 987
177 219 338
293 198 989
115 180 182
208 8 625
279 181 202
176 113 93
88 34 405
224 188 986
304 260 874
277 264 770
154 228 931
178 120 597
290 216 685
210 176 434
244 255 688
106 301 46
289 152 787
232 151 328
196 186 544
36 291 920
59 71 280
310 130 43
55 59 644
203 237 714
248 204 229
293 209 585
242 64 223
254 98 830
298 75 684
246 248 975
260 238 644
23 143 169
290 314 93
252 12 504
60 188 320
86 170 127
71 270 956
33 298 44
7 34 210
71 165 938
297 311 7
223 166 949
94 163 828
135 144 605
79 41 520
253 225 966
154 227 577
235 11 402
254 198 938
278 91 181
131 174 331
308 76 977
70 56 378
103 238 604
208 182 280
260 253 269
195 226 512
144 240 982
95 73 284
133 193 760
48 250 720
60 311 639
319 216 612
206 109 289
5 89 860
87 119 773
25 216 517
110 18 580
213 150 272
223 187 675
104 315 413
1 287 213
221 155 496
97 101 822
181 226 605
255 286 973
30 13 332
307 298 107
307 296 434
302 298 749
88 190 170
223 24 628
10 232 639
153 216 996
293 279 403
232 232 458
312 233 546
134 46 815
198 47 771
306 253 333
250 57 464
277 308 281
286 146 108
161 41 762
5 185 740
232 229 306
207 64 188
102 307 90
233 246 201
70 308 161
107 157 8
186 107 498
211 67 401
178 25 828
237 188 493
142 279 753
72 203 399
77 59 901
74 313 596
157 60 199
60 209 874
269 145 555
315 313 981
234 71 333
64 137 3
240 8 584
182 134 337
306 294 419
241 183 744
198 270 940
263 293 434
211 306 813
141 84 454
264 236 501
48 265 367
298 69 396
237 297 404
16 225 467
150 74 122
39 209 670
320 227 572
213 295 455
319 112 778
165 123 680
103 98 599
28 215 775
295 250 3
276 91 471
210 195 274
15 155 350
89 150 966
270 299 691
97 311 643
37 155 179
133 144 315
25 202 896
133 178 566
236 13 545
231 170 981
297 36 135
138 247 619
56 158 30
199 259 86
179 174 403
65 114 149
218 180 558
218 130 708
300 246 898
123 213 237
91 115 484
35 311 880
102 127 746
305 313 44
278 250 393
272 7 274
98 40 731
280 81 540
313 132 579
247 31 919
288 177 226
124 22 204
84 20 367
239 308 180
84 247 769
217 156 523
223 312 627
266 109 611
255 249 928
185 52 585
184 126 740
258 192 670
80 161 583
282 110 967
299 29 207
243 237 12
279 221 963
304 58 405
66 48 920
260 65 339
284 233 649
42 226 680
98 177 32
27 269 453
94 256 738
295 263 693
201 312 328
95 272 206
288 265 29
93 33 660
210 155 951
193 12 884
81 183 856
195 52 898
60 96 365
299 311 753
280 285 752
50 267 235
294 20 713
64 200 183
53 318 646
117 111 555
297 66 103
250 27 599
22 16 694
141 319 971
19 238 304
174 192 242
187 116 294
275 82 784
315 146 253
133 24 788
192 152 581
136 275 673
297 170 388
152 134 379
102 280 184
107 301 715
18 150 679
120 162 833
29 10 931
118 167 143
26 314 416
151 194 544
305 74 105
9 150 76
131 121 822
122 135 279
218 311 992
248 174 920
189 289 635
77 313 97
140 6 309
265 192 34
164 121 415
285 141 123
240 243 455
122 257 427
270 37 493
248 163 634
238 87 143
208 64 390
62 169 832
101 21 592
110 267 941
260 191 819
297 80 67
307 268 342
153 88 577
227 239 21
253 283 711
235 102 119
168 191 876
4 302 572
225 4 65
240 126 587
273 111 752
96 240 739
109 11 29
265 164 575
148 214 297
218 28 465
192 276 270
97 44 228
181 234 300
198 139 123
184 41 646
231 320 60
90 142 275
113 265 683
290 101 630
12 113 736
101 14 259
181 105 295
132 283 625
70 318 653
317 61 494
85 314 342
191 80 229
296 275 430
117 266 598
280 247 342
259 252 333
73 59 921
248 203 7
89 170 515
274 39 186
0 164 39
180 184 405
105 149 254
29 10 813
241 55 612
64 141 969
89 265 573
46 174 238
41 69 873
49 305 28
249 304 990
15 246 62
294 194 595
263 203 613
286 48 27
205 96 664
104 242 739
96 285 5
247 238 973
279 241 112
101 294 523
286 16 999
43 248 826
223 199 833
116 170 242
121 85 76
312 280 810
36 164 828
77 116 495
301 5 834
217 216 100
161 121 900
109 60 197
214 98 690
200 29 356
317 170 629
320 9 626
313 96 701
233 2 826
146 4 169
106 1 962
272 200 959
163 13 170
112 206 370
4 201 372
38 273 533
169 113 660
256 244 344
49 124 566
250 266 196
58 263 862
281 240 442
194 101 118
130 299 203
125 86 229
226 131 681
309 218 565
200 282 395
18 221 72
294 291 425
275 183 127
109 33 563
193 268 999
2 281 929
320 127 80
7 298 86
268 249 666
254 174 859
230 73 608
229 120 898
134 133 535
30 186 952
278 24 390
288 170 128
17 107 976
285 319 62
303 127 658
51 156 531
173 87 425
82 245 69
37 93 238
70 84 204
301 168 137
241 127 553
94 232 801
300 12 623
239 63 366
71 153 147
82 198 849
146 194 897
178 84 992
0 304 678
102 109 261
300 103 571
192 47 408
33 146 936
231 23 827
92 109 781
137 198 11
127 57 607
239 17 116
221 149 377
22 6 572
110 222 676
119 246 616
66 18 649
106 125 782
235 170 164
160 24 425
118 188 869
25 248 42
203 249 687
189 46 123
242 316 366
159 313 706
140 65 949
319 215 776
184 216 416
269 227 821
6 70 692
30 34 173
79 301 157
92 68 310
173 145 862
4 182 308
303 152 63
217 236 283
267 277 924
210 103 716
59 7 132
162 208 230
104 314 934
177 11 85
261 248 933
82 102 2
44 318 496
27 80 483
211 106 877
39 58 641
187 0 535
14 23 741
139 62 494
302 17 347
274 294 285
176 153 362
228 208 679
298 155 874
239 142 448
99 107 794
9 103 529
128 270 525
142 196 507
125 119 735
256 105 314
167 195 606
36 320 462
297 146 864
38 212 765
131 3 844
288 138 96
75 98 906
76 265 811
122 77 696
241 261 577
115 194 662
269 73 352
309 316 180
245 153 284
76 48 150
21 246 63
274 58 138
146 19 545
190 131 739
123 111 829
188 45 211
162 169 742
257 290 803
145 152 348
25 304 517
83 258 448
188 104 518
235 71 889
42 214 687
247 100 491
56 97 518
30 226 28
218 229 490
222 114 530
49 20 513
105 306 196
218 92 636
289 87 819
194 29 833
315 97 517
170 86 854
314 265 259
56 49 530
101 198 42
132 161 462
61 12 24
285 214 477
79 241 755
244 36 433
44 34 789
127 200 171
18 236 403
10 188 301
17 174 723
278 91 507
215 170 29
301 248 307
193 173 286
128 191 17
155 290 504
30 117 121
139 289 642
138 104 790
3 33 621
283 108 723
319 206 504
257 145 660
77 85 157
183 29 536
267 85 644
268 163 291
186 251 689
311 292 262
104 136 501
165 280 461
193 283 618
140 33 13
80 166 647
113 295 238
47 31 208
221 62 705
320 83 568
265 116 425
234 172 536
86 58 431
226 251 444
200 141 302
40 119 483
20 187 981
268 60 8
84 258 819
254 255 247
117 153 180
87 192 910
38 117 274
126 66 886
301 153 554
117 69 581
57 7 761
168 219 776
36 160 949
32 223 658
84 1 210
107 263 346
267 14 436
230 53 362
216 27 300
277 281 405
251 319 322
145 167 732
265 143 957
57 153 369
9 57 267
228 315 48
207 167 771
273 262 20
169 221 576
233 118 864
244 297 856
126 314 476
62 37 607
294 137 715
293 162 126
201 95 852
131 161 398
285 216 111
305 200 245
19 315 474
84 2 561
154 63 659
185 44 114
146 9 843
247 244 999
1 160 820
163 6 927
57 26 367
318 1 13
165 101 871
223 139 989
54 228 275
252 266 934
295 183 332
237 310 589
70 176 386
186 161 992
213 231 412
124 168 155
90 113 509
167 166 438
114 264 485
256 78 848
10 186 209
241 263 213
273 305 986
112 194 17
236 0 567
242 52 554
161 190 68
30 251 211
205 66 533
134 10 701
304 58 143
151 246 334
207 10 0
249 43 665
311 138 435
309 121 700
278 262 711
263 187 464
39 64 190
83 22 783
83 96 681
135 243 798
307 179 572
279 282 239
37 293 370
259 10 320
119 42 986
86 124 930
257 189 195
115 109 65
16 214 394
284 32 858
171 5 13
106 18 193
2 230 419
130 267 435
230 170 27
111 212 665
111 119 73
69 203 371
169 251 414
211 165 426
186 3 415
127 46 680
167 320 320
135 64 802
21 66 791
34 304 693
69 220 872
238 238 127
267 119 883
58 27 468
231 209 239
127 236 787
215 26 778
76 316 31
71 277 884
52 255 621
166 289 917
126 119 49
263 315 696
115 181 126
117 113 807
213 270 968
112 173 495
286 81 336
11 304 99
136 287 771
98 110 700
180 38 997
205 172 426
226 264 229
126 71 417
221 221 240
69 195 219
180 152 480
138 152 19
17 96 221
272 29 373
277 59 444
102 196 229
123 175 834
210 256 342
278 117 944
248 320 744
85 185 792
262 243 638
98 30 755
167 197 120
15 127 704
7 234 42
152 133 749
35 285 664
167 114 478
227 215 812
212 242 588
295 165 580
153 291 963
130 317 983
260 104 299
0 185 783
156 318 157
162 283 336
268 166 9
211 124 484
247 27 621
115 122 278
155 151 88
269 141 906
174 63 527
205 162 135
174 29 714
135 243 579
56 47 7
245 168 247
77 73 97
292 37 550
304 161 916
176 14 576
104 152 779
179 30 900
212 290 132
132 264 713
178 198 194
113 115 18
271 88 154
216 218 208
256 254 902
1 73 760
209 126 707
291 202 273
17 208 115
304 194 183
65 276 281
90 251 85
236 72 963
305 229 352
232 303 243
11 257 213
12 86 475
145 87 309
96 65 350
153 307 756
135 297 65
116 276 407
76 172 167
217 236 707
192 273 508
256 310 674
249 242 553
90 84 522
21 195 922
15 44 16
186 191 732
50 197 151
215 98 634
296 181 165
263 319 806
127 71 794
4 160 976
133 202 609
135 1 822
127 144 465
61 63 640
9 54 96
139 218 172
9 34 731
262 261 34
75 257 430
162 149 405
154 152 223
209 202 990
226 87 479
33 30 45
313 301 274
205 168 433
305 97 663
230 71 435
22 50 719
145 183 443
167 306 271
42 242 580
143 273 501
206 130 780
160 188 992
276 73 109
152 208 913
79 139 487
228 194 721
103 119 717
230 218 311
241 86 626
163 311 352
218 120 218
29 57 257
85 96 553
99 199 345
102 27 406
130 217 565
296 174 787
165 238 917
291 96 622
108 63 373
20 68 890
258 229 197
68 134 216
304 141 456
49 62 894
181 140 985
84 155 1000
41 7 877
309 151 525
227 24 156
37 113 157
100 167 838
139 258 734
282 8 966
301 234 456
110 47 785
294 260 820
286 87 705
224 123 923
183 137 652
32 219 748
229 39 751
177 140 550
2 320 222
218 204 85
64 116 258
105 301 220
167 65 252
155 144 994
89 312 233
255 77 582
119 312 438
72 279 926
264 302 540
276 116 86
116 231 59
93 183 635
171 233 947
167 281 14
79 87 921
103 93 180
315 44 276
272 88 840
235 125 987
144 296 744
150 307 414
150 126 706
174 77 891
240 300 83
317 314 249
140 231 782
129 132 359
217 199 820
34 318 450
128 207 818
160 172 114
300 124 575
241 114 11
190 294 842
245 239 118
28 252 534
2 162 400
117 70 58
277 315 354
218 123 487
23 185 266
97 212 787
121 176 454
0 123 872
200 123 810
173 68 910
236 165 421
22 278 136
251 29 844
282 120 626
142 80 873
218 162 954
225 297 218
218 92 156
279 53 22
135 313 53
289 132 791
69 122 139
314 318 103
161 239 153
34 237 796
108 12 740
55 41 885
175 282 297
14 36 403
46 36 640
254 235 561
41 69 566
36 286 497
233 274 557
280 57 839
70 31 937
71 262 179
54 63 170
287 77 766
216 273 217
105 235 552
62 137 806
243 97 895
241 125 488
105 282 410
8 126 235
305 303 133
213 245 54
267 208 587
277 8 861
307 86 299
233 48 104
27 16 286
291 33 144
137 73 566
163 112 822
225 39 679
228 287 313
270 304 152
44 310 572
76 128 115
193 319 36
85 285 971
307 260 346
160 49 508
13 271 622
87 221 505
141 114 288
248 81 566
173 86 67
287 223 558
207 107 754
107 205 770
230 261 656
235 100 640
113 93 83
173 37 407
247 71 290
139 162 925
48 278 870
260 257 118
193 177 105
2 316 649
230 45 832
27 164 247
118 270 146
241 29 347
143 171 535
134 200 668
90 199 326
253 40 447
134 143 77
219 98 322
31 74 696
226 40 33
288 292 42
89 229 788
87 59 667
57 27 217
143 287 71
207 172 637
273 93 311
84 150 745
147 143 732
195 131 681
132 83 485
304 22 822
136 240 941
83 182 705
281 198 792
71 315 588
166 120 87
214 175 850
97 179 465
244 2 893
301 305 53
33 78 599
39 75 478
240 318 838
195 128 278
63 155 714
238 82 225
246 49 105
79 292 797
66 164 510
132 114 911
129 226 100
304 32 430
184 202 369
139 52 470
91 150 828
206 210 493
35 97 830
63 122 566
62 124 517
14 202 659
150 282 949
53 14 20
283 155 507
225 157 52
92 32 897
317 35 666
165 118 223
296 268 221
214 312 491
285 273 522
69 206 796
255 197 831
117 278 353
133 247 188
267 308 24
86 298 525
119 136 868
107 184 859
106 107 773
136 306 117
88 69 155
63 28 356
280 0 632
201 185 476
82 257 303
181 157 558
60 215 393
126 120 359
258 6 209
264 246 376
2 281 474
296 308 606
42 157 636
289 4 932
151 272 738
230 251 955
189 211 79
2 1 419
69 144 149
285 31 492
95 199 364
15 164 439
174 320 529
63 181 291
21 223 869
57 235 493
210 20 599
72 139 534
64 269 578
257 312 13
142 45 890
241 220 433
153 310 294
260 170 187
190 33 246
44 212 896
129 112 939
319 49 529
119 220 653
127 175 507
10 183 13
41 176 999
118 163 646
187 249 387
45 209 757
317 30 47
223 266 226
175 265 921
270 189 763
294 92 724
62 198 376
10 37 118
28 196 278
56 270 81
24 33 879
183 296 149
51 216 761
116 174 170
36 165 381
98 143 149
92 285 623
176 139 247
109 112 586
304 29 423
142 101 422
22 159 565
100 166 49
156 309 844
43 295 246
123 224 595
319 233 227
247 249 555
90 248 736
38 208 681
253 299 940
39 68 114
209 40 735
158 93 531
233 116 657
310 17 785
234 41 789
6 154 854
29 109 470
279 6 922
191 226 533
266 273 905
211 140 464
258 100 52
195 0 696
11 300 434
229 49 331
298 278 959
111 60 926
119 231 612
153 243 181
212 269 616
213 57 256
169 196 345
10 32 366
144 142 937
209 51 540
223 64 143
296 237 239
172 274 60
121 129 760
29 270 435
114 266 782
113 311 772
111 279 298
103 182 574
132 307 952
208 158 683
35 119 218
197 96 814
245 307 313
56 303 524
101 197 81
160 270 675
184 170 275
186 175 441
199 12 669
78 56 451
93 309 575
55 107 579
139 153 491
219 176 43
128 213 307
252 295 735
2 57 788
222 147 282
17 304 78
114 294 549
205 24 126
270 11 520
237 86 332
282 291 328
184 111 92
99 14 707
187 122 357
57 151 947
302 90 10
91 43 828
133 316 836
182 298 421
319 32 771
162 107 51
204 262 287
203 92 270
294 190 998
295 202 936
260 70 220
196 56 966
254 93 901
24 73 602
207 65 430
204 293 374
252 27 156
313 123 391
110 131 471
320 155 632
76 197 911
259 113 584
280 23 909
34 185 276
155 292 444
275 143 352
313 24 996
3 205 964
92 78 982
57 112 273
296 261 553
89 52 266
239 281 449
0 95 546
126 213 592
166 18 161
71 232 597
43 50 1
33 267 563
244 191 784
184 16 432
57 43 715
158 315 668
179 235 547
297 275 367
219 102 511
111 32 359
55 212 161
269 115 118
247 45 620
304 68 542
287 7 899
238 216 188
52 196 832
45 259 413
298 96 279
94 320 819
138 283 854
71 75 80
227 259 465
302 50 956
177 316 114
61 132 123
270 51 44
301 136 571
53 213 509
279 232 82
10 98 574
58 162 878
34 64 214
23 176 345
127 151 768
313 314 326
300 134 41
139 34 611
269 142 363
46 109 675
189 78 105
149 307 4
82 181 101
241 43 869
177 188 66
166 81 654
12 161 173
258 139 152
150 272 981
242 180 65
85 76 163
103 126 475
264 69 853
295 13 656
20 219 365
139 222 310
238 145 430
284 316 253
10 302 300
14 207 287
230 191 203
212 155 776
289 273 54
16 240 997
32 249 282
178 17 377
55 192 393
79 209 468
284 245 618
262 45 715
255 194 236
254 118 900
293 162 381
12 192 418
234 294 27
134 111 6
105 305 801
168 87 508
253 263 638
177 131 388
239 109 393
201 50 314
261 99 745
4 135 405
41 57 328
265 185 987
216 130 809
105 106 482
266 235 145
108 245 360
268 172 16
244 224 864
43 266 593
315 81 302
255 175 141
228 76 9
192 275 577
290 45 258
139 178 273
151 290 536
254 234 706
176 260 775
203 219 899
258 58 992
303 102 970
162 181 978
246 303 82
313 129 728
106 273 488
301 50 808
228 88 358
100 289 226
277 150 759
98 61 1
14 91 147
152 42 437
26 233 854
181 190 401
234 85 749
92 110 163
256 95 483
156 156 259
160 306 706
21 271 170
133 98 607
36 164 569
98 142 969
126 93 648
111 68 295
47 278 118
151 288 480
231 207 744
39 161 919
148 76 563
290 78 311
263 65 163
244 146 851
39 144 52
68 131 267
14 96 643
14 15 466
261 181 563
220 134 966
102 243 799
163 29 10
166 290 401
288 286 272
182 69 245
227 33 821
114 266 707
8 110 741
281 304 611
112 265 907
218 58 189
165 167 801
134 112 216
279 126 733
317 27 449
2 141 612
100 207 30
91 162 941
135 259 887
301 47 167
272 266 111
53 20 232
65 245 288
250 6 555
125 268 113
14 191 668
7 40 967
295 93 465
294 196 606
230 97 701
235 187 492
99 124 23
284 77 533
122 277 925
74 267 274
153 113 724
143 262 626
113 231 878
129 125 425
207 295 540
142 171 670
7 136 44
261 40 293
180 284 741
34 238 993
7 233 788
9 213 944
110 77 305
43 130 96
268 151 908
257 318 986
89 123 392
170 253 398
201 143 719
77 244 556
185 124 908
154 139 453
172 88 568
83 271 168
57 269 492
120 158 35
153 88 735
0 205 683
19 48 751
69 161 771
129 231 556
9 3 513
249 260 941
2 168 275
177 240 597
244 266 850
46 99 171
205 235 258
159 292 443
204 100 516
118 173 837
227 262 274
126 169 868
189 136 771
50 83 304
174 152 368
150 166 690
55 262 141
279 167 86
190 116 947
239 165 255
20 140 281
103 246 824
306 201 985
193 254 590
14 124 587
119 141 870
249 108 84
53 15 786
267 8 139
41 98 802
128 274 757
231 20 611
133 93 874
10 296 526
57 99 627
313 266 13
60 137 905
224 167 425
87 231 81
86 107 791
207 188 673
13 128 627
90 315 51
93 78 877
71 37 729
130 289 652
19 222 388
147 211 422
84 51 386
273 66 511
104 242 694
75 122 917
227 190 932
293 121 208
308 163 242
156 168 496
196 85 216
56 31 751
33 210 304
309 174 510
129 62 732
190 306 682
174 119 718
248 99 454
46 294 118
7 140 807
165 302 870
60 94 916
273 173 421
239 22 586
56 72 896
268 13 798
102 45 986
233 245 245
103 87 473
283 73 133
139 30 629
187 238 464
21 170 201
209 266 177
46 4 260
288 240 268
114 121 682
236 315 297
208 30 778
301 70 36
146 179 176
186 26 311
270 230 417
142 306 76
293 213 366
106 153 779
235 275 315
111 253 507
258 66 313
314 24 561
83 89 520
201 137 901
125 318 463
191 228 683
263 309 781
158 141 616
204 62 903
10 231 358
180 230 490
235 190 211
33 265 913
15 183 703
81 293 63
189 211 880
12 45 488
231 277 598
154 32 334
132 142 848
19 162 754
316 260 110
265 205 124
77 233 356
112 307 296
177 104 948
37 279 712
38 180 400
206 34 972
235 210 781
183 306 676
62 110 65
14 70 183
69 300 494
197 165 748
177 204 95
75 87 622
187 197 897
56 92 731
288 277 747
232 255 58
174 265 669
15 7 303
97 172 164
70 217 942
106 54 976
178 78 121
138 42 167
233 82 504
27 287 0
241 298 971
89 122 202
140 36 247
158 251 57
78 9 538
117 311 526
276 267 579
284 70 702
2 272 232
262 256 966
43 57 642
203 281 409
202 315 629
110 260 53
129 150 98
95 33 539
60 148 45
45 97 370
54 291 201
277 206 133
170 130 996
166 171 233
110 233 530
155 81 922
267 187 391
274 208 292
49 285 120
257 320 308
210 251 821
67 133 155
192 295 642
32 172 827
246 285 633
283 208 644
232 156 450
163 274 617
267 122 136
308 234 161
263 296 633
170 161 412
27 167 913
319 268 107
45 231 190
141 7 671
168 127 923
137 233 753
312 36 395
80 180 131
114 309 685
153 166 82
172 270 603
17 177 107
19 152 385
320 313 256
9 220 830
243 211 282
254 219 163
64 135 175
199 289 428
236 260 885
109 56 999
239 3 83
314 318 233
12 35 162
312 171 161
11 252 288
90 242 427
203 126 18
224 27 143
188 146 32
32 262 813
265 237 259
82 229 554
114 193 910
206 249 918
74 299 775
315 15 91
129 105 68
248 193 764
82 52 781
43 72 909
174 16 203
175 285 567
130 133 47
281 253 221
36 120 512
176 97 983
34 257 608
10 110 268
232 57 24
294 170 967
94 25 218
239 69 570
155 153 748
199 209 82
30 209 730
314 60 895
223 318 49
146 227 476
223 41 289
32 117 54
152 161 934
78 278 704
292 15 833
142 106 674
40 133 420
202 90 645
34 312 780
235 50 955
191 135 199
255 209 126
229 195 281
229 262 610
42 90 808
85 272 252
252 222 336
73 180 404
23 103 949
58 19 36
64 85 762
51 320 699
67 253 552
140 179 876
231 36 747
196 9 491
91 116 783
252 183 444
277 144 118
289 311 100
10 280 735
41 268 28
272 22 463
51 156 510
300 23 685
269 271 805
272 286 275
251 292 877
206 24 363
146 298 766
259 154 10
319 156 459
317 43 978
244 270 390
90 201 527
16 7 724
53 186 977
66 272 699
13 106 289
234 46 167
17 60 949
251 72 315
88 49 653
86 37 671
200 217 106
63 275 349
142 271 641
152 275 887
150 314 962
165 199 169
254 237 780
227 281 793
30 49 152
160 32 636
35 301 557
20 63 628
251 100 28
118 127 365
2 287 16
77 69 612
42 247 150
26 44 124
139 110 209
223 319 261
29 140 631
121 112 451
66 315 614
18 71 464
174 203 206
185 217 140
219 292 507
127 27 215
99 85 213
245 158 421
294 19 532
288 304 986
124 252 44
237 221 377
91 312 548
215 181 655
278 14 415
30 172 631
1 280 585
128 320 705
306 164 932
185 246 488
139 171 406
73 250 883
265 62 7
154 48 766
137 193 567
118 261 8
206 62 433
40 170 893
201 41 755
116 59 105
85 291 694
119 275 963
272 230 434
72 71 141
312 302 102
147 42 923
120 202 517
188 253 470
240 29 799
8 152 655
19 8 319
230 26 735
39 147 689
33 97 770
187 32 998
213 232 966
96 15 43
83 253 179
39 15 353
251 300 383
28 103 456
294 117 573
318 224 347
220 175 90
200 29 880
115 24 769
263 83 231
32 20 711
42 251 53
202 183 40
15 200 503
268 64 183
170 28 592
242 96 1
257 288 959
57 111 288
266 207 381
18 156 123
302 315 992
261 234 297
160 100 138
113 86 221
185 210 513
274 294 825
154 209 303
74 179 500
184 194 959
210 270 706
47 81 257
136 18 993
150 18 91
101 287 138
146 242 928
169 153 161
9 301 656
29 271 447
129 233 758
205 285 313
127 68 600
294 240 43
48 26 70
36 298 633
185 303 202
63 182 64
154 7 646
157 102 911
77 298 912
62 292 398
139 284 836
130 116 442
221 74 510
158 0 290
52 46 755
53 65 333
312 211 543
66 95 876
171 278 530
285 24 494
7 107 71
270 144 39
222 29 78
272 122 548
104 140 223
297 197 103
63 279 634
153 246 87
4 27 621
235 286 33
252 123 587
293 21 134
137 146 847
207 210 177
280 21 105
94 282 459
116 148 605
20 63 533
274 238 887
66 161 479
233 66 3
33 239 634
164 139 971
47 222 482
141 263 482
55 81 886
235 76 210
228 258 961
190 0 234
290 16 17
167 253 361
247 221 757
115 164 967
231 78 851
217 133 643
91 59 764
28 293 416
163 123 721
167 77 467
127 24 144
302 223 287
140 202 368
130 306 36
140 290 603
194 262 822
214 127 193
131 87 302
295 29 788
62 251 205
153 62 312
118 105 875
143 189 487
94 158 918
266 18 205
175 308 369
184 71 188
15 269 729
107 231 475
48 203 436
195 200 484
57 155 289
109 218 0
229 28 385
13 9 355
196 195 103
39 19 360
261 256 282
315 183 199
79 107 193
193 116 229
67 258 364
210 247 262
12 206 971
72 159 480
247 246 689
174 66 548
306 243 924
148 25 430
121 272 507
235 282 252
241 131 825
263 246 675
27 188 124
298 253 314
209 267 775
209 298 75
5 133 801
137 58 973
108 319 402
276 101 238
310 249 249
204 172 510
266 16 322
124 157 661
56 126 555
182 165 743
9 106 2
183 183 293
293 257 303
68 282 857
2 207 822
56 246 1000
248 223 528
4 279 71
20 228 573
101 181 241
119 101 504
116 122 0
99 294 725
273 229 483
239 318 759
74 248 464
142 281 621
291 168 150
252 257 986
145 145 684
309 49 638
113 231 611
180 255 267
247 56 70
55 234 174
175 170 724
270 65 468
258 212 46
199 40 869
311 113 52
6 99 618
66 164 131
176 312 440
144 136 982
50 157 516
54 264 607
134 102 178
152 188 880
279 179 299
320 298 2
32 223 898
14 316 149
55 148 768
206 90 891
217 161 61
42 303 641
313 137 737
229 213 656
252 188 513
291 96 360
217 272 211
275 285 859
148 56 247
22 85 986
93 128 968
157 68 607
309 310 405
276 230 169
299 152 371
100 132 890
27 127 188
71 13 261
186 112 257
149 199 890
297 229 558
134 217 806
76 290 33
284 66 901
53 53 82
313 16 611
68 128 582
104 221 669
222 284 768
167 315 250
277 308 744
153 171 536
146 295 123
51 201 832
207 3 421
125 185 311
51 37 418
234 237 417
257 81 568
31 137 309
283 173 789
132 225 574
171 66 627
202 261 658
227 241 407
149 199 319
78 133 978
250 303 58
271 173 596
48 174 788
277 49 37
188 55 940
242 38 515
38 114 758
199 255 57
222 163 507
32 99 791
180 72 901
251 91 117
175 291 184
161 94 493
297 109 367
179 83 199
133 169 473
75 165 605
287 18 563
62 206 712
68 280 438
79 300 574
217 261 724
287 85 209
34 120 42
262 21 647
253 78 461
31 185 485
260 91 505
274 115 647
80 150 319
142 303 573
296 263 786
165 44 206
214 63 574
117 29 208
23 12 239
286 92 75
129 15 292
289 182 414
167 77 559
65 140 929
270 167 352
141 244 566
123 317 977
261 186 601
86 182 736
40 316 594
103 43 270
195 156 927
85 304 728
120 160 466
188 225 7
63 296 99
222 177 661
85 17 350
258 205 291
204 263 920
239 78 379
172 3 396
95 296 979
286 96 689
164 92 32
8 202 612
105 71 93
39 117 734
64 84 474
126 101 31
67 154 149
163 179 568
279 68 790
7 197 485
185 111 700
39 264 12
18 31 699
315 288 183
271 84 532
131 313 185
209 192 542
227 56 360
86 174 254
39 31 712
1 84 531
41 233 355
10 268 990
151 112 895
139 121 458
149 274 305
12 216 583
233 211 405
263 222 700
177 317 664
243 101 11
145 208 634
278 60 614
286 62 647
42 295 173
190 106 256
301 185 33
181 200 62
187 238 459
79 96 517
20 140 887
245 58 101
307 122 762
155 3 167
245 32 679
3 189 286
271 159 893
31 78 723
220 226 548
234 98 486
198 179 584
273 72 665
58 276 268
218 135 114
152 183 287
24 61 928
70 296 905
183 110 595
239 314 188
302 18 316
217 120 586
222 280 422
144 38 332
154 214 911
219 35 557
319 215 95
26 101 269
158 249 35
78 165 250
306 193 552
224 51 853
157 312 29
201 237 303
279 133 71
168 229 481
236 223 417
14 147 288
173 26 427
51 121 366
67 184 755
29 224 828
198 165 71
319 44 464
184 72 259
294 62 73
34 156 705
285 108 227
44 154 796
303 60 616
6 52 183
189 216 307
126 254 95
217 55 710
232 66 145
157 150 462
103 167 403
186 319 475
50 92 586
146 213 793
152 19 731
211 122 7
26 37 740
279 304 559
101 231 566
81 119 840
93 276 741
235 162 616
175 163 2
13 130 432
11 201 845
19 183 682
184 164 451
207 19 670
35 126 406
26 46 821
53 249 493
97 32 860
291 163 443
269 260 867
28 139 106
226 198 34
141 219 807
304 264 430
133 148 297
85 241 656
168 204 562
219 48 967
259 92 984
204 184 238
1 270 266
309 316 163
301 122 565
191 165 317
292 222 519
255 0 771
85 259 417
3 297 227
102 286 89
204 238 622
275 123 903
49 110 469
285 186 521
13 180 182
105 289 771
11 129 253
298 128 639
75 289 201
258 253 773
222 305 983
77 26 322
146 82 756
176 179 655
224 306 141
211 88 360
21 39 34
145 214 391
166 51 999
229 274 552
118 1 360
71 186 637
68 17 424
43 28 441
125 256 206
98 123 142
69 282 536
244 147 58
278 49 755
30 158 338
108 302 610
174 48 699
158 15 764
213 254 22
82 28 100
79 137 953
77 15 38
224 42 825
250 70 412
252 258 542
235 115 851
177 10 964
285 262 858
159 229 829
44 24 207
291 298 837
102 123 396
71 9 747
153 115 977
119 233 451
97 83 861
306 282 419
132 101 890
138 134 525
140 241 926
50 78 514
202 265 800
74 284 80
281 167 451
162 162 962
53 304 977
7 162 251
160 128 763
47 289 448
30 157 597
251 42 466
119 119 49
266 113 405
55 206 868
42 23 620
307 138 469
217 196 600
160 259 200
161 37 249
197 39 636
4 51 960
73 302 602
124 260 137
298 184 53
288 67 340
183 198 95
74 300 436
234 107 962
156 206 37
66 80 621
167 109 210
123 272 513
3 246 922
259 286 723
267 204 971
151 71 621
73 120 598
16 276 920
282 13 843
129 3 864
246 229 652
227 177 584
284 179 765
126 85 466
299 108 30
36 272 58
159 2 659
6 201 331
287 293 687
120 91 786
201 108 438
109 137 788
231 3 908
222 316 1
173 5 216
8 86 286
3 250 918
294 251 654
236 269 653
307 42 584
235 34 114
24 183 586
297 64 723
309 308 432
101 29 163
247 215 909
295 225 135
260 288 674
238 181 577
288 75 364
40 224 68
47 161 68
289 88 802
89 48 146
308 56 458
257 186 30
151 233 812
234 52 926
114 12 781
247 292 62
153 221 918
92 208 435
207 119 791
309 8 833
175 31 738
253 39 512
116 201 627
108 220 746
307 243 124
23 316 148
178 181 610
204 318 985
164 164 240
252 70 365
298 221 458
87 250 591
145 85 513
6 150 260
257 8 763
192 130 294
114 94 980
119 193 768
245 75 941
43 259 819
73 245 241
263 91 686
256 265 282
73 106 851
284 155 283
166 218 822
170 277 976
19 282 813
69 180 631
191 57 824
40 270 49
126 290 27
30 16 150
228 110 75
38 312 340
231 158 324
131 43 354
299 10 678
91 185 416
133 115 525
237 126 383
118 289 404
136 108 387
193 128 767
300 31 315
98 217 754
74 43 4
320 301 445
237 277 476
145 107 311
95 46 580
34 5 527
63 79 576
132 149 707
164 144 671
260 32 956
154 248 533
175 143 375
69 236 207
118 257 704
167 37 244
274 263 720
249 212 965
3 275 496
209 26 981
238 205 767
32 102 358
105 93 561
269 283 899
139 310 285
303 72 281
282 112 822
280 271 746
286 20 741
92 92 679
151 230 911
104 189 894
31 253 790
136 161 669
73 265 20
211 173 556
120 66 705
4 244 864
69 177 198
2 220 946
137 307 88
42 79 894
189 174 381
31 149 600
304 193 722
114 64 27
166 44 186
102 143 666
227 209 693
25 249 587
80 46 587
168 260 959
312 164 559
313 307 659
173 24 593
263 266 354
259 113 652
83 168 150
275 143 21
274 109 214
103 17 731
111 192 705
307 29 786
152 190 385
170 96 434
277 156 154
78 144 37
190 55 397
161 239 588
9 205 869
224 183 507
44 17 190
168 43 964
243 105 607
186 123 876
175 159 234
31 316 582
119 208 813
175 273 197
171 159 787
320 74 71
203 260 455
192 250 215
236 187 215
281 264 458
98 199 318
256 269 181
22 167 283
179 57 209
90 118 607
94 236 386
113 145 710
51 236 555
246 89 418
107 303 201
58 142 144
255 284 489
246 210 980
93 216 289
126 93 170
132 267 655
282 73 264
93 74 897
0 253 416
272 1 320
187 236 943
95 29 916
128 311 783
49 264 86
298 58 832
209 319 397
111 51 914
88 318 770
4 258 419
143 213 259
150 201 358
247 287 891
241 4 633
271 210 496
180 120 202
169 315 3
68 75 561
195 39 82
203 265 279
1 96 215
56 134 1
75 313 930
23 239 838
41 98 5
89 159 137
18 182 539
193 209 786
289 61 24
28 268 676
106 188 560
316 292 463
261 290 693
315 4 22
184 245 980
103 42 810
236 146 933
151 103 5
3 4 725
62 130 571
95 286 927
201 170 129
111 41 307
276 23 481
97 173 777
140 252 560
112 204 956
277 257 44
225 268 129
94 291 345
95 147 712
148 151 683
159 278 234
290 36 648
280 86 843
204 9 983
45 118 511
259 35 686
141 305 431
188 22 711
292 143 45
72 7 689
252 87 377
266 303 757
157 9 666
267 29 169
283 12 412
286 71 472
272 234 423
108 86 683
92 203 570
226 165 434
149 81 434
6 2 582
216 86 75
218 18 652
65 131 757
263 158 812
228 212 97
82 226 265
183 101 87
298 166 209
40 127 719
14 60 377
202 79 219
153 126 898
30 266 341
133 303 733
8 122 820
208 247 603
54 298 570
83 120 505
155 270 284
268 301 330
107 103 86
128 237 257
232 109 381
22 76 991
8 310 374
143 218 952
170 67 863
276 187 240
291 86 768
147 167 24
300 263 458
194 180 116
181 159 147
294 189 948
240 201 85
39 79 198
274 164 414
215 314 636
53 85 256
275 124 311
95 262 4
40 15 333
271 201 808
143 35 287
72 124 301
18 130 548
193 75 542
174 19 63
79 216 904
194 77 694
255 42 422
7 1 984
161 8 28
291 89 357
167 42 793
66 299 733
102 11 901
209 138 598
314 18 719
241 131 743
304 248 944
123 176 452
258 35 945
209 113 934
257 284 36
148 125 724
49 72 609
22 180 471
181 197 373
200 179 286
177 6 568
233 148 324
114 56 697
318 270 463
202 309 542
94 197 218
155 106 876
130 6 209
84 47 272
3 188 309
6 279 68
111 6 691
271 218 823
105 267 364
287 89 850
126 105 949
230 238 443
219 217 270
121 306 654
230 11 83
223 210 926
244 205 634
116 123 818
219 132 369
1 289 943
181 123 737
174 237 45
10 320 478
244 118 872
169 197 181
207 248 69
41 115 445
309 92 379
99 255 558
199 309 277
117 206 46
18 302 812
180 49 561
134 211 619
128 319 508
129 174 155
184 241 732
282 212 684
19 243 328
84 75 792
18 291 736
210 260 520
218 186 889
72 53 596
230 100 657
152 180 960
232 205 833
51 64 988
279 69 831
62 111 346
294 96 533
26 278 785
110 154 869
16 241 255
205 199 249
318 269 199
175 67 628
245 47 47
33 275 798
248 212 784
99 126 243
48 129 544
299 37 766
173 194 344
248 309 382
251 203 610
75 72 897
216 32 887
118 182 68
248 191 151
103 307 599
91 274 89
149 15 244
248 250 143
39 3 734
94 177 484
303 218 574
175 258 648
127 150 7
43 315 411
169 13 860
121 205 18
186 279 659
107 107 524
235 62 382
36 66 482
157 270 586
26 127 789
281 293 15
151 221 825
75 91 258
223 42 413
303 290 983
281 319 838
283 227 538
55 158 323
133 264 141
29 85 448
259 274 739
45 25 922
52 134 126
131 31 333
77 213 343
204 56 923
226 286 326
76 200 706
96 67 132
67 311 959
188 269 481
207 67 593
25 316 629
297 250 275
214 97 875
42 136 728
103 132 304
55 127 281
268 82 303
264 267 348
245 263 924
7 303 155
134 174 709
263 164 329
30 5 357
160 2 60
195 305 749
82 208 972
68 199 619
271 33 874
96 128 703
191 34 702
194 65 863
46 309 856
187 160 649
136 132 150
62 6 699
295 50 591
288 258 135
64 21 492
307 151 876
307 182 218
7 307 720
199 178 804
151 48 475
155 294 659
199 255 592
189 108 352
262 288 864
290 250 319
291 228 527
62 50 787
251 316 1000
32 141 899
217 153 620
21 142 701
204 251 177
224 154 721
142 113 62
138 3 842
99 142 190
131 285 516
1 221 630
10 156 378
226 93 287
18 46 320
99 236 199
104 214 455
193 214 550
134 216 943
277 74 981
137 39 320
248 116 128
117 75 340
4 2 623
30 0 876
313 160 672
278 176 129
115 132 495
209 233 953
99 258 506
151 17 586
188 239 631
75 66 108
276 144 597
159 189 188
267 231 125
153 128 770
200 191 215
251 272 358
172 208 245
228 239 169
142 197 444
225 101 606
188 17 736
116 249 75
312 271 723
85 119 887
270 174 440
10 275 605
22 154 441
225 248 729
231 96 830
87 229 483
123 60 168
184 249 96
283 308 245
189 97 363
42 298 609
11 203 672
242 122 279
174 90 251
211 220 972
297 288 427
142 112 276
24 206 295
255 245 373
39 199 727
115 309 560
115 220 83
97 90 236
141 177 109
126 133 441
49 291 72
258 231 224
168 123 125
76 122 987
70 194 289
82 79 639
12 217 474
165 53 832
200 179 5
238 56 976
89 112 405
75 114 796
13 99 868
157 91 3
242 104 153
56 10 479
142 210 212
168 150 202
178 137 261
210 130 361
0 291 352
91 0 276
27 108 701
186 120 20
159 43 591
13 95 760
160 223 120
256 313 894
275 225 595
278 211 516
166 93 21
203 314 596
104 196 294
106 68 704
102 293 187
31 40 551
61 199 619
192 63 65
85 33 13
105 104 929
305 57 532
3 49 99
304 123 326
317 166 133
243 233 365
180 53 644
151 179 973
265 165 574
78 232 315
35 190 240
228 152 544
72 16 636
266 11 838
308 54 910
217 205 66
216 305 561
303 244 614
30 215 317
36 307 602
216 64 481
288 60 997
0 122 639
203 273 298
27 65 260
251 266 657
264 98 535
170 306 813
141 54 931
127 178 361
316 1 170
5 312 890
143 32 225
110 166 77
169 19 195
301 196 291
294 147 815
189 172 467
126 26 507
207 236 970
99 158 782
253 73 190
170 296 139
320 21 597
299 141 319
3 264 54
163 267 759
86 85 187
268 171 251
156 188 672
240 244 555
237 148 398
144 101 160
220 60 869
243 62 892
178 20 855
191 301 556
293 279 216
140 219 74
234 267 218
162 64 805
188 304 971
15 53 126
239 293 204
98 95 955
158 46 722
141 313 159
93 202 589
203 66 767
135 165 762
302 43 713
5 307 546
57 172 896
24 66 662
268 9 948
225 27 564
254 308 262
70 289 782
103 9 70
309 57 354
34 264 44
318 52 859
283 161 750
120 84 770
16 198 188
195 214 63
49 3 654
169 130 925
222 226 357
305 122 570
161 7 440
308 188 619
47 14 512
194 307 205
61 179 979
162 79 687
56 183 730
30 111 902
91 309 712
145 31 298
125 272 754
306 97 823
27 80 81
139 127 242
194 23 536
126 59 900
313 170 795
119 288 780
111 284 320
228 94 723
141 285 988
8 154 349
50 54 830
269 109 214
5 162 735
104 285 386
61 134 686
229 49 905
87 94 841
191 182 43
224 236 681
281 109 345
88 214 786
33 172 804
3 113 963
111 234 373
46 105 357
198 262 214
121 133 718
225 296 535
168 83 859
129 1 661
223 108 198
292 55 108
201 250 816
31 166 579
33 40 395
125 147 682
39 163 317
241 203 740
301 55 959
169 136 633
200 65 237
139 78 708
99 107 229
191 78 540
105 177 679
192 293 31
147 297 530
219 105 485
241 126 85
64 33 1000
108 136 216
315 167 308
14 98 234
298 124 540
130 302 259
130 235 635
195 266 415
228 73 780
248 190 281
32 79 608
75 2 664
103 186 278
80 247 156
51 253 198
119 316 735
73 271 518
109 178 69
243 268 176
15 154 686
193 180 261
108 0 629
155 308 97
139 145 852
229 195 243
269 188 622
104 307 93
194 134 986
260 231 570
287 55 633
68 307 24
271 130 127
158 154 960
78 229 794
292 282 600
208 165 536
257 206 917
303 233 645
248 255 217
227 195 340
42 36 943
107 107 864
1 287 781
156 24 682
1 250 267
204 240 878
133 193 655
179 130 286
309 259 481
129 196 642
91 156 595
91 116 283
177 115 297
293 231 280
80 129 864
149 49 724
150 87 777
226 111 687
70 173 219
184 126 399
16 247 528
15 217 466
147 256 597
236 138 311
299 46 214
102 226 804
181 267 200
222 218 876
111 113 757
306 246 559
14 43 436
93 224 865
106 245 420
247 221 788
73 307 102
59 192 535
315 241 894
33 128 992
10 83 256
221 206 564
243 100 222
47 205 909
202 312 329
3 142 361
292 238 193
196 172 814
211 244 116
194 283 694
128 245 369
73 172 336
99 170 283
136 188 72
315 262 320
135 202 716
142 52 751
31 144 544
55 185 434
192 298 924
269 103 214
42 202 104
282 280 856
169 117 209
73 135 991
173 296 2
244 233 291
1 274 290
62 96 240
162 277 27
78 248 73
105 29 867
20 86 165
85 210 201
70 33 46
223 226 127
284 172 886
171 76 673
207 214 330
167 127 506
316 130 18
292 2 388
90 189 98
172 60 188
0 48 554
101 157 377
155 111 104
189 244 224
39 319 393
138 286 400
88 188 999
43 42 285
31 200 756
203 168 661
269 41 81
39 0 855
103 22 288
215 88 705
100 10 469
110 303 473
151 231 847
119 108 911
5 140 313
235 74 181
59 42 805
246 3 340
257 315 868
224 251 205
276 120 366
320 288 912
13 253 158
184 116 64
232 110 139
304 270 472
10 126 609
318 67 114
77 169 959
211 114 306
315 83 463
123 15 923
137 240 888
273 20 658
23 100 646
34 119 500
126 87 589
320 280 315
0 315 322
109 229 189
2 161 499
52 115 205
285 150 823
274 268 207
309 176 237
238 3 913
21 106 788
150 163 327
204 88 66
124 262 685
283 160 799
198 282 921
270 214 327
41 213 482
54 81 734
191 200 174
181 255 297
96 203 200
14 176 876
162 47 244
11 44 315
95 182 419
119 195 536
172 160 296
227 31 356
51 250 260
184 133 129
145 111 426
314 304 404
167 183 518
91 18 637
258 5 181
99 264 75
318 71 582
100 258 461
2 159 985
291 251 344
54 3 719
14 69 152
146 2 246
320 157 189
244 164 356
279 54 346
64 294 783
57 93 18
209 153 610
194 175 220
65 35 791
299 187 568
143 2 927
102 220 747
107 97 86
49 68 45
154 271 130
254 226 832
74 299 923
215 130 413
142 194 696
140 241 555
44 54 423
83 289 869
76 179 555
21 59 602
237 113 588
157 318 90
204 126 213
147 155 844
291 290 899
225 318 72
210 305 286
224 125 258
266 9 729
293 227 472
295 145 83
15 270 394
154 199 500
214 255 314
247 102 873
48 0 756
202 255 931
109 72 858
90 99 556
51 109 454
293 161 765
100 138 345
145 51 289
11 35 110
160 89 275
160 157 821
283 303 832
224 173 903
101 59 594
283 311 125
116 198 912
179 61 399
172 300 624
197 208 760
294 125 189
59 288 315
36 236 570
73 220 536
68 198 629
83 44 507
293 298 50
175 134 393
36 235 724
298 158 594
48 40 198
28 225 653
292 269 450
44 149 910
287 274 997
224 124 212
148 18 681
228 130 716
187 4 741
209 47 766
238 101 735
40 75 377
231 88 403
33 100 958
212 175 556
299 181 925
188 320 74
79 250 278
6 24 91
168 78 382
192 14 655
24 184 183
197 176 897
155 26 830
247 136 673
316 151 506
89 226 186
269 22 881
235 94 212
189 297 666
238 216 798
26 115 870
195 91 207
105 299 632
298 207 840
33 66 716
17 83 914
232 105 173
226 119 377
206 132 954
214 109 91
49 276 57
248 232 579
60 260 558
220 37 251
3 82 563
313 37 928
26 158 133
286 21 836
217 230 806
97 13 564
100 208 634
95 194 207
190 168 772
284 205 577
24 103 423
293 275 419
112 101 179
101 66 520
260 24 402
192 316 165
260 48 431
231 275 914
68 10 257
233 91 38
69 73 755
64 160 44
170 52 64
84 217 630
306 300 594
287 106 200
15 165 63
305 7 642
255 43 675
58 125 960
59 89 813
152 89 457
304 158 609
91 167 985
189 81 761
110 171 510
88 232 924
320 135 63
44 305 579
292 265 657
180 68 199
230 198 610
101 51 977
153 41 866
279 240 950
91 50 814
209 238 198
270 213 142
167 85 118
241 2 89
184 279 495
14 138 698
67 73 544
22 145 134
225 285 325
31 203 939
36 267 315
77 233 131
205 21 368
82 96 979
269 87 258
199 68 190
57 6 377
198 69 739
319 173 388
50 66 477
24 267 739
139 272 983
295 266 713
117 298 432
123 4 258
141 72 170
2 78 681
212 319 440
143 24 481
246 35 518
55 111 539
71 271 198
225 169 317
159 97 61
205 10 906
254 43 811
45 195 986
315 72 268
254 308 887
287 207 701
262 296 959
67 205 319
190 53 812
265 110 20
183 273 488
210 226 381
269 281 537
201 297 770
93 176 792
4 276 193
292 313 746
290 155 659
188 70 920
133 88 342
105 157 33
10 233 912
194 197 373
47 252 748
160 183 925
64 84 16
99 119 171
320 125 428
272 309 604
299 124 274
251 145 357
196 63 277
132 68 372
125 232 637
313 199 533
228 112 715
310 224 209
86 130 13
42 73 254
72 293 295
271 100 340
88 112 430
298 132 355
185 286 211
14 225 547
80 196 994
307 132 722
86 297 146
269 239 395
7 130 231
90 142 79
71 233 321
44 297 701
77 242 391
295 113 917
51 249 10
296 165 417
217 99 814
274 315 557
152 121 321
76 166 92
271 69 837
296 179 954
12 70 602
257 168 725
275 259 235
20 122 22
251 241 475
220 151 756
184 1 98
119 72 94
3 217 137
205 16 424
23 316 543
107 0 609
254 126 671
138 123 120
112 136 831
120 70 911
270 220 33
269 79 815
120 210 59
290 223 530
60 188 866
0 206 169
227 248 937
45 93 324
294 279 76
125 175 174
109 88 367
30 76 815
155 32 217
30 143 843
22 93 293
39 288 236
280 293 444
51 47 439
63 154 439
208 13 44
249 122 289
139 309 469
256 132 72
176 102 441
80 268 246
283 320 327
27 255 344
38 271 298
50 253 806
240 130 971
138 122 27
7 113 34
246 36 613
202 262 418
127 128 550
234 273 480
142 162 166
222 110 518
170 267 255
8 242 293
311 229 0
224 39 68
305 308 206
52 276 125
159 230 232
305 83 415
41 46 407
70 146 286
214 184 377
123 166 456
264 308 69
277 192 987
80 87 752
179 114 52
242 159 124
242 73 921
40 106 550
27 306 638
48 236 35
60 281 763
272 107 335
146 254 817
157 75 144
191 228 873
49 228 452
219 24 901
24 120 779
222 154 236
59 110 689
117 83 90
96 204 22
275 94 667
157 161 385
42 65 587
122 206 165
271 17 98
177 13 518
240 161 553
79 155 147
233 23 215
63 148 509
318 286 721
244 134 281
109 139 762
12 113 510
124 264 73
263 200 260
114 284 942
297 257 232
50 221 316
241 179 939
180 123 685
1 182 607
201 74 322
87 317 675
50 262 560
289 232 42
294 54 108
3 35 43
254 84 498
102 280 358
26 213 772
16 59 167
270 236 755
116 64 174
9 290 518
151 264 669
67 231 937
135 161 230
280 108 685
249 177 952
292 277 513
177 177 114
96 146 635
223 255 156
82 145 633
47 198 276
6 163 279
9 72 565
274 47 842
175 152 738
122 313 4
315 124 910
285 21 464
95 140 42
242 246 68
287 135 680
268 51 602
115 211 735
259 172 449
82 318 76
61 30 242
7 213 416
53 296 311
207 19 561
296 163 496
11 261 436
3 241 378
70 60 443
312 60 386
256 93 364
166 98 693
162 37 771
269 104 68
56 105 948
239 307 206
111 1 754
271 253 963
233 217 869
141 1 560
295 253 17
8 171 899
101 51 247
196 247 124
67 265 598
118 275 505
82 315 827
93 189 428
296 265 641
119 197 916
19 82 643
242 244 299
74 77 805
182 222 57
240 290 234
86 310 159
312 77 117
151 127 308
231 17 259
117 167 193
240 231 872
37 173 624
179 245 78
171 135 345
67 307 20
229 188 746
15 197 759
25 165 850
292 286 703
134 211 316
111 204 75
260 58 735
197 314 196
27 143 417
68 134 435
176 23 362
189 254 897
94 253 88
146 241 874
101 178 732
198 127 769
310 171 851
278 118 181
244 190 834
169 131 107
140 197 221
177 1 540
44 268 812
124 112 580
44 100 749
206 296 81
139 195 116
236 286 198
24 197 209
320 117 663
6 128 910
65 114 565
260 311 449
215 101 49
247 227 596
238 2 673
275 198 1
221 210 529
114 37 855
180 308 911
68 243 566
251 69 602
207 166 233
237 129 315
126 303 248
6 132 552
250 304 924
317 303 441
116 48 895
309 55 200
258 208 322
157 275 805
67 245 724
201 259 997
194 150 475
171 1 118
162 74 726
195 60 155
156 46 235
92 105 565
113 277 741
225 23 718
175 13 258
252 76 247
230 193 244
184 26 215
148 260 798
81 120 372
308 250 2
98 6 629
171 217 603
85 270 921
155 267 362
193 15 143
84 281 532
202 240 369
253 95 631
86 280 64
305 249 41
310 264 816
94 268 655
312 207 258
269 25 36
287 188 568
57 271 841
95 289 269
187 85 29
240 257 513
143 170 568
192 205 570
317 177 975
168 217 874
196 278 293
169 221 564
90 72 544
154 34 916
315 219 816
89 243 754
307 147 186
83 123 865
189 83 739
213 244 45
198 274 351
220 8 230
211 104 931
193 135 761
227 245 243
185 231 147
203 144 236
255 79 733
61 119 968
73 318 366
317 255 421
283 251 126
171 11 607
308 220 994
198 223 928
35 314 794
75 2 860
237 208 70
160 112 906
211 319 381
149 293 577
220 271 148
182 187 381
30 70 426
13 223 311
165 284 715
132 59 227
152 168 396
223 148 690
297 297 875
206 202 886
242 77 415
268 253 161
269 284 752
64 40 528
258 56 673
69 278 956
319 312 984
296 275 420
116 177 249
157 24 730
245 18 452
306 248 593
131 48 683
286 76 264
224 44 227
271 243 325
148 127 630
175 233 459
49 14 241
93 207 163
121 67 494
150 94 779
28 148 16
177 66 742
68 299 253
129 109 129
289 26 931
167 32 278
163 140 342
234 113 790
98 45 194
269 139 163
230 264 429
107 25 125
169 300 861
269 175 44
180 46 159
190 8 317
237 204 510
80 40 656
259 165 460
5 36 571
301 240 603
209 307 115
264 72 693
262 291 569
227 201 907
25 54 44
115 67 497
223 143 527
243 123 274
258 101 229
35 306 360
85 185 862
76 76 905
160 107 605
202 283 260
51 287 73
51 193 791
11 65 574
124 134 231
234 295 259
251 255 186
299 37 284
100 178 623
296 189 780
200 33 498
41 314 37
89 320 232
106 47 754
28 205 340
222 32 835
290 153 888
6 80 831
181 145 302
91 164 654
196 219 365
104 73 555
116 170 931
31 303 369
62 293 243
175 29 303
113 166 501
297 131 446
10 32 580
255 235 136
156 259 203
203 211 828
150 42 855
109 4 802
153 138 399
41 196 152
57 141 250
2 147 452
26 256 302
121 21 136
1 117 724
248 112 129
71 18 764
190 227 22
166 23 962
231 25 191
14 160 289
157 162 442
316 99 250
173 75 83
235 283 18
302 224 997
214 217 134
75 10 641
247 64 856
280 159 686
111 107 142
68 49 370
87 204 718
187 79 763
49 59 49
75 137 582
290 155 365
23 320 20
318 71 488
196 210 280
225 110 382
58 5 971
184 289 120
198 258 562
139 224 673
82 264 30
92 114 283
38 173 749
305 217 364
69 259 659
294 32 967
147 214 541
319 56 523
40 165 646
111 116 595
320 286 308
190 205 931
171 246 783
203 107 373
21 33 431
235 10 794
260 11 244
271 293 507
174 261 693
247 1 30
102 134 535
280 92 888
261 205 276
287 248 468
36 32 826
169 1 777
139 155 73
226 194 398
201 110 736
304 244 660
75 229 274
82 56 992
2 232 131
59 185 300
259 86 809
3 187 979
110 223 728
282 97 17
61 203 210
143 135 657
108 121 13
42 138 229
200 215 872
49 89 750
93 127 535
77 238 111
194 221 846
115 195 909
171 293 659
73 300 103
257 164 775
23 209 214
0 74 478
1 189 198
73 266 717
167 170 312
84 281 800
297 176 214
141 110 366
285 156 174
104 57 283
138 186 155
47 35 249
299 115 473
0 294 83
101 104 561
233 101 473
4 49 297
209 151 926
234 146 415
96 55 968
218 214 755
47 274 139
104 18 100
94 255 725
282 105 806
33 314 517
82 170 287
318 194 528
194 280 217
185 295 712
168 251 982
278 152 705
215 191 546
227 94 357
255 308 479
147 215 351
108 159 455
98 137 127
220 170 923
259 191 13
288 230 210
147 15 394
278 22 812
240 70 960
104 78 232
195 284 662
253 107 999
74 168 344
304 41 350
158 285 610
144 197 667
233 247 21
91 164 981
242 317 344
79 14 945
239 121 211
60 209 781
188 232 989
208 23 355
14 206 237
251 260 927
296 10 183
59 51 268
273 273 506
3 133 396
157 206 509
214 30 475
301 259 849
242 213 940
166 115 233
165 296 80
164 274 721
84 59 785
230 316 621
116 40 69
66 296 325
278 266 964
301 201 355
28 289 788
81 100 472
259 296 986
246 219 129
291 255 442
302 99 763
146 213 98
62 180 267
48 8 753
283 170 429
8 17 877
235 191 996
309 56 449
77 51 20
253 266 606
203 51 113
42 22 663
210 73 527
36 177 308
92 134 843
100 133 267
3 207 5
186 212 831
115 71 355
39 9 356
13 56 722
150 197 447
266 21 605
131 102 964
278 204 146
192 161 54
87 92 275
114 206 276
144 25 86
19 82 49
275 227 658
221 34 635
109 17 791
158 150 18
240 145 504
283 9 695
249 252 2
119 307 212
54 176 638
230 26 349
315 57 363
50 59 371
160 92 493
40 22 220
249 14 274
115 314 801
263 36 959
175 297 325
181 13 744
315 82 949
22 319 544
273 191 638
170 148 80
183 214 173
302 170 972
277 13 176
42 57 600
286 189 798
205 23 360
296 207 96
14 5 271
101 239 920
122 107 158
25 191 593
286 103 533
163 144 492
62 316 758
97 320 166
140 87 726
191 54 555
140 170 791
264 72 649
167 165 331
281 228 371
131 148 765
70 225 110
195 119 512
192 282 118
147 43 575
18 19 785
297 97 23
179 95 871
14 158 317
45 285 857
239 26 78
272 253 532
201 21 56
186 271 529
155 51 138
212 255 899
149 83 335
121 78 493
269 220 311
303 309 529
110 34 736
210 185 466
307 247 685
294 288 87
316 123 975
77 109 221
117 154 161
165 248 252
235 206 825
44 15 829
140 54 969
141 44 577
131 113 693
20 207 627
57 235 579
15 167 720
18 292 732
75 59 342
135 253 136
10 13 824
111 15 559
216 245 832
192 77 298
14 9 887
163 165 237
85 68 298
17 284 414
20 18 816
260 215 664
22 57 473
197 105 688
117 112 674
83 306 751
138 49 91
295 250 380
235 126 217
307 292 210
45 184 92
283 210 172
100 186 101
102 319 744
309 176 813
276 145 886
298 289 950
312 149 656
45 170 386
168 86 126
264 118 524
247 145 973
92 275 842
253 131 541
285 90 82
68 152 823
64 32 490
154 234 149
153 263 173
193 220 756
137 306 111
300 317 364
213 257 846
1 182 567
54 214 678
112 70 748
169 186 418
276 210 966
75 276 370
5 118 668
75 110 849
125 81 924
119 266 205
62 8 313
262 235 594
121 177 110
99 4 772
172 192 393
7 52 755
71 132 113
298 2 419
60 183 959
223 217 311
247 159 496
206 73 674
16 273 999
113 34 648
26 138 958
260 20 704
66 186 485
61 275 902
290 148 673
85 14 545
104 10 165
251 57 513
313 242 524
128 201 343
41 120 91
134 144 554
30 174 299
299 152 356
307 175 276
123 307 174
112 144 577
204 228 979
2 251 215
83 105 788
112 182 148
293 159 39
70 203 511
16 179 625
249 241 356
200 201 329
191 59 939
134 247 30
238 153 917
79 89 400
239 97 285
297 143 979
304 59 721
276 188 729
104 70 373
101 296 141
143 159 747
36 39 298
68 314 646
76 103 909
74 22 413
170 242 390
178 274 113
190 122 258
279 123 237
84 4 919
267 259 213
232 258 928
65 175 560
293 265 825
207 224 361
271 314 881
189 92 15
290 170 519
317 169 818
317 268 42
184 127 886
50 146 131
52 236 78
127 128 20
102 199 232
248 66 424
246 176 278
112 50 686
74 129 567
89 59 1
146 5 92
298 93 99
48 37 25
315 13 780
186 125 553
172 237 693
278 52 724
46 246 593
132 218 317
207 87 393
98 187 843
56 148 643
263 280 160
242 96 35
41 265 434
289 260 755
214 61 443
243 314 527
16 195 214
261 272 6
288 23 443
83 230 735
130 303 213
183 80 864
189 60 167
82 30 772
29 45 378
163 157 880
276 170 857
145 183 188
172 137 472
92 9 531
296 301 949
58 157 230
42 35 544
2 161 730
279 206 672
186 295 281
131 68 758
271 125 404
27 247 727
51 297 524
285 5 933
185 135 354
298 168 889
128 181 997
161 73 969
76 163 12
177 26 74
319 117 564
316 313 957
105 50 849
109 319 967
178 68 800
314 130 467
212 277 129
214 311 301
294 91 356
167 262 428
54 272 559
213 109 381
206 0 826
221 252 444
44 55 495
154 304 846
14 188 201
137 198 8
116 94 845
96 274 775
19 53 595
267 262 545
109 276 527
261 1 187
116 105 690
278 138 256
2 234 65
63 29 497
155 276 363
282 266 197
81 240 887
292 83 105
235 37 571
111 319 40
141 5 706
145 68 675
274 176 644
303 149 370
308 274 965
283 161 906
240 203 352
57 257 788
16 65 414
51 254 345
74 283 310
8 209 460
232 264 786
203 11 751
31 140 749
33 184 514
262 302 201
100 79 370
101 227 136
190 168 995
0 166 340
247 178 610
43 260 369
166 183 421
239 50 650
52 217 177
66 121 690
282 182 330
320 193 471
175 6 237
211 7 858
217 201 427
82 132 46
44 268 573
36 114 508
318 90 489
201 296 627
117 179 33
187 38 100
74 299 652
17 143 516
320 199 95
232 19 243
304 122 66
272 218 787
213 207 727
30 223 38
246 312 564
172 251 94
268 158 287
214 292 496
303 186 511
232 193 429
219 100 229
159 278 110
311 100 571
82 169 359
280 63 178
128 265 26
217 260 595
219 188 111
307 239 216
250 76 692
297 279 790
252 64 703
145 65 18
127 273 205
123 6 548
39 237 622
258 111 473
318 296 647
101 7 277
226 98 165
146 282 702
197 189 648
259 296 593
217 37 687
38 40 139
296 282 585
241 255 435
115 313 291
265 145 26
91 245 746
296 220 454
311 211 306
304 125 125
236 259 461
9 135 47
291 250 159
280 89 684
306 208 973
127 41 738
112 261 254
89 166 111
35 138 274
111 244 530
138 126 100
85 275 117
259 160 622
247 86 187
156 190 861
255 6 714
223 283 943
127 18 523
247 46 164
105 50 825
241 25 356
125 116 511
2 291 419
131 89 412
121 80 579
99 48 807
277 105 409
171 26 802
44 282 995
196 239 467
15 43 562
196 266 615
114 180 465
84 207 310
60 181 493
149 64 438
198 199 604
92 181 357
60 211 405
233 217 547
231 105 210
111 313 85
73 164 333
18 111 60
12 236 503
50 78 652
129 187 96
144 150 289
179 298 108
104 12 967
194 95 210
238 96 136
239 188 472
176 182 521
175 193 814
263 270 600
250 313 269
219 122 781
3 316 353
89 144 86
309 175 408
150 42 763
3 284 367
209 214 764
106 211 443
309 131 372
146 169 23
32 165 580
72 128 746
182 76 566
132 301 272
111 283 839
251 176 540
277 260 589
73 226 371
149 14 279
272 301 103
31 126 95
158 247 321
195 272 696
317 14 43
205 50 629
81 117 505
186 292 658
79 5 612
139 147 292
318 56 898
109 22 231
61 285 349
317 48 695
204 308 730
316 136 277
257 310 750
76 5 95
213 104 873
286 152 935
174 237 33
41 234 190
96 202 449
147 313 898
271 49 356
240 190 522
171 117 558
16 39 12
244 225 197
311 123 566
301 0 223
233 137 405
63 139 187
223 88 768
51 155 632
316 190 592
293 47 621
38 135 746
211 85 364
276 51 470
213 286 924
29 176 328
156 221 611
158 151 121
50 117 756
17 135 942
69 120 984
137 265 49
309 72 571
59 242 494
11 199 239
156 115 917
253 56 214
190 29 876
213 29 344
114 58 93
32 130 731
221 257 668
145 177 225
48 143 6
5 254 399
185 262 839
163 25 680
110 164 724
174 45 844
248 75 683
41 243 463
191 225 295
126 251 590
1 298 480
224 129 458
52 145 820
79 101 857
120 111 319
203 151 523
11 141 706
39 124 221
265 316 349
36 257 505
11 160 888
70 143 147
6 181 255
276 30 937
125 21 575
13 134 632
230 65 493
315 274 21
185 193 736
71 78 421
133 102 247
290 61 464
92 294 473
153 312 211
30 198 542
232 274 434
261 11 0
304 82 581
256 58 944
70 250 808
115 278 987
200 212 604
298 27 364
283 92 171
237 58 737
262 183 16
61 17 294
186 175 78
236 90 263
245 84 425
265 21 781
275 55 279
159 4 278
154 303 478
314 15 525
156 102 115
260 195 509
125 98 116
16 244 339
260 294 386
284 124 149
311 25 509
310 21 904
249 140 793
26 82 687
64 29 894
118 108 812
143 14 835
314 188 858
118 273 328
297 8 724
171 103 255
62 314 455
252 142 238
0 53 585
61 14 837
257 250 829
120 286 559
131 69 73
230 105 786
67 153 720
24 280 476
47 86 900
94 91 62
43 118 640
29 242 280
271 149 916
87 276 176
157 69 257
315 239 633
167 43 664
77 118 527
305 151 520
136 108 423
277 138 973
239 164 683
63 276 473
128 228 550
244 137 532
221 89 487
2 306 543
301 238 836
219 132 819
12 114 653
306 267 634
31 139 731
294 206 749
89 139 149
209 52 529
66 288 108
10 30 778
158 93 146
173 222 25
168 227 383
147 170 548
216 73 106
226 265 432
122 31 909
144 171 895
0 182 665
229 58 821
35 298 791
236 54 338
92 272 930
207 287 902
190 247 215
81 263 60
120 245 956
151 27 651
40 84 847
213 124 33
0 221 864
160 137 169
146 81 889
147 53 608
116 305 450
207 43 439
212 150 509
278 218 796
42 310 794
19 37 33
187 33 772
10 160 213
151 120 27
315 78 96
54 177 791
271 155 534
55 211 907
279 141 569
4 190 621
291 107 806
137 130 778
142 308 426
266 176 130
212 175 339
283 198 181
199 44 78
147 78 582
147 66 658
195 7 739
222 242 303
282 101 388
238 84 44
3 130 277
168 59 279
150 215 422
320 221 497
249 319 927
249 150 452
187 13 931
268 124 675
232 69 416
154 245 525
235 42 73
136 202 810
180 135 839
251 133 708
40 30 482
230 55 147
183 295 891
4 72 302
283 272 78
268 149 709
299 165 389
50 171 978
263 189 789
198 240 496
99 146 702
271 89 731
252 48 653
171 189 297
250 88 448
4 105 191
236 60 494
247 111 689
297 178 28
32 12 510
116 311 464
72 257 278
27 41 620
197 149 783
206 213 97
88 115 590
36 5 632
240 182 457
6 88 283
146 120 619
279 30 846
245 259 142
98 239 884
81 155 391
145 297 642
290 148 852
108 170 734
169 30 165
74 66 536
147 314 958
207 169 392
180 145 492
11 300 533
289 167 989
42 258 377
32 270 996
199 55 820
153 44 571
307 99 64
181 169 216
65 68 704
319 43 886
271 191 248
274 180 117
297 67 599
0 280 280
127 202 469
266 214 502
68 33 454
241 168 514
43 286 863
306 63 111
255 209 727
101 250 896
35 67 266
68 22 170
144 254 965
96 290 445
5 137 286
317 154 380
229 130 330
41 312 326
291 261 234
237 32 930
81 261 125
74 0 96
186 113 845
222 105 232
47 22 269
155 317 417
20 166 302
17 119 866
38 303 167
125 181 787
266 206 152
234 180 119
114 261 536
22 101 42
227 138 355
114 232 600
103 77 844
244 20 286
127 93 163
116 261 187
169 25 868
68 111 450
8 174 888
148 152 72
29 211 361
66 276 911
94 305 260
113 319 160
176 291 678
316 310 46
25 77 367
22 270 452
227 167 917
278 304 835
79 2 288
53 149 86
302 249 612
249 101 979
203 31 464
182 47 117
27 58 73
143 289 64
216 304 632
23 305 790
3 133 218
256 87 901
0 275 723
19 72 361
149 303 229
98 293 259
291 133 891
22 94 758
287 314 811
146 267 388
99 71 872
147 63 129
76 104 931
241 111 794
21 237 601
121 239 27
9 157 581
200 89 572
293 172 980
84 229 116
75 317 43
193 261 758
146 16 353
45 199 627
188 11 498
204 267 493
141 272 79
202 272 60
55 10 265
96 115 90
320 235 212
211 316 876
16 177 826
44 224 273
109 35 663
172 114 880
155 281 798
259 301 181
301 142 949
41 305 992
122 226 494
209 59 361
172 163 615
309 124 110
9 186 357
191 264 507
223 174 679
1 210 204
61 275 454
160 50 664
93 311 513
302 285 641
4 138 39
238 306 775
147 74 101
259 260 462
213 34 215
309 39 497
92 307 935
189 198 738
180 276 245
240 48 29
95 222 697
12 251 720
251 292 304
95 35 465
289 215 79
105 203 624
226 278 24
259 275 816
44 147 375
207 6 956
82 119 914
206 60 565
290 298 532
117 25 724
26 63 514
286 76 944
208 272 760
263 251 402
105 25 660
306 179 841
202 123 315
2 93 305
101 57 188
109 16 181
232 187 195
270 41 572
105 9 298
315 79 428
281 172 18
99 170 321
105 216 610
20 299 542
289 96 321
90 287 784
213 232 140
103 10 651
220 241 862
40 283 869
10 132 391
200 224 623
87 241 615
236 145 909
221 23 722
98 216 30
229 12 655
297 125 289
126 205 919
225 54 161
287 177 561
42 164 296
320 127 208
154 310 705
126 133 959
38 135 605
185 278 984
315 179 920
110 230 601
313 126 117
28 295 764
0 283 586
55 71 875
29 166 459
173 237 474
239 96 690
113 86 684
153 300 45
135 97 923
145 74 176
35 46 438
56 22 934
110 121 969
204 266 437
108 107 585
126 230 60
214 118 629
300 76 12
5 104 371
179 67 521
130 100 534
103 257 236
27 25 280
14 192 340
114 294 226
164 186 635
76 302 582
207 215 7
260 303 360
96 23 666
81 254 318
255 156 449
35 20 729
226 23 190
104 77 75
245 203 317
4 69 338
161 222 376
143 272 639
272 108 960
150 209 651
216 308 490
317 110 293
110 184 374
26 177 172
277 160 759
199 319 188
151 99 97
192 49 858
297 34 470
307 273 126
318 196 670
291 235 480
266 69 770
312 132 458
247 248 545
307 310 678
130 66 71
22 274 425
251 289 715
305 226 130
68 249 176
122 188 101
268 115 611
149 190 825
238 96 877
54 59 694
75 216 248
7 291 104
85 136 150
20 297 296
187 182 860
229 20 19
165 132 864
58 181 148
267 210 119
77 2 806
98 189 954
269 23 968
120 202 123
108 300 986
218 254 979
44 287 928
184 318 595
9 16 547
285 260 101
136 187 779
31 84 951
238 188 773
136 117 880
177 0 364
203 26 167
100 0 315
318 23 684
238 41 79
298 175 497
311 127 228
49 164 482
254 98 515
193 215 737
296 44 168
76 204 765
58 290 771
96 77 197
155 9 500
202 135 209
146 263 70
161 313 246
320 303 896
310 176 624
83 213 120
70 45 561
297 286 717
181 263 188
147 14 614
316 156 483
168 25 857
176 287 742
132 94 398
75 211 78
129 284 725
73 116 850
123 7 626
49 156 799
260 144 722
106 49 729
279 146 342
293 87 817
309 57 984
127 188 110
310 277 780
226 257 651
131 226 773
62 158 588
258 313 338
82 94 701
109 167 695
211 173 269
246 227 664
271 165 26
47 86 970
95 126 414
26 56 256
73 240 924
230 254 83
290 165 399
184 215 733
240 284 215
113 294 507
23 177 698
263 232 967
73 286 613
73 205 951
148 294 366
11 67 508
77 24 497
298 190 168
236 160 212
275 229 831
186 268 638
127 210 391
277 269 724
145 181 571
194 41 547
128 130 797
44 274 282
20 239 955
291 319 929
244 112 810
264 307 895
28 289 435
209 116 344
179 251 821
12 33 177
306 174 644
53 75 994
241 273 197
216 247 130
259 2 737
165 188 369
177 187 738
283 283 90
30 38 667
1 209 614
72 78 460
77 138 901
139 68 388
171 280 193
171 123 692
49 91 70
116 140 169
181 110 441
277 111 153
70 0 254
301 124 556
253 297 464
107 296 743
13 28 433
240 175 42
311 284 17
318 153 628
61 88 623
237 138 618
294 69 669
161 296 403
38 251 342
226 122 477
85 95 867
76 284 128
278 132 66
185 293 636
245 210 878
259 2 656
317 253 497
104 299 172
270 193 326
219 99 69
272 316 891
252 42 850
38 50 661
249 278 366
216 274 426
179 119 637
148 54 976
320 45 788
170 67 302
271 314 403
170 313 286
4 58 230
145 5 459
196 28 249
31 306 92
311 290 563
65 72 75
183 205 794
174 277 545
93 120 163
198 71 58
226 257 627
53 39 683
84 310 393
112 160 613
157 100 105
68 215 621
140 93 724
76 174 271
143 50 896
235 299 210
308 143 188
90 68 200
152 156 810
141 297 849
60 224 127
260 240 731
74 138 186
44 2 19
17 243 20
273 289 92
162 256 924
170 28 338
144 317 947
215 181 267
144 295 372
154 56 37
107 178 686
247 79 558
85 291 859
121 318 414
169 178 839
61 118 122
274 103 11
137 21 923
147 194 141
3 275 848
8 167 399
123 270 867
111 202 181
78 246 408
231 245 374
50 96 329
192 199 583
209 319 511
29 102 46
312 164 216
23 64 533
9 276 898
9 161 838
48 11 495
61 215 678
123 275 213
15 44 208
22 282 192
254 34 75
313 46 712
30 199 655
144 43 588
107 200 444
266 126 144
227 35 641
304 28 153
163 153 878
196 232 694
92 236 305
82 176 797
256 282 285
300 235 246
282 35 537
285 316 38
315 52 594
137 198 927
202 108 393
281 263 217
95 13 164
220 24 50
247 63 0
159 117 868
320 58 435
224 314 77
38 320 395
69 71 260
262 28 984
266 96 838
163 307 910
256 204 514
203 127 94
101 113 469
279 21 503
319 63 785
16 214 231
195 268 931
254 117 872
105 295 931
308 113 507
43 195 373
225 12 159
132 62 271
196 116 144
69 280 580
178 272 568
73 53 631
313 194 168
89 171 73
22 130 963
268 263 321
139 217 101
313 168 389
249 81 729
16 121 676
25 32 848
123 28 554
168 70 783
91 62 171
54 99 116
80 309 623
282 187 388
318 60 738
7 54 679
39 299 608
215 40 237
15 115 572
302 113 323
225 85 514
10 260 782
111 86 911
124 140 18
100 251 37
21 97 679
25 78 716
260 296 819
238 267 344
151 50 433
137 7 345
315 109 131
3 66 298
184 146 155
218 282 980
285 130 421
218 35 4
287 34 816
171 149 322
290 125 186
308 26 636
176 282 551
156 192 738
65 79 618
68 24 933
53 276 947
167 24 820
165 90 155
284 268 28
47 204 882
115 244 378
81 176 609
294 115 780
254 206 163
156 93 986
301 251 654
205 82 245
271 130 361
152 154 377
25 114 608
147 160 635
76 244 961
45 186 58
146 271 286
10 49 672
314 297 559
264 33 442
270 174 951
160 280 329
35 48 45
46 144 771
235 188 713
124 28 961
19 183 840
61 221 312
14 36 725
153 290 930
258 167 439
183 217 700
41 89 921
173 35 938
56 83 633
245 304 558
72 255 83
68 319 149
273 138 547
284 315 342
48 275 273
202 206 175
69 302 822
141 108 816
104 46 487
279 255 664
53 295 936
126 310 852
8 208 555
94 264 77
130 71 135
73 194 123
245 207 524
316 261 201
11 285 917
233 317 851
95 89 639
28 49 971
165 166 543
15 204 181
49 237 127
98 102 653
295 20 729
250 27 385
266 306 524
189 264 829
136 37 929
186 227 83
196 132 855
109 180 957
21 60 304
122 16 475
122 43 324
88 27 194
33 109 67
315 7 739
248 265 902
225 196 746
213 210 771
84 315 206
203 99 574
254 90 412
194 284 694
70 59 305
245 282 496
180 152 279
267 43 370
298 19 171
245 155 801
258 15 700
168 71 494
204 277 44
238 215 259
138 218 69
41 157 830
243 254 214
277 138 282
311 291 529
210 108 474
303 125 652
269 62 445
312 113 890
53 186 859
192 79 514
310 251 939
261 145 480
313 76 689
70 3 47
123 65 627
111 286 114
259 255 826
146 209 450
213 189 869
4 251 284
140 241 820
283 186 798
148 60 36
33 123 370
25 52 254
272 261 582
137 255 578
181 1 171
39 267 742
213 263 923
9 319 913
9 88 502
124 18 563
94 264 57
201 183 393
103 76 366
261 235 628
285 112 942
35 316 157
201 257 522
133 104 3
308 123 188
54 128 729
296 183 601
153 59 64
63 288 955
70 305 795
303 317 720
102 290 723
254 140 932
224 197 759
226 216 186
61 61 408
234 250 809
93 138 323
44 228 993
206 31 796
290 17 674
250 212 427
31 248 660
267 165 461
215 132 390
101 14 109
49 104 749
166 85 572
160 50 436
213 154 308
130 49 272
202 122 310
192 114 950
11 319 716
265 123 616
162 318 492
60 223 978
5 94 501
33 175 940
121 14 907
223 240 519
172 190 483
259 96 572
63 260 797
102 119 344
223 136 986
191 173 619
103 7 128
4 176 234
304 105 493
230 199 96
107 99 108
318 117 92
193 96 786
131 191 3
146 10 210
223 125 600
53 209 438
68 298 30
208 165 15
118 41 718
63 94 308
27 290 131
261 211 95
301 316 465
244 295 544
141 173 274
271 29 866
138 130 553
270 124 21
232 23 877
164 244 640
256 131 353
96 219 951
157 282 794
266 95 997
284 144 191
310 98 335
251 54 62
200 204 489
70 97 589
100 165 543
103 294 420
60 220 914
5 236 712
28 19 396
246 265 196
133 298 80
298 197 334
155 239 11
35 294 445
297 93 436
47 7 806
14 233 175
2 235 82
168 52 642
4 84 601
9 230 4
189 20 558
8 284 624
139 54 249
180 18 900
303 129 710
238 136 923
192 111 571
141 104 655
255 93 395
306 307 148
198 183 548
251 239 501
107 291 321
233 129 713
303 2 18
147 195 931
296 78 506
290 204 910
98 26 854
52 38 207
17 226 212
256 290 611
292 157 223
198 288 267
160 293 763
223 3 218
53 125 239
106 176 131
56 54 538
240 117 865
237 235 689
311 317 59
252 22 734
252 317 198
255 260 175
162 80 366
114 23 319
183 110 131
268 18 812
128 37 606
51 262 15
222 63 945
111 186 925
162 121 573
260 20 740
46 228 640
65 208 653
160 260 499
110 252 861
292 173 672
24 196 538
264 125 177
224 34 669
229 294 146
305 1 615
196 208 782
103 153 202
228 115 958
259 57 698
298 162 574
301 229 529
233 304 218
291 122 432
223 66 943
117 135 868
184 49 417
317 76 974
273 9 264
252 149 291
16 208 52
106 210 755
286 67 886
47 48 876
93 147 939
126 260 439
276 228 403
109 75 544
41 276 270
84 194 594
268 293 389
313 241 545
276 115 982
295 248 520
15 27 994
69 308 563
94 129 81
287 105 42
180 119 810
222 211 881
222 114 633
195 19 299
296 175 471
143 26 241
148 64 327
194 318 178
162 17 735
10 137 823
284 191 106
239 17 52
97 10 131
318 266 533
220 95 718
190 159 982
257 116 663
23 24 775
250 183 24
319 187 913
161 177 248
319 58 341
126 60 10
46 231 339
130 100 327
287 320 732
66 102 394
22 276 116
103 8 134
252 4 496
115 22 401
74 95 970
181 163 825
47 251 331
284 228 383
41 300 183
149 156 723
188 3 932
265 249 836
239 135 790
245 314 11
43 227 121
38 141 595
93 89 14
81 48 559
219 201 404
32 174 987
294 288 583
98 281 862
119 148 881
75 229 562
281 277 365
217 15 584
31 292 28
238 0 588
216 280 892
79 312 42
304 48 971
140 17 590
3 183 279
204 172 496
213 113 942
13 2 770
213 183 812
161 85 18
236 69 436
70 290 143
161 205 817
182 207 354
94 222 572
149 92 192
33 151 48
125 223 63
124 145 740
18 210 195
131 153 446
231 95 320
28 198 435
179 91 72
26 141 570
154 253 295
281 156 200
267 231 640
63 282 405
60 147 644
198 98 868
150 77 874
239 107 404
4 284 204
288 273 476
156 210 697
303 296 121
26 32 968
25 271 27
5 207 315
195 197 869
304 258 54
168 145 127
214 71 839
79 151 603
216 27 782
225 246 367
260 182 837
57 134 484
131 288 760
171 7 786
23 151 48
82 58 11
52 118 201
79 170 187
11 259 908
291 173 686
215 27 862
180 187 311
115 315 939
73 291 133
290 295 574
287 231 879
251 110 907
45 184 470
144 119 44
134 189 703
38 14 529
280 39 340
291 293 787
94 80 660
190 9 205
43 18 824
304 246 715
273 132 314
282 83 995
119 92 641
280 292 405
162 23 238
200 137 875
106 209 113
62 246 43
153 311 398
29 27 607
24 47 157
266 235 925
54 279 386
146 278 405
278 73 319
244 168 210
131 320 912
283 168 4
239 70 508
221 137 891
140 282 285
140 231 949
199 189 696
219 311 447
250 173 19
303 268 774
249 72 921
125 294 200
251 281 795
188 38 579
301 255 6
77 107 708
250 135 975
92 109 422
287 8 560
194 160 472
139 2 878
235 196 75
152 155 987
130 18 135
201 109 198
209 151 784
165 134 756
235 305 347
68 159 117
233 179 589
79 194 796
156 38 615
46 316 162
178 37 715
255 224 964
155 256 795
91 93 301
130 290 892
168 66 173
82 283 670
270 121 916
299 309 714
224 263 602
218 8 268
162 23 563
204 100 703
56 72 704
6 38 357
129 162 947
69 12 635
13 62 990
227 233 587
149 107 457
212 40 297
318 265 235
256 178 219
291 165 908
43 317 941
53 70 61
250 191 762
13 309 275
168 2 960
175 173 652
290 130 128
55 312 916
266 154 692
81 291 211
316 300 820
255 284 19
126 115 137
249 175 852
318 27 549
94 289 287
291 96 644
147 105 559
289 158 159
126 125 641
223 60 920
303 29 716
36 138 212
191 280 156
166 16 20
45 92 152
155 317 163
79 150 590
57 264 420
18 12 795
62 52 293
170 16 829
152 91 424
318 48 679
16 270 453
95 43 231
42 117 617
23 95 393
286 252 448
102 154 99
158 285 286
205 279 170
303 52 16
156 159 99
197 143 46
132 141 176
10 221 75
228 98 941
320 91 702
258 26 452
216 58 359
150 2 126
110 67 126
173 158 990
145 156 818
129 69 99
239 310 525
243 120 449
176 131 284
302 286 151
42 240 359
107 146 412
134 99 443
311 298 258
133 116 824
151 99 313
59 301 217
302 46 737
117 179 939
320 307 199
168 29 745
21 276 709
150 310 281
131 12 647
42 48 664
229 96 417
105 87 685
297 128 895
121 217 714
22 25 246
294 45 606
73 0 156
72 79 306
21 143 857
77 69 192
126 269 676
32 43 761
175 81 113
196 60 133
269 87 301
256 51 151
108 273 335
251 4 449
281 264 214
277 91 435
22 257 596
114 169 911
235 18 104
283 16 481
302 186 328
183 5 266
180 207 103
120 259 326
108 241 985
266 171 297
80 192 742
61 131 535
305 252 422
187 223 717
176 199 388
271 306 77
166 218 67
41 275 335
61 52 313
213 268 749
184 146 278
78 267 742
269 44 428
206 179 804
248 17 94
225 30 803
27 135 443
265 312 586
255 204 535
43 109 279
214 313 303
31 0 877
192 248 85
101 123 904
242 284 42
259 39 961
182 171 620
34 271 929
141 171 515
242 163 16
250 172 120
180 306 87
119 214 920
224 260 949
302 282 239
229 99 752
187 96 325
231 30 845
279 189 128
3 124 940
31 276 161
14 66 120
92 45 149
112 92 577
169 316 890
95 258 532
17 153 769
121 297 96
57 138 771
310 311 131
18 225 122
167 137 626
27 99 979
1 34 999
162 131 225
44 256 992
274 222 349
229 249 885
186 53 378
130 21 580
319 49 764
169 30 386
86 54 278
240 86 830
295 153 516
179 164 42
275 189 810
304 213 480
307 189 771
88 74 793
134 257 612
206 89 834
307 29 492
80 17 872
124 283 188
281 42 197
20 294 188
77 236 684
51 150 175
176 151 114
225 270 616
102 191 311
234 299 697
148 235 42
51 256 949
8 172 443
250 318 407
104 223 774
187 174 802
275 124 189
115 247 970
156 214 448
235 177 782
189 244 926
218 39 662
114 268 124
182 296 954
104 113 142
142 309 21
16 96 580
284 131 647
81 286 395
274 28 70
137 288 518
56 161 569
309 169 675
170 276 318
151 86 678
9 163 377
214 304 175
63 171 287
177 165 131
102 4 643
254 311 817
234 86 532
121 131 123
290 12 804
71 94 491
104 240 706
101 229 488
230 247 371
194 137 593
127 99 320
53 133 111
128 76 672
153 86 483
143 125 883
110 130 456
132 50 502
78 44 919
304 280 260
266 169 31
31 78 49
68 1 435
106 182 764
148 195 186
148 313 335
299 152 695
57 125 526
151 152 474
179 43 32
140 53 427
241 9 836
27 15 107
217 143 259
243 86 634
244 128 13
12 163 833
2 158 178
154 316 149
27 226 486
160 21 837
253 7 956
306 230 136
211 300 77
293 168 111
94 37 228
118 41 610
72 79 40
291 319 357
237 247 41
210 38 623
100 104 632
122 245 744
267 168 327
74 28 424
103 307 451
306 94 200
310 0 994
174 290 190
264 199 828
178 20 353
194 155 732
242 198 687
268 91 144
137 211 567
14 30 360
34 88 741
209 192 898
106 38 926
263 297 275
241 217 795
153 215 123
56 240 458
90 249 642
52 97 640
141 236 637
110 130 995
54 266 32
172 249 348
216 134 824
222 81 162
235 44 442
68 178 561
190 240 507
58 44 660
139 70 441
251 255 664
129 305 365
257 221 642
34 230 160
230 125 520
197 297 626
286 232 928
195 100 785
254 280 235
32 113 377
79 286 997
235 4 895
55 242 287
117 17 858
86 178 895
33 83 833
101 182 378
42 15 313
24 111 945
299 260 50
107 254 781
149 111 466
86 182 755
74 266 249
244 16 508
180 239 205
116 170 105
157 181 514
211 109 619
66 293 597
145 18 5
106 17 74
264 194 100
210 23 95
37 182 257
248 301 539
91 105 605
268 261 331
195 244 603
142 190 460
98 169 28
22 267 576
197 144 803
221 120 612
80 22 883
194 257 60
58 36 985
246 81 492
144 139 469
216 315 100
270 43 736
205 25 852
313 55 868
9 94 199
160 252 317
90 136 301
74 17 452
72 130 316
295 223 266
139 83 251
63 141 506
227 134 882
152 301 802
198 150 824
77 226 60
316 169 847
4 268 676
318 119 331
6 309 506
202 112 687
229 158 500
66 141 739
219 271 855
22 240 45
25 70 257
292 23 793
270 198 114
45 290 619
98 111 192
265 2 400
157 225 919
188 298 6
144 201 654
34 43 953
164 268 406
138 72 585
7 146 205
50 30 610
171 112 287
168 304 726
43 139 73
238 26 614
34 180 448
267 183 852
91 114 655
128 276 315
81 219 436
310 198 692
162 203 982
309 252 93
30 179 410
247 78 380
54 274 983
312 145 842
148 314 755
1 56 326
118 197 367
281 6 924
119 288 754
187 148 788
305 319 424
170 233 217
159 65 235
283 124 143
218 14 552
160 151 42
8 87 200
145 303 187
18 235 291
4 277 254
294 295 242
40 241 634
43 185 773
2 174 676
101 5 476
159 257 459
34 48 853
203 242 360
285 108 679
258 298 712
217 182 507
32 88 609
19 8 124
19 165 331
209 211 548
284 37 149
269 105 285
228 126 151
232 171 626
122 272 294
124 1 272
211 263 469
229 175 251
21 68 891
44 71 303
92 200 733
289 183 80
180 68 478
153 34 81
171 168 242
72 216 596
310 169 429
155 91 122
24 117 915
169 172 402
258 145 293
138 314 219
137 120 758
10 91 526
107 233 920
87 45 538
170 265 656
59 75 789
294 93 279
206 309 379
201 191 658
34 36 447
47 139 148
308 9 812
142 118 708
232 52 496
279 246 159
175 106 688
99 130 187
134 127 367
282 63 195
152 247 732
68 2 967
28 265 699
52 137 909
144 193 337
13 142 474
138 91 224
147 256 0
142 155 546
237 163 602
170 34 659
40 123 720
198 13 945
307 91 40
302 280 107
61 234 915
257 262 832
294 216 146
33 4 50
17 166 304
107 34 32
159 67 303
300 61 842
248 184 880
299 241 539
271 244 455
234 216 418
40 54 702
312 194 923
132 50 910
289 215 728
187 28 331
254 320 186
305 145 490
231 24 973
41 315 464
25 5 244
68 115 910
60 288 511
212 147 581
315 310 692
57 30 985
223 58 720
120 203 977
50 78 148
46 101 462
127 146 263
158 274 677
180 59 507
173 36 920
16 61 246
22 192 671
215 317 716
55 136 854
320 173 232
15 107 161
229 36 70
90 64 694
21 9 468
251 191 538
249 235 932
176 308 524
276 76 619
75 80 31
29 40 884
34 170 3
216 164 265
138 69 883
97 210 732
54 59 844
281 216 693
247 309 485
33 54 668
159 266 257
184 64 194
295 30 978
286 104 713
88 34 855
120 63 163
153 137 646
306 186 990
175 255 904
92 117 370
167 109 317
59 218 177
130 24 101
7 281 899
260 155 635
161 255 971
303 125 715
236 35 173
120 35 290
113 68 509
263 199 298
83 281 360
39 238 481
112 69 130
128 33 944
209 201 866
281 91 220
244 312 65
305 70 724
282 66 409
144 124 603
245 155 598
3 148 277
122 154 460
180 98 699
270 313 37
17 8 280
258 14 375
281 4 302
153 176 977
291 56 702
286 92 987
291 59 485
80 131 552
244 90 429
257 63 749
297 149 948
22 74 518
128 37 93
316 166 494
21 10 271
92 310 636
241 74 421
251 137 507
154 56 418
220 118 985
21 95 180
224 169 12
61 211 191
312 144 998
92 157 110
275 118 425
262 125 478
78 167 840
227 138 35
297 156 133
93 135 978
252 7 524
135 140 923
197 29 879
295 184 656
216 55 106
100 124 620
271 190 214
28 106 319
284 162 64
287 172 867
121 168 648
289 196 584
124 58 126
121 234 555
217 154 852
196 179 688
178 314 112
276 160 94
113 82 369
239 206 851
306 152 831
178 196 461
229 111 771
131 284 488
54 6 802
202 205 552
29 248 281
217 201 715
51 235 812
157 245 23
139 36 517
257 265 426
316 273 778
208 96 271
221 166 387
303 89 947
110 21 876
267 163 320
38 1 322
266 205 652
108 27 532
302 239 319
27 50 630
166 244 770
11 240 717
58 79 427
80 241 957
237 127 341
221 141 651
307 212 655
11 142 711
64 291 374
159 47 552
58 258 402
76 65 14
164 79 64
172 183 125
311 243 482
41 138 631
23 177 132
9 275 601
93 2 129
217 14 715
81 27 613
262 302 684
150 208 595
126 86 651
173 14 297
33 71 354
117 38 996
132 255 933
241 168 412
253 159 873
166 269 652
233 128 745
179 33 67
61 235 33
67 194 105
257 210 992
279 269 624
129 62 57
280 101 783
197 223 353
131 94 909
206 168 789
155 266 648
193 57 656
128 190 891
1 146 872
112 27 96
119 152 800
147 199 512
12 86 998
155 60 992
108 253 849
320 173 616
236 309 208
213 27 472
301 89 855
149 191 744
298 63 732
313 163 341
211 97 498
232 235 129
279 213 429
295 33 205
270 98 311
87 21 849
7 63 287
154 110 475
138 21 20
240 138 566
129 167 627
218 21 777
170 67 182
97 186 764
214 236 709
148 33 669
171 154 538
115 143 323
251 9 632
48 21 535
306 290 99
192 26 108
289 264 703
77 123 984
316 1 902
240 296 9
181 292 70
5 94 363
103 264 253
137 54 391
193 61 986
156 144 56
243 310 618
180 153 281
209 189 44
240 161 420
108 94 126
4 143 30
202 166 57
78 214 553
261 131 398
149 138 154
73 33 917
291 7 91
233 214 369
227 176 905
307 307 106
94 21 265
282 173 561
64 76 936
261 38 877
299 294 70
239 85 399
164 83 968
114 17 51
296 234 418
146 68 494
320 33 196
131 121 619
265 151 132
10 264 340
310 175 130
202 84 411
241 21 993
299 302 795
252 277 635
100 77 199
275 107 75
177 32 529
226 5 465
122 106 377
95 194 866
18 28 842
31 68 408
120 60 391
228 39 212
25 91 809
228 24 726
175 142 410
276 57 583
143 25 959
163 293 159
258 93 195
154 137 399
222 299 758
207 86 276
193 272 287
318 246 803
311 292 508
298 108 226
146 65 622
94 109 960
23 102 698
5 63 59
283 315 917
315 81 35
123 226 64
100 17 630
57 12 267
214 8 415
25 95 577
2 280 822
300 286 182
0 214 312
126 278 836
282 184 234
261 75 28
260 125 391
87 286 831
13 89 334
132 79 155
317 291 926
10 112 89
169 145 147
1 145 851
297 178 76
85 269 386
317 243 63
111 216 330
124 216 757
198 311 130
257 151 967
239 224 232
262 113 827
205 221 417
165 87 462
137 110 300
115 179 150
203 6 908
139 231 119
133 56 319
91 65 700
103 272 739
67 301 440
26 23 408
29 138 913
113 320 678
223 77 637
213 278 140
305 207 588
272 208 994
53 69 296
159 61 436
147 246 721
69 202 822
50 90 45
60 140 965
309 257 475
70 17 875
136 249 723
99 134 788
90 60 323
273 232 296
145 180 499
218 94 642
296 283 430
206 25 842
197 98 37
120 17 692
72 65 266
67 27 249
160 301 230
190 92 470
308 227 587
230 6 701
265 308 757
46 181 792
137 291 762
153 92 757
152 201 726
77 51 157
301 288 433
100 72 828
139 80 970
183 185 459
83 120 297
131 35 775
108 64 109
129 242 250
289 125 708
77 297 624
83 38 901
84 197 572
97 70 66
51 96 819
259 147 471
282 242 33
315 229 718
112 289 253
58 59 756
279 276 875
54 63 727
30 199 346
259 15 998
224 98 310
274 37 771
8 187 823
293 156 48
262 62 77
212 121 209
207 51 328
81 15 518
64 93 516
219 44 964
115 265 966
57 69 988
112 26 401
83 305 344
128 26 158
66 46 750
141 311 455
116 117 783
57 138 940
100 152 959
229 220 602
27 17 466
108 93 184
204 110 343
224 298 901
253 148 448
164 110 530
150 158 612
220 109 939
130 38 700
100 100 983
72 180 677
215 172 824
160 182 815
274 248 91
169 199 981
288 93 852
194 285 31
266 78 537
198 84 138
16 218 177
275 262 678
97 183 419
39 268 301
171 177 283
9 210 287
74 32 808
27 279 670
49 320 397
267 143 840
65 264 16
284 32 726
237 285 661
139 209 72
107 71 942
201 67 474
14 241 630
169 107 862
88 211 586
79 71 352
220 49 32
246 191 136
252 256 616
173 305 954
17 33 829
118 94 390
26 1 427
130 77 898
275 183 54
33 288 491
302 104 993
256 221 391
296 160 454
98 41 203
281 17 853
101 13 652
34 222 646
264 58 940
252 120 192
91 150 39
293 74 847
105 190 980
93 290 267
233 230 72
163 167 755
201 68 977
26 291 684
287 8 152
125 40 598
121 257 4
18 189 640
74 197 31
234 11 573
264 289 585
297 272 360
233 272 872
127 75 805
215 154 732
52 212 582
4 3 23
81 127 36
167 111 531
158 180 762
194 298 242
316 311 184
167 81 835
258 77 769
313 132 705
188 102 836
256 143 949
162 31 343
6 134 538
23 25 54
317 166 152
195 37 418
160 82 55
41 273 663
165 260 643
129 98 486
313 203 316
274 213 326
221 185 86
159 40 889
121 271 750
96 240 295
108 68 421
258 97 312
30 150 70
261 268 601
308 123 778
149 76 64
204 69 307
38 178 353
160 105 489
9 130 12
67 184 505
73 59 947
165 279 358
256 273 882
212 4 296
215 240 932
247 40 144
25 108 277
166 205 360
33 253 662
317 25 905
243 201 890
121 68 42
128 222 799
87 113 643
24 62 791
116 173 799
110 39 245
66 225 764
88 164 72
317 65 113
261 239 360
303 79 85
154 275 379
149 297 691
199 175 101
267 118 165
266 60 571
41 239 587
274 133 0
309 240 877
251 44 850
191 293 333
193 33 247
5 213 191
138 115 148
36 298 128
147 60 767
231 232 730
318 84 678
313 231 201
220 32 195
263 30 919
174 151 290
100 112 503
131 80 845
116 195 424
53 51 330
24 43 564
118 212 140
244 117 521
54 191 740
315 251 259
101 81 407
59 132 234
90 25 894
128 61 241
142 298 809
276 20 793
129 156 725
17 307 545
43 96 780
257 69 957
212 251 856
268 252 674
136 297 37
52 280 534
99 164 438
128 24 911
291 176 13
88 217 906
70 297 983
84 235 278
266 156 233
152 95 116
247 199 566
167 3 506
270 66 77
292 27 977
138 224 641
193 272 258
23 296 350
84 222 602
20 159 628
291 312 311
155 137 669
177 290 822
23 226 831
181 80 892
159 258 532
140 22 803
301 38 121
99 37 262
169 89 911
204 232 3
174 155 270
86 296 171
27 98 685
48 12 949
259 105 298
38 111 978
124 78 168
241 303 195
59 65 211
253 86 755
44 16 105
286 184 689
188 173 657
278 292 157
82 210 737
281 125 466
222 264 842
109 257 386
86 264 807
156 20 957
29 194 988
38 301 351
239 244 564
267 208 973
281 53 446
204 171 996
22 254 860
201 0 429
30 2 115
295 120 909
154 25 449
4 145 844
276 149 929
316 111 561
18 36 434
14 267 531
177 243 402
62 116 357
80 66 19
266 119 486
231 225 829
71 29 360
263 248 514
267 188 567
269 255 351
112 279 336
114 39 95
221 150 748
91 95 849
216 193 74
126 211 166
14 111 80
2 224 56
289 270 854
137 62 631
48 264 462
274 261 934
165 104 710
135 206 934
113 45 599
255 57 391
282 162 830
47 310 557
141 157 357
248 35 928
38 41 739
79 287 620
182 105 996
189 279 843
43 234 312
18 215 398
218 158 314
302 308 686
129 23 868
212 53 200
234 139 513
292 16 420
67 260 676
133 211 793
34 302 170
320 186 288
109 283 245
50 81 582
248 199 773
212 211 575
26 43 998
311 314 53
215 116 16
52 238 882
52 96 186
119 169 683
38 308 999
36 236 773
37 50 752
163 51 633
50 177 682
258 142 714
18 90 372
19 242 475
308 251 122
29 263 233
297 239 3
105 217 383
250 208 16
166 140 433
98 262 132
108 38 274
277 316 21
92 156 250
181 311 370
116 226 138
12 217 919
74 23 916
100 131 65
221 11 809
165 165 847
40 293 935
231 257 723
277 13 619
113 257 129
197 253 394
54 13 422
187 296 123
108 150 729
186 279 176
284 168 215
218 245 824
190 193 485
296 191 998
89 30 873
202 304 19
292 296 855
282 208 876
181 190 6
10 84 274
310 102 842
290 155 401
214 12 661
245 66 479
204 29 758
5 143 513
274 294 836
13 283 541
284 156 982
20 286 875
223 30 874
51 40 157
10 56 802
297 258 757
158 87 323
106 64 71
247 217 900
26 106 455
110 89 609
257 296 495
299 217 868
62 3 536
52 191 523
54 125 189
90 172 781
176 245 619
149 230 969
101 35 184
34 142 389
92 151 310
282 70 600
319 58 630
263 167 510
312 232 786
161 130 459
86 315 954
143 30 268
252 101 201
269 295 176
126 318 636
17 68 868
127 122 568
75 258 600
108 237 705
299 302 892
255 57 375
204 141 809
50 32 908
197 247 337
320 170 576
77 213 820
150 146 94
119 109 364
108 270 677
228 285 588
125 181 39
211 220 336
279 265 402
255 164 243
29 62 202
193 119 545
268 42 881
188 168 467
173 172 815
29 184 21
113 245 197
128 216 3
236 166 363
196 222 822
11 156 337
189 212 374
98 233 70
157 93 171
17 281 791
51 273 634
162 80 599
200 36 739
80 139 1
43 142 695
237 174 249
15 283 819
230 92 629
223 201 894
234 220 848
171 133 33
309 200 175
122 245 256
192 284 10
57 63 383
286 194 37
7 306 894
175 5 403
42 148 893
316 150 690
228 130 12
235 190 200
244 278 324
179 292 421
246 105 98
144 65 855
63 246 817
62 49 24
225 10 543
165 68 267
115 131 725
9 250 111
155 176 988
176 19 884
308 88 148
122 155 870
25 144 410
137 305 781
71 144 474
277 33 562
29 72 988
130 205 659
234 163 491
115 208 767
79 67 635
118 302 583
303 166 788
249 190 402
75 175 690
215 107 725
208 281 642
267 302 652
116 137 743
86 154 10
101 318 853
124 222 565
254 217 210
280 316 251
2 38 149
275 144 323
197 106 950
247 225 134
102 314 24
72 137 142
184 42 467
245 117 799
174 167 530
291 117 473
167 19 177
124 27 325
11 43 574
275 88 238
238 156 94
230 88 952
225 189 236
83 124 876
7 182 939
168 45 172
53 149 624
295 158 699
190 102 544
11 149 588
253 218 951
222 320 897
50 299 419
310 279 201
67 25 398
119 84 339
247 128 626
6 19 650
61 234 473
28 86 485
310 291 343
109 15 881
174 13 439
234 116 419
57 241 586
144 266 929
223 237 842
3 95 986
186 283 288
278 86 177
118 27 262
263 178 820
263 141 805
2 56 744
149 20 396
79 167 596
203 92 750
122 89 954
120 84 576
175 229 711
107 259 77
261 296 559
35 209 746
178 111 88
191 125 542
22 293 898
160 91 665
314 283 158
317 104 77
302 89 22
223 154 585
57 96 780
240 157 547
190 164 63
294 167 302
4 86 288
316 11 519
186 228 69
148 131 987
246 72 352
214 240 481
112 64 465
110 189 983
128 135 618
104 178 20
292 37 139
238 100 386
130 208 102
43 94 582
71 40 53
284 277 28
286 260 665
276 245 285
289 119 711
41 285 898
244 229 855
294 227 109
19 67 360
27 191 669
268 297 786
138 175 834
227 230 69
316 234 840
276 247 4
264 247 650
271 110 380
40 153 566
14 45 64
119 232 529
47 39 452
269 118 425
167 189 346
262 28 466
176 14 734
158 120 654
56 143 485
94 237 621
197 143 357
118 60 281
64 160 771
220 6 92
317 259 241
167 137 690
79 43 167
156 3 741
270 134 939
127 164 944
125 87 926
247 297 606
178 179 260
34 89 610
107 235 110
238 74 232
277 106 861
212 113 533
214 237 900
206 60 295
298 278 694
118 39 133
10 228 998
29 265 418
285 119 719
105 110 832
245 204 526
281 129 504
65 4 646
311 8 92
89 320 901
150 117 92
252 39 932
86 37 208
296 201 521
193 152 931
9 15 392
235 210 317
165 143 897
55 238 301
88 116 124
100 213 854
309 96 855
293 61 169
89 15 369
32 196 719
88 315 545
18 272 272
262 76 493
175 164 505
111 278 260
105 67 558
217 71 488
16 70 190
260 35 651
222 136 783
34 260 713
270 303 312
98 306 389
146 131 428
47 305 284
300 224 910
286 46 264
27 228 41
220 105 661
305 10 436
88 257 716
302 82 946
315 105 187
270 157 311
3 198 554
272 279 128
282 233 662
161 137 382
281 46 265
1 141 417
181 116 163
110 41 550
214 103 482
97 25 761
202 200 132
51 263 804
206 18 376
304 293 476
125 296 377
116 174 799
168 100 497
187 111 243
51 121 413
39 268 896
304 269 723
163 75 761
155 104 171
308 95 216
246 199 982
320 202 753
36 272 842
26 267 338
201 287 390
58 172 68
302 48 824
166 87 504
45 143 607
212 318 489
194 111 246
258 255 868
15 190 289
126 216 720
71 75 494
64 285 824
82 243 697
28 76 877
129 149 820
306 160 635
143 111 431
131 305 822
133 58 953
311 205 742
248 31 608
6 282 82
283 129 264
197 92 305
287 35 298
312 25 854
280 301 489
59 131 574
159 39 182
47 238 89
142 228 149
16 133 929
291 227 985
115 80 636
291 36 370
34 102 204
39 166 401
29 110 233
168 178 44
236 244 812
211 288 505
319 288 999
34 288 976
195 1 910
97 7 96
67 316 837
251 71 799
242 282 718
57 275 599
16 127 38
100 193 96
300 52 213
320 164 471
118 169 880
213 60 651
129 295 685
79 227 922
20 121 393
270 196 498
269 231 101
137 53 306
66 19 485
237 117 183
179 201 818
317 277 246
188 309 715
40 206 327
257 99 609
107 269 13
165 237 533
44 96 264
249 138 791
9 91 638
12 148 254
66 196 681
267 299 721
59 52 246
145 97 595
108 161 4
92 190 623
96 253 181
304 77 855
25 142 476
289 89 218
217 209 173
92 166 14
307 68 2
33 229 67
287 284 385
48 237 192
309 223 740
143 18 350
22 34 61
272 188 476
319 267 674
218 54 446
287 281 899
31 228 138
195 208 28
130 212 441
26 208 674
317 235 439
255 131 321
10 80 972
41 258 461
53 92 701
290 161 225
228 87 16
294 32 340
219 293 302
286 73 844
84 80 838
297 178 388
35 264 747
213 121 410
100 280 660
41 207 384
143 179 147
97 95 239
119 60 782
292 161 446
167 22 635
112 71 182
220 254 801
236 83 682
32 26 19
50 194 445
116 134 551
245 183 748
23 212 343
80 116 846
181 99 765
232 235 822
225 163 460
100 62 65
122 252 21
225 91 116
232 269 345
49 162 323
68 37 439
40 311 472
76 187 989
121 295 804
206 309 312
78 108 862
57 162 712
180 196 555
225 318 145
51 33 863
176 25 353
20 303 134
132 279 793
173 108 643
58 110 303
296 239 788
222 132 295
276 299 544
300 222 274
28 37 697
3 131 148
73 151 363
59 70 823
186 190 587
71 289 510
135 25 987
21 67 48
104 73 352
265 109 800
310 202 928
124 60 314
43 122 371
90 237 656
13 245 20
16 262 565
80 135 527
263 157 514
74 11 952
206 89 172
2 85 427
293 145 829
55 61 372
200 291 497
179 178 376
304 100 714
49 305 467
140 21 885
286 98 561
214 305 448
289 47 756
175 303 615
199 31 26
12 23 849
141 70 888
60 91 834
114 163 823
166 240 856
26 122 835
53 25 797
111 113 278
186 262 251
27 87 573
77 167 643
260 156 29
146 203 307
101 227 534
196 170 682
235 267 916
99 241 947
317 27 8
233 272 640
217 27 123
174 235 434
60 289 472
0 90 359
279 264 501
208 286 532
170 218 372
75 33 3
196 85 906
297 83 720
262 163 680
152 59 187
47 247 420
293 192 332
181 0 159
72 17 106
96 118 733
109 87 683
75 220 218
46 204 597
141 172 410
169 249 870
200 218 815
251 9 540
91 192 808
173 122 129
157 280 150
281 291 64
89 153 187
227 153 312
244 250 443
184 134 512
155 9 768
86 22 634
80 89 717
282 13 757
114 112 712
238 290 646
240 198 299
280 296 166
169 84 425
244 53 342
24 254 291
313 281 970
97 74 712
80 58 293
201 123 871
304 216 475
136 42 257
31 222 882
32 292 432
297 193 43
117 239 957
302 169 619
128 31 852
219 58 529
300 50 225
29 317 32
225 273 559
13 225 839
248 124 582
81 54 811
100 101 259
316 10 478
87 252 668
292 293 999
232 47 489
188 55 63
252 188 437
146 249 564
31 222 715
176 269 911
150 47 631
209 41 332
150 43 201
254 113 861
211 62 412
122 234 721
283 24 263
15 255 766
184 141 87
36 24 114
240 255 24
251 221 222
113 73 807
76 249 630
96 275 624
297 166 573
263 104 272
281 6 333
81 187 839
106 180 914
13 233 114
151 297 659
196 214 939
315 75 863
15 269 566
176 86 280
160 106 948
176 105 86
55 279 458
146 175 817
266 134 626
32 315 818
220 29 533
177 217 618
290 113 847
12 88 329
213 131 734
51 273 138
151 96 324
4 39 327
183 285 324
208 85 534
60 11 69
103 249 674
319 3 980
304 17 70
320 241 155
286 150 93
112 30 851
37 36 883
292 108 591
245 164 945
137 130 613
94 242 468
173 258 433
188 313 564
130 249 698
45 82 453
17 307 192
24 93 317
180 295 995
253 227 912
33 11 282
188 81 498
11 215 652
249 191 280
316 203 914
29 2 991
262 304 511
146 35 778
180 77 984
206 102 614
292 108 800
235 85 356
101 252 381
271 14 578
85 183 325
138 70 616
26 283 543
72 179 70
52 183 695
282 141 783
170 89 305
76 128 107
218 200 819
257 143 949
240 208 773
149 114 874
202 192 253
164 216 598
266 230 489
166 159 346
49 180 558
276 55 737
169 59 920
67 124 115
101 274 428
227 37 998
11 76 919
224 269 297
128 31 391
116 178 652
80 193 836
258 58 732
148 209 843
9 37 953
26 262 608
233 187 289
209 224 9
258 79 403
44 68 432
61 135 868
39 57 901
282 183 448
142 177 280
224 255 214
244 67 185
151 123 791
12 115 475
3 35 516
169 283 132
163 155 57
3 7 534
90 223 693
288 212 756
63 83 95
172 317 679
149 179 985
194 83 28
270 201 57
70 66 359
226 30 611
121 221 45
96 59 832
269 8 819
14 119 745
25 145 359
71 305 68
258 269 921
205 197 404
75 65 38
24 101 253
199 78 734
173 108 342
270 20 257
95 43 282
162 309 340
131 301 87
92 266 301
116 110 445
164 281 533
88 98 63
137 20 348
297 205 505
91 155 483
143 211 367
179 225 883
198 238 661
188 261 301
225 48 238
181 246 889
72 162 724
18 183 514
113 74 569
302 169 445
194 290 472
32 205 880
219 68 188
316 112 374
169 232 834
148 68 988
300 234 399
189 33 632
89 124 955
277 291 202
126 244 379
126 179 831
61 310 738
125 50 363
55 38 235
42 140 169
169 98 14
3 181 475
170 205 835
150 58 797
209 301 225
172 270 491
175 47 792
93 8 219
302 152 971
86 253 497
91 173 609
28 151 27
212 28 858
61 260 611
28 284 60
120 73 16
136 100 67
61 73 713
46 112 765
28 252 402
247 90 480
176 2 158
53 222 144
63 13 205
98 124 174
172 41 401
150 123 162
56 150 196
238 104 478
86 208 751
126 257 126
107 180 589
4 159 339
234 25 981
81 27 608
5 308 516
46 127 354
206 153 45
103 226 800
44 26 123
4 287 335
58 278 581
249 126 788
253 289 379
308 54 388
108 158 811
273 20 792
226 37 277
209 162 827
121 134 33
286 165 614
167 294 431
128 202 552
213 296 263
105 206 20
89 248 943
174 199 351
130 215 972
184 237 712
180 114 39
106 303 769
259 67 628
119 274 229
146 312 262
180 153 836
73 47 681
195 291 49
228 2 233
213 156 353
98 81 708
302 82 95
202 2 156
1 16 417
192 200 125
220 285 815
56 237 474
55 154 644
140 317 491
141 70 463
159 225 906
312 140 150
213 151 75
229 61 199
40 137 387
197 33 591
194 150 119
227 288 596
119 138 746
39 181 778
154 106 693
215 191 345
190 35 856
85 252 496
224 259 592
103 249 531
47 248 5
6 306 410
296 28 399
289 143 738
219 241 623
160 69 772
32 137 651
241 135 124
82 261 372
62 207 138
0 65 536
120 282 808
250 240 562
67 185 21
90 11 94
47 156 53
221 107 853
157 60 983
193 258 541
224 106 399
36 169 623
188 145 745
76 217 906
237 94 939
221 180 946
18 145 811
175 234 208
279 107 114
145 310 606
201 95 75
147 138 479
240 82 194
315 133 447
186 166 547
310 31 50
142 250 556
129 152 665
110 128 885
12 225 367
274 269 914
6 27 937
81 10 173
15 24 390
186 184 597
76 20 433
275 82 258
79 217 934
45 163 408
156 5 301
19 104 660
238 280 277
255 16 404
292 270 147
290 29 595
142 109 737
82 194 471
245 273 76
208 35 787
3 224 712
207 65 925
57 205 503
278 294 10
280 163 221
26 28 829
102 164 392
274 17 757
297 153 786
235 222 264
34 252 758
183 94 292
125 19 488
103 252 594
17 52 762
56 319 175
294 75 488
94 223 9
226 143 88
175 64 297
211 172 463
263 119 2
251 44 479
73 305 417
58 151 112
302 38 691
102 87 123
146 47 533
224 91 362
64 113 354
320 183 998
68 282 465
63 47 967
292 241 392
82 248 419
259 12 445
107 144 48
71 132 33
144 91 704
54 305 410
127 39 944
168 32 294
224 175 867
165 290 35
153 113 37
274 311 600
255 207 809
243 85 813
215 59 990
182 93 259
188 113 498
237 121 672
115 234 36
89 62 794
214 184 126
137 215 30
196 282 452
314 296 720
268 255 421
23 73 510
212 301 752
52 275 200
230 250 553
207 105 751
214 275 868
157 121 48
232 134 283
162 44 982
62 200 370
100 249 106
251 47 326
216 103 467
25 22 744
19 169 623
76 108 287
136 146 287
110 184 245
47 140 598
144 107 217
20 234 490
238 2 239
56 164 967
68 17 121
0 162 845
152 108 387
162 282 627
82 129 932
307 235 223
42 252 481
176 30 316
117 5 772
114 166 240
306 64 616
116 51 828
214 272 441
70 236 9
234 268 462
309 115 10
72 191 437
77 245 858
51 186 782
212 19 153
165 212 411
134 234 214
27 285 352
137 71 402
59 317 487
101 141 812
139 12 264
169 264 563
166 224 372
70 269 423
188 268 29
99 177 799
148 287 524
97 103 886
145 99 679
256 4 159
178 45 660
266 233 912
129 12 789
210 124 766
70 223 254
267 20 218
48 266 452
190 71 171
135 230 566
258 26 830
229 304 358
162 244 605
69 2 86
193 99 1000
269 158 38
211 111 308
20 267 756
60 28 134
77 171 173
54 318 735
162 74 593
89 314 756
214 236 370
250 189 570
300 6 782
266 38 430
214 84 645
281 279 468
65 265 797
101 166 601
109 84 404
113 150 621
160 260 881
54 225 131
63 119 319
221 181 917
40 73 552
295 36 282
73 121 267
21 248 141
311 308 342
38 131 732
127 181 825
136 227 699
291 213 881
211 25 530
298 174 60
280 197 863
200 186 839
312 124 57
291 294 137
52 138 444
215 43 406
280 41 600
67 221 650
198 311 110
290 154 784
236 125 378
71 139 740
306 209 118
314 123 552
305 160 626
93 156 766
313 199 529
154 248 84
220 192 292
137 320 481
185 74 255
279 124 315
111 309 921
56 195 90
275 171 895
56 294 881
291 92 822
302 167 489
168 258 259
274 246 134
294 236 178
75 274 413
311 277 62
208 97 647
191 154 391
34 225 324
258 282 247
85 84 774
63 129 154
66 305 518
251 262 783
62 163 12
262 41 174
34 220 163
308 6 595
23 1 738
73 119 973
3 57 243
262 205 28
79 310 604
191 164 782
113 287 589
269 182 163
302 256 452
14 33 702
245 156 694
70 234 483
154 141 165
106 304 541
135 227 531
187 229 793
241 319 333
177 124 775
313 317 894
206 304 542
224 254 190
110 122 95
248 36 229
232 250 193
189 92 876
144 168 645
32 50 952
286 184 472
161 228 662
315 259 978
241 171 373
17 122 551
318 1 651
132 297 146
267 298 618
110 246 349
298 316 91
62 275 149
153 221 285
30 203 585
61 150 404
58 281 17
197 18 902
23 226 490
304 126 14
265 168 209
235 172 206
192 212 213
118 3 588
244 291 735
308 115 117
246 319 88
203 261 344
252 107 521
208 212 77
113 42 877
257 51 536
61 312 675
9 137 774
115 19 400
222 111 292
92 52 182
216 72 175
112 302 335
73 114 720
124 198 293
200 161 630
203 309 304
254 247 600
143 240 478
276 70 827
90 238 972
297 40 723
239 227 787
138 52 211
270 196 185
245 183 853
97 5 885
308 16 362
230 279 771
210 108 146
217 157 189
128 149 472
124 172 320
244 171 792
55 142 97
238 64 416
238 177 118
157 81 50
112 235 540
169 47 153
163 174 488
179 154 24
66 316 905
63 143 101
114 136 662
87 295 32
60 166 725
33 262 576
145 283 730
5 181 597
252 4 426
108 53 503
289 146 915
93 79 183
179 295 885
243 223 432
133 56 749
81 182 179
273 70 671
137 153 761
134 22 135
126 168 832
175 52 177
156 264 634
109 55 670
31 179 869
30 289 867
81 220 632
285 0 297
93 0 402
28 320 728
166 51 793
202 317 195
137 259 811
200 278 850
244 4 870
187 149 654
241 231 771
118 157 309
76 280 950
197 182 925
82 275 61
185 214 951
33 120 728
286 79 952
85 77 273
204 124 526
87 215 337
136 28 461
268 134 183
307 141 193
23 108 328
41 310 80
122 178 15
131 105 464
107 8 838
236 257 99
231 244 120
85 241 734
157 204 296
243 263 919
43 211 192
245 41 222
174 117 85
238 50 677
100 34 646
259 271 315
142 278 516
23 79 569
196 177 263
175 219 195
167 262 670
307 153 347
104 173 444
87 117 183
239 144 400
58 202 835
291 78 971
299 141 843
109 274 666
202 162 52
260 253 730
110 259 969
160 311 766
254 69 859
128 221 786
64 271 488
199 307 64
314 160 323
40 303 990
318 211 258
178 304 615
120 215 834
35 47 289
316 111 306
301 44 61
146 73 384
149 48 167
65 53 784
75 141 402
313 104 802
272 279 441
233 83 714
53 271 753
91 279 878
215 228 938
195 50 986
152 288 485
192 130 932
312 124 206
211 218 934
45 129 46
315 134 160
107 99 306
76 64 287
128 252 177
102 103 618
287 6 76
82 255 774
102 247 186
10 162 970
92 148 788
125 261 416
308 271 152
268 256 859
207 88 818
182 311 949
71 301 463
19 119 996
259 37 900
45 271 62
101 198 41
297 148 381
136 104 634
268 148 441
258 237 471
278 256 969
267 80 777
165 242 823
289 287 305
285 135 343
123 39 436
49 236 864
43 94 441
286 173 340
192 124 464
177 313 348
134 253 194
7 229 553
95 230 307
222 97 110
215 154 71
208 78 17
128 284 247
244 92 642
40 52 903
60 232 95
120 215 328
91 165 657
314 130 316
114 216 946
283 46 263
29 7 890
261 214 603
273 109 964
246 317 930
171 208 597
58 67 294
30 186 529
3 259 251
310 250 314
318 22 742
188 286 984
251 230 654
134 170 951
304 188 438
259 137 747
237 226 282
80 33 24
15 165 767
41 300 342
72 246 997
50 189 334
32 39 178
71 0 747
267 211 797
163 315 288
50 287 567
103 225 894
99 242 658
132 290 433
224 66 938
301 157 519
216 72 467
47 272 391
258 190 618
66 280 550
315 75 893
40 43 824
114 45 669
146 177 936
269 59 572
32 49 935
58 0 745
50 106 136
116 156 55
166 61 394
27 62 166
188 31 478
319 173 496
211 137 647
290 149 954
210 260 269
294 162 519
305 242 563
312 203 587
34 142 1
159 65 434
311 150 655
29 16 911
186 290 137
90 268 174
266 114 228
172 285 827
72 89 366
1 40 246
96 291 882
256 192 123
297 153 812
246 128 630
149 313 720
173 107 411
169 206 139
233 53 71
73 184 305
122 197 384
35 53 611
145 203 524
251 18 767
189 79 403
273 286 174
90 292 622
139 302 493
202 1 945
279 48 128
98 81 796
252 73 721
172 197 331
304 31 861
64 183 444
91 204 857
209 124 941
56 269 302
65 57 460
269 50 247
9 89 224
252 241 106
182 197 532
92 231 676
104 18 536
40 224 219
237 193 987
184 314 61
15 87 444
139 307 50
68 86 410
261 86 392
295 25 83
170 279 835
259 205 312
264 0 200
104 228 545
118 305 568
17 296 515
159 314 968
115 282 191
133 128 112
110 137 152
153 160 659
242 20 294
212 25 510
277 313 169
115 263 163
130 269 45
298 225 126
216 43 586
136 123 61
256 116 894
181 121 499
9 61 510
19 193 107
74 18 356
59 310 475
255 77 56
60 62 82
231 130 824
252 150 77
301 199 798
214 295 720
308 131 504
191 93 684
141 314 532
28 319 364
140 67 538
259 134 645
278 125 472
320 234 558
227 126 198
85 294 41
28 68 246
33 179 108
137 131 185
33 114 693
212 137 31
100 39 668
257 265 614
258 265 306
197 243 788
162 298 589
135 136 553
318 201 208
237 63 338
176 113 240
37 103 905
298 312 757
139 248 1
40 96 77
176 31 304
314 80 504
308 319 350
173 8 637
65 314 385
4 170 543
82 159 361
110 108 890
155 85 957
78 105 372
99 41 713
103 108 165
39 266 547
204 254 438
246 312 295
69 122 638
299 288 175
259 148 844
13 113 74
144 228 360
175 189 239
66 228 659
192 107 318
111 60 555
294 64 4
181 93 638
225 318 61
42 280 225
131 276 930
217 158 682
318 205 585
115 100 6
268 48 826
146 100 479
163 42 142
308 161 917
53 30 85
282 220 830
246 219 180
229 0 17
265 68 172
128 306 871
227 21 975
122 130 39
87 304 711
67 315 317
267 117 659
226 78 969
82 105 658
4 227 80
43 14 747
313 183 827
211 16 529
316 19 164
262 178 83
283 207 692
219 203 718
33 138 414
246 254 215
109 232 165
260 32 633
37 151 983
90 69 295
297 252 819
265 119 645
207 117 653
204 63 745
303 34 616
294 247 827
41 20 164
113 29 737
235 71 790
113 253 897
4 59 35
69 18 187
72 285 717
263 262 498
20 263 123
98 93 423
1 97 246
266 80 914
295 312 874
190 312 820
112 145 3
273 196 983
19 228 518
174 89 714
302 99 138
71 182 926
314 208 762
73 281 861
237 183 203
161 193 934
277 62 462
29 67 437
199 270 843
211 111 93
312 105 868
316 194 440
264 274 684
18 210 697
253 215 973
224 124 599
133 44 661
120 11 657
173 40 167
268 173 594
98 20 456
160 187 362
290 227 358
236 58 502
157 280 991
41 312 595
35 118 523
0 87 393
106 93 497
219 320 203
273 143 784
74 181 973
288 194 329
242 267 685
271 133 561
240 241 120
198 59 432
99 76 816
59 220 427
256 152 600
29 141 200
9 127 843
34 162 995
109 55 541
165 296 569
181 44 206
311 21 570
164 317 991
119 231 337
23 62 800
82 129 271
37 257 78
100 119 419
275 308 292
284 87 962
293 136 586
187 93 371
258 182 890
126 142 981
58 182 769
87 224 292
145 178 393
0 76 855
39 119 619
165 94 850
244 177 491
154 287 880
286 247 833
147 308 343
160 36 271
7 66 162
220 215 478
269 281 406
20 172 160
172 37 76
114 89 979
269 108 28
270 169 742
139 166 225
36 11 547
28 221 493
318 112 220
249 224 697
75 66 744
103 144 473
16 112 517
4 246 521
52 79 665
151 38 73
61 14 786
109 15 198
270 40 648
280 79 922
294 26 242
151 179 670
154 121 467
285 156 764
87 100 49
300 103 956
60 30 544
313 146 149
76 84 191
7 246 957
152 297 152
10 230 542
225 100 634
154 113 107
158 34 236
91 8 323
172 1 946
162 70 385
103 125 841
27 132 621
31 130 653
318 282 756
132 61 868
180 25 81
80 268 332
164 232 976
295 246 445
4 180 273
174 220 976
85 171 538
172 243 879
79 292 477
211 26 314
8 278 10
80 99 990
9 2 760
178 117 32
307 79 476
253 121 32
304 214 762
228 301 487
74 135 778
92 149 486
254 71 102
222 7 513
212 102 324
245 94 289
115 209 669
50 128 557
67 298 172
175 211 805
96 148 311
66 141 27
276 63 324
46 80 731
122 4 781
7 274 690
309 237 404
120 81 805
168 35 925
273 56 320
99 253 739
91 95 350
283 229 836
131 297 507
236 133 424
192 219 759
147 317 531
49 245 213
187 115 537
78 131 544
204 116 27
49 162 469
297 256 25
309 44 559
120 69 661
12 94 41
146 268 397
83 241 522
211 302 645
281 77 284
123 124 432
179 245 235
248 312 738
127 262 862
227 5 391
185 282 297
292 124 270
145 276 74
217 209 117
306 225 150
193 138 628
194 127 474
28 201 827
73 315 624
243 216 421
13 273 387
154 205 54
302 42 105
123 306 754
126 214 315
33 83 552
103 19 810
170 6 420
10 285 951
192 49 666
158 147 756
254 60 64
281 70 16
24 26 447
299 149 366
94 307 411
132 266 495
300 302 861
161 29 414
171 215 389
223 32 437
136 234 308
269 183 115
173 191 957
60 168 182
212 300 414
230 35 847
260 80 841
127 307 990
203 287 460
46 134 223
53 52 627
259 203 912
183 160 654
37 225 338
179 111 555
146 308 647
218 298 103
46 271 106
167 178 324
125 307 723
320 74 203
74 54 117
278 225 598
50 266 859
92 112 7
114 103 203
22 180 475
4 287 485
224 315 585
2 144 901
31 111 600
60 169 968
171 115 901
22 0 181
146 83 100
220 11 116
278 138 299
42 65 196
141 249 350
143 146 438
296 238 805
27 199 345
281 6 700
219 286 500
46 54 238
136 185 617
103 107 737
142 316 160
14 82 294
76 215 246
285 9 904
14 68 110
205 64 727
134 290 380
143 196 877
65 46 969
86 292 390
48 220 812
180 101 621
312 311 67
273 229 309
229 184 513
250 200 974
183 204 139
140 188 102
90 276 373
268 40 812
188 153 216
119 178 883
236 270 896
3 109 640
63 197 960
31 179 508
294 272 625
306 159 823
92 91 300
97 143 583
173 58 525
2 316 632
119 80 744
66 256 810
237 283 858
229 265 987
4 21 7
266 77 163
137 138 185
188 291 284
67 297 921
137 35 903
98 202 897
114 156 506
174 229 519
92 247 961
300 252 663
69 125 770
57 54 165
262 249 369
175 240 988
86 119 94
124 86 157
84 57 322
265 184 25
206 274 305
170 140 825
251 128 790
199 230 876
180 195 473
205 139 129
79 233 996
312 170 622
54 297 301
86 56 814
297 291 281
78 222 170
5 67 782
232 120 121
162 142 81
55 116 557
122 191 990
90 265 60
19 64 938
216 262 590
105 116 707
263 2 683
180 282 809
168 100 737
216 31 32
38 67 753
94 115 703
153 142 419
73 128 743
108 85 816
159 29 554
231 318 534
49 51 864
263 243 241
21 74 251
225 124 826
311 98 150
149 199 636
301 262 880
23 143 244
236 93 99
173 135 300
221 181 322
33 35 43
291 67 784
85 307 206
197 176 890
73 54 545
203 210 457
4 314 148
55 36 778
30 308 238
257 228 439
1 226 377
10 27 276
298 263 868
241 308 449
129 36 542
191 220 551
163 91 951
146 151 732
151 246 701
131 109 839
138 17 202
314 182 570
214 86 877
243 252 370
216 104 910
79 145 70
291 309 855
198 3 787
62 47 989
107 6 4
316 88 631
18 100 370
167 23 661
315 21 631
81 193 222
309 74 472
46 7 199
177 148 321
176 157 549
161 120 191
208 118 189
69 42 38
111 116 43
56 308 435
305 56 460
215 244 823
201 70 496
13 161 2
223 230 828
72 115 114
318 135 341
34 158 262
214 195 116
2 295 373
229 289 545
49 263 47
102 125 177
50 207 675
147 275 690
11 297 593
186 234 484
184 196 834
151 35 535
186 40 866
235 165 135
7 194 602
301 311 788
65 270 592
240 80 543
55 55 809
313 234 424
78 200 348
237 294 29
100 304 889
188 47 761
168 294 544
94 144 459
124 131 393
319 261 207
187 249 806
266 316 752
122 316 906
157 111 291
88 187 671
2 147 338
79 6 820
276 56 883
319 152 289
44 239 721
56 153 398
48 248 302
204 236 859
136 117 620
307 228 920
99 12 759
86 138 873
181 298 938
48 300 570
22 126 644
176 243 463
178 296 171
108 147 561
116 129 466
289 183 88
100 66 89
22 177 681
167 159 190
269 222 17
84 173 967
231 0 822
311 208 106
261 290 455
174 245 707
57 128 354
158 110 707
84 279 164
278 74 622
121 294 382
48 107 626
26 0 823
116 36 485
89 156 429
288 197 973
119 112 231
315 72 770
177 196 954
186 298 637
111 247 357
218 63 406
190 279 965
194 39 888
100 201 679
248 278 893
262 248 430
171 188 822
312 57 695
209 210 1000
146 298 829
191 32 563
175 102 193
16 67 81
122 260 198
230 275 202
284 272 852
215 173 534
306 270 461
55 166 237
226 131 17
257 26 365
196 238 718
105 279 140
49 290 237
288 318 53
63 25 581
189 208 318
22 14 443
302 274 926
39 273 951
317 28 280
172 296 426
200 109 932
227 17 169
189 268 281
68 313 677
93 273 179
257 140 989
281 165 821
205 55 484
273 132 798
73 66 3
16 55 741
190 2 622
258 279 670
244 127 768
240 55 417
87 136 166
241 226 764
60 114 981
81 67 283
286 76 707
318 215 504
221 110 516
93 46 131
55 152 521
118 56 930
209 27 686
251 318 130
255 131 266
276 44 668
292 45 819
210 236 746
206 45 876
198 228 781
307 267 683
141 228 761
229 273 901
66 232 994
23 257 328
228 88 716
111 170 732
152 15 807
203 295 946
8 125 279
41 120 174
106 203 432
210 43 664
307 319 225
57 16 878
197 133 706
171 106 800
20 103 260
162 265 775
231 111 208
46 153 275
38 90 606
121 119 239
4 54 222
55 220 960
232 305 387
171 257 24
210 311 350
50 58 83
236 151 971
38 119 958
206 44 469
184 296 334
84 1 744
126 255 592
179 15 678
58 45 120
120 163 962
102 3 955
82 278 831
6 318 415
270 103 743
251 220 557
37 167 94
119 248 196
149 264 806
95 211 600
54 101 640
13 96 48
222 19 122
247 90 708
293 229 618
178 207 230
4 68 622
136 120 566
33 97 461
108 318 465
77 278 500
170 58 57
40 100 136
27 250 114
17 41 568
20 31 569
12 223 355
42 276 626
80 124 959
264 25 245
272 216 768
72 179 898
184 38 759
88 48 552
130 259 486
272 185 500
215 199 640
125 164 292
255 167 323
295 187 215
30 303 248
292 136 967
24 54 300
14 187 53
304 204 247
171 233 42
71 41 514
25 212 173
192 143 517
169 287 622
285 223 29
104 31 99
283 134 214
183 220 543
36 48 423
65 44 571
207 256 829
263 173 476
101 69 904
96 273 78
101 181 947
205 93 97
267 242 826
168 90 113
38 250 66
138 8 107
188 122 465
116 247 204
148 279 391
319 200 788
10 60 211
11 54 70
268 318 367
96 296 327
11 267 46
84 4 511
200 279 321
9 140 776
100 241 403
245 272 988
267 148 145
198 269 350
89 273 250
231 220 580
54 222 229
282 48 67
100 132 153
37 28 301
259 76 600
312 35 1000
180 209 351
169 176 357
83 275 219
61 279 496
309 68 519
265 76 490
140 66 385
24 111 106
266 243 93
230 20 123
135 231 217
22 257 21
265 161 815
305 190 491
113 208 8
267 185 804
213 157 635
76 112 767
159 290 937
91 180 675
283 267 328
148 24 274
129 60 229
13 87 140
195 139 161
293 179 421
319 159 571
273 70 378
218 151 644
44 193 556
203 278 433
302 126 292
164 101 52
93 62 923
228 37 653
202 298 976
215 150 326
245 141 95
80 124 201
123 129 958
233 124 126
51 180 458
233 177 529
46 307 816
126 45 327
311 225 655
117 193 249
282 114 609
311 259 144
84 95 400
261 172 462
236 256 167
312 278 619
166 292 808
62 279 291
37 161 378
47 231 491
157 197 812
185 170 431
18 138 923
118 69 567
224 155 196
292 21 492
112 62 520
55 125 724
187 309 253
212 307 905
119 90 25
162 53 777
194 71 290
243 169 325
96 154 575
296 86 157
26 263 937
239 191 939
170 121 228
198 23 795
173 271 613
64 196 632
192 170 571
2 109 655
176 179 469
246 15 86
264 73 360
43 286 386
273 225 752
94 126 487
102 128 434
187 191 49
231 201 539
221 22 847
44 101 605
313 185 118
256 316 137
26 143 204
190 150 266
273 251 411
160 241 791
96 44 994
73 91 447
229 125 405
96 228 52
199 181 282
263 103 235
89 125 513
272 25 615
151 216 723
302 266 721
236 30 741
14 255 915
128 318 440
50 4 535
15 77 516
260 256 107
225 317 250
275 42 948
184 316 770
100 15 855
174 120 793
114 94 987
61 57 524
297 131 892
194 16 874
46 206 334
130 212 36
209 119 109
95 210 569
276 139 893
138 272 341
87 278 3
34 122 215
105 115 847
250 86 403
41 29 551
140 124 174
24 203 474
62 101 291
280 120 270
220 316 122
90 173 132
34 217 132
273 179 917
149 56 116
283 242 429
258 318 861
62 123 466
193 45 562
137 143 769
5 151 888
47 80 452
252 239 282
309 192 809
220 277 422
173 5 134
97 131 425
43 197 581
25 83 295
243 310 62
189 38 246
190 90 735
29 139 661
29 182 849
148 59 509
225 134 687
191 311 918
152 121 693
159 82 594
25 125 410
169 241 736
39 262 297
106 209 894
161 245 759
157 309 396
9 288 18
37 145 75
147 162 93
93 208 730
49 160 152
184 156 95
146 29 959
1 53 965
144 248 688
235 26 601
210 34 94
185 124 253
128 273 95
80 169 700
26 22 404
190 218 490
300 8 302
56 174 51
118 109 711
181 197 414
269 305 135
64 72 710
168 190 796
190 9 293
230 109 826
188 89 203
144 286 194
134 81 274
284 139 382
201 24 844
222 87 458
204 116 762
212 306 99
50 257 390
255 306 834
202 3 575
254 107 685
31 153 67
125 90 508
144 57 317
7 41 4
284 232 886
187 242 597
205 274 649
223 5 923
282 36 771
12 2 579
200 169 831
21 132 813
279 88 708
34 230 976
210 62 944
139 68 326
2 212 989
279 230 561
219 306 77
80 109 646
109 280 470
304 143 546
258 220 102
290 107 759
38 56 838
194 88 210
214 9 70
108 141 64
49 151 853
100 208 371
273 94 863
311 64 59
143 317 920
170 202 765
106 264 51
280 46 263
139 22 97
257 300 859
309 106 655
287 85 57
67 316 139
293 267 800
263 288 610
19 319 918
211 40 821
22 22 870
89 11 998
234 217 628
229 31 381
228 284 820
245 185 344
38 243 669
246 61 891
287 242 667
63 212 868
91 69 132
261 319 112
123 76 239
308 197 343
316 282 251
65 233 222
268 98 371
29 161 801
173 281 829
218 193 606
66 150 939
199 35 269
80 171 128
269 74 730
182 127 412
62 257 620
299 129 317
155 179 106
84 167 631
224 11 837
53 139 179
153 32 583
285 315 638
263 118 186
69 59 314
270 117 261
240 15 953
74 305 385
201 10 922
195 116 55
71 106 913
77 265 102
61 35 396
293 16 202
310 68 945
18 310 162
260 68 995
114 111 296
244 5 215
297 306 90
103 16 185
239 266 815
47 316 596
175 319 118
204 33 308
218 168 568
134 39 73
38 182 471
300 259 843
282 234 837
275 77 557
274 103 406
142 1 715
62 12 32
281 73 423
266 316 56
17 73 308
148 217 716
90 267 698
248 242 724
113 302 874
269 35 503
166 289 901
101 175 614
282 14 809
91 288 433
59 67 882
90 124 878
274 304 455
64 60 302
59 279 490
125 246 241
273 313 281
100 306 211
123 142 955
54 224 828
282 123 542
243 79 853
229 56 415
80 16 217
149 90 508
67 179 464
180 187 222
257 136 840
266 38 957
180 295 430
148 80 857
62 193 980
39 223 37
102 244 702
239 113 251
101 275 313
50 274 699
53 54 704
230 52 692
234 260 753
147 204 930
151 168 143
156 270 444
59 20 828
317 192 96
91 61 762
37 284 442
267 110 215
216 3 59
238 127 65
29 288 841
138 76 72
83 256 472
265 225 976
273 190 705
241 134 255
304 135 909
66 57 189
173 104 284
163 306 621
156 66 376
143 284 626
115 79 366
49 42 715
317 304 189
298 97 546
8 232 427
186 41 79
161 195 294
144 95 60
216 275 23
82 127 297
65 316 793
69 313 868
22 255 497
15 211 386
30 263 959
57 5 620
40 221 161
27 76 329
189 137 872
205 224 118
0 143 531
42 158 102
169 149 705
253 288 351
189 67 636
175 176 386
153 124 716
291 199 516
14 75 693
158 87 496
243 218 568
302 15 839
230 175 156
35 8 737
272 225 594
280 21 565
48 8 729
286 90 469
224 141 227
23 249 850
218 318 681
99 38 157
153 205 319
127 9 477
157 290 149
79 80 873
146 239 238
147 209 647
44 126 781
73 4 49
195 273 619
170 164 892
51 125 365
97 252 544
281 78 88
59 136 916
168 252 815
12 108 45
288 204 757
314 317 527
190 229 376
33 155 692
270 41 920
182 54 466
80 79 606
292 283 107
279 318 750
306 123 367
36 261 805
256 259 615
17 239 441
66 146 478
313 226 879
18 311 775
92 60 294
220 301 880
178 26 623
11 51 848
86 97 728
312 145 693
153 320 262
311 144 87
252 192 987
114 90 578
174 250 35
192 29 643
188 54 336
54 176 994
91 211 776
205 111 465
125 239 619
137 154 754
164 209 506
285 173 852
310 169 153
232 257 869
29 106 459
144 105 819
162 55 973
62 102 414
212 173 972
10 20 186
160 60 75
123 109 746
269 160 693
222 177 201
22 117 652
57 88 296
92 290 414
28 78 766
49 113 298
300 74 800
0 38 934
27 206 151
28 51 542
162 68 970
103 118 268
5 258 780
4 126 213
199 281 443
111 143 107
272 24 122
260 146 727
298 169 759
245 39 632
160 15 525
84 268 405
201 137 537
8 81 337
67 88 439
121 138 168
235 12 88
174 8 419
132 272 857
12 12 948
1 176 488
131 152 246
137 271 603
124 80 751
316 105 414
20 149 163
285 190 489
209 274 491
72 96 289
126 102 696
36 175 833
143 58 277
21 310 761
107 20 235
320 210 776
299 293 696
37 202 115
23 199 712
232 117 147
69 297 334
283 250 118
34 122 508
119 82 142
188 196 806
145 156 697
166 109 271
194 126 444
194 114 846
119 115 47
319 242 26
140 29 539
294 8 200
232 74 511
288 105 93
185 319 95
268 224 451
316 99 64
63 15 651
189 215 426
269 211 124
71 152 170
120 80 806
186 250 236
275 170 667
94 12 386
123 306 193
74 93 715
174 234 624
220 37 5
311 56 526
301 315 518
267 226 588
111 171 549
123 92 309
87 117 363
287 211 991
282 137 915
253 306 616
45 134 516
70 20 679
202 219 774
167 159 309
123 146 244
306 166 661
320 119 51
308 72 665
172 26 296
313 52 424
166 283 305
224 0 104
55 290 737
312 317 375
48 246 25
115 135 557
250 131 492
260 81 595
301 254 152
171 141 227
155 250 205
147 276 563
107 182 568
55 279 56
4 287 705
34 119 33
255 271 140
195 80 231
51 218 818
63 244 653
38 242 525
17 244 591
109 235 266
163 1 243
37 129 348
74 127 944
152 40 336
209 16 518
303 155 655
122 292 577
27 265 475
9 38 113
29 163 207
233 154 448
167 26 795
120 197 280
213 280 882
279 232 145
250 169 148
17 24 898
186 87 453
200 237 844
171 24 811
58 2 405
217 316 391
132 312 655
15 50 294
196 179 436
248 42 211
129 319 857
173 225 275
284 51 153
193 52 739
286 230 109
86 221 180
133 280 111
20 187 271
55 258 550
12 83 915
128 193 825
147 226 455
143 119 448
156 108 788
172 94 564
79 141 508
246 113 971
210 259 959
258 315 199
165 6 119
307 255 527
56 22 741
8 283 500
181 309 497
99 292 852
234 188 166
9 219 705
237 72 228
198 84 263
132 279 676
282 19 45
153 36 476
59 238 250
312 52 425
313 157 200
282 165 535
50 127 722
274 154 824
57 122 824
240 205 716
60 266 73
148 53 356
42 77 973
94 56 581
108 31 81
167 277 132
158 92 975
248 63 120
306 240 352
277 35 153
125 73 755
218 156 301
124 22 5
180 4 490
261 42 50
319 291 595
85 42 944
57 250 984
207 30 695
130 189 828
141 51 429
45 186 656
168 48 147
234 283 4
215 296 35
218 95 204
79 186 959
19 64 942
164 278 134
209 148 301
103 28 624
93 266 261
283 186 824
200 241 108
84 28 849
176 120 763
314 26 791
191 29 1000
282 23 225
293 64 928
268 131 63
168 314 872
104 109 960
125 81 228
4 197 326
198 38 635
65 54 994
173 214 730
153 251 350
25 79 767
46 27 541
312 100 603
256 318 747
298 261 240
235 214 25
174 223 860
105 222 511
185 117 209
134 41 65
83 77 523
35 69 874
314 143 427
61 169 752
192 36 265
48 108 3
13 286 641
64 119 240
306 320 102
245 35 958
147 9 637
313 291 967
316 202 398
107 197 813
6 23 791
159 163 590
315 28 517
230 209 422
101 80 167
225 225 308
275 2 955
19 160 711
46 255 349
170 194 821
100 7 80
236 20 420
163 151 584
116 37 645
89 210 707
204 27 612
166 285 811
13 244 794
214 296 633
88 65 605
150 268 587
19 313 940
258 192 290
163 101 226
271 138 837
103 166 977
219 62 630
307 95 840
76 258 68
149 186 746
86 103 159
155 271 394
112 14 833
4 205 308
168 301 301
75 77 437
69 143 555
213 32 404
81 247 13
94 78 466
192 208 845
59 138 152
307 73 985
55 133 787
162 193 448
16 75 43
145 85 40
278 67 89
27 103 112
8 227 110
121 142 544
225 223 815
273 72 893
263 156 697
197 99 781
94 51 998
58 192 41
6 73 711
133 298 576
314 218 851
158 118 765
123 222 699
164 181 422
93 293 73
223 280 49
69 94 970
111 174 572
174 236 629
155 65 560
99 2 240
45 151 911
275 104 227
249 139 787
246 150 438
122 238 413
201 156 49
232 307 144
245 216 110
92 146 754
62 140 276
11 169 161
28 269 198
21 43 810
143 217 715
260 14 745
91 31 132
204 67 9
18 111 878
106 135 391
99 178 6
111 164 126
16 124 967
305 46 529
148 132 886
77 202 306
151 210 77
311 307 535
137 214 885
96 243 222
130 205 222
5 130 184
63 283 796
259 214 832
207 119 127
76 175 274
23 20 969
90 161 486
143 213 219
272 41 959
87 102 188
102 312 877
244 5 756
32 263 357
230 272 277
300 316 841
34 86 12
46 216 216
217 219 811
3 119 169
220 183 806
77 172 232
259 173 232
158 61 332
223 270 784
238 292 532
191 210 200
10 26 317
53 43 423
118 10 639
39 292 159
197 11 984
315 262 487
34 289 764
221 102 106
12 311 162
209 173 191
92 33 737
36 7 709
320 122 54
121 71 24
9 229 304
62 136 191
208 113 383
290 164 769
150 209 490
169 120 736
80 275 622
158 35 401
144 107 350
64 261 988
51 249 890
137 170 643
195 86 234
202 141 665
115 147 933
82 282 328
102 240 527
312 135 303
2 281 35
111 250 748
265 246 380
186 271 950
92 270 208
170 32 131
20 308 909
319 50 107
22 8 861
16 126 109
302 314 322
158 147 755
85 244 696
19 231 240
228 104 709
24 307 943
90 88 843
16 110 888
90 291 900
204 111 523
75 187 672
47 28 571
98 173 270
223 297 817
266 317 710
27 289 724
122 304 185
309 266 55
262 26 216
57 134 494
55 276 913
288 299 376
40 151 189
51 304 480
271 81 158
152 184 294
295 282 657
81 256 973
102 2 778
248 106 94
219 124 441
1 309 405
73 267 918
284 295 210
122 149 695
188 88 953
64 125 223
307 306 997
192 53 602
17 138 608
228 285 257
10 107 855
83 271 683
43 143 65
205 8 600
183 293 709
96 192 63
177 15 211
247 137 147
116 16 215
110 177 98
254 224 271
114 5 554
88 8 151
113 236 991
149 301 456
318 270 969
72 285 321
254 50 986
266 140 367
189 266 575
202 136 30
311 184 196
285 123 765
227 314 603
165 178 945
33 312 79
235 75 621
150 138 159
13 251 100
280 106 222
250 273 852
238 208 483
111 209 870
143 214 99
106 165 53
282 195 191
245 69 427
76 168 805
146 15 902
52 288 973
261 102 872
155 118 354
217 51 932
197 108 211
279 18 15
38 123 282
108 241 608
257 13 159
243 249 490
262 213 714
220 20 442
206 235 79
45 39 698
181 47 48
238 11 975
314 19 909
249 13 754
7 167 268
206 63 369
234 107 50
66 222 265
129 177 799
11 146 400
20 232 690
310 316 454
70 186 603
24 236 435
222 291 375
166 237 257
252 208 890
103 17 139
201 187 597
61 23 943
27 285 664
256 94 391
294 39 125
269 176 381
116 208 828
175 311 645
157 78 264
92 34 819
188 277 305
216 267 354
23 259 342
170 296 163
96 265 36
65 284 763
240 171 710
205 15 272
119 266 555
255 24 966
310 11 59
186 186 261
284 203 844
299 80 888
130 200 552
297 101 41
177 17 987
175 78 628
275 38 202
83 309 280
31 279 553
212 279 443
149 3 370
93 119 765
319 61 770
110 239 446
12 131 996
113 287 312
207 93 138
253 99 824
250 14 794
261 68 600
19 165 640
303 81 719
284 168 227
160 260 436
237 81 619
184 7 685
92 249 114
129 92 135
99 62 820
76 185 151
197 19 110
294 137 387
194 209 704
297 185 653
76 88 222
45 136 873
251 109 136
141 133 136
30 297 235
161 46 904
251 133 67
227 38 604
33 155 598
188 287 102
248 214 66
85 188 920
12 85 945
181 88 790
166 95 173
283 23 373
112 248 284
296 118 305
174 242 845
149 223 227
25 306 865
245 275 892
233 1 302
264 62 936
0 304 582
30 63 689
223 92 770
243 106 499
289 65 978
91 32 783
93 127 526
172 276 757
243 228 581
214 258 607
188 234 834
76 247 374
136 94 395
131 73 735
95 27 312
209 227 229
37 91 484
171 246 809
317 254 767
176 16 587
261 237 88
143 259 146
71 315 721
67 318 843
7 231 651
279 131 997
144 28 866
199 285 93
293 308 561
312 218 649
129 230 878
204 282 138
267 298 535
216 198 777
247 236 578
33 264 29
4 111 176
155 110 653
151 238 149
292 214 550
52 1 995
49 284 853
34 84 771
304 174 859
319 221 476
152 42 566
27 263 101
27 91 824
210 74 316
61 81 806
59 104 389
87 247 672
195 237 195
263 294 722
30 215 545
299 51 245
304 116 747
188 277 255
7 242 19
64 259 304
55 291 296
213 262 328
251 146 412
66 230 633
42 82 73
107 247 450
296 262 639
143 282 42
222 75 497
128 21 380
67 213 142
110 45 641
165 128 211
29 73 749
283 23 450
94 119 544
224 2 714
130 35 515
270 147 582
299 230 150
56 122 889
126 195 315
221 92 109
21 71 261
307 307 166
157 158 899
282 209 885
305 5 816
200 84 392
94 56 429
106 202 914
175 269 954
266 169 622
97 99 596
67 205 207
295 85 898
298 24 657
274 193 22
51 261 443
74 15 141
18 82 556
109 188 901
5 83 364
193 205 840
89 100 261
21 176 445
105 299 103
290 72 457
200 21 343
41 241 739
230 273 95
148 98 521
72 21 988
42 9 700
152 312 564
141 120 26
282 225 519
161 62 949
174 294 161
261 253 721
266 307 154
14 97 463
179 319 385
277 146 882
192 133 771
167 33 97
134 317 319
296 291 584
171 184 216
288 238 264
75 83 547
3 319 531
74 211 379
22 52 797
218 275 448
59 198 195
209 145 240
235 50 853
81 218 58
251 63 486
131 4 921
316 308 257
40 46 280
262 109 369
139 319 109
155 126 202
132 17 260
162 233 983
92 310 853
95 265 651
176 245 724
257 189 411
204 209 87
9 43 905
271 233 991
10 68 318
269 295 606
150 146 173
171 105 678
139 124 453
294 253 943
199 31 258
308 279 499
155 54 145
76 149 451
119 255 780
275 294 963
146 147 777
300 45 219
32 132 851
193 78 286
29 74 537
109 197 569
169 255 435
70 305 614
174 276 983
114 310 273
178 268 570
312 251 151
249 220 762
227 177 889
7 209 224
13 107 988
284 59 76
138 270 759
136 96 409
294 131 916
247 277 855
33 312 688
263 207 510
271 290 516
241 0 623
254 315 791
109 63 307
31 111 510
49 168 152
21 119 602
161 308 83
71 239 933
76 155 30
182 308 290
290 149 85
148 230 137
318 118 428
228 94 84
47 298 152
30 139 772
312 302 541
104 282 475
143 116 489
73 313 667
170 149 563
223 45 110
158 283 404
285 320 626
299 268 971
265 251 556
204 97 694
15 157 610
75 123 356
47 176 818
93 30 322
12 275 598
216 207 217
157 108 686
65 105 300
226 259 482
65 90 316
300 211 890
148 18 193
94 194 802
167 97 905
45 303 427
145 181 663
215 122 562
117 276 715
106 18 510
271 27 665
166 123 465
302 216 567
147 29 187
203 234 70
97 174 130
92 185 979
221 172 838
246 97 886
283 311 621
116 68 925
163 136 243
192 242 954
177 206 422
70 144 169
267 55 142
51 240 583
140 62 39
12 235 866
76 7 768
108 221 12
126 15 783
121 208 572
319 254 141
91 184 433
89 134 879
190 179 711
272 135 444
97 172 961
132 265 966
296 57 418
94 180 83
35 4 916
197 238 857
214 1 828
289 243 592
46 114 93
222 31 677
92 243 785
273 100 920
193 48 190
37 17 701
66 14 980
178 171 820
240 250 330
25 96 396
137 75 702
124 291 48
308 173 97
104 3 566
221 171 24
319 26 261
299 162 56
104 42 152
68 159 563
76 164 452
24 51 665
150 270 888
2 171 856
4 192 796
196 295 675
300 266 101
214 57 706
41 291 979
260 13 720
96 175 316
281 274 101
129 240 517
215 237 364
168 118 981
76 59 480
19 8 440
230 273 218
304 188 948
267 152 138
227 162 162
198 36 695
201 23 94
261 290 590
144 229 143
309 48 902
224 0 851
184 224 90
161 4 154
48 266 769
77 315 110
157 102 396
175 251 78
42 215 176
181 151 159
173 266 259
202 133 123
92 84 179
17 236 614
159 71 166
205 194 327
142 87 638
127 277 538
172 53 205
76 236 731
308 160 575
197 229 815
307 25 712
80 272 667
203 95 7
137 252 272
210 211 31
81 159 636
16 35 260
61 309 249
293 120 460
170 37 482
291 236 302
283 71 203
190 60 613
47 131 151
5 22 781
151 20 603
249 95 870
281 40 272
58 81 335
307 127 99
110 20 958
122 111 667
128 131 542
149 229 359
280 212 917
138 147 98
109 32 841
135 118 384
274 184 588
148 263 903
219 271 338
308 8 942
138 46 631
243 238 816
219 181 256
22 285 640
315 298 719
315 12 956
267 119 796
134 121 30
240 281 858
239 54 644
78 296 362
296 313 461
219 113 811
173 197 600
103 69 570
156 224 739
91 190 377
24 267 281
303 198 207
17 10 830
95 238 211
34 122 343
122 312 402
265 1 746
182 319 680
240 260 847
228 101 776
64 289 33
17 2 438
207 104 467
34 184 806
69 310 792
75 234 773
169 163 296
86 47 429
15 144 551
83 224 112
234 182 670
293 314 484
230 195 175
246 69 563
200 267 306
252 48 823
72 11 300
68 219 106
34 307 3
7 117 233
233 75 272
87 274 213
182 244 951
211 145 137
14 240 982
41 97 408
189 53 849
79 236 102
253 24 173
224 273 649
153 184 67
136 123 824
208 121 437
52 13 433
175 246 311
319 146 409
286 1 282
84 260 184
318 251 586
171 297 281
80 209 926
195 5 993
46 48 684
236 160 704
272 274 373
229 186 637
120 17 229
139 154 192
129 297 384
263 165 827
211 73 152
248 56 95
107 80 491
107 212 510
265 258 950
304 242 334
32 318 807
94 97 553
193 129 288
29 96 292
67 269 205
157 140 180
47 291 202
162 157 460
205 163 749
43 275 703
193 156 677
293 13 170
99 54 654
73 95 224
167 262 421
11 202 782
54 26 661
175 198 200
187 62 606
114 46 34
128 129 710
253 215 686
182 240 401
209 149 567
167 299 270
250 294 803
200 174 235
98 90 193
45 218 466
47 276 844
169 113 762
119 153 250
312 199 888
312 174 766
116 37 662
167 43 506
288 111 741
308 171 576
36 122 329
86 177 591
222 159 770
205 320 138
127 102 100
13 227 759
118 219 897
302 101 301
220 301 32
158 131 62
288 299 746
30 150 385
27 194 552
16 150 620
55 81 311
136 176 677
305 70 837
217 14 430
201 41 67
191 172 211
171 61 604
90 5 125
45 158 514
65 27 812
132 103 698
69 89 976
290 118 295
270 98 95
38 286 19
105 261 847
279 24 854
173 309 507
162 263 966
207 286 374
151 172 204
271 210 743
226 252 579
69 75 296
171 20 17
219 196 443
133 318 576
133 33 189
257 65 42
25 236 535
137 250 772
282 111 832
63 317 284
291 273 277
166 247 792
114 313 544
12 289 419
144 134 518
124 84 569
9 144 287
259 130 364
61 271 797
55 167 694
301 70 0
95 39 563
61 226 648
148 15 214
283 12 463
3 300 611
173 308 519
45 109 777
156 302 954
56 136 335
116 309 861
64 41 361
49 228 17
302 271 916
291 233 871
68 144 437
252 257 116
318 276 163
97 306 273
158 146 193
51 236 72
179 192 609
69 55 582
277 277 316
103 233 276
89 161 660
293 250 326
48 52 320
210 123 694
44 236 534
222 289 446
124 137 709
43 216 354
170 172 846
113 252 370
18 48 339
226 249 507
288 312 58
33 203 169
142 292 871
183 110 676
83 65 161
157 119 260
189 24 314
147 308 44
274 294 696
146 232 407
303 276 550
30 313 662
220 7 795
296 40 393
143 219 622
197 172 962
243 118 849
160 307 662
199 307 826
47 58 374
201 169 387
45 103 158
196 308 208
179 179 26
173 223 980
217 298 316
286 91 552
166 122 691
55 320 431
6 16 906
204 241 967
50 78 741
130 271 479
177 28 681
20 288 604
47 198 538
318 34 925
224 31 461
126 157 855
211 202 682
90 4 144
84 191 209
231 320 262
117 67 47
60 137 742
131 127 646
40 201 499
114 22 909
192 310 668
108 211 233
82 231 307
131 312 136
113 274 450
254 307 471
299 231 558
26 78 893
201 256 327
42 242 253
205 149 35
203 1 949
67 314 575
146 13 462
121 169 0
24 156 351
43 120 226
159 44 774
161 141 738
180 186 284
273 286 883
246 253 357
199 257 855
23 30 319
126 268 660
141 52 94
116 52 298
200 212 993
91 43 544
231 302 740
171 29 479
38 185 446
81 71 572
204 146 937
35 144 153
108 1 277
263 222 871
283 23 126
171 214 293
308 88 466
171 316 823
51 204 541
135 251 668
297 185 954
158 301 213
100 112 386
14 251 867
5 231 944
167 135 655
249 200 216
234 32 447
131 44 52
240 297 232
12 98 961
69 88 159
145 173 818
196 313 366
207 274 811
182 249 199
106 100 959
21 240 766
308 154 486
252 154 555
315 122 760
77 49 446
239 270 151
169 250 892
136 208 259
293 195 218
313 99 693
128 173 893
222 245 225
236 211 958
167 312 185
272 228 994
169 30 322
108 80 998
93 50 271
44 67 637
116 1 522
101 31 26
302 117 934
265 175 954
115 162 369
150 48 17
213 54 21
59 214 792
154 132 824
28 228 530
150 318 899
225 75 605
197 180 87
55 308 618
312 186 705
286 129 962
305 220 361
255 232 995
250 121 108
157 267 197
267 257 174
283 133 276
20 212 282
131 114 197
97 21 138
95 251 469
43 266 734
47 44 164
20 40 272
49 264 802
169 128 172
71 194 108
173 40 554
160 21 165
78 46 121
269 49 706
13 312 847
65 316 304
149 226 375
180 69 807
129 177 953
173 52 805
47 251 725
54 31 611
187 107 279
294 43 87
58 303 650
85 100 383
75 131 93
170 247 768
94 5 806
157 18 766
261 201 106
275 299 409
296 285 183
13 129 632
7 139 167
0 35 736
39 94 971
21 128 110
238 173 160
123 110 886
71 227 216
162 92 125
235 275 257
4 282 103
168 150 92
61 191 93
48 268 938
275 199 826
271 268 272
49 49 306
218 274 370
211 6 723
286 21 59
44 250 760
199 105 857
118 42 711
7 85 952
90 176 804
200 34 716
146 252 489
96 20 454
177 94 712
262 69 204
209 66 241
1 138 956
267 128 445
215 12 956
311 129 37
276 293 894
126 209 792
99 189 362
58 247 945
283 6 738
87 272 506
112 125 128
52 201 757
245 216 881
293 65 10
244 112 794
62 69 961
311 34 857
284 132 415
178 138 542
39 34 489
17 257 858
37 299 989
254 195 763
82 299 139
18 157 345
208 110 220
142 281 76
104 77 451
214 55 199
59 273 604
117 310 135
58 47 784
317 308 26
268 46 539
126 268 535
223 37 996
268 75 349
42 46 951
188 212 825
307 39 476
312 87 859
172 176 261
218 237 931
151 180 176
46 242 739
18 10 719
141 242 284
255 65 797
250 317 233
317 227 670
271 245 868
281 185 240
236 55 981
264 304 927
225 236 321
87 131 139
62 293 98
169 126 160
44 93 898
180 231 26
210 46 125
8 291 632
305 318 98
88 289 540
112 25 988
130 262 203
164 206 144
272 75 213
215 67 98
246 298 34
99 57 845
170 182 599
123 31 193
241 0 255
286 307 815
303 288 964
144 44 953
299 106 500
114 60 551
15 226 192
44 108 675
105 145 196
157 135 240
73 129 759
269 82 944
98 19 48
171 245 596
72 269 456
135 232 620
301 244 793
18 298 921
292 87 373
1 283 575
268 207 139
248 56 479
92 217 394
171 225 253
209 159 655
136 122 605
296 255 553
219 233 613
239 167 436
70 173 623
205 182 470
102 186 905
68 299 423
280 151 612
215 124 811
295 71 313
20 186 180
287 194 304
236 158 131
49 231 606
312 194 519
316 94 83
128 288 429
152 60 768
169 284 112
68 57 503
48 44 803
190 156 898
216 58 831
132 89 75
75 244 932
286 30 476
171 314 34
169 144 764
227 60 332
300 209 826
283 242 205
307 164 104
30 292 695
162 241 858
319 98 888
28 11 372
34 118 531
8 256 792
37 76 397
187 136 632
166 221 544
207 319 784
164 210 654
55 57 318
17 182 364
222 4 804
78 301 793
37 10 639
31 173 34
166 67 358
10 315 962
10 139 233
319 172 567
188 126 880
292 201 28
69 153 614
227 102 483
14 69 647
213 147 30
213 275 18
260 109 794
171 111 434
136 96 972
203 318 181
303 202 232
233 1 396
135 267 32
17 252 458
151 90 959
66 213 998
124 131 202
304 137 331
216 76 568
283 186 526
258 178 210
213 133 90
5 114 290
173 313 16
48 236 64
67 146 265
65 146 226
129 4 350
232 112 758
317 228 692
133 16 96
259 196 226
8 155 129
216 37 669
238 51 624
71 307 992
24 40 807
1 83 671
243 42 44
230 207 89
274 185 856
50 9 75
115 102 864
132 139 15
200 99 549
261 110 766
2 28 12
296 34 55
2 10 839
244 274 376
174 113 299
317 103 184
167 317 351
309 109 306
107 159 656
307 20 133
273 124 856
45 220 763
20 172 164
297 116 128
98 182 883
45 146 443
240 5 295
144 43 304
251 116 864
183 22 478
42 80 81
35 211 333
103 43 337
169 259 837
73 20 294
255 150 41
234 112 523
118 163 131
0 274 26
89 113 30
158 293 99
8 299 836
79 281 594
95 177 376
245 219 498
139 63 646
306 36 344
263 199 391
275 308 109
244 51 198
131 208 344
43 10 539
263 251 297
149 203 387
45 143 972
171 31 313
76 204 416
154 213 859
46 224 470
34 130 869
216 274 331
302 153 752
286 99 380
167 70 858
139 129 214
72 243 793
309 111 289
270 30 254
261 78 796
14 56 692
56 81 260
42 40 835
262 40 135
129 101 810
288 208 879
148 94 300
94 158 247
297 244 504
170 56 682
306 84 525
188 236 941
71 112 956
258 135 628
254 109 545
298 47 803
75 173 780
103 170 569
130 186 16
298 140 34
192 266 428
280 2 779
56 144 321
101 247 244
57 174 823
287 114 849
114 54 774
152 121 689
76 33 93
22 80 125
240 46 483
153 40 174
228 276 622
57 80 29
76 274 873
280 131 669
167 235 52
178 162 675
162 217 694
310 166 960
231 22 54
127 309 865
21 144 460
81 125 283
35 177 135
258 12 462
137 210 168
304 268 282
191 109 339
259 260 487
246 121 984
255 275 300
107 272 564
110 195 63
88 268 986
7 39 445
102 30 744
52 122 986
238 88 44
280 94 963
55 19 371
295 275 655
50 70 403
56 274 792
209 280 38
294 108 169
67 157 647
125 120 821
113 210 677
39 142 222
97 152 447
215 192 687
36 315 931
50 128 115
135 3 270
229 24 492
273 286 736
299 144 463
52 115 577
212 272 159
30 19 321
144 29 123
235 125 915
113 13 244
112 255 135
181 139 873
319 147 723
71 259 707
269 100 45
134 165 939
11 141 407
128 260 31
147 25 17
57 277 517
178 257 571
282 82 367
181 275 466
169 152 665
201 269 401
29 118 749
20 120 756
95 303 883
194 272 193
210 19 965
100 190 424
261 288 408
97 225 790
71 132 421
84 216 1
146 290 363
126 252 140
181 301 799
175 50 985
31 80 757
195 15 781
250 51 978
84 236 112
217 152 406
144 305 617
303 200 6
89 151 103
162 8 990
265 228 455
147 123 562
1 112 103
11 189 729
75 187 147
16 41 632
21 76 425
159 176 877
58 37 651
262 225 905
160 63 553
202 214 151
261 15 200
151 234 297
263 298 203
102 84 986
51 255 83
182 32 473
262 305 172
312 287 883
317 116 529
307 57 383
34 88 892
30 107 309
124 41 328
261 31 984
122 99 721
134 304 892
220 288 374
148 232 670
99 157 859
304 311 854
216 56 586
124 76 451
319 146 762
16 28 457
130 140 100
181 166 187
316 61 903
199 203 653
138 143 491
53 28 923
245 177 719
51 84 305
291 43 257
148 132 777
211 94 798
82 45 79
229 95 605
18 274 517
103 91 911
131 286 421
107 235 530
24 70 876
176 292 499
274 151 454
299 201 670
35 123 770
47 74 589
221 204 571
255 7 319
99 123 784
11 293 454
123 235 788
261 19 741
174 186 849
21 172 825
70 137 311
111 160 938
283 31 727
58 291 329
29 10 711
28 35 474
320 28 734
93 275 922
151 190 843
108 306 201
292 317 298
190 71 71
79 123 301
148 85 370
148 122 548
104 309 335
200 169 10
306 220 861
160 161 779
60 23 316
4 39 150
52 194 634
141 197 314
120 9 738
261 41 155
15 82 374
301 234 834
233 285 273
79 105 78
66 181 846
118 186 336
173 66 798
210 213 622
208 294 264
43 23 940
273 253 204
160 71 791
86 150 882
11 240 976
136 131 611
198 317 248
80 102 311
111 68 196
82 182 680
131 304 396
142 15 229
58 147 473
59 11 8
129 317 281
70 262 951
28 203 309
55 287 514
184 76 766
183 219 144
265 157 240
243 119 373
181 16 262
67 154 72
45 295 460
13 316 513
93 144 919
274 250 452
118 306 97
116 73 1000
43 166 242
286 81 200
116 49 544
217 91 625
216 66 138
169 84 126
196 234 54
78 221 632
230 92 597
124 258 890
19 165 878
72 296 686
74 59 605
315 300 212
185 291 211
239 21 58
287 161 167
132 216 749
25 263 781
69 296 593
223 189 890
35 239 920
92 61 885
163 151 611
188 233 549
50 290 457
203 306 866
232 82 788
136 193 21
185 148 603
159 78 221
66 184 563
226 158 439
273 241 384
244 305 839
95 53 286
222 204 91
174 53 928
68 299 224
271 43 226
17 279 462
77 72 168
206 221 231
167 248 897
40 80 347
69 100 834
228 17 658
302 2 427
287 307 526
184 245 253
127 74 983
197 56 222
150 203 484
309 102 323
49 38 125
100 154 221
29 163 251
261 1 377
42 210 58
146 132 620
83 109 587
169 289 842
315 11 198
254 36 374
92 181 954
210 251 647
130 67 80
162 157 467
225 15 750
264 228 841
293 97 631
212 204 889
283 67 396
166 18 268
46 266 690
303 9 917
114 13 483
295 280 758
31 295 973
226 209 826
149 301 612
85 25 626
298 10 799
13 91 776
130 159 682
307 12 403
92 80 171
226 100 676
242 226 397
147 5 757
277 163 218
234 188 969
64 48 150
234 21 615
15 131 693
206 129 900
257 55 269
281 198 796
247 187 468
185 288 502
237 49 33
151 142 778
317 48 726
168 235 460
92 155 513
232 112 720
179 312 584
205 302 937
108 229 288
186 313 303
297 254 357
243 125 664
316 231 323
154 57 799
39 106 659
33 38 789
247 10 863
319 72 70
112 225 51
262 89 34
59 190 574
165 219 138
280 100 569
27 262 409
29 246 724
149 98 816
126 42 737
64 159 250
165 151 91
194 270 717
228 215 419
114 197 483
301 9 795
28 72 636
91 239 775
271 315 196
67 97 594
171 204 918
60 317 67
134 294 860
42 202 492
211 199 414
207 184 54
129 142 934
42 195 33
4 85 754
51 284 447
119 107 46
58 33 47
255 118 819
12 183 796
44 247 472
179 195 812
139 280 284
97 261 914
168 176 284
15 14 909
1 239 622
187 128 794
289 104 725
72 164 919
134 297 53
91 311 320
132 275 239
173 221 264
224 62 541
151 286 1000
218 115 837
10 83 200
207 226 543
197 59 141
39 51 840
116 300 357
107 185 377
196 205 781
204 233 552
318 295 791
238 48 854
40 282 679
145 56 665
235 12 555
85 293 729
57 127 726
190 180 476
100 313 829
211 95 702
152 26 818
101 88 304
85 60 863
177 127 235
270 71 862
287 253 655
102 154 320
285 223 182
80 269 908
8 242 672
315 12 717
112 256 840
42 82 537
107 58 120
215 137 726
105 169 660
215 305 445
196 221 346
244 288 597
174 120 737
319 140 943
178 276 75
6 85 214
317 239 209
137 2 315
276 261 227
107 192 735
131 145 675
80 91 79
127 22 84
185 139 797
190 1 246
161 275 978
310 44 664
111 307 456
2 184 929
276 179 235
176 103 108
307 206 639
320 278 646
264 0 932
182 9 710
115 82 854
235 65 241
98 121 714
301 216 566
2 157 101
232 104 518
149 276 167
224 95 496
93 103 39
303 295 109
179 97 559
248 25 882
140 126 643
210 282 545
68 124 614
287 302 773
287 72 856
63 285 727
141 91 668
228 126 738
184 219 918
138 41 545
274 243 308
192 48 445
205 319 464
255 189 842
59 89 336
90 48 873
147 11 838
144 66 513
154 170 598
236 171 813
70 317 180
48 102 55
118 250 990
82 303 734
107 260 352
193 23 637
115 290 611
320 243 914
86 1 457
267 163 595
45 28 867
195 6 612
290 3 779
250 295 867
37 13 221
230 98 750
136 122 998
152 223 681
12 117 855
166 163 285
188 75 731
71 245 450
110 41 776
158 175 96
297 147 350
318 16 624
124 261 781
234 19 557
220 81 974
213 50 42
234 238 958
162 46 422
2 220 283
164 158 969
21 107 923
114 118 31
244 21 234
123 92 266
255 82 214
141 190 357
65 7 929
34 177 730
63 123 697
4 177 795
312 158 698
26 217 637
225 84 337
130 201 330
307 108 720
87 262 324
287 99 779
202 318 110
57 23 42
236 270 255
103 249 157
9 286 25
207 165 17
218 96 876
147 294 41
199 112 129
17 197 805
279 298 394
244 56 542
88 318 971
39 218 195
162 225 859
200 264 537
176 51 835
7 140 841
62 89 240
212 286 413
146 88 722
80 119 433
4 115 567
300 0 269
204 282 939
96 94 55
319 224 895
40 75 63
231 201 974
169 29 668
190 164 158
297 241 228
202 28 962
32 45 863
260 318 836
52 124 156
297 223 370
148 126 758
238 55 92
17 232 888
66 31 384
81 156 245
111 307 496
74 296 706
211 5 380
56 305 418
193 319 52
108 219 636
94 32 715
207 240 470
88 308 642
236 7 413
174 287 406
268 217 565
35 185 114
320 123 304
117 199 76
81 140 391
112 59 70
313 46 257
46 140 156
104 297 600
130 249 993
70 136 859
308 82 450
283 26 204
119 44 660
310 298 561
32 48 429
157 10 824
185 247 973
261 26 487
249 122 343
53 104 860
271 213 609
34 48 197
42 315 446
31 313 485
7 92 382
298 147 420
302 72 213
221 313 936
117 249 883
121 211 181
17 148 958
251 130 374
156 108 70
275 217 564
153 197 95
251 222 266
250 80 901
129 62 276
53 297 954
52 148 797
267 259 472
209 283 769
314 84 560
218 32 492
140 281 387
9 292 272
41 178 348
186 147 378
150 184 119
203 165 284
180 171 472
96 147 787
100 183 975
244 313 663
17 96 829
229 286 524
271 221 752
152 101 386
185 269 38
95 267 640
226 255 666
286 106 549
277 255 344
59 277 463
283 154 118
193 123 552
318 31 585
67 262 850
40 95 496
24 207 581
46 294 279
284 164 624
160 231 583
57 167 343
116 118 168
15 78 480
22 227 491
243 133 362
110 230 856
61 127 537
1 232 195
317 115 522
181 124 277
70 40 136
261 107 742
246 179 655
287 36 171
208 40 618
282 161 506
176 185 566
306 283 285
251 181 276
119 194 918
133 190 380
100 131 131
309 318 170
107 135 292
294 79 557
57 47 821
175 302 502
157 154 787
263 218 523
311 262 425
14 307 402
193 99 977
41 89 285
66 24 232
220 315 881
65 28 300
151 305 448
145 252 590
167 244 631
302 306 17
142 32 948
22 253 684
48 19 695
246 22 661
198 156 22
53 290 956
231 48 372
2 55 403
151 240 734
14 232 48
157 279 555
14 163 415
201 222 310
113 229 519
78 232 858
240 122 733
212 219 852
42 147 122
189 289 149
164 295 928
282 303 935
119 17 981
214 233 817
175 180 601
88 103 254
122 214 456
174 170 875
162 224 966
89 63 767
224 13 882
70 71 617
18 224 233
261 320 844
90 284 561
129 200 477
289 101 2
162 293 371
108 75 105
212 63 380
164 238 157
158 263 320
43 217 912
188 158 60
317 210 242
4 21 131
95 184 549
132 314 637
306 133 586
51 255 384
226 136 318
156 116 25
81 74 555
275 125 395
261 262 295
264 40 733
261 34 322
146 208 223
14 276 840
203 154 18
71 19 431
90 314 698
60 168 540
102 16 114
119 146 171
156 62 832
258 297 300
258 196 617
37 169 680
103 169 641
227 219 848
273 307 752
157 254 437
129 112 699
263 308 324
311 157 877
257 135 841
177 285 173
43 255 424
282 101 749
215 115 629
234 300 240
54 137 643
277 239 451
16 86 574
47 33 625
225 313 146
224 226 66
94 178 400
259 16 73
100 71 71
307 290 913
166 145 380
37 294 141
15 128 84
210 24 48
3 314 45
255 2 427
251 112 669
82 23 788
94 288 504
236 79 612
60 138 689
140 12 52
69 141 816
57 157 111
123 171 533
102 151 656
178 304 288
78 179 648
102 12 971
220 40 26
234 140 512
167 236 879
310 256 192
278 156 217
188 14 158
229 69 207
269 100 912
225 188 820
274 244 730
69 272 240
248 36 980
286 63 354
132 43 671
228 1 509
20 23 224
117 187 83
203 43 731
102 315 625
129 295 837
76 181 489
63 306 125
8 320 902
105 278 942
229 112 571
300 4 944
305 141 143
127 257 894
65 119 143
107 95 529
201 100 240
121 224 914
210 49 557
31 20 518
114 60 645
275 219 464
211 42 30
124 87 612
239 34 209
213 168 532
167 266 98
207 233 925
260 149 861
85 291 70
149 315 845
100 97 480
119 276 44
131 314 498
279 128 739
242 287 354
81 217 536
184 148 832
44 266 381
307 80 557
100 165 449
186 243 734
141 277 21
105 82 331
164 312 342
126 270 722
239 201 124
220 130 891
145 171 403
104 240 459
156 79 204
263 91 427
285 316 647
164 150 87
164 199 408
309 52 59
45 35 872
247 163 267
105 46 464
319 168 214
251 47 361
304 316 742
91 134 525
235 163 91
63 13 626
205 293 951
308 130 80
252 74 987
170 35 518
290 120 979
241 70 455
13 153 534
103 42 192
158 23 609
100 282 323
43 160 197
98 152 454
275 42 340
82 233 860
240 286 383
16 215 605
46 104 301
179 16 778
52 115 97
120 85 845
9 136 491
291 92 513
205 194 427
227 98 128
90 233 801
28 166 338
52 182 325
35 180 289
166 17 568
73 146 668
53 237 121
5 115 474
18 257 520
219 255 271
23 271 879
24 275 391
13 18 91
86 48 84
140 264 734
58 108 601
37 144 951
160 155 99
212 149 50
25 121 148
16 260 447
82 143 593
286 67 220
116 196 408
176 117 242
181 204 466
304 236 264
80 291 9
253 37 88
49 129 169
184 227 101
120 171 369
53 50 551
243 167 537
4 233 533
247 150 747
235 244 820
238 155 239
164 19 941
76 46 283
67 25 127
272 145 915
94 148 631
142 148 250
72 275 620
36 315 474
177 47 9
162 85 174
246 225 530
289 287 51
154 146 401
245 269 359
41 73 651
236 167 848
7 81 571
88 182 891
302 128 189
206 82 204
258 94 549
145 144 817
238 29 568
87 250 744
261 155 966
306 36 151
180 34 227
188 135 935
226 171 154
114 253 49
99 240 6
45 59 290
41 228 370
288 258 5
133 59 818
220 99 88
175 143 624
220 88 912
200 17 646
283 74 397
91 42 931
304 250 753
259 218 82
135 290 217
76 249 435
181 88 475
23 175 501
23 50 69
53 176 813
133 136 836
90 157 739
278 14 385
36 165 889
216 289 283
295 0 196
80 217 29
128 63 51
80 312 331
217 122 127
114 266 851
42 29 83
45 86 371
14 237 815
217 53 717
193 302 197
125 249 699
9 57 6
194 139 542
151 61 138
270 186 649
58 259 273
307 306 721
271 205 659
238 93 626
96 238 144
97 102 187
320 278 465
312 111 823
140 292 631
249 2 545
87 288 781
98 275 829
80 210 370
170 105 261
8 232 498
173 160 163
130 141 976
74 207 789
174 226 528
18 253 581
86 277 854
92 244 823
32 260 718
296 299 753
32 101 873
203 305 614
10 275 936
77 3 392
96 13 523
107 154 450
282 18 158
60 138 453
242 284 479
143 194 210
123 122 112
265 257 183
61 7 961
236 105 470
139 129 491
285 184 632
278 316 345
6 129 538
211 99 814
147 12 509
121 176 1000
41 122 336
318 136 540
20 86 628
159 80 598
160 11 381
45 253 488
216 39 276
274 62 944
70 101 647
22 42 623
192 186 277
293 7 14
132 214 949
13 105 566
8 241 873
214 193 486
127 289 608
302 290 464
287 163 503
99 77 542
176 123 667
245 214 193
214 65 277
71 112 892
68 34 446
190 281 575
54 258 214
35 238 220
7 84 510
74 246 488
303 165 362
18 74 429
79 51 107
125 265 892
49 28 907
81 165 601
247 88 69
261 200 175
313 177 591
263 12 37
33 219 282
304 139 980
294 291 158
46 217 322
158 62 351
54 116 751
108 191 633
110 161 891
216 100 535
49 315 106
73 245 539
131 32 974
96 30 146
318 129 138
106 312 533
122 223 82
126 185 127
2 56 49
221 124 655
184 35 469
201 284 313
151 171 584
5 46 615
250 170 376
200 189 34
293 143 905
122 234 856
61 58 923
294 247 897
259 141 580
312 72 207
191 200 578
177 47 596
79 272 260
167 286 266
12 246 14
226 88 792
11 219 14
74 272 778
279 299 762
73 320 264
200 280 51
243 227 496
149 147 651
90 145 32
279 307 298
289 36 793
234 37 698
247 246 518
238 38 800
30 26 953
148 300 643
204 123 14
215 263 962
17 129 675
312 219 7
154 199 75
147 220 654
147 62 651
187 31 549
266 60 186
172 109 690
85 122 729
79 226 205
203 81 469
75 115 592
108 211 333
150 137 167
287 201 727
31 83 94
97 195 249
109 65 657
310 296 953
247 30 456
74 283 647
245 133 407
241 60 287
116 269 175
217 152 694
60 205 661
58 103 776
168 153 815
300 164 116
48 218 653
63 44 452
281 2 688
28 73 973
136 227 928
52 272 125
276 284 444
133 78 614
288 92 84
198 296 89
233 249 942
145 48 849
177 160 272
278 204 859
289 168 714
107 261 675
299 91 537
244 1 145
316 7 482
173 255 82
117 151 597
216 252 313
234 252 934
252 269 824
171 9 757
277 151 532
212 137 239
206 254 843
313 246 76
107 63 966
0 23 990
95 100 454
283 239 819
216 240 640
43 308 618
144 300 404
274 78 515
226 197 241
157 153 26
210 97 825
225 217 363
136 75 223
82 34 115
185 315 113
285 291 613
213 101 409
28 20 999
9 262 825
18 297 244
90 112 745
41 117 886
299 275 222
164 129 366
189 95 1
98 115 449
267 73 958
234 178 990
162 117 711
231 286 981
248 146 356
270 320 626
17 88 744
74 208 968
179 78 334
226 268 781
247 288 275
290 95 799
172 255 574
243 81 992
275 157 592
177 153 457
137 244 974
193 246 861
130 223 16
100 103 194
35 214 776
250 218 514
306 30 767
305 126 595
132 123 331
197 68 396
100 124 97
272 54 585
26 23 15
37 18 396
2 46 654
45 20 140
280 266 266
62 214 587
311 180 654
8 100 369
111 173 603
174 311 999
6 276 293
236 178 473
3 12 516
1 12 422
274 309 222
182 266 626
134 115 28
316 167 598
129 76 290
151 149 183
58 12 520
214 243 825
164 171 671
209 126 582
9 260 761
44 306 919
198 299 819
220 293 882
198 147 76
250 163 655
173 52 614
23 217 477
138 98 686
271 268 822
277 44 70
13 87 584
110 286 66
319 291 214
1 7 59
127 184 174
34 302 386
151 156 307
122 47 260
39 10 600
159 33 158
180 128 695
116 87 514
219 235 150
21 3 220
273 285 411
18 293 259
4 185 501
224 26 933
131 97 593
200 298 263
48 311 12
278 179 121
53 171 520
179 198 25
55 169 706
132 265 450
2 109 821
227 31 538
240 293 383
69 17 830
221 51 446
248 227 726
6 268 170
121 6 545
22 174 359
261 31 785
262 70 63
118 162 927
95 151 367
79 302 46
216 79 726
240 20 908
2 118 130
224 146 346
54 63 626
185 198 639
227 171 116
104 186 264
277 303 62
210 225 519
278 290 848
316 315 170
95 303 538
205 209 972
63 320 635
76 165 39
318 219 266
274 270 132
184 76 687
126 73 487
35 13 181
188 55 484
217 186 310
229 264 994
58 312 120
292 294 105
216 202 583
72 308 396
213 132 496
235 152 180
145 270 87
238 30 472
198 242 700
202 276 129
146 175 694
161 87 481
168 318 248
225 13 927
252 2 998
174 6 755
181 183 317
262 184 219
298 141 714
173 278 557
134 264 668
155 193 914
64 245 411
205 80 97
230 50 452
281 62 124
7 233 182
76 11 23
205 131 525
97 285 270
127 220 300
146 83 619
266 69 25
64 132 879
242 67 325
107 260 467
144 228 88
236 75 55
248 311 325
238 161 819
98 193 303
91 306 207
230 37 575
73 189 609
91 203 876
197 183 829
115 290 82
316 121 703
101 245 838
320 211 225
137 73 979
210 296 600
110 255 42
55 266 102
179 97 9
108 32 320
254 117 766
237 311 313
69 217 524
260 265 15
187 106 773
302 10 156
318 274 16
231 53 595
205 171 323
256 278 412
198 91 454
299 99 165
278 125 661
154 3 627
64 276 425
124 293 55
129 52 239
202 178 884
8 282 147
277 88 528
22 135 130
118 174 169
246 29 414
186 22 571
199 6 126
243 271 631
268 180 732
163 64 204
132 51 36
104 302 656
188 254 440
226 305 682
116 233 237
233 40 92
142 280 214
159 99 984
292 5 706
184 48 37
319 168 531
166 132 927
213 312 720
287 233 627
19 76 784
102 269 11
264 27 707
305 259 76
316 34 483
288 297 232
112 7 717
265 100 695
52 212 17
158 147 266
69 78 861
69 117 342
76 83 513
53 246 921
264 213 878
261 161 839
218 84 390
134 78 341
71 237 938
71 287 432
259 74 979
60 219 663
121 161 972
94 176 61
39 109 391
102 167 988
318 170 326
231 143 151
171 249 948
15 40 665
157 256 768
90 162 331
284 185 940
173 205 691
163 22 538
279 54 670
240 219 540
282 32 570
318 69 391
205 311 474
281 32 178
293 17 120
87 1 406
244 66 821
116 25 277
6 180 247
224 181 465
47 275 713
89 209 76
39 5 831
267 168 427
247 52 29
242 51 531
192 49 8
87 149 578
195 205 800
249 5 445
84 50 813
3 45 523
153 1 122
7 56 200
106 305 467
235 190 821
54 310 161
82 79 910
96 187 858
71 176 310
150 98 768
281 270 669
72 76 445
283 166 913
211 244 637
182 285 85
175 236 687
292 27 703
269 300 329
122 65 209
254 110 149
170 96 206
153 216 466
74 255 87
267 287 240
71 171 170
196 54 694
291 210 848
11 224 94
84 285 564
7 194 869
245 290 234
69 200 997
231 80 144
134 103 90
245 215 141
25 154 127
189 82 646
73 129 194
170 22 198
308 205 969
35 82 763
127 166 949
192 234 132
288 34 275
313 302 228
40 115 830
154 126 51
297 17 322
226 178 535
53 298 127
94 148 762
221 17 442
305 145 356
298 185 984
227 67 4
202 140 575
159 293 613
314 252 955
14 312 501
295 208 628
162 69 872
186 114 116
300 231 530
212 234 761
180 246 181
105 141 932
51 296 647
16 215 429
273 118 565
211 11 402
284 84 990
304 271 278
127 225 176
230 84 57
206 24 628
114 130 106
228 109 473
32 174 629
304 45 163
241 302 755
28 46 45
90 263 640
106 38 876
247 99 193
41 18 775
47 246 759
163 42 13
135 187 34
135 232 348
39 152 844
49 61 525
67 24 125
277 170 475
273 237 230
244 242 432
232 154 728
240 18 229
268 214 626
290 137 701
229 234 117
235 273 847
46 11 751
233 61 353
173 247 865
142 313 990
130 76 172
92 175 610
304 101 501
70 163 99
83 67 816
99 82 758
224 313 5
272 89 402
280 19 654
239 279 970
79 109 507
119 144 900
158 22 154
40 210 788
183 190 275
138 231 968
220 161 759
132 45 24
206 5 380
105 311 72
32 202 986
238 216 984
240 124 89
152 270 997
66 35 791
293 95 894
286 122 385
144 105 167
34 239 909
186 288 168
230 1 804
114 213 132
20 32 640
24 11 172
126 137 327
212 292 708
117 246 778
218 130 480
109 154 213
259 315 600
109 316 244
197 5 1000
46 83 35
164 214 304
198 259 343
113 2 754
126 68 998
224 305 281
303 181 50
61 95 521
107 215 966
33 221 772
26 137 794
26 192 909
117 162 740
46 65 988
139 172 187
267 251 769
34 41 885
176 132 957
151 279 619
271 14 682
148 133 202
152 66 628
306 23 316
136 205 542
199 57 520
114 136 916
86 216 374
230 94 288
267 42 885
75 227 415
109 255 637
107 53 49
141 127 864
141 54 567
84 185 18
282 44 858
77 109 780
196 16 917
41 67 198
1 105 63
237 285 997
240 210 290
5 149 523
71 228 679
228 92 543
274 125 806
319 70 756
293 94 662
150 241 146
0 161 643
63 281 190
317 229 664
125 79 254
258 297 521
142 190 867
267 6 363
41 185 691
116 52 937
305 183 533
158 9 751
61 317 946
27 1 632
194 242 901
211 137 873
197 0 871
128 224 317
98 7 67
130 48 950
94 236 125
20 208 113
246 67 151
152 246 7
224 7 97
159 309 986
246 241 109
13 117 319
311 223 69
25 237 835
43 238 105
86 72 507
136 300 904
142 111 944
82 62 144
203 223 110
24 174 531
139 284 203
228 148 406
318 173 660
290 269 92
220 125 165
77 175 316
92 243 223
204 89 831
275 160 679
284 278 325
192 267 792
256 144 385
222 276 211
120 5 208
194 16 157
175 120 650
220 18 567
229 289 722
46 185 196
320 287 679
134 1 803
189 205 811
203 34 463
46 301 496
59 201 294
94 107 118
39 317 187
115 183 968
301 251 216
77 159 306
214 199 5
283 290 788
157 71 379
228 237 87
24 112 817
49 317 892
70 169 988
306 57 125
184 73 637
17 24 911
96 203 896
195 8 35
84 82 621
156 120 733
58 120 981
234 223 267
98 100 491
18 17 397
177 273 707
94 154 955
80 84 723
18 72 289
293 176 806
216 241 372
75 34 822
72 104 771
161 295 238
219 193 168
73 187 55
94 131 307
221 192 673
154 168 427
250 303 187
119 106 220
317 176 196
205 256 369
1 93 478
279 314 490
228 49 348
212 62 735
38 141 745
147 156 762
95 40 192
45 137 78
175 274 294
93 21 193
293 136 361
108 35 547
45 153 57
41 100 510
24 112 830
22 267 169
305 205 150
34 166 403
121 311 118
283 247 161
188 30 58
246 4 399
248 272 316
177 44 378
147 106 363
146 229 282
317 277 343
223 233 252
161 300 842
107 69 985
0 46 118
138 69 665
59 275 692
305 262 171
71 47 494
200 222 993
152 214 214
240 134 18
49 48 905
151 225 727
92 168 308
29 224 773
25 87 457
281 245 766
172 282 277
137 107 542
80 242 232
71 239 906
295 212 474
131 295 187
138 162 90
69 77 455
15 14 320
210 147 842
212 272 547
295 28 586
199 209 146
129 316 155
189 10 121
264 2 232
56 89 509
240 124 217
49 70 540
28 130 830
3 106 284
268 51 578
128 36 833
231 128 804
290 125 823
294 52 675
159 208 234
27 174 286
106 147 713
208 205 560
175 136 860
163 129 378
191 309 614
109 59 960
226 317 273
281 319 417
66 53 759
220 9 383
210 247 914
136 166 309
196 10 518
13 49 85
77 145 488
15 286 240
230 100 287
221 225 967
172 46 723
206 253 700
291 162 25
148 153 595
77 162 658
192 179 581
181 135 647
307 167 10
145 224 44
248 208 839
251 79 412
270 299 26
310 166 876
5 75 500
272 43 615
9 283 479
311 283 873
258 313 133
82 251 915
123 214 885
92 221 349
265 7 672
308 46 420
14 99 799
265 245 612
35 257 60
253 256 612
317 5 639
279 160 572
99 195 79
157 186 531
150 305 141
261 36 537
134 121 690
80 12 359
225 125 899
79 272 154
4 135 22
306 266 558
317 298 815
234 240 355
153 242 587
51 216 124
100 124 905
32 307 704
263 269 873
9 124 234
199 104 861
81 188 772
106 25 400
45 86 343
274 36 442
109 26 384
124 146 643
255 266 583
40 55 941
77 216 377
115 3 246
192 84 28
229 38 288
199 109 992
96 218 994
166 253 365
156 155 677
165 138 778
137 86 404
3 319 983
256 38 3
111 38 966
258 161 490
167 284 647
297 172 409
95 23 89
310 289 85
153 127 417
194 21 502
207 284 916
224 255 475
264 28 862
243 255 757
242 5 931
159 247 222
39 29 306
23 57 576
280 219 349
241 129 0
194 94 604
304 193 282
282 144 42
256 52 194
234 159 900
212 169 64
116 267 78
296 208 760
202 304 663
128 44 281
223 190 777
120 246 49
211 319 897
146 171 188
65 224 678
186 89 629
202 320 195
294 29 139
190 294 793
130 280 165
250 116 912
15 113 480
119 121 356
0 225 428
259 205 361
253 117 638
119 205 616
214 7 550
259 302 484
211 264 283
18 51 375
253 285 926
36 85 657
26 308 552
13 24 690
87 145 267
296 19 72
271 67 924
156 128 403
278 265 530
79 184 824
68 44 48
119 296 850
307 126 439
111 51 82
80 230 702
290 58 386
230 150 88
208 260 114
15 86 271
308 94 227
204 197 499
39 314 501
294 230 179
304 109 960
258 131 308
280 102 533
243 10 246
299 247 45
10 181 200
103 301 662
119 240 714
102 105 531
301 18 554
233 160 232
236 138 188
162 75 337
316 244 604
6 20 785
192 235 287
21 16 599
200 51 408
4 147 754
167 107 633
299 320 338
151 38 430
226 108 917
87 228 468
18 130 406
134 277 714
165 44 153
69 255 896
230 114 408
303 224 502
57 4 193
278 57 707
95 223 586
90 230 878
46 124 742
289 16 59
184 257 9
241 248 595
154 219 996
192 5 451
210 115 152
267 42 404
81 1 440
239 297 413
263 200 724
52 184 667
91 113 942
93 103 779
113 78 404
31 70 103
139 140 61
79 41 69
8 119 868
13 241 984
295 143 856
16 60 686
270 162 256
172 212 477
21 0 787
243 147 614
289 39 27
164 76 69
130 6 567
36 182 601
88 119 776
228 280 436
24 190 523
73 109 678
21 5 937
134 207 405
194 291 859
7 132 371
225 65 404
31 261 804
98 140 103
189 222 932
15 185 354
42 10 407
172 109 20
107 69 858
213 225 959
202 261 651
220 255 885
287 142 879
264 76 100
55 28 495
58 14 679
268 189 370
175 13 809
1 254 904
66 281 361
113 7 971
151 200 197
255 282 876
294 239 443
67 246 135
116 241 779
259 146 152
94 262 948
124 6 952
260 286 491
294 62 799
282 279 683
108 190 693
290 259 627
54 282 431
33 10 941
70 185 733
275 54 153
91 242 258
27 43 887
304 253 189
1 261 978
257 139 897
261 43 95
144 255 202
65 96 685
314 180 415
104 57 632
25 311 733
303 187 603
236 218 204
189 25 965
244 292 56
97 184 256
282 81 623
282 124 68
199 126 492
151 165 183
289 90 555
101 42 410
0 281 300
108 133 98
195 21 287
197 182 275
186 181 456
158 27 294
246 6 632
202 185 907
238 197 859
303 306 535
222 291 770
274 171 678
47 93 239
3 252 546
256 31 530
262 143 548
139 6 321
308 222 828
255 97 963
229 6 567
277 209 450
116 231 656
72 25 455
0 40 880
256 206 639
267 289 896
287 294 976
242 232 209
108 104 667
33 44 317
73 190 214
279 47 94
319 258 478
285 242 692
33 103 233
24 54 960
227 28 706
205 208 271
109 90 65
68 127 220
222 300 769
162 298 988
218 267 777
162 158 749
235 135 977
183 29 253
35 155 803
29 215 854
156 206 452
40 272 427
116 16 190
135 162 167
64 123 133
115 59 867
258 172 635
200 2 217
180 319 308
194 13 283
104 217 213
223 109 123
308 77 780
203 10 15
288 189 557
216 21 317
105 3 941
209 205 220
283 237 528
77 219 232
126 300 773
139 245 912
167 138 134
199 90 695
263 145 677
63 20 109
108 24 107
204 82 147
77 283 8
109 293 335
14 180 727
234 142 242
319 213 749
231 168 649
247 76 502
99 172 630
72 189 942
11 180 371
136 76 754
241 229 830
19 190 446
205 309 387
186 47 792
26 75 961
117 115 361
164 275 553
240 102 963
162 270 288
26 93 543
300 225 593
84 217 955
152 242 954
8 24 794
94 60 304
95 71 628
162 109 185
130 192 391
19 224 307
277 34 877
296 47 703
101 222 233
179 4 800
175 243 186
187 161 859
243 227 735
69 60 789
37 68 896
239 190 47
141 220 773
181 264 533
159 87 308
73 232 84
21 109 845
272 150 523
76 33 57
17 107 637
191 313 238
289 89 983
272 310 108
92 202 844
42 150 31
130 24 664
17 318 978
238 214 528
224 263 519
67 168 57
266 260 964
65 306 930
238 38 641
86 152 228
80 91 913
232 44 432
279 267 113
313 81 400
293 277 994
27 293 314
101 91 506
144 183 419
155 129 456
302 160 779
288 98 713
294 150 659
140 28 334
190 96 465
150 192 128
308 309 850
216 166 409
28 201 6
113 315 638
238 29 693
87 18 748
277 26 332
82 174 776
145 274 710
282 83 331
316 140 584
287 319 647
158 26 761
279 230 86
146 172 135
179 315 376
198 102 144
4 286 721
311 42 941
211 199 156
139 162 713
233 244 274
114 97 29
114 185 50
23 299 532
68 7 675
83 143 547
199 278 457
155 284 620
103 148 986
283 12 39
154 26 10
264 200 974
250 76 928
54 81 4
202 226 108
239 291 155
204 320 230
166 127 948
172 188 700
29 41 461
27 148 278
25 194 915
243 59 660
284 294 997
11 283 686
286 148 332
40 68 285
92 59 823
43 24 811
14 145 588
248 67 322
57 93 715
154 4 827
156 234 296
53 51 268
45 208 636
39 33 232
117 174 644
22 287 69
165 155 388
64 311 934
226 55 781
124 30 930
162 303 577
96 64 668
251 71 443
91 138 398
69 271 921
57 71 107
296 297 499
130 254 272
317 121 204
313 217 814
161 113 287
81 72 548
113 102 970
116 271 261
290 314 161
193 104 844
140 192 672
228 150 313
192 13 160
266 136 775
317 302 762
48 263 955
25 276 186
240 291 656
290 172 483
30 224 185
41 78 349
136 43 181
263 262 399
213 270 807
62 115 599
267 238 236
101 87 810
180 73 894
35 11 431
61 255 506
74 179 464
148 188 87
193 267 242
9 107 295
223 41 433
269 59 857
256 64 459
161 145 899
29 154 161
145 34 956
187 146 584
75 297 17
157 221 437
15 271 438
18 69 139
230 113 146
180 304 691
238 291 522
226 103 795
21 274 40
57 77 468
280 11 432
101 22 699
141 293 567
241 212 203
156 246 673
282 65 782
160 116 769
58 310 831
20 68 239
156 151 507
28 39 206
86 125 429
19 161 41
161 108 416
300 241 802
260 126 18
180 21 241
304 53 749
144 182 954
174 5 903
233 245 363
49 49 505
76 136 276
168 112 618
39 265 945
296 259 709
286 186 954
82 72 505
136 82 832
14 303 432
38 106 587
204 62 190
158 59 494
231 153 172
231 135 872
117 281 186
166 166 247
317 81 836
119 258 161
58 190 905
8 12 748
278 241 514
251 171 428
263 137 512
37 282 533
162 160 529
27 194 518
183 270 419
262 247 674
155 211 761
177 279 839
50 113 643
75 143 488
84 297 277
75 200 601
141 4 753
138 29 595
304 104 649
35 22 66
49 29 865
262 214 592
193 252 924
242 16 513
299 188 472
250 184 411
224 101 331
272 252 97
151 265 879
129 299 860
251 16 964
213 155 957
131 265 40
122 12 794
18 253 936
95 220 922
266 84 818
288 133 492
107 303 490
229 14 455
73 76 324
99 68 689
176 140 277
105 29 361
151 191 999
281 70 431
134 68 613
143 205 696
78 218 320
25 248 429
274 56 724
255 257 302
32 276 262
208 270 941
19 68 550
37 180 820
300 30 198
222 93 653
88 52 544
296 48 255
220 177 458
296 105 952
146 184 611
87 155 435
87 106 784
175 43 324
190 75 731
288 314 823
136 31 918
177 271 244
29 33 632
66 219 755
221 36 128
44 267 318
159 102 728
228 44 700
206 6 357
208 242 258
2 209 403
186 145 639
23 315 957
72 201 732
79 156 704
103 92 559
275 103 601
30 48 588
177 299 695
59 53 141
261 131 658
265 175 346
140 236 564
167 189 841
269 320 176
39 21 684
284 278 361
104 194 262
80 299 824
262 281 792
148 188 522
53 174 497
88 222 188
136 248 959
320 242 763
235 121 543
222 263 18
0 195 234
208 318 223
230 114 981
53 13 804
301 34 383
191 319 954
107 2 451
6 7 226
228 116 945
54 95 683
257 45 945
306 1 635
247 184 871
139 289 129
69 168 272
267 142 667
237 299 541
49 35 63
70 252 943
262 277 609
256 243 625
166 8 381
122 195 737
173 271 492
283 221 640
238 237 987
194 56 601
35 233 729
36 247 156
123 207 507
243 283 10
255 138 662
2 193 487
312 64 947
3 155 415
247 154 501
104 133 566
53 296 26
120 277 913
88 310 158
71 94 675
104 138 379
38 167 909
218 226 570
23 120 364
88 285 50
4 217 221
172 261 594
304 197 337
193 106 758
176 233 528
144 257 63
223 14 174
213 50 15
283 33 503
204 50 492
186 279 8
164 174 404
91 247 822
61 4 791
269 11 641
234 228 604
101 257 851
244 113 12
189 270 395
300 33 433
238 259 678
302 278 497
163 162 710
14 156 749
230 153 474
73 12 852
33 319 750
273 116 158
78 172 992
197 199 735
8 68 802
8 261 164
12 108 932
65 70 682
192 72 303
260 22 249
86 310 29
155 192 669
108 186 307
225 172 227
14 153 35
215 163 718
138 129 919
34 243 678
301 53 19
285 150 368
238 255 881
9 33 635
273 195 792
308 40 628
128 27 330
70 209 763
293 237 846
202 249 304
59 256 834
38 116 890
116 111 95
63 287 142
317 216 444
151 134 4
64 299 559
19 119 869
23 116 889
306 302 819
191 8 602
77 86 268
291 180 759
266 300 852
231 227 181
259 125 343
175 74 333
116 1 805
258 108 647
72 140 522
34 138 296
245 210 750
211 258 581
174 214 715
205 268 674
40 160 762
158 226 558
157 100 453
128 41 944
111 64 639
236 134 507
89 289 649
63 91 241
96 235 906
14 64 850
63 317 740
185 24 234
149 241 876
19 162 343
57 243 482
80 283 638
173 209 39
180 119 86
67 319 677
214 22 190
132 11 249
98 236 397
136 194 143
120 261 368
98 200 543
180 246 119
41 149 496
166 264 780
271 27 523
131 123 5
101 78 337
163 79 755
241 294 183
269 182 752
246 44 866
314 295 453
55 130 452
197 71 336
222 270 664
109 125 944
230 13 331
92 109 490
122 66 410
70 231 605
159 150 802
61 310 478
113 300 239
105 37 878
304 60 28
119 6 502
228 88 359
243 55 641
92 176 184
274 0 785
292 159 75
127 316 970
157 166 267
316 177 43
60 104 267
169 311 892
194 162 846
157 7 750
138 40 244
115 259 177
313 179 833
226 210 952
189 154 869
208 130 4
7 43 199
141 198 479
285 115 301
153 125 954
311 37 922
160 67 996
168 187 625
135 320 215
274 142 370
53 97 261
193 297 879
3 96 108
248 244 866
290 60 444
207 250 323
179 128 125
277 275 610
169 43 854
63 236 792
147 308 260
106 120 909
15 243 95
138 220 181
36 224 208
257 53 730
250 14 790
89 86 393
77 14 978
184 11 62
159 124 999
272 78 542
118 283 923
162 223 514
89 8 398
43 166 617
269 190 569
147 145 165
185 104 206
285 86 962
310 257 431
138 138 597
244 212 448
240 14 777
84 174 285
33 109 421
302 273 758
28 315 98
41 260 81
213 2 414
55 145 11
310 208 977
5 107 121
291 80 592
243 202 475
186 198 306
304 15 349
222 238 835
68 205 436
9 102 231
22 168 200
147 243 212
56 121 659
86 252 479
305 193 558
165 87 314
178 223 451
190 10 816
55 22 21
181 311 655
125 315 592
167 124 920
296 76 142
313 102 258
190 125 794
201 48 307
92 84 718
142 54 932
197 223 269
88 221 722
291 80 749
164 16 257
75 190 209
49 146 534
82 234 882
0 88 485
5 66 2
0 2 259
157 266 287
175 256 421
183 295 741
194 190 998
292 49 492
32 50 247
215 291 33
291 197 573
31 186 402
62 123 623
134 163 605
13 23 368
32 198 376
207 195 914
188 236 174
312 28 837
5 263 164
194 195 222
301 51 886
156 147 643
17 312 451
154 264 599
90 267 710
194 64 910
257 98 276
203 88 341
277 213 592
310 303 2
45 2 901
110 252 126
287 228 157
287 83 533
171 184 681
55 30 400
10 229 68
286 123 256
43 7 577
54 13 408
297 140 633
303 227 867
113 164 626
96 253 377
196 90 208
156 25 16
37 52 178
156 221 22
261 86 50
188 168 599
283 35 502
190 297 894
236 132 159
120 274 151
240 193 936
37 115 296
289 257 70
119 168 476
199 257 525
220 114 588
9 78 455
131 62 319
316 209 180
268 318 410
74 70 750
278 101 11
105 258 796
126 179 886
47 237 563
239 297 896
226 311 65
300 10 312
180 163 162
251 219 244
154 86 890
46 20 876
173 134 942
9 320 458
36 9 281
194 288 916
246 191 347
256 101 518
155 212 474
194 69 517
236 160 179
8 149 703
190 238 430
87 102 528
256 236 683
256 112 4
167 93 292
142 106 237
199 14 1000
216 129 974
117 70 688
96 23 497
91 35 703
237 247 963
126 129 642
95 53 39
220 12 503
212 172 509
297 222 669
266 275 228
49 191 420
290 11 803
47 310 0
1 200 130
23 116 795
283 310 483
191 43 74
65 213 528
227 35 117
270 39 687
260 182 300
180 1 350
128 125 501
40 229 464
101 100 900
241 48 468
266 240 49
143 233 19
272 91 978
193 41 569
99 242 167
167 117 554
194 161 566
53 249 181
242 181 106
93 164 597
299 194 928
225 119 842
59 272 97
93 222 396
74 150 343
35 63 739
25 253 742
172 240 197
83 133 119
164 313 307
105 99 513
139 38 92
66 217 471
268 51 835
301 241 958
77 287 109
122 222 537
227 257 438
24 189 460
78 56 171
205 33 601
236 152 668
29 56 592
79 109 163
235 143 817
156 267 18
164 217 767
241 133 552
320 5 82
251 248 248
316 127 238
297 306 31
120 58 272
304 234 777
119 302 885
44 254 858
235 84 244
271 305 406
158 296 986
301 275 794
198 317 735
320 140 377
29 168 82
110 282 284
16 257 562
27 242 22
27 275 497
53 170 72
302 157 425
1 203 240
216 171 449
4 146 2
274 240 154
176 243 563
85 73 809
286 45 267
181 122 522
218 247 709
308 135 89
223 103 553
152 281 384
76 271 737
83 19 571
16 111 141
198 96 508
288 155 248
164 38 540
88 56 868
161 137 338
273 255 679
272 214 940
1 91 177
297 151 661
104 164 871
294 15 974
3 145 358
247 98 178
98 277 596
179 269 125
156 154 675
162 219 637
212 45 676
28 173 732
262 105 383
283 108 114
264 12 654
212 247 163
53 61 217
107 297 57
276 138 560
129 26 315
163 144 875
231 172 611
203 282 142
159 0 866
223 22 140
201 271 110
39 166 676
143 45 403
72 197 957
218 96 743
3 268 918
168 165 833
245 280 342
318 82 188
40 249 941
90 312 974
129 262 24
223 59 945
91 188 226
84 19 184
202 85 218
270 247 474
178 120 20
299 235 791
99 293 506
290 71 616
126 82 365
285 38 934
234 278 274
162 178 69
277 11 774
78 285 899
298 78 773
242 159 543
181 221 161
126 139 393
265 133 591
144 291 724
131 161 398
260 39 723
225 95 658
165 97 639
173 279 805
15 228 343
130 42 122
49 210 707
89 191 839
95 146 368
199 287 689
101 93 304
218 272 224
252 95 136
8 295 621
235 206 506
214 227 680
285 216 148
235 125 382
317 31 415
317 207 97
215 40 820
140 125 438
44 123 846
99 71 764
76 140 804
200 144 455
308 295 929
295 114 531
127 277 74
234 279 140
110 132 742
31 32 374
220 214 313
41 294 130
80 187 953
308 162 186
102 218 569
14 312 758
254 228 815
191 168 162
49 284 79
120 126 712
112 65 142
263 34 260
169 43 24
275 73 847
231 14 910
153 46 430
216 188 833
29 208 86
67 31 42
58 192 942
192 273 671
141 135 756
42 196 87
52 308 874
45 13 791
109 302 851
272 201 932
262 84 474
224 24 274
147 200 144
46 10 828
289 183 721
225 122 656
98 27 601
302 17 777
266 232 88
34 208 267
226 227 116
69 171 582
239 10 153
107 303 279
141 96 185
244 123 728
133 182 79
117 159 903
283 156 630
104 73 639
94 199 589
153 103 576
68 154 534
134 317 570
269 226 516
259 149 474
228 30 887
125 130 363
154 256 548
39 243 333
184 71 114
183 141 41
97 263 502
242 300 519
181 82 264
152 282 160
15 319 154
79 144 59
116 170 719
311 251 0
292 91 762
207 241 378
38 34 150
38 136 972
101 209 882
168 119 652
210 282 513
51 122 469
291 300 855
33 22 952
248 126 534
12 159 517
70 169 169
295 159 451
165 278 81
170 252 689
6 189 691
116 262 220
177 272 958
63 239 545
279 149 808
246 183 922
9 29 782
290 122 391
247 247 640
223 12 119
202 193 887
291 240 502
168 173 971
123 37 424
209 165 550
278 277 207
241 166 170
104 40 527
147 157 836
103 32 753
314 14 439
39 154 517
47 11 275
131 156 139
200 123 359
95 148 443
156 40 340
270 176 998
293 283 473
182 194 862
55 32 727
264 30 773
147 15 799
300 132 90
189 85 66
260 62 273
31 39 905
83 243 184
286 147 304
106 118 631
262 302 671
242 92 911
217 235 823
261 33 252
263 209 883
100 78 204
232 262 426
97 89 353
241 277 63
112 274 906
63 127 836
107 62 551
185 57 644
78 136 375
145 106 750
175 23 282
240 176 724
14 169 369
136 129 853
73 216 714
58 263 460
258 193 220
110 97 772
293 268 10
313 54 416
95 73 451
24 244 613
220 38 807
305 151 57
232 281 182
100 268 759
200 55 983
79 4 75
15 203 617
319 72 922
77 253 575
47 136 334
83 275 0
174 130 314
312 122 635
148 173 179
79 190 824
29 24 632
224 235 558
146 223 445
239 5 761
52 300 216
145 256 442
315 179 146
318 126 17
30 218 823
111 21 737
307 33 298
292 126 34
171 16 16
84 189 336
28 77 333
207 141 997
76 69 5
272 280 101
3 142 772
37 3 839
300 242 767
144 188 768
28 297 341
193 151 638
250 2 701
29 18 445
200 265 214
192 62 799
44 270 139
320 25 444
161 67 841
288 8 825
292 195 478
239 176 16
151 228 592
204 188 657
253 310 44
207 281 791
220 32 745
73 99 265
161 241 76
80 46 210
160 222 183
13 167 463
154 214 761
319 85 766
223 293 277
94 101 408
263 59 150
187 127 82
189 84 912
44 207 516
15 138 130
231 133 146
21 191 103
253 278 888
138 148 7
280 49 354
194 148 452
216 267 379
119 13 604
197 196 546
298 247 790
11 108 920
182 233 136
168 217 246
35 305 632
297 182 38
176 165 941
22 290 527
200 64 799
3 92 463
5 105 882
248 309 169
46 87 865
165 223 440
139 146 667
282 58 443
221 1 691
73 146 779
69 217 398
297 88 13
240 96 30
265 305 651
261 137 639
78 137 653
104 60 815
58 58 647
306 25 500
125 50 383
271 76 333
213 40 540
125 267 968
68 19 74
10 47 171
24 282 602
48 266 521
123 264 738
1 32 195
203 10 865
244 276 517
148 260 24
37 215 577
137 12 737
231 209 943
236 286 681
319 252 201
192 215 997
243 198 516
285 255 176
115 6 656
32 3 65
255 267 133
35 213 424
40 121 747
95 88 712
22 309 4
282 19 93
196 264 654
174 253 737
173 134 451
275 314 818
196 247 749
46 46 452
188 168 77
190 53 309
112 143 209
3 282 291
274 40 107
41 204 573
297 208 573
260 64 871
107 156 312
233 244 3
18 186 69
132 22 632
9 185 94
106 286 159
252 15 526
103 117 194
211 294 933
200 45 93
36 179 85
221 242 774
320 279 130
97 13 794
176 221 251
166 101 594
255 143 621
229 263 65
13 241 462
148 98 440
87 12 542
77 0 690
142 56 849
303 176 970
26 95 178
192 223 441
18 65 949
178 304 319
58 4 331
319 152 998
68 179 688
74 52 269
168 200 327
90 207 390
306 137 728
196 20 291
319 293 183
121 82 937
173 286 381
149 246 839
307 313 203
241 135 520
143 105 234
308 96 2
294 187 152
315 305 330
188 61 76
216 128 544
144 145 157
223 295 889
156 73 211
189 286 98
40 158 773
190 245 129
48 55 815
193 282 697
56 130 563
229 113 875
107 2 211
276 272 627
29 293 15
301 291 496
197 114 908
172 262 138
85 253 648
264 258 469
293 102 959
21 258 946
175 233 276
272 193 875
164 205 918
316 85 517
91 276 858
79 140 450
299 236 183
105 137 68
10 112 224
157 199 669
133 153 196
48 12 428
172 159 62
239 116 610
78 198 264
183 173 1000
122 56 712
236 87 520
244 17 52
90 268 297
255 174 658
180 52 366
140 160 519
16 99 286
249 30 742
20 206 932
270 101 831
114 287 986
66 16 254
186 155 354
299 261 131
132 76 926
121 319 617
238 96 995
139 152 412
214 99 795
207 63 843
292 59 788
317 107 665
256 247 160
256 130 864
169 279 478
202 174 463
240 275 0
211 116 410
143 250 390
35 202 149
200 125 937
211 118 742
103 172 436
135 263 50
274 36 927
14 167 449
23 238 731
197 320 234
63 31 409
100 214 762
155 29 265
162 225 770
61 199 123
174 318 923
308 219 857
60 90 241
104 265 163
155 253 748
260 131 368
233 84 785
139 14 117
167 248 784
75 197 643
105 100 757
13 2 772
225 303 25
284 221 324
300 206 854
120 2 380
165 288 672
148 143 683
79 276 162
207 161 206
21 255 229
274 187 147
191 8 458
222 25 895
259 278 830
288 97 207
179 123 223
124 301 123
236 237 523
191 127 919
92 98 935
200 242 637
57 20 195
135 87 151
68 43 425
105 67 113
215 222 152
206 310 594
300 63 828
134 62 627
118 304 923
141 46 713
117 84 120
26 286 877
9 1 802
124 7 362
167 207 163
93 271 56
295 92 219
125 134 183
134 291 544
63 262 631
55 124 301
277 228 314
11 100 458
69 96 476
320 101 158
67 201 822
28 235 588
298 200 362
292 126 864
91 313 704
229 89 821
229 13 995
162 299 651
167 9 654
15 305 829
256 128 254
116 184 795
272 305 435
232 49 261
76 18 31
50 125 56
235 112 149
289 78 553
253 311 371
181 3 991
250 179 294
19 135 390
195 298 966
96 289 250
109 125 939
153 203 255
281 214 528
299 181 852
272 313 857
240 192 812
48 208 260
197 107 140
252 281 295
111 257 870
301 27 542
294 219 363
292 50 885
111 283 972
287 290 740
158 81 173
298 209 240
123 92 736
293 115 403
224 318 2
316 208 502
48 83 5
151 171 415
202 285 610
234 119 533
33 253 756
12 68 259
141 236 10
268 306 131
207 131 401
33 293 349
205 47 202
98 267 570
146 96 806
175 310 860
224 166 243
37 78 916
228 121 711
268 90 433
48 7 970
68 49 982
213 147 852
212 221 125
225 17 558
171 157 863
198 180 366
283 23 906
42 85 242
145 95 542
70 293 228
254 120 776
290 268 855
168 191 565
85 2 213
60 205 343
247 15 943
79 128 705
129 166 7
184 39 5
137 145 395
287 212 318
99 142 218
264 210 311
175 15 788
33 188 811
28 193 868
260 46 740
101 202 576
159 111 409
112 79 270
277 250 614
244 128 832
83 14 610
135 1 256
156 247 796
60 68 298
30 131 97
8 161 426
187 127 386
118 23 200
220 175 86
315 39 349
122 246 413
295 143 240
119 247 291
197 85 133
118 107 611
249 181 62
204 206 660
185 190 20
313 156 775
139 13 592
261 287 466
124 94 628
156 116 911
73 209 759
37 157 529
28 153 633
202 238 942
154 11 666
185 159 894
9 78 568
44 275 324
22 297 258
26 78 50
46 256 694
167 232 0
197 158 55
196 208 903
224 140 332
279 203 34
193 151 251
120 142 9
303 172 875
141 81 155
159 43 352
0 96 695
144 91 152
165 288 898
319 156 511
303 264 996
78 310 712
215 203 460
27 150 904
155 78 375
8 177 266
241 150 568
111 12 606
171 97 531
135 250 586
14 242 192
127 300 217
186 119 461
115 209 95
239 6 91
54 314 946
208 313 387
305 294 470
319 137 970
60 246 633
85 175 39
208 1 443
248 107 206
154 207 884
33 171 284
218 318 455
254 281 868
118 93 785
56 151 853
240 219 664
214 97 855
300 149 24
24 30 872
159 175 111
108 311 169
196 38 554
184 214 979
199 292 730
10 52 354
319 14 941
284 314 856
304 163 670
196 198 423
255 128 362
65 308 462
103 208 550
225 176 762
316 282 196
144 1 16
160 264 276
216 295 333
89 233 900
156 16 75
23 16 729
81 156 724
203 217 198
200 305 55
21 256 976
25 106 339
168 114 257
80 103 107
102 228 981
105 54 969
280 82 800
248 241 495
146 107 113
95 309 461
58 112 285
312 225 797
286 243 690
234 193 788
185 214 989
223 99 582
290 1 873
37 173 567
71 265 489
250 297 350
161 200 443
43 196 0
204 58 434
68 47 24
3 144 669
183 108 524
199 32 313
3 224 47
240 246 291
49 187 883
30 213 694
212 201 213
72 239 762
264 198 742
31 140 380
114 135 292
160 311 38
197 285 410
36 204 38
211 0 127
164 299 586
231 74 329
53 89 624
17 44 964
229 33 544
181 28 697
74 168 557
194 213 414
231 308 92
173 0 972
109 140 735
137 21 615
41 267 397
85 279 160
54 40 507
134 198 268
157 238 395
103 174 865
306 275 846
177 297 56
284 141 8
9 194 922
5 264 249
217 271 196
240 156 137
83 143 370
290 286 684
127 6 571
129 225 205
116 314 866
145 240 192
82 29 854
83 37 948
156 292 711
47 276 385
193 171 648
34 234 942
87 215 161
85 272 52
182 239 88
101 149 633
151 287 154
128 50 992
304 198 232
163 251 378
270 133 352
258 146 35
147 209 906
96 192 174
273 304 758
67 182 116
267 235 837
265 92 984
184 185 266
296 13 302
50 244 799
253 280 118
17 226 525
96 226 353
111 139 791
168 99 725
48 103 974
317 131 27
196 16 40
159 219 972
130 175 727
247 264 20
6 86 496
39 177 9
183 235 914
166 229 902
12 76 203
174 272 631
22 296 482
87 320 587
106 163 205
159 22 525
165 228 7
253 56 623
147 99 54
193 84 270
272 254 677
172 105 401
141 98 456
258 205 344
319 142 853
212 23 410
20 283 457
270 57 226
127 264 891
295 226 677
133 253 54
42 312 40
292 175 945
0 3 203
268 286 603
141 49 530
59 186 559
175 49 823
157 246 811
187 54 909
59 33 21
4 7 201
92 135 238
107 223 941
227 128 126
228 134 278
112 251 68
273 180 641
115 171 418
36 117 993
93 294 39
96 247 685
239 132 308
247 206 474
219 94 241
112 141 84
218 151 548
116 123 227
250 178 66
175 289 520
60 24 543
311 131 991
25 194 359
201 276 556
295 161 826
64 41 856
283 117 518
28 78 77
33 203 142
18 3 313
222 70 660
79 101 372
114 169 97
42 285 740
272 16 436
187 1 511
58 145 231
130 127 841
66 281 838
220 178 718
61 16 478
28 186 521
159 10 106
26 290 244
266 251 159
86 28 199
177 60 805
42 223 942
291 27 127
97 78 73
278 239 51
271 117 268
308 204 730
256 233 331
180 52 673
264 126 165
19 26 510
277 79 901
130 58 221
0 161 703
71 71 550
226 187 402
276 230 506
101 85 459
113 286 167
3 61 170
33 155 690
278 124 940
136 293 747
198 153 849
211 105 373
237 130 160
215 91 759
73 203 660
226 160 429
213 284 297
247 160 445
62 264 845
274 203 320
234 164 860
86 113 166
86 21 471
257 99 397
89 194 217
193 272 731
320 75 228
292 234 924
267 67 695
105 267 299
267 47 938
183 59 907
124 224 114
201 288 735
121 183 73
140 306 661
271 150 860
145 307 8
297 11 777
301 242 248
37 263 998
140 33 538
189 50 988
211 246 745
207 200 231
291 9 682
251 185 127
24 180 824
210 163 380
275 219 479
187 104 124
133 225 393
41 111 272
130 149 439
315 20 521
11 279 835
320 69 573
29 59 763
65 306 973
290 194 201
73 106 991
86 98 103
192 79 97
192 273 587
15 241 734
177 153 201
177 230 657
235 184 365
158 145 800
207 5 82
190 237 528
127 104 974
66 312 900
219 178 168
40 307 338
135 96 848
166 301 684
18 192 906
82 89 695
175 80 398
308 216 182
126 92 763
67 152 80
253 102 517
3 88 875
307 148 441
82 132 190
232 6 677
291 231 631
174 18 959
186 225 217
312 282 917
151 312 67
170 63 313
7 134 599
111 1 654
235 224 381
150 157 314
228 237 544
143 39 566
314 267 286
167 256 180
238 3 305
156 225 352
105 206 532
144 264 291
263 139 551
246 224 640
186 266 908
22 199 544
71 4 783
168 39 33
302 164 810
70 311 428
8 176 192
312 287 36
2 109 189
297 34 5
140 71 715
59 258 922
78 147 981
34 146 556
180 180 665
106 83 64
200 46 662
5 164 386
1 83 655
286 127 371
202 298 323
157 303 475
104 286 671
35 279 923
123 46 921
107 89 331
48 283 812
298 116 701
20 215 575
95 241 36
39 22 714
306 217 532
130 0 917
94 132 871
160 298 230
303 143 543
30 42 495
48 14 97
111 317 898
246 314 162
86 176 81
59 47 540
82 309 648
77 260 362
111 50 969
315 107 929
60 73 513
290 286 69
299 4 177
219 279 613
137 301 559
317 173 59
58 93 764
174 29 374
183 184 918
198 68 974
273 208 24
54 283 838
65 239 71
267 144 813
319 195 161
239 27 86
240 264 832
187 101 405
6 299 42
210 223 983
159 60 713
257 112 753
132 47 611
97 70 509
118 99 908
101 8 539
320 67 377
36 110 726
258 80 500
104 85 935
68 182 218
286 317 302
199 271 822
36 30 73
200 60 939
295 185 278
48 273 28
31 270 902
8 234 942
237 176 736
43 65 381
50 155 772
50 142 460
220 319 779
134 253 271
90 174 612
172 52 101
132 79 3
94 235 791
78 80 176
97 103 196
218 20 297
249 108 298
93 229 928
59 181 669
189 229 61
152 52 538
99 157 662
220 7 523
282 53 278
288 263 72
179 75 489
80 312 742
108 137 446
56 185 281
298 212 591
233 262 602
135 292 411
176 227 464
262 93 782
183 37 341
161 80 951
115 159 701
267 185 211
2 305 155
83 272 859
182 249 507
75 83 30
209 228 898
275 291 55
110 73 409
255 38 605
227 16 529
131 200 438
26 53 226
103 17 239
192 277 686
308 141 721
307 86 612
34 270 17
202 5 236
258 260 185
297 191 410
157 98 780
319 76 72
23 11 754
139 256 436
130 247 777
106 265 609
115 228 76
59 79 342
96 204 316
133 245 635
255 163 178
154 49 961
258 18 402
238 154 279
282 40 672
64 69 418
127 22 177
9 314 521
132 202 662
58 266 546
248 20 423
248 190 667
143 21 979
239 119 482
186 210 292
260 25 881
227 150 272
304 221 10
316 204 409
245 101 30
42 234 197
26 263 394
229 82 979
275 315 496
8 52 664
319 290 423
113 269 802
85 126 520
126 132 427
129 24 792
18 215 931
88 60 354
153 143 810
246 62 400
58 146 325
215 48 397
103 313 540
74 3 154
178 312 329
218 256 65
101 315 322
173 154 679
201 2 619
67 52 66
146 86 12
45 76 52
38 281 793
267 117 248
181 38 25
96 130 197
242 107 72
162 263 635
114 310 230
145 221 271
75 146 909
99 175 79
274 85 961
205 284 39
51 37 495
149 317 735
163 269 727
15 17 856
264 50 535
28 171 899
8 144 515
178 57 458
278 222 852
97 109 653
148 106 343
280 207 356
301 243 549
210 124 358
211 124 523
296 111 722
270 293 26
46 138 185
268 304 718
164 140 475
131 63 697
95 57 313
81 79 812
175 268 323
207 246 531
304 67 66
316 219 77
287 284 94
301 300 124
121 273 500
224 98 64
161 222 798
15 280 872
131 273 584
228 104 568
219 312 559
270 283 833
59 138 176
258 220 940
42 24 727
201 15 59
291 148 833
302 126 406
72 79 439
181 102 568
78 163 54
200 69 688
312 237 38
80 203 312
284 256 300
227 41 678
318 221 435
212 108 232
125 70 50
130 234 459
278 185 480
260 165 893
235 101 233
242 174 491
131 84 675
108 234 630
126 50 352
293 125 789
314 190 445
235 18 379
101 6 449
49 286 496
282 280 809
235 143 588
224 271 792
269 309 887
310 191 147
5 90 138
296 272 208
143 266 650
75 110 460
297 270 978
153 112 296
20 228 885
159 129 428
179 147 391
246 27 238
9 142 706
299 230 704
187 23 152
76 99 319
95 294 903
190 192 145
155 291 310
179 62 59
188 118 378
56 91 780
240 144 600
57 163 941
20 274 195
43 248 896
178 35 525
140 301 718
31 266 381
140 156 68
34 117 389
32 115 190
296 69 947
36 130 192
110 4 289
103 172 808
195 104 757
287 115 888
83 79 606
93 209 748
26 184 388
33 143 110
207 253 346
44 248 288
234 102 453
24 181 530
198 306 139
286 221 589
111 177 618
270 197 118
85 165 711
173 82 63
247 120 671
111 97 923
279 302 698
281 70 112
139 82 719
273 131 77
121 262 535
295 118 264
187 158 392
41 38 839
242 240 52
104 95 126
24 260 250
175 122 835
176 90 60
191 64 840
114 264 651
215 167 765
78 246 774
163 246 831
95 285 507
84 181 528
146 121 412
87 166 731
12 126 972
223 278 725
223 224 276
260 210 210
28 319 351
59 158 741
266 193 930
252 99 286
153 144 623
36 115 854
123 207 496
273 51 44
2 91 484
135 233 981
13 147 798
43 311 101
208 61 357
250 126 961
26 96 463
285 117 438
18 126 269
277 103 669
77 30 614
98 277 22
228 21 67
105 281 503
151 68 271
236 106 462
171 249 681
137 125 649
181 70 258
86 249 48
92 311 569
215 129 623
299 116 263
219 79 659
311 44 908
156 79 995
243 90 500
76 71 158
25 282 889
232 270 636
314 155 903
186 124 475
214 8 303
125 312 977
178 58 27
302 108 141
78 229 471
39 275 678
277 68 777
275 78 582
85 280 764
310 52 320
60 181 23
54 319 70
153 249 244
151 31 100
142 190 639
136 4 373
169 9 981
136 301 86
299 149 324
173 108 452
199 177 506
281 153 221
320 248 731
263 40 462
104 233 451
235 258 788
29 58 815
228 270 169
138 249 882
18 200 617
69 38 296
1 55 101
1 245 377
194 281 136
12 222 355
296 207 581
302 51 514
193 178 448
128 185 80
212 54 457
199 137 371
114 211 91
24 229 702
279 292 582
15 308 30
151 249 932
301 286 310
258 120 425
37 5 29
286 240 339
271 97 429
169 74 237
310 144 97
153 223 124
120 13 405
129 224 951
148 291 102
32 282 930
170 306 242
163 216 47
71 223 992
9 95 642
228 315 61
33 133 691
100 163 84
68 119 793
233 313 483
48 149 870
198 139 111
253 8 211
36 92 567
0 71 276
226 316 255
117 6 151
251 228 555
106 83 736
82 202 236
226 277 849
202 277 309
317 141 136
114 205 758
16 293 27
54 35 223
53 192 836
306 76 526
168 253 836
153 114 35
133 107 597
191 19 931
314 83 599
287 266 782
160 190 44
300 293 461
127 262 620
82 113 669
256 85 279
304 135 224
119 82 404
69 179 5
45 48 976
244 43 294
158 236 955
317 58 911
14 57 866
319 122 872
134 87 384
282 40 183
10 149 398
31 36 961
136 125 398
161 264 26
147 243 13
157 230 406
292 237 866
233 58 425
93 257 751
80 3 590
34 84 704
249 191 751
101 285 437
88 135 505
75 120 880
316 57 78
136 267 199
60 195 255
247 299 619
22 106 419
172 287 507
297 53 883
113 6 557
123 285 711
191 161 911
11 140 850
121 11 572
145 99 647
125 129 884
115 62 949
14 10 635
270 2 358
49 192 478
114 81 162
151 81 139
132 209 820
202 80 927
100 252 847
306 152 84
305 312 104
45 58 321
29 30 735
188 131 540
252 141 642
201 74 710
48 56 723
125 132 413
82 27 369
64 226 770
227 302 160
225 93 624
108 15 887
112 151 911
237 143 404
87 186 90
153 205 282
248 253 625
251 76 102
148 48 380
16 79 827
29 201 824
165 63 867
193 15 449
284 17 185
196 95 623
240 81 136
199 38 551
197 59 69
130 138 340
234 132 170
261 227 443
118 69 792
110 11 545
193 213 700
105 287 313
47 39 918
263 140 228
132 205 339
2 250 502
138 189 111
53 87 571
68 194 440
18 204 225
317 75 450
264 304 793
57 136 805
120 52 422
43 100 290
123 303 57
180 164 427
21 171 579
115 221 360
106 264 18
41 192 617
56 228 264
179 148 915
305 177 774
252 146 762
25 93 177
23 119 541
104 59 840
182 199 386
176 93 789
160 311 783
312 50 765
49 171 302
212 138 519
139 85 729
92 69 752
307 103 267
251 226 994
86 169 554
265 61 533
211 146 543
286 4 64
152 208 851
215 205 868
273 145 303
20 134 807
310 113 156
144 174 572
220 27 992
197 268 893
215 36 969
111 192 35
210 162 978
200 294 520
216 65 484
296 310 538
266 251 447
42 42 354
297 224 161
215 107 387
316 50 428
60 146 899
136 306 299
239 263 576
252 64 999
45 172 154
167 252 437
222 141 567
198 6 542
136 56 26
137 199 242
117 54 414
150 228 66
288 27 510
296 316 70
54 237 301
275 302 152
28 151 599
161 78 956
60 104 822
191 163 261
134 288 231
157 278 263
196 184 672
54 317 217
165 193 915
184 97 15
157 176 749
32 167 471
180 2 770
143 125 142
76 287 957
277 73 11
80 74 367
12 282 946
41 165 295
248 52 805
314 59 67
0 210 901
44 271 936
133 283 23
220 24 639
14 206 369
189 300 26
300 314 498
129 258 856
18 11 728
221 105 520
77 102 162
104 122 344
198 119 550
184 122 227
1 74 340
104 75 123
16 111 599
12 295 99
242 103 905
275 142 83
98 177 932
210 193 229
158 139 658
164 302 53
154 317 665
178 237 930
300 230 925
233 172 767
278 253 560
170 199 449
198 198 895
5 211 813
91 305 777
12 66 171
20 58 152
265 177 636
46 294 247
39 198 41
6 272 936
68 88 575
113 51 920
95 214 704
104 175 757
64 50 414
222 83 808
184 180 403
24 17 530
301 240 415
223 143 561
107 68 668
199 256 562
221 158 631
174 39 239
73 196 286
151 172 106
237 7 741
316 67 261
74 164 84
20 269 202
140 120 124
157 193 621
71 5 179
162 88 773
70 116 95
227 295 70
3 286 795
132 50 384
50 190 718
196 133 544
207 86 607
297 110 537
46 315 32
59 56 448
50 208 404
64 56 147
139 17 73
32 281 693
313 76 680
269 57 589
114 28 806
106 132 782
37 162 369
113 134 444
249 226 484
89 241 507
31 185 588
185 302 413
67 93 784
160 319 52
77 93 78
225 272 323
37 200 392
59 239 284
70 159 407
246 277 870
16 50 956
10 288 394
280 23 659
127 71 41
24 248 678
266 302 738
140 7 955
217 249 403
175 267 818
182 252 134
248 224 915
301 117 836
184 144 611
30 142 999
290 302 319
307 43 357
306 177 106
255 196 691
96 115 790
268 240 557
313 176 318
248 181 642
71 72 825
1 272 156
124 81 995
25 95 349
122 53 5
88 40 888
231 182 479
198 223 315
214 197 545
8 182 106
63 153 806
262 263 742
304 122 348
5 80 98
26 151 596
100 303 109
236 285 908
311 222 728
126 105 260
145 185 435
25 125 151
59 143 201
182 44 884
10 212 859
123 105 913
63 256 930
163 46 510
277 220 197
313 276 266
225 155 395
289 162 602
163 112 221
267 187 472
36 145 855
242 146 32
227 264 954
257 80 409
5 90 455
80 59 939
97 51 171
87 165 452
232 134 29
7 199 728
189 219 343
286 200 785
101 257 685
249 204 251
121 252 670
204 56 577
49 216 808
161 52 146
79 20 896
275 183 530
172 221 127
231 106 663
308 254 261
255 316 724
193 68 113
185 283 383
31 206 764
40 111 151
179 93 607
316 119 602
221 260 486
81 59 279
86 295 555
120 111 31
223 252 65
156 225 720
315 267 656
264 193 848
151 171 125
186 59 998
302 314 594
193 131 546
264 282 68
101 185 276
176 206 628
9 35 420
52 36 697
228 200 20
24 311 404
246 294 397
137 55 117
64 50 105
184 220 899
64 22 720
146 243 451
183 276 77
52 192 400
63 209 751
164 313 227
61 221 548
198 220 512
89 269 782
229 175 330
247 218 316
164 289 698
113 217 33
109 89 199
144 112 395
79 130 804
27 309 205
150 106 913
276 190 225
115 308 552
257 185 18
212 145 932
188 243 936
188 295 181
59 68 728
213 250 848
174 181 100
119 236 841
231 277 156
88 215 67
110 184 20
171 149 689
193 227 345
23 26 812
313 250 903
208 189 895
154 292 926
32 89 391
7 214 796
309 31 738
142 317 585
171 320 703
293 145 542
53 205 667
239 172 317
124 1 375
239 88 230
33 85 927
253 207 102
75 127 260
251 145 974
193 173 879
44 221 473
234 226 162
313 185 985
76 62 305
250 228 871
195 189 105
305 260 124
284 85 122
313 293 497
7 170 261
8 189 13
45 150 610
67 53 493
64 96 616
204 175 458
276 193 172
53 49 798
77 125 106
160 6 590
24 304 938
231 195 269
212 30 385
249 54 744
297 147 3
220 19 562
260 236 616
257 214 477
279 256 673
93 115 141
133 142 901
212 292 17
204 283 278
161 161 991
144 163 106
51 216 335
232 245 25
266 125 793
66 314 145
229 184 942
107 115 242
205 238 280
252 40 456
85 315 19
101 19 881
91 317 22
210 300 298
239 261 933
301 288 142
3 289 443
294 156 214
46 135 235
109 82 202
192 218 440
126 72 11
57 261 234
19 270 970
108 101 328
59 90 919
35 173 918
202 243 821
86 8 926
320 154 617
127 214 744
131 200 911
293 120 557
263 12 426
48 160 379
220 301 194
58 156 487
6 293 768
284 139 574
217 309 197
28 251 895
319 146 339
144 211 542
120 126 122
102 238 485
311 176 186
162 70 705
260 68 739
163 250 96
23 62 424
0 205 603
4 282 968
266 144 333
196 288 689
94 288 679
127 20 795
27 21 179
68 233 724
218 201 79
282 188 158
49 319 891
247 47 493
203 297 384
13 276 496
147 298 711
320 59 792
246 319 691
230 140 225
223 158 184
160 18 548
100 201 345
306 41 711
126 125 385
252 186 452
191 313 852
129 311 721
153 31 686
318 79 670
50 274 714
3 157 951
241 210 51
179 201 701
293 228 322
256 218 7
96 32 370
248 159 716
52 302 86
276 163 840
104 118 299
275 144 273
192 23 596
279 100 618
41 254 816
200 134 393
123 312 666
225 187 260
164 148 464
267 79 43
91 150 970
40 70 100
205 61 788
16 166 571
142 203 543
255 61 858
128 168 578
257 232 875
317 265 711
164 272 504
293 271 926
149 66 486
52 252 534
3 32 290
159 145 331
28 87 19
184 62 532
102 117 987
270 71 95
306 294 260
125 87 106
188 317 596
175 155 268
285 187 216
44 197 341
171 83 581
108 206 3
192 178 744
268 255 522
165 5 295
176 158 155
208 252 802
308 271 745
154 316 710
254 154 776
281 151 57
114 177 202
227 194 344
304 10 711
168 83 152
293 130 57
231 90 86
93 49 916
79 209 104
260 114 420
255 100 493
201 45 380
277 27 776
242 12 533
169 152 889
179 117 343
95 307 915
290 309 594
1 72 907
55 233 664
307 41 153
251 70 659
119 141 61
195 155 668
75 15 549
52 211 36
29 105 735
103 90 788
10 148 71
70 225 733
20 249 719
138 26 842
164 216 740
117 85 368
205 270 992
302 54 668
189 254 709
19 166 980
80 71 121
182 109 984
231 173 964
195 270 733
115 89 302
311 131 539
209 112 987
94 281 865
44 177 207
257 215 690
149 190 964
302 11 400
168 74 413
142 185 84
55 311 913
106 180 159
115 300 721
139 265 360
171 311 410
130 106 181
210 192 567
316 188 277
292 223 350
167 140 376
189 258 576
151 127 827
8 183 916
313 78 867
300 221 223
14 254 54
185 175 567
89 294 27
115 6 633
21 245 545
298 275 514
84 232 717
232 197 804
63 153 174
47 129 276
316 33 406
243 63 127
118 85 716
154 240 779
127 61 80
42 223 352
225 298 62
230 217 519
201 209 837
282 32 537
248 142 611
24 309 548
252 280 133
303 69 502
239 184 242
283 202 247
86 216 458
99 8 776
187 149 499
201 171 881
89 108 794
178 81 439
318 47 891
132 180 255
51 246 313
251 248 605
211 198 391
312 164 721
155 130 695
98 266 651
80 222 15
287 32 73
172 196 955
243 169 136
225 100 372
187 236 179
286 52 138
249 125 309
121 297 261
224 2 495
306 161 775
33 153 768
28 86 926
222 221 67
62 228 356
55 237 878
246 104 966
298 119 324
17 19 365
12 34 452
149 28 570
89 282 252
279 315 446
82 147 817
91 232 387
130 300 397
150 263 67
315 287 314
249 55 833
232 265 609
166 120 382
294 222 797
227 173 507
320 269 955
111 165 406
180 71 113
223 310 791
306 241 57
134 74 723
93 191 865
110 30 30
242 8 898
174 231 838
178 149 397
320 206 606
28 91 783
199 44 855
51 41 610
190 24 777
311 266 388
250 127 352
77 161 500
309 122 473
318 215 759
225 287 346
128 121 322
209 302 458
315 20 380
235 32 834
82 318 362
208 205 558
288 64 554
32 265 448
268 250 93
191 286 549
71 68 349
47 110 974
142 208 396
167 158 708
37 314 287
131 135 385
46 27 208
309 56 454
197 168 760
174 18 929
46 130 456
105 198 617
237 147 680
258 25 315
230 250 665
176 160 235
243 22 278
195 171 9
102 211 879
263 211 334
4 252 559
61 14 871
111 174 96
202 132 718
193 104 93
291 80 867
163 186 397
107 172 135
108 52 12
294 82 16
251 176 486
147 319 466
175 287 451
99 100 574
158 167 926
121 4 33
62 138 120
138 14 565
292 99 186
14 306 484
166 279 938
218 88 976
280 29 590
90 173 774
240 314 374
154 46 272
254 99 945
232 320 145
213 303 335
167 46 540
24 69 100
230 317 277
220 151 315
59 195 245
108 270 339
202 238 674
152 43 65
97 87 121
238 158 141
297 69 346
155 87 369
176 154 202
258 136 117
42 243 164
189 196 528
320 171 360
281 265 474
89 277 162
10 300 523
150 55 944
277 43 282
1 279 983
103 217 436
166 223 951
276 156 567
62 94 421
57 270 149
71 303 904
64 146 653
188 128 301
82 288 401
133 248 775
262 70 747
257 268 577
86 177 184
19 17 549
107 105 569
84 292 471
218 221 165
64 187 679
102 7 621
155 106 137
66 288 488
208 54 213
103 292 271
214 66 318
11 186 582
123 221 913
251 100 882
189 319 656
70 105 22
210 89 647
319 112 779
29 8 591
261 94 393
320 284 474
53 8 503
73 80 69
153 254 8
111 22 724
191 265 138
35 79 281
124 220 87
184 186 30
99 279 168
128 160 631
78 128 145
245 139 67
140 214 628
172 44 244
124 213 295
273 253 868
224 13 295
75 13 26
230 309 143
170 78 38
206 39 945
45 131 82
143 90 921
171 251 311
248 119 216
157 132 161
205 48 929
60 204 28
263 175 460
14 115 851
61 231 626
78 86 744
106 64 904
74 233 490
295 69 807
97 230 948
159 319 406
50 97 312
254 157 626
77 101 306
213 237 209
22 30 195
39 276 571
50 66 554
298 249 553
177 258 443
241 125 534
237 292 351
188 271 400
305 203 866
214 111 739
224 133 830
45 193 774
73 188 559
183 48 270
208 262 658
248 46 249
316 13 915
297 160 375
268 290 511
311 63 569
91 101 349
22 156 435
258 303 631
21 267 925
268 156 845
281 239 58
53 94 412
13 60 806
248 96 384
35 121 775
83 125 182
88 144 747
0 209 846
247 240 165
57 234 33
109 59 523
99 58 357
250 283 306
146 74 482
15 52 167
101 181 618
96 257 555
218 204 359
307 231 590
211 3 771
190 144 545
255 278 356
273 291 846
261 308 119
246 0 717
238 294 603
317 69 426
287 17 246
79 45 155
242 122 784
273 302 547
181 39 487
158 302 250
228 145 560
134 254 653
141 79 182
315 271 965
72 80 274
260 280 830
216 59 534
256 172 331
12 295 275
192 199 303
318 243 627
184 186 785
306 280 868
175 53 624
19 211 183
260 161 498
300 240 584
267 133 300
314 36 686
184 94 546
152 60 901
176 189 348
263 110 460
181 253 852
63 34 394
206 153 147
13 160 246
41 178 862
203 15 624
89 80 680
86 293 815
277 302 613
246 293 387
155 223 868
118 316 931
122 263 51
286 241 252
123 79 422
41 259 115
89 214 979
7 262 698
14 305 979
215 40 655
22 314 880
261 231 327
281 314 732
124 101 827
284 211 938
45 310 13
179 88 387
73 22 239
257 22 417
66 297 67
229 23 978
115 270 686
31 282 122
221 280 171
57 95 455
7 8 376
252 180 180
216 59 896
71 270 261
110 213 452
311 279 835
89 269 303
87 58 664
194 234 139
138 165 395
316 102 574
264 285 24
120 143 693
98 2 459
34 23 206
144 153 223
174 234 878
239 38 821
92 296 502
89 108 711
177 42 378
181 320 756
89 209 587
196 218 129
197 195 786
30 195 940
76 140 853
11 45 651
276 223 576
29 218 197
33 162 12
245 251 395
309 26 662
94 52 317
237 188 705
32 6 553
58 129 911
265 247 676
141 122 888
93 133 833
253 258 676
35 10 629
17 192 679
266 61 61
13 213 745
232 132 111
250 91 839
149 222 736
293 318 749
133 242 580
122 26 589
144 122 385
81 75 770
5 194 756
165 283 931
296 207 632
102 10 963
306 27 853
208 243 956
0 199 392
180 255 935
59 205 888
231 225 785
51 125 585
281 195 470
241 202 0
46 240 110
65 209 894
200 108 293
43 108 27
44 153 380
111 195 837
272 242 397
203 142 425
33 113 146
301 41 4
150 224 278
197 136 559
188 232 903
213 253 979
307 109 693
313 154 117
140 19 209
176 0 693
100 245 761
128 161 76
252 254 153
138 245 307
30 236 180
90 195 296
245 114 664
105 185 893
290 225 669
316 278 923
190 289 619
76 72 492
114 135 288
249 85 132
233 280 857
287 55 570
39 107 313
85 147 252
224 26 919
318 119 949
30 115 442
155 312 411
81 220 272
304 319 950
55 294 697
93 160 857
191 170 886
119 100 775
52 4 87
93 18 345
108 96 346
272 160 346
28 314 97
83 253 599
100 112 712
150 89 533
22 313 391
160 174 102
142 143 541
221 158 135
143 258 331
265 284 470
164 156 589
37 202 575
138 55 84
30 99 438
298 119 664
134 226 398
19 293 735
74 45 108
302 306 28
254 0 966
311 311 613
74 75 301
306 90 867
289 103 537
43 34 878
43 156 320
138 119 659
240 156 820
225 52 648
140 285 307
115 52 845
104 219 52
75 76 765
226 185 879
25 100 227
21 67 13
306 311 466
91 18 725
192 159 36
275 40 595
283 141 231
141 60 871
277 37 937
313 199 843
111 267 120
262 16 599
231 50 556
113 187 644
209 161 336
295 64 310
232 89 882
207 18 88
254 114 418
224 38 277
146 147 117
144 204 371
122 256 560
242 277 6
163 281 697
5 296 329
176 59 948
210 111 75
243 91 634
247 209 849
224 202 729
313 292 692
111 44 346
292 46 917
142 55 502
48 182 389
215 154 586
276 7 963
3 110 429
274 181 950
147 315 335
243 177 149
77 188 227
98 170 605
119 250 955
304 14 549
310 133 818
79 135 320
28 170 897
288 113 100
187 17 632
144 212 280
177 50 450
16 221 688
29 183 175
213 26 776
18 77 680
236 170 242
172 301 885
256 262 447
131 227 392
247 138 201
108 204 181
98 222 418
5 166 526
313 303 483
15 132 330
177 254 688
56 294 861
273 102 519
45 7 746
89 85 160
68 218 527
127 168 653
189 19 797
26 196 244
149 39 235
51 244 85
247 256 196
186 129 701
277 284 934
19 57 775
169 296 614
49 32 624
34 263 838
219 216 102
68 183 291
262 168 511
70 158 684
49 161 504
214 285 837
75 102 592
55 146 165
281 28 314
84 68 93
260 291 303
74 223 86
7 68 137
157 4 767
98 167 201
233 92 576
64 313 271
234 300 988
292 239 121
214 166 966
233 5 709
51 27 724
127 254 315
221 81 47
208 105 976
196 9 825
171 12 738
144 53 862
169 121 789
191 281 487
99 149 274
163 144 315
223 258 931
146 309 888
207 168 941
109 22 58
50 128 232
184 285 720
169 176 927
29 234 719
120 61 599
53 130 809
84 197 179
223 291 7
162 277 374
117 275 283
13 187 272
7 88 243
231 233 778
262 280 999
90 271 560
1 253 49
172 192 512
75 219 630
178 201 337
156 242 38
166 158 323
76 71 466
131 297 974
75 136 665
113 154 834
91 318 411
193 59 827
14 25 234
309 54 318
135 35 55
194 319 554
270 277 44
47 81 923
69 242 204
93 221 869
282 110 113
46 25 382
268 19 797
189 193 810
32 176 260
180 320 581
189 101 597
2 287 106
147 304 369
213 1 878
256 175 558
287 255 781
123 2 242
9 236 438
293 300 720
24 70 872
201 23 609
26 33 852
263 97 998
69 181 248
176 315 796
305 172 108
162 219 833
80 162 448
47 303 871
253 30 240
132 229 553
55 20 816
101 277 494
105 201 100
29 103 635
173 286 58
257 19 664
292 37 746
162 138 630
117 159 952
163 134 164
57 40 32
206 236 707
278 162 860
154 141 686
108 105 230
100 120 965
67 103 886
118 235 419
18 79 561
150 267 27
33 118 429
62 81 699
87 312 796
98 313 304
74 275 121
167 21 191
298 14 440
41 49 577
113 77 395
206 181 666
225 13 55
266 141 326
27 106 322
112 251 26
66 246 747
124 20 851
175 177 578
7 274 357
312 232 852
307 290 529
225 286 280
262 312 708
163 168 974
291 11 108
183 188 248
165 272 425
155 198 829
95 21 947
299 16 256
282 183 691
36 48 847
278 9 22
61 71 251
275 75 770
86 296 535
152 249 120
249 106 859
217 11 894
160 4 190
297 78 370
80 202 369
217 107 643
2 176 375
269 235 325
227 46 412
131 227 255
127 238 436
145 137 219
262 311 368
84 141 21
122 94 685
48 45 788
154 218 635
31 303 158
99 30 976
66 227 571
151 234 277
182 306 215
146 166 309
171 159 249
127 0 626
193 150 185
227 59 987
13 194 766
111 309 265
33 269 85
222 277 719
113 201 54
302 72 472
116 253 550
149 164 306
301 14 11
87 227 994
29 15 433
21 246 492
290 163 137
290 35 347
53 238 118
223 270 949
255 288 300
233 187 509
110 73 483
88 136 437
9 238 810
20 92 761
234 316 267
76 171 51
248 30 40
101 47 518
59 238 70
258 57 405
131 136 729
31 299 523
150 197 645
260 276 583
155 125 827
275 161 775
47 257 412
315 49 707
202 70 866
294 82 585
108 318 197
243 154 494
130 194 567
277 207 64
36 132 586
24 90 67
247 288 102
174 137 84
319 305 732
74 250 704
41 287 503
24 62 784
231 198 777
205 131 390
182 205 740
240 244 259
290 80 557
273 280 594
274 266 386
314 130 862
253 11 474
43 112 125
150 99 917
38 131 195
238 269 226
279 177 774
55 287 119
249 28 664
301 143 648
115 6 40
158 147 603
173 208 162
316 205 426
125 91 73
80 259 849
318 160 471
188 147 538
66 280 274
64 202 700
199 101 739
204 226 283
107 165 224
275 243 201
317 278 114
104 292 192
1 260 782
138 148 931
134 219 459
209 305 360
80 177 691
76 219 850
140 139 965
8 169 498
130 61 50
136 203 907
149 246 945
51 64 944
32 222 383
193 292 710
88 181 979
295 157 504
186 206 707
15 165 451
108 293 712
145 81 958
134 189 139
147 203 389
21 7 856
43 256 530
16 217 234
6 292 481
253 201 412
27 236 577
244 14 393
266 185 829
210 32 565
97 197 107
191 231 492
116 142 745
5 253 624
153 169 298
10 63 384
38 157 664
55 268 562
151 135 779
209 219 780
208 78 414
37 192 748
15 199 641
6 162 880
194 56 941
80 249 381
28 272 97
137 86 627
200 99 266
175 308 620
123 114 887
153 103 263
7 244 679
174 81 306
254 174 774
175 3 542
233 236 781
65 5 864
121 315 356
278 255 216
53 38 806
35 101 512
176 86 342
100 7 90
43 94 167
269 107 935
84 102 59
106 26 133
208 262 188
72 306 129
110 195 831
60 209 964
173 70 65
0 250 791
244 22 410
242 124 237
129 127 989
305 226 346
51 226 348
177 16 286
203 231 273
312 63 208
310 82 159
227 184 975
211 313 931
9 251 637
18 205 270
41 174 407
270 105 898
272 175 602
13 121 543
158 255 985
283 143 249
119 66 499
174 31 150
279 275 470
76 9 623
97 181 285
193 133 288
255 49 396
219 272 461
267 16 282
76 193 647
102 212 989
31 116 80
149 96 466
81 122 657
222 258 757
119 157 58
250 300 776
110 270 510
289 254 256
10 239 683
285 149 547
187 135 927
254 236 69
264 53 642
196 261 576
269 136 726
282 175 552
253 192 260
263 279 249
209 7 687
223 283 852
158 33 840
179 212 6
126 203 101
163 159 2
219 140 136
36 175 276
307 235 265
289 228 195
109 124 493
258 156 316
12 56 975
179 30 953
69 178 589
34 202 253
149 25 144
123 296 995
314 144 104
99 5 224
4 251 186
75 2 893
158 155 646
60 254 278
300 192 806
262 98 440
158 300 963
20 140 206
162 291 316
256 87 673
24 159 811
53 248 760
249 174 844
292 138 458
180 140 106
100 237 887
17 112 228
132 37 755
59 119 284
25 23 173
249 196 440
73 208 273
188 268 585
286 11 629
276 184 678
142 156 819
150 149 104
20 184 933
25 75 625
119 140 31
82 245 997
174 6 582
35 11 945
122 52 691
311 196 266
126 204 244
262 302 50
104 293 586
128 267 399
34 297 717
176 238 160
309 93 368
204 137 490
247 193 604
5 102 981
238 108 687
40 97 351
144 319 291
146 280 131
213 20 574
259 173 168
20 187 147
39 64 976
254 114 536
17 163 946
298 100 836
49 6 358
99 290 164
201 58 270
85 15 783
185 164 140
266 19 715
291 286 530
217 145 547
34 148 765
270 66 286
171 47 818
112 215 36
119 87 875
4 307 269
51 35 604
176 106 122
269 251 514
236 21 919
150 259 941
93 248 573
124 49 516
131 35 117
239 127 280
148 58 692
60 35 508
94 88 337
250 315 659
57 30 352
263 183 784
252 153 627
268 110 125
39 166 960
58 313 56
83 234 39
36 142 254
33 113 964
280 300 857
252 145 758
29 163 4
163 187 892
308 222 971
100 125 261
282 276 208
139 25 777
91 108 84
261 49 67
271 309 655
237 117 793
135 310 620
95 126 985
34 200 368
133 212 14
238 292 787
149 9 473
239 291 89
210 161 211
35 271 255
107 185 112
167 75 298
8 14 956
99 151 881
198 202 55
238 280 80
187 40 744
8 79 653
117 290 222
95 261 770
96 33 921
60 183 214
94 196 382
89 231 179
285 109 680
267 297 790
84 41 958
319 201 9
157 88 668
171 152 358
234 13 537
151 251 792
134 201 624
148 233 747
160 54 943
18 291 776
53 291 644
310 48 849
123 285 316
134 148 642
302 86 272
258 110 319
93 20 86
74 213 709
9 72 691
191 151 305
177 191 996
320 175 802
71 199 513
226 169 185
190 25 160
280 185 663
9 109 19
290 291 841
201 319 35
104 77 462
133 55 784
305 141 920
101 158 344
262 173 618
36 293 174
10 318 644
50 234 35
239 17 112
224 45 596
299 152 896
5 64 530
128 159 593
75 12 789
237 270 176
43 17 174
317 97 230
165 51 663
173 193 108
84 199 110
23 223 41
183 112 883
231 186 338
245 269 585
232 305 835
291 319 776
245 313 264
72 166 36
198 53 226
23 12 751
35 38 443
154 38 297
277 44 776
248 65 240
132 72 517
101 79 786
313 45 752
128 138 795
236 317 456
192 152 962
25 117 793
83 1 626
24 30 172
124 21 610
172 12 644
216 192 817
231 188 454
78 72 663
88 166 825
16 92 450
73 246 939
166 155 772
184 279 686
12 55 874
189 197 781
276 210 26
4 311 540
135 232 129
308 26 931
196 273 84
90 281 95
19 18 278
38 46 157
243 103 475
166 309 704
191 0 284
186 35 51
66 96 412
71 289 965
293 230 304
14 31 25
283 12 277
258 120 557
175 158 497
164 133 375
23 174 898
315 154 665
301 140 107
222 216 710
156 229 115
64 45 768
98 155 858
110 49 347
214 13 437
263 46 878
59 51 796
134 66 861
199 245 360
185 185 684
45 177 467
10 170 507
74 315 800
57 122 330
2 162 214
141 130 261
216 139 600
126 204 802
211 171 417
176 71 611
20 289 161
222 168 280
262 80 965
200 263 777
296 32 3
289 137 622
316 0 79
163 218 20
35 111 736
97 60 98
111 225 743
61 312 830
161 260 696
127 229 483
258 243 720
62 131 593
93 66 794
207 216 527
75 294 686
137 34 747
296 271 555
301 153 665
155 22 230
187 285 527
63 47 371
222 203 351
314 252 860
212 298 396
262 318 384
45 150 860
293 162 808
266 226 458
213 110 327
129 29 225
296 105 502
110 253 821
142 206 492
247 138 949
33 27 107
264 302 503
243 302 428
207 148 513
115 141 970
125 137 282
265 319 508
236 181 101
170 217 361
115 217 250
0 36 611
246 57 497
182 162 563
69 239 51
46 41 185
100 217 290
4 184 775
114 126 739
103 99 679
218 171 616
21 138 551
221 16 793
123 66 672
8 108 408
100 251 449
53 158 822
181 195 130
193 156 872
45 50 253
114 173 549
288 251 533
54 308 415
158 26 874
174 243 744
282 154 62
211 37 773
246 40 522
267 75 935
225 108 15
107 74 518
168 82 984
145 128 710
47 45 278
296 8 421
42 213 104
246 80 355
104 146 737
130 43 23
6 157 665
87 15 309
240 35 496
124 267 74
199 192 899
148 226 391
134 54 397
148 60 367
227 209 684
291 221 852
82 25 619
292 222 178
316 270 746
83 88 224
142 169 437
276 291 907
201 75 363
274 210 387
300 197 53
13 157 39
160 295 257
207 35 570
24 286 426
168 200 661
35 113 405
276 165 514
262 303 22
55 78 180
36 144 445
1 267 813
108 255 648
282 34 808
252 56 368
13 180 419
294 3 733
157 232 370
77 205 386
5 253 123
309 235 908
73 133 66
270 224 282
61 52 604
226 169 104
227 180 764
27 150 237
313 300 137
269 46 419
88 225 459
289 23 395
165 244 370
27 241 653
121 4 993
93 288 475
25 36 79
303 289 701
310 206 186
64 210 503
46 8 36
57 54 446
45 250 967
91 0 471
150 274 908
320 241 302
255 147 245
277 234 336
34 26 156
251 35 430
178 248 387
195 238 817
17 280 380
129 161 825
142 267 127
238 148 359
307 0 419
99 114 267
283 286 697
11 57 475
165 307 843
136 96 728
124 302 996
236 65 520
309 259 463
71 187 374
73 221 192
198 63 534
166 57 82
273 204 985
110 4 660
35 279 816
119 210 826
315 316 986
7 212 980
268 173 770
198 169 836
105 276 732
94 72 686
66 314 365
210 218 897
171 280 487
185 118 710
234 308 4
283 7 462
104 228 107
205 139 552
144 229 679
66 40 916
103 188 920
177 143 207
120 258 86
259 232 296
97 65 667
208 115 189
254 299 707
306 255 382
42 160 174
107 293 437
98 94 871
206 203 564
303 116 955
40 246 128
32 247 549
70 158 718
89 223 788
319 45 262
172 147 134
4 300 481
21 277 28
115 196 529
257 166 630
256 197 207
57 257 847
99 114 485
137 71 42
96 192 467
187 133 257
99 61 59
194 260 996
254 238 327
90 122 883
20 169 957
20 55 722
169 106 290
36 168 483
20 13 28
0 293 783
66 226 776
282 249 966
88 99 400
175 189 349
148 204 742
157 211 1
16 264 937
161 285 869
103 106 908
123 102 78
87 151 232
69 46 246
257 30 880
140 21 305
110 103 276
118 252 355
38 104 221
159 293 55
75 230 609
183 233 295
274 256 244
41 238 619
143 61 225
180 181 557
307 233 168
308 57 245
43 270 739
228 312 924
113 49 833
237 234 929
299 225 107
249 209 418
227 312 655
184 99 782
96 176 877
306 23 778
264 201 695
2 270 110
297 292 52
58 103 484
32 100 392
85 276 942
89 279 306
113 21 703
131 243 161
175 229 883
215 236 366
98 287 62
50 100 39
70 185 778
148 150 657
195 178 649
305 24 939
204 170 792
178 45 917
203 58 245
197 261 793
221 56 559
40 151 877
217 262 549
122 44 287
76 11 955
197 77 115
11 154 209
31 226 644
98 230 221
280 96 648
281 148 319
52 42 135
289 130 332
310 242 770
147 69 50
200 74 970
68 23 802
202 127 565
62 122 821
196 93 268
16 290 618
300 287 324
319 297 714
228 190 436
266 166 588
14 91 260
247 120 400
152 237 436
261 209 860
251 36 344
220 285 418
175 150 907
15 24 281
103 210 577
248 104 902
173 159 839
229 171 689
26 303 405
287 174 696
3 231 385
43 61 457
120 64 149
40 151 221
278 135 769
118 203 849
230 40 915
55 296 87
227 6 171
23 175 255
268 208 678
191 257 848
304 84 672
237 34 369
149 190 254
264 108 103
175 55 582
146 273 314
156 299 226
181 174 753
229 118 828
222 204 420
233 16 93
232 262 414
56 86 860
268 235 467
178 131 708
177 81 459
273 318 487
84 182 230
175 135 500
174 190 622
272 92 250
276 180 324
251 15 640
37 152 947
8 99 569
171 77 303
213 176 144
190 132 984
203 241 918
57 85 786
283 172 633
304 67 179
215 11 910
8 48 833
154 187 196
176 127 979
6 288 452
84 137 7
112 58 415
287 80 691
51 289 706
135 139 480
311 31 510
41 4 580
6 185 714
227 190 824
172 136 843
294 292 88
133 22 996
80 30 368
39 176 885
296 20 727
272 20 725
288 119 703
36 173 663
37 197 558
16 174 207
300 79 645
27 218 869
35 152 714
45 283 293
314 41 214
248 201 194
264 226 178
11 11 494
215 64 380
67 253 511
182 256 693
52 41 95
9 277 233
10 49 208
261 169 844
175 244 955
184 219 80
293 17 43
150 105 194
316 240 332
4 10 468
120 180 353
223 49 951
264 76 738
77 146 87
224 257 991
118 90 910
257 233 506
46 172 82
145 2 840
219 316 695
2 74 992
268 7 606
223 183 78
7 23 544
222 153 639
125 38 112
166 177 342
70 274 269
277 116 743
215 200 923
238 315 749
292 111 467
194 196 535
272 259 612
100 285 258
171 4 162
187 192 429
211 203 693
283 1 909
289 100 785
171 117 934
280 195 711
198 49 25
6 273 365
11 157 183
242 156 302
143 96 712
189 141 360
176 269 364
191 294 644
193 263 129
285 29 760
253 280 284
288 235 88
46 239 275
73 158 692
25 126 731
249 23 542
143 213 603
288 233 287
114 34 204
32 304 845
241 40 437
233 156 717
169 238 11
297 302 535
157 89 861
10 284 541
78 112 992
216 248 137
270 49 604
255 24 568
239 107 424
250 204 277
157 15 190
44 77 461
18 150 802
6 280 391
105 44 72
17 126 696
43 73 997
3 245 467
133 175 1
12 134 230
61 165 596
226 320 342
244 305 610
62 122 692
41 196 304
35 80 692
58 127 942
226 88 205
117 12 535
48 197 4
289 135 656
248 264 239
67 233 411
177 154 657
84 140 601
165 14 840
232 259 577
46 7 311
105 82 892
45 266 459
279 294 983
2 103 366
158 76 812
315 306 884
262 225 399
215 20 516
133 149 661
22 189 338
164 51 794
65 124 974
22 66 20
116 41 921
188 303 871
309 98 858
169 130 322
279 270 13
3 15 591
287 252 814
296 258 964
253 279 607
174 26 11
311 12 794
235 265 324
258 101 126
260 280 672
98 245 944
241 260 581
105 186 994
317 81 40
57 216 689
256 95 752
79 219 884
180 66 511
156 196 606
60 99 476
36 227 378
3 167 435
298 300 914
67 124 869
295 32 95
95 313 203
52 262 7
306 237 991
21 41 765
251 186 374
298 209 483
291 194 637
99 1 817
84 159 622
159 315 607
134 300 324
303 103 482
0 116 683
90 49 676
53 246 643
81 77 683
169 107 267
116 12 210
97 15 674
81 44 251
39 242 953
75 308 345
74 32 765
98 67 705
136 237 741
194 145 724
221 306 401
148 183 794
215 199 811
103 115 758
186 195 75
101 216 294
208 150 154
172 182 561
68 53 548
48 102 930
205 47 371
162 19 185
233 41 815
293 176 915
136 130 109
16 89 421
55 186 276
304 130 995
85 131 320
263 143 204
206 185 387
192 78 771
10 210 752
80 261 78
13 18 540
98 210 239
42 313 427
240 130 950
200 316 87
89 70 823
223 69 584
189 163 269
281 303 857
297 112 49
259 74 101
278 99 153
245 137 897
45 137 595
237 227 629
253 177 770
118 137 423
279 185 615
314 47 915
100 22 132
160 260 564
110 307 76
239 285 393
73 248 758
128 68 261
165 48 673
123 50 68
218 220 87
124 317 867
88 43 486
111 126 983
267 16 741
242 251 48
309 165 508
14 0 157
249 235 675
286 52 720
229 309 537
212 212 413
164 311 505
252 106 623
157 245 836
121 185 111
104 44 860
293 315 78
10 234 69
211 64 603
268 119 97
176 137 319
173 174 773
220 184 94
217 204 130
102 184 915
34 196 916
73 60 187
11 45 376
87 147 78
218 311 488
162 319 762
216 90 767
142 181 870
284 96 280
315 106 760
258 296 887
296 227 267
172 108 651
320 87 507
173 120 860
178 298 61
299 200 519
16 222 0
75 69 551
118 13 679
156 41 215
60 146 773
272 319 922
260 287 219
9 100 834
67 8 665
2 244 241
317 237 575
199 133 8
298 124 320
244 213 368
14 243 512
229 58 498
258 222 757
186 84 610
58 59 534
72 83 361
300 85 47
178 77 278
43 216 18
47 81 90
299 202 354
313 74 70
266 165 86
314 147 38
182 177 120
91 238 836
267 202 578
112 90 83
287 21 172
102 183 881
2 85 435
264 180 480
292 300 598
231 2 860
310 7 759
131 251 142
178 57 806
101 68 220
211 68 171
53 292 691
11 250 597
178 12 856
12 182 627
27 214 599
123 236 30
199 136 317
191 201 803
264 10 534
248 235 2
94 278 703
47 30 966
87 190 914
258 199 312
12 143 456
117 179 514
70 150 646
288 118 641
258 319 549
269 41 238
249 314 177
266 83 632
152 199 695
296 300 742
230 309 310
11 210 634
106 282 382
7 299 852
31 29 379
284 149 682
132 154 988
139 223 761
12 247 613
13 124 515
67 5 913
193 217 150
118 51 854
169 66 302
237 113 986
312 53 118
36 74 959
281 165 811
145 233 557
88 62 645
318 136 523
148 212 866
166 2 3
34 170 403
50 258 296
82 166 361
170 25 353
177 7 870
96 176 876
225 264 330
55 117 327
157 240 787
67 249 558
266 285 959
150 248 730
255 280 989
259 167 280
200 8 299
285 100 380
214 297 560
89 320 976
115 166 991
277 289 592
82 315 522
292 48 458
104 2 417
248 65 12
309 138 473
230 239 357
48 303 34
217 294 94
74 123 876
318 245 892
77 120 594
172 77 214
225 136 453
208 313 843
252 191 628
160 157 277
104 121 305
124 272 391
139 116 120
188 216 793
252 41 521
172 297 541
75 103 925
219 22 339
8 47 979
163 179 207
166 244 24
258 246 254
182 156 630
16 312 655
31 237 264
246 110 457
13 244 543
183 87 621
201 281 993
229 210 916
184 244 195
36 71 642
306 178 682
167 133 897
130 156 389
63 295 242
232 31 122
130 187 411
78 148 680
292 296 314
153 29 628
137 30 354
0 79 255
83 51 768
183 7 719
240 297 860
240 11 122
253 185 984
190 311 448
212 307 130
10 198 477
237 117 669
158 179 16
253 310 866
56 23 30
2 3 320
172 204 955
116 79 38
271 21 339
14 48 968
248 148 652
84 258 521
311 6 883
51 105 849
64 199 1
46 53 399
19 125 984
211 310 792
302 10 127
212 1 972
218 251 997
167 286 797
212 271 159
245 238 744
10 263 861
30 244 838
213 299 391
50 228 774
290 22 242
54 165 913
172 60 325
8 161 132
212 155 289
70 140 527
224 250 535
240 188 899
163 30 346
154 169 963
183 10 712
228 137 263
84 235 34
159 136 468
110 168 785
310 303 833
141 259 493
260 227 268
48 289 330
244 166 698
52 57 733
208 74 788
190 150 655
18 242 909
273 152 201
109 145 912
267 301 439
149 316 169
231 161 715
297 244 88
27 208 743
43 179 859
17 240 229
193 4 851
79 135 332
117 201 864
243 138 588
193 97 685
123 83 818
13 158 889
165 205 582
149 191 3
156 154 790
65 240 967
187 64 69
4 148 0
274 105 29
214 298 68
268 296 211
112 222 295
192 273 363
281 251 31
99 309 228
70 143 299
157 272 546
8 65 198
9 134 959
212 126 534
316 199 399
284 222 708
78 307 480
180 141 310
116 69 774
300 19 676
47 124 651
77 129 521
13 145 264
88 183 105
17 74 520
5 59 611
64 125 886
312 24 720
6 231 837
168 229 92
135 16 455
24 126 397
52 144 831
304 256 11
303 67 341
274 164 558
302 180 675
249 169 291
226 21 434
5 197 40
194 205 785
10 2 468
219 281 725
48 31 799
113 160 482
51 175 225
178 246 793
91 222 64
99 289 913
294 132 429
307 45 6
229 231 606
48 171 503
222 261 985
295 111 619
148 93 2
234 155 522
0 31 42
0 112 800
161 40 931
167 169 456
282 307 323
265 281 229
121 308 230
291 214 66
99 194 452
230 127 37
134 320 197
319 137 885
306 189 733
3 128 912
222 97 854
84 234 694
162 203 128
132 2 42
50 301 352
129 18 388
181 201 488
315 163 444
269 296 368
312 55 611
21 267 500
305 16 804
191 262 695
241 260 809
149 78 317
193 153 309
48 175 166
271 169 226
148 102 677
35 197 109
249 104 13
13 148 415
148 156 730
128 1 787
67 137 594
261 112 663
202 303 113
226 127 747
270 176 311
67 84 776
199 84 309
265 109 514
78 137 120
15 104 90
124 104 867
253 28 4
258 294 129
42 278 74
294 171 780
149 44 273
259 54 283
279 207 67
268 24 82
28 246 208
229 154 195
42 79 383
6 282 68
23 74 830
190 214 631
293 138 366
110 314 223
113 28 792
112 267 549
87 160 391
283 319 587
263 39 410
299 111 572
211 298 153
291 202 314
215 213 844
268 103 289
287 38 857
138 175 779
99 134 793
57 211 346
316 221 551
317 120 108
150 205 590
245 203 682
95 20 360
309 296 879
146 236 13
184 167 17
13 221 647
164 270 996
88 270 182
12 13 368
256 55 99
186 4 737
14 104 438
159 95 885
180 206 121
96 78 361
49 256 419
84 58 995
73 303 46
317 52 49
241 199 995
198 70 7
146 21 657
161 241 997
106 211 478
203 86 368
95 216 184
105 128 853
18 299 689
240 207 368
272 235 323
215 241 34
303 97 904
261 23 583
310 179 936
70 307 834
222 101 830
318 289 752
128 13 837
151 173 528
213 200 435
203 155 700
223 315 648
286 112 641
238 297 64
310 275 414
133 253 155
308 300 231
76 199 745
316 0 275
116 139 882
302 36 993
3 313 863
286 169 701
22 271 648
201 239 927
216 62 35
156 37 210
127 105 61
163 6 663
286 83 544
204 213 624
137 281 725
114 190 794
4 237 904
184 15 295
305 262 778
1 283 892
168 9 849
221 278 472
103 198 187
6 265 767
56 19 246
192 169 434
166 173 962
129 40 151
95 175 202
132 216 49
143 33 550
22 319 883
111 96 506
293 41 498
132 295 382
81 291 3
137 68 390
201 268 682
278 132 741
239 246 425
319 293 835
33 208 841
218 140 303
262 138 516
79 74 996
47 183 71
199 277 485
188 14 728
295 83 697
30 38 67
171 307 160
187 25 301
27 38 630
152 182 92
44 84 110
299 272 426
225 244 491
279 218 384
35 149 943
69 181 709
170 248 233
286 148 108
312 235 494
40 36 46
228 61 308
156 21 322
136 142 721
141 4 285
12 127 686
205 236 859
102 280 286
7 11 638
34 195 505
70 80 706
74 56 752
294 2 289
257 273 522
162 96 244
253 73 903
253 149 65
48 11 855
89 70 143
248 14 792
290 139 369
154 155 387
1 159 450
130 8 117
245 211 163
317 62 365
171 280 111
214 32 336
241 254 464
203 104 846
243 143 72
14 214 62
246 306 115
127 128 697
46 210 78
152 156 932
165 221 751
297 290 846
40 87 476
205 235 203
189 277 544
208 310 4
145 176 258
202 303 483
212 119 325
206 36 257
172 315 641
318 38 758
97 4 434
78 128 814
187 234 306
181 301 393
143 191 909
103 201 649
66 25 39
83 226 411
49 141 913
80 254 985
2 23 898
90 259 635
189 81 863
299 230 137
200 274 449
265 316 206
3 102 661
225 69 431
211 243 251
318 243 631
277 295 893
59 202 15
232 273 729
32 313 186
145 176 983
28 75 149
237 70 444
95 14 967
278 23 932
148 46 337
302 131 63
18 178 781
42 282 315
291 81 759
207 282 823
194 73 620
318 223 586
160 238 163
66 38 827
11 302 145
135 219 273
19 269 388
219 316 814
272 114 830
130 138 632
219 316 202
92 85 598
209 33 39
313 131 234
272 32 508
49 11 727
295 190 729
99 20 736
45 239 478
10 44 453
129 91 935
23 220 358
188 129 814
259 272 772
29 190 367
251 40 986
133 28 979
125 293 933
30 295 948
251 90 347
313 225 495
279 41 63
221 69 678
225 70 435
163 151 23
50 208 745
306 61 860
279 72 601
161 162 425
309 243 344
77 242 44
124 201 265
191 178 146
50 155 889
187 266 459
272 140 1000
236 298 100
143 120 969
44 162 605
206 64 372
252 97 144
92 167 850
17 213 311
84 79 67
129 235 579
117 292 394
316 277 907
288 4 247
275 310 166
279 214 861
52 306 861
64 38 243
314 281 231
207 184 564
296 304 518
6 176 584
156 128 29
217 287 455
198 120 427
250 281 428
167 16 961
86 312 303
281 135 509
84 251 428
262 84 385
301 206 148
161 84 555
89 313 258
10 15 346
152 257 567
123 5 440
298 272 602
298 235 501
285 102 511
274 211 513
259 99 163
162 202 468
159 2 427
159 37 858
240 68 91
228 270 865
189 251 721
83 311 431
80 186 583
303 11 223
218 180 15
28 96 288
191 77 239
246 222 981
174 199 691
54 207 315
98 55 938
172 171 753
78 258 283
230 255 729
299 11 444
102 191 423
171 5 946
24 113 661
62 276 16
121 193 198
15 220 543
117 111 604
306 103 134
310 186 320
102 167 490
240 218 541
220 293 88
318 40 901
120 236 723
255 46 289
260 219 394
185 101 522
172 206 56
203 41 508
263 180 912
49 164 780
281 105 926
27 228 294
178 293 886
230 49 296
258 10 229
76 302 254
56 23 894
272 1 675
173 96 634
62 233 516
154 32 577
157 82 781
99 74 9
215 177 512
150 193 820
84 272 722
111 206 359
87 281 372
273 121 657
13 174 663
41 256 608
235 278 632
252 311 893
57 49 775
186 73 614
19 52 509
288 110 938
162 56 863
244 136 330
275 302 917
156 127 452
78 233 47
308 175 3
231 13 636
12 52 558
131 170 853
267 78 726
237 297 633
234 164 982
59 1 387
68 89 859
275 66 669
170 203 172
84 168 469
220 232 615
56 318 292
307 6 231
36 182 185
84 275 765
81 179 133
217 269 904
173 94 41
46 286 346
109 21 420
217 89 813
118 281 314
160 236 732
106 76 177
266 80 504
221 175 96
18 85 980
114 73 541
172 279 121
263 314 326
103 187 581
252 68 786
283 89 719
33 170 619
288 172 372
77 111 82
216 285 592
127 292 150
276 98 954
181 25 945
261 117 259
10 190 436
76 233 162
269 309 530
5 306 183
223 303 692
204 102 46
132 128 543
217 235 121
287 75 516
56 18 821
278 136 454
78 67 957
54 21 435
319 291 741
206 87 262
242 57 578
127 199 435
96 280 989
146 141 34
201 174 639
171 109 621
189 26 121
232 300 258
98 233 751
96 262 626
220 281 329
9 175 307
63 196 26
176 233 504
227 33 293
134 87 474
309 94 514
115 193 615
101 309 36
296 4 629
152 276 970
191 154 126
100 275 138
60 70 274
79 56 596
229 119 327
46 69 479
152 20 329
96 158 238
225 150 852
47 298 53
172 126 185
236 105 782
3 287 115
39 74 913
248 107 462
272 215 821
43 239 271
198 7 224
48 216 863
105 126 712
123 239 669
178 35 662
127 87 532
68 300 38
208 203 600
253 42 93
237 264 984
111 114 512
135 14 152
213 72 321
288 127 457
55 195 272
149 86 910
3 110 197
229 303 219
140 248 397
135 39 728
46 208 536
172 240 390
50 244 731
124 256 599
75 60 441
253 319 596
111 142 963
22 5 428
286 148 905
32 22 442
299 105 383
253 162 526
107 298 168
147 235 546
156 182 257
148 299 963
29 263 817
197 65 301
240 308 312
89 65 965
135 211 665
292 313 20
64 169 908
83 169 463
35 183 446
171 225 857
282 64 231
197 305 394
79 239 683
164 30 912
136 6 569
31 11 232
137 247 908
130 148 570
224 101 35
316 57 642
320 319 696
251 276 428
267 44 775
152 44 213
145 114 595
261 253 454
139 315 781
147 293 76
251 148 589
170 118 348
139 137 759
60 109 145
238 164 141
126 146 426
276 225 913
188 25 140
186 318 927
175 183 874
77 250 365
113 37 492
297 314 845
151 281 32
159 275 749
172 78 576
162 174 723
109 91 45
307 292 281
138 93 256
102 89 54
240 45 169
147 182 844
290 36 137
230 152 431
45 40 432
249 215 605
95 107 618
213 269 368
272 112 618
205 279 203
320 209 763
224 47 810
74 250 689
293 201 359
143 160 212
124 176 980
194 244 314
125 147 780
233 159 402
132 150 451
84 213 474
277 287 672
13 312 211
1 50 390
159 18 184
209 310 158
252 291 884
233 65 42
177 199 715
294 75 267
89 223 635
158 127 799
259 72 224
113 13 121
9 9 560
249 41 908
147 252 741
1 119 952
66 113 20
134 29 925
231 250 881
165 41 770
183 277 136
41 13 827
67 249 144
270 198 229
34 111 879
108 137 372
85 197 826
28 225 645
249 283 249
253 190 807
313 221 65
212 42 656
13 184 907
145 158 526
211 44 324
20 90 322
196 229 88
299 127 558
194 46 809
303 1 520
116 113 304
100 176 173
139 263 841
273 192 107
43 314 175
199 117 722
82 288 16
83 247 787
308 181 744
222 318 497
169 132 122
143 34 895
268 20 270
211 67 846
106 245 509
137 88 997
304 133 878
196 104 738
168 154 335
113 320 912
228 92 321
87 179 927
28 71 48
0 71 426
61 189 497
223 234 338
84 51 646
69 214 612
163 6 957
262 210 287
227 91 614
174 254 949
215 294 595
225 200 413
308 59 858
94 226 374
293 282 169
200 272 948
3 174 818
10 201 589
94 114 590
95 195 728
128 102 409
309 119 13
310 125 86
266 65 254
31 25 556
92 47 790
173 259 325
96 266 761
19 112 264
288 270 840
114 61 977
4 95 709
148 2 814
11 287 966
170 306 201
287 259 625
145 289 600
283 288 45
191 191 155
164 128 450
243 235 968
191 97 777
107 148 351
254 29 629
163 279 591
233 109 571
187 315 597
164 250 734
253 243 893
217 76 525
164 42 483
85 250 36
222 16 119
64 87 407
3 78 950
228 55 372
195 53 319
9 164 907
16 59 914
206 232 4
201 315 37
238 170 80
259 114 617
3 197 275
109 103 760
43 102 967
208 290 329
227 34 563
121 78 334
92 215 991
18 320 799
152 206 480
3 282 366
39 295 572
83 103 240
210 11 297
231 35 974
79 258 350
159 143 157
89 124 210
86 104 583
22 294 826
242 236 838
109 279 861
231 260 710
272 116 99
208 28 367
3 55 653
153 182 7
257 211 73
289 257 656
257 43 79
155 122 305
82 172 318
226 32 738
254 217 676
147 53 580
106 101 219
27 56 197
265 122 884
122 277 485
216 84 508
126 46 430
203 15 33
183 225 647
144 315 815
174 235 207
188 174 669
30 125 836
180 272 210
49 58 378
295 163 303
216 174 308
156 58 224
64 99 421
37 72 771
274 248 511
205 305 500
137 160 347
34 262 901
116 36 101
102 176 625
211 319 165
146 215 997
259 90 57
138 5 864
42 68 619
240 2 588
106 113 598
18 124 584
87 225 292
153 295 147
35 35 268
148 180 411
128 303 390
159 233 804
40 309 920
42 115 484
182 89 688
236 163 986
5 10 660
18 247 514
164 97 6
270 150 663
120 247 82
191 194 607
122 55 843
203 68 555
217 36 683
282 42 347
263 34 681
160 243 28
304 90 142
43 222 358
124 162 704
296 160 408
213 30 124
179 146 641
226 291 904
22 250 908
66 278 551
217 222 901
320 136 753
189 56 444
262 116 633
268 80 988
176 78 499
211 207 568
33 86 655
97 46 884
300 90 323
112 107 744
49 31 60
55 55 239
28 244 900
27 67 895
75 316 780
13 278 756
22 41 326
298 245 717
267 309 120
149 278 734
292 192 968
260 240 590
241 180 565
310 132 298
205 128 365
192 250 826
97 142 868
12 95 925
116 232 481
209 183 523
160 243 295
211 279 267
216 19 485
139 72 687
49 233 201
144 133 440
49 72 885
210 233 531
237 314 111
172 150 650
122 285 626
268 26 152
47 178 310
32 149 721
250 181 976
17 184 752
132 253 240
127 210 365
225 130 694
195 59 609
7 24 654
97 270 995
194 243 651
217 215 38
271 143 139
284 200 362
132 96 95
200 82 206
6 28 75
16 75 747
182 262 357
75 36 57
266 152 47
142 130 102
320 110 126
3 123 134
189 206 580
315 195 610
138 246 520
188 284 607
173 316 455
63 46 837
219 244 418
214 9 460
151 35 126
286 128 237
163 298 660
142 134 592
148 244 529
102 145 97
58 133 495
138 67 223
247 21 14
238 245 176
305 231 8
111 71 420
181 255 412
231 33 965
60 61 104
51 54 312
136 180 297
111 149 316
297 8 459
270 72 583
195 39 144
162 128 528
131 57 717
311 153 639
170 319 128
27 51 352
253 126 11
187 131 311
78 235 33
102 54 673
164 6 124
39 236 358
190 229 185
109 286 266
232 72 997
288 248 392
208 301 536
311 72 964
186 5 246
269 127 511
32 108 441
316 168 657
29 56 162
13 96 162
182 93 408
236 182 743
79 300 451
58 176 948
285 40 907
298 123 721
152 29 918
51 44 693
236 160 680
297 294 54
68 309 502
80 218 161
53 241 864
231 181 18
89 319 356
106 311 211
35 155 590
207 6 656
20 235 712
130 49 517
206 68 829
29 80 577
55 119 612
113 102 904
273 182 248
77 251 892
35 286 655
160 82 956
126 257 35
264 130 248
232 118 733
205 7 861
24 0 564
49 194 495
175 299 843
118 51 200
39 39 244
230 258 562
129 104 449
246 86 118
131 192 727
295 6 237
88 63 506
62 209 357
83 218 183
35 98 532
9 128 273
27 313 131
142 246 796
59 192 415
68 122 942
144 250 746
250 123 603
1 45 566
206 111 701
80 195 675
255 163 874
316 39 943
150 278 188
102 133 487
48 313 328
300 21 269
301 41 78
137 304 432
214 202 989
196 241 396
74 319 223
140 248 723
281 229 16
151 22 312
81 317 396
190 245 28
17 169 686
269 38 153
211 42 984
225 225 361
113 114 842
174 77 220
281 41 54
146 159 473
186 111 627
92 295 306
265 162 994
162 319 952
140 27 264
262 294 28
10 119 883
291 222 277
255 19 185
60 60 110
66 192 308
186 26 798
312 17 865
43 199 712
31 267 374
215 191 496
210 194 549
249 174 966
78 65 171
38 86 194
304 272 423
171 268 619
2 192 608
82 177 493
128 84 422
123 185 30
96 103 741
97 214 168
132 232 445
253 239 75
93 36 660
42 196 285
166 189 2
42 57 590
256 117 967
103 253 398
71 318 282
282 146 63
285 212 259
199 13 684
106 297 644
229 59 983
68 55 312
99 260 338
233 110 895
115 37 471
84 0 23
42 277 292
185 246 598
51 31 434
176 317 843
194 237 689
177 236 399
78 118 452
267 181 39
33 240 127
85 317 257
313 77 742
275 189 679
30 43 410
153 207 321
231 88 112
318 254 336
96 94 866
173 230 559
116 209 43
281 109 888
243 261 586
318 200 598
260 75 38
295 197 406
5 297 942
271 5 517
213 261 519
84 149 292
278 296 211
112 50 776
266 298 816
74 316 19
133 304 90
244 257 171
161 164 245
94 83 387
118 310 873
5 50 760
239 298 204
246 48 834
153 77 875
17 291 841
306 191 191
47 186 715
83 265 968
273 177 457
110 9 143
80 103 365
151 302 85
26 114 644
101 287 355
8 224 95
220 153 635
32 36 119
305 128 566
226 315 779
51 121 387
259 217 510
189 132 496
104 184 6
57 235 790
40 287 836
128 271 749
235 138 980
178 164 195
29 196 255
291 20 552
116 159 607
25 68 388
29 87 675
102 174 98
225 8 175
5 134 903
90 298 812
110 85 709
196 172 982
272 251 570
125 265 99
86 209 20
103 263 287
194 277 697
140 120 213
105 157 461
239 95 572
38 309 79
271 272 450
63 261 817
215 237 242
256 303 736
289 3 819
146 11 473
291 307 491
243 304 564
40 82 208
43 54 922
162 117 53
10 76 462
263 290 295
281 46 101
150 206 468
150 292 17
302 165 806
129 215 692
120 231 453
134 283 48
99 283 539
146 128 279
191 186 199
238 185 631
247 19 936
54 103 111
252 46 636
216 195 76
306 293 927
276 107 280
92 234 147
26 174 637
165 23 934
279 273 830
206 267 715
147 5 957
129 49 385
243 242 130
35 161 573
223 217 560
127 65 635
304 121 378
297 52 194
234 302 226
127 277 238
123 62 601
7 122 72
174 22 11
246 292 932
289 265 804
132 85 53
63 314 1000
143 183 771
69 23 624
62 198 448
169 220 226
128 0 41
22 166 290
55 241 366
120 73 430
165 139 152
318 187 806
118 319 377
169 203 142
253 190 661
186 123 83
87 246 997
89 254 748
164 197 736
42 202 2
313 318 798
17 221 351
27 231 59
149 138 977
252 285 401
196 299 16
87 295 541
135 122 407
80 167 51
221 41 474
183 288 281
290 16 254
144 103 371
98 293 302
313 37 916
1 276 9
41 219 979
204 96 298
285 199 759
272 23 974
258 6 744
278 318 588
296 224 42
218 205 474
152 135 681
91 99 809
9 198 545
245 21 119
302 103 205
108 28 674
140 166 275
230 5 906
302 176 86
110 212 276
247 115 80
98 49 235
104 277 709
225 21 416
119 19 730
151 207 232
102 135 120
158 86 561
111 183 791
90 56 699
118 268 671
161 145 531
224 296 548
230 184 939
231 63 361
156 227 437
176 310 956
160 78 811
163 182 949
173 253 634
177 312 623
228 233 916
241 95 741
91 316 856
149 118 176
316 311 333
164 132 643
98 188 758
46 68 243
171 251 502
234 178 917
296 0 895
93 95 436
45 237 782
36 117 747
197 228 897
57 63 808
284 54 32
232 220 122
51 7 499
98 104 297
305 217 611
237 288 740
287 41 518
91 281 32
90 16 364
17 167 799
32 255 690
64 123 219
109 35 158
308 146 721
173 100 984
227 212 586
73 287 485
85 33 570
50 206 347
5 215 617
141 202 252
195 275 218
21 188 511
290 109 512
151 156 231
293 21 132
189 40 516
83 115 69
303 259 54
176 305 907
206 105 918
19 114 750
43 5 635
292 194 190
45 267 58
110 110 120
131 114 77
206 141 801
127 110 595
315 242 928
209 68 847
169 230 731
273 29 760
116 169 409
84 182 226
75 159 273
262 222 691
23 183 299
79 229 597
155 154 49
199 129 823
156 164 341
277 160 680
3 14 911
72 144 895
204 210 244
19 160 265
27 259 476
235 60 271
206 39 241
270 14 375
19 105 797
213 225 70
248 47 489
65 273 762
34 307 374
90 57 732
169 185 545
266 53 864
303 194 530
31 168 350
70 210 618
73 103 225
177 288 371
231 21 483
117 190 634
10 118 129
216 103 251
164 147 634
138 306 775
23 140 301
174 188 498
59 11 325
197 269 319
10 201 564
187 21 886
36 288 522
286 288 897
226 253 559
164 19 957
111 115 236
12 100 659
226 253 727
87 154 538
90 170 878
318 82 129
263 276 199
269 34 833
41 162 937
228 175 111
289 273 661
314 219 809
313 83 800
95 177 366
209 23 691
225 84 952
86 302 990
267 208 565
227 304 641
318 162 67
195 270 896
277 286 15
181 181 614
7 267 65
71 196 778
298 86 722
96 177 280
158 274 927
37 260 217
93 263 514
245 275 243
147 256 393
40 61 570
76 194 106
201 151 902
280 161 509
218 72 226
171 122 609
96 197 568
297 100 573
117 19 34
47 120 775
254 267 693
133 18 390
73 117 379
244 161 798
302 275 641
186 104 6
180 21 343
115 122 362
272 202 320
307 58 306
266 91 839
236 53 164
38 70 716
97 45 323
51 182 180
149 150 270
275 191 353
290 317 735
39 170 466
215 200 484
138 191 445
201 155 625
278 251 394
186 314 707
121 289 855
213 143 780
48 88 463
64 110 192
119 51 897
303 91 847
318 4 495
274 159 754
31 115 811
129 150 813
189 172 296
76 70 268
247 293 214
318 204 27
29 115 50
54 224 51
193 236 348
75 287 663
161 237 138
304 253 988
253 318 336
130 123 775
310 173 705
131 44 476
9 87 169
211 72 186
315 290 152
237 114 939
223 47 320
194 127 334
30 198 820
64 23 579
56 299 891
9 55 289
317 175 259
282 199 119
1 100 857
124 131 835
133 7 937
263 81 248
186 168 536
10 59 752
69 160 398
176 258 382
58 21 21
61 164 624
146 314 619
144 37 94
220 12 664
111 11 909
189 132 870
111 203 868
73 100 809
215 30 127
139 123 134
294 105 31
113 204 963
303 302 520
113 93 801
13 259 646
26 91 48
271 75 119
89 197 18
173 64 151
125 159 32
200 58 70
9 28 472
151 207 432
106 124 223
268 74 620
13 58 743
247 142 358
135 54 245
113 23 893
305 206 527
151 246 829
50 278 105
270 258 240
180 246 387
59 177 354
5 57 683
30 51 730
141 243 559
266 268 703
173 77 563
28 98 973
51 254 421
109 123 354
74 125 674
0 171 859
239 95 462
69 274 650
228 110 763
54 303 339
151 276 858
192 200 589
14 83 412
159 57 403
82 11 436
279 104 356
79 141 36
318 229 591
179 46 466
245 134 128
8 304 414
262 142 65
211 102 647
125 139 573
47 12 494
12 102 919
263 62 893
77 7 201
182 178 548
51 298 488
274 54 942
198 309 380
175 244 321
141 128 181
33 231 298
269 234 609
127 144 913
309 22 713
254 26 745
168 94 34
258 87 407
148 111 549
184 47 778
7 95 483
280 168 469
134 232 598
293 177 53
25 98 396
305 230 175
299 159 844
241 66 438
287 117 702
304 224 23
103 315 32
60 169 996
196 300 493
122 164 580
69 254 817
197 8 688
250 268 433
158 124 239
122 280 567
276 86 211
86 260 334
113 2 331
313 164 81
94 182 160
287 162 871
93 174 770
177 228 689
272 146 403
9 80 908
132 166 907
196 82 327
282 83 713
127 168 285
277 174 897
213 129 344
118 219 735
205 58 613
168 203 311
182 133 932
246 193 622
39 176 765
53 270 942
47 186 109
147 302 42
87 179 828
241 219 807
298 165 900
47 309 696
53 318 249
278 302 535
225 232 40
12 316 991
38 46 284
58 263 439
304 79 560
143 41 186
145 101 498
116 61 763
310 19 140
308 171 378
127 239 542
137 200 869
307 160 238
84 22 988
246 209 204
125 58 543
40 140 693
174 281 908
263 132 687
319 304 577
8 278 474
113 194 289
60 268 836
309 196 729
115 10 965
43 233 387
149 242 736
100 84 473
55 200 743
20 70 191
299 284 956
134 143 514
75 88 864
155 156 244
56 26 278
190 263 216
109 296 191
264 227 129
21 46 969
135 84 903
119 161 774
6 46 319
1 22 633
212 60 523
150 257 175
134 24 215
107 218 194
278 66 135
133 130 235
277 313 520
19 281 935
162 266 250
313 161 128
239 268 989
255 154 407
206 310 862
51 106 184
206 105 653
294 46 1000
17 213 526
63 41 186
200 1 170
276 254 72
113 38 267
14 129 259
178 75 572
214 303 573
49 167 47
2 219 236
282 207 836
104 268 913
108 170 765
138 180 279
313 199 799
158 272 842
161 210 523
64 130 524
214 215 207
271 244 136
42 254 973
8 291 607
303 127 642
104 150 640
38 208 879
88 101 876
33 18 621
151 38 276
279 45 850
108 147 274
272 228 469
73 219 853
284 317 555
60 55 895
71 201 770
253 16 78
133 22 65
297 24 986
44 249 576
223 174 128
29 39 872
299 229 780
228 150 991
92 166 706
275 137 717
192 46 569
309 65 748
57 235 168
182 282 212
202 288 462
224 238 243
208 283 305
98 175 622
257 70 185
28 225 505
110 121 974
215 297 105
105 123 186
300 51 743
231 82 758
265 177 355
191 77 502
306 75 439
318 194 891
38 209 503
101 197 19
42 234 889
64 296 809
45 49 205
135 9 526
38 204 12
22 301 107
301 93 435
78 217 495
121 23 605
36 95 436
124 83 430
272 92 361
98 53 242
247 131 230
268 210 190
67 189 795
262 137 880
144 13 987
50 173 480
46 88 152
63 278 155
255 297 272
8 222 880
180 9 311
272 6 493
315 263 561
180 286 559
200 246 419
135 214 941
219 67 64
231 312 375
193 276 903
214 253 62
208 70 986
254 45 9
219 208 83
171 130 628
270 146 353
208 81 158
39 91 832
135 202 332
7 297 814
231 99 237
306 60 813
311 293 769
202 165 604
279 78 706
64 67 954
184 49 145
34 275 140
239 160 479
224 78 492
96 128 215
268 288 318
256 125 868
157 207 842
97 216 701
158 270 322
148 287 15
117 275 617
194 182 30
237 49 373
142 85 574
112 117 241
315 280 259
65 264 642
33 123 312
214 316 884
84 87 789
153 292 329
74 269 676
133 98 935
63 162 630
202 277 82
235 68 130
175 55 249
134 191 575
206 202 661
237 92 234
280 34 514
36 117 482
269 172 326
8 182 487
101 303 299
223 81 171
236 57 250
273 206 791
95 261 764
210 12 368
256 224 100
82 74 439
40 51 951
61 86 477
151 165 303
298 116 648
245 261 451
317 124 265
302 197 49
65 2 14
183 28 196
71 231 60
155 116 297
233 152 355
81 119 471
18 311 570
203 318 599
198 300 896
113 164 844
182 164 965
111 3 568
102 30 584
266 133 284
316 176 9
160 302 200
38 276 944
275 57 97
283 277 71
247 279 144
213 257 556
144 311 642
148 29 76
151 264 892
240 176 939
180 103 411
112 148 502
255 300 89
128 303 624
231 181 567
239 204 453
105 1 946
167 305 752
50 230 188
317 133 291
106 97 335
32 272 196
88 252 79
64 303 161
274 121 412
130 273 402
140 11 788
202 216 339
18 132 422
210 170 861
205 134 581
255 288 758
213 115 62
165 40 44
235 61 774
69 88 874
10 229 76
295 22 583
283 21 431
178 75 674
143 24 477
153 309 48
162 143 261
88 151 159
177 141 444
241 10 631
117 231 72
179 225 164
296 20 886
218 180 225
232 105 476
283 0 932
303 168 325
136 8 497
247 46 332
181 7 543
23 23 24
171 305 569
241 296 327
172 11 16
181 47 793
41 293 827
299 91 689
184 82 149
78 310 7
226 302 383
38 310 996
132 7 794
237 226 127
202 199 360
52 86 89
114 218 878
175 89 609
18 202 454
263 148 316
307 206 235
190 138 326
76 179 490
266 120 116
286 134 139
313 277 70
290 303 844
214 242 878
127 183 578
184 240 998
57 32 157
10 35 456
167 231 877
146 170 674
156 277 685
166 213 359
118 210 601
145 179 696
28 190 130
124 35 149
188 155 811
118 42 158
54 60 354
1 292 600
76 262 734
43 104 169
271 221 186
174 148 939
177 141 714
31 239 948
142 307 327
265 42 607
88 113 66
142 50 652
79 66 13
188 188 828
160 123 995
244 306 234
259 203 576
30 111 547
42 113 521
181 319 690
234 63 153
241 27 335
154 48 482
237 316 916
275 171 632
301 19 193
146 130 220
265 73 175
90 7 828
22 168 783
164 237 215
276 153 928
214 88 148
54 287 610
77 274 693
266 305 393
292 192 313
225 3 800
12 152 523
28 3 977
101 94 812
159 265 400
218 32 38
148 154 521
313 186 954
2 38 350
91 105 118
216 168 351
135 218 488
56 78 32
41 179 518
174 271 0
107 282 418
194 87 730
197 166 261
133 97 326
134 94 317
262 61 152
294 157 524
271 262 929
39 110 883
30 185 887
198 31 747
236 156 209
57 117 537
27 108 199
235 66 65
214 61 421
67 282 153
17 232 609
250 9 343
49 130 746
259 130 98
128 178 584
20 168 855
177 139 794
148 213 658
84 34 507
250 50 727
204 293 124
48 66 114
206 278 768
177 83 658
104 289 926
225 47 22
309 243 729
300 97 303
10 285 121
283 314 847
176 171 266
317 194 842
151 44 356
191 72 81
207 78 450
99 257 492
316 172 22
260 96 808
296 15 901
8 277 161
72 140 163
21 226 353
51 153 812
3 1 51
51 44 153
121 134 780
209 314 908
38 222 990
172 230 915
284 186 288
94 209 832
39 255 180
315 3 411
29 177 376
193 15 821
2 242 600
305 233 882
45 257 544
309 113 913
129 285 290
109 18 860
67 40 386
313 280 660
190 94 340
191 120 493
171 238 207
298 21 381
244 170 523
76 96 166
89 90 665
14 196 917
311 200 654
100 31 848
63 252 455
265 149 399
41 177 802
125 36 566
279 49 478
23 10 857
289 277 83
195 277 71
315 3 518
102 225 426
15 273 740
173 129 236
286 220 744
304 311 494
41 135 954
109 169 24
178 124 321
212 21 815
181 173 538
298 202 721
118 185 665
36 154 318
163 76 847
164 196 776
35 287 947
133 37 623
118 119 660
84 44 371
117 182 696
134 168 131
195 309 822
91 264 901
229 295 209
197 68 556
190 292 323
32 64 888
119 274 578
224 270 192
206 52 585
186 239 272
93 41 690
157 236 567
131 123 668
103 103 766
297 5 838
128 283 23
217 187 941
96 5 447
100 197 191
83 112 947
8 282 15
19 228 900
16 180 522
80 10 374
219 294 508
241 95 696
156 163 471
11 56 742
287 278 575
261 110 800
294 34 278
265 114 896
208 302 517
170 5 489
284 62 448
29 206 545
35 157 870
286 27 893
300 26 619
11 249 532
305 55 401
268 84 261
73 206 357
32 239 153
271 173 408
28 305 462
188 292 813
31 254 518
246 246 936
121 306 963
59 226 280
318 234 454
110 14 612
57 64 106
109 13 507
76 38 318
210 19 89
200 133 307
172 44 860
291 52 369
41 318 641
22 283 751
318 207 35
2 241 137
201 305 755
173 255 293
107 108 50
94 68 730
188 13 138
284 318 521
299 38 117
65 82 335
253 240 869
132 165 663
235 80 731
75 206 461
302 246 775
173 315 758
77 288 320
79 227 296
8 205 454
147 126 934
140 273 292
264 252 415
163 3 53
231 298 117
140 55 908
184 250 742
227 132 303
209 45 849
258 4 77
54 261 964
311 289 112
163 252 249
52 296 455
163 250 907
117 294 598
292 92 835
129 104 614
71 0 231
248 20 68
12 48 198
239 0 956
247 11 274
98 205 948
63 41 253
4 59 161
69 29 257
87 160 479
133 55 648
259 39 755
292 28 765
234 202 198
260 150 236
223 112 979
29 114 98
121 57 352
245 15 135
219 315 152
286 302 889
201 211 31
24 126 393
36 23 312
58 20 780
194 301 351
195 162 266
192 63 198
136 294 503
18 184 214
3 284 702
55 129 834
309 286 304
68 257 311
75 61 1000
204 70 752
317 143 628
126 121 253
179 166 21
96 155 243
320 11 294
52 140 132
45 151 907
64 320 350
215 272 609
9 288 864
150 51 155
141 109 511
114 211 731
75 179 373
34 259 487
154 270 681
114 41 658
288 294 301
274 50 752
254 92 949
199 24 514
91 52 268
212 209 581
29 248 981
39 160 793
305 76 408
248 296 88
253 40 940
40 209 985
228 18 522
29 31 869
292 7 331
214 188 383
46 295 444
5 30 94
105 214 630
232 32 810
310 292 775
230 212 10
278 223 507
141 29 901
161 203 838
204 318 309
27 42 185
18 176 776
270 192 789
301 270 807
304 0 424
310 14 807
157 262 462
310 170 732
77 70 640
44 26 645
82 48 120
273 134 353
130 180 527
0 210 113
183 210 436
259 307 94
48 23 910
204 80 795
140 94 762
111 0 711
18 214 74
288 140 774
244 141 804
127 95 540
58 274 985
238 182 649
215 127 493
178 309 910
112 195 767
185 19 377
136 124 230
226 228 895
227 128 379
28 98 576
287 88 556
179 112 653
296 96 544
314 144 515
63 25 311
203 64 568
113 70 775
20 235 967
0 31 649
4 69 30
220 313 814
7 185 711
20 184 50
216 4 463
198 94 279
81 307 573
9 257 877
149 250 931
309 155 717
231 228 185
18 23 285
193 155 95
2 74 954
312 285 920
198 313 145
20 159 370
258 154 396
196 163 650
3 317 583
215 130 89
142 203 713
205 116 300
308 136 972
306 277 997
87 143 258
252 11 27
158 153 229
50 186 519
3 258 434
86 263 130
174 115 407
147 120 16
224 6 21
201 161 820
262 242 953
265 77 89
33 148 995
118 98 273
253 113 304
68 180 428
226 291 744
97 190 698
148 7 495
190 214 152
261 259 918
134 48 167
60 293 310
83 51 161
172 93 112
112 90 345
314 125 756
305 139 599
0 180 388
89 56 159
59 60 79
266 26 135
36 104 167
104 232 927
36 196 576
267 125 829
99 88 362
184 301 46
273 208 71
208 63 36
38 214 190
215 266 496
205 214 947
114 56 700
251 228 367
141 20 442
191 16 163
297 273 393
64 180 470
210 39 90
104 204 8
54 209 884
123 240 862
88 57 984
159 62 862
308 31 887
133 26 78
222 98 278
82 92 690
242 241 121
167 11 716
118 58 843
23 264 467
281 118 893
42 100 501
255 248 559
269 9 343
283 178 253
201 107 933
172 300 231
55 254 632
123 55 812
138 103 880
47 174 727
198 186 872
315 90 156
156 304 537
74 42 740
227 104 402
216 42 160
96 215 330
151 158 977
320 125 111
232 225 536
218 3 85
213 80 487
79 177 603
137 228 435
268 38 237
173 168 872
98 295 381
298 66 605
164 122 53
240 174 265
143 258 486
183 274 514
236 135 438
163 231 426
212 218 162
74 50 612
98 278 669
49 308 44
20 23 616
178 98 777
161 274 208
303 89 373
183 231 982
238 19 532
25 271 491
85 238 765
199 300 217
18 62 317
102 261 461
143 289 993
301 315 168
203 153 836
71 125 488
156 244 53
182 213 609
312 143 19
121 63 90
157 224 335
189 83 220
298 53 809
250 72 695
84 232 255
2 74 99
235 320 989
286 93 562
168 201 135
212 306 969
20 237 232
235 40 976
199 1 78
122 38 147
204 150 922
202 202 73
139 24 10
274 49 644
253 8 211
35 275 645
102 265 275
261 260 229
237 235 78
188 67 982
157 124 883
43 303 973
34 73 326
163 93 316
272 149 388
295 47 127
122 114 471
178 18 582
20 257 951
47 8 69
227 74 171
245 101 96
300 242 721
282 117 696
30 53 57
119 168 605
203 108 598
89 42 501
294 45 159
232 291 311
28 133 205
272 295 551
19 257 650
287 227 408
267 318 306
299 214 399
106 142 368
124 169 87
234 260 657
71 24 579
210 315 461
228 27 996
237 305 875
121 14 397
112 12 107
57 282 399
196 107 517
137 32 492
208 60 221
181 282 569
287 219 871
228 255 614
202 77 738
119 225 561
126 48 959
291 113 259
308 23 241
204 76 322
137 12 296
188 112 260
77 258 109
258 315 22
65 161 244
120 233 996
165 31 365
23 11 878
143 112 64
120 286 382
11 224 312
64 46 335
77 308 64
283 315 885
53 32 224
46 271 67
142 270 723
55 73 962
72 9 0
217 226 14
88 125 320
318 118 661
65 235 486
132 121 311
99 32 503
305 70 621
230 210 821
88 80 749
215 245 98
4 79 888
252 164 132
266 118 188
134 132 224
204 236 405
21 160 338
234 273 988
267 283 835
250 201 159
48 132 708
67 148 382
187 9 359
234 286 446
10 146 99
75 191 562
221 229 488
227 144 961
168 30 958
2 159 749
313 249 131
206 197 403
117 293 699
312 50 213
91 55 517
29 201 828
319 230 72
224 229 175
4 128 61
276 106 426
261 257 846
163 134 830
118 281 852
97 91 111
88 102 849
318 9 140
261 22 617
34 250 544
299 228 570
189 231 34
241 270 728
120 175 415
13 300 98
181 180 185
129 67 178
184 284 774
84 218 106
241 141 806
216 196 66
70 86 364
128 223 527
228 174 207
24 261 630
246 285 547
260 186 727
196 127 318
218 182 540
61 72 77
249 320 399
67 56 757
245 250 346
137 119 179
316 48 249
36 135 913
263 111 317
33 112 699
66 240 847
55 221 710
48 199 575
318 225 343
151 58 959
248 317 236
110 65 966
213 73 323
4 244 892
207 216 668
71 220 944
214 297 335
138 163 719
170 24 241
31 8 733
54 188 514
177 264 397
149 258 428
51 286 711
282 204 521
242 216 271
247 272 16
263 232 194
132 219 917
218 32 155
160 237 318
29 78 384
131 196 986
303 183 491
232 296 516
225 124 825
158 233 677
132 5 677
15 256 869
89 179 401
219 203 513
6 145 328
113 157 663
116 121 130
229 186 150
60 88 600
168 124 89
303 152 334
179 4 510
226 190 363
286 127 587
127 108 760
255 108 982
255 119 438
194 68 989
143 18 667
297 159 270
164 154 664
38 185 988
28 175 5
146 110 734
17 8 584
288 81 250
2 89 950
54 252 188
312 161 301
95 252 137
145 106 630
276 257 606
72 0 337
88 58 629
190 47 726
130 48 551
111 115 44
45 137 404
318 292 901
83 174 746
55 140 120
66 293 725
24 32 198
288 266 182
3 144 337
297 305 801
302 159 68
57 37 733
297 306 996
72 310 163
60 242 766
144 227 368
230 115 200
86 38 51
133 33 389
30 154 906
11 183 413
107 36 216
228 215 107
229 4 462
175 207 377
256 82 707
153 264 288
81 33 845
86 47 824
7 1 544
300 122 565
236 173 569
89 6 531
5 305 657
249 150 82
214 135 899
172 76 165
266 163 485
313 107 268
185 128 497
62 122 787
124 164 672
32 256 802
79 211 944
253 101 416
225 24 82
57 68 993
46 60 749
271 55 311
147 279 120
228 267 329
113 38 286
178 70 953
189 85 988
120 235 538
210 266 986
130 88 552
149 170 64
76 53 339
14 4 874
272 291 469
91 30 305
203 249 685
58 227 215
177 186 867
299 213 349
283 6 468
3 18 527
183 10 839
118 141 518
41 313 35
173 61 16
42 238 927
246 93 944
102 189 824
185 164 897
306 117 112
217 106 121
30 269 406
204 220 49
261 31 797
169 281 465
304 272 273
205 125 779
212 65 720
161 18 67
183 236 671
76 99 768
219 260 233
236 196 55
72 312 190
281 272 202
64 203 895
221 314 614
191 290 32
29 17 126
250 188 912
119 122 976
203 264 620
151 106 785
228 127 8
192 185 234
107 36 891
199 216 906
97 17 674
168 61 438
178 85 427
257 279 538
259 67 591
121 282 343
41 95 204
216 260 693
294 30 954
213 224 804
256 241 708
112 251 368
246 87 674
35 149 509
137 256 852
147 227 254
268 252 134
259 113 717
206 187 49
255 310 402
250 152 883
235 318 2
214 150 574
76 234 211
102 199 401
304 184 463
312 222 482
30 198 707
141 238 915
81 253 840
315 152 80
211 308 52
14 206 773
37 20 777
299 108 197
39 46 736
207 173 273
108 9 590
32 244 719
308 312 34
311 174 273
152 228 248
227 153 452
241 161 433
204 225 173
259 307 594
287 116 29
29 268 337
27 39 359
199 1 280
103 257 343
308 224 242
134 79 574
95 2 729
201 87 715
215 304 952
207 263 805
149 313 705
159 160 879
250 201 93
102 248 18
32 28 606
37 187 906
196 173 358
273 169 206
4 81 18
289 68 928
29 249 33
95 98 790
279 33 133
81 78 794
274 216 480
65 94 301
169 182 406
70 27 356
180 142 847
118 9 534
229 96 531
266 283 751
271 33 214
89 250 963
77 118 950
120 181 507
122 35 825
246 21 64
31 124 747
235 70 533
93 14 169
267 320 655
255 114 346
28 166 431
252 75 530
266 223 181
240 15 555
198 251 9
42 154 358
16 187 507
81 26 338
178 313 487
192 95 176
154 282 208
36 187 836
301 161 485
41 86 893
134 274 276
14 267 197
67 67 99
177 16 428
211 23 624
114 145 283
305 249 20
291 164 562
43 289 928
153 215 339
210 283 323
285 211 624
228 256 807
158 190 695
74 177 361
199 246 348
240 180 205
86 152 485
13 139 491
229 284 309
306 165 288
311 314 544
105 70 73
77 160 246
285 115 692
126 250 777
271 207 798
301 278 392
118 307 805
265 215 458
70 1 253
300 134 808
153 264 224
102 191 605
290 186 549
291 230 423
272 101 630
200 80 84
117 55 464
199 242 415
38 279 0
230 287 32
113 229 766
192 111 559
154 264 205
84 126 364
169 309 835
131 40 844
62 219 269
153 103 393
189 162 525
100 249 504
10 64 195
78 143 591
126 159 997
112 304 49
170 236 202
214 123 665
243 103 980
57 269 264
51 161 920
184 115 554
249 100 491
159 10 76
192 204 37
82 151 15
194 160 833
6 235 903
189 83 922
109 132 25
309 197 320
181 128 837
244 207 979
295 314 220
276 119 232
237 21 203
210 48 396
22 31 758
298 17 646
49 178 260
189 2 955
182 251 183
136 222 887
70 107 709
119 89 142
83 16 0
25 130 932
283 27 176
144 33 534
156 29 674
32 4 568
171 69 287
143 175 100
54 9 922
318 256 818
238 251 692
131 275 120
288 264 397
13 84 922
268 23 496
122 8 324
37 71 359
319 118 419
88 239 331
101 18 108
223 171 500
310 81 782
45 168 742
245 218 612
286 212 386
133 6 461
77 254 115
299 224 355
320 217 708
35 291 825
80 307 900
19 4 218
287 103 937
17 236 661
32 109 317
66 198 225
235 31 784
133 58 886
82 143 626
319 86 559
106 215 400
106 99 249
56 77 873
283 78 613
306 266 123
259 250 47
99 189 356
154 116 312
287 163 525
249 319 928
232 157 275
156 46 40
182 83 369
130 193 990
176 182 206
312 129 760
241 32 758
245 291 305
60 59 363
36 74 510
138 73 717
289 314 845
218 117 519
154 32 889
305 36 589
65 247 134
141 293 647
102 91 592
200 87 361
179 121 407
41 94 959
51 241 911
96 108 685
260 143 94
72 41 115
35 128 322
297 142 81
180 68 972
141 265 262
242 30 78
7 204 976
184 315 657
196 236 290
200 277 302
123 22 296
96 273 367
150 89 954
59 175 212
98 201 96
149 58 823
100 173 494
56 292 480
206 221 493
256 15 152
128 58 321
310 60 709
16 225 972
312 66 313
184 240 583
184 11 448
49 42 737
305 141 59
255 293 379
172 252 716
44 159 868
173 261 630
199 238 968
191 60 402
291 265 173
309 268 467
121 122 903
176 16 601
64 220 161
232 234 558
220 244 667
183 315 623
4 143 521
256 4 354
107 262 48
146 175 336
231 279 754
114 185 228
314 251 491
152 124 422
87 220 164
268 289 113
99 179 549
145 173 34
197 161 326
237 14 8
242 70 607
86 261 598
219 282 66
39 5 257
149 46 602
254 211 735
260 269 702
57 204 692
234 272 664
129 13 554
106 106 490
23 24 624
14 310 262
185 171 162
255 150 731
298 76 847
43 13 649
185 272 494
239 21 908
168 87 611
252 223 394
246 97 872
268 264 357
189 124 675
233 154 659
40 241 385
89 59 222
204 88 460
222 314 752
51 8 649
39 209 955
16 255 305
67 298 172
259 56 241
237 319 133
133 222 176
78 209 780
208 311 426
219 307 132
207 171 793
84 274 934
281 94 552
133 193 262
20 264 845
100 116 851
185 54 678
91 295 381
288 174 939
5 10 227
101 129 778
303 100 64
316 290 84
127 28 73
169 164 407
22 21 826
62 246 194
202 26 330
92 249 148
141 119 335
294 101 562
169 94 423
203 4 88
51 90 19
225 260 957
311 289 495
81 275 790
27 223 984
94 252 57
9 235 637
159 211 826
156 313 686
41 302 691
216 152 856
287 132 213
37 233 571
223 185 150
58 8 734
308 289 47
103 250 448
143 182 243
98 219 337
306 242 385
115 144 417
22 85 534
280 167 913
69 96 542
298 37 968
11 96 804
191 300 108
226 8 630
237 303 781
134 19 101
300 75 555
0 303 476
234 83 92
238 298 133
148 238 344
192 271 82
129 147 869
246 23 257
91 237 181
275 131 73
228 276 755
234 70 709
136 246 468
19 133 104
177 87 324
247 234 844
296 24 813
240 137 51
34 19 122
8 226 799
170 65 961
182 244 542
162 217 752
263 189 625
314 248 995
75 175 270
136 88 340
42 284 372
266 186 609
290 27 17
224 162 604
313 219 823
284 188 264
211 196 312
204 318 839
183 170 494
54 97 785
271 95 422
308 245 296
282 152 945
145 219 378
295 243 303
177 307 350
242 60 430
250 58 278
148 13 956
169 102 390
41 83 103
139 53 373
79 196 657
105 250 972
285 270 763
115 176 926
212 314 341
264 215 627
59 246 531
124 76 198
176 18 548
209 185 637
168 203 231
52 275 631
248 182 778
102 161 82
33 59 743
319 179 236
188 239 531
293 209 858
255 76 645
240 126 253
46 161 683
14 190 223
26 287 975
289 111 1000
71 244 460
75 188 856
102 302 192
70 316 5
158 204 323
244 107 550
91 42 200
46 182 254
186 86 48
21 139 432
13 112 124
141 120 134
277 107 260
98 237 862
298 49 599
260 300 97
7 42 207
36 125 466
265 187 769
24 23 387
31 180 532
48 105 500
124 303 178
59 52 571
73 27 466
230 132 467
128 277 787
312 114 264
20 151 35
148 166 588
294 264 697
307 38 901
40 194 711
7 316 580
241 207 27
100 94 935
214 271 81
275 57 600
238 132 125
275 169 121
153 167 485
191 89 123
277 320 81
46 89 981
30 131 105
256 151 723
157 58 339
20 54 189
62 287 673
279 30 191
138 90 546
172 181 377
286 34 360
263 259 835
240 245 339
86 0 616
100 67 877
248 138 669
236 270 491
212 5 996
112 263 113
169 96 455
307 102 225
222 35 36
195 269 244
195 98 138
308 163 377
317 256 918
176 126 903
226 14 611
107 181 499
79 279 593
180 245 518
135 257 910
88 149 477
60 102 508
76 17 24
320 317 998
139 277 760
64 123 971
229 307 75
52 128 557
98 206 7
95 174 626
174 272 601
45 153 527
96 151 473
307 62 619
224 127 55
230 311 918
150 48 293
241 60 894
61 126 879
249 257 314
164 272 419
96 171 361
306 227 809
148 89 681
106 273 486
37 46 155
13 223 321
230 208 148
122 129 352
34 39 260
79 9 444
192 306 67
73 278 925
136 161 365
48 138 515
101 178 210
255 207 911
30 140 936
159 147 114
42 294 541
54 203 782
100 117 74
28 145 59
148 29 467
254 207 457
211 291 801
55 55 206
25 50 242
198 310 892
113 304 797
27 19 318
110 242 920
269 211 21
159 27 271
78 147 722
150 124 28
91 139 941
291 129 905
284 290 143
261 271 531
76 184 676
165 32 266
149 240 996
98 111 758
124 286 826
247 147 569
304 251 175
92 284 394
250 227 69
132 98 846
149 120 745
304 163 467
105 43 282
128 123 296
170 202 808
264 63 362
315 215 271
207 120 110
21 198 254
99 291 350
153 240 613
79 315 710
313 121 756
262 219 316
213 48 835
97 23 262
241 151 302
283 246 485
277 101 53
37 120 322
193 195 290
98 309 981
264 114 557
252 256 672
38 201 646
43 50 133
254 316 371
208 232 185
168 28 456
199 314 133
54 56 698
47 246 580
153 60 61
226 269 756
242 158 273
233 120 425
8 307 640
133 58 721
301 94 803
39 81 759
189 52 897
287 203 425
29 35 412
107 44 152
309 200 526
77 172 378
276 143 642
41 76 130
55 81 157
84 88 250
257 249 5
55 121 975
20 2 544
251 121 17
291 110 825
310 172 151
101 201 21
54 110 96
93 82 611
214 75 281
12 229 65
107 301 321
170 163 534
210 269 865
18 5 467
60 216 659
117 313 324
33 42 628
155 311 586
58 193 948
184 74 566
120 315 882
73 230 133
305 140 56
213 246 242
139 46 210
170 72 968
286 82 84
63 53 544
121 239 934
81 292 250
37 72 123
169 222 538
240 64 113
129 144 726
27 200 181
112 250 211
272 136 835
225 175 380
18 239 644
20 250 415
158 296 202
232 319 388
238 127 46
267 117 719
212 207 28
317 200 172
254 140 312
312 140 351
22 105 474
44 243 910
312 93 952
77 96 103
10 124 656
272 70 461
252 174 848
173 241 131
20 112 153
70 195 594
23 0 317
85 13 760
253 14 299
295 99 379
129 130 766
7 71 122
237 226 42
295 190 511
277 55 636
88 244 115
256 253 799
193 151 668
126 319 545
254 245 219
140 139 369
120 30 262
91 147 281
240 187 989
180 278 879
121 226 242
115 250 12
101 4 688
288 11 466
199 173 780
153 303 309
245 232 579
47 68 290
89 239 481
62 180 638
63 165 661
170 76 747
165 33 532
207 92 127
81 40 865
4 126 3
261 289 714
75 279 975
312 132 598
80 205 576
222 6 670
273 237 526
50 103 65
53 264 480
77 285 371
277 209 973
168 174 622
240 206 249
242 238 474
307 54 368
136 249 77
68 151 758
236 88 540
150 284 360
273 211 158
50 34 635
249 72 442
181 295 642
132 159 84
76 177 147
110 26 319
62 198 664
297 115 797
142 176 240
147 272 124
96 227 288
255 154 828
128 204 656
300 22 118
3 263 539
317 260 823
278 99 185
213 208 307
161 35 956
211 251 189
3 131 906
184 37 160
156 139 272
58 164 510
191 257 281
259 23 206
94 262 804
204 242 532
178 52 67
195 200 201
238 34 988
145 54 946
119 59 483
299 97 276
165 24 775
82 214 486
198 29 527
70 54 301
65 138 854
231 241 535
156 121 451
243 285 671
33 116 1000
194 102 711
132 65 903
246 221 303
81 248 225
30 82 574
36 74 241
241 89 17
315 114 279
252 10 806
133 120 328
128 130 307
154 11 568
66 205 360
134 90 603
60 290 970
106 199 408
83 147 69
155 112 2
189 138 598
120 286 542
12 41 627
214 30 410
171 90 994
85 8 585
288 128 889
167 15 885
179 260 954
58 307 664
71 125 0
75 49 317
319 266 298
243 229 430
207 178 102
284 113 328
105 255 797
123 164 380
7 125 566
112 105 329
186 135 531
20 115 650
284 209 285
319 219 75
116 27 193
170 227 717
118 136 35
57 149 827
216 14 847
233 176 501
3 168 938
248 136 590
59 265 625
228 132 836
120 289 572
108 296 683
212 218 902
261 10 206
114 264 266
135 290 844
121 185 744
224 312 152
96 194 141
275 133 543
207 227 950
303 300 602
259 259 474
296 103 433
132 59 293
83 6 637
1 79 37
27 234 157
291 286 459
298 320 14
174 120 42
78 245 219
78 254 37
99 158 537
8 233 301
77 176 335
40 254 760
139 245 941
3 120 696
73 23 493
115 312 195
19 194 58
60 129 384
103 220 503
14 237 8
149 66 892
22 193 92
219 293 502
13 135 723
161 167 885
312 221 940
275 229 456
250 163 320
62 39 277
215 169 755
253 225 811
119 258 107
275 162 110
75 286 1
274 19 677
16 10 440
266 159 11
268 122 514
316 142 408
291 194 611
142 256 659
47 89 112
53 80 859
52 9 399
193 147 284
166 139 997
253 41 5
45 136 790
55 24 632
311 276 736
248 320 746
294 309 922
272 99 808
27 6 565
23 66 405
157 89 187
116 76 102
177 51 564
314 78 781
170 93 423
109 174 777
58 134 68
208 80 492
106 49 62
141 36 572
236 29 935
157 173 839
52 119 522
266 296 164
62 24 984
307 65 598
300 277 500
175 55 496
176 167 531
318 221 282
32 238 464
187 268 774
58 60 35
196 123 106
206 171 222
171 259 385
125 156 945
109 16 450
152 11 701
243 89 529
169 73 44
91 148 746
214 313 322
254 130 754
199 211 230
94 243 219
1 125 869
168 116 109
274 217 967
110 178 126
309 160 634
306 13 508
6 201 672
309 132 309
97 38 485
155 120 225
197 142 577
186 22 129
312 180 123
40 109 452
2 275 556
237 282 934
232 93 31
225 196 792
178 60 764
87 231 707
222 57 156
152 79 30
219 5 623
138 117 308
262 204 253
242 252 212
299 204 450
65 183 657
144 141 706
204 268 558
280 19 112
76 96 312
242 24 870
180 134 648
160 257 366
203 170 753
3 212 212
313 112 988
264 40 239
7 171 407
212 316 285
294 59 671
313 65 180
83 41 374
38 227 674
167 310 329
28 107 251
242 122 636
155 105 599
72 299 478
128 317 100
116 53 842
178 282 878
183 235 656
190 203 369
21 240 144
269 36 8
286 52 780
293 182 121
155 181 87
233 48 205
199 99 455
268 133 974
28 85 874
276 14 91
53 1 216
287 103 712
234 187 59
310 237 974
220 167 532
135 306 921
290 238 527
155 190 290
144 282 128
193 35 844
237 134 40
29 133 286
104 84 881
40 2 466
255 275 494
131 196 851
200 147 927
124 0 877
147 252 907
287 96 198
35 140 94
57 175 48
270 290 730
177 311 420
289 157 577
168 289 651
229 262 627
179 112 501
109 206 985
277 214 623
255 288 867
56 57 793
139 244 29
193 165 722
96 162 111
17 153 235
224 52 552
185 273 757
132 29 124
218 72 274
285 15 937
312 243 681
273 179 524
313 134 933
168 46 431
285 136 669
86 289 673
160 218 684
9 186 156
11 70 5
307 71 69
303 290 288
155 130 318
216 2 154
103 23 718
2 107 272
159 285 820
6 69 198
26 86 815
300 109 337
10 273 306
116 62 462
236 78 666
245 57 57
257 170 526
58 291 836
262 256 916
207 141 880
268 138 530
172 77 805
165 35 694
114 53 890
70 229 69
54 211 267
281 106 717
174 35 630
244 301 307
99 96 157
178 278 394
195 105 361
38 15 489
132 290 881
98 47 963
163 54 849
151 263 719
208 207 502
269 68 763
126 95 339
152 34 345
313 228 268
289 126 273
14 19 344
10 245 298
93 273 292
270 106 614
157 18 5
217 269 991
280 306 919
133 25 707
47 235 739
264 220 485
118 21 36
167 80 508
89 195 964
48 60 199
223 87 705
77 14 65
34 296 561
69 9 448
243 5 882
263 255 929
35 15 197
303 147 756
317 29 158
204 306 997
69 130 129
172 148 252
59 104 327
274 40 550
92 151 68
85 281 140
115 112 391
204 257 493
46 239 324
234 214 342
279 85 581
295 242 502
255 226 615
12 45 442
98 234 940
202 236 991
254 139 902
304 179 278
204 312 131
246 96 906
124 255 184
86 85 742
277 26 559
107 2 296
136 63 149
226 2 826
260 120 49
57 39 793
234 103 936
173 267 173
140 128 652
208 173 704
188 160 20
200 299 268
229 160 910
241 206 665
72 43 681
97 252 180
160 164 406
161 200 707
70 207 220
92 73 228
3 177 872
32 11 742
173 160 727
84 189 973
257 49 684
190 189 249
288 188 957
211 298 959
61 53 239
211 53 533
234 155 950
21 110 473
53 297 659
232 205 220
185 120 540
207 265 86
100 13 581
271 236 143
166 265 461
83 160 296
186 151 124
239 278 832
91 204 209
178 55 690
17 119 929
99 298 261
10 116 693
173 188 391
288 35 380
258 63 573
299 61 761
93 13 688
218 153 749
202 71 199
14 311 118
59 64 725
95 315 907
102 82 208
225 67 767
202 2 348
122 48 106
207 300 256
20 211 125
108 12 289
262 44 259
216 285 355
15 201 907
133 69 379
162 11 703
200 55 228
228 46 505
6 91 6
203 88 968
68 68 663
178 266 411
98 174 783
274 77 94
33 47 377
74 12 791
164 42 75
132 207 477
90 190 874
12 196 594
39 306 268
42 100 491
35 114 808
72 193 134
148 228 960
38 248 403
142 105 319
222 271 377
19 148 625
209 212 542
42 258 322
214 112 210
170 253 207
228 140 126
10 110 268
168 24 701
46 36 216
94 52 989
9 172 427
287 208 639
39 77 635
269 207 834
33 117 211
101 308 598
0 108 433
103 85 120
161 135 971
305 49 810
84 68 670
185 241 496
30 132 792
226 212 763
273 38 155
87 274 63
121 91 517
265 315 851
224 255 510
167 65 72
41 53 868
124 94 596
170 295 174
118 220 167
302 64 308
304 263 769
232 3 861
194 255 583
211 30 495
247 269 668
147 39 752
38 155 872
10 85 827
309 297 326
117 230 288
163 41 69
15 158 516
199 266 585
63 74 997
241 215 416
293 55 181
175 61 956
162 120 754
285 303 635
200 306 183
255 186 252
288 229 228
81 256 358
3 157 927
242 120 256
223 49 999
275 312 482
306 135 730
49 267 699
227 35 643
66 104 65
101 307 888
261 81 132
187 17 376
234 21 188
124 209 783
126 69 339
258 66 897
92 124 823
0 200 757
256 39 90
208 16 276
246 187 114
296 206 935
13 82 765
33 252 561
106 117 626
194 301 56
141 1 102
295 254 924
155 146 516
115 86 178
216 96 335
202 110 332
196 253 505
229 149 786
144 103 588
35 310 899
50 169 94
151 203 771
316 151 656
81 277 258
260 138 333
214 229 618
190 208 470
225 195 685
165 103 4
128 29 474
165 301 430
245 286 256
91 85 374
97 78 684
226 279 395
265 58 331
132 61 172
170 29 192
178 216 181
88 114 717
111 185 692
134 83 847
225 34 223
294 116 841
237 282 392
233 203 126
260 11 346
15 260 439
200 235 520
232 77 765
89 187 596
179 169 683
103 185 275
207 168 845
223 201 335
156 80 189
83 256 637
229 183 634
47 112 161
277 228 145
264 113 311
171 318 748
199 297 103
32 9 674
124 0 257
211 213 809
58 216 305
287 16 80
155 195 895
132 169 403
33 3 710
243 181 222
11 174 740
144 47 68
271 292 781
153 22 326
44 148 368
199 72 20
123 174 948
151 7 163
87 253 611
40 34 429
243 52 30
309 147 874
319 244 427
151 205 834
102 109 467
107 83 702
281 304 386
14 221 775
261 207 143
23 261 67
150 130 127
245 84 879
32 29 238
129 182 796
299 316 879
271 222 407
26 258 30
30 297 230
156 114 283
76 7 931
179 182 969
228 273 313
280 52 534
185 199 278
207 232 908
138 216 988
81 80 836
29 144 549
32 195 690
41 314 927
14 238 277
203 155 545
180 50 945
4 109 219
316 263 895
304 170 621
202 66 929
237 226 403
95 109 765
70 57 783
244 245 569
51 291 562
267 120 81
312 157 830
305 175 450
229 247 427
130 42 152
32 50 440
216 65 762
86 273 276
26 154 321
71 151 129
162 318 730
60 18 143
189 138 971
106 118 790
74 27 56
63 25 479
1 60 575
22 177 868
82 200 343
80 14 574
252 245 176
198 63 802
281 71 793
52 310 579
176 21 550
305 39 584
263 297 717
117 311 338
64 274 326
52 315 638
198 264 133
280 43 266
94 244 970
173 30 819
250 205 784
305 170 565
256 142 370
294 32 963
176 169 428
301 287 152
43 129 798
49 240 889
31 314 37
228 223 373
191 170 98
143 28 675
61 258 960
283 282 973
257 223 848
213 247 590
180 40 689
168 9 547
84 252 459
48 122 501
103 108 647
312 113 729
201 218 909
173 116 66
116 151 420
193 179 789
110 257 82
77 274 962
118 203 890
280 170 919
195 121 764
234 164 737
272 182 616
75 192 571
242 54 787
88 87 26
55 124 683
204 107 781
281 31 639
188 97 869
277 274 724
277 56 492
182 73 181
223 304 420
115 111 575
166 90 480
198 266 35
281 306 76
186 306 83
82 268 198
217 138 965
83 249 678
44 233 975
34 303 274
110 279 230
120 101 736
3 13 878
26 218 824
17 98 990
88 244 397
35 71 619
61 97 958
204 145 565
81 167 867
303 152 73
71 41 264
224 203 984
203 42 579
224 99 70
164 221 139
28 211 467
319 28 880
110 82 649
279 17 716
260 52 743
56 150 10
277 125 336
32 65 999
57 161 286
202 240 645
150 17 69
76 48 418
111 58 507
268 312 600
188 199 185
191 248 749
47 168 504
150 257 450
78 69 244
295 80 102
120 282 872
22 159 226
264 142 952
265 11 227
113 168 430
176 230 896
249 135 240
24 118 535
283 245 224
53 79 469
285 119 457
153 52 826
219 35 280
279 249 889
218 78 937
191 239 218
274 282 320
245 210 106
69 47 335
309 201 659
28 144 409
97 240 837
53 279 644
211 22 88
85 88 988
169 166 467
89 294 477
212 28 785
34 14 292
22 120 394
81 134 373
78 187 500
265 67 324
300 13 14
263 244 329
85 229 451
255 235 789
29 268 108
176 158 33
198 280 512
215 224 94
101 27 480
57 180 452
4 240 831
233 147 902
211 311 363
45 150 524
130 193 915
222 173 649
10 35 526
271 284 329
301 309 610
188 49 916
3 239 560
20 119 381
46 315 53
231 283 505
18 275 521
221 17 631
175 175 570
56 247 313
225 98 684
209 320 783
311 109 993
27 73 927
199 280 986
111 147 139
206 248 563
220 257 556
223 257 229
228 68 216
20 255 70
168 153 667
251 165 359
225 212 73
145 210 600
216 310 820
236 74 307
45 105 782
286 0 465
45 86 761
114 187 952
245 168 0
59 194 833
25 91 90
67 176 657
149 199 286
188 7 9
265 199 353
57 142 337
118 125 607
82 30 899
51 252 861
159 309 7
231 111 251
90 235 794
313 282 346
9 298 790
91 281 728
70 180 6
182 113 419
26 116 86
49 309 855
44 210 496
267 270 864
274 116 165
274 298 180
0 143 257
138 104 295
150 195 431
97 68 612
185 215 917
287 88 604
270 46 31
292 135 30
234 7 159
39 272 302
153 194 472
202 60 47
205 113 1
182 61 38
294 66 111
159 253 692
64 16 239
276 232 487
121 316 366
83 283 941
128 42 531
10 47 512
231 125 454
95 297 682
296 273 368
18 46 736
303 68 655
47 150 134
317 217 452
281 316 840
122 156 25
241 164 846
84 149 540
24 72 469
246 72 276
233 198 835
212 266 147
75 236 991
58 109 468
212 17 253
287 111 229
285 200 758
191 222 999
162 112 561
237 195 135
83 163 431
158 180 114
115 81 945
240 149 587
262 247 994
40 130 881
305 95 156
40 21 688
5 315 849
311 295 799
47 103 868
308 137 69
295 189 706
279 319 254
301 24 821
45 17 36
124 77 753
98 24 903
5 112 249
114 181 796
231 28 729
9 292 929
298 251 719
315 205 247
97 42 203
313 214 181
82 173 599
78 22 301
301 285 408
27 146 546
304 20 730
208 151 519
296 225 370
305 9 754
231 178 600
143 95 769
236 215 855
78 22 35
198 47 313
132 207 711
256 80 374
50 105 514
117 58 887
21 185 745
316 174 365
251 43 127
55 243 87
318 245 157
107 30 635
200 124 442
108 92 775
203 121 227
174 189 265
39 257 65
183 211 290
288 133 974
303 8 560
186 91 333
85 66 473
49 167 494
276 57 284
37 259 827
163 188 654
16 221 544
120 219 988
1 86 208
63 316 544
199 246 116
231 23 468
83 51 737
247 178 797
173 222 556
246 43 522
208 199 540
8 305 904
160 79 794
131 94 670
84 216 239
94 76 421
128 316 290
41 148 868
17 200 190
99 121 468
283 319 971
308 48 889
91 35 244
120 207 681
134 43 467
36 17 245
237 111 184
117 88 747
159 312 869
91 145 418
205 124 472
309 195 570
184 254 683
188 78 228
151 12 909
60 82 359
67 158 76
34 267 658
239 127 65
123 197 274
82 42 328
187 9 641
277 249 648
195 312 836
298 240 259
14 258 675
149 319 69
137 201 376
43 3 517
192 82 710
248 233 66
275 185 319
136 191 364
146 12 181
236 227 958
161 201 173
91 189 352
279 8 493
91 124 576
240 201 403
39 226 232
143 2 520
134 295 96
162 41 187
160 56 944
121 152 125
159 300 935
177 196 860
276 180 798
75 39 67
223 85 474
270 209 616
50 123 150
267 278 588
111 82 541
11 101 942
187 79 359
313 289 613
244 78 956
175 273 384
307 235 826
209 81 633
203 107 897
188 203 131
109 115 554
12 232 400
53 142 183
264 148 507
262 73 966
127 81 112
258 137 652
225 118 540
191 124 315
223 66 509
122 155 598
122 54 273
72 214 201
30 154 543
242 227 631
115 151 885
244 163 174
197 237 198
218 139 292
59 63 193
153 84 10
24 58 877
21 152 183
259 95 404
267 216 388
215 314 627
151 155 266
98 54 685
113 76 183
214 241 219
144 228 751
189 17 112
11 264 798
32 302 905
170 216 139
198 69 242
34 263 38
3 55 578
281 40 282
285 99 56
23 178 840
92 154 514
84 241 520
284 64 544
16 242 687
17 116 62
99 19 256
158 266 900
194 170 752
9 176 740
293 65 985
231 90 5
104 205 285
218 41 707
63 179 667
34 317 757
285 247 388
58 238 86
29 271 693
177 272 519
17 183 340
62 254 534
262 194 701
42 91 718
219 287 173
0 151 778
300 4 474
111 190 87
29 196 666
288 282 648
35 309 40
214 170 327
52 239 936
39 80 990
163 275 244
298 279 291
311 133 749
128 163 269
2 212 596
34 142 698
140 222 8
154 236 853
208 3 441
238 114 477
157 189 71
289 313 273
198 288 602
94 238 514
180 127 228
43 30 606
279 274 468
153 148 446
15 198 345
97 312 555
60 240 902
20 137 793
140 177 474
39 233 232
93 73 178
303 307 972
18 305 744
10 57 989
19 41 909
161 306 823
61 8 420
41 119 830
112 72 119
209 251 825
251 58 246
272 138 609
307 265 953
185 247 546
114 1 733
302 101 450
98 240 61
170 134 43
19 88 167
132 9 876
169 279 147
105 165 954
243 129 692
212 320 478
319 136 320
246 229 488
292 187 191
187 146 142
170 28 915
94 299 448
49 161 392
105 65 719
82 192 157
17 219 419
266 173 483
122 38 972
79 187 985
46 240 770
284 191 686
261 256 88
253 131 193
125 280 744
111 90 295
114 31 276
161 98 818
22 277 402
256 61 937
292 153 286
135 157 689
299 231 931
161 192 118
251 276 1000
171 237 215
210 53 669
118 148 700
34 237 992
113 141 406
287 253 587
83 31 747
65 75 579
66 75 449
310 172 18
258 295 142
260 2 634
247 308 300
95 27 643
141 304 907
55 237 579
208 58 130
30 123 138
211 225 200
192 166 408
29 179 983
106 279 902
54 202 968
110 271 530
60 258 327
143 275 986
124 59 641
295 111 662
41 33 219
135 37 581
126 105 985
13 184 843
271 176 565
147 283 839
49 243 86
301 242 779
144 121 423
143 183 449
59 298 331
257 265 260
37 77 282
82 309 104
37 56 789
111 80 61
256 272 969
201 251 563
141 37 816
228 207 25
217 31 677
127 102 195
179 141 210
302 187 983
104 150 940
9 292 474
19 3 909
66 75 699
304 196 261
204 259 511
189 74 772
8 190 470
30 251 555
160 174 577
251 97 142
185 105 681
315 307 681
129 256 887
73 122 189
56 85 58
135 291 716
296 42 121
183 288 908
51 114 684
142 175 330
43 132 819
236 307 330
13 152 856
305 75 127
53 244 835
244 20 126
221 90 516
179 32 228
48 267 136
229 81 647
35 242 897
74 214 409
245 311 71
112 32 782
21 97 690
0 129 71
62 309 926
153 270 46
169 296 310
132 232 103
26 186 170
82 180 854
210 221 313
122 199 108
84 51 969
314 81 475
30 245 590
154 104 402
258 144 370
45 25 101
92 92 114
128 262 823
80 242 723
320 25 861
148 0 118
273 55 102
40 106 582
186 136 914
222 20 447
115 249 912
194 170 675
153 36 458
288 143 794
289 36 104
241 85 602
272 124 275
130 112 228
268 129 891
290 121 353
31 42 48
41 11 172
1 17 770
175 273 633
153 307 219
161 121 213
61 307 252
247 129 17
82 110 745
121 147 682
167 248 185
300 82 642
41 296 522
241 146 451
122 308 381
134 219 64
108 275 35
54 75 815
228 148 487
65 194 554
243 318 553
49 229 278
10 112 444
288 17 435
69 28 162
206 270 224
292 252 102
291 175 458
286 305 624
95 204 250
237 43 265
150 219 329
273 102 396
23 254 470
32 193 174
229 147 297
120 161 847
88 246 60
257 214 745
109 66 183
291 93 330
227 280 849
202 229 281
308 287 569
220 133 254
18 145 45
225 54 719
110 143 99
59 52 9
100 144 637
287 196 66
38 283 504
305 184 737
251 143 307
224 62 13
150 220 262
6 180 733
274 291 306
70 74 960
156 193 659
114 294 364
150 198 62
305 253 816
104 269 628
95 66 179
289 27 644
235 43 1
59 249 926
268 49 769
23 285 815
256 308 522
35 35 286
67 157 201
268 16 378
106 7 189
119 72 67
228 177 734
31 318 846
192 289 751
72 272 222
310 92 863
42 169 877
255 265 190
291 43 882
73 47 429
36 158 830
10 57 397
276 45 681
296 99 188
71 241 0
72 142 729
239 170 31
235 70 238
222 104 258
307 128 353
102 254 35
267 250 590
154 186 693
88 309 137
163 50 568
215 289 670
92 126 225
287 116 462
243 39 575
275 209 278
145 315 229
107 280 51
11 160 672
281 7 158
77 252 43
94 231 73
122 25 456
14 72 25
252 194 973
127 6 568
94 152 720
149 86 451
85 118 541
226 14 106
85 69 989
279 257 307
132 194 765
74 264 395
143 305 70
136 93 243
289 132 282
144 67 431
36 151 554
274 117 623
205 87 801
237 300 700
112 232 383
33 21 393
91 156 798
274 109 11
224 241 57
221 16 55
13 118 48
86 273 450
151 74 599
268 221 124
99 249 746
82 311 306
78 109 192
11 181 248
250 195 145
286 192 874
87 101 155
276 131 555
75 25 85
237 253 101
261 239 665
224 130 746
210 305 670
238 192 68
79 147 38
203 202 316
103 230 989
285 290 141
153 48 169
208 195 994
28 183 717
74 308 944
232 200 903
131 84 941
279 87 882
270 198 13
314 198 838
54 176 215
122 60 436
23 254 117
229 133 353
245 168 435
261 236 173
293 234 534
31 184 173
86 45 855
216 165 261
220 138 571
152 309 864
243 83 27
164 87 359
4 45 622
180 307 549
9 97 875
62 171 301
127 208 467
103 38 329
197 87 363
316 77 769
213 320 480
54 173 80
299 40 422
10 140 318
157 115 901
209 59 292
37 302 901
186 243 919
128 262 910
270 248 811
69 27 570
319 186 610
186 300 15
94 47 154
31 118 817
173 103 617
242 252 922
60 319 985
230 257 894
161 162 869
217 227 644
218 125 738
196 71 404
303 9 43
115 189 372
244 239 719
87 295 828
188 284 38
248 291 359
82 219 564
255 281 553
190 158 159
117 272 336
229 111 557
148 89 356
116 270 269
248 215 251
111 175 630
74 218 97
200 47 840
165 310 156
280 186 406
263 184 783
198 312 210
223 166 920
17 157 393
277 203 758
217 244 410
138 179 635
100 106 258
93 230 942
147 279 905
299 42 281
126 130 629
92 28 177
202 255 941
81 303 156
239 128 330
210 172 573
176 159 34
307 132 371
188 245 780
102 128 643
78 232 455
273 237 466
300 41 112
238 259 297
111 156 509
202 229 351
78 268 542
93 172 302
62 210 122
189 291 989
272 204 984
16 5 727
198 178 774
231 41 101
76 218 143
166 231 241
20 8 467
281 39 301
63 19 63
85 135 696
317 242 703
137 310 566
289 38 47
57 46 897
152 303 997
232 29 173
16 119 448
263 306 181
15 159 253
310 115 401
270 300 5
36 136 165
143 215 939
32 283 214
194 176 55
137 180 634
39 203 668
314 235 325
38 2 903
9 177 418
134 62 739
271 114 760
301 253 593
47 38 410
256 264 740
222 11 329
89 7 580
128 259 125
104 66 230
188 2 658
71 4 904
73 245 178
17 77 498
194 19 491
207 272 563
158 175 717
6 263 693
89 307 998
221 170 103
28 15 44
277 278 732
75 314 819
22 112 412
162 127 451
276 73 195
159 45 612
312 146 223
50 151 40
28 300 324
105 5 407
183 76 12
87 89 918
270 292 803
128 99 616
116 124 23
281 118 284
303 128 478
304 206 262
60 33 174
318 208 510
225 59 348
25 219 649
287 99 46
87 236 762
276 238 409
23 83 338
57 73 228
148 272 999
265 78 134
94 172 154
188 40 31
22 111 933
17 143 816
284 54 288
252 76 12
130 186 773
47 135 621
176 228 707
71 236 949
149 128 32
112 129 958
295 156 146
37 233 437
317 88 252
228 97 469
34 206 481
131 133 688
207 221 820
314 192 431
223 162 669
206 181 503
275 269 142
254 222 756
213 207 521
152 156 469
87 17 226
86 200 224
280 295 52
20 125 20
82 158 398
272 4 496
42 179 117
242 138 148
58 304 544
80 132 527
22 37 559
187 266 812
132 153 853
43 81 538
218 313 92
130 92 931
18 114 161
316 237 490
60 32 804
90 31 746
265 138 643
282 188 455
160 152 638
310 70 62
89 114 606
221 213 161
80 305 637
309 137 610
101 158 225
274 74 774
112 165 188
95 309 142
175 15 253
130 194 172
91 307 327
305 95 366
252 21 412
268 114 55
82 292 891
95 241 11
273 118 8
76 34 50
249 170 623
316 79 94
39 317 394
5 9 270
254 178 515
63 6 294
127 211 27
197 236 827
208 42 94
121 112 715
13 114 678
143 138 180
56 240 688
113 51 100
108 257 104
228 275 923
108 12 155
258 47 950
218 209 604
260 212 367
298 51 866
134 113 954
128 249 262
59 2 997
109 150 188
64 256 389
202 229 5
227 125 305
166 255 78
101 54 303
57 242 824
204 288 538
288 235 198
193 189 759
191 58 430
279 106 473
247 6 930
95 125 434
27 182 565
108 25 894
10 67 118
63 245 677
147 317 911
152 256 131
301 154 236
304 149 31
202 275 345
244 226 517
130 115 436
15 314 459
304 4 633
149 37 440
139 230 942
145 135 38
43 186 854
153 203 278
247 218 831
147 214 414
238 77 451
222 36 836
28 165 920
94 157 547
6 191 504
28 313 87
42 288 744
222 267 341
32 77 54
110 182 609
8 26 181
206 157 32
128 225 856
66 250 736
308 1 644
300 248 808
225 81 703
174 117 16
15 280 877
297 266 184
114 304 412
282 42 792
218 206 407
93 79 360
274 160 77
95 257 373
261 231 920
31 154 421
284 296 889
236 138 574
291 131 531
131 34 802
72 266 453
30 55 676
212 305 240
135 282 940
174 305 567
58 262 329
19 115 254
193 312 251
114 286 292
112 278 127
105 193 347
96 201 541
257 108 693
156 139 837
245 84 298
24 66 179
117 6 421
214 10 615
85 133 21
126 25 695
246 278 851
30 217 504
212 159 6
274 25 341
227 46 843
55 282 576
14 92 904
233 32 252
136 155 953
71 68 25
168 1 259
179 276 962
124 10 530
222 148 365
287 3 81
162 23 144
226 45 268
14 217 345
236 250 782
224 197 221
51 287 699
145 241 366
189 56 207
28 290 622
298 174 998
156 206 236
212 113 430
192 289 230
41 277 726
62 220 216
236 156 286
246 103 865
67 231 976
54 236 537
53 285 506
314 270 649
186 128 801
135 171 2
73 310 870
185 283 390
276 52 99
281 30 521
79 61 781
145 290 317
101 48 471
94 87 396
204 8 502
172 235 993
35 139 344
257 136 305
105 223 104
115 265 266
78 54 655
210 234 708
303 196 516
17 97 955
180 259 255
26 300 957
40 310 985
143 66 580
24 171 474
230 41 583
278 238 863
319 239 949
66 304 50
86 305 696
281 82 146
145 238 981
75 174 430
170 193 902
160 184 961
13 85 509
224 80 138
34 308 593
266 26 191
203 121 761
149 228 588
140 238 473
243 184 710
196 245 460
163 166 49
167 297 569
127 6 481
41 139 538
319 59 666
66 69 506
184 205 33
318 254 591
233 151 269
198 241 343
132 67 216
281 220 101
247 32 49
27 93 610
62 77 101
315 277 13
80 103 25
188 246 819
208 141 511
308 47 272
198 43 615
284 196 984
206 127 305
140 238 488
176 110 999
30 11 283
13 224 97
120 144 662
121 51 574
56 248 85
240 67 483
197 300 807
249 193 811
146 74 913
99 251 682
271 291 942
177 152 72
25 290 551
171 95 278
109 64 621
301 305 352
65 129 688
57 273 827
156 103 324
264 198 295
242 289 171
294 93 956
48 310 441
83 172 42
85 209 632
184 236 298
247 66 428
201 85 64
36 236 542
281 259 307
250 124 255
24 144 533
124 254 505
266 237 652
163 57 216
214 99 843
106 74 621
194 130 866
75 110 416
66 121 791
245 233 549
194 91 255
256 132 293
109 185 338
220 219 599
99 254 44
203 157 525
250 232 315
7 219 447
67 246 665
104 222 153
93 83 910
20 206 83
208 131 628
139 103 464
181 184 347
285 316 345
156 23 514
235 177 526
306 230 469
67 27 312
33 254 276
58 243 329
152 186 189
279 284 736
268 216 203
83 135 877
190 31 166
234 16 260
153 270 372
181 219 116
209 95 359
285 58 807
180 177 441
226 25 820
163 118 873
227 57 550
184 265 809
27 163 643
131 268 498
166 243 728
266 35 379
298 42 402
194 159 812
70 71 458
216 38 947
159 177 321
192 193 359
308 122 76
71 266 257
316 28 150
9 226 929
141 237 187
85 289 595
82 281 674
146 61 507
152 193 893
180 53 611
43 278 456
24 6 175
31 145 113
301 227 887
261 314 570
189 195 949
218 90 718
107 241 520
175 205 725
199 157 720
256 318 14
186 256 417
305 91 175
67 254 367
72 92 411
311 233 940
32 105 524
96 174 952
150 146 539
296 192 651
277 319 81
265 176 19
285 43 383
160 173 581
161 223 920
35 63 146
119 54 722
147 309 152
68 89 247
242 39 198
34 12 873
4 246 94
122 268 679
147 301 507
115 76 661
77 244 968
138 213 4
310 258 97
77 230 461
42 287 463
319 268 359
165 314 227
312 218 137
70 309 938
171 298 540
117 23 356
189 250 219
256 242 422
7 300 581
106 320 818
233 306 624
135 170 987
227 287 502
231 292 933
140 125 808
159 17 86
227 20 209
5 317 747
316 113 181
39 274 658
16 309 783
237 225 348
141 89 13
123 139 167
315 245 254
289 70 933
41 280 318
25 99 232
254 123 347
202 135 410
222 299 513
179 207 254
196 1 912
184 230 18
197 284 94
234 281 20
43 7 194
305 273 91
200 116 895
58 175 205
179 115 944
77 240 452
44 222 566
29 28 837
111 290 535
273 44 809
6 3 466
283 121 348
299 58 2
32 108 839
64 10 114
247 214 829
119 42 788
24 33 69
57 116 929
142 271 627
260 129 376
149 157 413
55 69 890
39 245 461
316 265 868
116 158 622
43 94 647
113 133 328
104 38 916
116 84 110
207 101 1000
136 243 557
303 191 33
224 286 70
205 285 201
290 55 449
260 26 372
170 277 179
172 93 258
76 138 725
4 27 404
33 28 252
241 102 813
258 42 476
252 219 368
314 152 729
111 286 997
289 83 639
170 135 109
108 34 174
155 264 571
262 143 315
90 118 165
267 44 395
109 209 765
224 261 93
83 232 613
217 209 775
31 49 770
158 257 578
91 60 178
53 188 632
193 306 292
111 293 667
67 139 257
268 228 772
220 103 29
130 86 964
84 127 879
104 157 917
70 110 549
65 153 125
194 282 757
199 175 831
41 194 144
191 200 154
28 272 862
88 174 290
23 176 212
50 282 988
297 231 198
157 123 478
65 262 703
95 252 852
118 285 945
143 290 994
271 159 549
261 13 240
188 49 578
181 51 453
276 234 770
88 297 450
201 70 530
206 20 122
73 245 764
248 1 870
61 145 223
130 137 985
153 198 526
306 227 937
111 60 80
248 193 800
4 235 752
18 92 571
26 316 810
287 263 220
237 205 1
171 187 716
243 163 483
160 109 842
134 64 596
215 193 994
279 209 198
313 104 400
71 121 147
123 282 578
228 250 756
74 125 823
13 241 409
18 304 758
150 191 376
315 157 251
197 107 110
152 118 840
250 211 804
21 131 68
100 94 397
312 273 342
221 23 488
253 135 291
185 20 500
198 94 866
197 181 485
102 128 908
75 296 242
150 239 681
112 218 3
176 178 166
179 55 158
240 22 303
218 314 514
95 3 144
103 37 656
256 158 5
237 99 478
157 16 425
290 253 956
290 178 809
197 146 918
277 300 507
101 189 515
320 217 331
260 187 623
311 117 597
310 188 593
46 290 651
75 25 55
49 257 129
129 49 361
3 32 457
298 278 38
278 151 28
11 273 518
214 143 154
9 146 116
204 59 13
183 133 382
311 141 619
261 38 365
65 313 76
123 12 572
41 111 290
295 76 808
287 86 38
0 152 932
243 54 656
142 167 522
212 215 681
61 214 360
220 179 72
151 213 432
197 130 381
310 293 884
99 112 652
229 117 317
183 136 275
225 99 739
219 307 494
290 297 692
127 47 668
273 308 205
265 43 36
276 260 513
199 298 79
34 48 69
105 165 125
37 97 194
25 296 407
57 160 427
277 51 799
93 299 757
118 116 163
49 52 749
313 295 576
209 132 126
245 124 22
248 54 14
38 285 243
226 25 521
279 250 438
148 8 436
263 91 235
91 248 446
254 77 976
186 225 74
312 307 265
267 209 736
206 260 380
311 174 925
75 175 514
98 292 430
127 24 395
198 75 765
65 48 674
128 161 791
219 138 181
178 8 730
118 5 663
51 255 544
64 275 808
46 126 306
293 199 224
165 164 871
107 22 330
67 36 385
241 61 193
216 85 621
83 318 227
220 265 588
251 109 103
300 58 87
142 23 942
15 260 886
143 311 236
70 257 340
45 61 91
25 156 922
160 79 35
44 287 241
23 99 334
234 191 360
186 239 550
257 180 744
216 227 475
115 14 984
95 190 815
39 250 505
48 235 786
251 248 665
187 281 761
134 141 258
53 100 671
187 182 915
116 0 750
303 174 455
140 239 37
248 292 220
53 45 483
285 120 627
139 24 450
134 159 634
229 144 63
104 289 915
181 43 108
206 163 305
315 105 507
100 12 135
124 226 7
295 111 296
55 11 42
275 72 233
188 114 688
283 155 583
249 40 372
78 87 494
142 122 366
234 299 173
180 280 49
288 231 822
27 293 799
59 65 601
102 140 809
188 54 883
277 165 728
70 285 65
185 99 981
68 12 258
118 175 243
173 257 486
113 139 897
279 43 952
58 219 131
238 213 106
69 100 935
318 313 631
79 31 458
5 140 742
12 78 886
59 298 185
296 158 900
81 248 425
153 254 952
16 77 904
241 97 845
39 87 672
7 208 893
240 21 166
185 94 238
72 143 284
298 100 430
214 66 172
143 82 766
138 176 706
140 288 293
103 89 983
61 297 24
4 1 640
200 150 245
43 12 683
131 195 812
188 301 968
309 12 3
50 119 777
67 195 662
280 20 690
218 53 297
246 100 504
242 76 893
81 300 447
171 283 970
202 93 898
191 102 681
3 130 16
3 53 894
255 71 19
294 237 987
238 256 994
153 231 99
181 106 592
274 208 312
84 95 267
181 76 522
4 2 220
64 286 913
107 133 74
236 126 449
319 128 164
316 313 485
225 44 321
45 243 816
135 237 634
212 126 899
301 179 715
267 41 739
44 252 308
120 116 654
124 261 711
133 261 380
228 202 333
117 192 217
316 185 925
41 193 811
185 11 737
103 226 381
199 91 353
260 164 479
226 101 567
138 111 431
114 218 737
222 37 635
310 51 961
2 216 952
73 302 371
117 245 993
146 293 327
138 142 716
305 25 838
109 108 595
316 107 220
301 8 198
88 253 717
136 209 629
21 225 189
274 90 915
243 165 634
269 119 540
184 295 540
290 55 281
189 151 208
162 89 262
266 255 61
49 144 960
286 195 717
305 159 510
109 45 241
118 37 851
84 320 729
252 226 960
122 271 550
0 249 344
310 110 132
42 308 502
249 275 553
299 8 857
137 115 926
226 313 808
214 27 397
24 275 278
139 66 956
275 219 904
186 96 495
68 9 972
319 44 366
262 71 821
281 225 409
268 41 437
159 0 49
63 137 235
315 126 311
143 291 875
260 202 216
4 55 996
261 241 765
131 220 605
105 96 787
229 125 241
184 107 664
185 315 248
229 271 467
247 261 847
95 287 890
198 238 387
130 267 473
176 0 169
182 270 910
10 138 865
249 314 613
18 74 499
200 29 890
280 279 953
174 291 526
138 92 67
302 91 501
248 181 999
195 268 9
318 284 844
112 277 891
284 125 195
17 41 672
187 91 674
36 247 863
78 250 15
193 299 153
9 232 31
37 100 213
57 96 230
313 218 96
50 188 967
310 285 665
34 271 577
17 2 160
75 44 698
27 97 536
218 304 777
47 50 546
36 254 18
218 264 435
181 110 746
82 202 867
41 226 632
149 59 369
161 180 702
30 107 675
216 205 595
266 196 662
262 249 129
298 154 313
190 143 57
144 225 337
152 225 821
303 134 176
9 182 8
168 310 323
55 222 901
2 293 303
121 212 830
36 200 100
195 249 169
200 274 391
83 87 700
14 121 758
308 207 340
126 174 337
261 9 743
79 112 781
224 2 699
161 127 507
297 68 324
78 72 158
246 41 651
74 194 937
156 185 520
122 8 609
40 125 373
125 140 784
230 60 489
290 265 622
42 224 967
61 118 883
144 174 35
144 27 631
218 92 677
151 202 957
101 241 750
100 26 678
249 171 697
48 195 317
115 80 960
70 290 117
67 43 121
122 66 42
313 23 541
130 201 847
127 247 880
294 221 952
71 299 225
290 168 824
208 167 808
223 253 680
219 296 334
156 181 69
40 153 915
72 97 645
71 133 544
268 106 256
36 54 322
101 114 412
257 137 47
132 76 870
236 166 856
163 22 623
195 16 522
168 25 968
20 277 389
196 128 383
36 295 833
145 187 790
177 52 890
58 278 333
154 27 964
124 206 891
92 273 469
287 169 917
248 88 961
284 179 555
242 3 866
68 30 991
66 158 57
43 241 723
35 312 964
138 66 786
109 151 512
318 245 838
133 85 298
74 200 98
88 164 850
64 143 12
18 2 495
130 305 149
8 93 892
73 137 491
152 138 0
189 186 51
241 153 939
14 297 128
306 95 343
29 146 49
119 19 517
278 170 795
146 231 678
116 217 708
198 82 921
59 248 22
222 75 658
179 203 65
90 203 705
193 317 374
82 31 953
64 121 872
229 187 408
256 251 986
246 315 732
184 253 814
9 103 370
63 73 350
88 194 555
44 74 125
219 269 191
233 145 1
253 230 139
291 35 424
226 75 903
293 256 868
264 241 782
107 299 414
165 29 572
227 317 287
287 36 617
302 7 140
295 100 622
90 269 106
48 223 49
244 226 960
167 280 416
69 184 963
64 163 341
221 298 150
138 115 251
189 41 608
152 18 359
108 176 613
320 215 731
31 2 736
210 284 167
145 150 518
200 159 730
176 45 500
243 295 53
141 25 237
74 281 318
233 86 556
136 284 672
311 249 927
4 161 33
220 283 105
155 190 24
64 9 339
239 4 363
229 170 712
64 277 875
47 193 875
277 252 547
182 109 634
265 271 873
185 280 386
48 20 700
121 70 315
39 57 291
76 74 418
147 274 729
266 233 838
110 289 28
231 146 748
6 176 164
299 320 646
160 299 300
101 254 827
173 261 943
132 276 24
238 290 126
311 285 115
104 297 659
232 302 230
116 280 704
228 128 882
254 312 828
314 154 537
313 113 89
173 237 185
305 242 165
301 313 779
226 271 860
316 217 202
139 231 304
83 79 754
58 251 316
226 157 791
300 210 922
75 179 578
303 67 116
318 225 794
0 283 108
98 33 352
202 320 609
93 268 382
193 222 720
215 16 993
129 0 489
189 144 468
7 273 453
139 19 89
23 217 769
306 264 873
63 135 170
199 58 271
277 277 126
218 114 123
56 25 648
222 307 802
16 294 561
109 125 136
179 142 498
198 90 768
145 290 872
36 137 949
270 288 798
141 68 574
186 164 101
199 165 971
168 178 903
22 112 304
137 246 213
241 234 315
6 277 697
90 103 907
233 37 701
28 286 996
12 246 4
4 76 794
51 183 787
86 32 855
178 237 333
178 216 457
126 117 770
286 32 297
202 251 441
267 101 766
123 246 89
192 176 193
28 35 30
282 47 552
134 258 416
276 205 814
37 80 539
44 11 318
128 278 314
241 110 67
162 143 662
242 18 249
252 313 852
259 201 342
243 87 312
311 136 183
192 84 825
36 70 256
230 133 206
129 317 55
95 167 751
290 84 763
210 149 412
85 86 973
42 219 910
136 44 532
298 240 493
35 87 879
114 137 980
181 288 620
66 99 162
174 226 703
283 112 713
228 190 868
277 283 120
314 307 509
273 206 309
225 100 504
99 90 987
251 274 933
290 109 66
278 145 920
68 42 428
58 132 947
207 254 418
122 176 478
40 253 255
291 157 644
66 175 376
84 208 285
221 255 320
98 281 300
209 121 459
217 26 231
290 177 279
114 205 901
121 76 978
150 200 586
96 73 257
87 94 63
161 308 48
132 319 345
167 77 121
245 12 482
9 41 903
316 284 128
208 298 50
243 142 89
223 189 861
167 133 941
111 197 870
152 49 142
244 121 612
156 291 509
312 252 420
84 158 892
271 307 965
256 252 225
152 2 608
320 44 233
221 240 134
239 219 903
95 118 597
315 113 104
30 60 217
139 260 112
106 92 841
320 21 113
147 195 574
39 113 983
21 217 761
270 278 540
47 319 696
41 19 32
312 268 356
303 296 776
145 294 945
40 207 818
23 213 843
183 250 628
41 139 364
109 85 282
172 174 512
180 223 622
232 33 819
235 56 97
198 35 775
263 169 177
147 17 441
249 171 350
270 193 673
210 317 781
274 249 788
90 51 631
29 257 384
52 314 695
281 291 470
125 123 241
146 98 408
306 309 95
145 16 912
264 283 732
267 119 696
248 100 98
208 296 489
122 314 87
41 50 766
72 295 29
261 230 92
301 36 231
70 225 507
139 262 59
116 52 79
24 195 539
175 150 449
67 187 154
287 310 555
268 69 752
21 222 793
27 77 300
197 138 996
289 317 314
225 134 528
318 244 793
37 286 134
0 129 957
53 296 525
294 315 453
111 9 555
156 63 571
211 55 833
97 115 884
116 159 539
228 247 31
50 77 884
183 16 45
173 287 298
211 306 610
92 120 164
53 289 712
55 64 807
265 127 221
221 275 454
171 110 971
95 251 371
260 107 63
162 179 806
142 96 4
38 262 972
200 250 603
201 149 40
307 73 339
59 236 735
184 168 952
35 51 310
258 49 910
222 168 832
253 170 57
282 316 474
123 313 852
288 54 517
186 144 479
43 34 148
196 25 294
254 161 589
233 234 918
265 69 398
17 93 440
261 62 89
318 314 237
176 248 566
308 49 415
277 129 678
45 38 266
318 302 407
215 312 783
8 6 496
193 285 594
62 135 485
224 199 290
124 199 215
294 300 788
109 103 316
314 88 903
38 120 208
93 318 13
127 230 958
29 229 5
240 9 513
317 176 408
185 310 219
91 223 296
15 56 859
145 114 859
186 278 380
16 61 764
276 156 415
319 219 399
291 234 106
118 234 652
146 61 562
24 26 210
248 174 392
269 155 980
203 155 616
228 83 868
87 144 402
55 37 240
131 90 928
19 118 34
141 70 352
10 302 562
308 179 810
222 311 742
240 43 319
247 228 471
121 30 373
0 241 595
87 109 410
281 141 908
189 205 305
284 18 557
309 12 158
199 45 473
302 170 749
296 106 474
234 19 865
27 213 834
136 289 389
24 223 101
8 224 387
153 143 844
86 162 984
317 91 206
249 252 392
195 95 548
30 108 156
142 199 373
279 48 753
235 212 354
311 103 164
81 162 562
244 195 756
53 53 829
32 155 173
173 48 592
201 47 218
187 226 562
228 178 261
253 227 625
250 47 497
208 2 584
308 260 636
57 290 490
100 258 414
64 170 352
191 100 949
38 315 31
252 229 511
204 31 455
146 62 232
6 39 977
299 96 697
248 32 952
154 219 198
126 118 231
270 83 858
71 154 933
175 15 662
55 304 51
173 292 169
140 231 611
308 43 603
121 102 946
213 147 268
224 65 538
179 2 997
304 248 292
244 147 981
230 192 740
263 158 533
226 254 132
301 255 493
36 292 912
114 182 265
21 207 768
176 63 580
141 199 859
240 297 419
118 29 309
117 73 799
161 4 319
55 30 392
155 293 825
134 105 53
298 60 827
86 17 347
15 190 918
225 127 222
216 289 792
65 301 205
128 234 856
112 105 513
317 296 61
201 51 687
61 5 607
234 300 216
89 259 122
79 144 114
108 38 315
307 213 132
209 130 481
187 309 208
50 68 856
244 133 610
127 173 475
15 18 855
144 201 271
32 131 299
293 266 257
313 258 915
62 175 190
39 42 409
241 273 497
169 59 191
40 212 818
159 29 456
199 36 407
215 314 190
293 134 173
110 242 504
203 193 221
261 277 766
175 1 591
99 92 768
226 27 101
86 74 890
166 101 235
40 90 980
280 221 848
194 297 972
248 141 219
55 97 806
166 144 336
71 127 356
234 62 778
118 319 921
281 135 195
191 31 388
108 264 73
80 65 671
202 86 415
279 194 648
273 113 451
282 179 579
163 59 701
68 107 379
116 1 794
168 216 228
23 257 463
192 32 290
135 142 274
220 6 452
109 303 650
179 260 289
204 67 239
157 167 919
187 249 392
152 93 84
304 91 887
191 23 269
319 141 988
131 203 23
204 174 27
215 4 28
9 122 607
154 275 420
248 165 169
72 115 602
156 199 637
156 54 212
125 163 137
61 147 482
251 318 605
243 225 938
30 19 986
171 95 100
320 289 23
228 193 136
286 100 475
234 200 894
275 119 568
29 282 776
264 172 224
226 200 664
10 251 960
27 222 13
161 173 546
223 267 148
57 235 392
129 20 656
265 160 601
175 54 589
227 98 374
126 87 40
32 170 383
166 285 729
71 81 895
192 252 970
96 230 458
161 235 578
162 39 789
115 206 150
88 241 163
185 147 19
89 194 490
255 175 641
249 141 611
58 20 663
153 244 164
233 201 376
304 50 654
135 200 149
101 115 51
143 219 452
105 224 635
246 266 838
72 60 733
42 293 782
304 51 423
86 190 750
251 289 934
150 268 467
234 318 272
218 145 306
29 117 656
268 14 335
269 79 859
154 30 501
111 251 554
197 106 363
313 61 505
276 225 562
239 258 154
90 234 100
63 172 337
175 163 938
115 233 238
198 7 338
209 17 201
46 253 511
179 56 614
83 118 96
27 57 641
188 118 114
142 82 560
243 140 460
177 113 736
178 69 66
127 57 827
316 27 754
295 92 974
128 252 932
80 48 946
270 65 333
310 148 229
207 139 440
222 299 800
263 212 64
58 183 56
99 1 119
309 293 193
208 91 483
316 162 182
212 314 969
154 65 687
103 240 767
178 3 909
267 118 137
130 148 121
269 251 88
269 187 463
215 256 550
82 70 742
195 208 437
98 44 82
283 232 515
63 191 884
133 257 365
4 180 181
250 280 535
260 146 676
224 272 273
59 169 976
249 70 734
166 88 602
175 294 802
2 120 56
317 77 880
239 27 521
127 306 379
82 306 978
129 4 770
0 207 977
262 240 756
134 280 516
228 81 485
69 298 189
63 208 885
288 274 940
232 296 570
154 183 355
128 192 262
213 221 854
24 283 76
272 23 430
246 196 849
6 122 568
184 269 887
240 269 276
5 125 347
69 117 889
139 192 652
302 158 217
154 183 677
38 181 257
93 273 530
168 76 655
80 278 652
139 233 466
294 307 629
69 197 451
60 13 400
60 292 736
252 186 880
167 68 587
270 260 775
227 102 651
209 172 534
89 166 683
279 319 565
77 130 759
92 110 289
56 219 933
306 176 390
156 113 775
206 242 443
136 169 234
140 283 546
72 269 362
92 244 460
150 79 119
200 314 182
132 73 765
120 24 28
137 284 728
186 78 935
138 231 244
307 256 424
122 111 384
119 122 122
105 198 36
93 220 862
55 302 488
168 34 183
242 100 580
186 12 776
70 269 874
242 216 924
191 158 693
21 71 63
293 295 12
164 114 187
242 182 874
49 45 857
133 134 788
211 272 500
172 12 523
71 8 107
65 162 438
176 11 200
299 223 377
122 256 653
228 199 467
104 311 975
184 122 489
99 219 719
257 21 482
185 153 564
188 14 847
288 220 880
246 58 735
87 267 82
84 225 978
265 187 874
316 103 650
270 179 754
286 317 367
221 165 308
219 92 290
309 246 400
7 174 330
127 178 929
206 42 883
143 136 555
109 176 628
132 188 722
59 296 721
230 123 952
318 255 575
305 229 983
155 297 555
230 276 451
83 308 129
159 118 872
133 59 590
316 35 905
270 304 963
205 304 430
277 180 916
102 255 823
39 81 547
299 265 508
147 69 279
32 163 966
165 214 546
198 9 431
144 264 176
26 307 181
135 303 181
167 299 307
115 100 22
22 48 101
115 63 581
88 122 550
235 168 418
22 83 833
301 18 75
218 37 443
158 146 537
204 84 191
224 141 185
176 180 958
316 113 948
245 0 660
193 171 137
32 308 126
164 27 217
38 165 389
181 195 614
24 228 838
305 75 661
92 161 188
180 185 320
215 205 845
109 300 702
249 128 517
42 128 971
250 219 281
306 213 711
249 45 745
251 189 263
302 78 2
178 319 862
6 181 143
194 75 534
188 12 852
262 59 616
83 103 534
273 25 850
157 300 163
280 318 17
79 96 359
288 165 480
207 111 489
106 217 741
76 22 942
89 136 642
80 213 453
314 184 708
314 269 450
155 174 533
318 130 912
34 51 468
255 65 909
263 152 609
207 33 607
293 138 774
150 208 534
232 83 901
79 117 946
59 5 609
276 216 584
24 248 81
60 95 932
190 216 119
247 310 178
44 298 111
291 47 303
85 86 547
23 287 245
91 189 675
139 0 845
4 298 790
184 124 571
108 208 850
181 251 765
299 35 140
136 179 685
318 23 898
302 214 602
47 114 227
320 7 529
106 285 673
293 20 911
250 9 168
182 225 593
248 188 532
231 261 754
138 59 55
40 0 646
16 115 262
16 38 869
205 217 902
226 298 374
81 192 952
245 219 268
249 209 640
215 206 459
40 245 980
150 260 387
105 52 175
161 156 422
181 306 42
34 129 957
170 151 897
87 140 318
176 189 726
215 173 309
151 269 344
48 154 132
306 286 343
97 46 583
52 233 18
277 151 646
71 252 545
133 10 120
177 219 54
3 298 365
102 227 732
203 113 321
52 20 192
150 38 577
76 129 418
300 70 969
2 133 267
136 295 640
307 315 476
47 216 888
315 183 394
186 309 297
319 164 326
176 16 47
201 104 847
51 167 257
33 50 186
24 284 212
307 206 717
68 309 585
318 184 886
137 258 614
179 190 811
237 229 758
244 153 838
244 46 896
43 190 557
235 263 124
13 131 225
226 180 338
201 74 740
192 167 150
212 73 567
176 4 944
269 56 547
73 16 180
220 84 80
27 187 618
262 183 731
79 60 131
179 216 922
55 93 391
119 300 703
141 316 582
205 303 210
79 14 282
281 11 219
52 24 220
147 317 318
240 46 606
94 104 457
266 14 196
208 253 479
310 182 271
137 53 999
219 99 38
134 205 907
287 189 271
173 225 680
58 250 700
297 136 57
119 162 942
84 171 785
130 236 520
30 304 598
124 252 345
186 22 148
202 38 891
318 37 211
244 85 130
212 128 982
4 106 444
316 315 997
29 93 693
273 168 552
97 14 234
76 0 447
296 222 536
70 182 937
277 143 641
49 102 971
33 26 778
249 181 200
304 28 861
258 226 919
214 102 2
149 201 907
64 123 110
215 64 755
107 275 709
145 44 742
191 128 901
247 173 995
9 246 959
155 0 854
130 222 53
68 174 540
113 167 620
262 139 172
27 299 516
95 97 208
160 262 2
137 267 539
314 55 392
163 104 138
82 305 379
27 101 471
134 227 173
225 266 366
152 302 151
65 95 125
192 4 28
34 235 667
157 164 963
117 167 301
70 154 703
116 308 806
181 286 193
120 9 590
100 241 717
11 112 425
14 15 918
95 47 503
244 50 455
4 161 445
72 151 348
258 201 883
154 241 56
87 270 752
241 116 373
219 216 685
136 47 837
281 37 869
9 21 513
109 68 184
163 291 862
76 273 796
99 250 60
221 132 61
265 85 316
176 232 236
147 149 684
8 144 63
160 302 439
196 224 109
207 270 507
286 301 583
148 314 744
184 165 893
6 80 401
168 15 319
132 318 272
39 110 189
195 308 75
289 276 886
42 257 63
178 256 291
213 156 245
63 33 571
80 99 412
211 107 600
80 291 450
94 132 444
59 133 365
180 297 290
65 39 514
6 214 156
112 172 177
243 202 941
177 184 587
271 284 419
220 153 170
286 295 755
114 137 91
92 165 680
95 168 717
149 315 371
63 21 657
59 175 458
157 51 939
71 30 156
280 115 981
39 180 617
203 284 784
312 312 608
196 212 77
242 145 853
304 289 229
243 216 677
263 216 522
210 284 967
92 161 812
141 316 130
128 105 500
189 81 298
267 311 472
192 4 60
134 156 587
65 55 551
308 34 956
28 137 794
215 142 701
202 23 366
168 250 764
4 268 943
257 40 136
54 288 685
45 120 65
264 48 700
188 36 726
60 224 697
311 213 797
41 305 139
258 166 384
81 86 53
81 259 133
170 125 689
295 230 442
128 222 521
302 155 399
94 250 706
106 175 781
14 25 880
310 251 754
315 18 227
228 219 959
232 58 169
85 210 63
253 298 753
314 216 532
159 237 519
274 192 381
153 291 571
22 97 593
138 145 562
91 267 337
2 79 655
214 25 730
115 98 536
216 118 493
169 93 115
177 15 903
306 167 519
208 132 358
226 231 103
147 202 842
66 186 570
267 238 452
71 175 890
296 197 599
288 318 84
114 208 549
3 259 923
139 134 271
247 64 48
293 236 381
179 271 273
216 93 1
264 210 398
295 117 376
216 7 658
120 290 76
59 116 977
202 314 952
224 120 688
227 1 311
128 232 999
291 150 528
233 286 115
2 12 561
213 62 213
128 307 897
150 92 664
320 235 327
103 149 264
68 230 150
91 182 187
118 227 815
195 171 375
256 41 154
80 106 101
148 261 413
10 318 32
33 62 687
128 51 262
96 159 595
150 197 439
46 250 136
19 135 534
53 10 598
15 293 653
122 83 71
171 109 487
26 110 459
180 33 182
71 105 511
53 210 339
1 293 304
235 104 737
135 144 208
262 193 158
79 102 821
113 224 104
72 83 7
119 54 210
166 299 900
26 275 898
89 125 981
257 177 202
87 85 922
261 178 116
243 180 123
160 231 275
166 64 680
145 134 368
285 107 336
169 264 779
273 204 115
302 223 136
224 12 548
210 193 563
95 159 986
63 100 111
222 157 695
155 253 256
136 29 971
178 58 614
264 140 174
278 241 832
125 320 639
315 27 91
218 298 172
113 87 212
295 268 848
179 238 908
168 116 599
21 273 553
311 161 488
302 91 328
291 290 605
250 61 544
122 42 245
35 274 636
205 290 485
73 231 43
205 113 2
302 197 687
249 145 813
60 112 224
183 118 268
58 67 951
189 154 852
196 196 386
292 163 704
21 130 708
248 53 694
178 88 972
154 101 623
151 67 940
300 165 678
241 169 145
126 127 834
121 120 492
30 187 305
143 10 183
294 122 449
85 213 630
279 28 27
21 233 817
306 15 929
162 173 839
204 310 155
132 195 911
22 278 804
136 229 535
309 269 430
276 156 221
105 17 453
77 213 637
89 292 901
228 291 569
124 228 699
89 242 688
239 162 177
17 275 224
121 55 960
128 281 198
142 240 332
99 94 300
229 294 582
135 259 845
100 263 711
91 315 612
200 136 774
135 257 143
242 66 192
155 87 389
227 131 573
231 155 427
130 22 869
215 98 9
133 38 808
303 269 907
188 305 231
159 168 430
11 228 715
262 110 48
43 88 519
234 264 744
272 103 184
306 118 688
127 4 674
224 208 290
90 147 199
257 3 5
34 68 223
153 38 933
51 96 904
318 102 164
86 141 328
211 43 279
130 116 532
30 178 576
11 47 546
192 231 330
156 316 549
246 270 302
262 102 458
244 105 435
294 247 415
42 167 282
82 169 449
163 187 215
86 229 331
78 84 198
265 44 917
273 72 821
4 311 941
104 63 243
296 294 231
152 127 423
318 264 743
15 177 727
262 102 507
239 87 741
137 266 87
58 71 309
303 43 544
102 290 335
112 33 111
15 121 208
29 320 808
92 205 199
67 70 760
129 143 807
69 153 997
222 8 240
172 203 704
301 175 592
21 156 672
273 10 122
300 242 882
264 219 68
83 311 551
308 89 911
225 228 485
120 116 545
281 296 616
256 122 962
24 130 349
114 200 403
289 123 441
141 294 471
189 163 251
197 295 771
260 27 25
44 247 697
214 268 482
144 67 635
189 50 764
295 206 767
277 50 922
292 176 484
106 148 139
273 159 6
37 90 193
239 74 628
259 182 33
229 61 62
104 99 764
192 24 5
70 315 461
264 111 973
48 191 958
229 75 28
236 236 689
277 131 474
166 94 289
149 12 735
62 141 217
148 140 96
166 174 79
115 18 425
84 15 626
76 2 319
6 83 250
196 205 585
147 50 161
204 197 409
135 258 733
106 70 502
311 72 360
174 118 747
55 259 667
149 8 840
134 9 73
155 157 60
129 279 189
84 197 970
139 92 949
262 48 997
319 12 281
270 292 796
313 121 4
180 0 62
16 139 353
92 123 114
38 256 74
227 301 412
205 12 819
238 282 5
320 70 23
301 306 105
3 57 573
181 212 164
287 64 111
220 212 417
74 313 174
20 251 266
5 19 931
311 214 89
177 24 1
52 220 774
28 281 26
90 265 527
184 166 451
10 89 865
207 57 648
257 300 478
93 301 622
25 135 190
165 64 820
127 220 40
247 112 148
210 37 60
147 150 143
18 241 966
21 34 22
42 115 301
73 231 691
246 14 101
160 280 948
107 194 348
161 273 235
287 202 479
50 92 922
128 225 324
81 297 602
315 308 338
139 87 344
67 273 620
277 5 728
99 122 734
289 291 322
179 318 616
224 148 221
285 117 139
304 155 494
26 193 944
298 263 454
126 28 130
207 100 592
52 297 23
247 124 804
71 28 580
236 54 376
292 204 598
15 33 966
105 255 128
54 199 244
28 40 892
81 240 936
194 23 434
196 59 348
287 26 201
123 73 617
318 118 880
4 172 994
219 127 368
256 289 330
179 18 160
112 169 629
174 189 414
166 255 900
132 298 914
189 175 738
231 260 279
189 115 247
239 32 820
4 17 488
3 300 918
271 290 887
51 291 62
46 24 291
282 65 554
121 119 520
287 226 857
166 126 424
296 87 492
120 169 917
301 155 651
197 46 316
216 303 8
154 177 789
71 193 293
263 317 273
133 292 37
112 188 327
204 177 301
39 264 727
172 138 316
248 86 811
285 289 759
243 98 840
110 302 37
300 50 311
265 38 426
3 257 292
273 92 705
33 184 559
167 33 151
296 23 402
231 153 831
29 162 684
150 271 95
171 68 949
185 289 696
62 293 553
175 160 856
200 10 83
291 38 802
106 109 824
121 62 818
134 130 377
158 86 719
307 75 16
95 84 845
27 138 905
229 190 432
284 144 468
226 126 83
109 15 566
135 231 445
98 272 123
168 5 599
135 140 429
52 6 984
130 220 289
68 252 754
81 183 4
124 296 301
277 139 117
55 173 692
269 156 247
64 319 303
297 81 910
135 307 451
14 308 594
220 282 870
211 216 514
246 170 265
110 126 655
148 171 868
47 310 867
278 63 432
289 35 906
277 249 428
293 133 450
297 170 426
53 96 901
305 130 481
280 245 187
79 316 987
67 311 778
266 69 547
85 127 54
219 108 155
290 277 408
258 301 224
242 213 931
109 314 217
51 203 715
310 218 655
25 236 867
121 114 555
226 71 391
317 203 416
88 115 370
207 209 449
115 6 25
91 287 551
49 301 13
81 139 363
174 301 472
141 255 72
52 160 436
310 35 848
70 236 224
318 198 872
22 14 582
76 28 804
227 304 630
244 71 996
124 258 277
312 62 935
46 192 993
295 104 15
233 167 779
83 307 796
37 91 68
271 42 304
151 19 364
123 118 920
14 242 972
235 73 909
219 196 367
163 126 568
213 71 896
278 102 108
75 115 145
151 125 547
122 57 863
138 276 987
106 282 690
22 279 22
233 58 565
17 92 814
175 161 726
282 61 200
316 233 29
110 10 829
169 97 38
170 14 919
270 60 929
48 244 454
300 236 279
221 204 757
130 11 257
97 146 124
70 213 123
22 315 243
6 57 875
294 65 445
15 130 796
286 139 813
302 5 274
309 319 317
247 124 737
270 314 333
66 193 549
109 163 828
39 309 352
311 53 824
261 134 717
33 280 858
120 90 230
244 120 201
286 280 587
310 130 456
24 164 72
20 261 244
151 240 806
3 178 460
120 40 476
84 270 541
199 159 245
167 223 727
120 249 801
108 303 394
15 236 728
120 205 470
126 68 803
32 18 811
68 179 845
200 241 443
108 266 910
78 62 42
254 49 389
148 128 593
104 42 74
262 205 361
57 212 164
269 58 676
308 196 961
5 12 75
134 2 918
308 47 637
198 97 707
9 156 6
241 23 230
238 55 150
18 152 415
138 34 846
135 223 737
85 158 802
286 105 711
265 6 339
217 181 348
200 220 332
317 176 815
83 2 767
47 25 92
229 197 156
53 47 210
127 233 375
283 167 208
147 54 199
137 255 176
172 243 963
179 152 760
32 95 66
106 47 391
157 22 221
21 158 1000
64 314 501
77 107 702
157 14 286
115 283 759
178 34 383
100 218 555
255 134 603
123 297 237
117 202 311
117 127 748
58 60 13
90 309 352
306 185 412
52 80 750
98 23 442
15 288 930
38 242 888
186 259 655
18 7 948
43 304 107
197 204 125
285 230 560
169 312 640
297 259 238
216 245 262
249 111 343
77 62 430
129 191 576
257 278 132
153 200 62
266 165 972
319 268 10
181 215 671
141 92 921
110 155 943
283 47 446
293 113 901
161 18 283
227 201 592
239 183 59
318 201 426
257 297 566
94 248 246
267 207 634
204 228 81
154 308 60
289 56 267
134 92 695
243 46 41
269 93 660
127 29 703
137 145 382
61 205 638
89 27 647
247 149 702
70 282 175
141 241 302
282 0 994
266 77 271
67 149 479
294 102 191
36 216 944
85 162 107
263 259 483
60 130 281
228 234 653
124 123 140
148 204 857
149 30 427
125 75 227
277 197 677
13 126 622
167 45 365
163 171 1000
314 147 752
77 15 337
7 249 395
59 94 631
278 16 132
152 134 363
306 205 772
162 165 725
167 195 713
2 213 104
141 129 773
91 165 869
244 248 153
101 237 337
165 108 705
47 220 918
281 277 52
133 204 94
93 248 253
206 155 663
116 67 122
139 194 199
121 310 273
223 111 240
293 213 209
125 237 494
312 76 982
9 22 975
2 299 643
132 200 715
95 247 856
263 119 119
244 208 231
250 268 65
80 167 970
270 146 391
137 263 8
229 141 483
13 5 735
86 119 163
116 282 750
110 94 653
316 210 746
35 121 525
313 202 788
289 39 877
256 1 825
238 150 183
213 230 412
317 53 250
124 248 385
97 20 446
267 107 140
269 33 698
258 41 705
137 263 104
131 96 576
275 262 101
236 105 272
146 281 404
133 301 15
31 87 99
171 168 706
236 177 109
126 76 463
290 193 306
57 252 249
227 166 675
11 200 559
148 293 357
94 185 293
279 314 261
208 291 97
306 80 586
278 111 819
100 253 699
153 139 574
181 2 85
266 58 204
65 25 166
107 238 344
184 125 694
302 257 417
129 319 945
178 284 197
171 284 658
10 149 481
229 112 995
181 261 97
190 59 342
248 216 627
119 54 620
129 117 123
124 303 424
204 177 458
138 253 225
287 90 233
81 182 550
296 205 249
63 226 445
160 297 468
185 156 590
184 245 362
146 319 316
57 109 514
299 298 274
243 159 166
22 54 855
161 136 995
173 200 709
152 258 498
273 152 357
162 202 138
279 34 184
161 171 711
62 267 794
223 283 591
155 24 576
111 42 883
304 33 124
148 299 424
285 195 519
286 123 708
182 99 710
170 163 482
295 180 19
66 210 664
37 89 918
77 87 235
261 222 713
14 240 550
226 164 841
52 158 772
240 77 775
119 24 166
241 30 195
210 152 89
99 161 31
233 295 854
195 147 348
303 232 560
37 288 875
25 81 691
14 52 292
217 214 157
31 126 901
295 200 691
214 222 741
156 68 11
29 132 930
226 310 29
43 282 392
82 128 830
251 204 719
158 67 306
129 296 976
98 120 460
80 216 649
223 39 639
271 233 136
94 191 537
48 253 505
253 313 772
74 76 621
50 52 253
116 184 319
77 70 849
69 208 98
161 175 618
99 72 753
135 277 982
302 202 547
38 138 881
4 111 828
87 22 683
118 64 112
283 177 722
253 292 497
269 160 951
86 224 439
195 95 861
226 219 986
65 238 571
211 82 117
12 162 321
114 293 415
11 134 973
57 64 869
82 111 650
61 190 211
98 207 354
58 104 417
233 122 508
135 97 69
86 168 522
105 305 90
82 38 947
210 44 339
165 171 396
135 30 668
126 45 155
101 243 711
11 277 406
251 170 705
85 230 8
172 56 69
67 308 235
50 11 802
121 57 262
211 7 897
268 261 395
101 236 502
303 237 345
36 86 768
216 45 416
122 60 869
18 153 213
222 49 893
17 207 709
55 71 361
250 235 771
107 246 747
106 217 920
234 63 564
241 156 832
268 215 65
184 257 172
150 36 193
156 300 976
48 13 503
64 204 362
119 145 3
100 3 55
172 13 816
152 160 736
107 124 352
260 130 625
311 83 902
305 111 344
161 30 61
306 268 805
138 109 674
144 224 427
2 190 278
208 21 918
106 79 147
172 90 28
288 26 243
216 177 616
113 77 891
311 48 741
116 151 108
117 131 178
289 305 818
61 149 695
250 80 94
124 284 493
306 202 990
153 92 748
235 81 417
105 41 202
44 105 529
105 166 204
268 3 949
55 70 379
243 57 702
41 301 62
44 123 115
171 1 29
70 315 684
121 183 273
302 80 756
279 165 169
150 55 869
306 286 186
224 272 766
197 260 615
152 17 533
202 306 804
33 106 78
100 122 121
273 43 885
55 35 966
218 282 862
178 271 20
260 36 596
167 127 228
218 49 321
0 33 985
153 209 740
32 289 7
201 52 420
135 143 905
301 25 902
42 30 603
239 165 394
182 28 366
102 290 535
83 75 728
38 67 163
199 77 675
79 246 311
238 27 292
68 20 76
38 314 980
246 28 523
166 98 574
196 257 122
116 100 518
133 318 687
171 195 86
17 284 291
93 196 931
140 260 617
132 279 281
54 229 298
169 264 371
271 283 483
118 89 669
294 255 700
254 45 989
71 306 94
117 194 2
17 289 133
231 136 504
257 163 400
174 161 694
197 231 260
306 274 931
10 22 355
162 11 385
39 28 220
25 159 687
0 188 52
160 296 84
75 106 451
196 163 544
74 1 382
315 86 926
186 168 346
65 285 220
141 87 86
226 300 344
62 252 325
254 229 282
240 105 339
196 249 903
310 84 762
48 314 139
203 45 364
62 227 399
280 220 386
126 299 292
43 13 469
56 222 34
196 277 196
171 17 81
295 12 992
140 318 174
90 10 964
164 15 362
248 57 410
238 115 470
43 208 843
74 36 739
240 189 138
52 206 168
233 244 683
214 247 59
242 266 799
220 60 479
28 220 451
122 287 954
301 128 310
98 185 290
122 308 105
184 57 231
275 77 465
319 234 970
85 148 189
90 114 280
14 268 252
288 183 580
207 120 406
188 89 341
289 95 85
310 281 27
137 147 797
268 74 49
88 250 384
170 156 882
70 183 482
75 256 962
176 158 166
107 44 610
171 82 132
176 218 779
140 169 84
47 287 238
222 102 77
236 218 393
269 310 912
108 266 377
228 267 158
284 258 340
279 184 948
94 59 690
142 31 948
216 118 753
192 7 998
102 116 983
43 245 704
113 310 285
28 29 918
52 103 316
176 60 668
178 68 894
7 20 920
251 271 863
22 30 981
144 187 12
137 110 278
130 299 976
219 289 676
17 142 754
99 125 677
141 233 94
53 21 322
266 196 212
66 266 340
215 161 87
83 132 519
311 59 909
165 188 865
260 275 351
4 10 869
297 207 183
276 24 214
214 217 219
32 134 521
104 169 687
233 281 522
304 180 10
7 51 905
218 272 384
249 89 307
12 121 655
2 67 795
117 173 464
305 249 572
276 108 369
193 59 964
265 24 956
310 169 80
255 269 424
43 28 128
203 81 505
38 243 24
241 113 224
193 54 897
195 17 547
87 228 911
160 240 316
216 209 979
7 107 172
51 228 970
285 271 383
212 236 455
17 134 504
114 214 452
58 67 451
217 145 511
130 221 989
189 156 480
10 255 547
222 162 787
318 198 703
119 129 122
223 28 109
50 242 752
25 59 126
270 118 228
143 167 740
148 208 179
304 213 22
103 222 129
44 160 531
115 25 139
156 7 401
142 34 266
49 228 537
79 75 771
299 175 327
70 217 151
116 287 434
86 247 306
140 136 103
198 105 899
31 221 214
105 12 677
271 157 858
318 13 184
202 3 649
158 192 319
162 208 902
133 58 86
90 74 275
216 287 395
159 112 309
213 190 257
288 89 935
235 214 630
306 286 923
25 66 716
291 107 332
87 159 844
94 313 132
296 70 539
212 220 609
303 127 689
56 270 52
318 205 673
167 101 280
83 4 721
58 51 253
50 86 443
282 11 849
147 249 694
43 214 775
289 225 981
275 283 123
217 207 481
292 119 688
311 168 876
228 175 154
312 40 682
268 143 338
224 144 945
42 189 281
39 162 216
137 266 151
95 225 210
196 120 624
22 132 831
7 278 852
68 204 93
313 250 393
260 45 648
5 171 32
303 180 254
91 138 148
73 197 205
214 146 204
185 107 482
275 213 339
217 39 524
252 291 506
180 141 644
88 213 291
146 16 683
100 4 158
161 136 784
270 71 253
131 13 450
182 109 479
29 34 542
143 67 988
145 104 310
41 286 448
303 152 561
212 9 535
184 284 634
91 189 45
294 63 279
306 148 666
272 150 882
28 249 594
175 137 29
31 249 187
60 318 472
142 102 280
135 228 205
257 107 146
320 205 284
128 226 18
284 117 7
178 116 206
261 47 623
17 33 725
285 168 582
310 277 101
24 70 106
55 96 618
259 91 265
308 7 930
60 191 689
311 114 191
243 261 221
175 121 205
71 80 107
209 4 404
112 256 53
153 158 325
25 132 332
152 8 522
89 27 407
141 192 720
234 281 314
88 117 922
6 178 895
32 37 652
167 80 710
40 80 573
51 66 675
122 220 978
302 257 881
6 174 260
157 166 371
48 302 115
193 89 391
166 268 517
142 2 383
103 26 45
67 150 562
58 113 386
135 260 855
283 268 850
104 271 189
196 237 562
310 2 804
290 6 585
290 274 152
25 172 661
192 90 586
302 173 895
248 210 310
319 231 474
69 137 454
87 195 583
235 22 764
242 182 554
116 195 970
4 303 472
86 209 178
203 177 849
144 261 189
246 95 570
287 218 177
88 167 469
151 171 589
86 150 524
171 194 282
213 125 217
149 274 831
300 149 832
215 179 395
133 298 977
106 182 319
312 203 352
8 259 109
76 14 700
154 226 71
311 305 318
278 316 719
200 207 815
51 136 668
316 240 523
131 237 975
282 21 83
54 112 177
224 190 511
25 197 20
209 45 69
117 116 551
74 70 570
113 29 38
182 101 456
181 133 969
235 296 995
87 95 501
168 20 430
95 123 320
260 41 47
260 100 295
13 273 156
147 285 865
160 29 273
266 157 126
67 175 327
45 293 179
114 203 36
281 154 536
208 194 783
66 160 691
188 47 752
152 9 249
82 53 51
269 179 351
272 99 727
236 16 762
65 12 324
205 12 86
101 85 842
144 303 689
14 262 902
316 77 486
263 307 998
123 124 77
226 264 530
34 307 3
290 272 618
133 45 594
48 155 328
141 97 305
53 210 136
208 40 930
292 8 150
9 195 752
209 218 984
248 17 318
220 67 882
231 95 67
48 169 365
186 286 52
180 56 852
34 226 186
78 320 664
19 229 710
66 182 860
296 25 66
104 141 750
135 270 593
65 201 749
35 169 756
159 299 460
123 306 919
112 61 376
113 106 872
117 115 531
291 261 127
297 141 978
90 94 883
304 90 202
69 316 742
107 16 490
64 246 660
269 157 465
87 122 6
288 245 253
71 243 706
145 141 939
101 38 830
131 158 598
78 67 344
1 95 367
216 266 157
77 319 253
295 286 102
71 176 837
195 313 502
30 267 492
16 247 574
181 206 409
232 307 73
192 14 948
247 186 266
13 287 984
216 58 377
118 59 665
60 235 548
45 39 70
245 144 171
218 105 277
193 90 478
78 36 800
172 14 952
211 13 146
174 55 756
22 231 41
252 62 798
139 103 235
26 172 366
194 165 577
215 5 288
70 220 985
195 114 32
124 65 260
83 288 636
156 69 100
297 86 707
135 171 829
149 190 697
179 148 994
136 88 772
185 310 584
15 95 614
277 205 680
10 182 982
179 2 663
198 158 927
76 177 240
108 83 676
218 79 854
44 141 413
312 239 935
226 71 353
145 107 512
175 272 316
201 116 533
232 301 803
278 255 524
214 5 320
302 66 382
320 183 981
91 21 426
288 78 104
127 49 546
53 10 275
205 109 744
118 106 881
269 34 595
165 98 868
90 172 833
28 95 239
140 32 232
260 261 220
72 24 2
315 114 580
10 265 229
11 242 382
34 93 285
221 266 243
24 78 704
129 190 261
151 245 507
153 220 514
134 113 936
195 39 469
290 9 196
161 197 900
158 37 579
112 114 220
81 18 864
90 160 174
252 77 56
233 258 784
18 14 634
28 172 668
186 155 6
131 75 196
236 146 24
191 124 754
16 313 586
82 264 228
178 134 412
62 146 998
204 298 340
237 244 326
203 21 438
203 114 136
151 3 272
290 192 900
214 140 65
114 15 565
157 211 89
270 307 819
309 106 154
172 8 223
207 184 71
283 136 980
137 287 159
164 157 289
19 226 516
193 128 244
127 308 968
38 171 638
66 136 545
200 41 917
181 20 382
119 165 293
92 220 988
20 70 637
252 61 125
97 237 789
220 6 454
303 96 68
100 240 309
216 220 755
240 127 706
58 168 727
27 293 409
160 227 278
247 95 200
268 3 225
169 68 238
62 240 374
143 215 42
15 180 285
77 315 914
245 202 707
216 301 14
165 264 971
290 237 307
13 159 227
166 85 281
93 6 813
316 264 493
223 283 50
89 174 348
169 239 123
226 209 558
38 167 525
145 142 98
96 20 441
254 118 256
26 164 150
40 100 695
264 234 320
8 259 416
53 204 620
245 211 513
168 46 253
20 82 887
15 141 982
216 157 609
288 251 545
276 270 401
296 213 36
312 100 119
66 294 16
283 277 890
315 163 13
217 225 290
217 8 496
28 93 925
219 122 258
303 246 152
23 263 378
88 298 768
253 282 868
286 63 947
40 96 531
200 28 375
179 159 618
316 294 286
192 130 2
222 245 856
66 113 404
108 79 753
235 280 743
283 62 810
259 282 649
221 150 755
298 240 529
37 109 331
279 242 258
12 309 802
231 134 818
240 284 778
162 53 187
119 86 771
109 314 537
134 192 659
287 92 407
280 127 23
18 161 499
29 233 719
208 96 356
290 165 395
75 145 794
99 209 964
261 204 835
216 147 507
174 100 13
279 116 533
127 227 432
84 255 907
282 54 94
124 90 49
242 155 969
204 65 212
191 209 370
7 45 643
187 105 514
68 307 3
258 204 670
161 316 138
26 166 41
121 87 280
192 18 713
54 46 883
142 54 195
294 316 535
106 217 875
254 218 536
142 302 755
117 46 151
164 12 99
206 201 746
164 156 107
318 153 568
21 306 218
24 17 318
289 105 292
113 38 227
84 156 46
40 98 504
33 126 334
198 269 740
208 106 681
167 205 632
199 141 577
234 208 588
178 260 500
311 253 65
315 139 125
57 38 820
67 74 716
61 149 371
309 109 846
142 287 866
192 112 919
125 93 590
315 161 101
261 50 734
202 268 17
320 39 455
176 231 654
271 81 350
45 275 658
186 53 945
236 176 955
197 150 13
58 92 28
83 42 822
30 253 60
227 102 816
317 239 117
251 120 440
40 64 734
86 18 523
290 208 761
2 141 587
260 21 684
202 145 581
17 28 821
299 233 17
62 261 461
65 294 892
66 187 533
149 97 658
7 58 481
253 319 419
317 168 41
252 194 629
143 32 715
23 133 954
204 29 47
57 16 235
207 199 512
267 173 334
173 186 150
232 72 586
239 276 988
14 42 975
243 8 936
21 70 657
180 129 431
137 290 446
248 49 496
228 55 85
166 235 196
129 64 624
97 104 439
71 265 472
138 158 40
123 51 896
157 267 209
19 137 652
212 282 630
265 300 44
154 259 671
204 154 228
166 238 881
35 220 270
74 66 678
150 183 96
208 158 644
110 32 817
79 289 590
174 112 909
255 283 468
76 87 668
29 133 195
105 184 724
57 106 559
235 302 61
37 219 627
81 299 203
189 256 497
141 197 201
23 96 180
205 23 478
166 310 755
9 164 962
72 284 867
148 296 106
196 258 503
182 300 60
166 320 38
218 144 494
132 122 924
134 43 590
37 191 47
270 152 860
281 145 951
38 214 996
257 73 867
210 97 531
91 318 284
188 153 748
27 205 134
47 242 387
244 153 209
288 171 179
72 109 464
320 103 515
235 285 400
93 208 405
72 103 195
203 12 587
103 80 816
320 20 885
204 183 79
176 66 819
97 286 679
252 97 704
252 16 728
204 99 651
254 311 330
128 287 159
187 210 505
127 296 354
174 278 693
2 264 202
98 107 752
256 70 24
51 56 891
27 190 292
230 188 911
138 115 640
289 169 647
291 85 884
25 167 568
26 19 540
242 48 854
18 31 119
194 286 692
256 103 343
199 154 437
73 36 171
268 262 340
269 305 754
158 110 736
133 176 696
52 294 452
139 1 950
154 119 587
98 18 253
273 162 709
83 200 435
291 204 826
17 305 417
241 78 906
27 226 236
121 91 74
233 61 939
293 260 73
79 123 460
151 20 180
108 162 941
132 52 940
285 263 206
103 91 383
174 114 213
175 17 203
145 199 135
283 104 200
186 58 632
122 140 987
196 174 651
53 86 935
54 128 211
138 274 539
2 128 804
128 194 251
242 94 338
30 76 814
242 78 916
106 266 846
28 20 660
195 24 498
33 111 646
193 190 609
21 37 546
93 127 690
193 142 933
173 267 742
73 252 385
147 116 365
60 232 944
250 254 647
85 280 854
200 278 492
307 179 50
215 20 541
207 300 297
10 309 984
197 143 1000
27 51 165
255 103 283
18 145 702
298 292 624
178 141 424
168 114 525
22 119 675
80 116 253
317 299 624
128 276 58
31 140 541
203 166 617
72 77 652
153 94 213
85 154 853
138 224 477
47 147 633
118 11 792
4 63 613
192 60 294
253 105 636
25 215 161
226 86 202
104 263 521
168 215 745
86 122 196
268 72 374
97 267 329
230 109 27
167 69 138
34 253 938
21 311 105
272 232 414
115 206 712
200 51 212
123 135 112
100 312 658
87 26 854
275 18 295
163 58 549
13 221 851
142 99 667
65 184 385
202 69 919
240 43 442
111 76 636
139 16 792
63 162 814
306 240 511
47 306 909
241 154 331
80 296 141
86 24 216
65 22 192
237 282 326
135 308 988
215 34 885
294 66 714
198 151 99
132 105 877
167 73 642
244 181 395
234 295 340
318 88 181
313 89 111
247 235 455
7 53 19
229 148 682
300 71 988
131 171 977
37 252 388
92 24 636
270 89 527
309 10 134
230 239 12
74 149 154
8 295 73
244 199 240
120 287 616
190 39 368
183 14 615
13 147 259
14 119 979
30 94 706
0 140 823
266 139 960
206 193 150
85 174 603
109 63 713
263 223 666
288 265 552
28 11 116
281 116 530
295 169 928
164 132 281
288 307 504
97 181 954
87 284 408
237 48 943
178 313 895
178 188 147
248 122 400
150 245 706
320 13 1000
149 250 95
299 178 916
130 195 546
144 20 192
80 10 228
257 153 603
100 164 517
49 278 652
109 16 277
159 40 397
214 35 6
49 137 778
260 48 172
1 155 560
181 192 869
200 218 294
58 294 610
247 93 183
159 68 550
85 320 271
39 273 815
136 123 975
68 223 893
82 232 571
12 185 201
193 63 999
34 247 688
3 171 543
232 69 749
243 33 972
27 298 244
293 97 14
17 168 469
306 258 679
162 103 920
300 33 585
103 31 658
30 69 53
264 41 315
18 176 882
148 240 691
147 311 781
71 218 243
84 64 299
279 243 563
297 228 904
285 187 375
289 22 576
10 30 92
216 219 755
123 293 818
298 207 918
189 160 301
306 266 272
222 36 776
69 46 613
148 225 642
64 313 825
17 268 683
312 117 761
140 43 907
244 70 549
56 74 372
169 66 228
96 137 511
124 126 851
109 159 73
177 49 500
62 84 419
267 127 429
50 214 751
176 226 299
213 88 151
79 74 520
238 294 470
87 188 438
115 285 232
246 183 572
259 226 443
132 157 72
49 4 636
175 240 156
45 290 336
317 272 512
177 42 235
296 238 980
254 282 321
65 113 953
223 83 241
134 185 903
69 125 865
176 295 394
98 25 613
289 101 123
260 83 87
248 121 974
306 44 980
136 210 196
122 302 132
25 194 459
154 247 751
181 280 771
302 218 31
20 197 48
220 202 387
50 98 104
11 154 843
271 262 762
101 284 960
115 15 736
293 166 275
254 27 711
109 60 820
113 266 614
199 276 268
246 63 593
53 122 478
58 68 400
184 191 284
189 244 49
126 57 910
106 235 260
221 303 416
106 187 853
72 256 984
26 138 652
312 84 296
150 154 594
177 274 425
158 55 361
62 37 740
166 180 210
165 213 345
11 70 707
79 230 627
182 225 746
203 240 693
301 111 523
263 109 45
144 221 878
302 222 911
58 189 59
242 138 101
242 273 630
81 150 131
259 61 985
161 307 718
72 54 953
231 126 938
180 218 63
80 320 531
21 294 194
193 162 398
274 130 510
53 186 494
173 299 83
36 108 949
317 99 731
166 211 622
209 224 760
19 296 533
320 43 125
146 56 602
21 235 701
37 112 239
151 177 253
144 124 808
132 246 256
18 146 324
185 11 544
300 201 412
5 212 852
234 294 277
54 189 842
54 180 87
112 110 659
30 179 328
201 62 683
208 150 995
316 255 553
200 119 947
217 102 841
140 9 139
174 298 697
62 13 786
311 96 361
29 208 54
22 217 44
169 131 589
286 291 44
316 251 923
94 285 88
236 226 413
98 290 773
53 107 423
168 172 406
138 305 111
116 102 182
245 45 582
113 30 365
104 254 531
114 114 210
243 303 819
320 77 134
267 211 794
52 288 7
214 221 757
41 72 298
216 313 889
236 83 213
235 159 562
315 10 706
86 122 583
264 60 585
307 261 639
60 166 426
197 32 777
173 14 219
146 255 426
283 198 727
132 29 989
222 130 561
200 44 108
134 249 138
31 268 483
39 31 230
309 168 467
178 112 1
286 208 617
220 287 263
317 46 20
185 38 240
288 114 27
102 87 187
314 96 69
150 8 875
259 218 971
17 65 287
79 259 958
226 88 774
108 318 775
297 305 406
169 72 613
163 87 848
2 117 860
143 187 848
200 107 213
214 2 284
283 302 500
141 302 121
106 146 467
87 205 840
117 38 373
51 287 391
301 288 824
221 253 967
24 106 900
41 130 790
96 249 410
163 46 495
232 256 433
117 248 5
149 9 406
51 293 945
170 307 610
283 305 867
262 317 594
128 255 692
191 133 967
95 223 453
125 285 444
176 40 67
222 281 150
23 92 852
240 276 787
142 215 66
149 53 3
251 133 680
273 2 738
265 41 634
207 248 709
32 70 55
209 229 567
234 272 566
9 139 471
56 219 882
7 93 380
206 207 676
218 171 404
216 197 701
178 251 526
71 47 130
259 261 208
300 129 143
110 53 875
314 1 136
15 305 618
130 209 15
24 317 314
86 101 991
262 272 52
101 320 887
197 291 249
280 273 101
194 90 820
240 58 434
317 188 564
320 295 905
193 270 747
262 169 11
172 293 988
182 183 809
99 294 442
233 192 176
315 280 139
110 222 46
85 177 331
257 217 35
56 136 873
280 213 925
249 41 346
47 145 873
258 92 779
87 136 468
274 15 24
235 297 484
191 104 777
313 72 959
55 43 243
198 153 127
190 251 522
98 158 975
197 31 137
23 112 553
210 251 899
116 153 25
138 227 107
195 14 125
248 232 48
64 197 169
182 272 410
140 6 634
206 139 893
73 119 78
212 209 774
37 61 961
219 120 389
296 181 207
92 44 277
233 127 895
140 276 190
51 21 663
12 104 1
183 3 486
39 169 628
296 96 239
62 103 531
262 159 79
127 147 110
71 204 909
34 193 320
271 250 206
37 280 20
294 51 886
40 45 587
13 142 377
279 235 177
55 173 312
196 179 1
308 206 919
255 303 698
202 27 641
220 105 219
208 249 439
163 13 141
80 4 911
29 49 693
82 102 515
94 180 234
21 270 153
95 247 359
310 223 406
180 197 889
132 104 713
284 243 864
227 62 653
122 127 812
204 156 666
75 38 798
178 244 386
176 15 319
26 214 907
38 156 8
82 262 973
241 214 501
159 260 495
204 79 762
16 290 308
320 79 144
313 266 359
264 24 872
197 239 998
176 262 281
256 228 875
125 298 700
262 23 232
64 233 171
174 260 998
31 262 167
102 141 684
186 203 475
162 231 39
24 87 462
237 109 394
286 151 528
98 315 289
290 148 709
82 209 352
126 261 874
290 13 21
300 266 962
143 82 700
48 176 782
168 14 552
78 45 79
181 172 612
205 8 220
258 164 378
148 320 704
34 106 704
249 93 502
319 4 762
186 252 408
101 108 506
221 228 911
161 158 296
57 91 280
48 256 249
304 81 296
128 230 701
175 184 693
13 189 915
269 239 543
210 285 262
86 242 932
2 227 769
76 303 732
45 232 811
63 265 986
112 306 222
218 182 202
124 87 897
122 252 688
119 262 239
207 265 902
276 319 619
93 233 146
262 233 679
10 103 619
196 277 810
208 86 353
197 177 506
82 218 184
119 223 263
45 279 884
90 7 602
47 177 251
104 207 35
120 145 234
164 204 702
200 200 251
255 65 435
122 122 746
154 169 698
196 160 503
99 151 960
271 149 711
268 209 997
242 56 658
212 145 997
173 32 70
227 277 732
41 157 144
303 283 374
17 282 281
32 140 618
276 52 742
312 140 96
248 189 880
239 201 840
70 1 1000
77 233 19
245 287 203
166 34 477
280 47 379
114 0 757
160 105 218
79 170 102
299 107 795
44 303 413
77 30 909
216 306 790
124 11 114
120 271 940
107 15 766
175 40 305
82 200 68
34 179 171
29 107 865
125 140 780
274 176 786
65 138 55
157 127 1000
213 9 750
51 4 557
303 270 662
178 58 759
80 240 243
278 235 780
293 35 681
126 158 157
100 284 192
183 145 875
204 133 82
12 242 130
258 1 998
147 305 160
132 240 608
282 174 293
13 179 126
159 313 793
89 202 737
234 159 838
191 183 958
118 174 587
167 70 343
312 105 462
117 181 986
34 27 53
291 49 521
247 36 633
8 2 243
157 56 526
101 25 99
230 215 204
65 191 72
38 27 44
213 16 204
161 246 748
311 17 334
6 63 136
281 233 715
179 144 824
50 170 263
263 265 303
123 81 766
312 241 185
34 78 766
296 282 585
288 313 293
223 191 258
159 268 965
279 110 40
256 109 77
222 257 416
109 160 212
100 150 67
191 71 18
109 198 107
317 195 311
244 11 742
33 50 25
100 261 751
30 318 178
128 181 475
238 83 121
234 42 236
94 196 953
110 252 878
246 307 996
254 268 120
116 198 691
236 146 456
29 240 414
112 2 533
273 92 74
298 253 50
95 108 618
219 240 811
241 108 847
258 264 915
272 243 596
280 152 635
101 74 817
213 98 335
318 228 133
141 32 187
263 121 300
261 179 647
17 265 867
49 298 71
168 82 897
13 127 982
239 75 25
275 149 26
211 158 925
272 110 386
235 242 801
212 62 584
218 256 625
86 58 45
93 124 865
48 164 361
62 243 783
22 112 717
21 179 485
173 155 355
268 208 311
54 109 672
158 44 242
241 250 327
142 14 619
151 29 210
40 50 76
153 179 45
122 58 910
299 163 814
258 253 199
96 90 668
177 209 176
128 30 505
281 227 859
55 256 160
134 52 999
73 282 840
108 132 833
107 7 716
211 148 743
197 85 585
215 250 505
310 302 975
47 62 96
17 289 802
233 216 201
277 107 293
162 131 869
0 86 646
206 211 91
181 109 77
173 120 833
297 168 196
4 30 586
39 245 132
223 210 792
44 160 931
238 320 277
184 263 760
205 74 717
145 25 382
191 110 378
319 169 484
81 42 512
31 304 608
74 319 790
79 49 358
297 11 227
162 5 637
96 279 202
120 208 614
271 42 127
8 167 522
60 183 169
248 45 418
54 195 786
36 271 119
194 175 721
117 160 558
13 47 965
110 93 514
204 8 432
63 232 568
250 20 148
75 236 125
317 73 205
81 84 631
211 78 510
178 285 971
317 72 791
101 181 778
282 230 240
109 99 327
312 291 817
141 17 954
78 159 506
75 317 710
280 44 208
21 285 412
304 257 235
247 57 908
179 84 914
113 272 737
285 72 742
229 102 402
315 69 6
210 292 665
75 289 37
114 12 794
188 229 925
285 292 118
217 74 840
192 89 878
138 124 25
191 182 41
255 73 507
50 250 319
26 133 634
248 250 138
315 299 967
13 65 452
89 313 847
141 272 183
40 287 176
69 317 964
260 211 426
155 2 945
79 82 947
297 116 762
0 234 538
115 251 167
263 113 607
311 261 33
215 202 198
113 86 651
63 272 646
259 90 127
14 311 301
119 286 529
117 5 596
32 286 873
225 156 327
77 130 35
85 202 558
17 164 393
43 310 516
200 177 259
13 149 671
98 51 191
156 174 743
281 52 996
102 153 579
26 284 379
266 216 206
39 200 437
169 267 522
57 135 665
212 76 28
99 304 956
30 107 799
252 170 216
111 188 338
25 188 908
261 164 935
131 103 11
20 202 497
238 310 958
187 104 935
126 55 419
267 4 939
29 247 696
35 249 218
281 317 377
313 305 172
263 64 456
78 67 366
211 77 820
210 291 157
274 64 750
254 10 568
203 290 368
285 71 146
205 103 583
252 113 42
208 26 600
115 169 804
96 13 781
129 277 210
74 115 150
30 106 588
296 58 524
60 210 470
12 300 587
300 263 348
241 218 324
250 228 612
82 296 396
150 116 275
26 84 721
226 169 13
311 226 610
160 291 815
37 9 730
112 319 191
100 129 131
180 237 248
156 62 120
241 162 758
280 40 701
121 85 400
213 281 422
187 99 895
9 236 274
154 219 65
67 184 126
86 79 365
179 203 488
4 190 298
82 135 751
138 123 385
51 62 233
121 2 993
138 173 695
217 179 458
231 227 404
291 91 340
297 90 586
295 247 705
25 60 133
223 165 268
136 200 908
178 222 168
18 34 365
49 18 917
85 26 787
12 193 232
45 156 241
304 17 216
315 238 158
217 253 959
106 161 207
33 316 361
86 12 772
20 137 685
186 215 468
56 262 13
138 115 966
272 281 94
284 26 660
34 142 991
196 206 60
101 304 369
184 265 239
261 154 993
111 142 655
129 206 364
77 35 456
103 108 936
29 76 186
1 195 259
259 92 223
285 313 738
225 204 733
12 283 397
234 300 940
92 134 524
40 318 197
112 209 593
138 284 216
0 299 11
166 52 456
33 130 979
134 39 179
213 158 979
153 14 927
249 275 317
174 92 846
180 100 557
255 41 117
244 36 59
165 216 30
257 85 187
117 111 804
263 51 848
226 193 167
180 96 107
140 202 506
127 316 497
116 228 98
252 272 266
137 160 833
91 14 511
276 249 956
97 170 785
279 254 799
17 40 717
292 30 899
90 17 51
166 135 946
289 98 244
257 233 330
117 64 616
120 197 868
264 185 661
270 140 119
275 148 361
99 142 748
170 245 370
267 48 653
11 258 935
170 217 234
184 80 485
107 109 538
221 240 286
227 129 53
28 3 712
82 186 495
187 104 820
317 88 540
41 103 771
196 80 189
134 189 60
124 62 433
203 215 968
216 301 970
194 280 393
59 108 690
228 59 934
17 50 633
309 152 119
64 136 760
24 53 535
244 263 957
190 64 242
175 81 784
219 239 578
18 150 760
246 29 149
267 77 982
59 150 737
104 136 896
28 157 304
297 316 340
60 156 76
185 17 645
4 291 218
307 138 772
302 217 152
97 12 515
226 239 813
184 198 144
233 0 893
8 271 953
182 105 247
44 231 582
69 301 506
264 52 689
4 75 791
28 131 560
15 81 926
285 263 142
300 39 418
290 42 466
1 258 901
122 135 632
139 241 238
64 159 193
233 308 906
289 175 168
300 238 356
22 295 955
300 199 73
147 91 277
246 292 969
198 47 204
286 145 681
207 58 242
243 298 827
232 205 142
60 92 811
284 132 582
129 55 222
51 307 484
175 221 95
270 71 839
111 201 593
231 289 572
130 266 200
254 154 703
0 164 723
9 279 807
149 23 88
138 52 259
146 267 375
60 315 334
275 194 193
17 241 226
108 238 198
161 40 394
199 276 274
23 123 1000
226 223 605
213 78 582
51 268 356
235 109 758
189 59 712
150 225 105
139 121 279
180 312 358
99 87 405
107 56 57
125 97 739
304 277 528
315 18 306
235 110 879
227 152 283
152 35 827
173 165 150
76 88 284
12 82 162
152 281 461
200 49 341
183 68 271
273 234 916
317 15 325
84 82 447
224 67 949
249 80 638
229 290 407
8 202 151
240 174 307
239 67 591
260 320 772
141 233 36
268 82 618
89 146 478
41 86 376
123 292 261
285 112 12
47 136 208
116 237 493
279 185 453
4 6 504
269 132 902
207 267 542
283 222 236
215 140 883
250 129 712
170 233 73
187 78 357
53 277 893
188 243 106
120 146 258
103 81 492
227 36 570
319 136 513
198 82 774
238 198 204
163 0 832
222 85 283
94 306 184
49 52 531
180 276 787
25 107 874
66 226 341
118 0 939
214 308 868
145 90 10
225 43 137
0 317 556
166 187 27
176 314 256
117 281 380
267 66 968
313 248 212
159 263 590
91 217 324
17 235 452
81 100 33
245 282 956
55 102 304
70 55 289
133 134 932
61 244 411
231 79 134
260 208 169
252 250 582
254 173 14
58 274 304
68 288 548
105 35 355
320 149 993
106 45 908
157 114 327
160 44 202
80 225 313
101 278 198
158 16 762
24 295 829
296 273 172
89 196 697
65 42 714
45 29 400
192 209 215
276 162 980
282 136 414
110 171 174
118 61 465
55 273 157
198 215 412
284 2 189
124 7 280
89 239 401
271 103 745
216 56 440
176 207 362
276 221 718
234 190 114
126 136 47
42 275 803
290 35 62
71 11 947
259 25 245
244 152 577
228 157 56
191 83 171
169 225 164
189 33 345
11 247 562
211 277 630
84 290 384
13 94 578
316 17 842
279 238 689
79 243 731
218 22 392
281 61 269
228 79 760
181 180 359
78 95 959
23 93 561
102 207 620
10 90 155
24 214 213
34 2 329
121 71 535
153 34 88
278 76 433
211 38 126
119 139 389
154 45 732
274 295 441
120 32 34
115 148 178
19 123 714
193 49 403
147 67 270
53 157 954
283 282 665
232 302 846
53 236 87
172 144 78
265 117 780
170 239 46
175 256 252
139 124 126
233 204 388
23 196 229
294 48 888
241 186 497
152 172 933
317 235 727
1 34 969
147 279 658
148 13 634
268 168 697
119 67 538
193 310 137
75 245 275
12 176 521
274 161 378
54 171 326
198 81 723
253 273 820
131 229 592
160 76 532
219 75 316
110 276 755
82 184 524
151 90 157
165 209 343
318 306 969
180 204 285
102 240 976
167 256 671
282 131 711
139 113 813
198 73 767
178 143 379
55 68 6
100 14 215
25 37 213
23 225 949
252 90 261
135 186 2
98 127 500
203 309 21
95 53 994
14 290 952
318 15 986
153 241 350
25 273 551
18 170 772
241 279 315
124 71 758
219 176 643
257 248 71
40 142 308
48 18 78
39 202 16
102 211 378
283 230 306
296 252 665
316 41 976
192 259 138
38 274 212
273 26 135
22 41 549
242 273 507
228 89 800
163 3 104
207 275 859
211 205 711
203 306 370
271 198 296
141 41 367
309 5 2
306 310 360
176 286 16
215 238 907
46 261 394
2 276 177
125 146 467
75 165 639
233 107 609
105 155 477
89 27 559
55 175 104
123 232 779
150 88 232
95 219 111
44 266 28
165 6 211
62 119 755
149 2 204
239 26 119
195 272 96
12 134 225
17 306 595
149 206 782
81 32 386
242 49 832
96 191 157
49 204 463
22 131 47
261 311 532
108 49 57
218 210 616
192 240 101
213 231 114
276 247 396
170 116 155
23 86 688
22 290 470
313 300 104
68 93 738
36 134 695
299 173 749
241 176 409
272 175 891
296 82 87
299 208 975
150 76 46
257 277 45
136 171 109
73 225 412
80 216 168
33 286 384
152 220 272
45 12 141
23 240 650
123 54 540
148 305 748
97 121 901
25 149 641
13 140 668
298 141 864
185 7 464
97 143 116
261 315 137
199 147 127
213 218 484
122 21 276
138 244 425
120 71 642
203 99 666
225 50 754
196 312 111
128 41 571
137 297 262
63 224 487
44 146 204
199 228 924
86 36 966
102 285 568
295 83 761
192 312 613
58 195 1000
281 215 255
155 245 521
169 156 169
63 71 407
264 143 429
185 41 405
35 101 546
55 254 835
15 242 996
224 66 271
271 85 956
135 299 52
15 303 847
141 208 435
44 195 428
246 134 728
244 316 946
306 17 644
171 91 103
250 77 113
199 143 299
219 146 321
137 134 418
105 312 92
163 203 566
319 219 205
151 277 576
27 188 920
138 202 713
257 161 667
314 162 756
139 152 146
80 83 323
54 67 860
274 1 402
33 2 321
227 94 575
176 110 318
278 178 462
84 259 288
9 144 333
41 152 993
88 68 189
253 166 75
292 217 483
87 80 928
144 275 898
139 231 943
313 197 327
186 97 114
33 208 961
290 128 90
99 158 772
102 37 20
34 106 573
224 166 302
267 284 584
208 48 724
48 7 331
69 278 9
216 75 687
36 301 908
8 77 701
158 79 748
239 312 262
83 108 239
81 104 744
99 96 368
285 189 578
286 233 37
147 129 268
81 217 323
177 79 221
4 76 288
252 213 856
100 119 927
35 65 890
271 227 641
255 295 20
273 24 475
11 183 36
139 176 757
235 235 804
31 139 815
173 273 926
316 14 967
231 47 820
295 187 246
237 86 95
295 91 544
285 80 800
18 73 121
143 204 685
49 94 104
61 46 235
100 13 561
242 49 742
306 250 536
54 90 722
173 178 348
26 105 985
44 129 537
32 207 123
78 138 351
76 313 395
99 219 300
166 125 967
277 16 324
133 238 114
248 40 281
249 39 78
154 191 926
145 79 636
35 246 76
210 284 916
182 302 292
161 305 460
108 288 368
260 203 975
269 216 863
282 232 23
80 82 879
265 292 394
27 220 736
302 69 82
310 113 175
125 107 429
140 217 664
15 270 452
187 69 792
63 58 715
64 126 164
189 209 690
135 156 852
17 290 275
97 303 506
219 124 81
38 188 692
20 28 567
256 251 358
78 312 82
270 59 378
179 214 33
155 129 207
222 145 693
202 211 452
276 146 668
271 206 295
244 310 47
280 193 621
294 236 373
97 77 829
208 300 514
214 152 605
291 288 899
16 201 830
131 251 478
82 285 854
210 312 491
153 318 182
190 56 882
186 292 910
285 316 96
178 115 308
139 202 338
305 42 327
175 93 0
68 319 614
282 302 133
187 282 106
225 310 332
95 178 123
45 98 224
36 273 383
272 23 812
277 287 370
215 55 350
45 156 838
198 301 78
246 260 536
234 46 906
104 228 1000
39 22 584
271 114 492
110 80 291
57 177 998
300 200 588
307 85 6
175 153 538
53 237 324
164 154 812
319 299 439
238 207 373
259 218 342
161 32 253
22 150 286
151 159 900
234 121 444
29 139 239
149 158 222
158 177 189
303 238 825
237 217 182
314 243 147
209 57 592
17 29 711
281 178 689
299 43 761
311 117 700
320 52 9
124 23 845
33 8 552
162 237 142
252 6 691
304 17 648
13 2 967
79 152 361
298 256 476
162 121 679
91 59 444
171 66 671
111 94 563
88 37 606
261 214 797
8 192 633
159 139 795
144 220 159
223 46 206
50 121 154
35 144 84
41 42 970
226 137 772
163 72 169
40 118 883
246 177 477
253 53 819
159 152 781
141 223 11
230 247 302
22 45 745
85 316 104
110 242 961
274 71 697
309 46 997
319 143 589
120 243 791
155 203 276
231 225 266
251 51 916
242 276 696
79 170 912
312 55 437
287 210 822
144 131 151
146 310 327
290 34 80
186 219 211
284 202 580
199 83 407
21 123 354
85 94 986
3 319 995
190 282 858
297 275 57
123 263 896
266 113 448
18 133 600
118 53 691
144 275 551
121 320 653
264 161 362
94 272 616
63 318 903
13 304 377
120 281 361
89 140 28
60 268 30
121 258 427
221 304 456
38 258 171
239 90 318
269 309 246
308 262 828
289 227 529
68 111 432
199 161 487
177 297 994
85 193 67
91 318 421
220 204 293
200 49 929
130 163 620
155 215 160
200 67 326
211 166 665
38 162 374
109 114 538
115 159 526
213 144 426
78 237 729
310 248 381
154 182 129
70 266 357
228 213 770
202 24 402
299 39 420
221 247 484
140 168 968
199 221 389
130 161 523
151 109 314
65 182 950
229 129 307
272 115 848
21 137 437
100 73 629
47 192 182
206 143 886
133 41 722
300 55 351
4 137 292
22 143 831
117 305 798
225 3 35
284 27 940
5 254 827
69 310 705
149 282 858
230 131 208
169 179 843
283 33 788
25 28 772
218 201 87
198 48 332
258 101 988
135 318 965
181 95 167
15 56 38
273 141 482
316 273 253
167 187 503
151 60 696
120 7 300
139 216 400
89 210 642
137 260 305
108 267 141
307 51 635
82 290 796
257 44 621
132 47 716
65 139 794
315 142 322
103 149 709
29 156 739
256 10 584
181 115 42
296 211 421
315 38 877
36 0 101
116 190 356
214 120 47
87 264 912
197 283 330
30 244 381
200 128 725
118 120 675
180 220 814
276 146 323
272 154 407
27 269 528
15 77 13
267 69 244
216 173 893
247 197 484
190 187 744
90 315 287
56 80 744
225 283 183
9 267 546
151 47 867
69 225 946
245 240 608
128 255 14
182 262 431
140 309 461
92 153 583
261 199 885
105 239 198
257 91 579
166 5 321
309 65 627
191 12 517
26 303 514
284 58 587
204 75 897
214 251 815
103 192 538
302 173 297
291 271 931
259 76 144
231 193 726
246 232 338
6 99 81
265 235 373
76 73 413
218 123 740
8 114 315
287 131 175
89 185 189
36 52 849
292 294 704
66 153 915
149 23 825
234 133 992
233 116 891
149 300 902
71 175 822
171 156 112
9 2 445
111 222 185
304 173 940
245 289 406
114 54 150
268 122 133
87 245 309
5 133 351
19 129 568
135 144 772
268 79 736
309 152 303
233 126 690
162 25 101
41 254 399
4 52 830
206 179 408
71 218 272
289 305 590
13 20 778
117 109 988
256 157 550
204 13 121
11 0 251
267 43 530
37 261 353
199 242 154
130 58 844
219 182 571
117 303 270
250 179 3
79 160 734
55 274 569
145 230 651
135 88 540
66 239 220
190 154 684
145 47 734
10 274 346
171 181 880
125 121 569
132 301 110
136 166 126
119 308 294
157 128 851
233 211 296
118 102 243
42 296 269
131 217 172
200 219 557
313 314 48
165 209 776
282 173 524
260 100 334
137 70 304
168 56 200
229 228 330
294 215 616
271 282 216
19 87 977
21 241 380
223 206 525
81 15 675
37 172 774
105 305 355
77 210 304
287 20 248
15 66 862
190 271 971
46 7 318
272 185 354
186 293 16
218 6 251
179 188 762
70 263 343
219 187 945
288 266 554
0 10 367
127 90 465
226 206 508
215 296 394
5 307 768
234 54 842
118 84 697
154 144 819
248 315 273
113 139 669
65 55 495
241 271 734
242 240 531
89 94 590
222 231 69
99 144 649
144 165 4
267 128 641
125 235 746
315 211 162
262 175 233
264 218 644
82 181 619
102 44 353
65 123 772
106 1 385
317 67 571
316 9 831
86 214 926
92 290 936
272 173 298
119 307 899
277 202 969
190 78 981
208 242 333
187 114 190
163 205 830
229 109 717
53 208 950
133 203 655
252 64 105
46 64 462
296 61 704
74 294 898
14 125 221
12 298 43
178 193 110
95 295 886
215 34 594
308 140 978
180 122 564
225 181 684
141 9 378
261 9 79
164 68 606
84 290 174
47 264 971
36 108 744
307 71 799
199 311 244
16 305 731
80 309 459
150 73 998
57 202 886
52 253 93
308 201 677
37 202 763
241 243 893
27 246 809
268 201 240
242 160 776
166 298 604
99 293 190
289 73 143
246 87 202
169 92 104
287 0 663
97 33 559
258 113 798
294 34 814
258 240 310
177 137 219
108 106 830
54 57 235
23 47 405
58 282 346
213 79 181
235 100 228
136 88 489
245 216 270
183 210 868
281 13 175
125 152 93
43 197 136
200 96 61
156 24 263
188 46 707
317 241 208
20 228 838
247 169 841
11 252 441
162 88 459
306 126 426
3 192 740
74 318 792
262 75 143
263 172 494
229 124 759
11 186 705
295 43 937
131 66 441
309 143 247
257 205 462
119 55 966
249 183 127
124 313 784
70 218 899
133 38 492
157 160 725
32 248 57
45 131 194
130 285 245
155 1 386
100 66 873
288 118 734
30 240 791
122 42 364
162 65 912
128 66 246
308 303 118
285 150 147
130 241 285
1 254 316
265 82 92
105 186 145
200 316 109
291 32 802
242 298 153
154 12 124
178 200 891
63 190 916
0 233 612
63 4 735
23 228 537
269 259 674
59 276 34
94 182 10
14 76 129
246 232 429
129 38 884
286 137 4
10 72 936
4 259 436
10 133 730
53 69 730
178 134 336
188 34 138
87 236 462
280 131 385
170 19 164
22 161 822
308 93 46
230 111 208
242 207 476
177 183 987
265 120 143
206 105 320
107 312 565
283 288 502
242 155 62
200 185 28
42 52 658
309 245 741
57 240 743
22 312 177
250 302 744
283 189 880
42 312 991
2 39 625
314 159 983
229 314 811
56 284 847
304 111 616
63 128 26
185 36 12
34 290 666
231 49 437
51 81 923
239 319 561
144 268 802
225 295 711
309 155 501
320 149 915
58 41 514
229 312 598
8 213 511
229 221 487
244 228 102
46 2 322
167 43 693
173 68 396
166 274 29
218 137 909
94 217 543
70 80 846
243 135 877
244 29 380
267 269 601
0 44 757
234 26 376
161 151 941
28 182 877
35 297 281
16 1 455
58 112 956
9 253 84
178 118 419
195 111 904
170 235 538
152 259 15
284 47 235
129 242 163
173 278 969
160 49 208
218 160 367
144 241 795
266 163 649
267 89 584
7 158 304
193 292 109
54 80 571
318 312 670
104 159 856
161 107 123
218 202 582
234 27 854
198 213 818
23 259 500
223 303 342
264 79 253
165 17 661
197 160 204
188 93 953
41 181 72
157 66 526
45 48 708
255 12 353
75 243 376
68 68 322
86 43 693
11 242 1000
143 257 281
170 207 564
54 131 897
23 135 578
264 99 171
1 198 578
28 76 218
224 125 770
94 174 92
96 26 273
62 44 287
301 31 622
275 188 522
288 58 262
85 60 220
89 103 851
90 38 717
66 147 573
250 118 266
47 246 943
67 8 83
47 184 785
4 255 478
283 181 774
118 106 672
29 119 803
220 208 730
207 58 244
319 115 828
225 41 241
96 241 936
182 308 494
30 64 88
288 270 768
182 141 495
5 238 29
185 199 676
31 78 865
161 116 500
167 314 326
202 107 319
112 136 619
113 55 907
162 307 356
56 51 20
211 133 269
222 177 317
61 174 135
40 140 80
256 290 932
150 26 407
157 210 708
33 101 374
135 28 278
202 296 102
68 34 70
176 223 324
10 232 516
219 233 529
35 263 252
42 71 277
243 156 906
290 52 478
186 3 266
213 155 99
131 243 146
304 275 709
158 178 509
262 12 966
304 231 154
51 235 619
114 73 718
230 98 52
123 122 620
260 241 560
153 295 40
1 160 593
53 249 838
5 206 219
69 319 672
58 262 546
186 109 684
154 59 77
71 277 515
267 78 57
268 73 150
38 86 604
168 86 970
50 211 623
162 100 210
99 35 890
92 109 496
150 299 571
16 185 953
161 103 789
308 212 237
215 22 445
261 56 254
38 309 635
33 91 968
269 181 717
156 28 678
149 202 946
64 306 209
245 302 186
313 11 591
15 141 912
102 9 944
161 134 671
210 302 482
292 72 914
222 226 92
95 2 517
91 297 117
110 166 234
85 251 834
260 28 464
157 266 3
2 11 45
51 304 245
124 6 215
229 285 751
289 144 828
12 280 455
246 277 38
46 224 853
182 244 777
114 79 755
268 188 528
230 124 59
70 158 426
195 297 612
225 133 817
226 241 946
252 53 499
47 305 831
223 169 101
204 54 545
226 144 632
298 77 832
261 284 759
205 206 994
264 197 820
15 157 24
207 161 363
118 131 84
54 108 732
144 261 190
275 276 530
222 107 460
315 27 513
280 24 747
187 91 336
218 33 290
71 18 142
142 162 653
134 206 561
257 0 703
18 257 99
132 43 829
152 158 703
264 168 656
263 249 798
313 25 689
210 315 551
242 88 541
14 18 587
293 227 831
231 221 448
317 117 485
98 152 289
134 159 97
316 191 904
241 139 403
159 119 188
92 285 533
248 133 667
287 172 307
6 94 727
143 62 770
154 162 88
313 179 541
143 168 191
93 8 295
86 293 731
191 238 638
250 304 733
261 249 56
215 257 574
309 146 981
191 85 622
157 27 40
193 234 774
72 147 13
32 282 165
182 147 308
186 40 271
25 121 590
16 195 645
32 5 225
128 193 455
26 319 186
164 60 324
27 269 901
117 300 961
228 304 253
243 146 218
269 25 532
128 193 985
10 34 754
171 300 764
263 133 200
141 144 665
240 113 641
94 44 16
11 38 809
33 139 746
254 32 121
255 1 694
65 255 430
84 33 365
13 150 597
111 100 934
251 270 614
156 151 660
290 243 576
56 173 262
16 117 552
74 229 506
237 160 339
30 269 744
89 88 819
180 148 4
299 315 626
67 85 281
252 291 898
320 132 377
229 310 94
242 68 108
144 129 199
186 122 102
179 317 883
291 49 902
157 121 559
95 114 329
42 191 173
258 318 675
265 210 156
16 126 359
281 270 912
232 255 776
282 219 48
126 2 938
280 232 268
216 22 807
244 259 377
90 85 259
215 203 984
165 256 164
291 102 566
80 141 478
32 151 275
246 251 387
19 5 515
49 288 801
161 287 836
153 317 752
104 159 627
278 287 388
245 179 323
166 243 9
163 304 445
58 102 726
169 99 606
110 311 828
134 212 985
15 39 261
222 220 720
141 75 661
274 225 897
223 207 180
220 27 509
55 106 399
310 73 225
236 48 501
144 123 441
85 23 120
85 173 442
266 201 534
119 38 44
207 220 316
23 154 519
254 92 199
57 22 585
78 201 868
169 95 864
214 195 900
315 225 729
145 122 559
141 54 184
33 38 281
233 190 85
167 62 206
36 254 913
145 225 383
197 189 468
163 63 493
280 189 894
274 51 84
154 226 231
158 283 347
238 9 345
37 265 608
73 273 629
61 64 969
97 62 388
124 108 483
57 143 3
11 3 591
314 223 76
300 19 968
36 198 127
0 146 529
237 95 493
12 148 768
53 179 183
171 145 390
213 49 615
126 250 812
38 306 870
254 281 746
140 13 720
264 24 844
320 288 861
142 24 642
162 259 243
233 317 23
99 2 917
44 202 258
168 288 123
232 284 418
17 144 428
126 25 934
133 120 776
118 132 804
88 219 936
302 104 31
131 212 40
184 177 723
277 70 101
130 51 83
57 155 261
184 255 947
268 46 786
28 16 127
200 165 892
231 253 607
193 302 382
272 5 858
132 40 33
141 267 25
253 109 757
160 292 681
268 149 211
224 48 344
272 80 589
246 178 944
156 286 355
187 154 622
25 193 126
146 12 384
141 196 540
248 300 253
214 153 944
319 111 763
85 306 562
179 66 5
167 307 700
210 266 836
219 85 652
260 265 79
70 225 686
42 46 532
127 135 86
71 200 262
249 189 922
178 119 17
178 145 164
316 312 740
306 184 580
15 247 30
17 269 560
135 135 723
254 12 396
95 84 990
225 259 400
118 263 735
125 316 900
307 141 932
255 102 470
77 99 334
289 80 512
1 109 823
259 232 919
40 151 900
131 122 872
119 219 756
196 0 836
22 161 640
195 311 899
88 219 168
172 0 997
147 34 637
4 28 105
78 256 397
273 93 59
27 152 327
161 84 834
82 148 297
149 93 464
298 159 551
121 249 405
22 173 584
231 205 820
139 215 367
103 44 536
6 246 997
86 126 767
61 229 65
127 248 547
17 317 760
75 92 873
305 204 229
34 152 324
49 92 239
164 216 972
254 191 630
61 111 331
233 95 845
190 168 786
280 234 894
109 270 682
139 12 256
50 12 217
256 121 835
86 264 210
133 279 851
252 218 922
296 124 283
80 121 48
23 285 26
48 94 396
255 122 556
62 259 943
306 78 390
32 33 606
191 205 876
133 158 367
102 46 392
66 175 766
130 58 258
243 124 717
232 81 376
17 199 718
182 194 584
155 215 34
254 59 960
205 230 343
249 140 124
242 95 561
8 157 528
283 185 408
232 260 431
123 135 96
280 98 709
129 101 356
105 111 222
232 292 286
262 295 488
221 291 904
152 97 807
24 90 492
238 192 833
65 250 415
136 24 164
252 314 428
83 209 747
268 212 751
320 185 592
174 278 419
262 242 170
283 318 749
235 304 450
30 159 978
245 287 118
41 34 828
160 37 851
166 202 912
100 301 691
127 320 52
142 108 738
281 226 91
299 170 100
166 158 389
68 6 11
42 261 599
235 44 826
234 192 638
46 173 742
241 317 621
166 108 899
307 274 710
115 20 705
24 166 480
149 104 382
230 187 742
263 150 677
20 175 764
195 224 837
199 205 993
319 90 268
137 34 94
268 112 458
3 243 799
75 128 736
72 192 657
307 193 515
21 84 103
182 259 243
193 179 536
205 198 770
220 55 235
7 100 486
70 84 390
257 313 348
293 235 401
268 54 408
303 93 45
82 313 810
205 297 585
203 2 5
219 93 988
151 38 213
234 202 558
301 40 861
49 144 234
183 310 501
221 159 644
92 223 455
17 131 173
271 282 959
25 21 576
233 268 542
206 119 750
176 288 424
295 126 997
154 310 168
7 10 905
229 182 755
51 51 236
171 102 277
82 110 930
116 188 723
257 169 667
290 284 858
285 163 402
177 289 367
85 281 434
154 46 35
182 271 505
178 308 14
231 50 549
71 269 860
19 163 975
124 134 55
209 285 374
273 87 510
131 217 90
205 142 891
8 151 75
242 25 765
305 109 405
198 249 99
18 61 5
193 131 12
107 154 120
182 121 319
152 52 476
79 61 238
190 43 2
100 220 487
77 66 600
126 204 335
55 90 505
318 320 220
13 153 754
133 115 756
170 296 242
186 40 581
303 287 279
137 187 998
137 262 427
124 120 416
19 197 848
279 296 218
272 157 668
112 278 19
97 166 67
65 288 315
191 11 58
27 68 784
18 86 492
79 195 175
301 222 549
265 161 456
159 258 602
285 254 404
134 189 738
72 111 136
239 294 528
285 29 752
56 22 969
308 243 858
127 225 128
300 166 46
137 144 57
88 177 281
203 189 614
186 33 931
296 135 669
87 186 729
169 227 816
313 176 679
2 316 887
72 35 405
0 150 835
230 120 140
100 48 568
231 199 462
283 286 290
202 291 424
241 135 92
239 43 507
315 272 818
218 114 850
88 309 422
165 302 341
301 228 468
64 252 917
197 210 707
79 169 389
272 228 421
95 243 380
2 144 695
52 241 357
217 263 748
229 175 929
72 318 792
149 191 633
50 292 754
67 95 762
158 220 874
51 316 567
128 49 684
25 310 365
51 265 277
260 240 96
256 244 971
144 281 992
48 184 127
246 0 405
310 263 400
164 147 145
253 155 244
135 65 355
112 29 220
19 216 909
56 163 599
269 269 848
222 282 28
277 87 223
170 259 506
77 25 340
75 308 241
216 243 846
18 309 795
216 74 94
152 189 658
146 11 933
113 90 508
286 59 653
140 194 662
10 209 995
259 108 479
203 59 212
82 53 609
307 215 114
265 220 328
104 304 866
53 152 929
300 220 703
68 152 982
85 176 743
106 318 795
153 308 867
33 118 705
41 165 933
297 124 179
99 126 293
168 280 837
297 68 979
35 236 170
155 275 254
185 139 714
148 319 57
257 59 573
170 101 33
235 179 526
215 68 413
161 215 530
278 89 38
9 96 353
113 125 624
96 103 408
130 93 817
178 212 532
262 118 287
272 187 581
50 193 152
136 281 155
124 19 795
115 240 503
12 98 727
257 141 53
31 142 132
254 135 670
32 244 750
320 292 296
264 312 67
242 25 455
35 169 652
176 274 564
299 230 43
186 304 793
282 35 810
307 154 664
230 103 887
219 95 347
224 67 449
149 55 106
265 195 107
213 195 271
33 68 517
259 190 493
35 2 655
258 170 208
28 171 468
265 17 786
307 81 636
88 201 348
193 143 231
242 45 784
127 35 864
317 193 321
139 78 898
271 122 595
39 300 40
9 195 413
45 287 815
100 78 69
280 258 794
191 151 482
301 42 893
114 202 978
6 293 432
108 53 14
319 74 351
287 255 971
101 27 306
188 63 110
68 83 807
63 203 971
96 240 709
83 25 663
308 280 457
41 231 803
176 315 185
89 316 820
13 220 124
94 94 485
90 103 312
282 163 363
40 185 327
280 266 989
229 60 581
172 183 525
211 87 965
111 227 9
249 262 453
28 62 665
260 111 296
229 188 417
38 219 43
184 305 914
313 155 624
46 158 401
291 119 43
126 57 782
210 195 915
154 108 305
309 201 763
315 11 498
270 43 61
319 201 870
202 145 816
10 9 699
191 116 481
291 297 765
301 132 767
204 32 455
179 2 170
114 34 819
169 252 537
257 189 311
46 229 145
160 312 440
18 50 704
201 285 928
276 80 783
40 168 674
171 10 846
25 74 889
141 48 761
66 246 548
101 165 395
63 264 689
199 80 587
171 316 328
265 129 377
209 120 418
183 179 46
166 238 496
201 124 524
289 186 100
242 191 311
169 128 744
307 190 68
206 97 273
11 143 86
133 297 222
159 40 261
245 108 26
308 270 597
89 280 31
201 73 747
211 222 469
32 102 437
152 207 253
317 181 963
118 207 733
269 262 845
42 121 1000
261 209 611
306 193 540
144 121 381
316 190 378
319 141 956
144 234 684
302 9 702
56 111 112
159 261 520
59 227 180
30 278 606
280 127 545
6 64 495
136 148 178
152 235 320
105 157 807
204 111 980
75 177 64
215 257 567
289 320 595
31 46 713
250 89 820
75 9 403
134 140 530
184 291 708
167 83 541
194 247 50
314 169 234
254 160 757
47 122 870
174 205 670
178 297 348
296 287 624
231 167 888
247 75 646
258 77 553
278 192 285
73 196 7
306 91 206
200 188 73
254 71 876
103 49 867
87 168 143
160 74 881
239 119 685
117 116 954
318 173 536
136 94 479
271 207 787
37 243 345
75 226 822
55 175 418
200 158 2
185 92 22
228 278 744
0 111 49
241 138 498
188 14 766
311 209 799
130 8 899
32 25 877
166 116 28
114 268 981
142 151 410
114 191 722
15 85 546
106 52 105
187 138 370
186 267 75
81 123 792
140 165 908
54 320 56
289 50 464
172 294 575
255 67 786
225 189 553
144 107 155
207 87 853
133 64 400
310 274 766
65 316 605
123 241 329
160 213 556
184 137 303
242 232 483
96 133 922
313 34 921
22 270 133
203 205 169
33 104 750
165 189 646
230 311 544
235 99 857
33 190 276
268 206 781
87 253 50
28 158 99
182 3 90
244 282 888
190 294 566
139 109 492
60 87 727
169 56 864
179 154 545
263 185 194
260 169 139
313 274 119
231 151 914
104 318 583
71 150 967
77 122 20
31 189 554
70 79 590
252 51 253
96 152 788
57 264 620
165 201 133
56 158 866
251 216 248
308 291 945
287 82 321
274 292 936
299 156 122
245 160 865
155 170 912
273 118 375
199 76 180
205 97 542
213 318 683
130 287 777
33 241 622
200 165 518
268 143 183
96 239 585
20 7 966
202 15 110
207 249 843
205 84 518
301 81 572
100 267 285
117 139 71
230 320 769
83 262 610
42 283 472
26 303 712
197 197 679
114 293 923
200 97 694
183 150 990
144 73 93
24 297 301
135 57 130
163 132 473
314 213 497
159 153 119
176 204 950
74 223 891
11 50 62
190 216 576
290 184 780
54 301 859
66 104 626
226 74 188
226 106 482
263 295 567
0 148 498
84 93 873
76 56 37
183 320 77
38 32 747
295 300 566
90 75 898
13 309 69
312 267 601
161 14 964
203 111 415
146 17 682
236 298 97
154 59 854
305 264 973
211 256 449
314 202 879
94 146 252
306 316 508
271 202 818
299 156 925
227 221 963
48 306 621
130 114 116
142 58 725
22 219 129
219 210 556
197 151 393
75 83 65
265 314 702
159 157 686
104 16 850
9 121 227
34 132 493
191 43 231
216 146 819
208 31 112
130 50 339
266 47 360
299 77 373
6 192 218
278 308 792
306 181 366
96 211 836
177 287 459
149 25 571
252 35 871
101 281 452
309 138 579
210 45 55
112 51 764
201 247 663
0 139 515
20 62 213
180 138 602
290 131 853
212 291 232
240 47 377
58 265 880
265 285 892
107 62 292
116 29 864
134 188 593
222 144 60
263 156 283
110 213 758
15 152 105
142 169 959
174 157 753
270 97 89
162 27 842
109 311 713
191 199 701
77 139 535
154 262 352
94 112 786
301 148 211
247 169 661
304 36 290
82 138 611
169 167 838
51 288 360
248 90 941
71 273 123
285 122 179
190 314 156
60 138 93
158 229 284
68 294 36
180 6 209
278 182 417
238 160 122
68 180 912
270 227 581
222 317 685
243 120 473
91 203 429
189 291 944
279 199 183
41 100 857
314 25 854
73 245 837
172 13 966
91 251 599
74 87 812
308 213 169
225 37 774
54 264 73
144 266 883
87 0 820
229 238 168
105 22 939
167 155 406
229 266 2
245 271 639
222 269 639
244 202 431
314 10 506
58 155 314
77 83 392
168 66 661
205 237 547
8 276 623
7 36 899
93 99 197
21 259 329
291 315 318
97 36 255
217 286 628
244 273 277
252 147 581
181 259 512
101 137 46
104 240 210
267 152 18
287 8 206
166 60 757
138 252 338
269 165 431
84 145 421
240 2 246
89 270 516
198 61 451
179 172 835
70 313 755
111 161 432
9 116 368
55 274 900
259 17 980
54 209 809
206 46 514
43 302 532
18 292 1
149 133 302
54 18 263
96 128 917
162 35 669
306 114 691
151 319 694
108 224 836
293 221 994
75 236 905
15 200 334
97 116 401
14 303 929
39 4 634
107 247 468
217 20 845
93 124 573
193 317 958
258 53 726
128 44 314
251 39 135
291 200 562
32 92 389
0 297 9
166 236 914
268 31 981
151 87 272
291 210 511
283 228 544
2 149 53
65 91 891
160 69 625
300 170 203
38 249 848
249 293 469
296 288 367
245 69 193
38 30 990
12 140 109
175 25 229
80 160 268
8 317 116
213 316 118
60 268 522
61 213 871
144 175 227
318 230 823
190 174 33
90 47 495
131 49 747
81 159 447
52 58 508
213 23 507
91 72 464
73 22 482
260 299 197
3 121 218
119 130 859
285 97 408
155 298 753
56 134 133
272 58 650
187 45 158
163 107 53
106 104 184
308 264 123
203 191 390
171 192 554
131 140 463
80 57 940
83 237 745
228 251 560
160 184 411
7 204 981
29 88 868
254 76 323
247 163 565
97 92 455
275 80 103
246 43 313
22 92 368
17 124 853
52 139 697
311 263 93
157 283 512
33 223 951
180 239 943
253 153 122
153 242 307
20 175 662
62 189 13
80 206 943
59 191 15
19 196 186
206 112 359
188 162 618
1 222 545
133 289 769
171 85 693
269 237 147
48 117 955
246 309 425
272 183 704
312 280 523
80 273 75
180 300 625
76 97 928
10 3 603
275 3 713
142 219 229
34 143 98
221 30 366
233 37 293
129 123 871
320 44 810
93 162 331
11 78 628
305 107 468
190 233 799
306 297 427
288 186 820
15 94 517
43 121 586
253 259 146
64 240 87
82 224 960
122 143 914
22 320 112
48 71 907
224 85 675
28 169 759
309 225 99
149 122 577
302 94 420
245 191 592
285 176 894
110 237 344
187 247 705
85 197 232
138 218 977
28 227 206
90 117 559
313 163 870
304 202 121
107 74 818
154 120 700
21 233 573
131 261 645
129 108 308
169 201 92
79 170 184
145 302 112
312 7 859
85 254 337
274 72 992
229 220 355
104 286 72
218 44 770
133 248 535
169 140 298
115 190 646
234 258 284
5 13 350
210 176 888
95 14 722
191 232 635
147 313 921
320 76 296
85 95 586
199 23 840
211 286 588
34 56 267
288 267 467
6 219 807
143 162 844
260 28 14
312 225 384
57 176 786
150 301 984
9 253 185
160 77 148
50 237 30
182 208 164
58 154 557
2 176 532
16 76 458
294 147 538
102 147 180
311 315 313
7 311 796
210 187 931
309 235 921
268 3 660
95 211 413
123 269 293
31 147 295
192 91 390
139 69 942
210 125 286
27 171 563
228 220 881
244 202 388
103 298 611
158 287 215
257 7 154
225 319 520
155 188 555
121 171 235
40 78 82
171 305 644
57 217 772
115 148 819
278 106 622
35 267 701
260 234 827
117 318 888
204 195 407
228 234 464
126 162 350
225 155 861
65 2 195
50 301 311
129 11 949
38 165 732
249 19 682
226 281 980
226 211 718
217 244 422
259 214 908
208 34 146
133 182 600
295 206 809
319 81 520
298 78 519
158 253 371
230 219 128
211 19 768
317 140 622
32 164 759
33 89 547
213 122 695
252 173 551
215 160 323
177 222 316
8 261 240
176 219 359
256 160 362
216 285 337
21 305 900
9 158 229
224 47 469
167 209 535
263 206 155
137 318 167
16 56 114
218 82 137
270 229 876
285 158 289
62 233 115
114 48 425
103 245 975
213 207 639
119 33 227
200 14 740
309 318 979
214 124 651
12 133 524
128 48 880
133 115 655
47 44 777
65 176 496
18 267 889
115 249 473
265 296 76
30 9 644
150 193 865
244 77 789
248 39 756
176 86 807
285 290 839
195 238 798
79 132 4
36 185 513
189 1 963
123 230 68
146 232 529
100 165 424
239 121 808
289 310 251
98 12 714
145 270 418
215 54 159
136 136 319
216 249 610
73 216 316
45 320 627
72 186 127
155 157 165
201 112 241
163 23 183
307 320 395
174 129 367
107 120 441
234 215 741
135 256 40
103 283 560
169 161 525
54 168 712
134 51 219
164 237 608
282 284 706
146 192 129
208 242 466
15 90 111
162 189 894
8 183 156
288 218 857
76 197 935
284 262 600
142 140 117
127 15 666
6 124 910
14 23 853
72 39 709
91 275 835
27 216 390
142 150 859
234 77 193
65 318 896
57 150 842
315 51 854
11 137 48
89 147 779
61 215 695
8 42 486
16 320 153
242 296 260
89 279 724
289 117 477
223 152 120
317 94 432
302 79 599
247 317 229
51 241 812
118 219 710
11 65 639
25 269 755
177 192 266
71 158 788
99 268 646
245 127 40
195 289 469
147 48 214
74 266 976
194 249 36
11 68 787
284 123 875
127 247 933
247 205 687
209 89 84
130 269 663
136 237 208
263 164 310
197 279 476
231 62 479
224 115 343
29 288 730
112 145 83
97 83 149
253 217 607
319 50 300
67 110 619
222 200 959
149 292 439
172 79 240
272 67 667
241 138 137
263 166 653
133 47 879
180 143 681
149 291 838
113 5 297
208 23 912
70 258 443
147 99 955
68 270 516
134 66 11
59 173 143
146 11 982
239 239 132
51 184 621
76 94 993
95 230 622
242 282 863
254 104 628
197 228 173
19 29 503
185 202 83
145 120 686
230 86 452
48 26 878
130 167 49
80 297 927
259 253 804
50 286 121
79 10 794
248 148 1
18 261 390
123 53 315
118 93 104
25 256 894
265 68 274
184 37 124
54 58 222
181 298 480
285 126 927
142 123 113
116 176 160
145 200 532
268 90 675
67 15 261
189 29 612
11 224 296
18 127 175
50 61 802
69 119 645
244 134 364
64 68 799
240 62 966
40 98 967
190 139 933
209 51 296
175 122 801
159 16 110
304 294 213
188 270 381
106 274 253
57 254 872
222 98 680
102 236 839
192 47 646
243 135 356
0 51 344
148 62 966
179 36 800
128 23 233
312 109 25
63 127 39
86 59 237
29 9 85
209 288 71
272 4 445
240 142 349
49 188 484
127 309 486
250 286 292
300 14 173
208 236 814
187 81 457
318 14 181
114 216 610
169 55 490
246 319 502
311 95 809
110 144 808
108 35 613
151 288 313
246 131 20
89 278 881
155 32 9
264 126 787
211 165 948
21 85 617
18 200 766
180 310 405
61 158 832
255 273 123
67 199 87
128 226 814
235 249 581
6 85 393
85 78 299
83 217 369
102 290 620
243 157 501
90 112 10
146 168 999
42 298 443
97 45 463
128 288 11
57 0 995
93 52 90
92 256 813
113 5 292
48 164 330
103 201 225
122 74 462
307 256 421
209 173 976
237 138 506
285 236 604
304 171 683
303 158 843
70 202 546
0 164 706
182 70 973
180 244 945
188 9 766
74 214 773
90 129 245
263 210 805
92 129 490
293 237 341
21 149 133
164 231 673
106 304 456
274 187 79
269 103 700
31 9 591
221 16 9
226 168 103
221 308 954
43 68 199
209 48 170
55 138 338
198 297 882
188 175 685
170 205 747
12 27 974
1 298 969
313 18 277
198 111 998
218 187 199
187 205 974
91 259 440
3 173 176
214 293 31
162 272 897
285 70 718
312 215 487
205 96 865
74 256 780
51 311 625
183 282 234
295 296 335
317 24 10
32 121 33
115 8 174
188 279 879
296 86 345
203 194 600
232 91 506
185 174 435
77 74 95
38 58 471
142 23 906
45 187 41
145 87 480
164 315 136
126 188 523
192 41 981
278 88 445
312 161 68
296 51 945
154 124 139
95 2 235
198 124 315
92 308 202
99 250 499
2 119 107
56 68 618
210 206 489
260 237 987
24 294 21
154 298 549
246 230 178
113 149 933
32 271 505
256 279 731
287 128 51
285 53 266
70 2 785
131 297 44
258 315 786
141 201 357
24 152 261
175 177 173
171 236 130
89 292 148
0 143 12
239 91 294
177 68 802
122 214 980
114 302 458
64 221 428
96 158 337
261 60 966
285 59 867
289 3 940
190 79 332
257 87 246
83 205 915
283 308 229
198 275 380
319 34 465
267 278 254
154 22 655
217 70 785
232 297 316
5 203 63
130 99 794
308 304 916
153 49 137
66 275 961
14 266 857
280 235 546
80 65 421
127 54 541
261 127 756
234 262 376
274 283 857
250 121 690
294 175 328
180 185 833
301 219 498
113 153 198
241 102 493
108 316 704
60 87 135
245 188 540
219 119 750
252 151 629
180 7 550
219 45 834
41 188 215
302 114 190
6 275 860
249 107 342
204 167 628
83 187 792
163 0 385
206 67 650
156 241 340
61 100 443
188 114 73
274 286 671
16 249 195
20 226 278
6 150 25
156 161 281
238 229 856
65 170 860
151 80 402
252 170 184
126 25 182
229 120 825
198 246 940
310 17 961
223 179 787
283 244 329
132 14 599
137 42 527
165 162 616
267 265 880
34 221 590
303 51 635
239 133 764
138 287 420
175 222 686
40 263 31
253 130 45
275 243 276
253 146 248
125 38 941
289 28 51
47 202 948
106 5 299
68 3 82
4 233 520
253 184 658
101 162 69
138 109 492
138 26 81
1 262 6
65 149 286
47 83 431
155 112 446
195 181 159
182 184 364
294 39 126
81 298 348
306 243 664
267 6 533
133 314 453
240 129 817
297 110 777
160 139 481
168 25 195
77 42 343
16 122 76
158 125 139
73 22 904
63 141 840
124 242 995
152 217 834
143 5 366
133 260 526
263 15 935
247 286 256
49 57 56
120 37 948
99 103 582
301 216 860
183 168 703
320 118 945
231 195 932
276 39 879
314 174 639
24 159 180
3 280 24
127 60 25
45 225 343
46 22 99
255 114 844
310 10 108
277 169 215
180 128 626
233 37 223
129 179 671
99 257 527
13 83 836
5 40 238
190 70 210
201 212 953
77 32 357
124 222 657
50 147 27
13 220 291
141 134 203
195 167 524
265 126 315
57 296 242
184 152 741
0 11 494
2 293 541
8 311 846
268 286 681
203 186 940
3 317 469
209 60 124
174 151 196
21 21 258
48 172 522
10 296 916
222 18 439
28 224 971
238 225 134
66 11 906
145 184 846
27 271 985
279 166 677
255 72 142
182 117 163
305 55 39
3 134 749
3 264 940
171 311 941
35 123 682
214 223 820
104 14 719
127 121 134
276 284 528
270 193 330
96 26 186
306 10 152
9 223 968
46 104 201
16 75 902
196 299 954
304 315 522
99 25 316
63 222 123
59 48 895
96 281 695
233 77 828
257 171 680
296 263 246
121 218 155
150 83 382
0 148 404
194 89 710
261 209 606
235 264 790
222 189 564
270 233 305
69 9 682
129 279 484
314 109 725
127 109 513
105 34 796
278 305 675
150 99 125
155 104 185
25 273 950
184 212 814
20 194 412
174 206 592
72 55 894
105 109 661
254 73 274
30 78 67
222 120 355
259 184 303
154 94 227
35 36 266
80 276 282
47 28 519
25 67 176
278 188 654
181 218 329
175 313 799
219 19 612
311 102 704
135 17 56
281 105 341
176 202 241
312 113 651
18 155 907
42 85 859
8 76 738
158 24 999
130 253 980
299 246 552
268 197 167
144 30 481
138 233 111
47 161 493
204 126 301
176 149 832
249 60 341
17 295 831
124 39 443
155 314 375
213 151 398
248 135 675
60 7 175
185 223 921
61 286 203
72 262 965
318 121 46
216 150 889
43 166 724
214 245 725
303 188 974
106 178 983
70 209 591
98 155 849
54 151 947
28 178 268
192 110 298
110 286 345
122 0 798
188 270 160
22 232 780
28 161 621
208 155 667
45 295 489
263 124 946
147 129 649
213 237 453
35 156 671
259 180 288
47 320 474
170 4 564
88 70 837
80 47 895
241 37 415
13 219 734
139 249 219
234 267 277
91 169 467
280 174 608
19 253 471
81 187 255
268 18 209
50 76 83
304 142 830
292 265 357
201 209 363
17 43 910
54 320 658
3 268 47
106 6 815
184 19 909
119 86 681
212 62 316
233 62 716
202 28 665
57 244 898
49 136 121
236 134 156
217 252 797
307 306 786
155 75 942
310 15 374
91 245 692
246 66 587
257 177 646
93 320 337
4 43 795
12 194 750
76 19 801
51 40 867
316 0 33
235 30 99
252 141 7
82 313 602
45 16 586
205 158 529
201 261 600
144 80 594
76 87 704
115 237 339
15 294 185
86 20 62
156 94 442
157 154 164
64 228 177
122 208 115
170 86 458
167 311 709
182 274 978
86 104 967
305 195 750
92 44 501
139 117 277
72 270 99
230 294 24
36 10 736
64 202 711
95 84 762
224 2 703
0 252 270
62 85 208
302 280 169
49 287 265
163 128 216
210 267 476
113 229 947
292 316 403
114 50 512
77 119 286
179 92 229
269 49 233
47 51 731
148 245 687
169 230 849
251 153 567
10 218 600
53 277 834
32 316 159
56 318 726
314 66 447
186 255 58
166 273 225
95 32 648
80 237 141
136 230 391
30 172 564
28 17 122
120 314 907
307 223 384
101 44 523
310 146 620
312 204 802
3 257 506
181 47 513
93 236 340
263 248 861
141 133 968
27 181 939
185 218 570
234 126 977
187 103 68
127 89 838
231 144 30
186 188 977
95 59 218
169 300 804
51 151 122
152 53 75
126 259 373
154 228 250
301 99 51
103 95 676
318 8 958
192 99 874
101 156 784
11 187 654
35 193 77
315 311 226
1 266 17
74 168 261
269 287 924
66 184 920
100 46 658
130 311 513
123 246 553
294 177 616
205 112 845
270 13 128
96 185 363
37 95 488
312 192 723
14 76 209
303 128 104
165 59 919
28 27 999
318 216 928
67 41 938
52 179 502
24 302 830
221 94 339
64 204 926
233 24 269
134 245 267
121 27 162
123 67 319
210 93 733
315 248 195
49 12 121
83 67 983
310 226 493
223 33 631
71 9 151
146 122 303
204 251 784
304 80 468
60 152 784
16 263 861
38 2 299
22 173 940
144 149 325
117 30 187
102 224 190
193 100 488
286 143 88
263 36 100
13 254 624
234 132 819
105 109 570
110 109 253
190 154 272
14 303 69
55 253 742
33 134 497
314 138 40
126 97 32
128 117 66
261 285 381
106 75 949
103 174 383
310 27 652
68 231 721
283 13 683
303 110 301
309 70 461
219 307 500
152 295 882
53 120 945
84 176 534
253 155 145
258 48 406
0 17 884
272 7 122
259 131 359
226 45 720
213 135 356
174 250 901
205 95 13
96 301 245
259 121 231
134 121 111
122 280 511
238 181 375
21 49 224
211 183 668
307 305 686
196 145 279
299 277 550
276 134 136
158 101 886
183 182 132
194 77 405
77 52 135
292 2 476
36 99 900
186 235 159
306 126 205
265 14 795
161 317 849
66 104 293
97 263 208
282 198 790
292 260 394
111 247 956
153 142 717
16 228 637
258 98 895
179 44 446
319 147 938
184 113 66
148 1 450
193 140 127
23 195 895
256 218 596
137 202 532
58 77 560
190 279 692
214 110 462
174 69 103
103 194 965
83 201 214
195 216 460
0 311 434
75 136 966
190 168 190
71 94 363
52 261 220
75 132 74
157 167 52
275 138 346
65 151 625
7 35 779
35 3 655
156 185 110
76 52 161
116 156 174
300 320 922
115 23 9
165 7 218
257 260 313
173 25 356
22 44 833
208 62 710
170 285 725
43 182 806
320 40 903
226 57 227
299 98 458
27 160 613
231 141 438
193 23 495
137 40 221
258 17 766
313 164 413
69 225 26
63 100 450
14 65 331
55 279 917
41 286 852
39 153 543
204 167 770
192 302 956
4 67 331
119 179 590
230 106 186
108 317 278
281 233 986
14 277 106
187 48 227
268 273 605
288 52 963
101 62 710
183 127 993
234 253 501
311 166 1000
264 85 62
102 186 415
135 229 221
174 250 67
25 100 238
149 89 998
173 315 908
25 133 278
105 119 488
10 165 368
87 74 76
199 187 570
312 147 724
312 55 259
124 44 693
172 114 949
275 250 764
254 176 499
51 206 699
147 104 399
24 47 312
140 55 536
106 230 933
25 314 343
52 271 859
244 155 437
155 119 883
226 242 332
184 242 509
139 204 939
235 305 430
180 180 443
309 310 377
134 234 447
192 67 429
30 18 2
84 127 215
186 93 342
13 99 171
215 50 828
272 35 606
264 269 936
105 261 654
183 167 723
312 24 574
190 168 470
46 157 832
35 197 116
158 119 465
59 39 31
39 253 215
292 169 273
57 80 828
11 88 28
268 54 430
49 28 667
296 222 558
104 251 431
144 176 272
307 120 370
110 51 822
229 85 326
304 48 639
175 248 139
306 285 350
235 271 414
3 58 650
190 209 812
62 143 279
134 45 834
182 160 682
49 147 399
80 199 946
190 239 211
318 34 29
214 7 264
237 304 463
162 198 493
145 279 539
29 205 517
84 269 153
168 149 635
36 76 517
295 252 197
162 36 566
180 146 791
109 311 718
112 27 759
301 133 792
261 169 171
270 260 310
85 176 518
19 207 584
42 285 608
310 199 450
159 242 925
306 198 719
249 33 140
250 156 72
197 199 890
280 270 624
268 191 476
269 98 693
142 215 911
202 27 625
212 103 765
290 117 79
250 307 27
248 45 548
267 164 203
18 238 571
77 123 20
181 127 363
279 45 37
247 84 482
178 69 731
301 24 886
100 245 648
20 95 213
306 217 779
14 165 631
119 277 15
139 56 52
306 302 608
0 306 645
278 166 815
23 198 343
50 81 603
106 115 511
82 70 211
43 160 546
74 98 981
169 259 880
40 149 645
40 134 600
191 186 853
299 173 496
31 176 85
292 242 714
266 60 264
97 161 834
6 127 343
26 110 695
98 97 265
195 21 853
296 221 239
50 116 508
230 140 612
309 95 901
309 287 542
248 236 44
74 165 45
29 87 964
260 233 204
310 119 81
9 194 326
71 262 99
33 266 380
225 88 200
97 281 78
96 282 361
265 114 867
54 293 844
222 294 857
41 85 313
263 202 245
41 309 535
94 126 728
260 145 159
198 133 790
6 247 181
147 300 154
30 294 751
274 146 756
284 237 606
135 37 673
1 71 930
241 26 941
301 306 429
161 195 651
169 69 933
217 69 602
211 165 884
292 246 118
28 293 169
296 169 781
191 252 472
216 189 271
314 315 453
318 139 128
197 218 879
105 247 152
314 182 464
266 66 478
314 210 110
110 55 383
53 310 15
195 253 803
304 85 866
149 3 974
8 308 606
134 79 876
72 26 727
150 69 826
297 76 627
257 201 58
285 301 338
277 318 370
240 217 527
0 309 853
129 208 2
228 235 227
8 24 569
174 277 494
279 79 654
280 313 104
219 80 917
299 177 524
166 161 267
63 42 426
228 296 102
286 88 965
254 317 664
55 219 603
150 280 565
306 92 829
128 161 417
78 131 244
144 233 293
60 305 175
283 81 734
220 157 477
171 72 15
313 98 136
298 20 941
81 111 852
175 192 449
102 15 418
183 44 149
237 104 778
83 155 89
3 159 798
185 35 671
209 291 809
207 189 141
38 5 183
162 182 168
252 243 824
10 267 707
112 146 510
249 281 406
195 109 563
40 238 87
7 265 780
208 291 958
115 145 288
124 129 554
197 106 625
1 264 733
172 229 986
102 175 949
89 22 152
183 311 554
148 117 82
217 210 189
163 242 481
265 258 224
81 128 391
191 38 44
157 29 576
34 92 344
297 162 294
301 219 668
293 206 135
17 17 402
261 289 938
243 279 604
105 245 89
124 77 46
29 22 436
174 313 808
267 258 290
74 70 200
6 276 450
119 89 763
203 220 253
278 238 887
301 245 561
277 10 601
179 139 152
146 223 668
236 177 669
134 133 981
150 308 622
101 106 12
243 42 130
137 189 101
206 16 174
187 119 638
34 25 678
231 228 616
235 276 332
83 124 523
224 108 374
44 160 818
41 210 787
189 294 988
185 85 793
51 199 128
298 98 713
267 285 490
88 161 301
25 224 524
205 181 963
138 212 97
257 172 353
68 120 664
46 290 611
140 174 437
265 193 145
115 306 41
269 263 768
126 217 258
158 154 737
185 155 778
29 246 812
136 227 316
52 126 734
84 46 633
262 23 420
152 59 309
41 274 51
29 184 254
151 292 14
256 170 902
4 204 11
256 238 202
275 64 205
90 116 215
253 4 158
133 271 759
146 83 64
30 134 9
235 237 95
236 96 752
204 273 469
61 104 492
143 251 26
86 20 467
79 196 304
257 15 985
4 58 336
260 127 552
160 240 26
143 266 523
298 141 760
167 10 246
263 166 470
124 12 943
278 170 810
80 233 528
216 113 946
277 13 179
123 48 403
151 88 764
96 216 832
231 24 263
212 132 922
162 205 109
62 18 594
217 151 265
298 62 957
187 242 950
247 47 299
69 316 274
28 143 428
87 113 243
61 185 643
104 64 801
302 279 269
59 17 989
287 287 256
52 188 376
165 130 165
119 239 601
203 144 578
43 262 112
74 238 259
150 236 771
208 25 405
64 223 639
246 94 776
279 50 8
122 31 608
319 80 106
195 286 851
20 42 577
274 34 75
241 262 126
276 123 676
48 108 858
21 38 443
190 222 1
138 316 150
310 43 547
292 23 294
218 42 970
33 19 558
85 22 235
275 314 231
28 91 514
68 81 914
257 161 544
208 64 583
307 72 752
38 214 945
228 4 91
217 288 460
201 22 172
69 104 284
127 105 991
196 256 193
40 194 721
114 318 361
39 239 751
317 189 104
316 157 437
150 58 576
186 1 314
268 51 116
155 157 312
120 66 667
97 8 916
270 232 11
176 256 224
165 56 746
225 233 598
219 189 392
103 21 125
253 255 533
316 87 432
191 316 33
5 317 342
148 170 820
87 13 469
63 23 359
310 77 406
222 184 412
59 181 374
108 243 911
200 104 394
223 274 466
244 214 703
53 230 214
38 306 345
297 286 668
234 48 357
18 168 689
254 190 731
43 299 44
19 68 405
5 84 242
298 57 53
284 298 445
36 41 587
160 230 569
27 248 101
29 36 33
83 100 534
248 21 992
64 171 326
204 13 431
232 170 372
168 40 922
308 227 850
240 10 262
6 206 425
175 45 986
104 142 503
147 7 858
188 252 40
184 218 283
111 278 500
64 138 892
53 273 126
95 62 434
75 66 158
81 281 797
10 272 799
92 223 431
90 284 956
248 128 391
300 172 280
93 286 266
189 60 929
149 201 494
204 141 754
74 306 14
293 46 794
287 149 10
68 65 515
141 295 898
138 40 875
133 234 952
301 300 8
0 145 587
256 177 326
49 179 480
216 128 959
129 177 101
225 32 222
1 195 306
202 151 270
23 259 86
210 220 575
91 97 892
43 174 722
285 180 403
186 295 616
143 36 216
144 41 274
266 319 203
48 207 94
167 181 125
180 117 961
161 11 419
303 157 904
150 288 201
223 70 655
194 320 701
77 278 663
128 174 193
94 235 467
17 317 558
115 131 94
196 317 358
255 209 805
93 84 718
168 232 710
18 89 103
177 252 430
84 300 473
59 35 650
152 111 904
295 176 280
78 5 900
300 212 157
31 230 539
249 295 719
191 181 260
233 52 720
93 51 923
226 60 165
284 158 911
265 53 745
86 264 484
277 203 62
216 106 407
110 65 785
1 306 972
224 71 306
149 194 399
225 1 296
216 225 690
170 79 911
309 99 337
157 288 554
186 10 713
38 85 215
162 284 460
258 76 441
42 118 590
116 138 817
54 75 619
263 265 705
266 68 382
312 164 586
107 15 189
147 104 47
300 28 38
21 159 947
223 26 163
98 185 35
245 49 861
39 296 766
201 312 790
217 34 964
209 178 659
280 18 672
208 60 576
194 291 767
80 307 111
307 113 746
208 209 3
148 76 361
224 271 178
302 84 940
211 102 724
143 250 119
112 40 152
311 253 124
293 43 882
190 187 599
50 246 734
212 259 166
103 86 469
246 111 337
136 218 607
154 245 162
224 121 529
165 41 853
22 78 392
230 174 648
43 46 546
156 129 934
219 244 765
22 169 670
12 71 700
132 208 679
315 263 779
17 180 955
301 197 308
34 244 374
17 320 731
231 288 376
182 264 108
152 93 41
203 277 24
168 278 695
145 59 784
61 39 902
77 134 193
225 62 148
52 229 652
89 241 516
102 69 257
230 239 645
184 228 516
32 196 154
123 213 618
109 37 615
103 154 81
164 307 963
223 36 725
108 266 153
212 221 885
10 185 735
22 198 339
148 10 877
280 101 597
282 31 953
95 190 885
72 19 571
132 264 456
311 135 976
65 273 623
97 243 3
115 250 648
287 32 149
283 16 149
296 298 980
272 120 472
6 255 762
138 308 209
180 271 744
305 9 120
157 26 943
82 236 841
85 198 0
281 208 815
120 198 645
131 279 334
216 297 265
172 110 183
172 44 707
126 168 443
138 75 575
219 232 641
160 85 253
43 189 465
181 287 279
183 73 516
202 154 440
246 297 592
220 256 391
21 258 389
203 286 394
144 162 539
73 296 591
16 193 544
182 235 33
133 22 979
244 317 97
126 289 240
258 231 419
118 163 888
71 216 146
59 214 192
320 170 283
98 107 444
101 164 653
138 140 920
186 265 500
166 32 263
198 141 910
186 182 829
268 178 152
172 56 345
212 139 445
26 120 252
260 146 213
299 279 412
242 297 628
89 20 697
185 30 762
317 54 970
10 264 733
5 287 812
262 125 10
192 209 278
209 301 207
213 40 197
311 256 265
194 111 828
139 184 252
195 295 700
183 93 842
260 257 932
271 27 887
14 240 234
136 228 298
27 97 385
212 41 241
30 144 957
215 275 72
204 294 770
299 242 968
187 274 264
32 205 863
113 292 999
0 183 713
9 29 691
258 113 524
178 101 859
176 134 519
55 44 299
139 187 625
17 88 428
1 127 410
28 76 335
150 272 329
136 275 380
295 73 759
185 104 198
309 78 14
277 120 668
111 279 689
63 138 931
211 193 484
187 219 69
125 240 560
200 287 789
171 129 536
6 71 288
240 66 15
256 114 666
101 97 680
251 88 747
319 264 446
283 36 441
203 36 602
175 3 749
12 195 303
59 242 404
185 19 5
316 45 119
101 85 681
187 97 146
178 135 576
11 233 791
36 118 306
82 285 764
71 69 793
307 100 578
117 8 866
239 4 306
313 282 707
18 286 296
174 234 143
20 37 890
51 251 271
162 117 255
157 127 295
312 196 494
81 300 245
319 50 146
291 162 598
34 198 386
196 82 322
142 223 899
204 82 126
316 92 512
115 120 602
126 233 574
0 305 212
230 7 814
146 182 720
261 42 986
86 56 785
60 175 846
155 216 136
308 288 225
138 183 988
13 145 134
296 77 371
189 243 856
236 168 102
123 219 220
278 71 122
222 91 781
97 101 163
285 174 110
153 94 367
24 238 52
27 75 182
302 318 990
290 62 353
153 221 109
54 115 639
79 309 491
95 112 188
84 11 108
147 117 298
47 101 977
110 231 209
151 193 799
142 81 910
4 184 457
35 191 136
28 170 564
89 56 397
151 55 17
63 39 964
159 59 501
26 210 445
188 178 888
90 173 913
214 43 636
308 108 145
296 139 599
46 299 732
18 104 623
163 3 772
236 197 57
124 263 714
273 97 291
181 218 451
155 108 276
153 310 986
193 264 89
65 210 768
44 251 408
274 124 944
303 183 665
39 298 383
289 132 221
29 218 563
17 300 313
29 305 195
310 212 169
153 13 121
262 218 904
107 168 717
29 281 559
25 213 952
234 210 484
297 160 290
13 189 836
92 13 700
246 203 248
37 306 141
84 88 988
85 154 894
300 284 231
143 70 803
59 105 776
75 211 762
39 250 881
265 254 493
314 173 962
54 45 726
219 310 291
276 260 385
220 181 541
212 76 271
292 107 425
271 287 111
295 192 654
287 273 872
151 123 502
293 185 53
281 160 772
301 161 792
238 112 828
98 104 417
46 136 516
264 201 290
295 272 270
234 211 245
171 143 298
162 199 501
162 136 47
267 288 430
257 100 794
88 3 653
285 29 128
234 72 243
13 301 158
221 150 234
250 40 889
287 203 42
259 102 704
316 216 82
55 269 790
289 295 174
28 59 750
295 93 633
89 317 833
317 288 902
184 160 496
292 80 2
299 260 760
282 33 188
81 165 795
257 65 322
132 135 652
91 108 487
1 58 570
220 77 806
49 219 140
53 94 650
287 96 188
147 155 989
86 118 516
256 57 962
285 207 291
285 157 365
5 205 902
256 213 544
61 43 39
67 134 151
9 201 105
105 222 777
288 266 46
195 113 446
24 184 980
220 217 146
284 85 405
106 125 681
97 92 171
308 47 730
77 146 985
167 223 455
219 285 688
66 174 984
138 219 824
214 185 556
251 141 952
57 143 860
306 203 920
131 7 348
63 82 527
261 301 609
293 228 679
245 81 612
109 80 374
73 289 111
298 25 244
315 132 540
226 104 595
265 257 21
197 215 600
25 214 619
143 270 199
70 311 712
19 164 88
318 122 950
46 96 329
198 143 973
19 30 109
237 292 394
52 199 437
218 264 447
262 95 757
191 109 618
93 206 881
39 150 339
182 156 204
297 169 705
21 301 307
240 222 830
41 31 637
288 292 744
30 41 452
228 189 146
299 190 660
307 242 505
317 131 763
152 163 329
143 274 48
0 53 255
311 165 999
19 279 50
172 155 892
238 133 465
195 283 223
152 254 747
159 298 377
242 157 874
302 209 855
316 162 317
136 166 51
160 26 914
37 3 212
6 218 636
133 225 838
84 279 699
296 191 201
282 225 167
146 59 783
199 305 751
186 18 635
113 143 711
56 130 898
235 318 766
112 148 921
295 97 717
149 264 750
31 262 683
108 153 149
70 87 415
243 3 635
114 31 119
84 190 886
260 217 813
40 9 929
242 196 533
150 296 773
174 73 790
114 59 437
66 107 637
249 69 602
313 70 967
255 24 340
119 29 988
5 47 255
312 22 556
252 301 128
116 111 791
286 133 573
247 70 489
122 298 757
97 59 337
76 193 320
190 181 14
290 46 477
71 22 402
307 311 690
280 37 87
312 176 890
143 214 439
212 98 221
102 288 735
151 184 34
39 194 115
210 278 960
317 111 830
262 184 538
2 22 824
172 187 201
108 57 223
200 83 311
47 272 223
86 89 529
38 20 666
35 126 49
36 167 50
129 126 486
254 0 767
212 63 923
211 236 217
167 108 909
273 0 52
241 231 23
219 225 376
127 34 575
223 173 930
14 138 921
82 28 621
29 147 260
256 244 698
46 79 893
128 63 559
104 75 422
19 14 782
313 100 936
20 289 592
257 289 161
309 286 25
237 261 781
316 223 658
242 74 986
283 154 6
167 214 37
181 234 789
20 255 392
260 35 63
21 297 400
248 211 796
190 118 139
184 234 915
103 238 906
114 22 374
220 3 526
45 41 460
197 227 955
36 177 854
213 179 430
238 141 532
298 162 9
317 102 408
38 90 728
88 284 243
156 307 933
166 317 130
260 248 48
68 137 703
187 204 343
143 164 66
276 67 387
151 43 973
245 1 9
114 196 132
105 85 100
12 320 644
303 193 25
278 86 902
105 145 677
316 163 585
291 71 962
23 49 667
310 192 951
175 136 739
102 195 49
135 289 436
249 34 279
227 284 856
124 295 133
9 92 542
189 160 744
154 88 201
300 92 735
285 29 616
64 156 497
198 297 628
137 220 865
111 132 16
306 186 201
192 30 586
54 151 677
99 253 507
164 185 340
306 103 575
49 121 565
6 239 802
274 123 206
216 132 658
312 264 397
81 132 447
211 114 249
243 277 949
307 221 320
25 154 347
277 109 770
33 191 868
212 88 270
12 201 766
238 200 973
197 53 693
142 216 922
217 80 537
37 306 865
158 272 488
268 258 399
118 142 860
189 85 816
234 205 98
69 303 597
161 51 129
4 78 480
307 140 687
254 216 108
46 289 810
292 178 41
311 180 854
296 242 154
144 24 306
161 238 971
266 190 940
273 28 85
36 111 313
284 72 607
297 305 581
238 40 539
19 26 37
147 170 370
262 150 125
219 3 61
248 194 535
252 103 967
177 189 52
204 239 288
156 246 834
87 120 905
245 16 557
200 228 23
254 261 626
197 269 261
120 229 64
87 68 710
11 162 88
155 311 403
280 33 23
280 312 366
95 285 38
13 319 358
275 265 431
15 63 493
13 294 135
217 281 527
113 308 968
258 245 644
117 297 240
3 27 662
5 5 369
216 311 274
287 107 711
80 100 386
222 15 411
127 234 962
50 140 389
115 141 643
158 107 931
108 249 643
295 310 229
225 284 415
243 28 148
72 87 598
183 17 552
152 161 581
159 67 858
72 295 457
8 27 41
130 29 880
208 297 924
213 249 965
166 288 304
170 256 492
303 220 364
122 4 533
110 195 601
140 65 995
20 115 249
105 268 14
80 119 288
105 222 511
286 72 877
2 228 516
146 207 863
40 1 101
251 160 342
115 208 873
276 65 345
234 37 784
7 155 599
290 280 535
57 216 11
118 174 59
33 84 563
87 152 945
67 68 739
236 153 316
120 161 298
160 61 532
65 127 623
138 186 606
5 114 715
201 235 796
234 111 307
148 13 624
301 245 683
260 26 848
14 100 562
285 24 567
223 233 626
88 224 704
63 21 184
249 168 515
310 207 413
132 0 278
180 146 375
277 298 697
153 229 6
238 296 469
296 224 384
214 284 176
284 284 849
216 33 898
90 171 717
37 221 49
21 255 103
151 11 709
139 216 543
2 231 166
266 66 489
206 279 442
198 18 736
320 87 36
188 222 453
108 38 124
146 85 932
204 4 120
133 56 760
314 167 162
5 78 623
315 35 846
232 120 417
249 8 167
140 22 711
228 268 634
237 86 637
217 314 441
117 5 860
234 53 957
309 268 155
184 199 146
173 78 148
112 266 50
191 259 242
313 129 93
150 120 543
198 224 581
273 244 579
212 57 642
10 304 462
187 187 515
170 65 954
119 21 297
99 262 880
19 124 96
199 87 848
49 152 668
7 5 436
61 91 326
289 154 970
118 302 696
235 222 866
95 257 392
8 92 593
251 297 211
155 118 814
122 192 636
143 47 505
317 259 799
93 182 428
116 129 391
59 43 108
216 195 316
118 209 916
199 141 120
254 215 15
46 47 772
261 141 795
307 109 574
10 113 521
130 308 8
283 217 481
118 230 144
151 41 656
241 268 831
308 274 662
1 2 383
71 211 151
169 198 84
202 288 600
104 22 931
95 26 112
60 87 79
29 243 180
231 86 979
301 206 430
50 28 809
45 112 576
248 292 694
211 104 444
252 299 773
180 61 140
167 196 878
315 295 183
32 218 919
224 182 819
103 314 581
22 295 148
19 44 697
70 79 232
248 180 879
137 160 522
43 155 596
196 196 308
275 217 865
310 44 361
249 43 333
239 69 263
228 265 335
117 25 755
173 14 931
314 7 566
69 104 102
265 4 636
292 198 976
55 154 807
33 82 760
268 85 531
218 168 45
92 68 272
306 85 271
20 299 911
77 22 547
236 317 200
46 286 705
47 234 440
256 143 219
88 259 711
189 53 85
117 80 335
236 156 657
138 68 622
240 115 822
155 275 425
19 130 734
26 6 406
160 245 118
319 19 427
125 316 853
237 221 174
1 234 665
31 260 192
229 153 515
31 270 60
171 312 636
203 313 6
92 163 219
136 314 654
280 111 995
313 237 769
304 118 303
235 237 59
90 148 955
48 308 225
86 239 433
48 160 799
81 64 378
308 270 779
55 279 593
122 65 436
125 225 720
96 97 678
179 101 1000
185 12 387
299 53 470
192 165 109
286 74 360
60 224 83
225 238 983
237 101 423
117 17 819
149 209 495
185 302 912
153 45 123
177 44 680
265 222 481
186 51 825
21 9 570
241 226 587
15 19 835
223 149 903
73 277 694
97 35 428
190 284 442
300 310 886
104 295 33
207 309 824
236 79 284
173 104 721
295 207 631
120 87 966
196 209 713
43 92 344
314 83 465
180 149 759
247 73 851
251 175 856
273 104 339
100 152 111
105 93 584
267 111 676
88 83 911
191 262 745
211 319 590
97 178 897
289 274 144
205 174 451
239 313 618
5 76 100
58 118 77
62 222 516
229 156 385
271 24 295
177 11 657
79 232 275
85 80 841
75 38 682
275 117 532
218 303 692
301 287 297
58 44 298
2 199 912
49 63 247
1 307 902
233 290 903
37 240 959
106 17 725
140 218 245
240 98 122
11 226 991
134 60 955
143 208 76
104 90 546
294 277 173
133 191 360
212 33 517
39 277 706
176 61 801
50 267 470
45 44 905
246 273 586
195 209 563
187 104 689
286 256 561
223 316 503
169 14 136
130 286 567
280 65 245
40 187 294
312 242 480
186 299 835
243 6 103
167 12 240
184 123 664
197 147 346
256 51 125
6 129 44
72 167 780
106 29 546
12 222 28
117 103 658
273 161 942
191 309 313
155 72 655
248 70 992
68 33 694
146 185 480
116 237 302
135 78 942
145 129 921
112 92 590
106 175 321
277 40 740
169 58 799
259 262 7
198 85 872
41 186 117
212 176 487
138 184 164
10 232 475
74 78 421
262 274 622
298 73 882
276 12 850
228 52 771
248 242 512
134 204 381
190 89 201
46 171 270
205 45 601
91 201 890
119 240 334
166 180 633
53 1 557
23 300 928
303 23 556
183 85 589
315 14 448
114 195 938
170 114 689
282 115 410
150 136 434
272 309 20
291 164 1000
295 91 73
212 320 155
207 62 326
230 227 637
191 25 858
215 165 18
86 288 967
92 92 604
97 174 279
212 220 920
80 200 478
200 30 803
46 75 343
28 301 330
23 268 199
219 159 73
48 190 902
263 52 629
108 194 319
1 126 709
260 154 811
114 164 359
194 87 365
21 198 635
265 151 711
49 278 320
285 165 254
157 60 735
118 9 646
20 169 411
142 219 151
14 217 924
136 75 750
21 59 828
150 244 374
309 153 176
310 207 828
143 163 6
0 172 348
118 211 274
88 59 452
54 26 181
319 283 31
235 287 627
124 227 532
204 234 188
81 202 153
272 255 444
248 257 596
57 190 77
285 288 853
211 186 45
25 294 192
185 55 174
185 216 697
14 133 849
132 57 59
132 175 893
114 83 248
29 35 55
206 107 385
119 173 307
299 311 600
273 180 869
158 211 175
234 190 222
316 96 854
16 296 535
145 294 384
263 76 984
190 52 485
20 158 627
289 112 259
96 207 878
69 252 760
49 319 608
244 221 573
311 204 336
302 163 652
272 26 842
114 48 935
230 186 905
108 288 656
94 280 34
211 287 675
73 92 466
27 290 538
34 78 41
318 113 332
247 130 6
36 294 709
15 225 15
77 305 998
259 14 552
192 104 420
56 69 138
14 147 204
136 100 365
186 250 957
10 237 370
311 50 96
319 117 989
273 2 314
315 264 81
208 229 579
140 8 429
293 145 883
83 282 220
111 2 192
240 26 578
180 76 927
69 315 690
237 265 686
293 182 348
60 8 291
86 19 359
69 153 780
157 290 311
68 158 447
311 143 156
226 76 751
163 271 24
2 110 106
31 225 329
304 5 493
299 296 355
18 234 125
249 283 542
140 231 255
199 264 268
295 161 806
232 182 494
204 256 952
265 287 842
217 207 569
83 257 836
160 295 842
311 275 110
16 51 561
298 178 655
212 288 957
221 105 793
205 260 294
128 220 74
200 106 74
106 186 469
71 120 948
29 301 492
298 8 632
251 179 475
314 149 600
185 257 83
145 217 247
45 152 427
277 106 991
274 99 255
282 69 462
219 299 258
242 71 100
178 273 792
94 257 592
34 83 203
72 147 748
34 273 731
0 161 201
37 3 786
245 226 670
118 128 713
20 150 478
141 94 725
55 136 278
313 311 666
88 55 823
136 301 380
123 180 212
248 195 23
191 93 18
176 304 369
117 75 791
183 138 691
176 218 921
13 5 601
214 142 888
128 110 544
115 145 942
133 128 627
155 123 443
245 15 775
30 208 936
156 295 775
88 308 581
119 299 693
296 277 59
295 159 751
235 80 203
191 162 722
273 52 215
173 267 274
134 238 834
260 56 420
149 103 388
12 194 493
123 118 223
275 291 855
51 163 544
142 189 217
175 55 532
95 312 796
61 194 369
246 170 699
252 192 419
207 236 945
173 48 924
255 21 414
272 216 769
92 39 757
268 128 215
199 201 383
139 2 209
32 204 98
92 263 982
252 236 145
10 61 311
113 200 321
292 88 664
310 288 954
13 115 579
144 147 490
129 238 151
146 16 933
317 16 227
237 278 825
79 84 602
166 57 813
23 29 554
23 273 896
20 22 443
26 15 195
195 217 413
154 180 735
189 6 848
148 195 959
178 228 629
41 27 985
117 301 977
170 27 648
185 10 508
286 258 522
142 33 483
39 200 829
104 255 560
173 9 50
84 260 528
27 6 409
319 182 840
123 36 687
6 140 251
57 209 668
10 156 981
45 255 482
106 28 147
269 190 474
59 246 945
60 236 591
152 3 47
278 257 290
289 255 178
217 297 55
73 260 212
174 65 79
149 309 686
280 9 664
134 184 955
265 14 877
29 111 690
14 40 192
48 13 720
73 67 393
292 109 947
281 278 893
293 141 797
260 19 320
183 277 659
74 253 594
53 185 747
170 288 305
58 129 495
192 252 762
153 88 103
150 272 51
205 151 96
254 28 477
282 174 117
97 151 636
304 71 273
272 27 72
203 260 244
170 283 588
273 140 934
252 15 360
20 41 679
308 21 544
109 297 935
300 99 297
283 281 796
142 46 855
173 288 735
59 61 945
6 201 611
53 203 827
193 164 355
162 104 789
69 196 846
204 157 984
317 153 336
126 58 191
304 167 72
218 273 660
180 282 638
114 108 214
61 35 729
102 122 562
128 191 355
106 269 378
276 9 433
170 290 554
125 308 242
230 1 868
133 1 255
1 288 428
211 45 966
247 0 254
160 52 675
46 310 289
102 192 936
120 273 900
136 121 658
299 148 912
108 264 697
307 53 388
162 124 916
306 178 283
315 132 609
37 34 557
90 37 487
138 115 67
151 141 4
268 207 118
274 69 875
270 218 258
106 96 147
95 308 131
59 84 676
239 19 553
263 47 875
144 75 297
199 129 80
69 177 546
119 306 349
290 185 262
151 21 788
98 110 635
115 265 111
47 295 98
236 296 439
78 51 641
132 204 337
82 91 497
156 248 500
280 48 141
6 177 216
310 200 547
288 50 659
138 197 743
46 69 768
101 287 246
114 98 921
279 194 332
14 9 300
191 98 645
208 256 394
28 102 78
307 320 935
61 100 732
55 256 626
169 199 416
111 275 889
57 198 158
159 318 222
181 315 620
318 261 91
156 164 923
67 76 747
275 148 393
161 171 529
232 22 703
216 210 997
101 262 682
26 7 679
78 219 883
248 307 610
118 214 925
207 207 409
138 91 495
247 157 826
115 113 510
271 163 236
68 16 820
213 284 824
274 65 231
135 123 103
145 226 891
74 92 123
300 223 874
31 136 630
135 220 808
126 294 378
13 219 863
208 275 306
27 281 568
278 252 382
23 71 499
262 74 327
177 47 591
126 258 431
220 127 79
314 25 5
100 50 614
229 234 38
63 192 703
253 76 164
295 260 56
93 169 354
283 16 120
114 11 5
219 244 917
241 276 845
229 160 673
104 188 117
155 117 177
249 274 701
310 204 6
311 28 31
14 279 233
66 43 14
174 123 845
188 275 23
227 300 602
150 230 912
122 98 798
120 4 443
140 87 911
25 69 101
202 206 686
96 117 18
43 236 881
140 135 401
279 221 606
308 255 478
284 292 708
111 78 94
171 204 487
46 60 575
149 135 457
87 48 128
18 262 930
0 103 491
116 19 372
26 236 426
161 58 209
129 60 733
263 137 862
33 56 581
158 57 595
228 100 745
233 205 383
44 136 682
125 217 848
127 290 950
139 128 384
60 265 196
265 319 962
297 303 275
118 201 218
10 308 418
99 172 565
177 117 161
134 119 979
104 40 862
40 230 462
279 291 215
131 260 448
237 140 684
7 210 598
186 295 633
20 191 10
29 47 75
249 201 104
115 163 594
126 182 256
222 221 496
8 57 102
60 177 221
10 90 560
138 232 520
150 126 655
283 125 220
167 171 884
146 305 57
138 270 127
201 318 235
60 312 605
76 267 448
295 70 320
86 128 297
297 94 183
39 177 265
190 188 644
72 134 722
280 308 730
33 280 459
38 243 680
279 180 776
105 10 236
108 2 460
108 77 357
96 231 686
112 106 509
5 175 277
76 95 343
144 197 304
209 278 124
49 14 156
234 62 27
127 190 782
217 276 125
233 203 215
308 24 282
232 4 316
287 292 56
215 286 281
38 90 622
110 264 605
234 104 672
157 94 82
138 149 995
138 281 937
107 302 869
23 161 517
46 237 40
291 158 421
205 114 327
252 86 868
214 22 479
197 153 27
314 274 48
75 213 25
108 38 51
106 71 155
97 56 418
97 166 779
84 23 1
134 66 493
282 251 722
76 85 95
68 104 149
123 112 277
110 210 444
36 68 555
96 162 878
143 86 736
158 124 900
188 272 730
276 209 972
265 22 298
181 104 35
138 214 464
151 140 695
208 194 505
18 151 281
313 197 118
60 62 874
58 191 778
110 112 315
306 311 772
307 150 833
3 73 686
250 49 950
304 33 11
173 313 820
36 56 116
132 166 143
163 33 299
273 130 888
124 320 668
109 120 556
197 317 584
141 114 637
278 307 233
36 141 209
206 179 306
205 250 973
10 59 65
151 250 912
92 16 411
13 213 986
296 272 246
197 34 638
75 306 398
209 24 401
239 42 460
158 279 497
154 98 620
188 44 908
32 51 906
4 156 875
197 72 540
118 176 242
49 45 391
28 227 67
283 66 652
166 104 543
239 299 486
69 241 663
236 56 266
83 199 504
121 248 395
54 265 401
62 149 288
41 306 334
195 220 906
255 18 923
69 81 215
188 1 473
60 176 714
75 253 956
65 74 808
265 2 526
105 127 527
279 32 99
289 257 532
306 80 360
45 100 289
129 41 820
243 230 793
233 268 224
273 199 272
71 69 32
290 87 760
116 214 864
32 47 961
246 174 259
5 137 505
122 256 924
128 93 268
28 176 516
189 140 643
194 209 66
272 107 111
9 13 581
150 2 381
293 249 824
193 161 297
284 242 668
170 266 661
75 11 501
234 88 118
103 57 202
311 20 923
23 307 387
249 289 781
93 302 634
73 138 908
266 93 881
274 84 97
115 6 172
48 279 602
144 153 522
227 314 422
125 195 268
16 221 808
306 219 769
92 154 408
27 119 116
101 66 512
103 12 283
21 279 148
132 88 530
188 139 563
113 280 310
310 261 568
33 11 251
7 18 819
273 55 653
19 240 296
23 193 243
11 320 664
35 274 337
195 219 474
62 144 289
159 71 585
214 204 100
158 247 86
122 35 793
5 80 2
240 140 873
10 17 874
247 19 525
176 216 739
281 5 322
250 114 7
95 191 5
73 7 537
97 171 617
172 182 321
29 220 597
261 153 822
116 226 643
289 103 567
260 28 517
163 173 226
147 27 882
293 253 328
28 173 339
44 72 613
182 267 22
176 132 468
6 164 542
17 194 178
3 67 148
268 93 756
199 128 778
236 20 350
289 295 182
60 171 678
180 86 641
4 184 269
156 302 990
13 283 345
155 269 296
307 94 468
290 285 127
248 33 476
303 135 617
90 196 442
54 127 761
189 73 760
23 51 804
215 104 199
199 105 942
313 131 708
99 252 433
138 295 455
110 75 810
118 191 112
125 44 721
194 242 491
228 113 427
200 30 427
84 35 158
68 295 446
86 126 695
247 144 931
110 313 122
160 168 326
8 220 240
12 236 233
252 237 344
116 184 793
2 239 803
204 33 533
296 17 66
109 58 511
165 14 233
192 65 626
286 163 497
297 217 356
19 182 696
149 28 904
2 163 720
109 320 748
215 159 363
112 64 343
18 278 593
217 144 851
65 15 126
244 171 828
64 225 115
136 142 634
229 136 742
212 219 308
237 192 498
136 151 371
108 180 183
145 70 751
17 251 739
214 35 308
40 127 781
268 5 797
250 247 636
76 277 463
29 222 739
199 42 189
270 211 898
100 230 958
295 312 217
122 92 440
224 263 999
310 65 802
81 291 701
245 244 107
3 121 990
68 138 651
54 20 40
312 172 374
116 252 609
260 281 368
98 41 858
108 198 898
84 32 873
229 193 70
284 216 638
173 175 487
170 299 266
104 170 915
293 300 835
157 246 355
111 276 382
286 31 45
130 209 409
146 162 372
39 142 684
137 107 889
149 283 451
275 135 729
2 98 607
90 16 637
87 294 27
195 168 224
85 297 966
307 165 435
143 91 364
106 269 904
122 222 707
131 311 289
253 192 211
294 131 66
63 286 586
52 237 560
249 131 703
141 164 567
40 6 240
139 264 779
16 253 832
191 235 286
245 254 72
183 9 128
151 125 349
48 59 565
135 302 155
101 209 706
250 134 229
98 12 12
40 255 666
28 292 588
257 25 1
186 244 581
257 280 623
244 248 664
309 269 119
210 245 483
237 308 12
176 205 688
192 131 747
260 87 90
173 11 52
271 11 704
66 192 802
96 300 70
314 25 757
99 271 185
294 83 939
6 49 341
237 41 14
248 59 753
176 62 257
124 195 37
318 265 72
68 303 63
159 86 951
230 104 234
156 307 275
187 319 435
198 201 336
112 291 806
139 201 230
28 291 89
67 225 396
199 135 910
22 154 411
152 119 24
234 194 123
223 44 774
269 47 392
60 102 976
176 258 717
295 148 553
23 315 985
150 158 617
273 23 834
293 56 673
14 271 374
105 44 140
91 276 167
255 142 310
88 216 281
284 119 462
37 229 501
228 241 770
166 15 819
83 134 844
5 144 93
286 234 985
308 54 87
223 310 478
158 141 968
125 126 158
242 242 36
56 35 880
139 113 17
242 219 60
305 23 162
273 288 266
201 27 717
82 81 23
256 193 254
248 44 496
240 54 603
312 105 300
150 221 669
215 76 872
189 115 726
230 287 511
61 47 196
186 282 544
138 194 250
176 115 633
219 245 988
242 8 598
81 250 593
151 300 10
256 256 2
49 68 681
73 70 228
146 80 306
19 141 423
293 78 185
88 103 739
129 190 668
267 148 379
40 195 225
189 240 869
25 172 430
69 105 279
286 210 90
18 3 278
211 4 547
263 241 161
252 199 628
249 301 995
275 100 740
311 70 488
62 294 10
33 90 141
128 20 831
27 19 454
248 172 103
49 153 667
231 80 114
36 309 173
13 80 251
108 144 970
49 205 760
66 125 311
93 99 28
157 239 175
193 233 968
156 188 566
249 186 978
226 182 414
81 195 672
125 317 620
8 37 125
275 109 287
8 62 844
305 283 493
201 81 983
40 206 972
59 143 458
229 56 7
211 119 983
139 211 963
200 288 448
84 88 666
197 87 301
86 186 905
77 307 706
233 163 637
112 181 350
124 174 574
241 70 454
31 279 736
294 26 174
258 29 588
202 107 841
299 180 686
212 177 535
162 295 27
181 142 334
155 175 560
62 246 401
307 198 406
267 15 0
194 249 602
232 169 401
20 30 801
201 198 726
180 217 368
199 3 455
54 314 92
103 47 897
302 24 487
114 250 667
93 86 15
249 52 607
263 117 272
310 10 949
40 282 875
172 244 785
307 173 358
279 224 509
32 7 436
55 201 833
149 14 170
164 7 358
288 35 815
125 209 767
30 6 171
274 222 160
268 49 385
134 97 826
281 130 166
210 234 271
155 97 271
66 232 360
85 150 363
289 248 97
245 257 622
42 296 36
151 133 813
256 147 980
212 187 593
213 129 716
173 21 274
235 71 736
104 238 135
20 253 592
254 102 780
146 186 87
57 103 735
168 45 117
151 163 670
309 72 199
280 49 783
244 41 608
90 308 581
240 251 825
106 248 114
236 312 528
136 296 48
166 96 323
208 55 232
197 34 269
241 188 476
81 111 972
242 118 49
260 252 449
101 181 872
1 219 943
302 74 217
94 212 565
117 126 928
49 312 880
173 151 51
148 53 68
279 272 704
121 206 522
129 305 64
27 135 664
279 237 636
243 147 688
249 316 229
30 28 995
5 155 409
127 108 602
291 17 152
167 319 801
269 95 9
249 309 500
279 243 640
140 98 709
149 311 273
52 95 532
280 201 704
246 62 679
94 229 160
69 146 693
160 185 617
200 0 22
121 234 529
257 310 750
108 125 597
319 187 178
219 31 77
53 314 703
104 41 41
33 46 55
199 178 96
21 80 66
143 229 749
182 275 71
201 12 278
70 132 54
133 83 583
239 278 372
238 76 211
195 210 163
157 290 850
276 16 497
188 53 279
39 103 352
161 199 215
153 249 893
31 71 114
153 245 589
211 270 129
261 216 239
231 108 186
101 212 223
213 179 115
318 192 207
0 285 65
95 209 742
199 60 106
229 121 485
65 213 29
93 118 501
220 33 141
202 69 124
141 47 144
252 35 144
14 75 580
58 130 741
12 289 320
202 126 292
214 118 782
191 285 116
167 185 29
198 250 656
239 8 25
255 273 914
165 204 312
265 280 60
62 123 307
83 150 994
104 48 429
165 58 815
234 47 491
55 263 823
144 73 597
87 155 402
236 3 748
301 50 735
29 58 851
45 41 147
86 63 258
54 164 591
63 20 156
230 7 756
247 227 749
108 21 995
46 302 428
23 184 15
89 163 901
60 214 506
95 55 361
195 20 770
231 60 97
11 221 311
191 25 170
148 244 734
107 198 675
126 68 692
45 313 614
51 240 313
68 269 630
33 1 378
2 72 402
318 184 960
292 175 699
246 155 714
220 150 340
281 211 546
121 253 785
204 320 872
68 302 396
235 122 472
49 288 308
235 290 471
168 57 414
293 166 533
307 89 270
247 29 497
33 189 937
128 46 483
318 116 362
296 62 815
22 52 983
227 49 608
45 112 57
205 182 258
83 38 105
191 144 715
206 55 459
53 94 901
194 25 920
277 294 578
154 211 210
268 311 309
107 30 270
265 116 655
76 228 33
57 112 32
203 213 545
218 201 48
188 181 335
262 220 693
51 307 891
100 125 800
215 88 3
78 200 167
217 239 994
33 132 451
281 179 150
125 223 22
187 117 953
51 35 948
130 13 524
266 15 445
106 170 531
261 75 516
229 60 30
96 139 738
288 4 270
89 172 273
26 74 191
111 213 285
150 21 302
94 160 426
130 187 863
244 269 216
225 253 7
275 56 620
170 220 88
1 75 94
217 290 565
303 227 51
224 177 545
94 142 753
211 53 773
23 284 318
118 215 576
312 30 57
301 30 516
214 305 256
215 267 568
7 27 391
116 103 18
45 145 988
188 51 80
181 31 976
304 109 219
29 117 582
202 319 826
144 212 102
136 158 116
138 65 668
158 150 383
57 299 88
161 275 907
225 229 294
15 97 876
54 179 918
104 314 560
69 225 106
91 227 32
254 287 350
179 90 520
276 108 887
168 293 762
236 222 941
247 47 464
296 110 494
305 105 543
121 252 972
35 306 212
20 117 597
50 243 271
131 289 573
277 187 831
149 166 492
227 104 914
53 205 226
303 62 13
88 151 255
76 212 248
250 244 663
119 275 790
95 162 785
289 51 639
56 179 851
23 8 301
207 94 895
42 287 99
159 168 2
307 200 492
267 218 675
315 176 313
5 109 341
200 249 85
93 304 961
196 286 46
102 101 956
265 56 455
270 286 904
230 294 304
10 300 86
46 108 292
25 219 557
234 231 662
80 107 916
143 118 114
201 298 591
68 208 222
226 17 135
255 170 473
29 152 872
234 158 509
218 96 825
22 63 150
13 309 945
278 281 848
179 260 953
37 148 239
37 10 228
106 277 550
35 136 674
88 198 76
200 107 69
55 238 493
217 226 446
204 109 115
287 253 155
278 31 247
203 23 991
35 2 770
234 157 684
262 315 634
274 124 598
40 147 27
300 85 507
88 3 828
224 123 242
194 139 68
153 165 165
272 223 648
110 166 57
14 132 550
207 240 953
270 28 851
108 17 564
100 191 974
179 258 106
271 314 13
140 200 53
129 153 185
309 201 632
141 285 707
146 43 244
180 6 895
94 224 607
105 79 973
249 101 848
110 103 524
119 320 856
220 198 634
151 108 731
189 44 815
175 24 54
217 89 335
307 132 599
96 42 524
235 87 286
175 293 119
72 307 88
66 184 349
213 192 589
271 208 357
94 298 387
13 37 337
118 3 464
288 66 683
194 159 562
148 116 560
60 240 338
273 194 80
5 68 568
160 84 975
18 309 598
199 225 517
176 111 342
77 255 208
29 210 284
107 33 277
285 292 453
242 117 974
206 179 944
134 293 872
32 22 985
149 61 373
279 232 32
307 312 165
185 235 993
104 144 520
204 263 749
270 129 945
203 210 113
131 5 503
13 54 768
313 56 19
317 154 951
251 178 595
155 238 182
15 12 976
89 87 817
22 58 736
101 218 420
290 125 102
245 2 541
170 124 592
243 169 2
157 239 347
98 169 925
44 279 487
203 101 663
16 1 974
71 147 155
240 288 989
233 318 989
251 45 810
183 232 123
10 104 456
236 41 419
169 16 274
61 165 113
276 312 61
180 8 701
238 113 87
260 201 283
231 213 839
116 168 805
225 265 596
312 301 84
158 134 201
109 40 74
138 270 222
138 270 885
260 90 795
113 140 888
296 254 773
212 69 197
108 110 804
116 45 640
55 162 324
240 139 675
13 193 197
296 223 537
112 117 681
305 102 666
40 155 200
1 167 350
191 179 297
182 57 239
266 228 559
107 169 374
146 245 542
260 21 279
209 104 605
119 305 413
43 238 421
317 16 302
159 101 721
61 147 776
104 248 201
41 128 970
109 175 809
59 1 187
188 300 878
98 15 469
100 197 947
76 22 633
203 41 22
53 228 518
150 120 27
136 6 685
198 161 340
120 132 215
113 68 985
256 131 587
63 279 780
284 181 841
112 235 230
180 66 15
29 208 636
153 309 128
240 35 60
255 118 220
280 133 915
198 313 623
264 282 76
58 20 342
191 204 662
96 19 272
301 138 391
11 251 905
7 110 101
286 216 650
220 34 255
246 20 715
156 33 257
161 269 353
56 157 501
18 54 474
84 51 715
92 92 55
136 249 57
217 89 573
301 31 91
14 51 923
250 238 329
166 219 537
139 18 848
306 187 633
39 19 60
302 116 821
266 111 807
107 183 13
276 151 95
147 274 986
131 39 497
86 282 609
181 101 285
119 281 802
183 73 327
223 283 973
315 318 844
234 314 590
175 34 308
256 157 691
318 255 564
250 70 109
136 105 94
66 155 367
159 175 524
246 28 399
6 256 130
221 145 1
32 4 464
244 97 211
320 29 983
149 61 907
22 292 234
177 209 972
9 251 405
294 228 533
24 193 946
287 116 517
247 283 609
282 176 731
161 116 836
231 126 543
171 108 47
112 144 5
201 212 818
226 149 380
314 48 570
308 30 112
145 271 780
136 230 979
32 87 461
29 245 801
156 302 588
216 129 104
194 244 603
277 283 384
234 1 993
78 223 551
90 154 509
9 8 535
284 293 983
20 128 77
103 174 971
188 20 876
94 273 756
167 5 176
66 277 741
254 91 912
25 124 462
226 30 938
60 272 233
246 132 88
309 141 817
311 187 908
196 299 343
145 239 452
153 54 132
33 126 341
121 197 129
220 59 859
21 252 76
23 304 190
243 57 926
253 95 26
37 44 807
284 304 12
16 231 882
80 282 899
112 254 288
69 165 837
173 186 569
153 310 222
160 25 345
296 72 82
173 95 892
97 295 349
59 30 736
43 73 797
306 75 867
195 21 787
152 264 626
103 192 491
114 254 441
204 51 618
35 128 112
57 189 402
121 83 282
94 91 925
15 138 386
110 239 248
244 53 168
55 21 484
170 155 863
6 177 590
57 69 995
303 118 941
117 110 615
101 131 714
276 303 34
214 51 931
115 262 127
150 98 968
314 318 653
255 56 513
41 271 370
222 103 64
186 263 94
320 197 843
3 76 724
107 286 280
244 42 578
91 163 529
100 128 199
59 210 792
214 40 861
14 113 777
51 213 400
55 17 962
111 40 500
238 51 953
307 48 684
101 43 475
238 213 475
201 36 667
171 207 278
224 24 285
70 303 252
298 234 48
211 293 181
91 298 780
241 297 779
77 308 997
129 226 381
195 86 499
251 168 297
37 103 136
30 164 146
222 157 471
222 311 474
182 6 712
299 184 880
210 27 729
239 56 335
79 59 417
11 177 59
199 297 4
169 253 677
67 249 708
284 160 688
182 72 467
216 65 836
151 223 908
99 115 143
184 234 309
133 112 58
107 176 723
80 146 751
53 279 293
135 237 655
269 86 927
81 225 179
129 118 589
314 189 55
236 231 456
63 306 150
38 54 428
230 113 628
156 111 405
137 133 962
83 147 225
4 154 977
295 106 55
5 318 978
154 105 603
105 187 153
97 240 582
49 184 970
192 318 683
68 14 115
147 171 345
62 9 632
256 305 86
254 244 401
123 160 821
289 185 538
13 67 523
117 63 164
256 218 85
73 270 58
263 158 444
257 281 19
118 144 88
0 264 175
305 143 665
306 114 407
278 9 630
57 234 50
314 201 533
156 224 774
205 32 81
69 186 167
193 129 16
65 41 903
96 114 640
102 24 350
25 76 280
199 3 234
155 101 266
268 3 879
125 261 548
38 127 913
108 32 993
111 267 544
42 50 896
63 185 38
277 307 969
146 86 130
298 305 39
312 186 889
141 305 174
269 184 864
113 151 443
307 251 23
229 305 356
218 114 86
225 73 63
64 88 992
104 274 314
204 181 484
149 278 320
146 11 452
219 313 570
289 216 265
214 234 408
120 160 1
264 206 764
39 66 514
257 312 364
315 9 396
267 284 468
318 54 445
194 256 427
182 300 334
10 114 242
313 76 745
93 130 380
79 30 945
173 302 236
124 194 413
171 218 717
187 260 55
256 127 93
0 297 198
189 129 544
162 1 764
151 142 288
264 248 573
37 108 663
307 44 479
178 108 406
191 308 17
285 46 790
230 43 395
170 258 171
97 5 502
269 164 422
264 307 870
81 312 446
123 33 534
237 20 811
88 278 168
288 72 735
158 147 486
19 147 409
153 304 779
31 175 830
121 109 332
243 5 607
272 41 54
222 208 785
145 42 459
19 243 198
45 62 784
234 120 62
312 147 540
219 175 838
201 130 27
37 247 731
3 170 720
114 104 795
303 202 246
320 289 73
83 117 57
260 289 939
128 196 737
93 301 565
201 309 268
153 133 261
125 54 84
81 131 82
319 318 558
279 110 367
241 191 174
194 102 535
216 316 14
113 74 913
197 209 848
278 227 270
106 199 629
23 81 75
181 44 401
205 287 923
198 17 599
290 164 164
218 264 781
124 12 597
200 82 262
177 119 531
209 313 519
255 295 580
141 168 845
112 125 408
189 225 704
214 259 545
280 314 173
1 25 620
35 196 382
305 179 194
170 74 731
253 169 83
272 98 11
289 0 966
294 103 857
184 79 69
110 173 898
30 278 922
87 296 650
145 241 653
189 256 204
176 217 419
11 67 861
93 147 409
24 298 211
213 195 782
282 82 66
63 245 115
53 151 889
159 186 911
100 74 47
263 166 314
146 280 245
174 240 678
135 121 436
257 257 344
183 243 425
114 306 744
292 141 932
26 156 494
214 221 543
207 294 906
65 253 367
198 47 903
122 235 367
253 140 424
16 91 755
38 151 353
25 61 33
225 269 660
94 221 534
51 86 332
187 5 300
13 270 94
35 105 394
51 198 261
313 82 158
56 114 666
11 313 912
178 285 652
191 209 310
152 238 644
2 242 860
251 63 792
182 139 925
297 9 103
276 195 730
24 278 174
262 47 641
36 196 266
169 288 266
231 212 710
7 109 220
22 111 285
19 148 299
63 135 152
230 90 258
58 141 26
10 165 647
143 79 724
269 153 539
316 46 505
27 213 77
302 45 145
87 135 241
142 216 190
265 29 728
66 286 402
90 235 834
222 116 855
69 26 634
176 154 130
65 17 147
212 29 677
235 158 199
146 254 124
89 144 318
295 75 156
79 293 371
92 46 676
106 169 938
316 304 260
102 247 282
187 132 949
115 304 2
11 274 954
170 52 881
268 259 878
269 282 588
100 127 382
104 154 899
178 117 51
266 175 211
279 187 428
164 167 588
40 224 510
110 96 166
193 140 292
45 129 412
313 291 680
66 240 192
245 174 44
118 294 664
1 208 646
306 98 373
220 293 245
306 60 952
36 204 321
34 192 360
195 181 896
12 120 77
73 67 724
31 305 551
28 42 437
122 72 487
258 189 258
251 198 282
24 214 183
17 57 758
184 48 44
190 114 634
95 41 766
95 250 413
222 104 260
167 22 395
57 257 55
194 281 549
157 141 276
229 47 157
23 8 631
273 177 431
254 166 607
98 105 857
300 7 207
219 253 175
4 78 54
203 285 759
10 265 789
235 46 365
243 39 506
244 159 823
114 41 623
262 278 356
266 122 910
88 100 455
222 127 812
188 169 863
289 100 264
10 141 716
59 302 114
282 84 639
77 248 150
53 116 878
296 41 965
205 0 75
110 156 446
120 113 219
76 237 657
164 297 622
300 183 353
187 215 407
171 38 208
160 229 396
272 65 712
24 156 41
253 213 207
222 263 392
153 82 439
125 13 867
318 49 650
168 48 339
54 153 757
31 118 257
193 36 437
150 107 749
101 26 909
291 212 48
285 6 30
45 259 657
136 189 902
33 209 507
17 203 265
137 234 616
231 99 420
145 220 964
260 270 497
77 98 378
220 220 174
210 201 879
36 213 80
172 31 226
179 180 53
296 305 520
103 23 692
53 160 939
278 39 281
162 274 728
171 314 460
89 76 433
282 306 901
78 105 374
16 316 704
105 163 904
150 300 587
24 65 450
190 242 282
181 98 906
129 316 106
119 189 92
35 140 793
69 49 389
312 213 691
38 86 612
179 312 54
304 35 447
61 159 571
224 24 826
66 48 79
94 274 422
228 247 614
272 18 519
65 244 48
269 265 34
246 49 129
43 22 478
77 162 723
118 162 395
303 109 876
35 130 622
302 290 624
279 29 463
111 164 46
164 279 7
78 195 965
95 115 943
113 210 716
149 238 268
237 302 473
134 236 85
30 96 637
236 37 68
95 54 397
164 182 264
237 258 3
149 71 718
277 154 917
137 7 995
217 136 986
103 270 785
132 200 283
279 283 900
29 280 866
196 201 192
53 172 296
115 308 285
181 280 104
99 235 775
311 298 753
139 165 443
118 32 419
122 318 378
201 197 6
26 42 29
203 306 882
100 300 631
95 137 56
252 215 526
179 298 624
13 276 373
318 149 293
56 206 226
238 1 905
281 59 674
65 84 679
0 190 966
140 207 746
271 74 501
125 167 819
121 152 302
65 103 94
236 241 333
73 315 991
97 240 886
180 91 526
320 160 891
37 235 17
16 76 715
228 47 696
299 198 198
189 207 483
103 263 225
188 268 47
67 64 949
213 125 661
253 237 495
88 3 757
110 272 226
227 316 39
7 222 293
148 191 475
146 227 971
52 213 692
281 99 355
252 92 52
303 13 800
58 163 356
276 5 253
73 16 530
279 54 614
122 222 207
221 49 730
180 235 720
260 202 196
142 25 53
10 154 663
58 191 562
190 4 819
25 34 348
155 220 315
252 180 95
28 306 31
134 81 937
250 239 800
270 161 564
64 214 626
40 115 766
171 28 258
209 157 40
131 9 937
80 2 480
151 95 138
277 232 796
186 119 887
16 61 15
226 119 186
192 242 17
125 229 965
43 30 976
206 4 286
58 247 349
140 160 680
80 39 938
305 300 706
269 30 95
167 127 900
315 191 306
109 254 547
288 120 117
263 137 101
223 85 462
31 43 66
137 209 886
63 189 195
16 61 389
53 266 188
246 122 501
158 73 67
95 98 860
56 117 487
54 204 943
129 294 588
113 316 788
125 9 637
47 162 766
306 129 918
284 119 381
140 170 651
299 210 75
234 199 77
164 42 425
273 86 466
169 157 932
272 240 249
289 166 646
155 85 332
229 112 105
267 287 355
226 219 959
118 111 913
43 146 661
38 295 736
62 33 527
190 64 168
282 69 681
305 80 902
14 174 209
141 245 908
317 275 812
127 75 298
176 277 442
13 0 117
276 302 808
175 91 136
63 39 431
297 225 450
246 245 517
116 108 36
299 33 209
274 41 278
121 292 276
118 313 157
132 237 255
57 96 171
317 254 543
52 110 346
39 77 447
157 303 554
66 25 56
185 78 48
84 87 772
176 80 298
123 59 640
51 213 28
228 207 62
104 83 928
71 298 663
149 252 850
234 122 414
89 35 737
163 226 865
263 299 623
126 65 775
75 229 270
38 202 430
32 174 448
10 239 849
267 294 435
313 268 109
247 301 196
37 265 347
19 114 150
227 62 658
133 104 725
175 46 839
257 208 317
151 195 492
108 44 766
228 200 702
292 106 556
209 316 136
193 185 997
277 19 591
56 87 940
229 21 470
197 105 870
225 154 428
82 152 117
243 223 639
204 105 897
235 296 562
87 268 894
265 178 375
9 317 341
220 180 860
15 278 903
24 196 863
121 63 452
57 100 540
160 271 864
80 239 808
85 203 588
118 250 460
151 169 359
186 236 613
89 268 534
319 305 489
53 311 688
234 156 426
117 200 507
132 208 816
142 48 242
25 38 585
181 196 394
220 191 96
246 18 547
6 70 486
146 256 702
176 291 310
149 48 828
227 120 534
189 131 954
152 64 376
165 147 4
162 212 52
286 193 917
172 203 975
94 31 913
50 105 838
60 305 983
310 161 167
247 166 464
40 267 70
62 159 341
186 1 481
59 1 340
7 46 601
93 67 533
123 229 263
102 216 107
220 285 406
139 42 682
88 142 263
141 51 522
306 248 567
230 242 113
284 130 743
272 161 300
50 40 290
95 39 232
301 312 260
91 200 678
113 206 165
294 88 451
206 83 618
48 98 700
88 45 996
162 228 184
259 211 358
268 271 246
56 83 328
106 12 285
96 144 994
78 257 756
70 274 919
24 251 766
33 246 156
284 157 971
231 120 619
164 289 305
203 105 333
181 93 76
195 237 503
302 219 319
51 245 874
149 175 469
24 133 610
232 14 382
89 169 214
310 214 383
309 74 935
215 188 88
48 84 998
60 119 183
193 41 715
61 22 51
29 133 108
166 82 233
142 36 895
206 135 727
161 198 820
230 1 295
163 75 974
71 295 826
162 79 809
103 104 406
243 137 640
172 121 707
56 255 628
116 49 58
118 216 288
151 168 356
251 318 307
220 275 358
40 177 289
28 157 703
307 109 936
104 30 293
69 306 593
82 66 883
268 298 639
29 290 725
290 83 305
53 58 174
96 104 551
250 190 678
127 61 987
214 10 449
245 165 525
180 125 898
82 135 709
314 67 205
277 280 615
266 241 632
68 38 671
256 58 137
130 278 812
7 50 333
94 35 25
21 205 109
177 234 547
151 210 227
298 263 844
10 138 351
193 270 336
318 214 828
33 188 394
224 153 919
189 117 935
129 267 316
258 22 727
59 318 935
27 77 88
179 185 92
207 215 618
82 310 64
1 188 90
305 73 673
259 259 369
73 229 349
155 216 587
0 148 911
95 28 916
258 255 935
299 173 188
151 24 589
314 249 791
204 274 560
298 97 457
105 44 506
98 295 307
261 105 0
17 180 929
42 121 985
95 258 144
62 164 480
196 113 365
154 91 811
167 226 540
262 262 396
302 232 369
314 252 969
86 180 358
5 198 693
144 246 216
219 154 415
72 73 404
301 90 208
198 277 19
70 166 67
96 145 711
278 112 187
170 185 326
305 78 951
22 298 260
295 63 9
211 314 611
43 301 781
117 130 772
46 81 578
258 158 380
206 71 982
118 155 761
122 285 833
254 221 280
87 157 16
145 254 45
89 232 944
270 91 244
129 142 843
212 33 139
157 185 197
31 214 936
26 224 371
299 12 636
54 27 643
51 37 444
285 144 804
16 135 837
37 97 775
47 131 988
235 58 777
45 57 369
102 104 766
10 74 564
168 178 335
77 264 96
40 12 483
47 191 579
68 225 423
270 187 736
156 11 127
296 86 170
140 30 389
183 34 734
302 266 433
259 139 627
225 223 791
41 187 280
292 204 17
280 87 219
94 301 531
277 127 545
14 249 406
253 57 648
189 191 137
51 96 969
45 153 445
163 202 759
110 19 14
140 63 678
259 242 733
66 271 439
123 52 292
315 268 76
207 243 716
255 40 683
69 293 679
127 262 984
135 236 745
32 193 295
213 287 777
127 180 81
181 227 967
214 33 797
262 161 888
163 213 909
223 64 482
125 231 686
117 291 629
243 20 493
108 185 233
251 191 237
10 79 660
311 165 14
198 256 462
228 272 840
70 24 714
89 299 266
47 115 94
172 117 927
303 153 864
310 224 104
77 11 394
41 26 199
131 61 468
168 282 636
288 2 959
18 70 951
125 59 645
248 50 146
251 124 751
50 16 784
117 44 829
286 49 126
104 44 605
290 59 464
140 91 183
287 288 168
116 312 48
58 85 37
100 269 98
0 29 5
260 130 877
4 91 534
258 95 227
104 31 931
208 51 819
27 269 942
313 22 849
125 23 480
177 266 33
10 216 598
90 66 467
91 66 312
255 320 228
265 213 155
108 150 71
55 33 415
264 69 117
21 34 300
281 198 264
205 281 195
56 163 807
273 56 384
276 59 955
206 112 301
65 235 643
227 166 903
306 287 875
163 253 219
190 239 477
272 316 405
174 124 152
248 266 349
41 54 651
313 276 985
281 272 423
206 37 309
79 113 32
318 195 224
175 168 587
219 61 181
77 46 204
311 20 240
159 236 127
131 4 211
172 209 188
214 279 142
269 290 793
224 163 524
165 77 980
157 3 111
241 318 797
262 111 125
124 196 370
4 159 417
256 201 262
189 205 542
113 131 312
251 106 600
302 315 314
70 139 250
157 150 507
137 237 45
242 221 62
300 159 321
119 111 394
91 113 864
196 7 382
206 285 375
44 149 749
41 238 473
274 293 355
83 45 730
286 18 167
124 113 733
53 69 801
134 135 376
139 127 539
290 22 788
76 85 657
299 204 520
177 246 429
110 23 584
77 283 856
44 296 536
175 307 848
303 40 980
304 112 483
160 201 58
53 211 781
92 53 259
241 160 237
318 90 415
289 166 236
189 105 332
168 86 406
28 206 796
173 135 836
162 300 173
72 74 94
113 203 339
14 210 415
47 233 253
28 164 853
311 203 263
176 107 270
255 15 546
291 149 447
150 305 669
121 167 247
205 256 737
106 231 725
74 275 937
245 203 778
28 8 414
46 60 351
283 209 590
219 210 157
311 279 842
120 164 385
7 93 723
267 75 102
143 38 64
183 225 762
122 149 406
148 69 567
131 79 27
57 120 703
94 140 689
298 296 191
156 289 677
22 101 155
92 281 820
27 33 526
75 8 4
47 240 458
302 74 432
171 208 988
41 63 881
215 112 747
287 291 677
182 101 264
214 140 36
273 38 684
105 6 30
131 114 723
202 176 624
247 95 430
287 196 63
13 154 95
235 73 812
308 177 86
185 148 833
109 318 452
271 74 401
233 76 150
52 119 116
179 314 244
1 247 772
56 2 734
142 77 774
236 233 302
15 130 350
256 18 486
305 78 917
4 290 936
251 78 115
118 65 41
127 273 499
82 59 957
105 114 258
107 129 164
199 28 927
257 92 295
70 291 465
273 206 679
228 6 156
276 154 372
162 117 675
209 243 188
122 161 282
298 277 712
140 154 661
294 43 471
89 252 693
265 34 131
27 76 788
47 36 396
167 104 656
267 230 61
209 310 790
248 247 939
33 230 10
10 222 519
181 161 381
181 122 219
132 293 212
173 220 399
120 14 589
254 259 286
192 128 502
297 56 994
38 134 538
228 177 6
300 70 590
68 279 6
54 65 11
57 150 894
144 104 436
194 107 553
123 151 287
143 76 105
85 125 540
217 75 385
183 21 500
274 227 409
114 193 137
103 171 546
126 280 568
268 41 108
179 254 610
131 254 771
75 205 716
297 239 343
47 114 138
153 69 997
35 285 647
272 49 677
49 83 612
161 65 647
304 124 996
47 126 891
8 25 789
95 69 106
55 55 400
288 247 535
191 158 168
170 97 143
188 269 564
74 109 493
17 61 262
149 112 876
252 31 128
271 266 664
97 129 388
293 45 980
107 158 575
11 20 491
299 214 546
110 212 12
122 22 763
40 36 71
78 288 657
253 153 383
111 130 455
106 262 433
117 242 708
118 112 967
145 83 278
233 295 420
9 40 437
127 15 979
162 165 936
314 248 585
84 279 21
31 108 329
290 270 299
165 183 798
83 302 683
157 100 72
105 192 709
280 262 4
211 275 790
189 242 195
90 289 251
143 223 756
78 53 677
312 215 818
79 222 372
68 23 728
133 105 630
150 56 147
263 87 741
303 261 364
102 319 308
7 222 15
179 294 418
176 259 453
243 59 985
91 226 832
292 150 543
169 318 859
247 259 536
177 59 560
60 165 392
131 45 759
320 21 487
310 78 238
202 229 358
301 136 639
269 100 803
251 285 190
32 110 423
186 95 396
232 299 289
285 24 892
218 111 462
201 289 692
233 246 334
187 192 558
161 188 263
244 265 683
303 42 212
57 293 600
174 278 154
47 25 605
87 278 102
111 186 826
135 196 708
247 126 241
246 12 342
90 106 889
184 246 806
150 225 292
227 236 575
75 272 784
49 57 187
236 9 664
126 215 87
168 187 336
188 107 9
70 284 716
244 18 87
61 302 859
235 14 584
87 295 420
145 270 321
257 318 644
243 5 30
190 204 372
136 320 355
253 279 661
143 134 628
149 35 714
66 293 484
31 299 587
217 19 712
56 204 567
141 64 74
257 127 909
222 308 934
19 25 271
72 97 765
278 119 787
173 244 13
193 52 614
52 187 659
102 113 838
130 34 462
126 282 810
269 224 98
7 190 175
178 116 965
286 155 431
20 284 575
260 300 237
135 200 625
29 275 634
4 311 18
146 265 748
172 311 867
264 3 902
268 225 861
189 88 521
283 138 601
229 78 189
243 126 360
226 114 632
29 271 428
185 176 780
313 109 510
2 129 105
292 225 598
252 296 828
186 131 859
44 208 262
155 69 367
191 310 904
310 77 287
175 316 687
176 93 509
56 52 600
20 180 657
65 143 237
37 123 233
12 188 756
132 192 603
200 140 133
201 117 538
83 115 84
258 67 278
215 119 719
177 35 643
157 43 83
70 296 619
114 182 130
320 295 802
59 315 428
109 181 544
271 156 284
318 216 130
179 186 421
311 112 616
106 128 898
132 57 292
290 156 176
225 153 835
88 18 154
260 256 49
312 192 544
150 195 545
296 200 451
64 115 837
18 156 647
71 274 676
131 168 862
126 157 929
263 46 326
117 90 27
214 175 132
222 163 91
191 288 281
188 298 467
61 133 560
269 100 846
232 280 984
132 15 225
31 262 254
76 104 221
296 131 744
160 24 252
188 171 148
20 68 196
150 123 700
187 200 813
131 63 324
274 66 308
239 263 791
186 256 752
148 70 96
320 236 502
272 82 619
42 255 869
232 159 344
285 177 213
170 307 784
33 35 966
194 122 293
21 99 698
244 73 724
86 81 415
40 174 438
227 219 861
216 304 245
127 93 981
20 133 667
40 78 585
270 254 482
60 35 303
6 123 725
142 183 15
284 146 232
233 191 999
217 168 31
36 297 379
173 72 544
320 17 499
90 135 92
64 25 865
213 124 558
301 13 672
306 58 60
193 229 751
201 97 967
38 37 822
69 70 265
177 187 48
207 46 893
76 41 827
1 186 37
1 50 29
290 182 981
23 193 654
42 219 200
257 137 543
198 232 943
291 169 250
316 2 676
190 213 359
144 64 526
306 163 816
300 127 846
228 304 625
85 37 98
75 157 188
214 314 392
117 154 128
185 278 797
176 11 223
219 87 638
114 38 435
55 290 811
202 10 674
44 149 311
140 260 903
184 241 229
92 246 221
297 255 993
108 315 758
79 50 214
115 22 812
111 182 548
183 151 273
292 228 770
317 50 676
111 9 45
138 206 180
232 263 658
32 4 319
243 275 447
134 152 71
264 48 802
212 277 780
163 225 855
207 271 796
174 52 868
167 157 866
26 37 880
101 120 352
167 259 444
61 167 757
226 13 98
177 187 695
19 74 148
113 24 801
179 13 46
298 66 983
196 143 313
73 184 557
48 2 740
61 265 768
105 21 895
166 287 353
265 189 241
93 79 97
201 12 267
112 279 85
203 86 187
247 284 925
146 110 923
123 17 630
47 66 615
251 255 842
167 257 983
317 67 28
72 264 606
78 262 891
235 264 471
22 299 209
196 245 793
282 269 217
50 105 879
243 83 116
81 99 701
12 129 731
212 140 967
84 209 416
140 38 585
193 33 887
215 190 672
117 1 276
109 247 499
180 200 38
249 318 436
136 124 180
159 297 402
288 133 975
31 282 346
50 33 864
214 290 453
96 217 497
278 255 396
21 76 876
148 27 484
215 32 626
65 56 641
268 132 135
112 206 761
215 100 379
99 177 212
163 317 606
217 296 712
4 170 912
53 56 319
61 172 864
135 14 120
173 69 506
252 292 713
31 67 151
148 127 368
191 228 251
180 33 67
261 2 35
263 203 547
205 315 303
222 170 715
286 224 161
290 61 626
82 70 299
244 109 80
209 288 532
48 8 649
293 214 421
270 309 443
271 237 760
121 237 589
182 113 630
199 211 626
286 236 482
14 235 903
29 285 930
171 108 638
92 255 643
111 57 370
142 135 955
87 274 239
54 287 739
271 244 760
231 274 569
292 161 214
175 242 474
84 208 62
113 31 259
176 158 280
145 293 152
143 144 272
59 275 604
228 179 2
15 86 232
61 77 213
19 137 334
26 193 785
44 33 250
140 301 352
310 310 87
128 106 794
264 10 567
64 41 333
191 255 294
41 291 616
112 25 951
302 107 910
311 183 3
224 179 152
218 106 880
236 269 630
298 222 2
85 162 943
246 319 536
189 155 775
212 203 96
309 243 899
220 236 6
119 284 268
197 34 965
106 116 187
147 225 634
271 290 680
136 222 545
17 168 345
113 173 790
227 97 307
9 177 406
131 218 443
129 66 136
46 113 677
315 226 916
199 123 961
45 212 373
257 79 45
69 39 652
83 144 811
289 51 938
170 301 97
289 218 244
65 203 299
136 58 341
147 3 219
200 117 237
42 309 451
41 248 68
202 280 352
244 316 524
181 86 745
300 267 966
180 284 718
274 268 741
37 242 454
211 47 557
52 193 568
8 32 338
90 0 973
205 49 890
176 233 145
73 8 685
250 251 194
121 75 825
298 279 770
33 177 287
149 51 592
131 136 859
138 114 643
225 197 139
51 51 602
121 86 580
18 163 693
128 153 518
291 243 365
83 141 476
202 134 323
151 297 422
14 215 997
165 140 558
36 207 687
61 125 875
215 197 74
101 189 373
14 200 809
211 215 93
318 162 132
266 58 590
289 27 86
129 121 554
191 61 668
173 54 870
126 277 826
302 303 307
36 216 836
186 293 283
220 123 426
64 55 434
94 239 748
41 123 87
159 219 484
147 89 145
200 277 871
156 114 660
133 230 417
212 93 635
285 313 61
213 312 817
284 275 958
109 171 573
225 296 371
239 260 18
140 304 588
184 247 836
119 19 1
113 262 277
168 93 947
276 48 440
104 163 81
30 149 948
16 187 273
167 40 912
52 53 127
33 265 93
144 273 792
8 195 10
77 33 508
52 166 148
196 213 629
78 200 892
238 215 907
154 162 645
256 233 171
99 36 361
311 161 675
46 106 554
252 180 339
149 158 898
205 72 697
318 126 980
250 142 688
136 53 195
314 125 240
129 62 86
85 247 217
5 231 32
262 279 812
111 317 80
76 249 280
287 174 931
246 54 609
106 138 952
46 111 94
85 174 771
290 72 80
2 70 635
172 93 464
48 259 472
22 114 281
182 307 539
303 91 956
150 67 813
138 209 81
211 214 841
272 271 296
121 30 796
282 255 636
123 7 705
221 266 758
167 235 77
277 175 307
302 240 466
115 124 81
314 296 26
188 161 310
134 310 377
135 178 792
98 315 927
15 58 273
241 16 188
30 108 372
203 131 664
314 160 412
147 293 409
164 278 247
298 190 181
137 233 251
306 154 692
259 65 965
71 144 137
94 64 657
3 223 368
19 233 530
1 234 433
90 266 111
77 137 505
163 264 957
212 190 853
71 53 38
88 27 887
284 280 10
82 183 972
10 313 837
43 40 580
230 297 606
151 212 948
253 58 236
184 80 662
54 245 159
213 198 978
55 264 694
83 272 128
82 37 826
7 34 517
314 80 935
78 108 303
193 111 297
150 54 500
217 232 652
51 129 455
201 245 520
295 68 271
9 208 491
147 201 440
168 177 865
293 286 796
280 277 379
277 258 403
7 184 632
250 103 137
9 302 427
83 109 329
66 310 116
47 66 916
134 174 130
88 193 877
88 161 626
98 234 426
167 285 597
121 85 976
210 180 680
36 317 671
92 187 663
299 167 748
261 185 198
220 118 290
75 78 816
301 235 775
56 92 69
227 247 319
112 307 278
236 232 389
251 261 647
43 171 975
124 272 14
60 46 714
285 12 363
184 86 298
256 79 378
89 54 518
208 106 552
64 312 568
234 276 850
129 109 246
309 112 371
268 40 905
16 88 600
262 144 994
100 219 190
61 134 449
216 236 333
169 267 969
284 34 996
128 80 927
212 142 239
297 28 264
44 245 870
100 218 102
8 312 619
75 229 902
169 212 963
250 113 229
14 191 979
260 215 284
29 2 297
28 95 738
116 285 443
251 286 883
229 236 529
274 304 191
256 203 974
38 86 481
95 240 585
233 209 912
196 0 853
153 288 347
205 159 601
16 252 114
165 39 432
32 245 277
213 221 629
82 42 694
176 127 626
305 162 46
3 200 546
195 182 355
290 281 497
269 118 825
239 73 687
72 226 880
280 31 738
261 166 447
231 107 438
60 25 573
28 215 680
147 66 531
316 72 136
48 61 626
193 312 627
187 216 753
136 139 63
12 191 332
33 254 547
244 206 277
208 169 655
36 194 902
124 220 78
211 290 896
131 94 133
284 205 305
244 257 400
208 300 476
312 280 953
77 30 389
20 318 331
275 1 506
265 160 527
31 266 578
43 151 342
241 163 906
83 303 394
216 11 275
39 3 236
313 6 30
186 284 46
305 145 515
193 162 791
309 50 1
279 190 505
182 298 495
108 55 7
28 234 112
30 142 287
238 82 290
34 145 528
217 167 866
72 188 152
183 268 462
180 312 798
273 215 86
280 105 859
300 76 341
314 10 817
104 268 759
291 241 863
8 307 797
299 59 222
51 69 907
71 192 491
39 268 884
11 73 34
18 295 866
280 30 730
176 217 509
153 257 718
292 112 723
199 299 406
312 247 108
132 48 108
118 0 549
311 95 206
237 48 988
107 120 496
182 87 808
163 155 73
208 306 201
146 23 741
171 73 336
157 6 375
236 67 5
255 280 970
253 83 225
26 40 461
239 153 962
228 259 111
232 276 991
110 222 754
304 305 249
64 257 872
2 140 10
17 7 241
133 290 87
151 235 962
270 51 612
46 125 362
296 151 136
16 189 933
246 6 13
81 43 270
141 72 391
54 185 94
188 14 988
250 143 319
293 255 971
28 281 147
100 316 963
45 12 45
258 158 857
219 16 997
122 138 777
217 209 711
41 242 670
189 253 314
4 275 38
173 215 363
169 103 356
233 47 312
281 264 366
29 259 297
26 113 868
57 134 227
120 66 213
223 1 703
164 218 292
270 133 829
105 285 106
177 259 14
139 138 788
231 256 91
123 177 177
132 286 960
312 234 760
214 176 0
99 196 134
133 103 777
195 88 756
269 114 450
138 16 47
255 290 216
152 252 303
222 288 127
318 196 892
152 43 946
221 279 759
183 207 222
11 66 993
253 112 894
143 92 150
318 98 407
221 210 731
232 11 318
108 278 641
139 35 851
123 317 161
182 25 301
98 276 998
154 219 678
153 60 368
71 230 93
58 318 616
108 29 377
267 201 793
283 313 811
10 84 99
241 210 130
263 272 769
281 303 459
122 292 297
285 280 853
97 35 3
200 181 554
248 0 616
249 92 853
17 129 900
186 158 774
16 52 628
151 162 851
38 283 103
6 23 673
245 195 876
125 146 813
171 182 705
187 280 341
192 265 645
184 283 338
89 245 268
196 202 494
90 39 242
14 170 97
12 314 62
37 315 707
239 199 397
192 274 751
313 209 868
42 90 6
22 316 137
72 119 195
2 282 737
31 13 578
129 142 53
73 95 275
69 119 766
258 23 816
305 303 488
32 288 779
272 299 686
46 269 475
180 320 820
258 237 519
211 256 882
138 129 435
235 294 679
258 17 194
23 92 765
159 174 394
146 274 611
320 306 106
116 220 771
273 243 209
283 136 651
249 181 961
32 85 132
296 17 507
80 174 725
130 149 96
193 171 202
313 117 841
72 302 242
85 80 397
193 206 893
6 157 278
168 226 72
204 181 643
309 200 824
38 97 32
254 39 955
4 186 914
80 135 499
304 266 215
200 79 292
45 108 156
213 51 793
262 8 490
177 162 630
298 269 649
108 104 930
276 167 173
83 262 775
160 78 362
26 320 382
295 104 213
161 289 691
201 188 402
278 29 516
300 62 638
192 51 109
153 35 482
213 303 273
12 35 317
190 92 914
236 36 864
19 279 614
220 170 840
19 99 400
176 185 482
260 274 35
235 284 214
308 132 747
256 299 48
63 39 434
189 245 897
285 143 797
117 155 25
272 113 160
139 250 619
95 4 973
266 217 402
67 247 545
43 159 856
167 86 758
60 219 82
258 225 672
81 87 351
232 128 505
283 126 620
85 215 429
216 181 703
254 31 443
153 201 525
1 227 262
34 252 178
241 128 267
96 205 61
311 79 5
51 289 360
13 197 482
49 67 790
167 55 142
311 199 660
154 155 164
120 113 422
186 242 467
124 50 736
121 38 615
178 92 930
226 222 855
221 277 904
279 51 153
188 67 564
124 83 947
250 68 717
124 26 918
119 59 682
196 303 474
133 20 989
50 142 233
93 223 764
20 208 93
118 101 325
172 106 458
142 187 592
74 17 268
193 14 906
173 163 157
139 9 831
110 175 964
117 168 113
125 132 591
60 206 280
149 175 839
250 217 839
128 32 16
116 268 428
97 213 870
20 29 508
157 96 623
133 246 915
288 23 306
276 108 498
87 198 740
122 151 65
54 219 915
283 224 1000
275 155 816
5 270 411
27 22 632
116 78 103
232 221 142
292 100 436
185 61 206
4 112 204
129 281 360
296 99 300
71 128 905
274 30 294
167 192 924
16 5 42
103 245 120
68 155 996
201 301 148
41 193 509
246 121 731
71 54 494
178 43 133
36 135 20
202 194 322
60 89 142
69 172 533
181 94 472
49 117 663
226 102 13
239 303 841
65 145 918
278 249 283
245 86 929
5 219 768
58 311 848
317 35 390
133 99 475
96 0 341
229 235 388
130 131 987
265 194 969
267 125 294
246 162 284
113 70 808
49 59 988
86 50 551
91 296 648
97 112 661
261 164 410
93 244 782
214 295 390
149 227 83
88 78 346
113 158 440
12 161 28
291 173 371
239 158 837
157 214 440
71 108 947
45 39 87
131 7 924
82 246 938
187 296 472
56 151 456
317 208 282
30 41 808
317 43 637
119 242 135
256 195 424
17 266 918
6 8 690
86 190 501
53 50 813
256 172 198
221 60 496
176 87 522
155 310 428
151 310 193
46 249 630
202 308 375
105 240 855
114 33 299
182 12 786
96 163 814
2 185 249
119 17 932
6 160 672
36 177 379
117 308 359
251 108 844
74 196 560
15 258 122
157 1 395
20 314 533
180 72 776
44 195 288
215 298 73
40 16 590
227 159 672
130 135 789
300 56 919
247 202 652
143 68 923
256 155 199
235 197 562
263 138 965
66 39 923
93 20 613
91 68 323
275 193 624
58 90 1000
241 19 20
133 157 489
211 195 428
228 21 169
182 296 616
214 202 421
154 194 779
127 190 687
181 178 402
142 44 646
121 254 157
98 189 422
90 304 521
198 287 166
32 219 529
266 303 473
122 318 160
269 119 163
50 296 135
76 73 175
126 109 279
211 293 854
251 87 291
19 62 111
118 223 664
52 214 689
42 20 701
20 17 78
249 303 781
198 7 414
221 33 441
88 169 244
82 120 721
149 90 607
23 50 642
287 160 722
297 14 388
102 244 845
310 118 671
305 258 166
111 116 554
248 297 400
176 24 551
19 120 550
115 21 830
153 12 670
122 250 698
301 74 496
57 233 840
251 46 253
78 139 997
164 182 218
124 311 320
121 197 376
170 92 105
222 12 144
116 176 496
15 202 324
246 299 897
299 197 817
77 101 555
1 319 903
145 175 180
278 10 327
169 25 974
3 135 690
107 121 397
231 17 145
124 201 200
222 243 649
151 193 539
145 226 532
146 145 60
116 210 596
320 56 144
189 80 54
197 8 536
68 106 525
243 39 386
245 160 815
136 74 339
301 162 694
26 196 251
127 54 119
78 179 334
117 126 145
231 307 426
284 46 961
112 114 586
225 48 943
220 131 95
180 70 13
163 15 900
184 157 814
37 130 741
157 60 94
276 277 610
88 119 792
119 96 485
205 205 544
94 64 577
192 292 374
184 122 689
89 263 707
139 63 558
188 55 252
180 55 679
79 242 141
201 18 837
255 219 951
82 158 636
56 261 178
164 204 632
302 317 872
312 250 594
99 289 288
319 174 436
160 49 131
174 267 430
234 276 99
8 78 688
231 132 811
227 144 440
179 252 98
252 260 550
150 193 938
234 187 453
76 31 789
28 152 277
310 202 892
122 280 150
96 309 158
116 290 494
270 129 413
216 154 186
288 320 934
229 209 180
237 27 659
65 204 784
283 117 490
157 155 433
39 234 299
257 256 485
274 40 778
73 17 205
38 261 121
314 22 207
238 256 405
177 25 34
221 201 999
0 118 897
230 249 680
58 3 939
16 71 159
262 205 749
249 216 315
136 56 731
291 227 746
103 1 144
24 237 295
62 312 85
201 144 69
58 127 737
73 60 924
233 153 573
36 159 590
92 123 477
272 12 389
11 242 695
8 194 556
272 6 868
272 189 255
53 304 544
140 20 560
227 150 86
97 202 674
278 149 395
128 223 21
34 217 727
267 245 153
303 226 700
194 208 333
313 170 552
145 230 192
27 188 58
259 137 235
59 10 725
149 182 468
111 6 764
175 59 889
133 140 336
181 30 670
81 45 95
259 55 553
87 146 621
60 238 9
202 183 806
214 192 340
151 240 427
42 92 50
187 67 535
281 249 377
212 233 406
235 165 525
292 192 744
80 46 145
272 79 956
18 7 870
31 261 251
183 147 438
54 176 17
14 224 228
275 178 662
258 198 486
12 129 429
174 250 22
133 16 983
198 301 192
26 192 878
194 170 999
62 251 198
184 88 857
101 81 815
273 262 771
233 94 178
130 28 609
20 274 360
59 156 610
196 133 339
309 83 539
148 95 669
168 82 459
42 70 956
232 128 895
223 27 625
216 245 518
274 128 851
64 140 216
302 237 957
125 85 506
15 302 509
3 192 40
153 173 674
60 151 826
280 247 232
149 80 224
42 184 921
64 184 862
75 245 761
238 150 599
109 218 672
230 59 14
72 30 267
14 189 680
88 4 691
212 79 674
118 220 768
82 241 493
276 157 168
46 37 676
172 145 443
56 56 742
58 260 698
31 162 266
233 192 113
101 219 594
264 239 207
283 316 33
306 40 767
6 114 90
82 65 115
183 258 547
229 26 856
283 216 302
92 63 312
283 240 455
257 99 960
108 245 707
199 6 793
292 134 302
103 199 645
249 34 833
20 164 587
158 275 767
117 198 997
7 266 381
23 219 531
218 82 937
105 61 403
115 115 288
181 15 14
131 144 759
197 128 3
117 12 771
60 45 697
184 10 690
245 223 121
250 305 542
254 196 552
6 94 986
39 274 885
79 86 856
178 175 997
61 21 625
226 135 749
110 260 559
182 26 281
57 155 240
131 141 765
30 302 977
156 208 981
212 56 505
134 126 163
80 216 877
36 319 357
91 99 780
315 2 656
155 58 441
163 276 35
307 116 75
122 111 999
157 173 15
190 102 262
242 197 221
46 182 640
63 226 435
131 274 687
307 21 782
172 316 866
59 184 798
267 193 497
295 162 952
111 132 447
305 12 379
229 185 596
64 184 952
152 176 682
197 144 190
126 40 790
198 263 138
224 141 21
9 265 337
76 19 559
119 157 854
208 153 26
174 32 356
256 224 298
12 258 35
246 23 67
152 27 168
124 23 791
37 314 337
252 292 828
297 165 202
166 100 720
8 190 558
182 183 331
94 226 868
123 149 294
187 79 828
73 35 869
17 121 105
167 123 813
46 41 256
85 254 5
228 163 111
275 16 314
19 275 998
205 87 95
52 17 490
279 106 295
72 289 922
121 218 423
200 50 678
230 245 88
232 136 330
3 47 979
61 35 413
77 197 758
144 161 864
266 195 130
79 81 631
282 197 515
153 119 454
84 156 83
188 18 105
96 79 488
75 82 885
228 122 231
285 234 629
279 53 2
254 320 976
12 313 68
173 71 826
310 137 842
258 128 214
69 50 242
71 303 725
53 186 210
128 190 270
248 219 840
283 222 895
204 4 27
84 239 83
8 255 759
15 137 533
97 35 808
72 281 913
220 194 335
75 64 489
128 203 518
109 60 538
238 291 170
104 151 885
138 43 793
84 314 579
84 222 409
207 63 717
313 27 624
295 288 580
273 156 49
316 46 799
222 46 458
36 291 688
90 280 953
23 186 468
197 168 109
219 32 13
308 85 993
189 141 994
289 297 85
303 226 73
266 295 937
163 3 907
185 67 99
266 142 525
173 122 62
313 50 64
92 76 763
192 292 529
241 215 1000
187 271 157
33 19 382
280 147 101
176 107 160
305 49 849
132 295 911
210 210 475
96 90 314
227 146 272
183 124 333
312 277 909
142 7 37
269 5 239
216 4 512
134 287 617
284 213 174
4 264 833
230 123 232
54 20 137
38 206 953
131 160 433
118 12 185
24 65 73
231 301 215
176 81 786
189 140 874
117 225 40
78 61 305
230 93 468
14 141 862
317 165 519
15 18 727
243 80 324
271 160 131
180 295 19
259 282 691
159 13 655
93 293 616
69 241 528
256 103 238
202 56 718
78 100 168
251 47 469
242 106 839
229 187 280
255 312 288
26 0 134
311 135 608
119 272 686
176 1 54
315 56 160
3 193 207
293 261 98
170 89 968
144 62 455
6 206 151
48 275 562
59 55 214
85 77 417
236 73 561
15 318 253
58 128 517
17 46 677
68 175 831
55 297 437
57 167 224
51 2 526
294 239 888
48 212 333
47 197 507
104 226 303
299 80 987
317 219 851
299 306 144
218 168 638
150 254 701
124 181 68
56 34 56
317 44 116
116 151 499
193 122 253
231 147 236
173 275 561
155 101 275
311 93 116
282 135 413
319 164 717
218 162 184
245 136 677
304 219 309
289 213 908
75 265 28
220 210 796
5 289 329
127 148 785
238 103 466
284 269 78
197 231 400
287 187 591
279 197 322
95 91 581
182 86 474
10 257 558
66 2 162
274 220 544
116 128 208
153 158 161
101 210 651
53 136 542
247 255 877
147 212 789
303 287 326
59 24 645
88 276 838
250 245 336
254 185 105
21 8 768
30 136 621
317 20 89
238 62 569
2 260 800
310 235 409
234 269 833
53 280 831
129 318 293
91 9 729
238 144 908
35 45 737
219 225 648
274 22 494
269 6 816
270 107 244
196 301 217
33 5 28
41 64 15
264 78 13
237 38 991
45 282 956
41 183 55
203 81 174
264 286 136
190 133 52
99 193 159
82 137 417
282 231 181
8 40 208
176 193 7
18 23 798
114 211 451
232 299 828
45 134 271
183 220 36
86 112 556
276 166 247
71 194 878
288 152 247
160 69 169
259 64 41
86 113 167
33 320 582
9 250 630
294 179 848
217 11 960
36 278 910
104 229 450
230 146 662
94 176 393
212 12 765
63 1 418
214 72 827
177 70 461
176 106 135
191 221 852
204 41 614
219 152 578
255 143 779
154 29 924
144 312 131
292 126 124
94 218 701
270 209 638
93 95 115
135 33 127
191 16 189
151 315 263
217 23 339
274 177 112
102 311 995
205 318 303
29 184 88
160 14 802
315 144 48
261 216 909
155 186 393
278 181 25
313 16 744
199 33 311
196 308 798
271 233 169
111 315 679
146 144 751
271 200 987
168 145 4
161 312 502
62 143 664
200 162 391
287 136 50
80 106 908
28 213 885
166 293 118
201 213 633
37 293 777
88 293 512
209 4 41
98 287 396
16 3 876
217 298 233
55 221 121
51 302 903
180 202 531
174 205 170
17 23 556
105 300 742
283 143 991
189 147 558
81 204 833
23 202 429
121 98 133
13 244 730
16 57 361
155 286 407
273 68 668
106 91 415
298 169 229
179 112 65
23 263 582
155 292 846
180 288 602
199 302 948
213 79 612
311 64 553
310 161 258
72 108 268
28 223 439
64 170 718
180 253 8
233 183 547
94 63 510
266 319 751
70 250 509
82 43 940
194 8 714
9 297 763
226 177 285
193 179 892
31 272 764
142 134 952
119 39 225
289 255 689
131 0 336
279 278 419
42 60 243
10 47 574
194 206 712
51 303 906
121 181 625
53 315 732
280 73 907
181 226 284
230 271 300
98 77 499
10 241 865
241 265 908
105 206 371
120 106 92
267 77 21
198 204 740
195 262 605
217 93 568
212 199 885
230 31 762
74 153 427
151 111 710
26 170 146
13 167 265
41 176 989
289 162 294
43 150 462
1 50 384
63 53 531
306 115 467
138 85 286
286 282 899
286 25 995
142 109 195
274 83 516
292 298 493
49 8 634
177 223 711
266 214 846
185 156 397
154 51 540
158 259 191
247 236 489
145 279 503
96 111 793
22 73 732
51 85 699
231 260 736
176 117 894
74 159 732
309 153 52
16 186 647
226 162 412
210 297 975
234 82 415
138 287 387
148 281 712
51 99 687
68 84 778
275 277 445
136 81 938
288 30 911
311 2 393
58 116 289
148 201 252
56 101 918
98 167 71
7 163 738
219 44 616
262 53 178
261 79 30
21 266 898
53 85 809
278 100 43
34 163 77
161 204 953
288 269 922
205 109 37
80 53 896
17 250 475
169 28 995
280 128 47
261 196 321
58 273 272
90 319 871
57 226 382
212 224 370
83 19 718
212 40 276
51 84 833
195 270 366
130 132 551
285 138 835
39 272 172
305 273 999
227 67 929
62 164 433
32 269 931
288 14 668
152 228 695
132 103 143
187 242 378
313 184 909
165 250 407
46 32 676
21 80 270
42 65 789
159 90 490
98 13 45
13 125 697
99 85 566
295 210 10
169 27 733
260 159 516
183 127 895
110 137 387
75 240 336
176 146 237
213 18 529
32 162 109
237 237 139
159 242 881
183 58 372
96 182 301
147 140 939
183 225 68
25 105 264
260 44 609
303 245 804
289 8 855
170 257 251
108 136 383
243 194 355
240 135 530
210 299 830
301 238 634
110 164 350
244 23 346
97 126 149
237 5 142
185 136 713
272 125 90
54 29 485
173 204 491
257 140 356
188 68 521
8 206 39
32 128 366
88 96 131
20 82 838
243 201 740
116 203 385
319 314 697
184 95 262
102 104 233
116 120 206
246 76 448
267 295 361
290 132 239
169 260 57
128 295 221
158 2 255
208 263 440
309 38 805
233 57 140
299 17 154
320 91 957
74 173 893
121 86 706
12 218 817
61 230 458
279 217 938
78 189 470
178 52 407
291 262 444
254 82 129
306 171 525
317 164 66
289 276 738
0 283 422
310 107 814
10 235 628
62 312 639
234 10 808
53 190 704
273 55 828
64 91 202
137 153 549
98 143 417
21 154 771
132 158 309
278 264 218
23 307 551
15 23 904
278 244 854
152 238 224
234 163 361
72 150 878
68 218 147
83 276 894
26 126 749
120 165 477
44 283 133
170 20 22
201 143 897
112 232 632
320 124 209
5 114 127
278 87 690
239 236 61
236 205 904
120 297 479
135 82 90
192 46 453
13 287 434
205 170 298
9 8 799
22 111 231
197 273 234
121 127 800
71 94 968
182 47 318
11 131 786
216 122 620
256 156 105
74 216 559
83 230 421
262 49 294
100 145 894
75 36 303
307 13 790
61 278 812
231 58 94
259 76 82
296 30 430
228 37 585
44 243 285
51 142 760
307 42 755
293 262 683
74 140 875
42 159 547
137 311 749
318 25 196
206 54 520
250 6 828
214 206 489
245 151 895
259 49 560
240 147 551
34 234 428
204 188 374
93 292 584
203 115 759
61 71 849
90 223 782
189 166 658
117 101 733
270 307 415
218 166 877
32 136 987
54 301 883
242 278 27
162 169 164
76 147 561
136 102 985
167 114 30
205 295 840
277 151 399
268 138 582
169 72 524
230 6 970
187 6 151
79 293 757
294 242 308
98 107 554
298 114 87
249 302 346
319 309 556
8 106 449
94 271 669
302 207 865
311 60 448
125 181 933
27 195 973
145 287 782
209 199 430
44 212 166
128 132 198
58 317 997
261 236 549
58 28 866
300 261 189
8 239 779
222 100 264
304 23 823
21 221 776
232 101 713
311 266 391
35 135 214
117 67 319
200 117 119
133 129 612
243 56 503
243 265 155
206 122 716
24 173 246
43 231 1
300 266 679
141 96 424
46 255 570
154 279 330
110 119 758
148 154 930
211 0 659
241 283 646
38 105 331
232 293 38
151 110 833
105 194 914
236 253 739
250 18 271
185 135 350
212 247 416
29 101 496
132 223 741
220 46 808
92 187 286
189 60 582
174 137 530
28 235 313
57 134 352
167 208 113
4 74 851
200 320 338
57 156 775
207 307 685
291 211 701
47 90 167
88 120 157
100 262 261
39 159 673
152 42 182
198 260 940
207 232 87
13 247 672
261 112 768
148 197 827
4 319 328
62 92 650
67 89 983
29 122 151
122 166 529
109 57 226
11 304 557
29 268 703
97 78 496
310 246 452
204 165 574
94 55 548
244 241 971
194 176 877
112 153 722
165 40 436
79 252 156
281 120 764
55 46 648
261 284 841
319 266 581
74 141 459
26 31 359
135 264 375
75 196 606
19 227 261
299 226 985
131 113 173
260 168 530
159 261 735
154 172 559
254 246 552
14 291 300
275 244 179
76 99 931
309 6 276
199 63 779
285 22 971
217 41 624
209 154 762
5 216 841
245 299 203
50 27 968
195 90 979
186 235 396
156 62 79
151 149 872
149 92 126
282 176 205
154 181 375
238 102 965
308 25 516
155 105 883
13 254 186
53 150 432
183 71 667
160 313 319
169 35 883
279 233 443
47 66 302
229 270 878
30 99 453
118 246 512
111 103 29
245 305 512
268 142 138
238 258 123
157 102 358
31 160 369
212 285 911
148 83 374
74 48 988
120 69 724
257 259 916
69 21 994
26 82 436
71 63 814
169 170 660
81 310 147
85 10 771
300 174 841
156 88 505
152 236 693
211 26 574
92 69 843
134 264 337
81 121 89
7 202 151
66 307 843
246 262 957
51 239 888
126 202 71
20 47 939
315 1 918
31 273 324
285 179 582
284 319 697
192 125 18
194 2 267
247 68 137
237 34 520
70 16 906
278 0 237
142 31 482
202 158 996
61 37 855
195 165 225
217 105 337
151 301 424
239 97 809
111 263 532
140 290 613
151 107 294
16 240 586
244 264 524
256 271 194
241 127 143
208 11 986
186 27 299
218 103 360
311 7 823
82 66 862
179 266 490
212 138 982
30 51 719
198 52 1000
11 176 250
197 2 335
172 100 994
132 56 521
224 306 932
146 185 349
68 307 143
239 148 625
75 71 633
283 274 866
174 242 161
10 125 426
221 301 9
138 204 620
310 55 433
30 223 278
144 16 361
89 218 861
42 237 966
166 53 975
75 238 409
74 103 59
38 144 824
113 97 50
266 59 628
192 286 246
240 300 845
200 96 539
278 147 604
290 175 156
12 91 29
10 263 78
144 79 789
145 236 519
26 34 248
29 189 254
158 191 736
293 234 749
1 42 784
75 266 85
275 0 262
60 217 958
185 21 612
267 308 110
78 278 13
292 103 307
16 277 389
244 117 170
115 305 118
117 206 938
103 245 991
145 82 69
223 222 730
88 161 519
22 264 695
230 273 290
199 172 952
101 264 421
156 46 853
180 90 369
48 293 360
287 148 889
50 13 768
259 27 80
284 177 98
170 117 885
172 46 588
27 267 249
175 60 636
6 34 921
205 173 331
209 66 308
159 65 771
198 176 200
199 38 957
240 62 216
10 257 355
215 217 752
26 129 38
40 261 704
250 175 954
50 263 657
209 229 642
286 259 721
18 300 757
63 158 669
192 18 798
171 164 689
264 252 396
242 20 818
79 131 837
150 199 275
31 150 268
171 253 542
49 19 459
262 232 535
163 87 363
159 136 892
99 176 73
46 151 439
307 6 310
303 51 559
272 281 770
84 162 803
254 298 48
27 257 211
112 88 378
272 252 612
170 305 486
92 308 234
24 46 994
238 319 449
74 85 871
187 279 790
72 27 994
212 179 931
48 268 780
196 29 265
258 16 489
87 220 167
46 217 32
160 256 965
1 132 168
263 251 214
83 127 614
162 113 552
32 171 380
43 301 440
268 313 964
65 193 227
309 86 818
28 32 817
268 69 396
14 222 389
54 34 5
300 288 767
111 175 914
205 115 892
254 282 993
305 53 381
182 176 586
21 139 123
97 52 819
192 226 580
296 19 664
137 273 608
55 77 137
221 237 455
275 66 248
298 207 290
231 219 487
281 154 8
69 120 441
289 179 80
189 257 471
134 62 315
314 131 20
39 78 273
42 67 466
291 31 519
261 290 10
14 238 619
153 34 727
169 108 505
107 205 249
293 210 518
233 51 636
227 166 799
64 83 722
14 267 545
296 271 547
159 279 965
167 196 566
73 282 671
39 225 328
309 59 743
98 162 131
11 109 57
265 155 63
256 264 449
110 81 720
104 19 57
117 248 948
42 145 426
59 31 595
190 170 453
235 80 636
22 179 241
269 39 729
70 289 654
94 250 763
132 129 870
40 274 730
136 41 195
232 48 667
55 198 789
13 264 929
250 31 917
152 113 946
167 202 360
178 268 359
165 210 169
297 32 613
230 89 582
81 104 350
312 191 456
213 186 79
234 79 327
309 97 122
311 91 161
274 302 816
132 202 757
313 74 38
127 202 584
164 144 281
178 136 279
307 319 401
260 182 320
305 1 806
283 53 293
258 76 581
266 193 89
47 132 532
288 18 585
101 214 415
213 260 591
119 275 878
298 115 345
162 90 575
19 150 181
154 249 11
65 137 45
4 180 169
263 65 821
71 19 550
86 284 293
298 237 633
154 128 855
43 232 131
212 291 116
288 109 658
166 153 163
78 50 687
294 167 606
310 265 742
237 104 459
111 221 295
155 50 1
206 105 281
213 185 130
199 35 979
246 7 235
29 298 20
188 212 283
230 273 646
318 81 292
18 280 404
244 76 596
74 154 337
139 304 368
204 190 814
53 177 37
158 105 255
315 283 646
318 88 833
281 24 528
56 55 317
178 152 659
297 293 27
250 13 211
38 317 764
43 198 969
19 7 174
38 78 799
11 254 83
191 41 564
57 98 253
149 229 504
114 208 277
176 52 512
112 5 654
287 143 788
85 65 64
27 147 62
147 282 96
257 9 244
33 242 806
118 234 789
75 298 307
254 72 827
192 221 814
239 261 801
48 54 171
299 257 642
307 250 347
132 69 631
306 96 673
121 105 854
310 234 224
89 172 88
127 1 119
105 30 371
181 39 980
78 229 428
272 111 581
88 306 720
106 245 259
116 249 783
294 290 775
178 182 661
22 297 320
299 99 877
65 261 329
0 283 591
236 163 658
233 176 846
83 6 347
25 264 345
87 291 748
11 58 636
221 288 626
25 266 355
274 3 772
293 233 131
316 125 238
136 273 995
195 219 845
107 19 939
136 46 72
292 58 126
199 9 249
310 283 504
196 16 32
187 192 323
166 219 347
62 302 282
265 63 386
271 231 338
43 163 327
212 150 518
0 245 283
66 11 846
50 210 122
243 317 694
195 317 120
101 240 432
33 81 665
122 30 191
89 299 125
195 241 95
140 1 832
221 10 346
228 236 826
32 79 511
102 38 150
237 266 139
319 220 558
83 204 598
59 69 962
242 25 741
253 185 714
185 316 650
177 207 840
188 231 994
85 200 390
39 9 442
23 46 901
221 220 754
205 102 473
189 149 203
200 92 783
78 179 17
202 223 680
152 68 200
92 95 91
19 187 918
306 268 404
272 168 425
165 220 785
213 55 430
43 43 708
43 132 631
35 156 651
201 235 928
159 248 118
68 320 116
190 39 583
186 172 785
146 211 815
249 289 589
248 68 574
11 32 62
208 252 905
317 262 504
176 100 363
252 11 297
319 276 366
274 36 956
287 138 78
65 98 863
243 161 296
28 94 854
108 74 893
147 230 524
113 256 915
97 217 978
163 5 869
306 235 623
134 158 197
12 253 789
126 40 759
201 140 477
64 170 354
72 256 499
268 235 857
75 140 710
66 71 956
291 77 258
210 311 510
124 152 185
110 149 279
180 312 688
179 49 70
74 140 206
86 62 411
173 173 712
40 3 34
224 90 373
263 125 189
199 81 189
222 137 564
119 145 376
104 73 139
18 81 317
130 77 379
246 312 723
3 315 734
82 267 821
162 77 850
36 124 966
279 202 519
173 92 852
59 141 659
236 71 865
114 97 206
247 87 52
174 66 569
269 62 427
279 162 190
300 150 464
310 62 919
87 218 71
259 221 191
288 263 788
35 225 916
19 143 525
27 95 577
1 132 801
154 287 297
269 8 841
305 167 5
155 91 15
247 84 32
3 51 44
160 206 653
216 58 394
209 251 958
133 218 358
165 57 149
123 125 237
307 236 405
220 122 661
81 185 614
5 208 433
102 208 847
7 305 684
296 156 861
268 123 842
211 246 74
44 290 877
139 101 420
103 58 39
93 300 825
306 63 774
40 135 138
169 314 850
276 27 74
59 132 948
7 81 729
160 46 130
197 131 24
51 260 800
71 90 958
81 7 824
304 238 836
2 49 401
230 118 135
40 65 83
36 206 491
165 59 662
224 119 313
228 288 979
144 87 566
68 256 669
100 178 128
178 156 26
137 103 157
157 244 861
77 139 97
297 210 765
213 214 341
240 262 307
165 265 131
46 277 957
146 211 36
101 89 209
13 188 685
43 150 907
114 149 178
106 149 151
198 70 772
229 160 476
50 177 816
222 36 141
247 98 850
229 76 888
229 88 680
27 102 32
252 154 81
90 78 923
290 71 454
38 186 545
78 293 24
7 258 747
280 42 327
41 188 708
203 95 152
53 19 270
114 151 534
250 65 646
205 316 554
248 194 322
135 298 479
242 108 404
18 24 551
98 38 8
152 262 347
312 249 928
241 92 115
0 277 893
123 221 522
67 50 786
14 157 124
313 189 632
318 131 197
115 148 130
82 142 68
283 234 712
86 213 22
107 70 149
73 223 461
81 216 320
202 287 184
269 25 882
80 123 443
267 45 280
267 146 256
138 59 411
2 215 516
272 268 549
298 188 581
290 203 648
213 132 381
66 52 958
110 313 5
29 305 927
220 304 476
123 17 554
248 127 545
123 161 812
291 24 402
175 223 10
6 235 604
301 123 146
140 223 968
292 111 24
250 83 912
112 249 185
16 18 779
317 311 307
130 71 621
31 266 696
285 305 679
127 306 75
91 61 20
20 265 194
6 274 620
42 115 503
230 41 15
75 133 805
285 46 809
138 247 139
39 183 577
175 295 959
226 218 551
77 168 87
317 143 735
70 52 382
65 133 316
154 104 717
184 250 283
234 299 279
3 180 479
60 317 774
218 113 135
194 148 358
50 159 362
214 141 632
214 129 319
46 248 1
128 319 825
89 23 85
268 282 523
164 205 60
274 140 930
72 33 239
187 149 733
170 240 167
56 316 678
75 14 242
3 234 579
271 234 98
138 270 840
231 200 803
295 228 251
259 307 987
316 48 111
288 82 908
201 162 579
280 183 950
282 168 951
179 259 769
268 251 504
229 72 356
47 257 87
77 318 510
84 39 993
215 159 783
17 164 338
55 29 397
12 216 208
117 222 901
110 29 607
167 79 17
135 263 842
24 214 110
319 90 531
285 104 207
261 177 149
317 32 908
177 98 643
25 223 477
239 264 18
184 242 936
85 186 550
288 125 772
192 172 11
184 14 317
316 262 44
178 262 348
170 160 212
218 52 936
174 249 622
299 205 585
214 25 950
200 203 261
233 241 54
126 263 712
243 211 841
206 87 528
216 176 545
318 158 569
122 172 630
28 317 105
199 317 877
78 241 15
249 253 590
173 129 634
26 156 198
218 235 412
245 242 429
59 297 10
269 314 714
9 19 773
319 281 823
100 33 627
141 34 9
178 273 540
253 127 54
87 291 240
35 217 840
38 182 2
170 208 238
299 317 668
65 111 683
44 39 973
143 89 328
204 40 572
82 34 967
127 188 678
58 246 720
75 54 184
104 19 193
63 226 942
175 13 14
186 52 948
282 198 377
172 259 194
257 188 411
245 282 67
283 17 820
118 293 929
91 65 967
184 243 51
26 157 97
149 311 945
19 63 422
240 265 484
17 79 570
179 192 395
316 135 482
35 98 967
195 50 535
83 127 619
268 219 53
84 286 611
283 172 882
67 249 304
284 246 102
1 10 374
120 26 122
76 273 399
31 142 522
187 251 615
150 304 260
301 28 10
233 123 618
265 225 659
303 131 273
202 244 126
109 66 722
283 250 406
257 59 668
141 276 402
87 265 767
95 200 347
316 158 839
202 71 710
99 284 648
172 310 444
55 28 889
283 146 433
212 79 409
75 112 977
62 40 982
135 154 389
104 12 616
99 109 935
14 202 289
255 140 445
21 287 618
88 2 991
182 294 956
0 257 273
116 137 244
168 21 840
315 128 567
119 248 871
74 215 90
262 292 30
34 73 763
98 252 578
41 1 52
121 147 112
261 276 484
108 112 208
263 307 934
274 140 413
191 210 955
227 262 460
125 73 414
266 301 699
75 40 98
178 207 217
28 77 22
247 116 436
211 136 311
49 105 486
119 7 455
88 245 13
168 84 439
59 154 839
191 163 82
250 26 29
252 251 889
291 307 312
11 116 483
39 306 871
100 103 634
85 40 472
66 285 746
246 128 86
215 16 259
190 78 856
77 143 433
257 45 350
282 92 789
55 184 57
106 95 667
312 292 848
172 73 272
259 32 349
53 183 665
126 211 837
106 53 795
243 131 26
39 277 148
184 60 948
261 283 79
101 221 744
68 305 595
283 158 255
212 177 746
90 152 846
181 281 255
93 78 683
58 53 183
79 294 628
255 192 31
253 162 788
78 283 107
84 24 568
182 131 170
267 171 739
137 51 550
217 76 809
191 2 31
270 302 428
264 318 942
119 204 163
265 207 696
75 49 252
50 107 721
301 83 606
82 104 72
90 102 245
56 267 425
121 55 271
15 200 439
179 50 915
91 84 351
101 266 53
274 151 551
126 155 362
167 310 117
296 86 786
177 305 264
62 37 983
199 120 429
207 189 510
145 305 793
13 209 523
238 91 741
107 235 316
84 112 12
110 0 520
290 3 341
157 167 638
135 176 942
24 22 856
274 88 401
190 60 649
70 178 353
284 120 558
13 140 47
96 191 801
317 2 602
155 305 729
235 293 709
14 157 303
68 173 172
107 259 438
198 162 642
318 229 187
18 307 569
188 93 136
56 215 992
275 170 746
201 295 562
9 305 125
65 157 105
137 237 966
11 254 532
67 169 610
58 300 837
281 0 570
121 270 675
108 173 551
107 77 644
70 22 65
111 287 209
172 234 814
62 148 842
32 35 960
100 243 92
158 311 565
106 246 881
40 41 670
288 204 902
3 247 627
212 59 276
134 221 468
191 295 426
68 258 605
54 78 157
256 270 469
262 141 758
139 19 242
274 109 570
182 45 383
106 257 652
239 181 739
305 38 797
303 121 847
169 227 868
110 143 872
128 46 636
161 86 723
84 40 605
75 112 619
0 182 864
210 9 147
78 140 680
22 59 429
158 272 312
318 115 295
149 198 226
148 211 708
243 70 869
231 280 363
295 202 519
68 269 474
3 76 149
104 287 671
185 239 879
123 126 115
112 157 202
63 221 885
295 264 396
64 319 159
48 313 969
139 237 541
313 213 837
105 73 205
305 45 555
150 95 212
136 32 139
20 52 583
132 114 338
253 219 936
289 269 132
174 8 605
165 33 573
49 176 173
218 209 380
269 24 871
80 104 215
75 254 991
213 284 263
241 169 536
294 314 274
265 95 810
184 317 774
70 131 597
238 156 489
84 244 891
122 27 132
163 236 747
64 319 726
267 75 799
23 142 671
259 261 296
245 34 643
307 301 353
226 177 629
299 129 168
156 43 764
65 76 755
148 121 655
224 277 66
281 134 508
121 286 630
243 45 507
32 51 310
190 58 147
211 98 259
119 265 240
265 232 280
255 263 352
186 90 3
277 180 798
105 112 650
174 137 937
268 171 573
125 296 589
52 297 344
104 257 96
26 88 52
42 75 878
143 152 63
189 242 415
172 205 444
192 187 555
63 201 78
247 160 505
172 99 749
228 151 575
198 163 474
313 133 38
124 240 295
74 160 706
116 214 746
87 188 779
158 170 383
161 257 273
295 235 517
110 248 678
242 280 462
62 237 941
43 15 849
237 159 332
25 38 724
294 79 915
299 17 347
118 310 757
240 269 283
107 3 553
212 117 603
80 101 476
217 6 336
246 317 731
186 307 361
73 247 76
44 248 130
43 207 231
310 170 932
62 279 509
112 310 750
52 43 805
163 217 758
204 248 947
29 181 87
222 69 316
234 63 439
173 101 525
314 136 994
175 236 216
152 155 23
187 243 275
259 57 855
178 264 230
175 11 824
8 186 376
193 36 42
257 300 85
284 142 844
128 313 487
209 272 714
43 78 608
84 312 593
159 174 765
145 292 755
237 187 825
98 144 298
129 231 757
155 236 788
207 259 809
201 240 964
76 55 886
190 35 627
153 144 915
71 242 458
229 288 829
272 301 830
48 222 547
238 152 288
160 7 784
260 203 318
233 112 779
63 256 47
233 69 496
318 63 941
299 234 506
274 91 857
178 193 177
84 143 211
155 128 262
260 283 669
195 14 348
100 272 779
310 110 578
61 175 168
53 169 343
116 238 497
276 149 335
250 320 454
72 108 512
212 308 600
25 286 162
241 117 151
231 251 490
114 16 756
88 66 907
240 155 58
292 274 93
243 240 999
157 86 985
103 298 523
178 177 365
189 264 665
167 58 431
105 7 868
171 285 606
72 73 10
192 186 685
171 211 122
110 298 676
9 14 570
58 231 744
120 234 173
133 152 127
76 38 360
273 307 96
227 172 684
107 245 298
304 265 118
162 44 81
235 124 159
270 189 59
152 284 660
173 69 426
68 285 396
83 165 319
266 32 322
30 64 317
89 207 607
198 134 968
13 158 567
311 154 395
143 196 196
51 7 210
206 229 144
79 204 565
96 49 883
223 267 533
205 31 153
151 19 498
203 78 218
224 196 955
310 219 676
288 225 412
242 303 740
26 58 263
238 7 717
152 25 969
297 61 227
235 240 336
118 244 803
97 15 775
49 319 97
285 175 504
215 17 955
61 177 660
27 110 170
227 69 47
289 207 658
302 194 186
31 101 96
192 122 175
132 182 882
101 196 993
265 262 307
245 8 322
205 187 671
296 272 904
55 77 628
130 315 107
92 255 77
275 240 398
20 304 579
215 221 454
19 141 948
109 46 1000
216 88 627
207 5 379
197 302 12
28 111 198
24 256 146
227 7 903
79 319 127
272 149 279
2 114 669
198 6 472
39 75 137
296 313 141
284 87 309
260 285 163
143 71 139
153 149 357
117 119 363
305 165 387
46 255 572
239 188 925
138 161 491
61 232 470
34 275 203
202 93 213
184 239 509
37 110 630
220 151 239
10 100 175
224 166 663
84 128 743
310 171 825
50 65 113
15 272 74
81 178 730
212 266 361
65 218 333
203 165 206
39 179 391
263 106 972
7 69 263
207 228 709
300 248 480
253 178 657
311 96 311
105 119 398
96 145 818
87 10 957
69 274 651
249 235 375
36 50 151
176 273 227
251 36 646
107 298 966
235 229 64
202 33 247
94 268 205
155 183 282
141 255 901
234 123 809
128 13 605
227 171 150
53 176 638
133 102 61
134 121 234
216 55 653
84 50 216
76 60 121
169 80 29
312 257 1
193 174 790
263 213 10
7 175 115
46 233 236
133 115 975
194 89 740
315 28 787
243 58 333
26 110 921
161 239 847
168 116 941
312 68 600
259 10 318
253 53 451
155 315 693
32 126 915
0 192 345
65 140 195
130 65 445
75 42 680
35 211 790
292 201 998
289 19 94
256 8 983
275 276 2
236 61 86
25 265 195
80 88 831
318 274 984
10 27 476
314 68 893
58 2 179
180 64 271
158 272 170
64 256 992
232 190 738
64 202 0
66 138 122
97 310 746
33 132 36
192 244 880
130 79 395
239 225 623
177 307 366
45 48 211
175 21 892
139 230 444
169 159 188
218 307 1
144 139 664
197 44 487
178 174 816
237 179 142
87 114 381
199 84 545
110 127 737
226 121 984
90 252 803
155 132 902
217 243 978
160 179 966
187 21 757
141 109 128
145 204 883
72 223 378
50 44 22
182 112 6
313 47 739
205 265 601
135 95 504
260 302 163
302 71 510
248 136 578
271 319 649
281 104 262
282 269 365
290 285 6
263 36 80
40 171 130
77 187 835
283 242 395
136 246 871
154 113 166
286 92 386
292 98 852
240 14 30
253 41 899
266 46 729
52 236 436
0 92 767
245 315 910
58 199 930
288 257 959
153 132 488
294 162 139
186 194 882
104 8 552
226 255 475
179 217 672
231 132 892
212 302 520
26 316 42
196 35 413
42 18 363
152 107 748
294 290 89
187 76 760
43 207 76
161 254 136
82 123 616
107 219 505
181 134 664
303 55 540
119 89 477
134 50 232
192 74 205
60 245 519
20 71 38
52 79 496
99 1 756
280 78 751
144 32 875
255 287 326
245 310 539
279 204 707
289 54 599
311 202 119
310 95 92
82 9 91
168 220 202
216 195 747
288 223 464
101 108 106
102 98 597
223 178 641
251 210 341
257 147 389
94 25 172
145 119 739
140 299 872
229 185 823
258 258 923
242 238 779
120 112 315
79 52 138
43 106 844
40 268 8
312 224 142
251 148 123
28 23 64
209 135 202
89 176 406
54 223 652
18 2 950
247 297 248
76 217 967
171 244 952
169 73 51
134 150 147
268 113 69
206 247 456
186 282 792
223 87 525
155 175 981
259 192 74
259 233 651
49 75 907
11 295 936
306 269 272
101 58 839
256 120 202
183 295 980
290 246 587
165 251 550
147 288 406
180 71 155
120 140 925
44 101 875
121 222 130
233 315 6
83 196 567
289 98 176
246 62 855
289 304 868
26 37 787
236 95 55
241 52 148
236 285 245
237 57 284
59 98 985
22 123 858
107 205 932
146 217 691
144 143 5
58 111 725
59 312 770
251 132 522
4 19 671
305 72 994
112 286 335
228 145 393
257 224 520
77 0 293
75 79 476
181 53 655
113 173 282
131 236 686
200 318 90
191 247 71
22 190 164
91 276 236
22 44 814
195 17 327
212 268 368
156 98 562
185 161 579
253 59 859
317 10 778
286 303 112
74 4 135
111 182 182
319 262 231
178 20 898
1 84 697
200 159 646
110 212 671
255 223 893
250 243 822
120 177 278
164 306 884
64 140 520
232 202 162
145 231 260
195 297 466
187 94 840
209 128 162
33 32 869
32 198 273
16 106 724
183 166 842
143 266 417
287 147 102
197 109 360
6 264 746
314 118 560
283 210 242
136 115 704
133 100 919
166 149 195
140 176 877
211 91 703
148 5 447
91 189 57
135 154 283
303 283 46
314 98 940
85 46 926
319 64 357
299 141 657
25 208 701
298 27 14
93 178 557
315 35 107
180 168 212
51 75 511
190 191 477
241 102 662
68 302 861
16 199 535
66 90 381
17 52 131
109 218 945
137 77 540
39 303 361
36 217 310
18 315 279
277 127 934
173 158 635
302 224 666
271 246 930
218 94 231
56 91 782
36 39 806
69 47 718
15 20 365
214 107 930
288 9 402
21 64 485
130 235 158
4 184 940
164 51 537
212 275 137
218 4 794
249 145 975
248 80 578
41 54 334
135 284 256
18 143 100
230 38 587
193 294 105
277 151 249
288 149 555
299 202 533
4 126 369
23 167 53
291 9 637
279 185 52
65 34 377
133 14 29
96 139 217
269 141 112
262 270 350
47 98 746
237 174 356
83 108 787
260 62 201
274 180 770
141 289 81
216 186 805
8 143 226
58 185 793
217 274 512
235 297 976
210 21 133
134 245 865
247 261 862
88 296 590
159 285 442
132 97 993
191 248 575
6 272 84
205 261 888
80 259 13
123 293 672
156 225 793
53 31 752
76 222 794
295 188 433
259 294 811
197 222 153
303 286 330
48 13 809
275 236 912
58 32 720
268 124 374
87 261 983
162 283 536
110 273 41
130 249 158
0 107 862
156 197 23
98 100 764
169 251 91
254 236 9
293 193 788
196 90 440
237 112 770
295 164 271
270 46 787
298 192 803
8 267 652
199 120 428
77 150 88
29 177 771
161 283 970
2 274 621
194 86 239
248 252 435
43 268 221
4 44 20
32 276 758
286 36 820
174 316 223
142 89 541
195 1 870
74 215 409
29 30 938
116 313 549
298 77 506
13 19 103
212 152 272
293 250 379
15 256 501
197 11 608
318 108 237
225 84 111
62 163 125
58 300 829
165 216 414
24 301 557
297 187 880
266 251 377
287 283 426
7 259 525
193 117 665
253 55 873
315 261 427
147 251 13
38 150 239
3 190 473
135 237 97
3 182 414
118 176 275
211 36 312
22 161 163
293 245 204
15 200 606
151 295 520
205 26 838
240 97 487
299 32 454
151 44 928
32 178 921
131 194 463
137 233 930
38 82 841
217 105 961
94 89 185
259 304 813
280 124 497
255 105 17
144 256 823
178 113 319
220 169 768
202 235 254
110 178 677
278 73 237
109 125 247
204 82 59
265 76 523
54 178 142
34 280 175
81 138 644
222 72 299
261 147 787
272 35 925
150 6 890
249 299 439
91 21 703
162 107 132
205 233 821
73 263 131
312 99 623
270 215 192
47 300 812
114 102 799
7 61 829
69 279 456
69 31 270
178 269 567
108 273 43
57 308 836
118 59 700
69 71 725
45 240 352
186 277 751
133 240 444
111 29 217
217 209 439
252 8 495
195 113 256
150 200 127
141 193 271
98 143 723
226 151 403
216 237 440
220 24 899
160 58 92
148 42 48
235 72 994
307 134 286
9 216 274
28 318 238
84 114 264
21 3 592
104 120 355
214 20 354
41 120 894
252 291 226
175 33 665
76 167 11
231 46 137
128 312 502
248 48 144
278 259 150
150 271 202
289 191 725
158 160 827
315 171 454
101 102 648
96 150 195
129 151 477
226 110 39
208 108 271
6 294 99
181 89 919
180 112 421
130 66 107
13 150 494
292 240 284
56 193 430
141 220 106
45 186 534
196 115 311
69 185 197
233 104 661
243 8 450
152 134 283
257 168 567
87 262 218
35 104 795
158 273 414
263 214 486
277 92 211
292 19 640
29 40 429
94 75 737
55 234 64
153 34 14
289 157 383
282 201 419
45 224 656
119 48 229
271 197 847
280 35 215
146 260 157
144 32 63
109 94 701
312 69 635
251 98 192
242 180 793
278 136 368
162 295 640
225 19 381
175 271 537
18 181 763
271 208 760
73 271 458
26 257 204
35 51 236
92 301 597
303 65 750
214 150 105
13 279 643
258 212 882
88 62 959
171 150 404
298 150 144
54 289 261
212 69 528
107 312 586
300 5 926
137 213 891
67 131 302
71 169 664
8 29 260
267 304 888
17 310 858
231 87 2
239 112 184
178 161 228
62 255 86
134 103 902
204 260 792
90 211 555
112 250 172
87 35 846
6 262 340
298 130 916
312 247 301
221 251 558
180 236 737
99 318 718
164 232 883
17 247 520
315 212 224
100 318 823
60 224 610
205 245 48
253 28 302
302 139 434
121 155 61
176 315 922
304 312 22
129 180 163
127 105 993
135 141 76
214 97 838
57 278 611
150 30 786
78 117 784
301 177 484
143 51 276
290 138 532
120 149 663
228 161 7
86 59 205
104 290 255
281 14 444
37 317 339
31 224 674
37 263 584
287 42 817
55 143 573
90 213 460
223 195 41
167 7 45
179 150 516
54 17 20
45 18 898
89 29 70
46 252 65
107 87 907
18 316 329
265 41 167
110 246 734
120 186 948
291 246 167
173 22 176
229 278 875
49 177 130
163 5 144
299 59 788
279 121 58
118 96 534
190 14 837
73 285 318
179 141 887
235 281 929
50 156 183
100 92 137
144 132 119
94 270 323
17 96 86
201 2 705
257 306 183
162 64 817
14 10 142
61 260 974
132 227 24
310 82 671
54 249 659
239 27 45
89 85 237
21 162 430
230 304 192
136 21 562
276 240 691
40 104 554
178 35 593
236 77 850
298 88 620
271 16 153
239 66 231
245 94 825
37 150 389
41 208 854
102 277 559
95 298 66
277 90 252
155 102 633
319 83 887
245 119 30
114 22 537
45 182 450
272 138 976
132 58 92
56 26 340
227 104 852
36 112 536
26 72 745
94 24 650
175 117 500
204 230 418
229 124 439
285 101 870
220 46 191
306 186 504
202 64 649
64 254 982
150 102 557
312 41 651
113 155 270
289 215 947
256 132 326
82 109 768
30 206 63
191 248 785
232 193 154
72 0 827
233 271 156
18 290 825
138 35 359
19 80 203
196 199 133
171 48 89
150 225 582
233 57 970
215 259 71
319 152 611
301 258 571
59 308 917
275 84 650
152 141 767
278 124 795
251 70 58
244 264 60
232 157 251
112 118 887
175 77 322
203 200 878
271 303 245
18 148 132
43 43 262
170 269 879
17 202 792
123 262 863
1 237 623
93 59 642
149 27 4
200 188 503
4 29 937
195 297 394
46 314 114
146 8 836
71 230 407
229 130 537
125 86 178
118 260 521
150 281 664
194 213 981
95 229 306
10 68 749
242 185 424
68 217 777
125 28 653
3 261 256
261 162 341
272 274 767
141 279 979
1 27 734
20 296 155
84 240 601
48 232 785
138 252 611
203 169 15
117 194 104
8 318 293
241 148 187
305 314 41
316 89 563
251 84 802
119 271 870
235 146 725
287 22 103
78 37 951
131 208 89
201 0 930
45 90 20
22 21 61
140 150 40
235 275 28
18 137 572
70 240 709
67 272 465
176 272 284
320 145 701
150 311 135
170 130 193
310 154 272
287 78 953
150 310 547
289 298 5
219 144 156
268 163 604
241 80 344
155 17 951
109 320 723
297 173 892
238 179 55
3 120 520
132 167 343
27 205 781
19 60 103
163 113 755
119 81 662
149 155 263
182 131 715
92 41 118
67 308 336
88 222 647
274 145 148
126 229 567
110 94 433
124 29 924
34 79 841
6 224 780
100 40 923
289 154 444
136 158 558
93 248 329
208 70 5
271 221 369
77 26 922
203 1 538
88 5 427
232 317 274
10 296 359
266 283 362
143 21 956
41 53 279
131 119 868
313 80 653
140 206 535
43 274 249
169 34 528
45 251 106
110 294 898
153 76 4
139 271 273
159 202 35
58 255 23
111 57 458
238 300 359
246 310 120
221 94 27
228 85 881
20 60 933
76 155 214
184 42 386
255 157 213
139 289 965
207 255 797
59 88 986
213 84 663
199 16 550
26 105 829
206 242 446
149 55 843
118 310 301
154 226 117
12 90 457
298 179 822
142 239 633
92 195 800
42 196 473
202 136 715
180 136 466
100 9 59
263 263 330
28 36 130
194 64 664
228 90 418
196 9 965
2 45 463
119 12 807
249 99 460
47 196 682
36 188 110
220 241 513
116 276 645
320 164 342
261 162 925
91 288 632
283 157 989
316 71 20
189 42 569
119 275 771
127 200 762
232 28 151
309 293 246
241 35 192
299 228 816
37 198 474
44 186 520
176 207 137
218 275 59
157 199 551
86 142 479
241 315 736
123 126 211
153 48 391
89 1 553
4 271 701
5 304 215
156 234 652
87 273 277
145 319 166
82 242 202
20 60 678
81 169 325
300 296 302
252 77 7
96 195 156
129 177 457
135 176 897
127 46 605
269 310 864
215 140 92
194 284 920
127 225 686
158 20 111
218 251 289
49 9 707
69 124 120
48 29 681
199 48 641
255 243 607
29 80 175
89 53 702
107 35 496
82 139 900
98 211 127
276 167 286
33 157 136
140 292 748
276 48 504
122 302 461
149 115 538
293 57 546
150 146 181
116 13 817
118 48 728
317 34 139
315 195 659
289 173 459
48 69 236
216 87 621
43 197 348
228 272 50
168 60 884
102 266 113
266 56 768
178 38 815
12 132 723
245 118 453
288 214 104
106 253 558
259 240 873
278 131 815
224 249 918
193 310 185
187 133 624
44 125 211
77 273 669
75 244 325
95 293 812
198 269 618
266 130 989
116 63 817
66 90 867
276 260 404
239 186 711
285 303 973
227 239 779
285 196 82
148 153 363
249 112 322
228 313 665
7 26 500
293 172 903
280 17 538
1 195 619
228 318 474
118 236 281
42 183 1
60 304 312
179 176 687
201 201 105
31 86 83
76 301 543
99 298 166
240 75 960
156 308 628
257 284 969
239 186 380
13 34 962
120 143 834
91 96 146
251 270 249
40 56 388
127 86 123
258 114 743
277 97 234
289 287 585
283 152 242
202 153 971
172 118 102
239 75 462
235 93 287
121 49 337
164 260 113
297 254 970
259 187 932
250 3 159
287 250 26
129 263 631
50 52 767
196 298 224
58 252 668
168 204 123
157 282 98
156 80 841
41 214 995
52 60 424
308 183 528
210 127 844
296 47 169
146 6 608
95 234 955
267 83 912
216 279 753
273 168 229
118 151 855
146 25 780
269 154 651
254 2 457
111 292 821
133 272 668
143 157 702
4 258 758
197 80 646
285 24 887
182 176 513
34 307 463
314 74 80
37 231 936
240 51 397
1 89 455
117 283 533
188 268 931
248 4 21
87 312 227
264 45 915
262 259 748
286 309 132
283 60 55
72 286 316
205 185 290
184 239 903
35 257 692
17 277 568
293 204 584
71 314 798
226 146 390
208 92 566
53 310 260
179 57 129
13 312 696
273 200 220
75 151 907
309 265 104
266 244 675
297 39 897
135 4 172
238 301 984
28 1 15
113 156 845
118 267 481
12 280 553
41 46 607
294 32 565
67 95 952
131 50 275
107 70 192
252 288 801
154 203 135
287 102 495
259 114 260
166 319 288
2 233 911
194 31 148
214 261 75
211 271 406
4 132 939
20 224 875
293 170 566
312 312 963
129 37 425
89 200 138
266 250 327
19 220 254
139 47 41
283 153 581
189 112 400
150 148 920
294 84 941
134 98 499
31 240 729
225 189 689
183 234 621
162 106 957
168 79 963
164 208 440
96 307 186
243 203 476
183 256 355
70 273 590
190 151 442
29 271 462
300 149 68
74 133 721
131 217 897
224 44 405
268 15 260
32 19 504
292 56 571
271 85 246
184 168 95
139 307 583
115 293 462
36 118 723
31 188 485
288 311 594
215 203 83
136 274 655
40 60 681
311 53 77
278 118 771
31 139 178
197 255 573
3 309 977
188 283 43
175 78 460
117 2 116
74 303 861
251 207 469
79 228 617
262 11 325
189 5 153
237 55 541
264 273 837
78 30 794
180 235 585
81 75 999
10 227 758
310 14 282
193 128 193
254 202 111
125 42 15
309 101 825
318 140 260
265 50 748
117 306 232
177 49 21
303 259 649
154 50 470
70 75 845
253 174 961
182 177 956
252 46 728
165 227 6
168 123 82
76 135 170
278 170 838
309 140 963
100 58 693
289 8 740
223 311 814
314 18 650
19 183 284
13 312 216
199 246 405
184 260 938
260 314 675
35 187 845
71 241 983
273 74 746
304 27 606
92 180 623
266 175 398
186 54 600
159 16 324
149 234 699
239 242 239
19 305 142
262 179 792
25 84 23
12 119 307
38 163 704
299 254 978
123 293 250
273 176 432
162 302 942
222 60 238
200 262 18
249 91 622
135 289 433
172 196 522
111 171 783
247 156 422
73 89 320
250 5 399
240 269 600
217 260 461
91 217 359
40 172 314
159 314 612
96 148 477
135 5 355
97 102 918
85 23 788
7 31 929
166 238 621
302 226 975
207 104 996
293 50 44
285 0 516
87 39 408
45 182 743
140 117 370
217 31 3
222 320 80
40 237 909
288 213 536
65 282 948
180 9 429
202 236 931
67 224 614
215 229 254
36 59 387
159 234 234
149 266 706
48 311 418
216 240 971
279 129 145
60 281 160
81 220 819
56 245 339
43 9 121
210 89 630
83 276 478
107 53 406
252 23 462
220 17 357
160 160 524
181 238 162
122 4 348
75 41 131
185 309 567
229 158 920
219 200 740
231 102 132
215 33 386
275 199 287
289 135 756
50 187 218
271 296 584
261 194 662
134 125 246
47 97 3
269 135 729
76 303 825
308 49 62
9 5 822
307 55 387
238 164 144
187 26 453
198 132 774
276 85 753
101 313 340
145 178 811
90 169 597
27 275 598
3 227 915
21 148 953
219 59 364
183 271 429
37 92 219
311 44 932
187 152 625
252 56 600
202 45 869
273 305 888
262 74 341
193 10 553
106 315 41
164 101 868
279 292 304
103 82 470
122 240 801
177 200 160
133 20 171
222 39 579
298 308 162
185 82 842
251 136 622
280 134 726
26 190 773
151 139 257
289 280 862
47 272 600
127 65 418
278 184 168
181 176 694
44 27 695
8 208 289
110 47 491
294 281 279
227 298 577
159 156 400
190 246 624
247 75 109
180 208 695
275 56 425
215 7 540
104 91 492
126 296 462
174 86 796
218 50 255
278 43 615
135 233 776
312 50 721
31 135 665
10 159 828
319 141 903
145 94 567
256 133 345
173 298 31
60 276 63
282 268 591
181 291 787
47 150 505
7 106 11
254 208 162
227 96 299
129 226 65
122 152 609
215 98 522
76 165 687
193 119 402
254 167 879
52 272 467
20 199 103
114 142 93
129 315 879
302 24 885
123 289 196
257 119 457
171 281 75
18 3 570
146 258 914
285 210 698
160 294 664
307 213 506
267 273 928
27 57 22
260 233 433
119 28 175
216 18 479
189 176 900
70 265 233
128 239 695
234 86 921
71 40 385
269 127 974
278 30 661
133 229 497
273 50 492
172 218 712
202 203 898
255 147 998
180 86 536
118 22 663
294 77 29
257 201 743
154 136 484
155 145 721
88 213 259
154 107 592
314 151 349
109 103 579
271 279 895
139 33 417
113 91 716
182 110 359
243 1 172
234 184 138
79 313 971
210 177 320
246 210 496
260 309 599
206 148 704
252 76 269
304 48 760
193 252 462
243 231 937
141 141 443
177 277 541
155 160 672
27 290 573
198 160 456
314 194 575
134 198 568
299 112 536
281 39 475
169 231 419
156 243 630
150 205 49
303 64 455
291 210 785
260 303 442
206 161 538
119 141 1000
1 202 419
168 243 77
106 301 694
106 270 290
261 15 155
106 92 284
318 75 636
295 153 404
57 90 671
312 86 47
83 60 179
267 173 519
243 226 906
31 0 995
191 0 358
314 187 482
287 246 354
158 137 900
149 189 512
254 219 350
65 99 635
184 75 97
93 310 152
16 14 515
286 263 72
15 0 417
284 12 119
254 319 421
59 118 953
16 90 900
240 68 116
60 220 684
181 218 785
15 154 823
269 197 75
54 319 55
311 313 267
67 239 211
227 272 442
300 239 482
8 123 656
137 70 383
218 86 950
213 195 74
36 245 616
44 126 90
301 53 683
306 271 501
59 233 72
91 291 45
133 106 0
110 105 106
291 187 195
312 0 364
316 30 894
109 293 73
35 16 441
220 107 89
153 148 311
173 88 593
103 314 936
258 155 838
197 177 221
233 26 356
140 50 413
17 167 594
274 225 210
200 259 958
227 160 357
245 108 889
155 262 482
177 238 666
70 53 259
100 154 35
199 110 814
147 176 124
196 162 543
215 262 793
1 45 221
225 16 185
253 59 291
47 128 872
119 272 106
298 136 565
166 44 659
129 269 785
131 122 905
48 251 306
288 236 201
53 2 361
279 9 418
107 259 817
149 247 969
94 296 320
163 134 544
71 282 81
134 147 422
47 25 712
213 256 738
164 159 439
200 97 727
294 163 178
83 117 729
171 268 106
225 23 66
10 286 40
21 206 622
48 35 556
102 309 193
108 312 716
311 203 865
198 67 389
302 49 233
71 252 618
20 24 362
300 77 224
155 243 95
170 179 348
203 240 394
101 71 691
257 167 413
15 296 338
143 311 817
81 215 386
215 279 965
147 105 271
298 183 878
32 56 437
178 4 516
304 94 39
217 34 453
211 173 117
320 146 265
292 106 400
235 117 24
157 182 317
111 22 909
20 60 380
211 109 483
206 68 363
114 157 747
76 288 298
103 9 670
65 318 972
51 181 861
297 112 522
4 309 792
166 304 561
90 99 196
35 165 321
129 100 37
159 102 797
40 176 845
146 124 390
213 252 366
197 140 416
106 153 281
141 273 974
268 244 48
213 258 678
157 181 986
4 61 573
165 283 69
24 155 286
132 211 462
305 255 462
190 62 428
57 23 393
233 286 965
291 94 924
85 208 434
205 38 420
88 19 681
291 107 303
162 82 739
87 81 604
47 238 500
223 22 83
136 65 188
137 279 157
243 248 410
285 114 695
62 29 455
109 202 395
18 91 367
181 315 764
3 111 731
235 320 99
241 54 875
234 260 726
203 68 10
272 288 752
101 142 868
94 287 888
31 290 324
239 32 825
297 134 342
278 314 495
15 112 518
73 86 870
238 9 247
191 22 516
123 217 158
299 39 649
166 255 45
122 213 706
1 165 292
18 29 256
311 33 982
28 82 455
286 193 337
127 133 666
294 183 955
133 310 617
108 159 563
15 208 791
177 247 904
242 148 750
29 276 298
275 315 617
69 164 430
151 156 300
255 315 121
311 20 94
309 149 200
146 317 232
218 134 245
232 211 821
153 81 426
144 189 398
311 299 91
16 13 250
282 26 39
213 89 616
291 10 491
121 107 540
316 24 654
69 26 612
7 196 550
140 155 38
50 129 996
296 97 297
317 241 124
116 8 134
220 95 791
299 275 177
156 79 638
224 127 514
3 304 692
238 32 998
281 226 936
232 112 517
312 242 987
105 234 775
220 14 607
16 315 439
44 232 805
3 133 166
168 175 761
15 8 275
192 232 195
225 149 59
209 288 27
68 120 214
309 96 519
191 177 982
214 319 768
273 136 863
75 63 459
176 22 895
268 245 370
76 64 350
73 104 634
244 85 839
252 31 378
84 84 227
231 177 937
250 153 461
130 216 576
194 182 179
53 102 237
174 300 110
302 315 250
12 253 776
156 235 310
111 287 177
112 309 840
239 291 688
221 236 911
148 235 455
130 5 765
6 242 436
193 131 880
3 298 88
239 162 942
143 281 994
118 83 280
69 191 927
150 268 499
127 96 180
167 220 652
18 151 105
138 320 334
80 192 647
198 35 487
33 31 473
311 209 848
82 61 751
90 81 38
124 53 748
15 264 777
45 230 398
30 80 28
250 225 233
141 66 235
198 17 956
291 41 93
58 221 973
296 221 84
156 319 262
294 103 49
138 293 940
278 194 846
266 42 272
26 312 173
141 307 769
229 272 136
131 317 711
179 172 483
109 48 818
50 205 92
195 39 250
63 213 521
224 305 74
69 289 776
72 117 921
1 292 232
310 156 357
318 240 851
309 263 101
267 124 848
302 47 954
2 90 94
17 101 153
258 192 951
300 131 998
156 1 64
149 123 441
192 177 249
168 154 757
126 84 316
143 100 491
320 148 104
113 145 397
305 134 929
98 249 713
215 319 421
108 71 73
203 38 791
204 63 27
183 156 499
118 164 855
305 154 834
314 71 368
188 125 609
67 194 433
243 159 269
300 84 670
273 168 509
320 194 654
169 76 782
103 282 925
305 220 702
64 284 738
303 241 751
84 47 757
182 162 866
128 295 217
164 216 480
315 216 400
309 187 169
123 178 969
152 114 731
23 201 343
228 81 65
186 302 826
297 295 760
285 316 615
307 109 682
278 317 199
280 94 266
210 47 103
146 54 556
164 257 854
69 152 256
84 156 357
7 107 171
67 270 1
155 201 734
148 259 951
235 312 866
75 215 917
104 270 522
165 240 934
274 102 474
11 129 267
59 121 437
198 145 836
259 46 368
56 196 757
297 312 111
210 56 920
134 34 411
15 296 782
137 270 0
19 49 293
282 154 404
269 268 198
55 68 70
172 154 700
270 81 847
45 246 12
123 126 95
14 220 519
77 319 805
277 109 900
269 136 777
66 208 796
290 27 250
171 286 794
264 115 861
64 202 625
235 41 772
251 139 255
83 200 757
216 47 880
215 282 410
32 134 247
159 171 421
20 86 478
298 311 643
272 21 330
132 79 294
82 167 817
80 8 386
177 73 226
102 300 430
225 23 373
236 281 274
288 211 940
211 24 838
76 30 932
117 146 489
68 2 238
204 70 985
280 252 765
310 23 57
40 88 232
232 33 762
178 208 525
84 179 511
13 114 24
252 158 609
253 229 737
209 295 744
34 237 818
245 46 658
162 289 835
68 310 779
170 160 638
65 8 651
170 296 840
186 69 234
31 309 938
165 86 998
287 164 263
156 144 457
234 314 488
247 204 324
202 173 784
119 186 114
195 294 621
310 209 431
156 257 655
67 50 656
289 154 245
81 31 642
303 290 127
256 287 183
256 71 840
190 7 503
66 40 229
59 74 594
259 190 120
309 280 67
148 181 97
297 219 378
64 309 870
96 176 72
302 172 779
71 182 930
310 306 695
159 310 965
72 296 378
184 190 286
168 115 604
299 228 291
267 234 371
237 126 691
42 248 297
305 55 424
154 211 8
59 30 979
233 162 631
314 111 951
314 6 81
42 263 600
24 169 913
146 146 56
74 80 826
30 226 674
21 226 498
271 122 112
140 193 529
283 312 793
159 71 335
86 58 702
200 42 289
77 16 687
24 57 405
182 1 621
71 261 352
53 269 428
139 34 771
262 166 316
295 235 509
229 21 816
297 181 810
316 98 936
289 244 724
117 51 502
124 202 696
304 37 678
41 291 634
213 233 678
67 120 138
190 269 792
164 68 983
115 204 326
316 272 918
81 131 283
235 96 41
22 53 62
167 222 648
152 57 912
151 160 656
278 156 14
107 48 508
198 177 379
6 275 895
63 91 237
176 90 419
271 299 482
48 8 68
29 109 351
109 93 404
265 212 200
193 317 113
260 255 550
251 317 628
281 115 854
52 172 566
147 206 84
278 148 437
173 254 275
246 102 355
182 101 704
102 315 686
19 262 357
177 113 413
1 141 997
4 38 369
235 279 303
260 120 914
248 17 563
81 271 18
270 37 192
116 86 669
17 211 834
78 2 10
279 181 471
73 88 41
58 114 671
16 110 227
220 39 857
297 196 146
50 28 411
196 208 536
277 295 833
243 303 452
156 206 666
303 99 709
182 227 568
162 43 610
232 209 978
131 25 592
227 134 517
225 38 622
218 193 724
167 75 392
140 316 440
34 44 661
201 316 449
196 149 550
125 163 753
251 211 132
6 110 822
181 255 352
92 229 510
126 16 542
310 33 922
33 56 895
70 225 653
129 11 371
136 43 219
39 313 587
179 318 757
180 40 437
18 289 587
59 138 889
5 32 953
81 257 419
100 168 203
168 85 1000
51 316 825
46 99 768
38 254 960
21 281 969
148 233 420
58 63 928
72 299 922
151 285 19
272 62 220
186 204 32
268 53 974
88 271 685
217 81 313
71 90 84
90 186 188
311 240 120
256 180 962
39 199 311
154 250 133
19 68 348
6 96 270
155 90 979
9 184 28
259 91 220
214 147 800
86 267 116
44 307 729
306 178 653
121 315 657
286 99 148
164 285 999
171 173 216
82 137 269
234 152 116
153 24 987
190 232 367
160 38 52
224 279 375
231 54 778
169 109 451
88 158 63
308 269 654
284 52 883
277 134 812
72 54 63
60 64 409
190 207 883
267 153 189
283 18 423
53 200 176
112 292 396
296 221 382
197 283 612
267 13 928
147 171 910
239 319 138
234 248 337
271 169 355
60 245 677
190 67 931
241 272 871
197 284 348
92 10 187
207 200 480
12 255 754
51 160 392
285 161 313
100 214 321
43 67 634
7 231 958
136 185 236
78 258 309
10 251 123
90 121 487
217 158 141
44 193 834
233 171 924
14 195 490
201 20 172
300 171 380
105 132 715
284 23 437
63 103 329
45 153 198
102 49 396
216 49 298
256 177 290
9 285 216
28 230 356
149 45 281
23 57 569
8 152 385
253 212 501
191 63 484
59 275 376
207 211 73
294 318 822
210 284 779
296 95 930
275 284 882
26 174 225
12 231 669
3 100 462
16 71 781
92 280 55
126 162 558
275 34 62
226 158 814
298 299 651
83 249 969
130 35 223
13 211 467
112 257 837
278 18 399
11 235 620
205 212 860
116 243 731
312 205 576
26 257 968
44 14 403
43 69 522
46 76 814
259 6 738
253 286 533
68 237 466
59 35 676
65 305 684
315 29 372
278 92 249
299 225 883
58 208 736
78 29 995
108 138 13
291 44 54
317 96 12
233 33 797
184 125 458
156 223 945
110 221 184
22 99 764
135 54 680
302 74 742
271 151 871
27 225 818
36 264 355
86 195 937
225 300 301
264 173 267
93 81 24
164 248 58
190 214 1000
208 61 640
33 20 96
98 156 180
235 300 146
257 63 888
50 224 521
304 209 177
279 114 833
16 114 296
44 223 931
117 95 311
160 65 582
221 7 864
168 85 643
313 205 286
280 71 717
106 224 126
200 108 505
41 222 305
188 143 297
119 290 858
176 254 805
222 251 481
29 119 242
66 4 767
107 231 260
241 7 6
84 145 308
27 144 384
302 270 402
11 99 906
278 200 453
35 26 221
247 228 703
234 133 449
264 83 732
18 317 607
282 277 684
70 172 917
123 182 849
252 258 126
197 126 619
294 23 285
189 186 963
64 317 206
230 286 645
298 17 964
17 60 173
60 230 523
282 42 728
319 211 683
232 263 594
44 32 44
52 156 442
46 74 582
281 96 962
92 292 470
4 81 77
3 194 811
273 315 847
99 12 873
251 157 788
146 245 642
293 83 579
178 31 219
91 172 394
256 19 27
46 134 331
84 302 346
136 154 655
156 273 931
164 32 304
93 3 529
56 131 19
314 65 644
271 250 494
144 194 205
304 287 379
240 79 928
274 68 589
21 47 95
141 171 357
284 319 996
204 89 964
38 41 121
139 196 584
241 8 609
134 290 604
173 61 858
126 106 455
75 175 905
257 170 429
61 290 719
232 83 800
296 215 988
62 247 897
299 203 400
152 254 94
148 29 186
260 41 182
71 50 866
12 9 887
217 50 395
118 229 46
320 63 785
131 299 58
24 274 75
241 89 213
58 2 693
232 45 526
194 267 289
69 80 808
38 293 992
156 61 452
141 46 798
50 260 73
167 145 508
217 226 519
250 47 429
105 91 170
248 305 187
143 218 135
111 249 798
105 248 927
246 299 842
144 27 520
266 160 694
182 33 193
209 204 927
93 296 976
207 13 548
274 22 27
73 271 154
308 18 162
193 275 817
306 58 250
232 144 808
298 196 56
271 192 333
244 17 504
44 11 586
36 124 27
134 47 996
5 112 532
264 314 572
231 158 315
92 111 359
143 275 645
211 265 186
318 314 530
32 27 144
162 281 422
213 154 637
81 163 195
75 41 783
291 18 123
85 19 600
250 216 304
59 83 869
203 29 602
191 198 818
271 43 251
81 72 440
147 75 317
74 133 322
5 4 951
300 109 163
151 70 600
153 100 870
233 285 475
128 137 95
156 187 915
263 296 564
33 229 805
24 189 905
114 45 339
253 7 723
86 232 180
138 147 20
105 231 387
54 301 479
171 141 589
98 135 11
18 256 393
39 301 104
58 28 282
181 145 751
320 212 343
22 211 651
250 216 929
307 278 360
297 163 112
216 192 319
298 14 346
318 272 594
284 228 389
76 200 742
73 285 60
28 73 164
287 306 851
287 223 924
312 237 433
240 257 137
70 77 987
307 279 167
237 52 589
143 112 499
74 66 104
161 259 329
170 234 296
211 106 630
125 32 121
221 294 475
306 167 142
63 300 817
246 204 148
205 276 217
189 134 116
165 15 830
191 30 141
188 182 701
112 230 488
204 24 220
228 37 677
177 48 97
102 86 618
181 302 16
230 144 379
124 174 298
113 87 371
89 39 554
70 46 1
288 125 484
202 167 222
313 184 69
16 87 366
240 184 305
290 316 725
167 184 980
18 93 688
149 65 202
45 139 489
33 20 215
201 309 893
76 1 293
289 60 360
148 260 654
276 317 7
15 40 704
167 56 547
83 204 957
144 138 603
246 293 651
117 257 944
239 312 30
181 182 398
222 99 779
119 243 234
162 203 743
63 76 352
93 11 67
30 24 899
135 237 393
95 125 498
130 70 873
263 45 860
229 277 612
22 74 237
103 304 364
181 44 283
20 299 656
272 221 769
125 246 829
58 32 985
96 316 509
13 203 801
201 64 110
211 16 311
259 220 403
191 270 514
285 181 193
235 123 581
119 87 717
33 305 341
106 35 449
49 286 971
176 285 320
205 4 709
269 142 416
28 128 363
269 5 732
69 154 761
177 222 266
82 74 611
2 74 438
129 37 760
33 20 884
250 107 283
98 101 27
68 5 332
0 296 413
278 251 8
86 43 749
318 252 67
252 91 433
282 51 690
250 271 282
118 195 446
22 181 83
211 157 543
235 219 434
127 292 129
316 44 178
173 286 356
242 204 52
40 10 258
106 246 820
220 61 135
38 42 756
222 18 874
50 153 595
124 179 461
44 233 948
313 155 945
275 160 471
214 70 838
231 140 297
303 3 265
242 200 676
44 89 566
244 102 38
79 101 184
48 128 360
96 64 512
221 25 616
162 39 160
228 125 968
247 10 154
124 272 821
111 224 417
257 303 303
133 50 492
218 28 856
159 311 43
223 164 652
247 257 411
77 103 660
176 127 18
207 35 174
23 30 624
163 90 588
71 243 151
298 307 846
162 141 100
180 109 465
4 54 781
99 184 526
137 194 348
173 10 211
318 147 356
134 276 107
143 188 653
301 246 967
208 27 296
187 153 222
144 139 654
162 5 736
192 29 945
280 106 330
3 266 355
311 137 768
176 180 597
291 151 946
47 152 781
116 89 815
113 42 352
302 292 991
81 282 408
69 284 414
149 250 378
71 185 50
40 166 761
294 184 988
252 81 861
186 94 639
70 255 73
235 319 877
135 114 937
203 18 483
43 306 633
280 255 788
11 225 771
135 161 969
272 260 689
23 200 627
213 159 623
81 302 632
237 114 562
10 230 582
314 233 930
243 30 355
245 85 433
253 187 828
281 118 821
192 285 7
185 201 714
164 272 370
142 265 223
111 22 367
3 152 874
14 132 774
75 187 253
174 289 719
44 168 891
84 140 686
2 255 135
37 102 107
312 158 257
60 33 189
155 207 850
45 142 540
312 184 433
130 240 268
68 91 275
0 192 0
263 4 120
79 156 886
151 33 129
122 274 780
269 28 317
112 245 136
83 312 885
102 153 9
126 156 898
44 4 660
309 73 106
294 188 659
194 161 523
8 80 148
153 46 857
22 226 944
294 270 676
128 181 727
264 20 748
42 248 97
203 233 249
222 265 676
126 269 954
227 29 211
219 250 530
276 244 248
198 136 40
265 228 673
272 0 600
2 96 6
2 272 228
253 189 754
154 101 363
315 114 704
300 21 774
12 73 974
240 38 967
278 125 714
267 296 606
168 297 642
102 168 78
22 172 880
106 13 32
14 49 576
310 284 653
174 126 509
252 88 328
139 231 784
81 296 472
116 151 164
115 209 717
120 148 567
6 8 663
260 214 670
177 148 356
46 150 304
305 169 297
235 23 896
309 189 487
216 188 827
263 23 631
218 238 616
228 50 98
132 278 523
219 252 36
151 202 273
193 57 329
133 71 850
257 33 757
257 310 636
115 196 521
120 77 565
245 32 123
138 118 209
194 140 840
3 295 862
143 23 996
154 165 57
247 180 581
168 176 540
171 180 319
11 224 36
142 79 878
195 152 818
85 142 433
104 253 151
1 28 147
176 188 64
119 275 231
37 155 811
129 98 667
173 184 21
289 67 322
313 285 616
286 158 915
247 106 372
186 223 554
97 248 30
235 281 844
251 267 326
27 278 549
99 75 573
249 276 708
196 313 700
80 74 717
170 52 949
240 33 174
112 74 9
41 214 970
253 82 349
49 130 712
200 304 392
251 76 670
109 69 853
288 208 45
231 9 924
258 257 682
167 285 945
91 162 814
181 0 36
293 194 741
199 229 683
147 271 981
318 305 495
260 135 656
124 88 422
142 280 793
5 72 140
274 31 6
137 268 994
240 272 217
103 100 326
316 131 761
309 303 368
72 208 701
287 136 30
28 2 843
58 130 164
112 252 854
199 134 979
278 155 362
215 268 332
122 98 576
15 145 533
55 255 211
291 83 626
181 7 557
231 245 333
110 86 206
247 124 826
202 279 14
43 44 648
317 153 509
174 109 883
207 254 320
286 155 217
96 26 598
228 256 928
158 148 81
206 120 59
91 304 909
19 46 928
38 190 563
145 316 265
241 268 427
48 35 769
244 192 401
285 197 374
297 128 554
84 127 368
189 18 55
219 291 937
192 82 436
213 255 739
23 179 521
82 195 118
43 146 119
11 161 8
217 191 408
173 188 778
78 264 822
75 67 750
243 284 314
42 269 286
140 224 164
48 199 900
61 50 544
310 304 632
34 292 838
280 186 27
70 144 85
12 233 888
252 169 259
93 190 931
126 177 677
278 198 467
34 289 685
314 302 570
20 281 853
304 249 261
82 210 998
179 45 184
81 134 422
137 205 417
89 279 84
217 21 317
40 195 498
140 166 222
262 236 274
293 132 16
264 34 561
188 8 547
63 206 500
50 267 133
87 8 465
161 127 695
8 30 256
170 317 194
216 50 969
130 110 218
37 202 172
43 203 782
199 88 666
207 211 573
194 292 786
48 96 319
312 53 406
163 224 790
221 142 679
225 301 563
166 289 517
273 301 193
314 134 786
160 233 188
110 23 873
4 82 775
96 305 498
111 289 30
165 187 685
88 177 967
239 317 142
74 305 548
305 255 122
198 185 232
148 46 858
299 164 555
242 304 537
298 203 172
240 133 927
236 73 535
58 3 369
241 279 883
236 297 335
37 111 763
2 266 393
111 258 644
276 36 102
106 109 686
142 204 189
247 74 664
54 142 983
200 243 118
315 238 260
222 209 73
109 208 352
9 152 881
3 129 0
151 106 595
223 123 337
167 152 178
281 176 594
14 278 625
198 120 268
24 117 707
248 288 358
271 27 868
241 152 473
308 113 428
223 159 573
110 309 921
57 116 202
24 190 232
26 103 385
105 42 294
99 305 514
285 301 265
257 200 1
264 300 401
238 53 398
206 273 844
98 302 609
34 150 198
81 168 652
123 232 869
61 80 210
149 201 10
9 286 670
237 9 44
179 320 568
246 236 152
233 89 536
48 174 601
166 280 793
303 276 278
191 208 148
192 319 593
173 275 567
17 5 320
303 271 545
81 81 489
41 263 517
1 193 722
128 59 279
42 10 819
306 105 114
302 239 646
244 90 112
0 1 134
171 244 545
194 21 548
148 72 739
240 259 256
276 55 932
242 162 630
108 320 887
49 133 909
293 248 720
311 36 402
214 156 705
77 119 969
63 219 392
168 206 682
71 259 741
225 265 169
158 148 733
4 72 247
122 203 396
201 227 677
68 6 722
229 313 351
219 7 966
115 192 271
195 143 46
154 155 199
128 317 938
243 156 406
134 105 387
274 116 392
184 203 996
36 213 277
262 289 113
243 110 167
44 106 626
104 273 881
200 209 629
306 170 893
14 102 66
282 68 333
26 189 9
189 310 16
125 276 812
121 41 774
17 210 154
229 62 795
117 272 468
317 90 540
131 12 863
23 214 425
209 258 271
271 169 180
264 304 64
179 188 157
301 114 391
252 10 897
253 197 908
231 236 206
96 33 717
317 237 399
5 169 162
158 250 450
126 35 44
182 288 79
227 227 809
75 247 882
129 3 529
15 92 72
124 230 610
24 218 647
105 129 417
210 148 788
19 74 888
271 320 382
287 228 772
76 293 882
36 74 310
230 159 813
209 305 372
77 26 455
178 157 561
265 315 796
155 90 848
28 133 186
209 238 84
75 0 25
55 45 51
42 296 709
3 270 808
76 101 479
212 230 664
301 170 513
54 262 805
175 156 644
88 240 432
226 243 294
317 11 387
67 75 525
223 239 31
91 231 608
159 50 263
150 90 569
49 306 699
225 204 450
67 209 896
199 105 854
113 209 931
317 57 765
134 2 399
302 304 270
280 113 947
295 121 826
72 128 492
40 244 321
294 79 169
204 21 145
97 2 581
112 70 262
31 50 62
215 20 436
168 280 958
110 156 788
33 48 40
0 1 869
84 262 77
89 25 444
15 212 352
298 314 554
141 8 828
174 126 873
207 98 787
178 109 929
95 279 483
211 188 532
296 161 545
316 87 790
267 316 585
158 13 626
239 220 745
162 103 555
128 76 334
300 104 661
153 283 638
297 198 73
186 155 769
163 307 787
108 163 234
46 253 228
245 241 105
316 227 222
178 246 957
4 243 359
9 300 257
27 239 179
233 180 93
110 217 921
62 301 303
275 5 29
19 179 647
298 306 801
101 305 42
25 138 924
53 292 884
167 168 70
306 101 448
92 95 4
143 132 928
205 197 936
137 227 530
196 48 878
128 206 17
151 179 63
264 262 758
218 212 707
205 185 385
105 52 561
271 40 397
316 185 802
197 286 567
174 251 501
260 155 89
74 21 235
242 281 191
316 269 218
49 159 341
94 156 992
176 209 173
166 266 30
298 95 175
202 168 372
291 66 715
169 174 691
154 77 640
24 157 405
31 120 18
45 29 293
297 205 578
136 201 340
282 218 480
263 167 591
60 211 583
284 243 176
115 164 688
79 287 734
101 316 434
178 301 732
262 95 829
91 32 382
282 57 586
264 20 247
158 130 174
193 82 444
207 193 531
64 263 873
93 24 436
37 31 1
102 296 988
204 270 161
238 197 192
284 69 111
54 132 748
178 255 269
25 301 174
62 159 68
232 320 901
190 225 639
109 263 407
20 91 794
53 181 986
115 7 220
47 305 158
89 286 900
32 230 706
232 320 654
69 1 952
99 24 114
56 238 794
24 134 728
318 14 330
315 5 644
225 197 873
12 146 622
88 39 801
247 105 883
22 152 982
232 32 208
49 262 108
281 125 901
256 45 820
107 241 566
209 106 505
305 122 577
293 237 2
19 108 271
185 240 206
310 183 561
233 159 831
238 99 626
223 218 527
279 70 221
226 315 94
201 298 402
142 202 751
233 311 590
298 250 504
189 271 552
196 258 261
164 175 711
29 33 513
215 26 407
178 314 628
72 266 368
258 103 104
112 299 169
141 139 863
64 285 103
267 130 459
271 44 160
249 119 155
199 3 766
178 9 876
223 174 127
221 102 83
170 78 406
250 129 15
176 222 707
194 154 896
136 159 244
87 250 752
244 70 321
124 220 484
41 106 62
307 205 674
260 175 178
246 23 295
234 89 421
227 250 495
212 307 685
246 302 737
284 208 384
38 293 529
275 59 21
51 81 970
176 129 937
295 218 129
29 146 62
4 164 398
21 239 63
49 189 350
282 59 939
272 312 447
65 142 229
263 107 279
55 31 886
197 175 643
36 160 309
261 175 250
289 59 316
207 290 293
228 11 949
156 2 516
286 298 438
88 230 8
266 188 945
202 246 933
314 191 130
250 153 170
48 253 516
299 29 726
156 197 719
10 47 315
72 126 792
53 252 746
230 217 117
173 171 300
73 272 119
306 201 498
103 148 45
8 88 845
287 51 242
22 236 877
148 318 919
207 194 835
53 266 748
125 305 456
209 17 322
77 309 789
81 263 918
286 129 125
305 263 172
40 61 411
185 73 95
150 267 217
130 111 535
127 320 890
95 217 893
94 145 532
164 40 555
129 128 761
201 31 632
245 82 463
316 53 661
190 291 779
84 165 167
56 85 654
101 53 424
174 125 81
61 264 639
244 267 495
211 268 814
307 231 290
189 245 473
320 192 21
291 167 830
87 103 779
251 254 293
224 40 481
121 62 49
272 61 763
44 26 493
185 205 148
240 216 191
311 258 42
264 67 433
104 229 181
197 253 543
297 259 528
11 233 124
187 76 726
154 199 101
24 22 316
226 124 217
234 197 364
0 208 842
77 301 343
210 74 279
11 73 852
295 207 695
218 99 617
33 284 2
30 216 761
281 129 783
3 177 308
39 64 876
90 83 225
230 318 987
79 188 862
111 42 465
154 266 596
227 206 921
174 86 453
243 273 880
41 283 562
286 233 362
155 204 431
10 84 336
71 54 39
260 47 157
163 11 766
163 150 772
182 282 585
151 133 242
255 266 479
298 319 450
221 97 721
218 316 273
316 259 114
317 78 555
69 81 817
38 15 544
149 210 441
298 131 304
50 311 92
197 61 538
275 71 811
155 114 125
99 29 684
177 310 640
42 126 368
226 14 387
177 6 712
172 34 219
174 256 359
51 120 252
234 218 317
193 284 775
177 297 632
180 8 291
174 198 784
283 192 673
148 68 541
124 191 218
286 207 65
291 187 27
280 183 370
267 53 660
124 218 128
267 14 830
109 105 537
110 174 576
306 213 355
86 142 85
31 187 674
157 43 660
87 64 859
285 92 154
125 151 741
76 61 271
181 56 334
38 278 65
99 1 715
56 120 277
64 6 556
4 318 874
203 187 37
41 51 236
87 101 84
222 73 962
13 257 194
137 69 74
182 12 950
211 247 124
300 256 360
155 51 926
104 116 780
273 181 608
221 167 804
143 316 521
252 52 110
258 31 428
215 274 726
41 37 202
70 244 196
222 61 736
246 139 325
214 69 98
317 237 17
296 158 376
120 151 525
297 168 547
110 234 225
243 21 197
184 250 732
43 62 344
98 192 653
127 134 946
212 223 999
230 83 785
48 39 38
10 319 604
79 76 497
235 73 371
294 17 851
226 315 308
63 19 710
275 48 49
225 274 60
185 227 557
2 40 786
189 44 338
52 30 889
14 161 968
251 28 438
252 297 720
250 319 108
184 158 327
96 311 386
306 98 648
100 233 517
23 223 18
205 159 544
30 67 734
57 257 634
227 139 376
31 303 381
170 204 968
13 76 478
83 284 850
285 3 292
221 116 152
282 106 9
292 204 650
178 165 964
126 37 680
196 25 399
286 264 331
191 89 762
267 82 686
186 301 726
202 246 465
228 81 801
249 50 33
263 31 712
219 241 206
30 155 409
208 81 494
227 197 356
34 206 201
32 183 865
308 163 304
137 34 513
277 57 129
7 20 251
156 107 975
13 252 172
307 188 631
278 275 585
71 273 644
2 175 784
190 262 127
5 268 900
54 209 520
83 75 462
34 213 537
165 175 76
71 230 804
184 224 344
85 131 321
285 79 538
217 6 944
222 126 891
189 39 743
189 188 143
207 88 376
202 169 948
218 226 205
46 10 692
72 299 912
136 259 706
315 106 19
211 108 66
23 264 496
159 199 464
63 285 507
164 253 876
114 99 253
314 311 380
100 159 980
167 71 955
307 31 211
170 67 161
62 53 46
223 21 816
282 272 831
162 201 951
252 211 177
58 110 736
312 167 395
273 260 447
153 43 201
56 69 964
275 235 623
70 287 612
40 24 158
268 184 176
116 153 851
304 271 454
43 239 120
316 93 963
109 243 488
131 226 988
249 183 666
308 180 895
105 233 685
64 119 567
134 5 301
60 58 962
198 149 302
202 93 887
50 221 478
232 314 625
220 204 377
84 206 876
287 85 469
10 195 421
77 84 38
87 68 696
8 192 425
17 179 654
275 188 154
24 152 154
194 112 748
309 166 515
42 317 697
126 216 987
146 146 935
165 160 876
71 147 125
74 60 986
19 293 275
72 202 668
15 316 74
242 92 179
154 260 949
138 229 265
45 40 231
94 114 943
231 111 740
2 79 326
287 108 55
59 24 831
266 301 640
316 308 397
152 169 417
117 90 844
264 276 627
143 265 559
294 55 200
9 258 171
57 166 154
156 32 1000
21 193 847
264 172 456
142 310 494
123 308 226
256 198 244
233 303 532
147 250 744
132 14 828
249 216 743
61 150 578
138 60 918
269 211 481
188 120 232
6 236 706
176 161 276
269 118 30
275 58 396
181 88 370
284 65 922
276 74 526
229 2 54
110 36 295
67 275 336
10 139 942
24 207 302
27 163 670
223 76 785
189 76 620
318 150 304
37 92 688
51 64 334
37 199 576
233 162 44
110 44 795
291 247 654
179 286 212
155 149 862
111 297 901
139 36 517
81 181 853
308 151 756
57 200 594
105 45 766
239 67 619
97 214 189
55 302 331
76 286 537
184 148 514
167 315 330
237 50 948
55 241 632
184 316 397
243 248 479
168 1 999
296 186 441
221 131 1000
31 262 456
309 100 263
57 237 873
136 240 217
278 205 203
70 95 551
224 255 726
204 281 779
296 240 935
15 262 833
139 20 67
302 72 698
171 112 937
167 307 634
221 99 93
115 15 927
90 204 117
78 146 604
154 252 22
300 222 66
309 246 395
157 112 800
11 191 436
264 133 259
16 186 72
110 18 170
204 24 566
22 117 71
293 270 239
117 103 262
172 286 63
243 217 865
40 149 497
169 123 878
311 212 849
124 20 116
91 250 352
233 109 708
305 5 935
54 305 467
15 169 633
167 165 690
26 69 203
194 14 957
211 316 270
171 24 513
201 220 241
195 146 996
291 270 589
267 282 385
318 309 979
237 68 357
298 200 82
163 252 433
45 223 600
33 265 881
139 300 977
91 277 226
237 228 757
118 83 563
49 41 739
304 79 891
147 140 834
194 164 107
140 20 217
243 225 783
165 174 588
22 100 191
296 113 462
243 59 884
61 223 115
154 25 7
70 248 506
61 126 771
117 224 968
215 179 857
29 139 685
147 193 766
313 195 977
255 79 922
6 35 553
22 317 940
122 134 520
273 201 854
303 265 109
79 194 601
40 105 376
111 132 790
191 80 1
237 239 53
291 254 821
240 319 91
75 48 7
62 265 316
304 65 876
52 254 500
108 117 84
123 285 317
98 91 2
85 100 368
123 125 747
260 15 220
97 125 753
61 102 82
265 201 134
15 145 192
262 274 35
119 241 706
35 107 675
292 16 456
245 310 893
292 230 185
314 196 478
31 314 761
135 144 789
11 223 341
29 88 761
172 38 991
211 59 551
172 106 235
15 21 136
175 25 24
65 41 464
42 19 578
35 196 590
145 45 816
153 86 626
105 286 181
215 228 324
41 177 161
57 156 223
28 80 433
79 170 33
63 129 202
29 148 801
282 214 586
118 246 733
145 192 996
147 70 183
133 123 50
55 0 446
204 237 40
260 154 772
47 13 721
90 134 926
188 13 858
226 39 608
239 179 45
246 303 859
263 238 887
202 141 934
303 217 30
118 32 785
283 199 105
44 221 438
299 1 891
306 255 310
76 226 967
155 48 702
242 285 872
121 299 867
273 67 919
141 78 311
257 41 43
107 299 892
151 232 795
253 230 406
307 212 549
125 49 558
28 243 376
306 235 82
317 147 878
129 265 830
82 236 225
62 251 137
292 169 788
126 97 94
274 64 373
5 85 560
112 17 115
24 162 540
175 56 304
297 169 455
80 38 83
151 76 700
205 37 670
212 160 612
63 48 530
179 229 26
281 154 483
261 282 667
112 131 264
305 132 727
304 56 852
47 287 58
227 260 361
262 267 925
135 64 896
309 54 373
216 275 32
6 62 839
241 69 872
143 96 771
45 272 845
63 267 96
131 84 728
231 38 563
211 22 390
265 53 880
306 243 250
293 29 690
216 11 668
216 244 75
103 234 698
266 36 343
90 186 437
158 278 557
23 224 553
87 102 241
194 228 351
246 300 828
243 98 587
256 141 869
234 53 909
271 49 33
238 192 904
117 243 397
187 29 986
260 247 902
161 32 987
278 137 291
261 88 830
146 204 184
284 118 31
93 30 132
94 291 124
166 260 76
57 304 709
143 312 292
118 296 900
193 196 868
310 309 885
131 174 450
135 201 808
49 162 496
145 102 801
251 203 307
152 309 806
169 216 229
26 54 755
24 272 850
151 90 660
203 252 910
21 282 586
133 308 328
260 285 586
56 47 899
209 206 250
147 153 246
190 197 580
213 281 172
119 177 293
51 155 723
290 242 29
158 43 901
210 31 144
202 281 672
298 105 902
181 56 12
282 46 483
143 8 637
30 300 953
195 314 460
227 209 121
116 107 570
243 87 138
259 67 702
11 47 491
260 226 511
59 267 938
184 85 300
111 128 628
288 169 559
276 14 513
126 3 32
5 107 257
131 230 816
221 153 747
94 126 95
152 268 574
108 298 780
194 289 993
4 282 687
45 71 638
287 79 109
57 175 580
122 61 229
14 156 48
146 168 927
195 225 687
230 160 220
79 273 120
202 199 29
196 275 213
210 173 94
155 86 306
109 94 726
164 130 904
122 273 804
296 17 931
134 274 955
40 79 40
92 205 971
250 11 960
24 281 494
286 192 897
22 124 419
98 250 77
93 50 60
312 204 763
314 288 794
309 303 257
234 208 560
149 40 389
45 92 170
263 42 477
163 60 687
153 256 161
131 110 973
307 77 847
185 122 826
141 188 243
63 77 513
229 21 117
303 122 532
56 246 152
175 102 104
210 97 216
68 214 740
230 285 955
42 226 188
216 244 834
2 42 77
243 115 312
260 216 650
182 193 910
68 301 950
234 299 171
26 187 428
63 280 657
76 306 706
127 81 12
54 98 992
91 62 52
237 118 614
234 86 621
313 160 434
264 182 288
221 79 921
228 20 604
302 295 405
317 224 994
310 198 186
106 49 149
171 221 807
228 39 401
151 37 628
66 146 541
37 198 657
49 251 863
213 85 529
116 6 936
83 109 43
99 1 184
210 187 747
168 123 456
229 283 86
68 262 814
214 159 721
38 135 945
207 296 562
166 119 417
142 243 599
153 211 862
279 188 521
67 252 571
99 7 651
305 245 440
264 41 936
308 4 866
185 309 897
39 204 461
263 233 909
238 91 351
196 298 903
306 87 21
122 184 284
66 311 849
307 260 514
301 201 963
56 135 370
198 217 949
266 58 725
127 57 959
50 0 108
33 8 467
50 99 261
27 287 530
251 207 847
152 39 4
239 120 630
248 272 30
20 284 364
160 70 304
193 146 9
53 212 776
170 293 853
51 190 92
288 249 258
36 310 426
178 209 359
46 193 58
137 205 526
114 234 445
320 65 805
296 310 750
163 165 661
296 200 280
85 38 860
52 85 616
52 277 72
320 122 840
200 127 202
93 135 619
287 95 47
128 44 867
156 11 815
274 252 745
108 229 275
201 203 965
65 208 546
285 89 75
40 243 452
66 197 646
305 169 752
188 119 440
208 7 674
95 283 180
135 4 229
320 15 512
196 202 207
136 20 66
102 310 351
289 196 78
144 270 28
211 161 469
20 259 551
45 47 580
196 290 464
53 205 156
270 256 236
217 161 417
276 39 900
158 42 889
26 46 535
65 238 926
290 6 202
187 317 166
247 194 6
268 295 497
274 181 122
63 185 119
132 193 627
61 185 183
127 171 250
207 17 129
57 218 846
143 223 47
197 145 959
180 84 177
50 310 139
214 7 191
69 123 866
32 309 261
133 281 834
64 284 8
288 62 184
60 226 312
60 116 240
78 15 649
158 67 350
87 265 49
179 259 888
6 149 292
101 46 618
295 106 709
75 235 345
5 178 766
73 107 438
11 220 966
121 123 536
185 79 454
153 106 282
252 19 755
193 184 248
135 249 205
54 48 47
318 135 677
162 143 208
249 94 100
304 251 233
191 265 858
313 73 804
31 44 994
252 82 134
108 202 466
31 30 807
190 243 90
256 173 329
180 165 131
57 35 446
197 186 654
197 58 273
131 281 868
174 87 333
298 105 58
108 240 13
212 287 671
236 204 956
97 22 15
151 293 968
226 127 24
277 9 968
254 215 932
49 61 842
134 308 121
169 86 722
168 180 861
115 315 805
187 220 896
315 106 456
288 19 513
71 211 367
312 122 488
253 180 682
84 35 993
176 258 539
135 66 500
173 92 857
239 238 806
2 128 959
113 208 945
234 147 220
65 103 902
300 235 714
307 223 187
260 95 607
120 172 773
316 12 113
126 33 161
75 72 87
309 222 581
133 216 885
304 150 814
311 75 835
263 313 543
110 15 174
42 96 398
301 151 217
53 315 964
206 319 738
231 120 700
171 115 955
144 310 281
158 232 737
81 217 603
147 113 672
294 61 638
80 63 706
255 253 730
122 318 967
281 245 882
237 320 633
308 316 281
131 104 857
305 218 268
100 28 987
165 138 543
159 33 930
99 194 801
316 279 817
193 276 563
34 40 941
259 227 665
53 11 544
301 119 77
247 3 991
225 186 833
209 143 422
100 304 691
306 122 501
155 130 514
149 45 241
213 120 964
171 212 677
267 18 277
33 180 944
90 79 83
205 288 837
38 168 561
113 126 837
57 166 517
31 310 164
230 283 649
95 32 891
253 252 296
189 196 908
262 84 68
192 170 479
195 84 167
200 214 602
160 261 892
217 1 284
72 66 191
295 172 270
103 228 456
224 205 896
271 301 871
292 11 188
248 63 526
309 197 421
200 44 129
85 129 765
306 124 561
102 122 487
16 179 280
123 37 494
246 229 751
57 74 57
121 76 550
67 276 252
188 274 884
201 262 613
69 216 951
44 190 904
94 102 159
303 180 77
243 28 216
0 43 624
45 252 254
221 52 796
64 184 796
50 37 559
277 282 886
85 146 462
67 137 61
167 93 147
238 265 377
252 144 885
228 211 316
318 180 701
121 173 665
106 9 225
96 169 859
27 0 446
191 215 223
96 40 156
114 256 885
88 320 709
293 107 16
215 242 492
69 142 817
187 98 53
135 302 209
312 214 803
205 237 873
281 179 599
97 184 468
302 46 357
90 12 95
50 33 126
70 274 53
153 242 600
61 14 791
306 20 537
176 287 822
65 34 368
219 174 813
209 318 368
227 225 643
179 108 818
107 278 505
256 257 717
123 196 326
216 92 556
89 153 866
34 253 890
289 271 465
308 89 352
161 22 216
125 263 923
300 141 989
283 225 416
229 121 554
228 154 966
43 107 606
303 47 407
28 164 662
201 77 845
270 286 94
122 73 715
248 44 902
33 139 443
97 190 562
41 244 744
143 16 402
0 101 187
320 93 162
305 89 781
65 226 399
312 124 786
86 285 872
111 295 734
203 243 904
258 2 796
10 173 181
45 68 338
251 247 942
99 312 730
68 218 228
61 239 619
36 89 434
303 218 105
156 204 764
56 288 493
297 54 522
127 237 606
90 234 83
122 174 360
80 70 305
303 78 198
214 0 458
10 68 856
22 135 639
219 266 877
201 317 242
20 309 17
143 24 448
163 212 846
150 95 146
68 115 645
170 214 675
286 306 914
169 138 420
200 125 134
291 186 402
204 210 310
167 91 885
5 93 567
160 43 536
312 203 184
160 180 785
72 69 213
271 298 700
233 28 115
95 79 609
170 191 959
232 141 322
50 104 655
245 285 447
221 198 757
70 300 261
175 260 200
28 317 66
276 126 902
89 201 699
56 57 321
189 43 191
138 42 892
112 126 28
156 320 139
230 76 691
224 101 977
80 90 917
301 187 441
36 229 619
89 187 420
212 278 828
35 7 515
114 205 668
176 288 490
196 50 267
287 247 650
309 19 700
196 239 970
59 252 827
28 298 952
254 139 374
302 83 196
116 233 402
218 10 319
161 150 477
300 219 694
158 91 225
67 237 120
44 253 500
176 20 138
80 56 791
58 313 172
125 118 793
58 306 732
9 17 237
278 96 897
57 217 330
215 85 211
95 156 648
157 52 597
55 262 456
290 227 941
146 82 829
80 163 479
282 221 462
83 44 826
297 29 792
220 64 57
159 31 914
294 92 591
278 102 476
14 34 657
317 211 361
79 123 727
193 272 166
116 201 974
159 319 307
33 252 577
4 78 795
194 257 672
292 245 118
69 255 587
13 198 632
320 120 515
278 48 537
10 309 961
21 244 268
182 281 302
182 155 159
220 54 967
51 241 263
226 43 795
245 164 916
203 161 674
161 86 868
9 261 629
102 153 358
147 181 34
215 0 639
219 259 442
184 134 578
65 243 671
177 283 517
118 27 123
196 238 262
105 218 618
59 317 105
10 260 739
216 114 111
118 212 198
208 305 166
299 13 735
316 289 348
69 179 474
178 252 981
235 57 953
203 217 248
194 215 719
134 54 496
209 272 234
123 169 217
219 314 955
298 243 154
182 253 465
284 87 850
233 204 965
123 113 968
76 246 645
123 57 573
161 154 471
278 17 115
307 208 856
221 286 410
188 140 191
151 288 982
198 182 549
261 308 155
69 189 15
3 173 170
267 40 721
140 318 431
103 157 424
254 277 352
176 177 710
276 139 670
186 210 575
76 246 140
38 320 815
251 131 369
311 1 367
102 316 636
247 235 692
60 52 285
73 200 448
309 164 654
75 151 207
157 78 36
314 87 767
311 226 875
64 133 355
166 182 748
127 276 507
26 204 255
18 49 240
216 24 561
146 257 412
29 213 995
282 42 252
236 161 622
95 157 308
208 128 658
45 298 211
285 223 459
269 72 646
195 121 220
263 292 396
186 191 471
255 240 883
203 203 225
20 165 556
160 277 367
99 57 21
13 237 754
291 264 531
90 151 584
54 62 887
179 207 530
110 281 107
190 261 493
222 220 820
268 146 632
159 49 308
5 166 518
303 107 945
56 181 954
6 38 626
30 205 993
108 15 792
230 64 829
214 288 662
104 239 25
202 124 920
255 218 118
278 290 514
166 267 744
83 155 879
17 250 437
162 288 583
258 290 942
161 68 574
126 282 804
267 157 197
186 317 368
153 94 543
252 280 994
79 273 252
21 142 900
301 180 124
36 225 892
16 31 923
193 292 237
278 185 134
142 228 577
4 273 332
11 109 517
86 317 533
28 298 426
220 261 610
243 198 544
164 233 119
178 305 522
51 286 400
6 132 323
187 5 600
152 0 893
37 61 323
117 79 959
111 154 280
124 58 361
71 25 639
140 184 419
99 14 269
3 30 801
67 275 371
240 229 531
220 212 121
46 60 687
118 122 395
106 176 486
91 140 164
160 33 867
201 126 453
317 8 136
35 181 640
232 82 369
209 199 541
22 294 785
161 280 79
318 69 385
87 28 679
122 309 196
306 58 29
276 238 162
189 265 708
282 227 278
126 140 341
12 144 579
298 246 588
174 58 320
44 50 729
89 161 710
307 140 740
183 62 828
307 128 532
306 300 604
137 158 382
152 260 543
273 304 305
269 56 473
138 69 368
127 304 820
92 139 721
215 299 815
121 16 474
240 18 618
208 152 310
80 153 329
189 212 69
68 215 423
107 46 984
122 115 330
300 160 819
153 315 910
249 245 367
137 70 610
268 264 560
103 282 867
97 16 235
19 109 958
30 45 867
271 129 322
143 293 141
249 202 267
197 284 744
4 317 694
244 259 195
13 125 52
57 280 250
125 25 586
196 18 630
154 319 481
77 189 850
245 147 590
266 313 817
84 228 657
97 319 867
267 55 886
298 130 955
36 260 826
59 301 356
16 183 791
185 136 935
231 124 258
219 219 913
148 298 73
88 34 248
315 52 494
70 299 466
155 207 341
252 100 411
272 297 203
185 136 867
81 78 717
9 286 155
251 191 163
260 110 218
75 147 707
74 11 214
298 167 883
169 319 39
76 7 464
162 205 782
304 21 192
307 126 696
299 256 107
171 98 523
301 119 865
312 173 458
107 182 979
190 36 455
257 109 619
0 250 891
124 71 260
75 177 929
249 90 913
142 35 274
220 303 937
122 85 796
136 155 593
25 77 817
204 67 703
133 262 188
198 196 62
28 216 820
110 284 726
213 163 703
215 280 995
107 269 308
168 58 564
314 61 600
42 11 928
106 281 594
27 49 888
84 230 74
260 260 731
253 291 791
16 165 186
44 267 987
159 81 355
149 270 410
11 150 625
97 295 470
176 54 355
277 188 264
17 30 636
37 295 845
171 242 394
50 28 532
271 249 240
299 15 18
96 119 270
35 226 975
56 174 733
309 94 827
141 297 935
126 75 416
125 185 147
27 198 197
210 114 972
256 49 16
320 186 338
80 230 583
110 90 987
166 309 594
61 70 367
277 206 370
320 0 545
271 35 423
155 175 121
80 308 56
155 230 672
1 281 277
89 98 272
4 168 139
313 43 601
59 174 295
253 161 62
196 117 274
260 309 562
26 26 745
281 124 325
118 26 913
43 238 547
90 317 432
280 173 804
99 84 845
106 146 793
10 179 971
228 204 11
171 303 783
232 261 614
29 282 103
72 273 106
240 140 386
35 119 853
261 223 198
123 245 261
126 294 723
215 133 764
173 174 347
307 31 911
258 150 981
168 147 483
296 103 20
298 292 979
302 179 621
103 107 303
186 115 955
270 102 457
167 155 144
201 319 279
106 67 18
71 17 949
4 147 371
209 2 617
6 83 153
85 176 22
188 116 424
56 110 237
283 285 859
173 196 116
79 272 791
79 279 925
125 189 858
258 208 62
73 245 858
235 33 291
60 162 862
295 148 46
121 258 621
287 242 776
140 212 155
283 145 61
233 128 402
100 48 648
102 44 882
155 111 5
172 232 61
37 203 135
184 57 650
88 134 67
5 69 952
195 217 924
260 156 274
40 129 228
123 176 841
310 110 398
82 26 576
320 298 31
239 313 42
0 262 947
243 280 373
38 108 763
195 112 348
59 243 283
78 166 706
116 161 554
263 295 412
21 270 198
178 28 977
172 83 283
251 124 939
223 198 954
310 213 884
261 60 885
314 162 139
54 53 9
40 202 803
105 192 431
257 272 541
317 240 452
56 284 434
312 61 146
90 116 422
244 238 623
222 293 652
169 51 801
264 80 152
288 131 372
146 140 513
227 73 498
233 227 29
109 295 920
291 65 706
128 36 612
6 227 154
290 98 358
49 178 972
59 235 855
195 87 917
227 294 933
167 75 647
236 35 482
12 152 594
74 311 553
258 292 84
266 142 111
106 251 885
210 305 64
69 2 599
289 204 809
266 284 58
141 8 156
233 239 775
257 253 660
215 92 450
244 294 623
22 282 312
315 65 524
252 144 553
292 229 328
42 164 565
172 127 215
10 106 643
67 1 986
167 23 427
221 17 615
105 213 854
275 138 68
304 43 962
225 197 17
244 227 806
58 39 602
299 205 478
258 272 367
42 184 648
235 189 282
294 115 231
249 165 637
106 36 67
62 195 78
256 318 568
262 106 252
189 180 589
279 86 413
76 315 570
21 92 37
35 90 461
190 134 9
148 82 781
142 88 48
320 145 61
191 262 509
2 180 240
274 102 392
141 55 937
317 131 106
33 302 921
304 182 566
95 308 499
132 76 242
117 227 88
302 9 423
213 151 35
310 1 107
227 103 395
83 301 941
277 318 247
209 0 780
201 309 584
95 207 702
207 129 970
249 240 244
32 94 200
217 17 259
304 231 632
306 287 691
111 213 882
268 149 300
237 134 116
119 315 200
236 226 76
182 253 898
189 283 919
19 50 352
307 53 581
134 62 151
155 260 935
86 195 938
163 15 610
277 127 12
34 129 746
175 247 702
8 48 380
263 82 697
264 52 335
24 103 917
165 247 531
255 255 644
286 193 465
23 295 497
310 98 265
135 0 926
91 184 135
299 160 635
316 0 286
258 297 262
235 209 653
175 127 693
207 88 257
91 299 138
186 7 182
82 194 221
90 38 481
279 263 438
289 163 725
104 137 399
82 15 725
219 248 551
296 241 918
64 263 501
243 268 895
250 39 86
148 195 434
207 51 792
311 19 517
42 143 246
155 41 339
105 55 510
176 299 367
161 11 977
320 136 879
136 304 648
187 297 51
36 134 348
286 133 663
100 210 298
176 180 717
1 302 117
271 200 2
97 34 847
252 23 67
88 294 337
268 55 414
124 191 104
138 0 686
167 146 904
201 56 395
283 267 457
260 112 654
98 138 878
140 189 628
304 116 309
262 196 477
11 240 226
219 266 203
129 279 299
31 84 672
33 4 592
168 296 581
215 211 189
214 143 57
81 311 308
183 177 746
163 13 626
210 74 341
168 162 232
80 76 912
259 79 280
194 179 910
222 21 944
61 247 490
213 152 62
160 228 895
68 156 219
167 46 383
218 118 334
285 263 41
280 174 65
231 264 458
318 34 215
191 222 906
194 57 662
269 278 367
186 90 798
272 83 576
277 168 274
314 149 571
133 230 841
181 223 242
102 66 42
277 84 987
22 134 911
311 229 216
3 20 220
151 293 965
24 295 325
223 0 77
39 10 84
119 86 872
139 247 663
236 309 234
20 152 131
184 236 345
46 79 8
208 28 450
26 306 689
284 76 245
112 256 275
156 282 838
240 26 520
179 0 377
115 303 551
51 16 248
63 114 5
247 253 584
132 319 338
304 41 178
214 177 894
306 292 442
93 177 976
307 124 695
176 177 205
49 66 667
165 53 747
129 291 928
252 42 761
156 154 904
135 231 774
125 84 129
231 285 845
235 213 891
241 63 897
274 38 950
131 319 693
92 107 472
34 80 515
149 93 66
163 187 533
162 95 816
15 256 159
226 61 242
225 110 27
116 8 179
115 52 916
201 105 454
2 172 769
201 124 539
64 311 596
111 205 409
158 25 36
265 275 620
3 11 62
238 63 655
87 64 379
53 175 704
274 303 241
121 217 23
243 27 561
211 176 386
36 53 177
28 101 611
27 81 916
299 193 234
231 224 376
123 291 101
116 266 570
291 298 945
311 160 249
107 152 863
194 181 84
188 267 491
57 39 571
64 237 887
218 40 846
159 37 67
219 214 93
228 16 145
91 261 210
128 171 877
218 260 243
83 65 795
159 38 421
212 42 239
206 268 385
136 118 913
115 237 124
212 264 787
26 179 198
143 158 859
70 262 267
213 226 429
24 39 430
278 70 527
281 266 156
165 91 103
201 171 822
139 117 256
302 57 159
229 182 272
53 174 742
54 12 866
176 276 93
261 309 987
308 261 15
232 153 111
128 282 126
68 176 803
210 160 469
103 292 968
154 277 729
291 134 230
146 292 759
239 114 758
262 231 412
191 87 646
138 317 947
162 243 424
318 247 884
184 97 663
275 309 17
20 1 472
224 71 707
112 219 608
286 156 823
121 248 823
129 190 994
19 320 465
234 136 53
2 141 877
279 29 86
121 178 159
140 115 95
300 252 924
51 44 452
64 7 486
295 193 654
254 235 691
59 142 748
274 219 989
203 59 411
308 85 997
315 249 321
314 55 977
134 44 654
269 50 133
161 162 539
183 77 375
138 177 628
92 249 847
29 175 887
230 275 781
41 266 440
314 5 174
156 196 814
78 278 905
220 252 599
184 51 961
92 131 30
240 248 568
293 294 493
5 278 845
19 169 439
23 175 898
9 174 286
229 262 969
43 202 683
185 52 287
76 297 359
265 137 19
161 128 443
295 320 30
102 312 392
47 74 844
71 90 70
18 217 33
65 134 536
210 35 796
209 262 689
85 57 215
304 271 224
43 61 261
48 144 74
19 300 340
247 37 2
103 265 885
129 57 709
138 78 891
146 28 51
237 193 989
106 240 284
208 174 173
152 311 60
48 144 481
166 58 343
216 69 692
18 236 733
186 33 611
265 251 560
300 297 568
239 268 61
135 99 208
47 102 495
119 155 414
100 212 60
122 289 648
59 138 498
283 202 288
129 263 225
176 197 321
36 76 500
290 137 315
271 265 574
36 318 783
299 122 303
51 86 720
37 220 694
233 302 403
98 84 736
50 135 253
177 126 778
45 4 47
132 277 273
302 210 0
167 128 270
280 165 107
265 117 21
207 301 194
65 109 406
247 269 516
139 235 193
194 41 170
33 83 859
3 1 712
319 245 178
58 237 543
97 303 987
81 40 318
269 281 379
82 141 511
8 80 571
285 252 973
226 108 149
12 84 360
134 21 144
270 7 981
109 286 812
241 38 637
37 132 854
31 278 529
235 155 650
24 275 453
95 284 195
250 0 439
247 82 317
266 52 690
264 27 206
144 182 328
141 178 408
150 129 993
268 52 4
66 170 521
2 132 710
112 260 666
234 199 219
295 39 831
161 92 764
238 29 511
276 20 349
221 246 131
201 266 801
242 38 346
225 177 71
10 207 239
142 106 400
155 136 270
302 22 622
167 115 603
113 32 2
249 140 788
3 302 14
144 263 214
86 182 807
133 193 702
105 69 906
208 220 390
112 258 207
186 49 773
120 100 911
56 74 850
306 292 219
96 109 47
0 177 749
213 157 250
26 108 902
316 41 892
262 108 468
76 126 406
20 188 737
305 244 537
90 207 259
314 159 997
194 105 351
286 64 316
287 177 552
283 76 4
97 226 648
307 250 657
313 273 965
161 106 902
202 37 346
204 288 493
295 283 515
4 49 79
225 305 407
145 253 762
267 283 661
44 286 987
73 218 825
202 167 630
224 263 909
40 164 456
266 39 696
134 93 652
196 112 246
137 111 731
157 277 998
156 283 416
12 136 362
285 314 997
84 86 398
256 102 401
254 6 154
73 25 56
210 35 846
129 164 534
15 77 434
140 120 358
256 131 831
124 246 571
299 292 194
29 175 415
161 238 618
102 3 604
271 97 500
128 221 740
24 191 751
283 214 314
132 194 377
181 191 289
94 260 550
8 240 430
264 153 554
51 26 320
245 293 726
320 23 617
29 158 713
32 147 642
311 274 333
220 215 83
99 49 868
282 218 111
35 199 837
27 257 652
253 144 439
237 123 355
247 219 660
94 178 281
162 291 512
46 217 568
279 216 420
273 103 586
165 32 384
18 77 125
75 99 160
137 248 607
224 300 463
199 96 684
52 6 549
79 239 952
211 229 36
241 16 264
301 128 559
297 230 911
318 302 161
69 44 910
284 120 834
233 225 693
57 314 204
39 222 63
279 229 123
132 256 993
91 99 344
190 12 759
273 232 622
104 248 206
62 318 634
248 45 84
61 149 293
210 25 360
118 9 52
83 245 507
115 318 333
177 282 703
110 17 172
104 109 755
297 216 530
228 73 252
151 107 512
222 18 988
15 201 349
221 38 251
236 163 902
149 307 987
181 62 165
304 52 598
304 299 547
43 171 826
160 183 625
111 78 859
273 113 545
4 184 36
0 299 981
216 220 160
46 291 798
28 137 86
10 95 646
283 54 711
299 221 612
143 25 6
8 273 300
254 264 360
283 252 828
81 204 881
11 56 194
169 77 723
212 63 256
238 225 196
165 319 750
213 224 408
102 37 390
280 107 285
118 265 577
118 43 108
149 266 120
122 116 309
37 267 347
271 114 450
159 160 285
210 218 156
108 137 388
172 66 479
153 197 862
155 193 977
158 13 978
75 294 721
193 270 595
188 301 637
201 113 754
186 275 864
263 218 893
175 312 516
167 253 476
142 34 393
102 135 323
17 47 973
245 194 861
300 159 669
135 12 381
233 26 75
156 32 639
73 92 34
208 124 721
13 15 956
85 174 870
178 277 391
258 173 114
220 172 56
307 33 429
45 175 748
305 189 939
180 46 982
231 277 989
160 28 696
142 223 725
209 212 244
76 81 131
106 105 59
226 174 631
201 159 875
42 203 537
174 120 965
49 83 791
239 75 701
130 310 902
201 8 995
158 135 187
154 243 675
274 111 38
236 123 912
45 251 368
36 198 352
232 221 695
317 209 461
143 86 873
49 211 175
105 256 272
303 94 943
65 95 944
255 46 951
207 66 808
313 255 965
247 14 994
311 204 847
141 155 408
319 303 989
168 293 289
89 295 981
85 247 415
10 313 909
141 92 572
203 43 363
132 277 717
147 246 479
163 184 109
286 161 584
123 24 54
53 173 258
168 95 183
137 216 270
9 17 150
250 31 300
189 252 85
20 40 873
103 234 186
127 153 240
196 119 507
203 267 777
243 231 380
13 302 579
308 117 58
69 168 716
119 257 110
319 193 954
49 16 585
69 270 505
105 79 47
280 264 523
18 71 847
239 305 666
256 22 226
269 57 399
289 216 549
305 119 663
266 109 215
105 248 499
188 205 572
70 134 267
127 42 744
287 71 114
242 254 510
139 2 334
80 166 870
159 102 543
81 267 299
214 91 210
80 318 627
309 97 239
73 65 936
181 116 312
210 170 722
308 263 41
166 154 918
55 149 425
73 269 586
25 144 183
277 204 543
108 235 413
183 298 692
94 175 554
272 120 462
182 94 947
210 231 119
40 236 702
309 127 579
42 173 80
1 155 690
123 7 954
303 146 819
86 275 779
111 272 66
202 37 900
285 102 103
105 254 658
27 320 277
65 197 130
47 294 913
212 227 423
51 111 12
141 199 950
254 128 344
143 280 746
116 301 41
116 110 557
73 31 926
263 53 205
32 212 19
210 132 24
37 41 78
50 146 931
26 69 43
268 86 886
101 64 69
296 43 746
252 85 337
212 119 672
89 143 175
45 291 168
51 317 749
244 8 969
311 3 150
27 59 122
0 89 868
46 115 283
45 319 800
35 282 518
281 165 871
110 258 845
157 114 498
318 219 736
113 191 300
206 231 203
313 123 675
41 221 797
15 5 108
127 144 563
64 65 509
82 181 388
80 8 420
264 301 491
78 107 967
221 297 925
269 48 117
58 155 988
112 41 802
247 10 76
211 117 561
138 200 192
42 150 567
261 89 494
27 184 488
116 168 17
134 69 947
238 212 213
124 225 222
307 106 126
290 210 816
131 146 800
15 241 682
21 122 680
177 211 868
91 163 575
270 2 299
308 103 860
157 167 326
145 297 788
114 176 891
32 250 166
222 136 34
85 229 560
100 112 29
58 255 777
317 215 47
135 34 608
191 29 925
293 101 183
115 278 205
142 168 670
181 274 674
307 165 241
171 69 977
71 90 42
311 242 719
297 65 735
309 177 67
6 146 996
111 279 465
203 178 990
215 268 51
218 274 48
38 261 667
164 135 532
183 40 259
120 77 890
204 291 216
279 128 79
86 210 454
26 216 558
279 289 187
92 74 81
20 199 916
215 20 464
127 0 97
18 66 622
119 279 302
210 53 33
168 13 414
9 128 351
67 141 218
260 22 243
124 261 408
171 269 349
310 51 734
178 214 140
200 131 604
56 248 84
310 265 376
171 212 95
213 256 936
129 315 147
213 151 523
264 307 491
243 253 301
128 286 970
198 114 254
136 316 16
153 87 73
227 93 860
133 184 172
309 15 779
297 305 527
14 240 13
70 156 944
158 151 849
143 115 774
86 287 862
314 72 794
84 181 285
88 186 739
220 267 486
132 75 445
40 236 958
93 15 33
16 171 663
259 6 89
34 194 904
153 142 829
282 130 687
113 92 881
48 60 393
18 173 249
199 90 660
21 202 681
316 5 602
125 283 16
296 3 409
7 63 284
121 234 346
45 285 136
129 230 637
267 163 108
90 20 936
173 319 332
283 264 461
87 135 335
132 186 648
160 210 755
18 40 821
290 291 307
299 97 785
18 138 451
232 211 760
136 199 552
143 281 183
123 182 815
266 267 126
2 96 327
254 320 534
74 84 983
146 146 300
80 29 28
148 12 265
35 142 109
38 311 715
199 170 650
57 225 816
116 187 287
90 56 670
109 244 846
88 216 873
269 140 506
300 81 505
164 152 570
230 126 868
83 242 365
69 233 516
89 103 764
174 312 171
242 131 727
262 293 677
140 129 469
65 75 596
133 102 119
255 218 499
45 91 990
200 261 587
226 39 825
114 46 944
33 81 38
293 104 871
294 272 777
127 44 600
122 93 744
64 119 353
78 55 152
232 259 908
213 21 693
107 304 681
159 93 26
156 160 926
33 67 615
240 62 451
65 179 635
152 47 62
130 289 781
317 266 828
124 82 109
310 291 804
92 220 573
133 150 377
107 267 164
266 2 985
295 262 84
297 190 462
307 127 205
79 88 355
58 88 512
160 310 1
5 77 321
63 203 343
266 278 600
274 140 795
230 78 604
221 225 862
89 53 960
202 265 863
213 224 347
54 197 210
286 258 651
28 99 569
269 271 908
136 84 582
263 114 663
75 257 326
9 319 977
57 256 113
102 280 447
219 81 291
43 213 407
232 173 13
211 283 402
242 294 204
92 164 937
104 179 154
78 92 429
168 158 842
251 255 778
123 180 757
95 70 561
224 114 694
156 79 59
30 218 775
154 115 762
100 242 518
46 286 536
2 168 597
92 289 755
24 246 42
158 307 313
64 198 931
268 47 344
312 45 963
308 75 741
299 65 562
125 150 592
185 172 916
85 109 30
35 177 548
249 95 710
180 217 574
302 70 456
271 266 332
98 75 130
194 213 651
23 231 619
129 107 335
150 82 518
111 314 786
201 154 151
220 110 585
96 102 248
52 288 696
42 160 688
202 281 915
238 183 512
226 223 487
118 143 745
260 178 123
37 142 20
54 139 85
15 281 767
32 199 546
108 91 914
9 284 780
19 5 351
186 170 428
220 263 566
146 29 568
210 177 587
158 217 546
26 11 995
202 178 791
123 148 702
291 258 628
130 319 616
139 258 131
236 143 418
92 224 840
260 213 915
259 240 750
316 204 521
140 145 651
180 209 440
24 300 599
32 107 118
11 156 541
209 2 470
104 314 679
70 136 577
61 112 392
123 3 344
278 174 658
253 68 341
43 246 823
154 240 402
288 147 14
109 12 633
134 238 72
97 29 141
24 256 893
104 176 209
200 173 281
60 274 398
250 307 306
186 45 981
53 96 717
0 112 361
52 53 451
268 46 240
30 260 363
301 41 60
320 288 564
133 201 132
268 18 518
98 315 104
145 69 163
236 294 399
103 25 135
148 71 542
307 113 871
77 167 540
174 188 810
238 267 802
123 46 183
262 29 524
22 21 876
167 233 187
100 188 513
14 34 285
285 277 78
93 232 407
55 32 981
237 23 974
13 64 404
211 48 954
132 317 680
10 41 322
296 245 193
62 83 969
175 230 201
48 161 48
61 118 433
181 247 352
8 114 752
203 306 916
256 10 823
298 29 560
189 212 656
16 305 778
284 175 668
155 221 87
240 206 356
168 123 216
35 155 101
90 179 921
79 283 474
319 250 235
275 86 398
189 249 84
156 270 758
45 188 652
13 37 45
229 1 250
230 318 25
220 164 883
285 122 600
154 82 512
0 57 406
97 273 825
286 27 869
207 18 908
89 300 255
254 13 119
281 3 648
78 52 82
143 299 391
248 222 738
236 202 388
129 200 844
26 200 412
52 236 323
281 254 242
239 230 631
255 296 300
121 211 240
257 23 104
137 295 654
126 269 797
179 307 968
249 65 376
222 287 65
183 266 649
87 10 410
165 65 806
282 17 542
157 7 896
305 101 687
285 111 938
106 126 860
15 8 72
65 230 248
86 74 676
216 25 75
277 250 664
149 195 88
43 285 356
276 316 883
14 86 140
19 33 784
44 38 152
267 6 535
5 261 930
206 174 123
62 8 510
51 70 718
140 78 978
49 292 744
19 70 261
22 79 783
320 180 267
77 259 858
82 203 9
304 116 175
286 50 228
154 238 54
112 131 949
62 267 913
202 216 792
37 202 372
279 8 143
38 159 817
188 18 957
141 53 934
314 26 813
111 95 8
169 217 296
206 275 846
6 237 17
281 213 141
249 59 984
92 310 349
60 2 871
54 45 189
307 228 822
187 231 899
146 175 39
277 278 563
194 100 449
261 139 748
36 268 470
314 241 138
223 304 762
275 56 980
130 282 639
170 29 136
213 309 128
180 203 5
39 86 666
197 285 647
191 227 940
217 138 151
63 309 956
9 269 218
74 163 3
211 296 916
270 266 284
154 294 225
296 268 636
196 59 686
239 233 383
241 212 229
269 252 978
51 207 251
318 219 17
305 207 449
91 152 817
147 206 974
271 143 101
36 319 5
25 47 400
291 198 88
165 140 414
191 5 882
219 192 427
65 141 888
76 100 641
154 201 725
93 19 820
204 194 734
179 225 305
83 230 925
283 124 661
268 295 944
232 232 34
276 251 594
82 276 658
34 309 887
196 123 826
163 188 787
281 158 370
82 164 802
171 249 218
233 72 689
234 286 101
49 172 281
186 274 747
213 104 95
130 112 537
194 4 772
159 66 413
202 156 555
179 90 762
81 186 378
191 137 431
277 158 478
133 38 743
6 219 156
100 52 494
34 167 431
206 10 924
137 132 941
17 49 172
2 215 311
99 137 8
135 39 593
270 251 117
177 258 265
253 123 955
314 77 779
150 152 246
294 176 328
82 97 482
176 261 512
212 188 470
185 291 842
175 182 684
163 38 536
177 150 250
227 157 899
104 15 652
216 219 687
67 147 377
314 90 505
149 67 522
43 312 844
15 317 992
305 227 864
142 127 472
3 100 527
138 19 526
230 316 145
151 8 603
52 163 218
81 106 135
176 57 459
291 70 793
290 133 409
274 277 840
135 23 76
279 263 75
254 88 574
77 107 94
51 200 596
117 65 178
270 65 91
282 208 4
174 108 353
236 21 847
319 141 849
162 71 617
173 201 78
169 50 879
13 139 591
231 118 158
311 131 328
287 271 64
279 212 344
290 88 323
176 72 283
210 197 168
222 75 462
130 263 485
63 159 933
256 167 428
155 265 315
88 261 365
98 69 439
100 183 982
45 219 954
118 5 338
153 46 759
280 72 65
10 190 441
277 264 924
171 108 255
249 193 792
154 80 749
18 288 578
75 115 286
13 123 17
172 58 80
259 123 281
241 261 329
137 47 883
59 169 660
21 60 184
32 271 34
42 212 58
1 60 753
184 132 25
261 293 315
228 111 250
38 268 964
74 47 910
296 37 380
158 253 223
59 8 64
160 316 418
114 80 647
110 254 932
102 42 693
36 164 774
103 209 550
286 42 977
125 11 701
109 46 264
133 150 639
172 17 907
314 91 370
113 209 688
220 81 895
245 72 630
144 252 787
142 207 959
17 106 336
140 243 633
188 164 141
67 168 321
143 44 553
218 247 704
31 266 624
224 254 307
249 64 631
291 267 949
293 156 651
125 218 658
307 139 265
250 101 138
75 196 984
209 104 875
169 143 109
174 219 988
280 134 887
117 85 685
103 200 916
219 209 470
127 246 509
43 53 506
149 181 441
62 191 29
174 131 48
91 291 277
177 303 164
6 23 402
310 280 516
125 67 896
80 309 964
254 182 130
138 217 64
38 202 167
113 249 119
153 132 47
85 210 468
197 235 626
319 304 781
47 126 286
266 292 607
13 183 365
219 234 639
236 43 929
109 183 88
114 167 454
12 163 905
320 303 777
106 46 343
171 234 221
228 295 537
41 173 163
158 22 478
27 273 713
22 143 12
39 17 585
216 132 473
158 14 292
263 291 962
48 187 511
135 167 786
10 33 405
177 200 42
119 142 282
32 198 32
81 296 845
218 83 541
192 256 10
60 64 549
279 85 575
67 144 504
90 22 978
133 270 693
64 302 803
148 305 647
153 143 502
67 4 826
104 197 506
166 213 3
32 224 299
51 182 914
142 47 650
288 141 664
225 7 326
232 105 229
269 24 923
209 160 404
212 49 726
101 156 403
73 35 838
278 261 556
305 187 593
67 204 844
177 306 206
222 74 464
144 320 865
240 192 880
111 274 93
231 124 707
121 49 812
64 162 124
10 116 584
105 138 560
216 122 171
269 294 207
115 310 901
40 180 334
186 276 709
283 186 154
148 315 93
131 59 357
108 238 469
113 65 382
235 47 183
106 119 55
71 181 663
153 35 273
232 270 448
290 299 243
248 101 780
146 212 435
119 4 150
41 278 749
137 139 267
51 2 224
118 84 878
103 44 653
280 294 126
303 280 814
313 182 17
287 79 560
97 134 351
40 163 325
14 50 475
27 137 353
230 212 578
197 168 783
35 306 716
128 300 10
257 84 744
275 127 208
193 104 505
318 212 772
284 283 925
302 240 365
0 234 576
222 147 577
132 216 575
21 307 190
79 318 53
210 86 933
204 302 182
111 150 396
66 309 14
188 155 460
248 168 477
158 103 743
7 312 433
244 163 64
29 319 215
315 183 934
69 292 447
244 159 876
5 250 350
116 137 460
145 202 74
272 316 152
250 76 138
232 291 347
235 264 785
97 66 11
29 22 888
201 155 914
100 214 464
160 166 222
182 215 735
304 149 627
309 228 695
105 216 166
216 283 819
293 160 879
8 261 689
174 205 157
19 168 269
240 3 246
53 153 554
67 136 890
278 139 7
181 259 819
141 65 261
140 203 567
262 54 652
193 315 569
131 148 415
239 318 288
270 143 257
208 218 502
132 267 293
249 191 652
296 200 6
40 286 553
138 243 880
250 313 364
100 316 800
196 194 247
47 61 211
37 84 980
289 93 353
218 62 580
144 138 993
160 288 229
259 313 855
196 41 579
219 10 849
293 80 802
202 233 513
1 248 748
164 214 987
104 16 889
275 84 101
28 285 286
286 256 708
108 270 72
82 97 337
285 56 177
181 123 136
47 116 430
140 176 146
215 191 973
123 295 559
218 91 97
85 69 606
56 39 97
153 113 978
9 314 185
15 263 685
138 199 883
232 47 848
18 44 833
296 173 878
278 317 127
113 235 898
11 186 782
85 108 511
157 85 72
44 288 466
207 238 702
54 50 561
68 185 356
262 37 565
223 183 722
159 168 962
123 200 746
133 141 799
273 102 853
236 27 552
11 232 650
183 195 629
285 29 623
148 40 15
110 198 955
240 84 48
291 282 488
316 158 205
140 86 662
262 160 950
24 87 574
77 2 324
18 106 861
230 246 940
211 29 802
116 196 977
255 264 511
253 216 6
169 276 0
118 201 849
177 186 513
175 77 791
184 131 581
259 187 260
121 81 955
95 54 573
203 150 780
251 14 454
182 42 829
235 225 650
280 44 513
185 214 830
226 1 445
74 71 203
180 20 94
210 293 353
56 26 443
319 194 112
132 150 738
196 43 980
6 254 186
204 18 379
104 69 133
101 151 453
220 311 281
44 298 651
243 77 868
284 298 751
24 6 991
246 278 55
316 144 206
195 289 282
234 168 283
122 146 56
141 232 46
265 203 981
93 175 447
19 295 792
78 31 567
247 58 185
124 72 492
44 78 364
299 29 862
72 173 574
319 175 733
133 155 570
140 310 113
275 160 727
105 111 95
287 183 119
273 67 563
11 152 628
280 17 409
87 68 510
267 71 365
107 109 18
180 203 773
127 285 747
296 117 875
217 172 48
187 99 969
307 195 378
310 263 622
112 12 155
170 194 415
221 160 7
259 196 4
47 317 744
242 117 245
34 66 167
125 272 995
263 269 912
251 101 730
306 89 903
112 168 815
280 279 894
305 144 295
302 164 468
110 320 976
239 2 55
89 146 594
210 138 598
122 167 861
5 24 526
241 90 339
125 43 521
265 132 60
283 144 850
203 169 277
41 169 349
291 162 994
8 17 488
197 44 643
318 158 795
299 279 831
105 131 682
64 288 190
264 290 355
243 227 701
297 33 949
281 60 144
165 210 171
256 189 233
151 66 219
106 275 872
305 34 984
21 124 540
270 238 592
234 206 708
164 244 367
160 242 822
284 307 163
92 131 119
62 84 919
226 69 720
140 242 232
203 107 209
58 67 343
51 191 925
283 123 329
72 78 291
69 238 837
70 316 263
184 296 285
86 55 761
223 212 468
88 246 698
5 51 526
70 169 117
181 39 901
205 235 136
294 8 195
177 202 178
44 230 883
167 270 807
78 247 975
287 214 78
281 133 291
103 69 234
277 255 669
193 66 812
197 277 886
31 291 969
48 47 219
275 63 737
23 143 649
249 290 32
289 289 361
54 234 409
117 240 98
274 281 887
72 149 820
204 235 544
130 261 228
298 92 566
310 82 839
98 32 941
157 249 844
85 113 466
240 276 66
66 291 153
114 245 951
281 209 495
80 238 587
157 91 244
267 19 57
268 147 164
138 43 35
0 108 104
48 129 543
242 285 337
185 130 550
315 256 421
72 35 441
228 152 9
245 289 489
231 129 686
302 43 913
109 232 422
38 101 911
139 225 735
103 251 589
306 244 416
57 112 793
141 60 253
279 157 330
228 44 663
95 153 746
291 22 883
34 10 55
136 309 809
289 68 273
286 111 78
313 34 953
13 281 193
203 119 963
237 22 65
252 269 170
134 127 291
233 69 826
4 180 178
267 9 167
290 184 149
3 35 881
25 104 973
10 55 666
115 48 275
227 261 667
293 50 685
227 10 483
79 204 46
151 96 355
24 164 650
110 93 119
128 74 727
166 152 607
222 27 623
319 130 824
32 142 517
89 5 7
291 113 319
154 248 635
185 21 641
117 100 579
174 227 345
271 189 260
54 165 487
249 149 209
210 97 399
2 273 635
51 1 972
184 294 359
160 46 586
148 178 166
241 113 667
188 173 219
212 56 747
173 131 698
156 182 441
154 35 829
89 283 497
190 247 914
206 64 925
76 300 5
218 302 658
134 140 318
176 56 193
0 110 674
10 82 357
227 291 109
315 234 113
89 175 886
244 45 954
10 18 815
37 226 815
218 40 806
254 302 362
240 158 105
124 307 423
180 298 482
5 204 757
35 320 824
246 36 529
146 37 145
272 136 818
8 301 607
225 68 835
314 37 385
42 97 709
243 279 18
60 120 255
290 52 366
204 261 946
171 63 143
142 290 269
283 128 956
316 231 666
225 194 412
88 94 660
99 93 674
221 70 912
193 10 204
241 27 3
293 234 350
125 24 625
282 249 240
101 259 779
134 253 79
259 61 985
309 108 775
94 266 818
133 150 414
310 269 978
84 257 153
93 156 985
106 118 720
123 176 459
160 33 223
56 106 851
278 214 604
281 218 996
249 32 366
316 154 505
194 31 51
16 167 398
34 215 548
168 151 18
158 142 771
189 170 249
256 113 516
51 71 636
133 186 435
145 289 807
5 82 426
115 48 482
265 134 992
34 55 176
76 6 98
22 302 663
135 119 645
112 117 3
130 247 710
37 175 710
41 82 982
38 197 853
310 58 506
310 191 440
306 1 576
280 299 582
29 104 871
63 252 734
15 64 14
273 65 567
137 208 614
238 265 409
40 167 153
154 174 401
64 36 939
172 148 95
58 123 946
212 217 739
45 307 266
253 92 388
220 19 804
21 320 95
249 77 150
110 109 47
284 230 37
253 173 976
244 105 246
174 0 452
282 84 530
30 138 248
127 42 11
235 310 956
57 1 746
102 68 95
316 134 170
15 279 828
311 230 546
314 16 659
26 60 556
5 239 102
185 89 667
220 165 113
74 69 179
17 177 242
176 96 359
217 157 622
68 27 992
8 222 190
213 292 360
163 64 350
197 117 942
87 301 349
247 31 840
278 108 425
141 63 137
247 236 425
2 33 637
91 258 582
205 28 425
161 168 790
24 196 927
183 300 93
74 196 555
140 96 30
163 15 813
142 282 538
249 120 524
81 27 463
301 110 436
98 189 267
154 280 449
76 300 58
287 302 255
287 242 73
260 117 277
10 222 340
173 120 830
35 64 225
210 115 846
5 42 911
111 252 228
107 258 730
288 108 276
99 214 812
144 30 678
26 277 296
224 149 790
289 85 456
195 320 725
237 201 834
188 203 159
2 91 802
150 81 117
179 100 51
161 107 657
257 263 946
72 167 225
207 5 84
38 221 695
88 125 181
266 98 925
83 161 357
270 278 80
205 276 928
163 192 297
290 183 909
4 12 912
229 302 714
215 130 159
30 142 162
122 280 494
148 250 636
192 188 735
193 246 485
66 307 266
214 126 819
188 116 435
275 199 437
2 165 849
112 203 642
184 193 727
66 301 724
177 6 158
59 14 207
26 38 935
149 110 580
82 164 863
287 308 137
282 66 949
317 74 99
177 135 166
43 315 538
96 196 554
262 119 837
300 213 660
170 167 563
203 110 495
48 178 928
231 168 359
208 11 761
266 91 514
133 66 287
6 96 862
109 303 659
218 211 123
54 233 199
275 185 742
309 134 797
229 101 218
102 58 33
198 301 307
27 264 108
301 56 24
140 121 302
69 272 116
140 146 135
198 185 577
251 187 49
192 18 310
216 315 608
156 152 527
258 45 300
205 184 260
166 172 12
59 134 693
263 108 8
201 286 928
230 179 733
251 233 829
289 154 484
103 213 505
111 258 201
194 69 755
253 30 145
148 109 146
244 109 804
162 62 498
230 316 132
12 130 706
192 170 721
97 270 486
215 309 702
4 118 534
212 295 506
319 103 767
152 259 207
168 255 221
129 240 543
108 162 537
190 202 180
238 99 22
297 77 829
107 45 777
132 38 764
230 39 139
307 118 554
64 310 318
83 141 633
141 285 92
199 211 39
118 283 870
173 65 226
20 205 422
142 166 47
224 18 169
37 246 756
118 150 730
26 112 223
167 186 261
160 2 20
49 225 74
128 283 121
5 27 482
293 268 766
202 29 305
250 119 134
242 274 224
269 140 75
231 142 624
1 194 435
104 100 144
16 211 230
81 206 991
277 287 754
230 288 115
278 264 11
151 42 375
276 19 862
172 256 338
305 52 268
105 283 826
264 50 664
15 82 385
164 221 172
54 254 451
48 45 678
265 258 558
89 169 413
38 246 556
81 65 578
163 163 260
35 29 857
132 43 140
226 106 550
190 5 672
189 289 444
308 115 661
211 296 732
295 297 308
102 245 602
208 46 408
208 55 272
267 143 722
243 48 356
33 280 741
110 103 226
99 36 436
78 24 342
180 247 454
6 24 324
313 102 111
224 279 341
228 1 356
108 97 772
58 8 920
101 26 782
262 64 229
83 170 606
181 294 953
18 113 745
230 294 844
227 192 324
114 265 659
64 195 30
196 117 93
262 2 675
94 270 77
276 110 936
206 95 516
191 195 905
286 154 424
183 18 244
144 221 221
251 292 240
33 161 781
5 156 395
231 95 521
266 100 177
99 297 403
302 21 158
195 43 25
70 113 345
93 47 600
172 41 318
19 206 909
144 284 314
131 298 769
81 81 490
63 168 676
176 177 211
316 3 364
176 179 757
122 0 452
271 9 139
93 72 15
27 282 804
228 18 28
236 268 494
281 105 468
151 47 712
44 104 638
309 13 275
60 69 357
163 119 144
159 222 796
207 76 833
204 143 741
305 87 941
181 76 945
198 74 152
58 78 207
166 142 266
102 128 215
222 45 355
299 111 283
292 290 370
94 287 804
159 159 571
194 181 96
242 113 119
190 195 377
163 132 392
264 89 324
76 48 864
202 262 252
217 248 372
289 26 140
7 123 593
131 98 370
85 81 804
188 137 344
116 36 204
216 232 436
153 28 195
185 220 16
18 19 443
155 170 121
271 60 46
165 222 754
190 232 560
262 237 135
112 7 601
234 3 12
279 52 368
236 233 958
244 20 18
129 95 807
313 311 980
288 144 856
36 252 434
244 171 964
85 94 471
82 284 915
93 207 534
95 288 23
30 286 724
110 191 356
15 115 249
230 265 261
49 175 203
225 118 212
20 198 749
70 289 963
152 83 891
18 299 361
52 257 181
114 208 952
163 142 743
220 209 784
163 246 329
194 77 912
311 198 664
45 56 145
271 111 646
269 101 809
31 81 549
290 98 846
50 316 210
109 228 423
42 274 937
199 276 902
134 239 814
294 14 518
9 221 421
17 33 838
296 139 920
33 92 554
78 19 189
101 112 441
214 275 720
163 22 644
318 175 845
70 227 290
8 54 585
170 13 511
134 225 343
239 23 274
145 276 969
223 111 249
223 303 483
302 289 583
306 28 603
117 178 156
96 287 767
238 175 100
198 305 97
302 268 2
283 97 677
205 235 207
103 43 135
282 146 561
101 203 984
277 234 662
99 76 938
94 39 962
194 90 926
236 247 906
113 254 487
10 223 979
211 122 243
238 82 134
313 64 36
217 318 268
110 209 705
224 15 341
194 4 506
29 120 592
182 73 145
33 269 626
72 317 91
185 297 906
285 60 675
130 72 279
251 6 506
211 91 713
245 254 712
47 259 839
223 319 617
303 151 970
16 309 166
90 305 485
292 127 445
93 94 381
125 142 749
92 33 716
22 189 741
76 17 300
306 103 206
118 98 378
239 24 687
283 36 409
