50000
400 650 260
11 224 308
724 613 408
732 125 738
853 614 497
313 681 647
873 450 710
260 376 452
959 579 356
484 794 497
221 209 446
568 863 794
913 69 698
805 713 753
967 988 685
433 558 24
938 737 44
989 79 988
215 547 580
150 915 213
557 679 397
325 926 130
135 208 121
335 214 829
132 237 84
209 384 319
591 631 522
349 686 157
226 492 708
274 408 763
165 164 50
903 918 99
938 876 488
876 338 401
844 258 813
262 237 782
369 337 943
452 255 123
900 414 866
300 102 668
628 521 863
755 352 654
959 189 637
922 527 802
61 218 90
627 496 817
278 712 853
459 342 421
76 636 311
601 623 445
697 310 40
941 817 219
15 421 913
844 839 995
630 373 477
726 257 585
693 469 354
934 203 348
764 396 434
419 859 24
668 262 190
746 421 832
658 384 641
585 53 300
607 179 436
549 957 903
164 401 735
963 532 959
721 323 132
195 288 695
623 266 673
887 519 350
109 972 807
862 665 180
135 370 56
669 287 69
814 824 267
608 555 495
130 225 515
236 931 392
489 100 245
699 620 512
781 986 287
743 159 572
481 47 490
170 387 987
298 833 373
137 401 622
925 996 389
238 144 639
443 599 955
376 53 120
378 94 484
39 973 607
456 706 976
78 287 110
341 217 799
280 668 156
848 292 774
68 760 589
162 328 979
407 243 87
356 880 520
430 112 518
913 390 977
40 890 487
28 673 864
766 592 527
994 233 790
467 635 197
516 136 202
617 686 990
109 630 484
931 154 424
120 603 376
949 249 977
646 378 67
958 195 779
532 726 594
665 718 22
866 218 85
848 998 330
945 577 459
917 332 461
887 212 727
954 120 899
343 584 397
918 221 655
373 976 993
680 718 494
895 458 279
323 659 864
870 647 244
327 827 111
117 449 666
27 594 999
604 32 87
664 489 194
913 137 426
567 801 716
307 964 218
374 926 985
181 790 47
472 947 380
378 807 193
496 634 128
226 231 741
833 904 95
929 62 43
325 199 892
474 299 197
796 365 203
148 730 327
383 85 835
487 935 45
808 105 53
86 17 593
628 53 185
936 381 315
673 460 626
168 514 331
808 957 196
328 492 912
426 835 953
772 145 975
441 8 684
339 792 757
140 713 851
693 555 613
546 849 672
189 47 20
894 116 909
411 790 104
416 985 84
540 833 259
562 448 900
172 8 941
274 437 310
727 519 298
832 109 892
132 527 218
654 201 614
203 104 482
429 360 415
947 998 819
529 521 40
329 220 866
357 575 316
486 652 1
679 220 727
320 713 82
315 699 904
849 58 632
988 205 314
3 821 849
713 255 395
655 661 649
582 629 714
209 626 729
216 280 780
965 227 268
650 567 970
261 972 659
953 852 143
168 278 51
390 76 582
593 377 734
350 630 18
451 397 240
588 143 544
578 656 735
189 45 235
710 59 955
526 997 719
998 829 643
293 769 112
352 984 252
886 5 851
54 778 595
601 670 986
34 497 258
521 346 187
289 268 199
273 650 960
918 627 505
99 465 146
692 805 638
750 701 658
947 939 389
982 930 863
160 855 367
317 664 4
968 100 323
511 778 238
364 345 951
344 722 175
762 328 578
731 612 783
435 807 842
63 532 417
776 181 421
32 15 370
993 330 227
763 615 727
22 825 442
597 8 176
215 206 988
582 131 649
84 176 423
36 349 845
534 671 135
601 535 208
965 164 817
484 715 77
717 874 639
803 290 833
353 751 16
323 963 600
856 672 172
51 814 963
206 175 486
478 565 230
21 81 174
201 9 12
597 870 941
689 114 155
312 243 982
330 421 146
272 170 371
788 807 623
745 730 155
725 230 8
896 395 26
401 878 957
204 13 488
779 414 828
295 2 739
968 322 550
65 832 483
125 613 676
549 672 750
918 218 389
98 766 622
543 829 290
216 570 574
129 547 107
207 90 72
275 484 360
657 578 55
189 23 915
431 366 749
202 758 722
475 395 733
609 66 469
44 997 748
373 296 466
329 98 461
916 322 34
68 99 247
608 200 31
287 915 193
423 956 107
923 371 613
718 103 256
610 261 633
21 29 881
329 332 617
424 570 313
691 585 727
443 990 319
77 810 760
357 778 554
810 652 367
526 558 26
597 814 589
967 142 562
413 262 295
19 541 374
479 888 358
360 760 495
457 727 780
929 441 952
767 879 560
392 266 575
164 233 300
322 344 50
985 759 730
994 189 494
620 992 621
631 196 914
995 875 664
320 963 324
517 18 303
161 634 209
155 199 340
736 979 570
191 207 584
711 423 748
446 28 664
821 504 802
152 694 67
283 763 743
979 468 132
497 174 779
856 258 411
727 349 100
412 75 156
548 328 185
153 877 150
348 658 300
428 575 655
135 589 561
625 44 165
407 809 138
519 231 751
524 140 496
592 924 317
785 752 598
983 191 575
166 724 156
132 16 587
238 140 870
539 20 650
952 903 986
825 811 614
473 145 883
606 851 324
670 259 448
735 272 105
189 808 30
614 103 683
867 470 223
842 555 503
727 626 653
840 501 981
118 377 505
859 922 979
375 631 338
578 925 397
924 19 120
549 100 197
372 287 450
974 802 981
822 987 22
841 24 612
965 166 21
28 791 490
343 181 352
961 766 285
844 332 172
982 176 609
359 81 444
848 626 728
93 274 655
827 661 389
451 284 820
371 66 541
365 923 784
555 582 515
387 734 768
542 785 687
9 744 233
949 203 503
716 885 302
728 609 896
741 239 602
739 369 332
748 600 853
598 369 771
632 666 926
706 516 833
731 326 890
393 770 665
258 374 549
766 631 960
39 439 151
805 549 964
895 304 101
670 46 291
219 952 712
386 300 576
795 393 446
981 392 822
640 792 728
957 505 33
925 745 193
795 229 573
967 913 965
669 297 230
72 449 277
984 75 457
832 103 295
65 450 702
864 305 317
215 588 693
277 218 25
99 694 637
735 47 634
677 803 331
911 977 341
960 382 589
173 884 66
630 906 179
136 524 233
975 266 264
991 194 591
886 276 369
316 534 906
390 872 723
821 652 24
598 84 157
305 968 478
951 185 44
533 276 911
941 622 700
313 917 287
599 553 94
427 675 485
11 1 800
19 465 784
37 248 782
964 432 621
888 911 437
707 838 626
26 436 734
604 176 297
688 918 853
902 749 976
917 403 906
839 834 968
329 70 846
301 472 248
541 572 494
559 289 890
132 750 11
882 834 599
686 940 974
509 678 451
374 377 420
733 834 515
759 73 996
120 227 957
954 801 378
772 347 139
644 96 221
641 622 657
710 282 296
585 963 67
177 892 808
133 942 482
335 412 748
854 86 384
65 591 402
426 563 478
128 559 178
145 729 623
86 118 292
750 192 955
793 458 436
800 217 5
207 724 500
182 947 775
776 467 518
28 688 131
902 937 541
607 417 784
955 941 757
554 189 989
276 504 787
377 80 155
756 339 828
489 312 740
905 546 198
770 563 337
787 616 4
825 715 875
984 242 437
313 755 449
490 972 408
502 771 636
384 398 182
812 957 984
419 157 6
62 72 987
308 712 316
180 902 196
864 584 734
756 223 731
220 344 160
887 323 992
517 670 151
642 489 31
33 186 69
510 464 818
784 452 746
368 558 843
756 920 969
666 104 107
727 437 200
891 905 41
594 916 446
406 844 460
89 152 173
281 945 623
813 727 444
171 947 426
960 811 779
666 350 26
459 181 276
744 664 277
90 244 471
206 538 169
846 190 556
906 543 494
773 960 630
623 343 660
240 534 181
337 725 438
879 407 340
523 180 887
244 514 155
416 263 975
370 227 312
445 200 897
211 404 132
254 74 285
838 510 986
132 128 435
798 953 129
17 228 644
765 799 577
727 626 480
732 933 578
93 321 624
568 152 613
934 591 342
40 680 890
107 825 393
705 444 524
671 943 100
508 398 189
905 199 418
752 722 257
628 129 588
911 771 80
807 144 724
21 417 400
85 255 910
36 195 756
653 26 634
833 805 349
495 878 595
434 854 832
298 43 369
855 867 404
205 949 133
625 156 749
882 428 219
162 199 819
944 134 10
689 646 251
352 527 909
901 440 881
520 264 453
486 3 998
775 125 479
429 108 809
543 270 436
507 76 276
978 27 362
152 277 34
196 843 347
530 820 163
791 908 214
14 573 68
365 966 759
783 695 826
563 811 243
2 356 400
341 626 512
720 98 21
661 971 307
357 37 337
231 341 253
778 566 751
43 720 587
824 556 797
583 992 966
904 609 893
541 289 888
549 375 319
288 302 345
977 929 148
147 42 657
899 171 249
24 725 154
37 825 759
121 969 848
398 473 893
402 121 896
456 621 113
517 102 949
455 850 68
419 964 997
834 671 914
739 879 856
94 506 792
788 427 245
551 481 983
950 553 298
462 839 613
367 725 755
460 708 47
653 701 641
218 749 68
841 697 726
322 427 131
693 249 474
533 260 174
628 803 460
362 337 339
855 686 246
156 163 650
804 456 954
963 630 451
925 787 514
729 348 505
914 877 771
815 637 700
163 766 265
167 400 134
88 558 807
56 923 149
861 394 461
743 689 868
656 914 314
84 582 422
187 11 911
566 79 193
538 466 261
494 161 964
429 997 298
346 109 204
64 665 773
49 811 129
222 767 200
718 57 119
587 706 152
896 841 14
234 788 923
888 285 485
674 569 516
337 852 424
494 701 828
193 694 114
341 347 465
880 537 194
245 358 703
262 987 436
294 883 228
666 865 281
806 290 558
153 402 117
702 864 974
512 508 246
162 172 110
404 38 393
179 808 896
206 486 842
339 833 643
372 656 54
912 552 894
917 805 981
21 785 929
81 919 29
841 945 134
638 103 618
299 911 61
516 537 424
402 792 147
611 154 262
861 886 547
171 4 339
941 894 805
755 372 56
823 498 544
136 698 287
730 53 386
226 752 818
596 877 444
862 321 86
850 756 473
948 419 260
681 797 675
288 188 154
236 621 235
363 698 110
385 736 960
823 540 779
294 485 927
676 85 834
67 507 867
494 154 114
742 190 729
20 900 397
311 218 566
860 326 417
934 920 356
973 871 714
329 949 353
540 0 735
661 492 902
451 312 859
997 768 268
290 265 456
815 108 214
514 861 327
67 489 999
5 803 840
11 84 484
199 708 650
425 485 884
925 467 107
609 603 801
157 524 32
157 528 239
360 279 258
105 984 569
825 735 798
688 75 277
693 602 912
788 220 687
317 107 352
525 470 840
497 929 775
446 769 60
191 753 871
552 294 304
19 291 297
737 855 313
397 855 740
946 868 245
805 460 107
284 536 283
170 118 223
522 347 553
605 670 657
607 627 719
992 881 703
515 311 352
402 198 864
660 938 803
830 857 522
334 858 92
321 78 764
970 21 317
467 462 917
112 644 567
883 390 325
368 728 89
472 798 690
615 423 778
638 946 271
121 587 909
179 674 562
985 718 65
750 67 846
427 288 286
890 930 908
455 995 910
856 234 211
734 886 456
70 455 190
344 590 266
593 9 179
316 611 163
746 184 994
316 6 163
816 189 273
88 867 982
202 397 80
702 946 393
785 273 319
368 73 530
978 77 568
720 262 133
228 679 86
811 544 779
496 681 81
600 679 126
402 325 661
400 230 9
289 472 144
165 59 787
18 845 263
219 834 609
330 418 154
318 153 165
659 393 400
943 809 560
963 726 34
246 698 837
903 229 938
123 781 525
665 97 302
193 567 298
215 130 164
194 425 404
131 845 563
166 608 254
223 170 599
62 254 381
86 429 867
901 111 388
833 984 697
880 397 425
519 770 569
117 227 434
922 965 780
783 582 890
388 148 576
694 573 953
578 63 377
15 842 738
7 570 228
74 19 10
205 761 772
493 250 334
496 439 436
48 307 820
415 760 215
416 300 834
389 698 128
138 761 177
237 300 658
368 764 766
293 37 940
103 622 768
773 229 469
538 832 861
394 592 969
129 466 723
80 994 705
81 657 582
646 52 411
408 377 138
516 450 322
891 146 382
774 865 776
812 943 453
374 26 49
575 989 957
266 507 503
212 608 784
575 894 278
835 272 577
491 921 638
987 536 226
678 269 473
51 308 248
952 943 179
950 599 306
884 910 488
950 435 253
275 149 111
40 60 337
722 617 40
102 329 599
66 748 31
120 787 715
568 358 445
770 876 311
693 541 118
613 219 579
403 174 409
19 417 616
584 443 550
855 67 606
278 84 307
771 427 388
741 715 577
588 152 126
865 447 71
500 852 429
390 131 724
634 228 530
752 778 674
210 761 201
954 688 86
487 737 415
846 190 525
269 978 577
452 654 253
676 78 794
646 824 11
190 199 155
960 199 909
378 663 455
945 931 53
783 192 287
189 275 474
400 509 246
154 322 950
434 754 995
147 215 754
392 422 513
44 848 538
710 421 503
454 3 426
720 645 145
876 500 483
562 578 145
946 229 570
326 800 825
698 578 785
383 158 814
381 948 40
182 8 877
976 350 642
190 129 7
778 34 754
383 254 795
141 339 90
513 702 505
603 937 343
680 612 3
937 741 1000
283 884 359
873 240 88
238 175 523
475 90 495
362 164 625
572 396 636
864 7 294
623 737 79
399 832 583
875 756 173
101 207 523
181 358 72
992 78 967
419 50 579
878 935 34
960 309 648
815 997 587
584 503 564
669 220 367
474 608 490
30 574 461
702 682 19
436 577 786
381 138 750
261 491 987
78 3 338
989 802 989
490 542 182
601 560 625
474 126 202
388 751 93
713 162 405
272 34 986
964 213 874
11 262 770
770 982 931
856 370 597
119 276 685
740 468 434
702 755 688
602 572 46
665 597 787
149 989 328
240 991 544
750 334 920
251 833 280
68 684 43
542 127 644
817 93 714
585 522 229
156 333 585
150 604 223
678 58 830
580 408 684
123 239 975
819 264 644
265 668 169
240 777 93
904 907 504
2 674 320
100 609 127
502 941 956
985 627 44
836 163 210
319 873 938
329 400 7
911 342 949
640 85 828
275 184 605
894 276 520
889 215 966
871 302 577
310 250 402
512 831 938
572 211 181
245 647 331
164 625 977
527 904 378
988 195 604
575 807 280
467 956 269
92 357 512
276 247 982
665 185 284
509 449 760
112 979 720
556 56 639
280 656 612
145 118 289
29 325 860
990 186 773
316 794 517
81 855 580
824 880 272
799 436 675
444 444 413
105 103 213
727 5 496
976 464 822
531 689 605
247 77 973
271 565 332
156 809 107
450 455 434
403 488 749
188 303 170
569 581 628
44 961 639
106 89 996
594 475 403
471 291 458
101 702 546
721 476 815
47 76 771
694 939 333
831 439 464
575 40 281
212 106 108
478 651 762
148 685 740
954 735 306
218 863 188
907 353 90
600 215 201
308 117 161
14 760 8
763 528 498
370 217 401
469 124 828
71 918 493
494 395 753
199 513 399
134 111 901
857 705 596
679 450 199
301 698 874
356 662 555
861 179 981
449 826 333
436 254 3
863 957 584
176 972 337
291 886 419
783 246 744
169 161 940
162 97 434
417 751 813
98 637 454
803 748 501
549 125 367
32 348 396
126 523 404
590 571 467
135 967 122
624 959 670
155 60 572
457 688 455
20 310 778
261 286 680
376 207 599
201 993 775
902 45 3
655 942 471
390 56 274
873 490 350
170 743 966
435 150 691
656 95 643
635 746 179
407 1 315
196 233 896
284 782 566
454 881 545
714 191 981
191 939 135
171 760 619
819 144 30
232 859 86
373 572 403
277 819 149
504 170 558
494 56 708
243 719 898
754 358 237
258 210 484
20 605 880
321 127 746
213 373 44
775 106 393
52 651 274
94 700 731
950 309 540
132 25 579
634 118 919
485 762 226
98 504 204
77 672 367
67 125 180
775 654 769
81 128 523
250 327 627
611 15 611
167 109 928
670 245 585
714 475 740
109 32 670
478 869 583
717 143 967
573 567 207
869 857 12
201 845 963
135 271 405
777 852 920
989 283 339
900 996 649
648 992 680
979 583 32
749 143 453
804 337 738
461 914 693
139 897 328
322 340 206
322 827 29
974 346 660
789 682 951
804 17 884
642 598 856
514 192 898
24 138 365
808 535 753
585 568 752
544 556 235
821 86 713
781 227 183
445 795 646
386 677 555
109 398 103
352 306 599
196 579 694
210 858 971
358 677 304
356 304 242
155 159 294
670 14 784
561 663 253
391 706 788
652 219 581
543 196 673
81 965 388
50 192 379
653 782 184
426 721 715
992 127 679
234 81 833
396 685 931
389 328 143
928 452 416
624 784 544
239 335 105
209 483 76
562 901 822
83 181 279
911 227 992
626 307 920
65 499 635
440 387 97
532 325 309
768 984 34
962 160 415
389 721 123
439 748 455
87 886 427
112 816 493
487 698 634
186 693 143
747 289 390
116 311 832
861 845 592
381 846 941
226 912 819
391 998 67
459 270 342
193 897 577
156 237 21
778 741 711
165 220 119
998 650 876
695 237 572
474 384 65
670 33 587
429 320 752
32 287 739
794 974 29
981 672 575
510 815 297
519 410 465
410 962 270
97 657 228
65 636 300
397 963 123
688 882 646
411 22 60
639 455 275
130 398 683
284 543 630
867 46 736
679 462 259
357 348 295
293 604 625
236 718 653
691 197 494
389 730 342
338 450 229
338 37 430
614 732 598
757 431 342
647 708 333
357 368 921
156 102 7
557 572 515
577 479 186
930 12 39
250 525 405
855 535 254
258 764 813
215 832 612
31 202 969
260 404 573
602 655 238
6 808 873
94 15 28
257 621 990
641 163 62
79 926 595
188 432 613
673 244 27
890 974 664
381 955 739
129 209 5
317 762 973
207 189 112
894 222 523
368 567 999
885 817 826
546 272 833
103 406 242
620 500 76
994 596 810
78 272 828
783 924 495
187 822 834
894 136 100
9 483 900
359 257 197
306 159 690
784 722 356
274 81 629
752 195 626
730 982 701
347 477 826
757 621 169
334 452 962
773 35 959
82 847 170
727 61 370
323 145 372
539 172 533
870 883 660
20 671 344
942 522 566
781 333 196
67 632 862
139 513 442
771 611 118
931 982 203
590 371 229
170 683 681
239 409 565
778 147 395
390 474 72
418 936 425
757 782 127
309 117 563
16 139 999
650 339 929
795 698 80
920 233 86
24 921 666
70 625 859
409 123 608
880 246 898
240 975 535
434 729 952
867 693 390
767 919 128
666 441 976
290 888 62
651 839 658
293 412 531
141 902 425
770 284 69
766 683 238
825 154 204
95 251 137
55 950 553
675 926 801
293 25 623
101 915 366
437 570 147
377 829 849
10 553 897
647 650 992
925 135 678
258 890 261
870 751 571
835 763 408
152 868 936
193 218 827
4 266 781
78 797 11
665 68 607
120 923 116
474 57 377
755 862 572
614 358 676
70 325 616
545 831 649
646 672 782
414 405 164
64 222 425
451 845 869
458 532 42
505 977 687
991 281 123
826 338 366
349 555 706
326 244 949
469 230 776
623 474 416
251 753 821
758 952 692
384 11 173
553 164 157
298 275 310
431 966 862
14 688 308
799 879 63
4 435 283
675 758 924
502 683 716
58 873 132
326 75 230
525 984 934
154 112 85
427 463 933
606 261 2
744 458 496
939 927 483
693 652 877
25 358 641
647 296 535
645 41 741
374 325 494
133 148 347
851 405 285
967 313 362
431 503 679
879 367 874
591 350 448
949 256 794
428 533 529
947 569 525
917 473 507
288 243 735
374 525 314
640 464 606
747 411 462
137 594 864
22 124 765
202 762 844
211 742 96
670 963 906
184 935 811
603 530 696
349 86 577
29 846 662
782 388 352
142 441 180
703 628 284
709 245 150
169 546 63
433 496 138
908 633 545
59 710 739
138 271 829
892 62 211
454 561 742
321 751 803
345 413 348
519 297 517
103 296 448
191 210 518
385 925 889
207 487 687
947 197 491
631 229 518
60 183 28
493 11 490
991 431 530
290 593 513
941 318 196
333 790 636
650 76 819
545 748 833
597 251 517
863 692 854
839 876 259
902 725 530
242 670 42
641 516 462
413 154 24
60 251 477
827 919 755
628 719 433
291 692 789
211 536 171
488 731 403
111 712 301
67 574 723
913 503 507
636 317 29
163 972 307
50 989 286
494 87 17
196 632 504
731 947 121
302 908 642
378 636 790
84 295 621
878 565 723
824 136 504
872 292 660
428 610 157
95 143 536
48 102 644
817 34 291
665 493 689
347 402 262
693 559 501
521 419 461
195 172 618
858 804 13
947 257 647
702 177 238
667 184 208
800 78 705
115 290 568
149 985 425
90 510 536
498 242 431
946 392 444
505 495 302
884 985 483
857 699 981
175 796 8
830 508 819
307 902 247
509 882 180
309 389 910
880 146 274
408 467 886
496 705 554
766 491 581
845 830 761
187 837 776
666 494 949
728 861 658
973 446 210
709 690 346
775 908 436
280 901 362
274 750 300
939 987 405
711 100 322
336 440 732
219 172 957
583 146 369
182 124 267
538 21 48
322 938 771
307 599 20
509 626 576
748 244 864
791 84 856
153 85 476
460 429 607
729 410 715
24 255 126
230 299 852
455 392 398
577 183 111
186 430 245
859 353 474
242 165 561
410 64 659
125 255 114
165 696 843
301 965 999
30 509 820
909 734 927
998 654 367
241 814 13
873 787 871
749 692 989
695 418 275
279 182 934
521 347 332
321 52 589
20 895 386
481 346 992
446 82 412
340 848 155
90 956 509
398 753 438
596 550 485
376 4 848
505 975 209
138 244 213
202 251 986
227 122 17
202 421 567
890 395 554
812 700 68
330 210 211
909 430 533
200 423 701
368 641 143
99 55 334
802 155 0
247 772 665
72 622 435
267 969 700
411 645 711
650 990 464
965 244 190
193 310 783
582 369 681
359 169 798
603 464 572
473 924 239
645 195 370
195 988 320
466 61 986
657 247 930
418 268 195
624 324 65
158 812 394
983 961 858
115 616 13
325 976 193
416 550 419
478 671 435
278 572 27
592 668 665
298 657 73
730 804 371
181 850 414
965 22 426
284 926 415
565 360 680
896 345 320
752 3 802
736 480 791
284 135 693
419 912 872
166 794 127
261 827 883
245 116 468
917 711 239
247 841 787
848 140 778
565 377 31
381 903 884
954 44 621
94 560 917
871 447 49
522 175 696
340 110 126
298 580 807
459 971 968
813 397 495
283 790 336
511 974 99
553 305 771
877 628 700
465 704 997
427 22 426
278 45 229
980 648 417
580 405 240
525 509 219
908 654 480
114 266 19
819 665 221
67 102 373
809 790 444
893 368 229
308 178 834
637 333 342
400 86 944
978 288 744
809 511 792
186 354 638
852 137 755
602 904 120
738 413 704
474 585 42
226 165 749
197 475 664
580 198 478
37 718 812
985 136 588
771 671 580
660 664 963
771 366 983
109 560 299
187 785 783
481 386 157
753 700 336
824 591 9
699 138 484
321 979 621
274 559 278
910 371 88
212 240 906
685 178 527
308 583 135
804 67 714
424 244 579
869 864 7
123 847 247
311 878 97
189 987 550
55 517 916
70 274 576
614 226 779
721 438 900
535 823 132
913 383 713
221 507 194
791 845 18
602 565 154
901 500 208
544 203 902
918 65 760
852 738 707
208 44 273
443 270 115
330 888 183
466 449 281
488 170 85
549 461 963
655 963 352
872 608 243
936 321 213
770 179 475
841 75 309
812 101 350
260 242 756
984 50 65
30 819 407
318 44 167
303 813 707
383 136 508
54 868 674
485 191 553
545 875 522
555 450 922
787 173 16
661 160 732
411 401 151
28 867 634
811 214 165
261 215 806
669 621 794
609 111 976
481 727 609
155 993 822
431 911 465
126 183 640
213 452 96
430 495 172
275 131 731
490 417 34
665 365 430
410 695 405
184 710 223
173 749 990
794 286 479
11 487 45
803 577 274
7 15 433
804 397 663
556 148 435
608 468 719
943 915 443
705 262 271
460 682 580
33 21 501
364 22 780
343 863 992
25 696 109
693 874 913
178 853 487
402 795 721
112 714 717
531 45 311
107 725 626
800 305 352
159 500 218
726 811 257
706 520 553
86 556 345
966 515 406
76 681 565
507 528 787
389 448 917
965 202 622
601 790 373
148 564 890
283 615 197
759 625 216
972 987 456
281 708 894
914 932 985
57 743 1000
291 247 877
875 169 525
971 833 156
870 693 157
393 501 838
795 929 734
253 653 966
84 557 456
918 719 785
577 658 820
198 890 705
916 643 923
119 748 652
865 381 748
408 431 751
104 690 550
58 548 222
480 310 85
608 699 258
526 856 220
708 360 252
32 466 994
527 150 233
860 141 582
259 230 438
353 898 926
964 558 540
204 139 86
481 409 59
344 695 635
349 675 947
805 432 14
534 99 921
502 448 180
224 523 276
353 378 840
896 258 987
531 964 744
451 258 414
905 116 706
613 21 891
868 820 83
617 863 249
913 765 782
614 723 359
789 63 820
181 723 450
180 721 818
316 779 114
111 297 575
880 63 11
235 210 842
821 652 118
331 977 534
492 237 400
640 279 58
487 924 354
703 171 487
293 695 266
848 9 787
559 899 454
793 946 872
534 373 810
62 157 910
323 193 421
564 322 136
86 282 844
900 974 626
984 666 873
845 232 954
64 493 218
955 560 156
173 274 22
743 43 53
422 232 791
122 151 139
212 558 103
952 67 153
604 971 796
481 243 740
653 4 885
811 409 297
143 236 403
263 474 640
963 795 561
243 375 566
695 983 497
399 390 557
56 460 839
718 39 937
256 35 179
421 679 170
382 260 766
750 580 217
939 758 552
200 168 806
599 788 895
456 216 488
495 107 410
264 369 235
773 16 133
310 380 54
391 158 587
474 623 861
402 767 299
605 113 104
631 755 286
3 171 144
949 232 566
532 392 822
453 104 679
577 757 313
759 110 152
678 19 572
550 372 115
936 43 36
644 819 971
305 486 346
228 728 508
626 529 622
348 251 505
397 640 288
451 77 566
133 378 67
569 330 558
957 230 754
413 215 770
765 463 656
50 441 640
81 314 83
593 372 407
731 475 290
720 541 925
689 315 870
963 903 118
555 414 105
841 277 649
589 509 832
608 930 247
55 962 146
942 425 347
948 89 535
662 681 668
469 724 326
387 482 447
576 863 77
808 374 322
654 513 696
675 970 33
0 390 42
548 372 788
240 567 667
834 229 217
108 531 71
323 811 637
516 525 311
791 952 745
376 666 732
664 569 681
355 94 485
474 517 822
837 174 941
889 973 705
359 859 792
222 114 588
369 969 87
488 433 850
352 574 465
900 151 893
466 900 53
84 774 599
154 441 478
161 736 838
7 47 278
433 143 714
889 816 225
278 425 105
349 370 797
986 424 510
300 456 911
628 73 100
533 727 430
28 588 369
313 174 470
134 668 828
330 618 493
350 271 830
99 918 566
500 133 517
341 619 659
793 358 949
923 696 20
965 318 507
730 924 52
817 318 897
342 462 666
972 866 223
778 644 221
235 376 491
9 520 522
598 390 796
928 755 831
431 187 353
858 566 188
311 447 24
523 436 525
154 926 868
462 861 859
905 774 773
544 671 117
551 44 155
348 191 356
228 142 632
837 239 476
505 519 303
539 155 558
200 738 393
834 979 359
796 668 209
832 52 376
3 318 474
998 261 606
706 80 636
187 475 932
197 964 738
791 248 955
913 137 79
651 294 419
761 427 149
395 137 492
501 876 364
551 255 439
813 567 529
846 130 291
753 901 869
251 518 493
739 128 599
845 513 534
879 850 578
944 676 13
726 826 890
406 542 433
136 367 294
629 653 187
1 916 246
245 188 896
584 135 939
238 251 529
824 127 653
499 170 507
865 754 13
761 305 999
880 234 646
387 284 387
445 468 757
778 532 47
33 663 226
340 223 921
180 169 763
707 302 724
310 308 376
299 455 118
532 106 278
19 896 81
526 53 879
472 355 149
8 882 761
977 558 170
490 668 381
530 117 149
931 289 623
447 348 247
461 74 586
135 76 423
673 797 422
810 553 565
368 262 49
233 636 844
314 996 246
482 590 595
356 894 227
532 454 555
961 790 736
677 726 681
383 778 940
33 169 114
951 848 735
738 956 531
403 179 657
422 565 785
459 720 789
672 10 854
660 714 470
261 801 922
418 923 533
160 908 905
305 987 464
876 141 52
719 353 696
459 391 434
656 632 331
803 327 959
58 457 926
841 38 612
764 346 181
621 541 616
815 37 256
61 136 345
700 679 366
58 162 937
445 972 540
551 308 143
405 947 239
139 337 60
194 31 760
375 293 435
2 613 782
407 398 772
706 839 298
524 444 574
945 143 952
18 409 683
252 986 218
660 223 814
443 367 313
386 387 524
280 922 81
326 60 675
911 508 275
291 603 441
104 241 669
239 981 451
211 398 575
663 185 579
818 270 491
364 285 43
443 755 307
262 327 735
778 657 788
962 108 282
612 109 78
989 191 549
978 950 126
21 64 520
637 9 332
312 31 328
927 948 92
677 971 707
423 453 357
116 848 947
399 88 10
479 169 828
46 869 836
666 725 421
799 289 771
987 935 51
771 905 287
163 550 270
907 325 998
368 140 936
625 347 220
207 275 966
463 626 901
249 26 602
639 159 430
789 245 374
382 702 156
153 636 391
35 355 471
896 689 632
225 127 911
455 733 584
678 51 909
895 508 276
591 735 444
379 380 352
23 574 996
688 652 964
485 972 982
862 802 273
262 404 553
520 707 266
762 523 449
30 968 546
458 240 592
737 120 161
667 754 597
712 955 1
653 45 563
127 375 784
381 646 432
795 635 715
179 550 668
654 889 547
246 30 367
71 606 511
953 801 359
613 859 161
846 479 118
500 275 620
632 299 542
61 279 899
933 70 188
390 511 832
896 295 413
421 32 279
367 204 819
795 854 854
44 458 80
526 437 465
506 280 956
517 738 114
564 447 123
284 17 44
908 795 571
616 667 509
159 404 82
321 43 574
389 600 878
656 54 214
447 632 345
465 602 768
868 553 326
720 602 41
571 279 611
599 355 363
136 7 675
427 955 105
382 635 4
170 650 101
80 535 869
728 709 66
449 48 654
5 640 173
577 829 152
728 469 981
276 562 65
130 638 163
593 302 475
714 156 853
162 10 656
357 477 365
848 357 310
704 348 430
465 739 253
116 166 300
526 804 287
52 884 203
90 980 776
370 939 54
726 429 997
484 521 282
960 730 377
585 172 393
550 44 468
475 795 618
576 160 715
89 969 236
814 409 900
487 850 381
910 532 418
241 169 27
307 703 6
339 739 801
910 99 508
192 55 638
468 628 388
498 111 393
441 199 314
183 884 745
31 420 405
494 704 328
200 717 987
850 898 809
758 767 482
861 382 145
74 795 360
89 974 16
277 604 864
983 631 593
238 750 302
96 742 141
21 53 9
14 800 577
988 643 258
106 586 273
1000 220 536
458 88 706
589 970 775
221 372 899
190 318 992
296 89 970
502 59 978
136 590 82
442 867 728
149 13 488
756 580 808
110 1 358
104 81 226
398 628 759
687 467 1
524 355 147
37 211 437
13 527 854
805 727 401
258 900 749
874 659 163
218 283 483
390 962 259
958 745 706
600 565 170
51 289 607
840 4 569
767 567 969
650 59 648
320 162 295
266 470 118
825 3 480
427 648 744
422 608 919
521 918 563
356 950 311
891 659 163
409 344 851
854 140 52
52 989 267
692 898 643
795 333 466
371 974 563
715 659 966
8 700 799
784 376 10
899 895 401
281 160 272
446 908 245
804 584 821
204 354 707
371 768 741
389 735 611
376 317 907
927 970 189
341 306 801
609 377 216
838 670 733
255 301 449
922 83 612
956 4 30
101 855 941
954 475 887
987 253 167
985 667 111
153 328 232
603 173 288
573 902 555
640 631 113
671 11 668
369 672 967
359 912 465
290 805 606
916 817 701
923 480 492
357 408 23
824 39 533
750 896 925
949 539 274
763 757 724
259 688 626
801 689 878
804 934 425
367 469 540
633 189 670
403 801 44
99 355 293
782 594 741
556 245 993
225 458 788
439 99 944
757 249 305
8 978 96
123 793 908
875 299 986
272 580 392
813 275 398
867 186 719
664 32 556
485 140 908
483 602 453
302 940 568
362 64 168
705 223 492
513 620 35
668 879 735
952 942 683
361 267 751
825 518 771
107 133 556
49 479 513
407 49 941
527 248 275
652 92 597
995 54 850
285 910 171
43 746 258
739 869 443
333 957 516
356 854 837
825 161 274
466 212 868
82 432 771
865 333 304
602 976 368
682 424 690
582 105 141
241 791 86
926 45 947
969 369 255
238 63 281
903 779 824
625 467 985
763 304 590
464 33 587
206 849 870
264 11 84
603 908 786
83 626 139
939 498 802
641 769 757
753 138 611
421 225 874
764 615 526
981 360 627
278 646 13
602 714 905
176 767 425
737 804 81
664 656 791
592 913 673
745 419 627
154 658 51
287 410 877
434 959 729
31 546 652
732 244 388
848 412 422
202 637 386
383 31 511
669 159 694
89 95 917
26 784 932
485 506 208
303 865 242
50 617 496
762 646 216
604 439 751
673 145 304
198 612 510
141 796 732
569 521 682
839 775 718
303 415 454
43 301 118
603 629 807
979 523 870
731 246 916
145 533 421
354 464 586
748 789 896
811 311 798
604 607 986
830 863 245
76 609 473
624 576 133
404 739 629
212 235 464
643 124 201
89 331 177
805 20 260
486 751 268
871 231 682
753 652 297
638 883 778
850 828 36
744 266 176
209 680 311
986 540 417
661 298 76
601 535 366
303 735 779
840 68 315
921 373 507
439 675 313
902 713 561
731 835 520
831 185 901
643 484 463
41 203 683
640 149 781
861 825 616
37 458 903
460 32 358
702 45 490
148 434 211
608 912 913
949 610 703
465 505 63
978 571 880
1 577 488
38 724 598
952 805 334
679 824 848
375 132 754
28 180 110
601 121 124
632 924 356
45 773 296
565 349 948
553 861 712
755 946 400
113 840 972
261 647 781
226 557 676
688 334 65
548 678 183
29 547 494
256 600 748
741 822 95
91 678 622
672 727 897
445 253 731
331 552 747
291 282 58
121 440 669
784 571 303
657 377 164
209 65 942
926 323 976
806 402 121
842 330 167
589 42 504
539 900 0
174 141 971
322 539 202
990 616 247
427 39 57
930 517 538
56 638 526
89 611 579
635 932 702
523 685 232
546 838 966
446 825 642
272 720 409
470 199 629
254 542 53
547 885 98
62 671 539
539 391 45
699 143 370
251 814 201
635 113 133
800 506 996
794 74 233
781 515 530
12 650 922
514 973 391
828 639 292
691 793 120
270 302 308
414 908 821
143 651 155
661 702 642
423 775 827
245 577 633
184 606 644
812 229 450
695 627 617
221 1000 136
664 147 161
39 346 633
496 717 412
350 258 913
652 861 107
682 606 190
301 592 671
201 774 923
684 336 753
306 300 395
420 478 131
437 955 685
825 635 82
943 645 603
894 498 107
228 651 385
863 107 256
490 326 830
19 182 282
260 802 163
946 752 175
282 124 428
406 519 885
559 474 999
804 95 83
35 36 233
768 993 162
554 591 161
883 178 288
234 666 427
662 6 18
7 726 143
362 740 32
722 259 813
312 482 259
943 276 554
319 848 910
501 826 918
646 394 775
547 124 91
569 647 68
391 747 764
981 514 781
926 840 909
235 229 203
724 151 567
172 804 47
507 981 221
852 987 512
602 49 983
491 921 608
930 553 268
130 487 24
231 307 967
471 333 218
253 850 570
617 817 748
748 661 82
334 721 730
830 51 895
775 780 49
816 471 476
274 463 289
319 202 54
858 353 934
17 227 704
795 86 833
552 372 674
813 210 420
314 787 645
434 260 780
15 472 955
177 605 199
435 726 126
671 148 281
601 87 610
619 772 808
78 626 252
908 846 336
615 764 404
572 38 949
332 408 36
636 61 762
245 794 699
849 382 552
196 903 876
978 760 747
879 705 491
336 567 783
900 449 444
405 281 118
514 812 100
155 944 735
857 690 28
898 746 463
181 74 510
874 464 685
918 253 805
101 204 275
555 332 877
772 339 363
31 557 766
400 782 10
224 331 459
913 772 978
62 230 390
9 781 527
955 260 724
80 226 977
421 628 699
705 988 289
227 569 167
503 995 949
267 888 315
989 860 653
646 590 671
752 487 106
616 303 349
118 641 641
149 563 887
537 404 962
272 82 169
455 891 780
452 108 793
463 178 152
198 231 636
774 562 557
499 911 628
783 632 28
198 162 365
965 379 16
963 53 612
689 842 150
810 423 124
124 956 209
483 777 261
446 486 631
601 357 451
71 525 614
846 268 464
373 929 206
497 490 140
139 229 507
9 744 215
615 260 213
846 259 421
773 361 532
891 445 986
186 330 44
320 57 377
399 694 548
992 335 655
21 536 415
725 835 631
999 296 585
488 507 705
361 9 932
954 291 488
77 802 406
529 808 883
221 793 7
990 342 766
17 360 567
930 24 8
904 927 433
937 973 893
461 817 755
199 707 105
340 983 694
480 640 963
91 882 434
313 132 141
912 475 102
838 283 923
488 495 517
598 966 470
496 238 799
719 126 655
442 303 319
902 62 735
743 272 689
370 619 770
193 559 998
581 424 966
261 244 43
86 29 179
218 590 353
151 247 383
470 666 456
85 856 573
96 51 347
155 49 90
383 936 880
707 354 769
719 936 231
591 958 711
929 332 53
385 662 40
153 694 503
460 660 183
911 698 592
278 566 1
485 343 959
479 983 288
85 89 381
374 672 123
73 454 992
472 744 297
147 448 138
420 341 221
223 220 513
335 373 825
744 953 303
235 353 500
418 840 959
282 64 706
760 678 257
776 792 993
330 121 91
943 263 138
140 141 928
765 340 161
132 115 656
257 734 447
49 543 758
324 276 313
728 393 600
490 922 43
902 492 70
573 404 633
935 730 202
593 14 64
412 104 646
929 898 911
772 666 912
12 993 398
146 842 836
639 886 442
253 496 510
374 659 290
430 388 755
87 348 333
208 47 543
411 350 876
138 398 530
821 409 494
910 695 71
738 73 39
50 439 78
837 387 548
898 802 223
369 985 103
795 855 634
788 925 87
102 529 621
98 392 33
969 275 587
468 342 134
995 933 847
988 221 177
635 352 105
172 705 459
651 800 605
874 427 533
832 700 887
503 259 479
528 837 3
493 730 634
97 608 971
117 756 482
364 726 482
70 861 886
97 86 210
284 734 961
486 831 234
675 675 17
768 142 361
182 458 757
392 875 967
117 902 851
22 633 643
931 434 764
592 137 416
526 399 721
735 290 467
59 698 144
687 931 287
5 912 368
827 131 36
685 838 603
157 528 822
768 569 193
134 149 302
688 517 788
107 671 205
582 729 312
93 495 875
43 429 487
626 809 918
575 598 205
317 251 369
108 843 188
55 572 729
74 788 475
981 988 436
985 377 484
240 912 289
861 129 0
64 57 385
568 455 355
355 353 103
413 162 360
696 620 282
375 247 199
511 247 193
42 28 229
268 793 364
393 144 262
203 994 971
247 260 480
839 825 689
673 871 548
45 855 924
519 832 430
592 581 507
95 233 252
539 208 825
698 871 675
10 718 124
487 839 314
875 567 775
106 763 75
464 946 801
663 651 973
83 167 402
343 787 238
24 553 249
922 767 510
388 445 322
864 368 661
460 738 555
611 677 743
737 623 2
850 214 293
860 68 303
482 235 857
588 668 822
81 52 1000
695 89 528
996 855 71
469 18 573
666 910 241
497 854 504
940 147 0
623 299 725
743 725 483
725 339 759
206 820 464
801 409 621
126 561 150
245 529 986
431 680 684
983 9 638
466 809 611
451 27 267
698 789 70
487 264 174
763 808 724
252 374 468
479 930 46
480 838 869
877 202 52
53 188 618
382 166 131
670 450 440
294 549 982
942 366 516
867 707 607
213 700 178
544 118 880
953 431 299
732 484 2
587 117 898
92 890 149
5 502 768
801 220 891
6 888 61
671 473 641
809 33 737
510 912 656
215 23 513
574 813 360
656 917 211
141 164 859
624 725 247
511 92 986
81 842 968
527 537 607
786 58 405
664 115 169
924 223 371
950 557 890
454 698 188
446 627 261
501 497 257
125 757 890
657 928 558
781 680 806
350 282 33
437 289 901
803 937 82
800 665 611
588 611 582
950 693 669
875 952 768
345 305 250
677 991 744
636 840 536
499 434 123
513 168 832
858 232 421
545 46 311
828 145 418
529 55 417
468 53 568
54 944 309
255 952 789
864 756 574
988 274 627
421 360 658
221 982 407
62 668 319
710 581 978
216 224 58
286 508 596
19 498 788
455 684 37
529 25 940
491 646 515
489 838 758
995 452 57
763 277 507
180 405 791
181 165 901
882 640 117
837 929 184
485 228 493
192 817 367
607 495 199
5 844 473
869 401 605
94 884 563
899 891 712
88 104 438
856 830 574
894 870 724
627 288 209
254 894 42
780 176 647
725 494 461
628 360 485
422 227 505
386 196 647
919 764 319
443 126 573
441 918 786
660 723 206
485 518 574
432 7 208
260 805 239
177 48 75
160 399 292
388 256 414
798 788 559
997 293 929
532 472 352
321 102 566
754 146 977
613 224 601
459 243 736
747 928 594
222 543 270
545 250 927
475 226 728
220 888 466
314 504 7
760 426 99
926 162 661
545 928 350
110 887 291
170 240 920
461 506 379
41 294 396
378 114 979
448 470 689
677 450 32
428 855 612
22 354 93
569 849 734
648 390 474
966 931 31
211 176 149
191 847 568
669 346 790
688 456 485
766 105 700
887 194 12
462 56 699
725 840 183
9 677 532
862 115 185
45 413 542
27 43 360
649 933 254
314 610 712
510 337 531
907 620 355
865 764 990
523 791 895
456 596 458
598 716 305
909 65 583
941 420 405
871 739 700
672 468 664
549 469 11
8 667 634
770 457 614
730 406 647
140 759 173
586 96 256
400 78 33
328 717 62
1 320 459
639 294 517
5 892 887
92 847 101
562 30 762
298 380 167
413 845 679
806 610 286
656 325 893
823 20 723
1 572 548
386 201 486
538 477 584
29 789 665
647 136 268
310 814 114
243 594 287
931 453 928
761 997 905
455 709 595
955 552 188
97 833 316
675 542 586
214 338 422
958 149 332
575 559 911
989 610 557
733 321 95
528 25 269
785 299 35
752 886 250
265 125 552
377 477 853
38 310 29
166 355 303
792 626 71
995 358 481
689 594 417
501 466 288
381 540 427
910 446 366
215 21 755
154 9 828
575 237 71
512 12 464
92 680 259
704 444 73
495 240 705
186 691 227
271 869 796
816 161 616
700 149 183
959 33 307
756 114 95
135 405 710
905 427 145
294 607 462
852 414 403
533 436 475
999 717 586
513 898 793
513 982 731
876 803 7
831 431 740
146 736 559
403 735 566
83 586 840
664 790 741
881 278 616
85 692 2
410 628 432
741 927 845
676 738 682
208 447 451
34 304 670
970 929 406
351 714 821
273 269 493
655 805 860
209 956 443
680 656 867
135 763 106
561 672 34
584 343 807
866 933 430
383 836 297
281 217 656
895 124 562
201 322 967
465 866 984
914 547 238
336 760 266
457 491 163
142 167 565
620 767 317
244 887 519
476 69 771
813 844 417
362 365 227
589 4 89
69 541 622
558 204 903
702 122 469
481 940 521
882 372 182
471 236 771
291 118 253
775 103 639
863 347 201
450 586 773
327 517 983
770 299 322
883 879 756
973 243 655
349 925 141
5 241 360
298 633 34
986 867 391
400 83 999
768 183 552
757 351 360
124 894 637
687 449 424
924 479 441
882 532 206
628 659 142
871 715 536
35 746 58
667 743 755
60 385 338
145 787 610
921 376 699
711 312 764
847 935 22
365 979 100
890 657 953
716 543 38
992 1000 825
874 830 412
476 836 542
835 822 851
400 104 964
923 802 858
887 583 829
124 138 207
51 634 837
912 459 396
694 108 747
464 531 977
370 43 451
452 818 861
112 161 419
839 269 890
129 587 525
198 254 926
103 860 514
526 976 800
363 428 80
84 169 451
319 33 962
238 407 977
464 468 251
598 738 763
310 91 448
714 220 597
515 990 466
622 698 49
672 336 405
705 657 868
314 591 620
5 727 469
597 133 600
489 594 200
57 434 249
862 303 636
390 796 960
461 655 602
134 796 137
279 571 53
534 271 340
962 489 95
526 516 436
30 43 962
5 615 37
122 990 621
381 244 210
120 296 513
907 976 922
520 140 723
689 814 971
151 418 621
915 278 598
615 464 920
246 553 843
940 842 864
655 872 652
58 666 584
707 585 765
682 186 466
823 44 30
428 195 58
710 439 659
281 598 331
80 115 687
511 227 786
797 148 438
423 3 788
928 453 908
110 87 1
707 635 216
822 655 286
278 227 918
363 313 654
573 454 653
476 117 584
702 153 114
294 448 586
533 901 723
682 830 432
822 834 163
991 290 909
750 710 135
384 350 674
404 183 577
744 794 364
415 71 68
879 221 68
50 345 802
741 375 146
55 187 458
184 422 30
673 779 812
858 712 926
813 922 781
996 987 62
84 752 918
689 266 435
354 54 791
74 459 833
747 171 738
889 336 512
442 645 627
334 737 746
435 897 124
51 217 148
710 667 610
685 526 985
303 235 240
316 855 365
409 177 458
658 634 591
230 477 513
903 622 260
914 945 763
769 353 294
761 183 980
471 32 768
150 836 941
846 140 819
304 213 241
592 274 686
729 318 282
405 55 851
114 129 283
271 350 822
213 733 976
121 336 813
140 383 631
694 832 824
52 247 49
896 507 27
462 409 150
786 532 75
295 847 340
620 463 324
678 989 354
736 363 678
533 928 416
89 404 525
124 638 383
880 95 404
486 792 387
481 745 767
415 587 315
595 400 754
206 686 4
723 759 445
972 436 476
597 368 311
35 306 580
9 594 527
671 230 576
130 155 707
92 714 671
136 26 956
725 84 533
712 942 375
209 611 207
917 68 704
210 668 244
138 772 720
972 806 965
969 518 496
596 780 981
223 73 767
807 813 358
631 738 561
77 249 899
482 736 285
582 923 281
470 571 822
126 38 746
131 998 741
649 972 679
590 136 911
542 740 894
872 265 790
372 314 669
981 654 20
23 821 556
389 388 705
987 37 864
174 257 198
667 29 946
170 330 88
860 516 894
236 572 381
156 23 600
479 817 722
738 588 27
736 526 186
483 659 666
675 883 693
186 407 587
53 606 587
781 730 959
123 581 559
888 36 659
719 674 593
309 252 354
897 721 652
872 935 150
978 751 21
176 424 214
824 86 731
521 67 705
777 149 786
149 465 385
4 438 434
933 959 154
655 832 37
983 756 397
346 266 588
303 439 869
29 161 507
465 910 190
19 543 964
273 821 607
139 469 876
189 832 234
16 371 582
721 954 813
968 51 197
439 833 787
590 532 71
221 91 455
611 729 215
939 35 215
975 808 458
474 932 318
69 223 181
202 909 283
299 891 209
189 863 607
615 273 386
520 730 710
296 324 555
910 92 418
265 54 201
139 120 144
220 648 489
757 616 980
603 284 289
147 99 170
956 556 655
566 832 264
431 711 897
210 505 416
714 738 320
220 430 943
287 611 916
874 653 783
678 336 86
702 767 832
4 368 397
912 417 914
510 5 770
523 144 419
626 13 259
597 497 358
194 547 891
634 442 633
502 675 496
237 717 202
786 700 3
561 384 561
191 102 82
925 329 279
932 415 215
725 342 1
431 46 930
343 801 838
340 340 5
155 610 137
708 953 539
726 928 786
148 443 24
272 942 676
989 1000 560
872 648 463
533 667 693
407 198 22
729 884 980
946 372 810
449 730 933
358 320 5
432 919 725
476 710 571
997 82 927
839 222 129
815 462 307
793 790 481
510 667 777
970 242 560
553 90 956
966 205 44
141 424 129
617 484 345
325 731 712
392 944 683
485 895 234
66 305 648
298 583 843
722 82 983
310 591 511
663 954 686
195 61 431
979 231 711
13 443 45
262 160 689
534 494 377
135 884 757
539 895 666
246 137 169
625 138 412
621 781 472
567 768 423
860 119 683
720 222 570
325 916 434
33 114 434
822 504 582
498 405 75
409 461 652
881 220 757
581 500 812
325 70 97
972 296 265
181 770 87
315 269 209
163 209 719
339 105 377
103 528 219
453 873 898
892 671 341
5 717 733
359 436 820
866 477 603
700 664 570
175 624 505
676 703 284
724 893 330
322 636 86
118 315 257
490 852 381
691 748 991
313 372 374
437 172 952
105 722 863
371 494 240
127 642 768
458 688 24
758 488 458
499 123 116
787 153 147
343 508 948
927 324 85
218 93 198
804 689 414
640 434 636
105 274 256
773 567 311
854 368 4
310 64 333
70 744 808
824 392 287
608 433 301
550 199 548
823 681 542
735 647 63
486 140 904
94 364 694
397 312 422
657 781 984
39 658 28
174 14 357
947 121 793
854 990 733
275 457 901
523 590 598
803 615 719
776 401 743
869 455 944
276 684 452
638 119 945
472 459 934
189 405 36
932 982 724
726 8 609
476 853 471
305 474 373
740 456 286
802 906 568
896 550 324
679 290 697
868 564 463
991 174 542
116 345 218
801 128 876
347 297 209
32 641 272
327 565 309
94 461 68
296 760 691
780 698 823
919 689 364
461 423 850
147 524 949
893 820 443
101 139 270
719 34 654
552 37 83
860 482 926
783 603 634
620 715 818
47 363 369
4 573 943
488 917 737
878 830 45
540 572 478
705 735 872
679 329 181
393 748 69
354 390 445
398 93 379
606 596 558
557 115 277
718 411 46
90 279 812
583 485 561
235 653 619
985 677 508
358 916 155
121 814 732
606 142 684
753 827 328
821 847 792
314 104 736
927 236 520
463 544 889
142 566 596
886 234 657
719 974 960
572 462 833
909 174 988
203 627 831
796 503 346
528 613 533
701 657 785
544 211 869
125 571 255
473 655 249
952 960 199
76 894 628
851 317 47
753 843 798
617 889 784
779 279 243
595 929 544
176 682 766
903 310 344
500 985 382
745 334 610
432 174 897
665 889 887
742 939 68
419 663 151
665 619 599
14 797 89
189 350 244
507 425 143
926 325 734
970 567 484
271 53 574
283 102 648
150 923 7
798 597 411
556 14 860
842 619 18
808 154 659
417 895 524
179 458 382
600 522 482
312 51 586
106 5 789
410 16 15
416 912 825
618 250 258
587 279 413
211 918 983
761 411 838
211 744 538
71 280 323
805 673 141
404 71 448
926 72 739
666 733 922
262 145 126
121 886 333
368 499 343
662 627 923
456 530 326
238 926 706
952 155 132
795 327 959
40 562 481
782 24 593
235 14 629
435 637 275
807 421 875
154 918 728
77 670 304
886 966 281
309 216 303
940 894 348
695 544 924
659 586 155
122 359 709
453 776 329
966 518 357
453 317 60
579 80 749
629 452 972
851 484 619
607 606 874
378 509 703
865 31 702
76 193 863
309 94 856
565 376 649
945 946 150
222 188 699
85 484 591
980 98 135
65 107 492
561 14 876
532 180 218
524 26 720
801 911 804
247 743 475
620 270 659
861 306 592
173 380 352
988 137 864
535 910 319
988 364 527
782 87 787
569 732 1000
606 830 899
970 64 620
873 900 701
269 179 177
562 579 721
707 377 62
246 132 842
907 359 190
169 259 516
430 885 630
90 121 378
269 573 287
827 716 320
386 944 199
658 829 455
19 232 550
409 828 943
696 946 981
787 914 320
771 651 128
917 919 340
960 929 623
320 767 876
117 567 672
419 811 129
683 118 495
837 378 953
590 200 506
319 709 586
40 385 631
311 303 108
752 536 597
436 264 188
351 610 125
106 775 770
840 458 215
220 725 358
353 208 245
894 795 169
739 460 444
433 837 606
965 537 736
334 161 75
658 550 723
454 582 887
573 570 440
50 576 605
985 691 441
100 462 729
552 540 830
917 293 483
393 455 168
260 785 96
499 22 245
808 563 363
216 479 609
428 455 672
481 110 279
302 68 251
415 756 972
228 900 427
319 126 276
670 190 295
251 627 373
934 941 727
964 7 560
893 766 83
647 993 236
528 69 109
682 186 441
553 575 72
407 83 224
798 785 125
900 77 987
348 440 289
210 522 639
848 979 474
649 366 832
857 337 5
538 188 976
278 329 405
806 787 796
335 554 868
324 158 3
168 785 153
418 298 479
985 289 212
864 208 202
178 743 261
586 156 361
255 30 352
116 300 276
979 368 701
430 906 20
682 544 591
375 447 760
704 90 120
205 88 894
477 73 595
273 317 516
676 94 21
603 942 596
601 482 294
341 157 704
760 915 187
334 868 551
16 999 619
950 760 65
108 431 13
470 439 929
464 917 532
526 893 99
517 566 326
537 931 133
145 817 365
995 786 644
660 208 973
475 639 574
15 572 315
758 742 240
581 212 544
835 76 636
101 292 838
551 359 910
75 388 66
6 93 561
310 581 614
136 702 317
765 36 602
139 543 481
237 237 997
763 661 639
360 726 298
19 46 260
667 850 657
403 339 535
312 243 813
887 967 931
738 393 361
71 588 170
175 108 890
79 41 225
593 240 77
763 41 195
778 980 291
474 52 815
837 291 467
374 211 507
252 527 970
181 162 782
807 959 190
622 624 139
263 393 597
297 283 319
626 58 54
327 416 759
506 441 187
376 487 251
753 260 672
114 232 555
309 922 398
437 296 160
27 193 869
838 832 892
143 204 855
976 783 556
224 554 216
216 292 74
730 69 218
271 922 805
626 130 971
851 422 126
872 72 204
496 59 955
997 506 722
878 631 159
677 680 589
973 95 767
432 901 762
350 703 713
924 637 546
97 63 896
621 957 662
58 53 948
674 755 564
302 798 262
441 624 782
373 983 70
396 343 354
912 887 44
378 670 859
237 432 750
519 911 770
784 306 188
203 163 63
293 78 654
867 438 925
169 74 357
455 755 570
184 885 440
486 884 619
538 106 512
158 823 205
86 862 979
382 299 687
519 337 730
791 444 902
816 531 712
520 303 298
791 635 754
745 325 823
145 676 81
352 374 242
735 196 536
837 343 900
748 769 795
533 666 780
393 881 320
730 693 723
515 941 988
545 10 349
300 345 830
349 160 214
470 656 735
261 883 386
493 978 686
348 314 905
291 955 841
494 242 43
292 605 681
439 952 345
526 372 786
330 585 804
43 898 963
824 21 373
301 364 357
848 323 214
600 607 718
889 360 535
855 840 859
436 28 661
496 302 198
249 922 108
811 853 816
308 868 579
796 943 395
153 213 682
897 451 317
419 331 740
736 602 959
772 724 633
649 242 237
834 1000 708
270 832 229
515 522 540
365 571 679
145 923 31
877 166 530
198 868 485
833 195 85
647 511 1000
611 314 216
339 373 308
197 579 234
87 533 540
260 381 259
866 549 635
341 299 415
464 576 780
415 322 281
441 942 608
26 204 664
30 570 278
674 753 156
601 104 198
276 716 735
501 817 518
601 768 69
196 939 176
627 337 686
708 116 261
510 903 629
874 415 97
719 308 852
587 77 243
151 351 622
741 280 93
517 270 986
537 765 570
377 479 633
617 453 24
598 769 127
217 243 960
664 893 794
282 507 600
7 952 536
759 388 917
747 443 645
483 951 217
718 33 340
495 608 943
26 179 864
103 219 781
681 857 682
85 545 267
561 159 878
387 597 655
164 673 286
557 1000 481
242 880 642
580 301 595
702 158 283
747 5 297
56 542 280
399 335 864
279 442 724
588 773 777
39 527 687
978 898 219
328 674 399
429 835 528
635 161 466
738 699 597
57 318 311
331 194 214
140 61 804
383 221 200
780 17 876
225 253 757
491 947 559
463 119 436
312 826 865
153 326 420
696 896 788
354 166 102
514 645 535
727 779 894
626 149 992
334 156 256
289 199 564
741 261 222
917 16 909
985 899 329
408 854 361
702 899 193
223 485 814
615 948 116
124 1 694
496 90 369
988 651 336
68 241 283
357 488 72
0 736 320
517 333 716
818 101 751
319 926 544
207 534 434
25 55 924
641 841 214
389 783 104
905 71 856
668 8 209
991 453 991
519 176 2
979 301 291
284 529 290
566 791 240
799 539 27
203 691 73
680 189 867
717 291 165
325 477 201
689 919 46
505 500 127
384 561 886
890 215 673
361 71 330
634 930 506
59 780 18
714 85 388
657 495 98
379 787 188
283 925 554
158 565 377
117 509 104
397 535 224
900 273 393
29 382 400
320 446 999
370 66 285
968 191 756
704 774 661
140 937 81
325 180 855
652 363 288
453 904 705
275 187 469
336 407 473
32 211 847
292 267 911
216 353 313
549 528 181
0 603 805
807 575 340
924 581 868
543 734 205
548 25 366
563 276 912
151 501 158
447 119 64
878 841 139
107 974 472
666 400 609
611 320 114
195 71 959
210 23 306
901 201 463
136 850 923
242 430 888
285 910 658
272 547 646
752 826 500
104 85 589
133 627 315
260 950 322
370 529 189
295 939 499
354 558 205
549 375 823
743 352 207
270 723 237
363 415 913
16 669 788
18 684 327
389 414 66
450 113 685
225 100 799
713 707 921
760 110 327
982 848 482
694 170 734
498 253 174
750 199 297
192 661 200
325 378 876
950 411 244
655 500 315
398 908 419
262 937 536
41 621 296
946 239 356
833 129 260
970 130 129
448 49 426
949 372 404
360 689 518
269 756 637
403 272 181
168 934 75
571 569 582
302 433 461
905 993 985
938 415 344
193 109 719
800 431 152
52 44 246
382 460 189
289 810 356
468 453 346
925 40 783
140 146 18
513 340 610
683 528 220
595 395 791
839 905 568
648 662 927
750 217 747
565 618 86
842 823 45
568 229 130
974 691 832
171 511 923
685 906 413
68 479 696
466 186 555
29 602 423
772 589 869
616 110 555
215 257 602
959 366 588
748 971 90
942 86 213
884 882 844
150 424 899
673 941 72
143 263 286
423 883 258
333 583 729
543 94 472
337 583 83
9 417 394
138 917 500
412 899 314
997 846 873
785 353 756
407 641 931
236 635 858
334 637 556
263 167 454
725 828 765
154 247 345
938 639 289
844 564 110
478 833 275
900 920 821
553 898 832
766 224 903
899 631 594
537 679 125
14 642 912
905 142 399
85 457 624
728 232 760
765 489 189
851 353 315
637 399 570
884 199 536
574 448 629
120 312 507
385 242 50
812 703 393
393 288 724
907 389 594
825 972 198
490 119 653
714 460 450
91 330 910
658 423 997
549 468 212
452 188 681
762 730 716
692 976 741
497 369 766
3 525 735
792 654 377
460 824 403
138 476 958
119 985 556
891 994 925
31 66 74
422 773 278
784 436 91
459 306 382
86 238 655
757 825 183
638 373 897
230 966 830
781 564 673
46 360 506
287 981 186
689 227 881
301 800 212
836 40 666
966 884 798
746 464 870
740 480 207
192 502 632
300 691 840
635 625 716
892 995 914
930 131 173
923 760 377
49 840 954
184 365 91
15 710 57
634 587 579
963 353 558
698 92 251
257 412 563
659 39 928
333 977 133
141 560 836
772 984 806
700 77 564
98 364 634
169 177 207
430 749 772
597 50 577
663 403 423
192 704 419
899 78 179
775 947 520
465 353 402
824 103 165
238 991 431
311 27 914
893 773 257
283 293 38
19 996 755
725 166 44
314 807 64
453 875 630
636 112 594
718 273 200
446 747 63
441 110 642
203 831 675
752 0 960
123 636 813
123 188 457
431 134 609
434 564 985
691 136 761
231 993 510
45 533 924
340 756 63
924 68 579
382 997 657
598 718 199
941 318 610
252 460 977
97 220 866
438 339 950
938 395 814
424 717 198
18 390 142
927 780 118
75 977 89
60 405 495
144 728 698
981 703 544
605 78 134
577 377 325
660 717 939
658 879 315
948 339 131
650 862 368
998 931 979
902 79 258
158 953 190
666 914 377
131 978 739
760 943 388
397 834 477
839 298 739
382 118 983
343 519 713
208 689 432
176 375 258
602 171 170
586 984 681
682 455 440
918 801 481
576 114 518
673 666 539
642 510 198
806 411 317
611 358 61
866 604 906
519 490 811
967 76 986
356 648 268
922 448 887
631 818 701
909 339 959
313 443 319
742 802 812
439 149 20
97 697 488
391 203 381
835 34 537
835 71 770
442 559 792
567 418 193
283 471 746
22 367 659
420 805 920
860 80 342
465 399 33
93 754 912
29 639 373
655 369 748
293 140 925
414 634 16
941 935 171
854 130 428
922 586 604
308 419 274
471 60 357
248 681 277
609 939 372
13 612 637
608 580 533
554 412 715
728 982 209
258 753 13
761 483 254
578 868 295
434 957 340
414 908 430
237 41 355
1000 343 211
928 378 547
289 883 994
160 690 722
991 210 146
958 603 395
604 496 231
667 297 79
31 94 321
607 331 701
212 260 391
864 783 917
464 372 10
380 917 417
181 742 814
65 80 557
791 684 321
232 712 92
830 165 837
463 154 954
550 82 602
653 245 725
532 341 235
912 791 22
737 489 475
747 16 756
288 877 98
813 267 94
850 294 137
754 364 424
873 343 543
864 369 609
989 86 671
458 613 120
939 967 831
977 395 911
377 499 33
977 817 815
821 895 59
474 451 530
914 520 866
221 859 169
540 31 937
547 779 324
483 80 76
585 93 174
455 448 367
792 379 815
723 856 217
74 223 843
884 825 293
601 764 236
964 664 444
794 433 439
439 140 439
754 429 44
134 792 289
420 420 469
808 958 72
624 145 441
960 692 246
283 762 327
254 891 344
149 271 298
516 331 806
834 188 971
872 463 27
332 778 34
512 894 613
778 0 418
466 363 550
819 945 480
731 699 166
619 758 518
774 869 255
458 425 293
312 446 0
751 292 68
634 400 206
634 630 125
718 134 232
575 295 415
441 894 407
629 70 286
769 117 377
918 187 456
955 28 69
582 705 987
397 404 752
212 999 52
273 927 124
951 531 921
666 117 550
719 244 638
590 836 35
641 238 763
404 771 335
25 635 817
196 749 144
748 1 873
876 623 452
854 823 901
793 441 779
250 321 236
335 884 689
231 226 90
109 521 22
41 227 667
285 383 385
663 809 587
23 100 165
453 878 98
641 485 518
985 652 553
932 100 147
255 941 215
489 584 509
469 719 721
273 919 281
335 9 762
440 726 510
761 954 73
879 714 260
151 57 942
337 333 232
410 975 316
512 278 939
702 84 685
75 771 607
110 657 322
377 143 675
736 540 560
256 429 42
397 890 108
825 44 43
900 55 498
201 744 358
510 154 772
920 36 167
880 405 755
171 205 174
461 820 518
407 3 669
244 233 937
122 1 230
867 662 685
562 670 952
647 639 513
246 37 114
631 193 635
626 269 156
855 948 633
814 120 276
164 829 279
0 77 565
409 829 842
222 160 738
598 924 4
503 760 910
298 739 464
744 94 42
336 567 68
615 544 680
822 831 602
346 3 735
77 812 449
761 772 76
809 190 242
409 707 416
708 207 311
391 566 561
589 977 496
117 109 436
9 346 378
572 517 443
993 572 386
208 353 364
364 425 693
434 407 771
219 508 68
156 255 948
974 40 206
323 118 754
5 170 963
4 496 869
293 101 560
490 614 17
248 374 899
966 695 247
979 853 124
647 385 598
573 285 505
218 292 827
819 877 428
768 389 641
964 430 916
155 687 643
517 270 299
577 880 805
10 854 57
282 862 234
330 216 159
54 344 117
462 515 308
825 266 259
415 548 193
7 277 872
209 117 624
556 406 78
154 441 345
437 271 20
479 854 746
528 92 759
880 355 850
459 768 703
117 139 316
679 426 75
497 114 735
811 140 196
345 856 417
576 630 435
651 576 362
14 675 897
208 382 88
873 600 874
238 530 732
774 725 769
700 543 851
808 909 181
420 420 834
211 468 107
833 684 221
708 304 540
732 507 812
633 341 580
599 145 749
250 841 81
632 892 116
718 783 198
274 275 209
390 873 663
468 694 910
216 765 565
800 157 449
311 559 49
493 378 596
764 168 673
456 28 1
521 868 529
915 94 855
197 375 911
774 457 566
532 458 602
332 296 233
10 840 315
0 816 248
513 534 552
854 480 924
710 287 441
447 11 895
109 93 200
763 344 322
661 51 805
465 638 724
532 428 997
217 656 475
966 159 118
608 356 726
923 661 155
978 912 235
841 847 565
711 470 741
285 656 718
991 3 258
964 997 247
947 98 244
988 477 215
466 947 798
338 910 372
880 539 2
460 173 629
170 623 603
598 538 921
639 643 362
706 846 143
753 291 532
787 461 369
497 278 631
513 343 64
643 679 41
56 185 816
96 952 655
493 596 258
55 421 36
354 622 568
402 842 841
115 630 269
989 152 29
70 29 513
586 481 568
35 963 570
423 677 975
766 977 874
436 52 293
669 708 564
302 814 544
718 665 916
34 197 816
127 880 754
941 891 186
649 906 865
195 493 739
514 68 45
311 379 351
579 564 230
221 858 931
967 870 761
754 934 243
893 213 147
45 240 236
610 261 733
719 351 968
607 169 366
211 949 421
600 676 126
763 519 607
578 499 994
377 23 928
878 972 794
501 239 860
363 236 70
585 371 906
138 341 381
843 154 577
133 552 148
744 847 381
775 665 426
979 305 311
53 433 715
419 340 227
557 195 396
743 355 690
84 586 875
967 488 886
174 952 415
469 775 161
259 910 752
798 142 528
167 530 673
499 888 956
938 893 984
54 408 420
420 55 249
394 482 730
229 391 452
432 377 593
139 215 683
955 303 264
345 260 227
305 45 325
365 838 630
886 561 459
917 203 241
734 336 163
551 991 494
451 410 779
372 491 16
657 699 742
933 147 253
662 694 129
3 195 931
223 515 278
16 253 342
482 498 790
158 476 194
60 707 163
109 300 429
975 787 125
398 268 861
891 199 44
59 449 159
649 272 317
472 536 510
702 307 656
865 51 460
426 162 571
673 609 603
518 125 115
449 427 693
564 821 569
70 792 907
286 481 44
93 123 497
615 374 527
272 882 274
313 5 229
502 859 360
980 726 862
36 963 905
627 773 605
857 188 260
873 865 73
970 248 791
304 101 574
333 154 231
734 299 259
606 602 186
574 863 284
51 568 623
425 964 780
545 603 498
901 215 37
469 128 232
59 718 754
578 395 340
418 985 835
431 314 888
521 270 831
593 608 302
131 300 654
375 931 365
619 921 555
191 201 931
403 435 369
825 322 243
739 567 303
447 470 501
162 523 446
877 323 580
603 182 136
733 431 203
502 837 828
316 329 855
168 723 802
255 106 399
369 485 152
715 755 250
715 942 452
233 320 302
927 344 136
454 548 724
116 699 129
864 135 764
791 555 22
865 155 962
270 606 191
857 669 289
136 410 442
375 801 250
100 880 83
787 272 18
95 910 997
96 497 134
222 901 641
420 381 856
863 748 686
745 151 142
936 157 370
943 87 718
38 8 763
945 955 49
515 90 582
784 118 365
607 144 20
639 566 488
964 88 280
671 734 382
498 839 971
943 406 120
793 367 562
548 846 673
278 702 30
831 514 283
589 946 749
592 385 364
841 333 659
517 190 967
885 921 541
362 407 523
783 141 646
178 453 595
408 159 308
345 717 931
934 200 783
43 353 373
698 147 431
870 336 794
732 184 244
151 263 507
812 695 693
623 524 30
246 472 535
979 443 888
710 104 276
613 55 468
224 688 826
886 201 777
880 679 73
147 63 398
862 961 736
659 791 660
145 634 274
369 443 992
942 132 131
182 316 300
59 8 809
765 742 979
415 586 728
750 793 17
848 822 210
194 229 657
389 873 13
974 160 229
659 307 872
224 690 750
321 400 535
601 26 111
207 199 846
421 859 909
112 526 659
4 349 103
935 676 775
398 292 214
344 567 478
911 624 198
327 727 717
514 295 312
179 585 800
51 628 214
229 896 366
811 755 174
898 351 283
498 301 155
966 238 249
990 946 473
998 514 83
618 596 561
154 729 473
906 578 297
940 780 926
382 909 415
954 153 968
238 965 755
160 489 139
368 476 100
870 732 725
79 908 806
810 807 517
523 808 287
799 547 528
469 211 217
716 730 712
90 959 982
244 921 705
40 725 546
580 696 357
290 949 479
383 426 351
930 807 455
648 421 127
640 897 923
328 688 13
718 960 210
534 199 394
875 728 812
912 963 960
648 203 232
636 934 662
862 395 999
531 189 344
981 99 350
925 778 610
683 1000 667
123 138 21
888 27 981
617 311 344
463 635 945
551 459 211
180 663 781
195 237 989
839 980 355
834 883 237
620 704 927
375 720 183
936 594 268
133 443 506
540 902 396
880 248 509
158 999 475
812 693 849
103 186 940
255 63 233
530 294 80
580 855 721
261 407 785
913 559 621
451 297 69
107 254 325
286 542 964
549 924 355
287 176 788
797 353 472
234 822 986
573 804 129
131 346 442
224 381 763
762 259 98
139 603 267
752 273 753
450 554 429
354 111 877
908 615 996
418 600 449
36 426 20
788 756 606
51 927 113
979 136 663
6 978 527
192 498 308
728 330 843
184 902 267
418 603 5
581 229 831
265 872 355
522 119 356
194 900 722
8 373 447
257 38 605
178 427 964
708 985 146
62 71 54
978 348 275
935 248 276
308 957 86
918 783 49
457 926 658
545 190 635
279 619 791
994 447 18
654 810 504
586 903 695
513 731 2
67 995 212
183 455 638
56 152 349
428 183 363
898 409 371
765 154 493
127 801 220
573 172 274
43 487 801
361 59 959
75 897 325
843 29 744
636 76 949
377 487 544
299 598 638
858 364 80
74 651 173
338 304 972
427 842 176
449 309 600
97 573 798
392 434 360
343 380 96
113 908 271
730 736 920
436 777 158
878 145 593
775 883 533
525 648 492
37 346 758
176 961 166
393 532 726
913 895 555
842 294 791
68 111 649
278 107 331
247 367 371
634 884 765
597 919 110
8 441 512
447 134 118
786 778 575
587 85 785
96 703 23
768 205 871
639 207 317
691 693 857
827 763 78
807 203 532
684 132 56
387 883 529
110 410 138
267 731 899
10 744 335
650 638 493
725 240 311
880 937 529
450 688 736
723 432 466
165 30 685
596 639 87
220 11 975
188 74 221
913 42 161
685 212 252
176 800 825
769 231 829
821 270 969
498 177 577
803 733 693
1 362 627
921 609 579
164 235 720
407 290 732
321 458 342
34 94 136
36 870 824
230 1 559
158 887 832
68 684 298
610 234 887
398 81 237
899 908 298
447 344 414
223 203 816
158 385 664
992 703 473
894 273 688
730 929 674
963 451 751
497 789 91
728 625 380
862 242 217
50 719 210
429 303 92
339 696 172
138 865 101
81 175 744
910 613 813
455 579 886
258 155 950
248 573 656
421 898 386
569 93 126
468 110 524
676 805 973
778 603 842
940 367 541
994 104 82
989 163 823
708 234 490
207 142 149
656 306 173
478 805 756
243 564 111
420 502 364
572 831 846
480 914 567
704 875 678
562 885 748
369 994 418
41 443 966
666 333 370
298 244 668
115 925 849
815 465 924
661 918 205
371 388 313
439 26 594
591 751 110
173 774 772
182 726 393
278 676 755
423 332 113
143 703 419
294 661 959
447 263 311
138 512 496
325 255 674
479 343 999
296 262 648
68 701 958
776 286 704
287 27 485
655 769 902
183 768 673
230 946 545
76 887 165
182 44 513
319 909 524
504 905 343
614 176 91
967 320 554
398 142 299
139 818 356
39 201 276
911 684 174
839 437 577
250 623 979
634 617 215
97 133 788
416 938 148
470 661 39
946 559 511
398 331 625
369 265 356
247 522 329
745 229 939
120 416 30
112 500 917
915 771 400
997 487 285
879 516 979
187 621 721
922 74 729
619 307 373
945 121 141
361 699 747
216 352 298
342 919 646
229 109 909
853 461 413
498 752 390
956 856 113
624 255 258
359 824 237
380 614 919
498 59 213
476 704 928
380 590 560
47 825 825
481 63 361
380 567 881
946 10 15
1 27 519
153 242 818
685 872 42
935 665 886
360 783 131
184 166 78
589 820 20
694 678 232
974 652 424
45 844 278
672 935 686
217 352 567
425 733 1
774 648 92
998 871 99
397 626 25
977 322 780
475 777 553
495 987 693
59 913 724
832 418 593
148 25 317
133 292 393
386 425 843
815 515 643
216 213 160
596 467 35
768 900 434
654 17 755
920 495 443
783 869 527
784 864 214
706 718 6
460 970 443
607 229 735
531 159 213
426 229 864
885 433 167
661 802 772
256 428 378
905 517 880
762 987 857
937 931 188
62 978 472
952 6 531
215 788 949
62 390 230
28 104 544
989 719 730
80 786 672
151 511 281
820 619 758
744 85 404
292 858 727
228 776 524
435 293 933
861 353 354
175 461 889
146 559 997
42 181 969
864 862 12
668 557 74
63 365 564
107 151 957
530 960 849
571 752 967
963 999 800
217 711 467
865 586 129
583 707 301
797 224 356
609 605 428
838 664 559
600 578 381
764 278 826
440 860 444
470 193 495
944 545 846
911 162 201
381 403 8
13 87 845
241 264 775
475 588 595
596 646 545
963 868 527
348 203 187
670 836 690
825 471 256
681 715 65
149 943 497
222 681 363
68 914 197
849 638 887
792 861 105
962 18 571
576 3 40
309 657 706
843 502 675
476 814 644
75 76 370
441 365 965
694 209 906
127 990 352
861 157 788
55 233 414
936 535 345
322 215 310
34 903 460
855 282 786
533 29 751
629 43 749
38 407 514
34 879 201
130 138 370
733 873 136
724 908 995
227 814 340
593 38 610
887 996 369
541 158 421
663 237 650
528 99 177
86 118 690
232 380 330
973 65 471
706 507 237
931 246 858
175 20 427
755 885 46
807 185 573
145 800 508
306 294 489
299 23 627
378 575 33
94 80 100
568 277 652
652 906 516
75 348 95
746 135 243
348 677 66
557 449 787
595 466 727
686 404 38
727 964 564
581 3 94
715 410 287
958 60 496
651 778 511
832 633 429
349 608 229
812 672 110
745 143 571
454 685 359
882 3 178
516 928 26
335 756 595
911 135 111
673 479 216
464 766 692
827 420 790
140 195 703
665 855 18
744 649 205
433 461 548
607 834 622
37 293 473
569 916 647
559 770 277
291 275 165
586 578 702
966 321 648
533 230 593
781 54 687
223 869 139
27 425 585
520 493 435
616 882 291
545 935 26
58 342 746
852 69 454
317 91 306
910 775 125
42 363 461
812 950 47
466 268 159
797 300 684
915 685 973
682 97 738
146 396 254
360 837 111
826 377 274
433 548 530
469 967 100
328 324 117
627 951 622
730 61 187
960 637 861
159 497 714
537 859 943
357 945 523
989 408 164
27 12 825
652 971 356
477 462 511
934 860 419
639 919 412
334 687 579
190 769 807
782 248 409
757 659 802
685 245 995
964 612 467
670 141 562
540 803 615
786 280 465
342 45 310
555 826 493
368 384 438
387 867 604
904 644 357
599 150 405
844 472 547
467 379 210
741 312 85
535 376 333
404 598 60
243 532 503
795 132 652
20 242 96
679 75 289
941 577 108
383 339 967
220 781 210
472 137 136
590 891 472
208 238 521
648 921 814
894 65 600
955 606 269
662 578 781
768 142 353
783 901 86
481 239 408
799 579 763
123 513 367
58 647 764
200 149 443
541 913 372
17 862 23
841 147 580
753 771 746
217 950 566
429 254 272
860 11 839
290 234 540
875 464 589
238 974 371
359 830 279
342 834 103
227 919 95
122 202 321
256 961 696
352 987 43
216 775 629
212 784 505
208 728 658
20 418 612
482 381 292
931 190 898
330 417 231
67 532 349
178 57 695
508 468 730
571 628 277
223 771 750
98 393 95
991 573 873
188 43 935
31 590 33
407 682 190
369 345 449
425 289 898
291 799 356
654 591 522
385 483 558
84 639 12
322 226 197
735 121 566
608 955 223
443 856 405
499 983 187
888 31 768
30 76 632
855 254 592
243 726 621
251 779 746
559 160 364
957 868 470
816 614 924
607 847 328
789 98 611
550 926 121
39 907 756
669 7 942
674 76 984
947 316 49
513 930 571
406 626 494
719 425 239
751 88 917
487 396 214
115 915 876
646 273 344
808 859 93
383 793 731
273 121 668
252 426 225
644 454 6
52 893 399
598 596 839
637 805 680
119 315 724
320 507 844
556 694 683
387 673 463
507 200 295
532 981 590
154 282 480
803 516 458
33 790 820
620 275 857
314 576 319
687 19 523
894 977 706
314 582 221
823 948 349
798 605 505
433 174 888
802 214 147
610 605 255
775 434 937
931 214 575
307 335 632
170 381 493
844 881 21
841 218 736
341 614 421
98 19 247
264 441 464
680 457 473
618 948 211
561 348 542
792 65 434
804 645 0
973 853 581
818 438 944
244 94 808
812 393 987
923 35 604
126 13 364
151 364 171
450 822 737
956 286 16
512 587 294
827 231 78
333 54 263
662 471 425
657 341 781
312 953 279
822 911 278
441 932 478
862 487 525
387 260 115
948 425 509
596 111 116
299 51 339
97 282 386
568 521 149
405 453 509
60 497 904
822 506 793
515 319 687
943 983 894
3 335 812
570 216 835
99 752 858
888 970 328
350 294 724
955 944 255
750 390 455
110 195 238
746 557 585
675 3 837
271 505 829
672 238 559
484 214 73
325 799 786
529 606 720
803 210 476
395 35 900
672 542 62
886 863 640
845 761 280
209 6 916
556 30 176
463 643 257
508 729 633
104 114 664
981 177 527
654 714 520
612 377 423
353 77 973
917 374 683
894 781 473
144 334 550
59 355 532
535 370 487
887 526 543
877 563 836
899 394 819
206 961 653
524 530 634
156 295 731
877 997 749
9 941 149
732 879 529
504 884 108
959 61 778
981 225 146
189 350 25
659 53 383
86 194 548
391 227 106
285 867 432
224 436 909
207 544 895
223 119 665
328 795 821
757 13 791
615 172 338
595 300 930
977 338 902
202 154 215
380 318 60
866 242 956
88 946 651
334 97 847
446 493 33
167 840 864
901 598 169
866 268 889
436 862 608
236 12 450
45 38 439
300 727 509
912 424 796
209 608 794
652 28 33
223 247 772
631 716 213
496 173 27
803 833 96
600 267 791
506 409 534
20 135 907
677 959 569
943 234 621
691 332 806
26 277 778
863 433 426
524 526 130
22 274 339
473 981 181
808 146 78
130 369 582
648 336 658
795 631 739
886 642 303
59 519 388
57 859 44
407 177 277
719 352 279
909 774 422
162 355 497
656 762 927
346 121 452
698 469 931
69 893 675
759 689 416
97 594 525
836 377 73
803 95 810
696 504 839
775 63 708
352 836 482
76 983 147
198 596 891
423 958 302
751 16 78
522 145 709
297 628 389
486 618 978
844 968 789
870 266 496
146 317 702
510 710 731
925 224 653
781 640 297
454 431 448
977 684 191
168 984 494
957 465 689
27 793 28
35 123 510
67 219 464
825 239 278
792 965 620
17 40 783
764 481 97
556 651 590
40 587 632
189 274 457
732 581 283
996 737 619
807 191 846
387 613 142
43 590 884
269 933 391
169 369 642
453 714 852
689 216 734
266 283 165
344 879 536
428 514 958
410 491 392
731 726 492
573 817 533
649 720 989
123 396 377
850 799 996
969 302 820
865 143 571
436 760 64
79 98 216
969 484 704
824 293 886
114 538 248
102 655 117
810 421 599
624 643 280
292 851 469
174 159 502
968 495 454
56 775 514
491 714 863
204 978 111
292 465 727
268 506 896
262 443 266
155 15 170
108 429 965
276 945 445
178 532 286
765 999 380
51 497 330
540 202 326
270 255 234
732 565 930
209 492 125
556 662 96
26 898 845
665 992 232
364 134 269
919 76 417
357 215 302
15 65 866
297 992 167
901 443 787
258 645 152
100 157 119
191 47 536
977 471 42
867 467 355
318 697 600
348 52 844
55 911 286
803 650 163
852 382 187
341 244 868
950 601 450
257 491 888
32 148 72
541 265 361
920 805 911
159 886 260
884 393 160
705 779 678
698 413 46
117 871 367
213 722 452
953 721 917
879 790 835
331 597 288
897 266 86
514 432 612
207 172 979
286 982 464
37 679 117
552 326 73
10 310 64
198 369 632
894 360 790
973 835 218
774 512 901
275 24 723
20 734 361
959 537 229
957 775 259
439 999 891
482 157 758
604 907 811
397 949 388
524 814 872
933 484 129
111 728 931
58 247 794
411 942 601
76 234 27
971 604 581
926 949 572
768 228 980
372 514 116
125 531 43
805 689 758
753 996 353
639 660 627
240 605 498
265 78 493
176 705 79
346 113 60
495 734 265
515 778 90
498 802 212
541 254 876
202 645 826
727 713 273
218 119 663
821 216 880
224 351 798
142 956 181
479 184 949
18 891 992
722 815 494
928 996 361
753 238 615
295 545 110
162 786 357
824 812 507
841 87 679
482 842 204
980 758 454
714 2 664
530 133 513
155 37 641
615 949 39
864 424 775
10 890 101
568 238 462
645 80 215
621 40 497
500 45 935
496 24 738
653 685 245
4 76 29
77 364 697
843 535 720
801 717 304
684 764 465
365 641 79
403 561 624
476 726 24
51 379 816
660 928 375
641 670 956
392 758 914
610 653 565
515 333 532
438 485 724
412 100 514
227 975 944
631 388 760
359 565 402
766 676 660
889 418 841
847 469 315
627 434 305
576 757 188
256 556 181
671 301 195
993 234 572
93 949 298
475 981 428
550 757 18
891 279 321
883 938 610
258 237 542
946 911 321
438 624 784
908 633 140
163 422 651
412 462 862
107 575 869
7 349 391
765 161 623
900 817 615
928 829 909
597 139 722
886 617 30
754 529 655
761 422 289
193 127 919
69 530 161
200 965 561
313 141 296
437 49 208
63 791 705
906 948 959
979 937 605
100 438 984
221 201 920
326 49 601
812 654 117
170 240 764
141 219 586
350 152 875
465 153 459
652 259 474
482 530 690
792 728 684
880 94 45
778 715 923
331 694 176
2 12 438
31 86 934
182 510 969
728 733 437
278 106 585
937 266 60
549 691 629
354 517 12
640 48 371
354 133 521
833 710 534
29 985 236
713 933 280
423 52 340
762 685 226
696 31 635
262 616 582
974 418 7
97 301 360
44 813 666
411 817 318
173 787 449
83 834 729
604 237 190
85 238 75
303 140 317
960 18 338
777 765 376
866 585 639
386 748 960
112 977 651
719 303 490
17 960 293
706 783 374
298 279 172
947 233 759
133 48 188
377 936 97
198 491 858
825 538 470
835 626 126
414 620 670
513 460 480
451 112 770
861 324 458
144 649 545
63 172 678
813 183 71
960 629 425
377 514 715
867 86 130
747 386 176
498 732 101
311 627 611
54 976 825
921 6 877
989 892 694
909 890 248
537 13 104
738 741 150
967 759 296
144 453 860
762 184 19
30 578 864
467 658 148
864 265 119
11 980 806
880 641 954
179 704 968
338 472 123
773 221 986
105 973 979
837 169 928
78 609 595
788 270 547
526 241 101
832 341 779
71 839 951
517 24 773
571 456 880
582 723 364
296 33 167
908 945 315
9 773 684
693 345 79
806 674 497
941 542 228
949 548 482
415 918 515
80 329 737
435 539 168
122 902 765
756 264 771
289 700 197
653 708 500
346 691 209
578 102 70
70 661 246
108 995 896
860 214 624
633 512 120
29 669 561
589 267 717
789 675 188
634 818 614
142 206 483
388 466 857
234 683 742
615 820 398
656 604 78
752 489 725
765 143 850
786 339 626
425 65 799
241 395 722
423 75 729
339 538 342
421 462 817
229 862 984
155 219 110
173 716 780
652 663 651
970 312 773
527 955 588
531 522 338
669 817 701
356 797 695
499 63 269
669 661 664
584 694 26
813 54 970
656 146 414
167 202 256
264 564 924
181 164 83
39 72 399
884 758 733
529 678 215
390 312 507
374 923 698
855 580 967
861 380 613
594 538 951
942 488 366
397 128 508
641 333 497
242 482 168
486 213 212
294 407 831
14 473 638
391 391 391
376 369 724
44 746 571
127 938 547
276 640 797
183 500 282
493 701 955
312 33 929
149 93 810
49 523 895
952 537 435
26 858 344
725 594 821
844 700 177
656 456 644
383 391 994
177 209 197
371 976 130
998 271 737
365 261 369
291 925 738
538 986 90
34 229 667
752 647 614
535 976 460
895 148 901
827 801 388
651 690 193
541 13 692
128 856 70
327 252 169
439 56 441
533 442 153
783 265 254
858 293 556
107 177 464
330 875 743
413 929 433
974 412 42
466 228 17
184 98 628
857 372 623
272 822 618
245 36 669
514 859 403
946 191 342
170 612 477
340 193 867
490 663 128
57 517 66
677 71 636
670 991 878
988 729 656
948 659 497
286 178 172
601 798 326
669 361 69
346 649 891
276 917 850
99 975 661
900 137 366
595 62 426
140 681 637
484 640 976
392 779 788
417 677 302
985 383 403
401 429 286
706 168 230
106 278 459
619 408 249
729 776 92
636 578 563
876 112 75
641 934 794
308 983 545
12 292 163
898 52 58
690 518 627
518 499 683
959 27 393
986 724 613
690 36 105
970 919 621
914 952 724
487 503 271
126 764 896
285 84 210
495 258 188
135 841 200
848 950 810
841 406 849
36 62 127
366 318 731
664 846 186
342 293 19
789 727 20
552 943 92
396 29 924
779 509 338
457 739 947
651 814 267
940 249 372
56 917 37
243 308 686
28 272 558
258 351 859
495 497 414
400 692 839
343 166 122
493 475 11
52 677 923
549 880 141
464 454 848
417 629 399
442 435 867
30 585 181
665 888 408
680 844 374
191 776 329
577 236 583
899 715 511
679 983 46
449 984 216
521 323 533
166 9 898
156 227 838
155 23 495
937 378 678
949 604 213
141 251 208
870 719 192
526 140 75
597 327 712
814 825 655
640 669 588
966 626 444
619 617 144
706 570 641
81 272 153
949 815 878
788 470 694
701 43 305
5 467 797
270 578 285
289 163 246
602 121 537
57 408 38
831 273 594
91 759 927
838 115 393
203 724 217
733 684 164
250 942 50
254 98 0
17 518 868
574 711 435
132 616 77
855 638 395
71 420 260
397 876 984
304 262 838
417 717 910
872 84 514
90 373 94
846 295 469
180 824 503
199 109 785
932 197 231
669 167 931
508 114 872
270 472 931
442 336 507
427 697 373
583 224 159
684 417 271
423 136 144
278 220 580
333 230 568
652 309 631
582 253 168
900 477 73
238 485 963
512 235 321
54 815 101
717 563 389
911 487 729
618 310 676
695 904 848
861 761 554
128 382 783
299 289 171
683 907 116
789 589 623
304 384 388
333 553 738
439 858 679
171 948 608
985 785 237
617 793 572
58 368 323
526 156 514
932 953 782
893 473 911
13 452 18
47 803 37
92 445 679
753 465 716
680 996 819
859 212 344
575 236 433
780 127 345
757 823 131
606 130 298
350 112 155
524 341 980
246 852 421
508 898 4
698 662 816
783 162 322
84 792 186
25 749 636
55 824 551
865 411 738
829 390 618
819 995 933
259 836 947
980 949 820
692 446 155
898 842 28
843 535 882
262 670 378
538 608 609
506 168 780
309 47 163
307 508 986
785 821 654
343 638 245
59 693 361
63 216 377
245 436 608
735 415 635
800 465 961
164 662 58
145 641 286
574 1 672
779 388 559
638 778 442
184 41 951
85 51 329
206 804 45
94 999 771
758 407 713
920 452 961
171 712 840
378 909 312
620 931 725
472 954 930
796 711 439
391 428 700
496 589 921
74 769 938
981 178 633
827 325 558
939 166 83
350 130 149
342 581 547
59 949 342
222 894 273
413 990 175
709 451 822
575 552 816
733 185 487
77 641 664
459 132 936
177 95 852
340 963 555
284 35 77
135 861 135
71 402 123
328 679 524
632 923 201
647 203 917
5 462 851
467 945 639
686 491 971
60 70 543
873 339 181
498 752 127
892 648 653
555 418 729
652 29 385
69 692 524
693 220 829
120 719 929
961 611 83
587 78 855
29 125 957
806 728 304
678 888 475
749 327 324
96 150 194
331 280 67
645 212 739
161 125 902
960 36 746
576 996 771
594 965 206
836 645 574
714 386 412
401 825 694
250 263 305
60 206 496
27 324 279
774 172 370
355 858 171
434 790 801
22 560 700
856 163 494
113 838 44
462 501 259
813 497 69
914 946 830
73 539 214
9 665 282
123 98 529
608 163 474
951 995 652
918 221 445
182 378 890
983 218 859
947 943 514
125 280 939
117 321 480
74 232 689
345 388 47
610 943 627
974 607 114
791 838 826
615 681 450
691 750 869
801 135 284
587 161 820
828 71 798
296 182 36
578 815 370
779 875 254
700 20 582
894 444 578
567 503 171
501 953 742
524 761 923
359 876 913
682 97 502
205 690 563
807 201 57
607 269 393
416 652 366
869 800 628
940 879 942
188 780 157
621 674 522
783 301 3
501 523 188
420 272 729
134 377 601
878 840 64
495 106 955
606 608 795
101 917 720
327 211 723
36 25 932
97 331 759
386 799 186
142 925 408
355 282 809
393 764 323
140 468 993
508 167 796
259 240 674
347 512 427
921 340 660
589 859 461
301 863 390
782 177 109
328 391 749
301 445 572
957 635 436
34 988 308
801 250 272
988 658 310
169 453 950
317 342 716
2 133 616
502 492 492
613 255 978
865 429 501
313 396 940
662 872 907
502 336 519
42 492 483
97 861 572
439 715 797
787 421 344
700 91 986
425 487 619
464 637 128
424 108 234
728 857 493
248 570 96
481 942 108
413 268 92
616 561 786
616 955 3
676 701 210
57 942 600
57 381 438
144 910 30
280 993 15
190 234 718
734 148 308
44 343 131
796 315 95
550 738 465
609 529 544
917 865 274
766 859 866
298 760 553
909 216 21
268 284 877
658 662 640
83 833 353
861 129 951
981 4 794
27 358 997
576 310 191
740 376 335
57 696 62
486 182 489
505 139 589
568 518 543
295 513 420
632 562 914
144 59 712
126 355 396
197 306 196
708 553 80
263 644 334
104 575 11
831 702 445
459 770 436
691 782 806
25 589 175
28 315 82
293 714 642
489 187 601
135 465 4
955 586 558
813 875 624
243 652 249
399 202 900
150 812 710
322 49 923
97 586 571
785 507 655
388 206 395
7 828 148
695 348 548
707 851 501
843 918 321
579 205 713
33 304 18
532 846 931
839 163 506
244 889 910
53 218 854
86 211 207
263 252 212
714 479 611
193 740 223
55 3 267
10 103 763
157 561 218
676 588 239
936 341 131
754 663 538
547 710 865
661 649 689
302 586 59
832 171 734
776 813 198
417 754 175
72 862 366
974 614 319
946 601 131
545 343 812
566 28 606
197 280 15
589 634 945
438 725 925
210 875 573
643 815 740
901 703 640
10 968 653
82 514 499
540 842 861
995 331 672
252 179 538
973 685 177
651 981 669
865 581 146
874 597 615
719 895 782
506 666 202
488 650 958
767 364 698
654 596 574
192 770 529
241 475 218
767 578 432
998 439 943
412 334 868
606 463 417
634 556 974
558 768 264
799 434 291
542 531 52
182 301 755
843 374 886
374 402 876
476 903 939
544 151 439
301 668 403
356 716 544
544 398 270
798 299 594
60 643 389
105 147 545
535 261 982
898 541 520
583 315 994
789 558 563
877 355 81
836 871 42
124 507 810
565 561 881
792 273 633
983 756 299
694 36 471
625 101 241
68 135 327
608 613 178
383 357 735
385 321 823
371 865 106
68 770 52
123 986 131
771 487 533
271 791 718
960 235 982
992 480 663
591 540 775
953 244 24
313 852 913
194 850 248
273 334 341
778 26 10
607 194 339
58 384 327
146 454 732
441 559 394
555 929 116
187 219 134
566 621 496
929 846 401
84 47 970
363 750 825
476 810 331
158 317 383
168 136 183
186 549 723
916 464 932
550 305 836
832 793 790
595 807 11
639 381 121
425 869 595
422 348 14
125 242 559
703 396 404
499 361 987
204 45 583
632 296 862
337 25 881
799 817 562
206 201 365
54 328 584
261 359 28
845 715 588
874 861 892
123 721 42
617 309 971
897 761 590
785 196 279
29 258 496
176 78 942
489 121 770
303 215 812
877 222 18
632 4 436
427 247 143
242 783 817
490 205 354
973 64 572
121 749 192
801 592 48
372 568 63
869 84 740
372 753 195
627 96 446
737 527 320
1 867 435
105 791 72
802 602 570
414 497 295
272 780 200
757 789 640
502 680 405
349 797 644
742 121 868
547 12 874
727 183 404
159 237 204
719 680 476
685 284 697
841 806 121
487 811 968
712 408 27
870 975 315
204 352 869
813 350 54
359 941 127
820 889 839
103 176 603
643 343 782
138 376 367
494 499 837
763 616 484
124 179 760
440 674 786
868 116 48
890 25 11
170 442 201
416 400 187
749 935 908
375 709 686
970 822 862
511 372 311
861 957 939
841 55 133
27 951 574
853 21 879
364 678 907
66 519 470
912 938 44
977 691 703
477 109 529
550 185 340
894 908 787
906 698 660
853 652 205
327 141 824
110 49 715
194 703 314
164 473 995
645 827 641
627 687 405
853 938 238
415 547 875
421 794 113
385 766 43
25 959 398
193 328 607
258 176 157
794 594 925
754 940 386
183 542 405
85 528 319
238 841 210
619 397 912
692 630 4
593 781 508
637 501 891
840 415 285
184 800 949
212 875 696
562 203 447
135 506 19
712 993 774
1 693 921
606 423 200
159 711 795
828 744 579
996 81 6
545 25 708
214 183 975
738 806 422
402 628 560
263 843 472
143 439 878
719 852 75
38 485 987
902 752 135
807 842 198
428 80 784
363 905 756
148 2 347
879 962 117
480 982 589
584 7 796
891 224 615
401 23 162
15 976 715
546 276 964
618 39 795
70 493 301
720 395 892
241 799 173
177 147 670
604 159 916
360 983 714
16 312 602
357 286 268
873 973 563
166 964 703
405 71 704
822 488 357
43 615 947
27 432 635
855 766 990
124 688 587
587 51 457
873 609 297
148 772 235
274 818 219
16 602 908
749 971 941
147 185 61
887 656 762
611 636 275
78 833 960
733 668 652
651 519 128
622 543 916
757 209 692
104 957 211
316 409 820
112 917 19
370 758 137
268 493 852
991 934 549
635 213 287
256 666 644
754 388 559
888 586 159
739 634 641
619 689 920
33 155 716
190 862 212
154 1 156
369 867 20
529 121 152
359 966 163
624 787 590
590 237 420
864 511 795
938 531 293
843 513 829
933 214 424
431 380 679
378 331 453
958 780 231
922 170 617
593 179 393
823 758 448
32 5 99
407 257 286
654 520 170
789 467 16
372 744 99
756 805 46
621 455 176
431 603 75
277 326 941
123 9 702
451 726 452
838 901 359
367 996 126
941 690 126
516 14 990
907 884 818
21 188 99
907 7 525
44 695 449
680 880 284
457 252 151
860 679 359
271 668 412
236 315 443
338 771 258
861 484 824
81 741 313
391 539 217
859 773 737
518 94 939
969 236 199
57 869 745
483 37 709
843 700 281
570 723 647
342 557 664
114 227 417
493 728 685
626 937 895
732 722 714
762 208 246
812 166 606
237 440 156
708 26 306
885 544 857
320 955 192
704 265 676
64 61 761
557 779 113
170 565 133
248 221 301
793 896 151
693 120 335
795 649 449
20 871 214
338 766 435
9 539 596
564 996 911
572 408 104
923 852 481
799 326 328
98 645 266
388 484 103
571 291 326
37 902 985
975 866 297
798 939 742
291 55 535
426 214 422
722 669 717
975 373 388
949 61 77
520 746 67
480 707 335
696 831 313
778 757 749
825 701 278
943 964 742
831 215 428
867 126 804
461 118 94
328 597 803
213 129 443
156 285 586
718 301 535
108 159 279
468 430 303
225 535 877
64 718 85
804 990 904
181 489 42
901 685 961
113 787 620
230 443 929
946 933 515
874 523 16
82 206 120
366 75 87
675 465 920
2 122 949
638 910 239
135 359 752
901 275 325
336 157 845
542 50 128
197 457 940
429 455 161
847 723 120
917 262 149
43 145 577
762 199 890
747 34 532
979 625 769
728 615 96
498 257 771
392 880 131
793 370 122
283 763 626
143 578 979
526 366 999
507 890 225
906 433 992
420 617 349
678 923 885
210 926 378
698 196 580
682 820 764
314 964 386
646 419 278
955 216 830
453 440 516
383 420 42
442 861 810
985 999 480
405 766 771
944 808 793
95 791 612
696 978 834
307 824 492
256 634 872
7 621 188
563 129 197
237 637 188
101 185 684
422 279 175
933 518 114
771 841 616
106 235 311
29 463 697
774 483 42
820 983 949
991 537 443
867 792 407
901 376 774
918 27 802
577 542 189
616 45 970
342 462 448
524 542 782
14 535 926
867 766 662
491 468 124
587 815 954
305 772 142
929 339 21
684 283 580
519 544 647
93 400 395
24 210 70
490 219 518
22 848 569
45 609 675
2 235 318
573 579 678
518 37 377
442 932 175
597 147 287
939 424 131
780 336 643
994 93 817
232 262 532
385 773 123
686 317 804
752 906 491
286 849 706
994 612 488
156 762 371
381 875 593
809 115 320
961 835 111
541 137 672
844 474 483
435 53 883
497 991 456
1 470 502
672 770 919
590 314 260
881 448 31
263 74 49
707 654 435
490 841 764
127 497 186
981 823 335
301 492 695
610 765 526
470 397 474
156 243 32
837 853 427
747 721 836
937 31 107
377 806 259
237 235 634
985 428 13
213 815 833
631 816 178
111 118 149
716 870 486
252 978 837
998 363 956
601 659 136
346 742 77
542 788 111
826 609 228
783 364 610
176 207 40
725 106 357
325 189 41
677 759 623
752 817 632
488 119 744
501 290 327
321 7 424
508 475 451
488 26 200
767 272 994
67 131 190
618 485 828
753 457 353
810 177 732
226 838 687
472 691 144
63 530 567
844 949 360
860 572 741
653 966 898
378 589 926
830 493 275
282 290 795
473 458 123
461 643 458
862 958 642
748 433 640
810 431 637
887 570 995
179 891 32
951 847 348
401 92 824
760 540 162
20 151 442
709 992 561
264 713 507
713 71 660
161 640 441
16 327 664
598 744 365
656 433 642
257 498 160
730 916 520
286 749 626
410 408 928
51 336 785
693 231 235
919 696 377
443 916 997
714 61 895
184 262 287
147 455 858
866 12 895
920 135 833
373 787 378
66 554 313
688 879 945
661 878 50
285 165 781
611 886 466
13 696 755
535 556 249
340 662 508
257 889 205
306 250 105
378 188 514
247 993 619
293 771 597
637 138 5
594 390 74
111 292 100
941 201 95
491 573 257
241 216 539
287 579 605
561 735 331
785 328 603
470 635 460
394 720 28
137 321 576
283 704 803
776 518 612
5 415 883
156 330 60
392 178 985
294 1 492
549 654 469
908 712 100
376 601 736
404 636 852
168 853 868
906 693 199
508 580 317
581 282 301
346 942 452
182 496 316
119 470 266
551 916 251
884 581 506
900 172 882
109 28 802
41 219 824
646 72 60
67 441 847
420 60 676
214 174 331
796 737 506
907 209 687
780 817 500
570 295 739
777 468 855
366 916 45
632 285 257
710 498 793
171 404 114
125 701 619
510 310 192
435 649 400
239 932 919
525 900 6
180 236 654
246 96 953
22 914 406
233 65 585
227 733 205
724 598 610
80 881 287
868 404 726
65 887 73
861 163 614
580 771 448
852 248 852
478 495 655
567 750 315
547 326 436
90 584 692
796 845 982
344 414 93
542 151 410
7 946 380
933 120 983
962 980 842
342 344 755
312 589 326
38 400 367
937 589 924
555 175 754
262 358 788
259 953 424
779 826 217
468 749 235
7 181 143
242 511 552
839 472 42
406 291 200
423 872 187
508 130 291
397 131 254
520 797 242
688 783 634
439 79 773
93 765 676
568 459 476
849 641 459
939 411 853
832 817 360
224 486 679
654 157 712
963 694 507
725 892 609
394 330 124
497 102 331
530 149 548
935 805 149
509 419 285
25 432 151
759 899 626
516 160 294
843 955 272
355 228 469
619 399 251
962 28 891
432 194 303
976 41 733
172 400 80
767 660 478
54 340 81
759 702 242
893 202 596
376 435 429
515 765 122
410 582 915
381 457 402
290 992 293
74 470 219
716 691 758
879 474 526
587 910 920
112 904 538
906 163 656
520 269 789
603 270 279
638 140 379
989 42 658
27 271 447
784 980 148
784 960 812
682 857 708
611 262 496
969 397 159
382 822 688
47 188 187
680 143 367
216 821 195
910 55 732
807 510 967
128 605 699
37 289 909
988 595 337
524 370 474
413 798 224
36 702 0
115 793 546
555 997 602
25 757 659
110 638 720
555 837 945
197 702 40
975 706 107
456 803 915
966 766 832
438 196 146
406 222 50
90 232 304
431 543 32
190 634 303
986 975 842
97 292 880
335 31 539
21 147 455
521 347 418
427 438 702
844 433 923
778 849 910
828 647 728
548 874 331
929 627 186
67 505 490
422 94 973
971 74 464
374 905 244
996 344 910
35 121 511
372 439 581
451 314 692
294 32 985
217 372 720
5 348 977
84 991 148
985 372 462
849 81 263
345 85 677
337 54 507
72 30 920
584 394 246
492 997 671
329 843 716
664 533 854
99 671 232
240 635 161
38 699 70
320 540 694
962 975 468
311 762 538
34 868 932
875 673 524
276 108 619
728 493 31
191 379 884
335 278 3
464 434 265
685 433 883
798 530 732
691 443 844
649 267 693
365 68 485
856 877 668
357 791 257
600 186 194
599 165 978
199 322 713
911 377 855
990 588 163
421 957 646
705 904 990
472 331 904
67 401 370
400 860 317
878 447 177
930 80 101
917 264 899
607 679 635
313 302 971
227 540 715
653 861 173
63 461 290
612 38 509
973 887 298
640 993 360
548 819 481
60 280 130
818 356 944
702 261 866
755 754 220
116 820 65
421 617 724
254 900 409
206 521 603
87 514 598
636 124 277
196 354 460
917 605 699
169 431 37
346 46 280
542 650 375
657 711 302
153 534 977
940 618 702
221 146 987
621 938 485
400 447 552
485 669 429
771 894 749
790 483 948
610 767 518
280 851 93
801 257 494
38 541 271
986 951 636
718 320 421
954 959 507
947 805 418
169 724 985
646 771 180
602 790 12
815 219 191
809 899 998
652 736 110
819 307 425
179 675 478
155 883 840
117 245 35
304 217 133
883 251 978
117 705 524
98 983 923
91 174 879
742 284 656
739 177 106
267 684 620
741 292 214
650 617 319
987 296 64
773 187 867
479 559 648
663 395 584
205 66 126
324 269 555
202 647 852
116 919 688
720 482 112
484 20 94
39 343 369
292 333 851
535 621 831
960 514 461
831 680 771
461 267 488
24 527 802
702 256 552
895 722 281
291 35 715
356 857 812
387 216 23
841 449 517
21 4 426
66 597 778
731 876 271
556 730 387
94 831 947
458 336 876
906 519 320
615 207 322
496 745 652
29 88 532
36 297 319
202 3 630
412 576 770
948 616 717
526 931 427
479 256 957
889 239 341
222 447 651
404 110 655
814 608 711
199 55 374
908 435 552
367 488 402
146 646 14
424 242 64
657 398 125
687 122 482
877 455 631
237 226 132
430 269 601
135 364 129
467 362 715
501 526 613
154 488 684
409 792 595
959 424 651
869 826 297
37 213 354
375 502 996
347 973 933
449 766 412
124 387 873
278 518 652
759 749 745
312 737 67
158 289 33
599 428 105
885 835 992
463 147 624
659 29 57
339 700 783
346 141 353
504 323 909
778 75 789
871 10 648
440 577 656
260 879 891
305 665 872
171 877 96
295 773 800
224 21 512
502 585 998
685 336 992
972 332 849
95 80 616
613 67 208
325 889 472
961 398 855
898 964 744
620 973 732
892 672 341
407 116 498
251 921 129
910 776 429
421 403 205
78 275 311
772 237 849
177 654 287
105 598 475
848 388 20
200 654 566
999 133 627
139 133 777
751 41 182
339 72 764
829 989 709
727 531 669
294 289 538
134 322 323
965 241 632
440 215 535
155 136 99
119 617 108
343 306 703
597 984 984
199 899 902
749 357 9
742 810 70
276 530 363
499 692 253
889 183 391
556 420 986
77 491 56
288 851 618
136 301 281
750 829 44
943 702 420
822 43 126
61 937 30
31 307 57
865 426 553
867 873 398
452 71 154
285 732 917
568 139 91
49 633 369
200 578 905
487 453 106
119 82 265
209 199 561
335 165 936
509 72 877
376 68 70
617 948 399
937 890 968
1 650 51
344 64 418
599 854 494
729 291 196
189 294 619
710 28 132
899 145 340
728 703 130
581 880 411
697 927 993
923 3 795
500 274 635
888 94 199
565 645 75
352 456 529
892 594 465
568 553 377
888 893 866
440 786 842
995 329 408
32 978 391
965 224 212
558 693 809
103 130 726
890 551 410
337 780 583
141 670 959
580 232 159
218 987 195
381 147 399
361 950 758
204 238 276
203 742 287
916 697 803
834 554 508
647 455 226
359 586 622
804 707 960
93 128 698
398 861 59
282 69 917
382 190 35
607 436 64
284 276 630
913 881 267
819 73 415
664 842 577
625 388 822
902 895 182
58 579 312
199 426 836
545 905 234
623 956 28
181 609 391
51 637 831
464 90 334
738 193 155
114 438 926
653 405 89
238 94 147
72 624 851
789 604 76
158 15 386
457 219 63
206 588 330
145 368 757
945 383 130
951 672 967
588 806 232
849 554 827
333 155 417
54 668 462
328 97 300
17 401 150
133 599 908
13 111 119
139 480 319
101 619 700
143 55 739
651 187 440
39 922 408
600 318 913
232 488 678
98 722 637
411 409 140
462 86 588
658 82 994
367 878 296
638 338 436
230 458 721
928 429 822
159 220 45
671 450 965
894 184 475
262 450 875
462 690 723
304 831 788
58 487 323
854 140 296
744 735 499
135 427 642
651 118 430
169 682 842
261 115 37
60 646 692
290 891 266
896 412 249
853 424 230
143 836 470
952 275 587
257 242 701
613 610 757
235 476 792
888 807 762
188 942 757
888 178 726
705 266 157
790 172 433
304 196 828
674 427 970
55 553 459
773 160 297
184 883 775
498 260 109
511 116 250
166 470 708
834 944 624
245 996 901
171 709 572
983 964 66
249 363 819
546 608 471
838 479 33
494 458 718
422 222 253
849 287 756
689 39 875
850 820 727
320 365 346
743 306 998
21 74 310
905 60 771
843 657 823
893 880 48
335 640 77
387 224 209
74 568 328
952 329 518
403 897 516
665 104 964
343 523 966
469 110 988
77 703 401
470 61 344
748 881 158
388 494 750
348 413 455
974 300 783
582 542 940
471 610 959
902 385 602
328 438 466
217 461 184
958 762 343
271 80 901
228 273 448
415 844 530
530 973 612
291 673 939
693 689 700
572 490 983
282 739 677
320 631 824
718 965 815
644 83 91
131 952 981
518 110 852
979 200 31
238 855 537
419 735 138
442 395 177
667 213 678
62 352 419
727 457 301
376 557 283
32 346 287
54 575 808
839 982 670
487 85 397
57 156 840
515 358 16
180 210 726
167 840 661
220 237 72
393 47 942
847 618 474
504 580 630
112 80 862
20 289 586
234 554 352
337 346 32
338 495 136
226 110 616
229 498 954
454 237 829
765 212 390
314 535 427
454 827 898
290 97 54
631 173 491
484 375 993
611 6 391
603 787 454
970 266 203
988 430 853
128 603 652
731 697 646
929 589 940
481 952 192
365 974 39
37 902 847
659 518 980
276 420 267
604 926 72
966 586 755
11 763 977
40 832 684
95 731 152
524 159 598
82 342 4
160 664 640
302 193 31
136 854 573
115 576 585
431 735 360
168 873 872
502 122 805
692 973 732
417 835 582
947 599 23
361 598 36
750 130 531
794 926 762
296 9 242
897 919 184
680 841 835
687 753 769
257 290 705
222 923 836
732 285 949
300 699 343
984 919 538
220 455 54
925 385 152
511 130 418
542 35 55
369 502 663
1000 980 643
778 148 486
119 830 316
162 781 326
619 589 86
102 898 889
883 913 750
232 492 295
733 918 421
501 780 312
260 564 70
669 767 601
629 437 778
228 637 64
905 404 307
887 119 353
722 934 489
857 194 12
440 504 505
985 933 947
940 780 358
513 488 882
711 641 296
186 13 932
466 553 144
268 491 277
178 561 360
800 40 662
710 129 905
854 148 890
627 855 42
824 239 799
767 939 643
176 194 791
511 922 799
341 378 245
896 582 764
129 872 72
351 417 113
159 34 360
940 197 85
430 111 379
213 549 691
429 139 101
494 940 165
19 413 571
453 403 587
704 259 0
253 979 877
981 216 850
870 415 333
97 790 247
319 482 191
826 84 148
696 213 128
984 443 767
493 614 730
525 727 678
30 550 201
327 489 195
8 998 919
967 411 290
202 785 503
662 983 845
597 341 424
858 766 330
875 314 564
237 877 140
62 691 521
622 472 740
714 938 259
765 504 407
81 607 234
916 579 894
251 112 241
399 438 809
327 681 793
671 984 725
705 359 545
1000 130 780
269 554 957
184 128 856
463 699 674
708 531 37
384 207 534
381 720 438
708 674 911
153 319 13
10 221 906
497 530 983
510 753 278
283 899 233
836 682 116
662 728 566
698 464 506
868 747 77
782 651 977
674 430 641
230 485 258
263 519 350
575 221 602
354 88 628
521 133 311
159 608 669
51 501 822
863 674 831
95 808 892
23 251 532
825 904 803
987 307 121
452 868 262
226 117 911
379 846 3
963 870 270
897 425 171
16 139 685
995 147 949
506 312 298
860 880 978
574 957 168
330 290 195
258 988 211
28 316 755
157 459 105
731 471 689
46 987 657
168 234 157
919 1 737
574 377 466
205 314 842
103 328 386
53 462 807
105 519 957
742 577 988
578 693 351
371 581 564
11 803 973
552 806 446
731 382 996
771 932 860
290 463 429
142 130 115
164 602 909
177 637 449
999 884 844
847 346 929
968 123 561
558 329 434
827 624 531
660 774 402
888 836 357
258 352 19
676 713 486
676 490 829
871 429 360
747 214 514
632 643 567
104 350 351
595 475 336
130 24 95
567 143 748
944 837 849
638 606 74
535 267 166
80 459 80
804 259 56
318 10 854
839 348 631
96 508 462
812 686 934
506 216 710
69 394 934
829 567 599
306 541 391
476 670 830
867 941 557
611 297 357
644 888 928
730 509 739
767 540 620
0 542 996
535 586 843
591 657 312
461 582 398
480 468 314
876 881 686
612 180 868
40 719 200
239 705 513
586 502 420
785 859 676
679 232 793
450 296 170
432 963 288
136 69 245
563 253 582
358 431 773
991 766 575
575 825 998
392 259 53
95 996 16
707 478 882
13 436 186
421 856 683
428 273 999
325 214 773
289 415 752
218 670 633
593 24 682
647 758 714
608 306 372
456 877 475
489 810 122
587 687 233
832 142 3
571 456 383
472 313 16
374 990 433
32 439 132
493 895 274
523 92 21
32 668 250
694 304 370
337 104 138
754 906 919
956 844 916
397 595 65
470 851 809
909 301 847
688 440 935
16 71 723
641 149 619
362 568 129
311 225 394
272 330 422
710 612 123
90 793 729
370 86 176
235 895 215
420 910 824
315 780 485
79 582 998
707 487 873
853 492 19
914 122 855
243 411 876
579 820 6
197 283 274
752 307 842
187 382 401
116 499 661
475 850 479
35 972 758
679 577 513
137 474 836
415 73 541
638 7 982
526 759 875
382 908 874
842 160 157
213 834 802
813 445 757
886 821 323
158 923 71
584 553 900
349 131 455
804 248 609
553 717 495
555 81 868
456 459 536
889 817 523
95 489 189
848 95 781
686 582 619
773 397 969
538 316 184
405 25 389
591 145 310
36 790 600
203 180 630
261 73 510
895 734 786
137 60 459
825 515 954
501 31 268
16 965 201
302 313 176
576 329 636
118 755 868
356 947 568
436 778 600
107 76 705
556 847 892
176 892 375
548 76 809
907 742 908
19 70 337
523 155 576
629 256 820
114 682 94
407 455 364
667 175 677
512 174 588
425 506 39
732 41 336
864 166 402
889 271 243
810 48 202
502 657 545
842 506 881
877 224 467
901 107 815
650 464 21
535 8 197
371 742 3
117 202 363
881 6 822
695 449 337
30 516 374
572 884 70
601 253 171
726 737 791
713 993 634
633 563 599
45 275 739
335 702 1
59 509 695
425 53 249
324 497 819
432 577 629
125 328 894
12 385 848
956 88 33
446 555 175
675 635 256
46 199 10
995 339 383
767 960 37
3 113 894
154 382 403
786 556 893
850 325 690
892 297 12
226 848 200
58 822 324
981 212 421
404 748 98
18 960 855
734 507 817
614 764 24
845 811 543
531 129 267
196 624 725
331 863 111
479 265 988
226 728 884
849 579 148
969 823 870
131 659 410
530 109 781
612 218 474
587 646 562
827 204 988
210 37 659
609 333 491
944 403 767
955 127 635
873 609 583
987 375 788
933 616 402
593 917 690
652 832 725
664 16 642
15 207 652
647 318 743
832 536 10
945 341 853
935 608 565
566 442 210
947 833 251
200 650 149
31 760 323
762 917 950
685 576 134
810 517 24
792 422 142
35 617 467
447 145 799
710 612 530
826 472 473
932 106 177
604 396 325
737 16 574
439 741 238
818 195 94
36 63 952
432 933 236
708 403 876
870 930 939
571 735 172
678 173 624
861 341 699
251 746 544
169 921 588
600 607 951
289 123 897
398 635 419
500 48 201
505 595 398
713 422 339
980 604 626
549 930 650
679 265 473
524 936 485
885 657 343
709 699 881
319 412 439
934 37 419
590 725 586
642 950 929
768 80 842
869 601 986
431 671 288
382 212 177
166 767 262
651 130 820
781 934 805
451 798 744
749 846 396
973 682 596
934 353 750
867 418 954
121 79 576
363 90 711
126 241 77
47 327 559
308 511 746
111 134 88
708 545 542
625 354 898
681 976 665
379 344 158
713 83 77
861 304 22
940 786 585
876 53 780
32 103 547
185 872 63
488 734 302
390 807 288
727 157 519
893 416 69
42 497 987
638 757 352
414 324 481
360 235 465
208 685 983
587 389 618
445 795 20
762 922 139
418 799 386
901 936 102
629 559 582
36 753 53
63 844 28
315 192 665
995 853 285
742 627 711
204 615 898
242 149 855
194 172 109
595 716 360
148 21 669
249 840 786
140 373 834
184 150 69
151 99 840
671 406 4
907 203 650
542 533 380
316 682 566
839 454 64
398 944 529
951 761 452
128 489 425
148 739 346
153 526 466
3 571 734
108 791 654
37 635 485
91 401 621
205 906 357
915 775 281
590 738 771
92 225 92
918 1 241
61 265 690
320 16 167
319 559 741
948 430 939
872 633 944
545 335 926
621 252 606
501 591 260
810 860 610
607 407 110
264 528 232
36 421 861
213 232 533
918 780 900
640 377 295
645 51 694
494 282 133
811 86 998
475 293 418
835 521 719
179 47 832
196 800 526
536 707 504
963 217 646
291 426 92
46 440 901
88 877 92
930 424 932
152 326 208
723 380 521
121 628 931
28 892 392
262 812 317
430 836 897
160 325 301
605 467 124
482 800 854
68 36 855
934 819 169
253 493 369
226 767 719
807 112 545
77 930 272
84 691 493
529 603 505
51 609 260
490 874 558
151 783 488
512 290 190
897 4 651
454 957 783
3 178 713
82 0 312
991 410 389
562 555 428
532 580 284
795 726 910
718 380 264
759 481 41
632 369 661
439 265 436
20 570 716
503 867 946
272 431 187
794 938 311
370 493 554
106 165 128
794 70 662
378 124 382
517 167 265
286 832 417
284 110 163
727 149 550
663 340 482
290 728 761
294 276 132
614 769 804
636 527 376
949 113 476
839 183 377
422 170 799
465 298 497
300 335 243
41 263 413
391 607 896
350 223 723
178 637 761
210 680 171
445 151 216
722 376 982
23 148 753
120 68 842
206 546 338
362 538 390
444 883 68
275 373 824
947 579 504
489 120 607
645 677 489
810 415 246
549 243 868
413 662 289
434 35 720
287 305 494
481 921 824
80 715 697
853 772 877
99 885 820
957 657 635
857 799 431
857 685 822
710 780 953
222 103 742
539 523 608
889 407 82
255 965 264
964 225 305
858 984 298
412 961 854
67 493 489
434 297 574
4 815 182
896 23 89
734 587 149
554 123 929
264 472 985
58 116 636
186 452 370
44 524 204
181 881 401
808 187 233
837 69 44
817 882 812
304 825 505
560 713 999
609 310 976
140 102 910
906 374 96
377 226 837
689 590 799
381 609 718
220 17 599
460 662 38
452 391 96
276 407 213
742 1000 471
308 164 880
272 334 651
270 191 685
717 649 922
871 187 393
227 487 498
874 497 101
440 724 306
807 672 485
138 255 183
478 208 818
432 86 246
554 326 715
891 608 327
616 661 609
594 196 13
371 557 533
903 224 264
917 675 791
155 364 638
321 387 254
424 490 681
12 460 721
137 754 246
775 72 595
287 655 4
531 628 623
456 135 181
269 385 855
431 692 476
912 728 218
590 491 173
400 119 14
811 845 2
544 923 67
567 763 385
92 951 192
9 479 740
176 801 350
518 536 61
674 880 476
169 871 674
740 778 446
459 20 899
640 258 138
338 422 28
658 404 441
53 509 674
681 851 439
246 251 321
432 635 972
523 601 461
892 35 701
376 446 225
515 661 16
362 156 340
831 13 302
533 138 844
503 557 838
826 780 388
370 296 747
651 237 410
448 525 660
191 568 384
980 237 147
762 953 239
272 973 782
636 496 446
187 5 635
726 242 182
598 718 801
270 933 682
712 733 19
885 322 445
862 256 551
143 202 748
21 918 343
450 927 846
132 367 765
601 92 822
110 467 460
668 81 65
593 510 21
828 144 116
370 14 345
853 947 323
956 128 439
289 581 472
993 472 989
762 447 804
974 249 312
199 448 862
736 141 712
393 336 555
641 723 145
920 985 863
312 501 353
335 313 134
231 537 793
696 825 643
68 102 303
16 274 788
421 882 295
6 882 544
280 325 274
664 429 697
218 631 148
378 612 363
627 702 823
206 895 587
957 911 510
530 432 987
735 884 48
267 383 352
888 742 800
884 40 928
417 706 314
652 337 371
526 353 656
58 590 20
511 242 565
232 94 527
425 715 514
610 475 952
155 141 172
251 661 427
682 739 829
35 296 372
727 631 497
121 609 376
91 414 714
719 274 467
213 928 885
242 613 561
674 613 448
295 371 756
693 735 615
350 258 26
406 851 849
216 504 888
583 686 834
165 541 823
507 67 856
694 830 835
951 34 797
995 504 278
760 251 251
155 287 573
248 417 643
592 269 29
718 684 307
525 716 534
475 910 682
828 886 916
661 758 947
710 352 8
905 986 640
874 23 123
421 690 434
201 783 472
744 327 359
434 840 501
49 569 532
817 141 372
537 666 3
488 725 906
561 387 720
995 608 680
606 518 187
899 802 420
413 683 332
690 856 159
896 493 106
903 145 733
115 666 683
251 198 218
345 609 597
560 196 410
332 475 870
131 493 815
348 511 540
398 678 808
102 760 129
99 640 150
203 461 64
569 272 187
555 772 312
153 150 443
802 203 512
667 51 768
619 353 634
938 925 717
455 437 757
661 846 712
62 841 646
358 229 299
665 145 166
230 263 425
472 127 342
20 137 291
393 748 970
151 323 712
447 665 293
901 975 871
579 594 475
354 148 257
766 121 882
693 221 432
554 372 43
993 700 957
38 592 619
268 577 852
507 478 529
439 459 225
956 539 32
415 522 559
14 942 839
119 186 582
563 548 811
39 915 259
270 580 478
554 577 668
586 645 999
719 871 489
738 986 63
970 913 437
512 485 564
933 852 715
639 970 911
831 65 631
193 476 332
442 570 201
261 512 861
85 864 412
328 627 721
928 982 263
681 808 766
270 355 87
299 622 114
405 933 24
660 797 222
422 23 807
67 689 630
142 97 624
232 141 573
935 874 272
204 496 333
437 227 839
205 929 914
260 18 114
498 473 659
314 531 939
841 138 863
177 742 566
926 802 280
655 337 948
214 202 86
559 932 458
153 698 817
262 351 626
944 924 818
854 466 533
440 924 618
7 311 847
951 762 329
652 746 734
95 839 138
180 164 324
929 91 327
981 39 324
954 380 534
7 402 69
522 754 674
523 727 980
601 776 70
876 846 155
80 829 93
441 719 851
199 699 883
160 755 591
900 886 945
667 200 613
263 584 468
118 757 433
486 282 564
119 450 698
828 833 453
127 73 192
47 300 317
547 342 995
293 967 912
661 684 282
775 930 498
960 123 652
682 219 280
717 966 914
965 106 991
683 191 511
102 18 778
850 418 984
272 962 614
791 640 800
390 643 356
70 353 381
838 282 578
659 223 325
695 683 616
113 498 543
985 899 70
548 889 695
313 870 783
269 184 305
0 44 107
697 505 819
844 466 949
744 215 773
886 176 874
56 236 253
917 294 598
679 618 489
296 229 346
348 624 558
432 795 737
608 934 920
729 617 115
711 146 428
997 73 998
686 19 919
376 320 297
634 84 391
259 842 652
281 899 836
943 334 732
965 546 843
601 651 953
404 165 608
757 759 289
233 478 9
298 598 403
268 556 432
927 192 868
14 946 901
746 817 448
389 76 280
822 152 214
604 997 185
235 163 791
545 540 475
6 847 516
909 419 132
185 100 57
716 541 534
86 514 693
74 339 756
331 301 95
120 750 679
521 403 985
530 941 28
45 722 57
235 991 359
890 836 611
55 469 45
163 435 832
735 666 819
530 654 745
900 401 359
124 387 68
480 965 921
617 664 404
112 465 38
868 950 253
730 956 734
931 673 342
38 157 257
54 100 282
353 992 340
503 559 87
377 566 301
59 515 445
609 811 533
648 367 63
966 684 348
422 899 505
172 439 483
192 703 367
684 206 883
769 894 661
787 863 301
62 294 238
634 738 889
421 388 724
480 963 514
297 44 569
340 320 445
472 575 472
151 928 880
781 906 188
50 16 374
691 931 834
528 187 988
0 789 399
534 997 632
66 401 955
749 194 202
303 168 379
356 725 831
967 930 738
556 218 363
374 967 235
156 671 169
671 365 14
704 660 475
272 356 835
500 179 797
244 671 225
377 297 491
351 698 792
281 462 219
701 761 971
83 505 497
711 514 609
167 979 27
506 624 858
80 153 611
415 12 60
306 426 16
178 603 67
476 163 713
688 643 765
1 960 402
126 462 480
194 876 158
112 982 144
920 31 205
783 476 174
754 448 401
588 409 162
30 486 196
788 630 478
349 382 751
269 803 126
862 513 589
384 874 339
245 999 981
986 91 608
541 230 516
776 655 354
726 908 45
288 306 800
148 7 123
972 466 335
999 938 581
410 579 788
280 547 379
977 710 388
536 174 811
245 329 792
720 512 277
106 289 827
378 39 33
881 52 614
663 706 431
775 933 552
315 678 263
914 527 20
447 946 943
60 434 351
592 527 972
267 933 712
54 837 39
217 838 769
996 611 628
169 318 229
46 608 262
241 747 836
967 650 681
595 625 49
223 562 233
93 459 353
266 506 708
8 479 95
294 293 156
8 157 417
845 731 125
426 274 815
379 864 474
251 270 644
404 515 491
840 573 463
299 205 906
656 817 150
759 973 75
276 559 199
825 945 387
56 158 591
645 938 119
582 677 596
271 307 746
644 926 778
482 584 693
893 621 345
608 793 856
347 265 496
446 276 592
487 87 531
978 425 5
468 436 410
708 244 399
831 481 738
172 817 623
615 14 772
710 680 651
190 975 124
121 455 372
498 992 138
661 176 536
918 828 808
972 760 562
543 452 21
219 9 94
567 127 53
167 93 853
707 530 983
836 136 541
465 431 399
931 25 623
385 403 745
1 695 906
687 918 939
389 248 946
798 227 811
564 941 208
298 767 114
294 948 606
583 46 75
665 347 479
750 55 194
951 413 447
894 335 547
996 659 50
877 850 556
887 956 665
493 201 885
998 622 367
974 127 914
12 947 937
107 210 173
362 64 390
920 851 597
180 493 433
997 142 258
677 415 934
51 353 408
265 444 301
848 796 660
309 668 277
564 487 404
664 623 147
526 807 595
731 844 737
381 589 471
926 65 76
314 423 787
458 356 712
639 659 925
298 6 503
212 197 10
307 256 221
645 213 829
423 967 392
351 801 757
875 179 786
100 91 264
135 384 758
832 109 292
91 725 488
655 440 594
881 432 762
726 862 175
975 559 488
768 767 9
93 512 88
550 803 297
642 3 463
285 831 2
431 615 479
129 644 417
871 176 112
919 22 691
415 464 123
744 311 533
624 500 362
515 802 354
896 369 998
741 699 465
879 290 967
58 310 392
999 915 419
225 316 445
219 224 48
656 656 33
898 112 704
54 439 410
79 957 944
94 342 294
271 734 867
616 106 35
483 116 37
424 961 600
197 43 809
954 993 813
44 790 990
135 137 259
896 327 498
415 803 672
145 389 36
362 341 794
947 975 126
31 802 30
872 79 452
387 269 720
601 369 421
943 133 510
952 330 752
613 943 200
215 12 553
444 249 751
40 682 868
84 106 48
410 314 283
60 854 982
873 570 370
836 925 106
588 963 326
210 950 467
698 375 744
552 105 623
368 873 287
614 33 287
456 615 245
585 894 598
416 116 217
318 44 490
318 331 239
58 153 967
333 542 121
551 761 845
43 432 387
714 635 627
957 814 932
719 494 223
820 76 481
709 574 316
781 116 772
751 809 240
945 527 616
117 672 828
380 311 441
467 464 9
139 309 462
408 995 10
745 378 437
886 778 858
777 463 782
382 473 153
460 413 411
972 416 214
497 237 352
157 645 402
82 442 487
58 45 812
882 470 264
381 300 563
558 868 372
76 255 423
474 142 29
181 284 799
695 379 524
532 568 886
81 14 679
998 612 159
171 803 660
726 194 912
726 781 789
706 777 766
334 654 254
472 794 218
523 45 452
730 166 171
464 1000 566
745 346 830
962 842 358
408 317 605
995 469 86
70 156 1000
551 701 38
213 975 308
41 524 756
552 536 134
333 549 173
84 690 735
736 313 593
104 890 756
290 864 370
206 607 570
408 502 782
285 110 430
62 991 645
179 82 468
965 698 797
275 326 601
471 576 404
955 967 621
686 603 881
945 797 131
112 360 319
798 211 917
782 304 552
679 402 282
297 571 267
674 553 141
339 500 342
583 831 732
243 568 825
796 491 699
827 534 881
881 957 530
469 598 60
88 88 863
316 641 839
797 366 57
781 915 137
956 372 444
432 880 406
128 672 600
146 470 650
442 853 110
627 708 784
696 305 378
131 909 740
136 359 118
493 958 552
817 711 626
741 111 766
252 413 529
122 170 84
548 354 292
67 448 481
18 560 255
109 419 315
41 942 921
300 776 90
547 17 895
148 713 881
757 909 822
853 496 489
181 658 259
94 997 134
237 241 178
491 50 413
310 570 62
551 521 647
209 200 391
726 506 324
598 917 247
324 428 774
373 378 154
635 666 518
976 476 783
10 324 12
463 468 174
88 983 163
500 769 595
717 971 738
244 27 973
28 914 243
283 317 28
617 273 604
942 781 782
610 165 589
68 999 163
72 744 452
72 910 702
610 448 694
894 416 483
64 3 165
809 240 541
854 116 531
694 980 793
114 357 333
719 596 775
373 144 894
750 226 542
727 859 190
528 978 95
354 464 229
868 390 193
938 36 876
975 582 645
699 665 952
664 835 472
625 140 662
760 259 978
817 430 373
13 542 551
542 100 651
905 496 146
224 649 618
323 66 349
41 547 91
522 194 149
862 2 285
363 949 585
684 622 404
600 345 17
270 844 902
916 323 490
777 315 14
11 952 209
871 774 206
131 179 213
281 309 588
118 282 735
42 769 117
353 86 88
950 837 344
744 349 521
681 664 77
574 267 877
578 707 536
306 861 675
788 952 774
41 395 400
53 228 292
361 117 182
607 876 175
49 5 335
699 664 720
357 385 293
548 359 630
618 963 304
389 830 600
212 819 478
688 986 827
774 16 972
293 417 723
295 750 787
47 170 211
136 406 185
605 832 853
472 788 885
764 489 362
619 685 771
707 590 146
578 339 189
657 449 472
574 378 320
389 884 792
216 179 97
545 735 416
576 577 118
197 259 50
320 241 540
388 501 153
717 110 488
644 17 24
446 510 905
936 961 101
595 432 662
640 294 32
253 441 725
1000 249 576
946 462 730
27 13 597
207 987 426
104 743 503
513 405 915
358 745 183
419 578 885
729 793 432
92 768 749
997 28 179
423 236 671
429 550 761
403 612 135
559 735 832
62 798 177
636 318 634
763 248 670
518 758 869
64 536 867
762 81 632
138 96 297
710 3 402
157 305 728
221 90 793
546 379 195
925 538 811
98 965 850
286 234 870
968 896 654
548 96 771
922 542 309
638 869 950
758 707 925
900 342 61
958 570 951
262 526 728
902 692 952
547 233 273
97 753 526
98 201 337
740 176 461
326 959 183
534 803 193
34 732 328
803 590 80
674 51 15
117 317 464
824 268 838
562 929 99
146 780 120
208 674 734
474 775 296
762 25 919
604 757 192
391 711 222
468 15 85
35 855 677
393 706 646
725 132 315
647 602 516
842 170 569
136 418 263
737 854 195
355 996 670
728 71 347
851 341 444
833 931 183
555 78 400
814 890 835
194 373 971
545 113 843
221 975 666
328 787 52
817 954 730
82 638 969
783 740 766
856 850 859
826 638 786
573 52 488
589 444 64
810 375 323
424 772 990
6 626 258
944 107 615
439 473 834
56 267 289
112 704 306
184 341 61
560 239 384
960 746 167
600 557 784
74 841 402
889 647 802
454 780 441
169 266 714
778 926 753
827 97 878
946 542 938
733 726 986
910 342 485
447 76 932
435 744 206
70 583 934
32 159 46
655 83 160
876 243 306
989 591 287
53 617 177
972 145 618
429 366 76
639 612 774
917 992 186
301 12 970
381 521 788
577 328 416
259 242 152
49 899 859
790 456 818
212 992 949
414 517 463
261 523 996
597 505 900
825 210 62
231 205 41
803 295 381
421 665 634
476 192 441
584 250 471
128 881 969
614 929 777
949 911 823
16 860 305
208 230 343
776 463 436
133 266 864
579 848 441
117 33 340
454 787 464
379 840 348
423 203 194
586 275 553
393 793 307
321 470 110
236 229 71
195 631 17
141 75 247
354 668 642
859 7 903
400 818 95
52 599 328
72 604 657
375 509 316
214 236 946
913 533 263
969 233 890
726 665 603
42 579 964
447 809 930
851 91 597
843 88 294
993 673 529
409 26 251
288 386 314
674 509 742
70 443 984
346 11 654
95 669 951
603 148 438
299 303 747
386 920 282
931 441 24
474 903 767
1 137 342
700 503 997
423 117 334
20 951 178
712 668 747
835 64 797
46 435 288
387 859 567
650 529 894
641 1000 658
333 991 433
387 388 938
846 416 519
578 268 467
402 985 391
962 935 618
488 950 550
372 641 893
471 588 824
626 650 669
727 992 936
740 441 572
368 170 935
107 206 745
406 106 136
371 60 55
587 598 394
175 420 166
705 792 478
823 157 496
825 308 647
521 732 954
203 774 269
927 118 519
908 626 563
612 191 587
748 120 1
966 250 434
382 563 655
660 596 911
51 492 137
283 750 174
107 464 228
708 987 827
585 698 366
953 211 246
675 976 882
130 529 123
83 238 812
552 166 630
709 537 720
617 158 411
926 665 139
542 99 71
887 813 305
999 794 384
738 954 611
149 993 524
978 404 767
767 206 403
762 375 174
995 112 622
65 793 493
300 970 945
655 781 128
778 678 796
185 45 721
497 138 331
939 280 861
836 729 444
229 660 857
574 809 941
691 252 302
832 225 460
593 121 247
940 632 224
62 236 106
650 312 532
468 187 676
304 52 536
335 403 219
374 796 987
641 233 61
594 169 444
442 120 50
755 46 410
284 172 392
39 894 83
643 786 835
644 257 312
619 982 200
792 689 545
385 614 568
13 539 515
541 961 968
458 19 191
498 672 112
3 99 152
50 606 659
904 832 294
741 934 510
736 135 169
187 607 163
936 955 45
500 322 126
122 420 586
991 517 61
572 608 894
522 664 499
800 213 510
563 134 107
362 433 356
877 583 475
445 99 56
597 328 82
465 176 824
991 375 77
50 704 798
706 648 720
17 651 504
621 362 684
119 588 532
163 818 364
921 163 538
957 1 645
276 641 472
95 212 558
410 447 198
676 898 41
698 162 246
921 223 108
359 237 185
963 668 693
136 406 31
355 258 668
661 618 614
577 744 306
734 276 788
290 302 589
900 53 553
132 66 208
798 462 338
90 988 240
162 12 905
894 964 757
548 87 1
687 845 77
57 898 304
197 930 504
421 646 350
993 81 637
833 134 385
549 376 543
622 187 361
174 367 890
41 987 957
383 887 372
596 388 713
793 572 165
212 577 547
913 499 438
6 540 295
475 660 638
329 648 175
635 24 844
825 672 74
87 695 360
167 448 239
653 378 659
912 762 318
127 277 555
693 231 4
611 739 638
539 401 61
408 319 225
279 547 930
435 509 682
996 346 585
579 940 6
564 920 826
844 707 479
108 489 142
1 900 917
116 615 85
651 547 830
775 588 180
946 32 17
491 941 172
514 420 871
224 43 975
474 292 39
704 418 711
475 919 317
914 737 659
807 445 969
633 329 658
191 146 80
204 706 747
753 530 827
417 144 529
67 962 164
462 167 83
776 632 692
950 943 718
181 321 414
618 370 215
951 473 165
64 649 633
170 742 983
835 397 295
876 816 819
650 970 645
880 814 653
56 885 745
486 429 616
314 899 827
847 330 164
93 932 737
545 354 790
258 183 897
504 260 35
322 979 187
102 153 717
824 756 498
44 39 123
605 79 423
525 250 246
0 567 914
29 719 874
122 901 820
50 515 3
734 674 983
276 424 518
686 509 714
191 474 138
732 883 926
104 720 762
829 326 861
386 289 203
296 882 934
522 269 462
515 714 437
50 396 843
676 1000 93
879 913 868
871 429 440
761 501 684
122 234 697
977 64 973
535 525 599
588 511 661
773 427 657
409 598 167
264 361 594
732 285 456
324 996 362
137 930 358
19 290 502
274 737 991
389 145 595
429 823 523
454 257 393
759 599 497
313 64 203
296 189 784
513 114 973
476 595 329
894 614 685
483 344 561
92 941 120
145 221 432
169 799 816
305 920 427
196 331 600
324 857 200
240 859 843
560 566 995
575 641 541
414 88 569
234 624 206
981 954 570
589 958 991
881 469 337
978 536 800
196 656 271
837 264 78
84 375 419
676 922 292
768 432 962
632 853 586
760 82 371
302 606 890
875 825 981
724 33 769
763 463 292
952 936 393
978 199 855
358 678 619
289 999 850
443 153 491
876 775 880
156 489 833
178 965 343
307 236 271
992 514 162
581 193 478
300 633 406
434 195 160
808 89 76
722 330 979
642 677 28
955 840 742
10 410 225
494 218 547
384 864 493
810 54 220
590 920 697
805 67 744
26 462 473
366 934 517
347 883 521
447 856 665
751 780 73
977 278 786
673 35 198
406 797 648
849 169 922
240 62 242
167 594 670
457 168 467
446 399 764
993 706 49
657 335 956
939 222 544
735 250 149
89 863 191
4 940 957
419 831 152
850 137 542
55 918 634
190 16 107
319 338 236
974 399 323
174 307 946
395 566 385
352 950 841
687 728 621
362 112 653
932 937 756
549 982 868
408 133 81
85 309 332
758 746 976
94 807 445
40 626 273
937 13 976
104 160 538
207 289 879
387 927 477
345 803 314
302 333 10
723 329 990
278 911 760
194 359 32
770 685 476
532 187 32
114 566 762
74 823 487
695 778 778
155 685 486
428 169 102
371 288 513
590 593 324
850 682 289
798 16 669
773 984 557
428 49 172
36 256 805
960 158 311
747 45 27
697 474 324
61 949 731
560 115 781
918 3 690
656 632 404
635 783 805
982 329 925
908 96 320
48 749 739
62 44 350
152 150 836
433 118 507
655 113 424
383 606 759
774 190 531
446 60 213
172 920 537
320 31 544
118 983 27
938 500 469
778 667 25
375 747 559
101 363 661
633 880 41
612 797 397
308 536 522
630 840 645
769 139 284
646 245 432
457 575 235
684 667 738
3 879 862
333 108 391
463 920 297
715 816 270
962 555 74
945 597 117
234 126 150
809 211 628
735 704 474
525 962 827
518 516 624
367 680 421
374 634 387
854 590 54
289 39 105
730 792 754
779 223 315
721 760 552
937 580 810
566 470 420
119 950 951
343 326 666
291 96 756
208 457 64
934 724 16
827 954 447
400 709 366
247 802 411
139 452 495
235 875 861
863 516 414
627 63 389
570 434 437
299 794 308
722 683 115
895 421 957
531 496 182
235 467 414
596 234 847
862 603 841
14 44 990
353 674 460
25 980 223
290 912 627
971 69 912
814 906 654
908 191 338
950 894 555
444 634 647
765 872 103
68 287 106
306 364 324
213 729 723
462 920 203
270 868 117
893 603 598
124 489 859
941 282 7
868 231 203
510 997 475
833 655 485
137 642 585
691 581 901
310 858 600
961 462 968
172 253 901
535 313 181
701 748 100
51 147 116
112 35 299
117 567 196
820 439 350
762 304 438
21 4 805
343 868 345
715 9 700
913 746 500
403 969 238
701 593 617
571 469 737
231 500 160
573 127 294
119 6 246
700 749 904
779 844 110
124 866 727
654 42 380
810 467 877
599 335 969
251 273 390
781 9 812
773 927 621
264 304 67
190 690 309
103 384 513
480 19 974
517 370 139
496 421 102
7 177 373
611 756 812
163 493 216
214 700 883
927 613 896
271 549 640
365 817 960
602 711 508
54 13 625
992 607 823
100 421 300
50 324 583
811 552 525
761 272 632
831 64 744
589 311 810
258 857 858
550 273 987
205 834 7
815 774 163
76 89 185
459 230 284
701 691 921
400 612 903
448 497 897
797 75 506
838 97 519
164 730 961
36 295 663
595 973 770
158 697 165
594 766 369
945 822 988
149 502 94
385 17 157
840 836 322
553 87 25
327 812 305
277 978 825
411 458 790
756 416 876
604 508 473
718 432 129
371 37 996
808 556 622
843 950 301
774 687 814
220 797 281
958 4 170
764 129 782
516 295 121
257 990 81
306 685 557
302 330 990
529 212 60
986 412 938
995 458 590
418 656 707
204 163 683
889 306 809
995 599 737
98 540 32
23 414 753
557 238 703
181 3 419
666 860 743
241 3 816
224 447 554
195 544 534
745 226 864
992 983 241
214 532 251
450 857 826
880 146 150
564 270 636
795 289 880
217 290 244
855 310 99
531 682 300
881 953 322
125 569 43
188 165 784
784 345 206
467 62 890
221 860 545
841 883 457
107 491 148
423 30 778
774 295 238
528 615 439
358 199 377
66 815 276
867 830 868
436 525 449
817 634 542
109 179 551
655 265 951
349 383 732
196 146 701
278 441 839
832 793 202
544 429 570
434 532 877
506 319 370
268 9 910
917 839 70
205 581 855
416 900 787
742 434 989
219 24 4
484 679 631
664 110 370
200 858 661
483 441 631
634 750 222
406 536 472
750 114 199
763 341 321
574 335 549
488 740 191
726 43 189
259 475 38
445 793 43
408 781 435
698 916 460
7 68 823
926 842 496
970 864 2
522 196 828
805 229 114
553 515 341
851 327 262
834 61 116
684 288 373
20 780 545
780 118 47
982 825 177
699 666 675
383 936 690
248 524 593
582 780 484
927 622 834
408 793 535
312 12 866
160 481 135
21 745 602
67 282 788
264 119 592
40 604 543
121 952 809
76 424 424
304 867 348
394 924 29
367 536 889
492 8 761
748 103 544
151 681 459
33 809 393
945 553 207
369 603 806
746 170 752
555 538 906
649 847 291
597 15 671
83 853 338
667 803 820
793 104 883
594 509 289
695 860 721
726 947 398
20 220 302
948 793 859
479 122 620
808 404 920
678 777 759
453 449 873
997 82 938
282 206 570
287 864 644
439 323 463
344 634 171
792 957 561
307 358 466
738 853 88
763 250 89
599 77 681
123 585 190
902 584 17
859 659 967
198 384 822
846 375 106
482 48 455
837 558 707
572 500 354
564 186 707
146 687 164
622 899 622
141 139 382
53 534 626
771 499 823
507 888 485
314 818 429
425 497 973
436 330 231
985 969 770
115 918 954
395 899 637
139 371 357
550 988 406
908 800 965
394 629 888
17 439 679
767 444 893
21 337 430
734 228 822
957 684 695
93 442 1000
347 62 829
808 763 563
675 991 193
260 807 81
838 762 198
684 289 202
667 715 852
54 876 534
469 262 461
231 542 237
252 489 17
500 519 365
882 817 718
524 708 140
520 657 237
630 430 53
236 40 581
172 805 318
73 723 443
721 806 926
843 484 951
596 830 280
224 158 426
524 711 932
775 604 169
123 834 281
282 443 677
686 558 179
287 750 989
713 785 821
678 990 484
118 860 798
479 526 3
221 911 741
198 768 622
748 902 670
453 189 768
859 266 417
254 799 166
306 498 764
736 375 981
54 561 283
196 147 707
230 405 504
960 302 516
50 999 131
483 162 521
127 933 930
244 335 686
92 510 130
473 839 266
876 485 668
224 975 819
415 230 746
687 947 876
123 707 781
835 973 683
683 420 761
54 157 901
798 913 994
396 508 328
436 586 716
499 229 732
952 114 807
362 597 946
731 796 279
649 612 174
247 693 432
473 888 664
103 830 225
165 502 878
853 799 706
697 671 800
478 512 260
984 243 775
367 925 208
484 414 275
224 472 606
230 677 239
181 777 222
858 669 960
881 997 387
977 995 24
266 993 350
534 849 83
620 445 971
916 957 958
902 21 469
366 967 334
508 718 744
517 766 592
887 847 678
890 230 120
81 396 962
84 438 955
533 843 831
916 199 415
187 718 743
724 8 557
98 290 94
443 667 196
757 952 806
616 678 600
144 782 640
805 273 48
226 726 122
174 355 708
663 828 618
28 970 230
999 913 622
416 317 566
493 953 461
553 279 465
377 640 500
488 846 57
240 8 136
581 888 114
308 959 568
299 554 569
641 375 355
489 372 626
966 52 959
102 234 245
522 145 768
239 569 898
974 592 759
59 658 552
261 404 486
284 999 500
722 812 640
216 786 292
170 255 323
832 743 215
96 132 248
698 145 967
90 376 300
386 848 53
842 543 247
799 417 42
174 828 514
600 924 173
316 277 517
57 890 622
427 330 29
885 695 99
574 599 214
501 729 543
142 571 423
171 31 571
286 785 829
500 760 476
409 145 904
686 56 78
564 224 947
64 155 97
191 651 826
825 160 113
722 97 66
838 126 107
963 801 465
499 413 204
428 500 391
585 807 788
853 284 211
576 549 70
842 703 367
832 344 327
646 817 46
587 473 511
574 42 321
73 575 776
219 796 403
518 457 988
6 467 145
593 274 350
634 311 250
491 78 580
239 743 229
249 849 67
425 20 153
626 894 301
152 631 600
882 547 1000
322 405 351
602 897 357
341 763 219
688 540 496
315 749 519
761 384 490
265 816 385
401 875 106
466 312 93
37 537 123
174 566 217
589 576 21
970 766 815
668 286 491
727 583 8
5 955 804
296 397 635
802 383 767
825 196 937
198 855 675
93 687 328
841 825 274
412 831 229
703 113 140
500 503 161
591 616 421
854 30 571
694 590 378
526 170 644
385 801 556
833 293 433
201 140 292
375 125 52
886 910 923
470 483 653
612 7 976
731 423 326
684 287 95
609 491 201
384 779 958
845 113 126
805 625 458
775 425 529
12 200 816
370 308 327
84 798 655
913 848 249
803 912 609
53 350 144
908 345 400
473 343 462
385 682 167
994 467 619
787 439 808
153 455 291
308 133 378
669 672 491
235 113 812
4 547 431
512 668 923
221 633 567
35 852 196
160 543 492
499 514 520
102 110 724
505 125 253
501 905 905
319 372 25
729 430 777
486 199 290
362 462 325
240 206 575
845 366 157
941 70 937
74 808 939
482 931 228
197 588 795
149 527 613
728 616 632
95 489 571
244 203 655
902 129 469
868 917 86
211 302 360
763 465 386
842 813 752
398 574 487
451 102 434
333 27 49
907 612 539
782 163 847
864 495 605
361 761 118
9 786 137
912 359 204
406 427 266
941 116 411
502 920 791
923 571 994
546 71 447
140 548 405
582 822 52
669 28 282
208 353 235
510 995 513
574 993 615
260 199 723
271 368 721
980 171 741
18 351 915
145 139 440
135 663 535
965 777 516
456 596 107
884 172 250
235 827 948
55 539 770
478 389 855
941 479 793
85 234 987
626 382 524
319 627 892
897 389 874
550 330 334
59 294 36
152 149 109
617 695 569
355 535 893
10 925 341
290 663 3
596 689 215
555 454 847
673 920 403
733 27 551
250 110 174
921 755 474
192 90 291
642 600 270
116 851 122
444 177 132
165 60 132
816 688 917
898 663 116
977 51 429
70 481 861
279 258 466
31 973 562
565 107 769
672 944 888
736 607 452
358 822 282
116 236 809
544 429 422
380 97 134
140 482 425
594 476 581
509 793 295
970 743 62
214 206 246
378 556 735
320 242 661
211 719 849
607 876 509
395 793 687
822 638 918
995 421 693
275 319 594
953 872 410
732 459 736
258 524 297
683 459 894
413 195 759
544 792 396
343 375 18
486 614 75
82 589 93
55 605 730
49 761 152
905 848 95
997 937 959
908 599 965
241 396 688
688 443 601
456 737 94
901 680 253
563 538 95
178 44 700
100 957 404
394 632 490
521 858 302
75 618 51
12 386 711
222 502 414
879 568 135
169 304 710
648 137 796
116 988 293
464 973 826
529 972 203
310 454 194
131 53 274
326 486 382
924 70 844
674 613 458
954 370 762
958 421 99
587 747 390
319 285 834
863 328 575
125 845 685
412 338 67
56 195 508
540 443 317
572 391 4
448 933 886
283 143 597
866 694 649
952 833 923
515 516 771
201 313 579
604 296 831
990 502 813
601 497 708
297 151 976
541 390 944
484 780 326
857 753 989
921 754 561
958 476 77
239 670 646
565 938 470
723 245 546
469 212 102
997 73 759
901 622 838
910 696 210
562 119 70
839 618 64
658 425 853
316 823 371
841 783 863
498 140 59
19 983 920
950 195 765
692 556 51
215 949 263
830 578 97
144 682 859
115 916 655
80 735 57
221 613 139
45 18 800
960 658 610
245 430 918
633 891 821
885 906 870
716 850 998
763 861 628
720 736 381
396 1000 820
673 164 344
457 693 669
854 656 891
573 369 667
515 893 868
169 478 132
709 601 112
641 239 239
454 82 343
281 398 251
417 536 222
325 357 371
741 593 801
607 360 829
77 299 606
977 909 939
334 830 269
650 874 128
836 642 730
290 811 412
667 708 620
919 487 317
429 556 106
615 754 631
226 172 837
543 751 179
592 747 583
263 80 638
581 322 186
779 713 314
691 779 261
851 12 953
440 475 385
818 823 922
366 200 55
966 538 913
102 200 102
372 362 396
799 788 202
6 154 945
631 6 162
407 383 995
755 765 296
375 757 215
665 586 90
131 298 185
936 462 815
292 212 596
872 701 118
903 256 308
128 458 568
720 64 73
890 143 471
615 880 843
550 187 837
589 255 557
783 314 406
966 714 715
365 225 32
298 163 423
930 533 56
247 909 308
347 233 716
108 425 698
821 184 724
976 378 874
443 8 503
873 977 901
429 385 614
537 895 809
913 781 433
653 526 882
72 567 878
369 298 455
462 344 302
172 468 490
767 181 241
506 875 281
858 796 211
467 93 955
766 335 828
629 900 542
628 209 853
745 647 415
971 94 217
257 567 508
674 477 464
479 535 222
365 600 840
747 502 957
848 204 430
449 970 857
353 405 980
636 688 37
932 497 702
285 472 251
799 678 313
788 272 699
575 534 704
927 366 692
128 485 753
536 958 930
362 959 143
393 913 444
744 97 828
456 725 96
326 444 762
914 974 442
53 86 215
908 714 59
210 368 65
261 887 841
85 977 72
163 441 472
910 408 976
25 910 705
27 205 255
338 170 909
866 714 189
663 572 284
196 217 621
551 688 376
70 658 626
879 843 366
798 10 715
991 341 189
847 834 546
689 516 427
953 152 79
422 786 294
595 594 60
447 629 23
678 987 297
413 81 793
79 892 868
888 802 497
588 263 386
614 554 959
768 495 620
894 427 161
756 742 329
991 992 872
227 720 118
523 309 531
975 384 102
621 7 705
23 301 351
956 464 636
60 148 386
626 583 716
720 185 516
102 832 693
260 863 496
142 771 568
551 581 839
205 401 156
24 922 737
346 386 594
499 452 565
362 255 729
430 481 469
341 3 227
526 749 850
627 344 681
529 189 157
369 693 319
774 810 477
371 132 149
838 513 873
860 290 238
557 73 647
109 210 781
729 291 49
921 791 619
375 117 892
230 470 365
823 910 544
844 736 88
770 88 916
594 705 815
594 773 45
818 676 757
302 202 527
478 49 376
613 590 692
46 831 920
132 437 466
275 602 606
421 251 107
421 957 750
486 658 367
221 224 805
774 996 615
149 453 441
635 529 478
739 31 879
17 94 775
158 891 294
633 178 880
885 46 623
753 790 848
109 89 728
219 250 693
635 550 262
725 612 87
778 558 987
132 38 578
722 642 35
91 180 643
323 810 336
559 652 994
273 831 776
18 650 465
79 604 619
583 605 754
440 572 506
136 495 852
812 88 153
840 710 869
622 647 459
227 495 819
945 897 973
991 344 414
95 438 972
420 314 186
995 140 75
408 36 746
370 444 693
520 921 201
485 833 652
850 382 296
588 431 414
473 833 766
566 603 298
755 368 800
764 226 934
574 681 151
76 121 542
990 936 970
423 223 268
337 460 780
668 92 213
569 592 443
562 976 107
828 142 122
50 916 727
478 666 759
945 662 632
470 585 525
474 989 405
952 198 537
564 982 337
681 48 439
802 100 168
168 362 88
494 463 419
689 866 857
915 504 948
406 905 488
580 350 246
49 502 603
79 461 751
612 495 414
592 911 163
469 981 489
26 8 491
774 312 289
927 932 696
504 597 833
80 818 277
449 571 761
148 817 235
167 169 776
563 962 696
756 158 115
269 725 712
402 346 147
54 838 334
721 860 118
159 154 508
391 856 142
450 249 806
257 158 697
714 931 271
180 410 444
659 835 846
475 279 47
340 954 26
50 530 539
745 415 200
144 895 511
840 527 93
402 17 95
436 408 451
370 352 64
243 0 651
757 311 426
177 110 124
728 448 170
366 868 806
974 488 236
623 398 667
885 933 386
22 322 193
384 194 715
906 721 624
597 765 5
388 556 526
295 400 518
408 35 588
926 31 549
292 248 309
903 700 363
217 817 991
600 42 915
879 78 616
541 627 516
334 119 679
409 446 774
193 454 309
828 840 244
199 193 661
657 397 51
477 651 665
799 938 296
722 770 424
242 666 305
112 347 104
957 266 737
769 743 375
114 120 25
830 119 557
605 370 492
480 780 595
490 842 152
127 545 227
552 902 205
867 385 563
507 854 568
623 926 56
666 910 705
537 774 33
785 263 140
520 663 231
581 229 818
547 604 653
96 65 525
762 461 591
760 2 266
123 893 243
734 188 348
665 337 944
650 444 336
404 290 518
101 3 655
588 647 577
660 203 475
514 786 113
87 557 207
456 121 448
522 149 795
125 60 280
270 745 882
788 706 145
778 822 148
159 884 898
82 545 453
586 354 844
635 710 811
518 479 405
590 810 391
670 590 655
872 632 294
751 579 436
212 301 211
380 769 857
10 363 275
1000 810 153
836 481 739
309 501 109
880 247 180
448 175 111
819 296 271
439 406 550
62 191 915
199 403 825
487 530 455
856 77 448
600 684 788
782 154 564
357 667 508
70 275 971
213 276 959
251 981 199
971 70 119
680 380 527
323 382 741
450 807 500
224 604 497
979 129 852
722 578 166
564 178 705
596 582 228
744 648 263
580 886 676
186 521 45
500 435 476
796 654 250
726 370 425
321 938 200
214 317 535
964 13 722
348 903 824
276 507 824
954 246 716
962 26 73
933 281 356
75 25 973
698 743 581
87 950 81
210 646 132
787 260 975
814 459 120
723 370 352
390 921 153
986 273 755
357 617 301
313 782 5
788 313 490
531 57 50
999 791 595
954 526 944
86 841 984
691 802 695
286 220 828
233 428 429
461 410 656
328 621 147
113 44 4
36 276 35
118 404 204
997 383 959
264 107 942
982 248 134
826 454 301
580 459 624
945 723 261
641 568 824
739 532 108
964 861 849
237 842 763
208 620 791
573 885 1000
379 422 225
118 135 928
295 807 63
444 49 872
844 961 960
950 721 228
262 177 326
22 901 635
83 68 994
762 575 730
754 811 350
495 338 767
896 992 541
174 776 603
384 370 747
409 732 240
931 951 25
368 657 860
317 648 511
272 25 209
666 800 65
513 333 523
315 987 874
232 73 427
302 594 752
112 34 265
509 45 3
876 616 641
315 144 240
643 316 102
874 787 958
832 934 637
172 34 967
731 887 398
313 442 813
907 864 791
775 287 590
140 26 517
588 877 422
775 699 167
601 554 308
766 503 955
838 101 711
611 265 349
151 900 821
606 475 80
2 721 420
686 95 584
936 760 645
119 805 707
526 283 612
933 720 811
973 160 794
267 666 633
59 618 605
847 221 587
539 343 940
714 120 290
545 443 226
264 281 837
586 524 977
750 205 630
98 978 840
596 513 68
955 34 746
167 41 159
173 152 394
813 614 833
381 622 308
248 454 301
925 979 437
764 667 555
174 39 404
136 397 13
366 408 466
901 327 845
261 472 152
167 50 985
638 978 787
834 129 448
860 984 43
185 219 40
818 152 89
325 135 112
886 112 110
117 152 544
451 516 815
261 970 893
676 301 697
875 213 781
627 598 998
448 822 41
317 753 711
138 660 576
502 153 851
553 297 765
34 373 699
284 245 422
871 590 73
704 406 49
83 968 970
772 342 572
796 3 629
861 564 560
958 209 240
628 389 911
442 226 227
676 580 787
264 841 438
31 564 413
230 960 49
898 630 144
649 633 110
129 908 754
218 563 276
271 228 161
98 749 198
634 578 810
547 26 715
283 212 745
508 425 132
966 31 9
182 931 878
585 632 391
981 683 6
540 435 126
531 244 967
320 164 529
401 833 886
14 814 306
954 838 77
964 381 535
238 376 885
767 597 222
462 693 222
723 275 184
333 466 796
819 306 832
21 262 127
259 143 274
158 545 969
886 504 486
738 562 219
526 544 959
442 279 188
692 770 877
17 835 756
248 824 357
638 812 277
233 232 841
129 6 12
897 121 216
493 635 811
512 173 169
934 411 806
628 389 232
629 278 232
900 946 332
172 378 784
980 246 532
934 959 200
21 961 317
681 29 423
136 21 639
402 589 159
294 35 984
595 24 487
18 916 764
488 582 106
627 517 162
979 869 191
901 999 737
374 46 709
498 557 54
158 49 24
605 928 304
937 877 191
80 802 383
224 925 769
440 536 490
190 744 736
364 310 622
343 926 401
580 235 350
891 66 988
778 262 890
679 948 643
300 258 234
130 828 665
408 129 933
617 566 328
301 539 527
187 305 303
49 73 35
120 428 748
406 208 380
754 726 950
491 913 208
263 804 131
584 156 909
823 4 107
639 30 861
943 385 109
961 944 322
536 606 755
235 776 696
983 394 240
973 963 709
506 941 943
725 39 843
599 766 888
640 184 900
503 192 523
999 57 672
324 823 571
790 57 270
381 300 817
257 217 710
125 816 724
284 292 185
252 386 55
384 694 216
754 911 494
500 57 913
775 146 376
365 99 189
997 880 480
138 893 158
855 991 294
523 282 657
958 488 973
239 827 778
526 929 94
61 144 441
618 26 405
153 809 918
804 209 210
376 190 695
347 741 953
431 828 223
834 288 997
895 163 602
910 738 608
929 865 257
735 411 855
500 381 683
96 482 65
395 487 600
120 79 709
499 876 63
101 985 211
503 539 147
58 373 215
881 458 98
379 384 271
983 996 554
382 102 151
996 345 991
411 330 456
276 149 969
643 766 321
445 30 986
187 568 367
707 461 575
919 290 30
906 66 196
512 122 765
879 818 603
641 227 945
532 321 79
911 197 621
864 465 159
520 154 100
386 859 222
899 301 852
827 663 483
24 876 870
123 519 99
238 109 53
742 759 191
385 849 427
526 411 805
940 524 902
213 370 973
569 136 872
987 195 354
238 865 932
359 202 211
547 296 15
674 921 282
557 102 608
403 615 159
473 415 490
912 713 714
420 865 442
229 951 79
877 577 698
344 680 48
41 353 975
164 699 909
548 834 754
331 936 268
865 71 369
443 310 50
189 907 265
611 875 799
532 984 400
188 801 690
65 322 454
465 157 603
577 935 435
627 196 375
535 534 257
168 577 890
821 550 139
929 552 597
344 783 943
42 939 664
976 789 391
135 724 125
301 319 381
679 937 828
813 681 645
285 493 264
864 921 819
792 976 305
744 981 354
213 110 342
998 885 163
981 544 36
789 481 763
798 562 710
898 236 272
992 890 555
222 906 966
514 771 59
406 278 261
743 181 844
236 961 888
804 211 552
782 359 41
876 179 987
573 862 628
619 80 202
196 401 280
338 615 553
759 120 443
710 109 370
956 611 765
205 877 770
49 748 446
235 561 996
44 214 312
68 488 138
678 249 824
64 908 794
776 664 600
230 971 640
79 583 719
676 391 227
840 57 436
559 802 619
546 534 685
480 578 114
281 433 135
339 222 820
291 233 151
0 846 110
325 497 387
813 922 704
507 721 653
379 56 222
507 480 873
45 566 136
952 652 136
245 719 235
80 319 904
189 349 67
164 147 604
437 630 598
956 500 102
778 246 66
332 467 920
324 662 945
543 607 790
145 935 173
140 952 373
131 129 284
378 664 305
677 826 845
647 95 227
821 247 865
535 976 892
382 720 302
983 460 936
314 782 582
857 841 689
924 836 770
683 484 499
581 163 978
147 441 783
589 476 526
631 997 757
75 608 581
815 973 607
398 58 834
904 352 374
753 743 395
543 662 735
169 768 312
30 555 229
58 61 484
683 114 809
873 336 767
582 653 587
90 145 88
699 942 146
867 952 721
536 180 843
958 873 651
14 254 997
307 671 866
567 374 93
251 168 561
648 714 649
93 874 878
769 832 138
781 509 535
89 437 777
475 62 578
540 665 29
349 340 176
503 399 653
77 268 149
625 39 550
204 111 995
113 36 853
677 209 771
953 577 859
284 177 476
702 526 566
728 674 101
763 616 824
441 144 316
377 283 806
44 516 389
196 324 672
78 489 195
504 686 722
967 9 545
262 766 245
597 357 747
270 399 255
889 433 19
937 517 304
609 200 296
966 237 328
910 65 412
414 135 633
364 340 73
637 163 450
52 566 639
312 531 42
737 824 497
569 89 380
418 862 142
702 705 641
151 181 211
328 393 749
597 40 450
477 120 544
728 203 714
28 829 515
51 34 582
804 902 150
179 750 889
253 70 315
868 47 109
4 34 261
940 513 166
586 697 899
279 832 885
766 213 816
636 520 392
591 764 429
587 855 914
259 328 954
555 746 622
305 356 596
770 341 207
982 300 898
630 643 657
358 408 22
938 712 443
935 157 141
234 810 556
662 336 901
544 693 364
540 440 840
499 779 261
832 163 445
900 12 103
571 939 457
560 466 343
900 964 739
304 829 95
117 695 521
28 865 988
969 347 700
724 676 564
690 744 26
43 960 519
266 451 949
478 411 161
860 157 721
43 892 154
960 613 463
129 758 385
371 963 882
545 966 771
71 6 97
956 873 319
718 80 584
178 239 216
538 603 264
456 202 547
592 460 531
668 292 379
919 685 797
460 965 448
431 844 195
13 764 240
429 625 853
777 387 58
751 753 486
541 540 921
814 112 257
7 875 280
237 272 369
669 270 109
260 294 202
721 388 260
609 11 983
394 12 853
624 784 651
657 537 724
241 169 411
200 822 87
241 473 905
286 695 991
195 791 318
970 538 606
268 928 173
873 408 678
577 587 453
194 675 943
848 276 258
741 915 499
409 282 145
401 496 451
117 567 780
429 433 963
518 392 777
82 248 219
377 242 851
618 201 286
334 962 537
296 445 569
117 355 435
263 352 614
236 324 983
499 771 273
3 206 570
152 223 151
115 430 762
988 312 889
237 334 224
274 231 988
779 203 76
581 108 759
55 510 409
390 480 916
742 998 855
471 358 688
365 584 510
936 167 516
293 41 623
735 85 791
788 307 307
912 547 510
50 475 152
662 336 602
890 393 83
752 691 933
237 5 30
917 733 290
3 310 85
899 828 137
425 893 428
429 334 84
324 401 152
332 977 772
524 821 541
354 849 475
278 829 489
578 63 667
143 613 563
914 625 110
295 85 404
799 855 626
404 513 971
640 348 556
724 387 694
851 727 610
46 310 356
240 42 818
48 660 322
398 472 598
895 717 217
377 524 686
352 465 300
572 644 482
356 603 316
998 603 890
844 305 193
563 987 802
500 273 905
535 199 427
62 132 663
42 248 562
714 440 715
692 123 510
488 210 665
947 999 465
202 583 567
562 882 187
32 928 70
936 588 130
444 638 979
468 860 838
592 919 886
281 670 621
699 957 925
161 647 243
237 193 954
278 619 422
480 530 169
39 614 142
644 800 583
68 121 39
719 474 866
153 663 768
954 413 12
536 172 783
164 748 572
859 83 141
103 574 433
905 740 879
259 49 711
62 463 444
679 933 961
73 836 966
688 303 418
196 780 83
473 402 916
946 860 857
760 952 828
628 398 592
365 627 93
228 112 677
686 650 785
523 302 920
16 169 190
551 674 701
954 943 980
461 469 820
313 383 330
329 316 396
189 982 702
242 577 48
323 613 97
804 750 566
770 378 24
717 340 261
936 100 56
674 437 152
254 243 563
112 278 452
2 941 665
443 718 888
98 418 856
461 183 796
893 153 675
739 42 101
151 975 706
70 213 979
486 610 720
97 15 316
219 945 101
923 607 517
361 295 364
245 223 981
472 899 480
226 25 440
414 305 218
446 278 948
330 865 138
605 590 162
277 196 695
451 599 94
458 74 590
63 239 143
331 703 902
825 535 851
744 75 90
977 49 154
207 953 769
799 218 110
118 951 396
589 344 78
141 705 176
185 357 159
869 523 259
43 297 123
753 228 179
693 283 614
881 91 166
279 858 327
218 983 638
842 391 538
60 673 205
969 877 731
741 490 575
567 66 815
438 897 712
6 350 667
426 694 7
263 636 272
64 755 31
470 779 636
451 876 260
527 467 249
339 916 460
162 721 482
570 819 302
956 693 203
604 451 613
466 73 151
757 521 781
365 297 603
503 356 870
561 870 272
805 170 335
403 850 99
645 276 958
635 424 667
982 236 542
702 754 359
194 168 917
824 448 98
952 529 841
208 589 384
428 395 588
549 806 903
409 157 338
684 902 942
56 992 631
320 510 816
142 595 256
498 244 640
274 113 719
896 188 956
252 607 796
709 396 30
620 258 858
512 656 644
179 807 362
696 341 461
76 322 811
627 397 600
564 833 570
832 534 739
117 266 377
862 982 281
900 734 207
129 205 830
485 3 211
595 546 343
798 123 402
379 465 746
748 6 680
564 794 847
357 75 776
868 944 33
271 986 438
979 389 467
485 50 806
191 945 792
999 807 773
468 0 296
790 597 429
91 222 551
184 43 112
841 356 670
525 586 484
396 769 175
98 23 563
136 469 306
670 771 823
551 329 300
195 23 106
925 990 3
478 688 233
235 251 272
622 360 213
731 401 951
170 782 137
86 791 982
547 712 408
722 291 849
296 705 102
967 115 173
951 421 649
24 26 67
308 203 824
361 896 437
254 287 433
820 732 311
23 179 409
527 452 282
472 897 184
678 981 586
464 372 281
973 312 926
31 614 993
675 278 684
18 266 704
193 16 373
666 35 637
930 602 229
480 46 192
140 508 384
154 549 827
752 210 152
583 763 95
764 619 491
678 278 510
450 971 950
928 298 334
550 458 807
142 774 553
850 912 288
856 614 292
248 623 205
199 316 180
983 313 202
293 888 460
536 682 749
963 856 703
676 696 677
647 651 170
356 967 654
893 743 224
974 258 421
386 922 782
659 449 661
246 558 200
491 582 606
252 42 34
450 324 710
753 849 686
854 803 401
343 216 567
437 404 270
454 130 803
640 948 235
729 21 193
72 509 466
452 882 844
719 291 762
741 863 250
137 883 888
993 704 766
161 172 662
442 681 506
414 604 741
486 782 576
989 60 329
695 17 591
749 745 770
600 682 138
85 707 100
263 59 759
837 154 897
238 401 301
503 267 32
851 707 62
265 313 746
410 897 385
375 140 552
800 234 620
458 894 311
639 520 677
7 502 837
946 753 430
39 535 67
133 398 211
530 377 604
795 847 125
897 221 514
232 978 812
761 836 698
969 304 976
185 213 295
218 328 95
582 5 19
562 576 847
324 374 854
212 209 507
595 28 966
307 325 374
240 936 204
487 184 743
274 931 579
304 0 296
564 504 17
292 957 443
517 409 576
797 261 189
447 261 42
543 342 535
886 115 772
543 337 832
550 571 284
610 898 277
876 723 792
837 387 544
560 61 419
587 542 518
256 846 569
448 459 287
479 843 364
251 123 797
988 562 694
276 408 0
550 901 563
725 660 648
382 60 214
112 478 463
671 726 611
779 128 519
413 586 777
223 12 954
230 573 335
5 657 861
778 778 361
89 756 17
158 355 916
611 130 871
719 657 437
59 77 116
849 989 163
733 645 273
834 928 193
714 247 72
70 8 609
143 398 582
359 606 316
930 816 276
535 673 660
653 247 326
341 199 320
909 545 694
774 706 534
523 349 446
410 812 709
100 516 354
562 907 846
836 583 370
572 810 339
619 248 507
515 772 58
549 70 169
167 915 871
807 273 676
505 568 161
527 414 260
859 646 314
104 252 44
244 905 696
731 215 407
891 139 550
468 602 662
970 747 795
665 2 393
194 826 622
330 811 962
673 421 849
576 232 662
350 496 826
852 911 374
153 988 387
409 978 158
712 964 208
242 738 26
674 382 980
564 186 316
475 507 552
460 87 691
993 944 431
93 918 906
471 348 967
760 502 741
767 750 479
917 563 681
271 425 604
245 635 538
802 553 925
468 891 461
924 15 855
169 398 682
281 273 144
799 381 209
590 829 262
998 385 47
933 392 742
881 799 646
317 568 499
771 166 909
613 151 668
195 195 233
316 951 307
92 491 136
649 927 450
655 110 471
758 216 558
342 616 893
548 789 327
747 267 253
355 769 35
376 448 949
670 753 575
666 944 462
599 902 0
282 392 351
305 375 226
854 591 774
414 793 738
210 193 284
680 835 883
566 660 357
26 464 855
517 731 319
504 885 660
599 121 94
451 80 298
948 159 993
447 993 544
345 423 740
186 859 479
433 547 446
553 642 572
875 795 937
987 897 153
495 239 277
181 481 871
845 566 126
680 437 293
443 917 466
885 885 823
120 952 541
731 897 668
404 720 954
151 320 213
299 35 386
756 996 867
419 137 944
462 299 655
482 870 216
176 598 447
285 537 52
540 318 232
937 919 961
374 679 159
452 850 818
783 528 366
946 475 811
258 752 199
361 757 959
571 995 766
462 295 486
594 261 555
41 985 760
694 339 446
81 496 151
117 227 892
171 404 259
942 218 218
348 67 693
549 75 893
277 889 225
967 675 958
125 826 185
247 721 994
329 402 322
861 66 998
72 778 271
854 419 637
45 751 522
749 621 26
345 177 934
477 39 954
921 617 369
826 520 17
713 655 21
833 122 792
500 833 824
890 196 530
450 658 899
603 463 605
968 854 87
256 141 618
639 630 705
228 179 962
124 724 361
605 218 995
200 144 108
482 103 197
863 244 174
195 285 276
749 155 282
829 55 197
261 244 138
611 229 469
575 3 734
987 388 164
24 207 272
735 554 802
555 988 172
260 348 108
306 135 554
141 936 165
975 366 121
280 781 706
190 763 847
858 7 304
946 565 375
562 685 807
271 108 953
767 759 805
79 946 725
108 40 611
168 986 279
846 77 87
886 123 650
684 673 383
761 121 93
117 657 768
173 248 806
444 226 766
816 390 106
778 744 409
617 957 183
301 215 632
508 961 167
838 198 736
693 756 971
287 318 110
741 528 160
89 123 886
1000 678 216
400 611 125
618 526 257
764 209 103
834 318 92
485 613 93
651 211 938
425 676 826
264 61 272
486 19 306
746 830 370
305 876 723
519 481 59
697 686 760
548 407 857
312 727 711
808 197 952
170 153 804
828 569 716
884 16 489
466 888 454
545 2 712
688 370 204
544 386 241
446 4 956
358 22 445
9 283 956
292 929 37
382 604 894
684 791 792
981 636 362
865 594 945
908 97 738
58 229 506
419 109 128
581 4 757
411 834 881
804 684 10
763 68 794
933 246 961
113 842 857
674 29 415
425 282 542
153 492 489
741 836 858
280 98 989
50 634 763
507 393 139
822 445 345
419 222 220
294 820 76
895 124 451
625 407 199
972 57 604
763 908 135
743 601 784
177 262 26
405 768 539
629 743 535
582 580 996
887 454 349
311 849 951
627 891 825
833 449 476
46 38 859
401 320 261
532 993 931
432 313 176
905 796 739
17 76 719
651 378 284
200 829 797
991 850 233
92 271 670
292 745 868
266 491 240
622 492 981
594 377 927
896 336 321
154 373 139
526 324 98
500 763 160
295 88 898
636 438 26
417 104 125
242 13 632
575 41 98
604 873 540
848 281 988
604 60 203
294 69 144
582 665 213
612 875 98
672 203 34
938 399 845
481 74 599
536 229 193
898 245 255
249 697 815
655 851 964
183 681 953
348 608 500
192 698 551
488 937 192
700 453 675
372 678 196
214 452 240
878 943 759
273 30 944
392 963 48
764 515 596
978 60 456
62 949 620
805 978 793
915 242 921
748 156 373
151 898 575
544 941 139
752 107 479
442 498 394
541 208 253
563 123 655
466 644 605
603 620 553
583 73 613
808 186 436
713 287 623
252 357 470
672 453 905
191 989 423
73 114 612
360 93 811
951 742 313
383 865 180
317 646 304
395 932 131
442 579 606
87 288 519
902 649 83
552 113 429
345 593 768
466 143 112
567 341 503
368 294 803
321 16 898
271 933 831
451 331 75
10 379 932
753 420 476
175 959 34
978 585 764
296 374 332
883 230 826
70 662 205
79 21 104
652 681 695
234 648 858
215 525 888
716 147 372
952 514 531
345 60 792
699 59 397
629 529 632
791 785 544
46 182 784
641 771 654
283 353 318
38 314 364
683 136 804
832 130 793
971 69 639
437 498 34
798 806 358
674 431 962
101 222 233
218 64 567
51 699 880
717 318 28
49 107 614
497 833 483
298 175 647
342 894 30
998 920 18
392 730 794
823 487 434
573 996 972
550 822 181
726 761 232
404 523 396
769 792 32
636 728 458
46 844 959
389 802 998
181 266 202
913 832 331
572 942 568
706 88 526
622 491 210
931 936 90
681 291 290
834 854 16
118 49 64
995 962 265
823 170 226
740 880 350
221 486 758
438 974 692
245 465 96
504 313 226
83 986 129
219 408 669
907 136 624
255 429 992
641 577 807
207 791 671
100 266 44
661 714 89
779 947 856
737 783 75
378 96 864
720 901 15
513 912 549
974 154 766
344 562 12
278 465 55
689 701 839
957 477 376
829 204 299
960 951 184
897 887 351
728 71 306
676 884 656
933 942 133
323 433 856
61 441 763
7 631 164
509 980 128
975 896 883
639 362 443
427 218 295
360 548 304
396 23 864
827 428 478
923 150 81
334 946 333
559 690 337
927 521 837
349 982 294
747 879 41
811 577 523
167 78 131
394 231 26
341 335 30
748 690 99
286 341 836
695 979 594
442 800 376
388 804 498
64 349 646
847 760 344
583 783 391
633 720 109
244 475 198
749 52 344
792 855 539
757 148 297
232 862 387
351 913 972
56 732 313
846 776 416
296 925 859
441 409 470
116 978 869
392 483 331
678 41 752
1000 518 380
402 213 858
589 621 214
735 464 793
396 947 289
478 832 254
440 124 796
108 673 692
291 633 260
54 208 835
954 63 135
934 542 810
620 367 879
577 63 300
82 546 247
282 294 504
70 898 682
361 917 525
335 920 941
640 208 956
755 241 628
503 43 545
589 911 803
779 707 780
234 989 569
808 179 16
137 826 34
285 740 428
225 580 779
341 228 321
9 480 244
540 587 823
547 476 849
874 151 774
730 13 689
227 805 93
852 366 125
928 164 483
837 202 174
777 832 622
73 85 29
217 684 873
254 26 669
490 476 52
16 908 675
267 997 694
675 786 960
650 61 54
122 598 865
302 160 460
319 67 283
231 53 135
613 127 462
19 568 168
797 652 282
785 912 339
49 23 487
375 365 984
439 453 300
331 928 564
714 72 63
17 731 986
266 444 445
300 119 744
871 807 986
65 518 44
438 87 963
661 225 371
334 420 655
241 622 403
284 924 792
322 140 38
522 841 169
92 850 647
133 378 821
809 866 677
468 511 222
952 526 447
870 609 687
923 67 931
46 259 115
658 401 270
464 732 492
890 601 736
307 343 463
911 568 577
210 703 159
685 506 321
62 675 123
49 815 915
106 959 244
102 144 135
404 674 873
501 725 723
905 777 707
169 637 45
185 933 939
145 256 407
790 776 31
869 165 17
254 30 517
261 748 571
227 531 367
34 284 466
272 840 665
845 913 401
163 695 749
318 710 756
566 709 883
192 700 193
385 483 965
410 744 424
452 511 408
29 749 790
861 392 421
913 797 1
593 597 363
548 777 140
940 469 799
424 733 985
202 473 757
771 418 781
451 865 978
61 410 112
223 806 406
318 138 617
468 286 6
132 191 103
280 407 990
132 539 455
248 304 562
585 611 103
218 851 729
890 337 147
238 52 632
149 385 425
895 201 877
800 533 651
119 830 905
766 605 553
138 265 151
382 790 200
293 864 297
624 689 203
662 731 986
308 316 83
600 899 473
307 345 172
252 590 883
537 800 529
358 786 383
277 23 892
893 435 309
672 672 328
6 719 984
248 234 721
385 956 892
708 770 374
386 340 670
329 713 859
777 469 854
623 868 586
99 900 451
714 482 762
315 239 457
121 205 100
562 553 187
225 563 903
321 365 653
303 389 491
564 26 923
298 672 719
149 73 305
22 316 257
791 940 777
485 850 798
232 984 79
486 813 605
182 262 517
866 716 911
231 463 421
992 747 530
335 131 876
229 580 499
837 428 454
330 847 670
262 24 770
978 677 589
337 901 571
299 701 319
937 635 784
856 694 454
98 65 788
236 342 741
964 476 849
783 738 825
489 637 311
389 767 938
914 646 727
144 953 329
413 948 711
881 252 474
843 450 734
13 554 922
152 638 843
794 154 201
324 14 298
475 718 71
506 952 301
121 357 370
491 54 548
53 19 335
902 888 10
166 67 861
257 191 779
505 717 316
359 749 150
696 237 634
927 155 314
358 340 738
983 368 155
772 873 374
789 403 834
473 73 273
841 472 78
796 480 846
409 945 336
611 264 798
533 259 622
411 535 264
410 973 940
996 258 204
72 33 791
210 149 882
898 818 976
268 410 611
847 501 248
277 898 311
530 616 196
130 897 680
352 898 396
601 213 229
23 832 473
365 909 8
733 462 281
602 253 951
777 298 309
408 565 514
41 717 766
531 629 144
213 521 240
515 698 373
612 119 262
491 747 72
344 291 460
954 697 513
120 673 919
952 757 452
246 4 97
603 872 1000
840 190 242
286 182 200
113 931 544
175 128 625
122 918 138
393 357 126
3 596 54
484 933 632
641 612 597
60 566 890
18 426 878
372 368 686
640 986 605
500 62 212
157 530 211
62 869 58
245 807 167
204 220 749
966 272 781
215 664 593
386 718 890
400 18 920
730 402 885
740 47 611
813 643 549
384 900 457
353 578 866
127 388 788
399 6 21
549 491 603
883 446 221
427 755 563
265 37 439
161 530 384
842 527 839
282 661 286
588 699 91
565 432 928
473 335 224
766 989 226
291 275 462
481 59 168
972 226 231
611 998 897
318 7 347
44 929 834
824 301 658
605 908 427
771 330 526
885 729 253
267 940 983
634 475 222
567 633 484
925 311 323
469 223 125
557 849 221
581 618 251
627 561 377
158 849 58
928 326 620
248 931 587
622 646 842
854 555 198
877 496 374
214 868 954
257 520 647
2 406 80
118 619 467
718 908 750
316 480 841
266 23 631
545 220 889
989 403 396
437 274 268
514 915 690
45 159 917
938 221 483
695 463 758
789 285 973
939 480 826
560 678 612
485 325 626
112 754 799
932 391 776
502 602 682
669 379 403
600 765 171
245 3 676
765 772 397
819 147 757
435 122 218
224 542 969
466 182 150
857 801 615
310 604 693
758 898 900
329 779 269
813 390 796
174 697 468
781 833 502
101 998 33
834 204 778
740 663 726
203 245 460
470 193 513
181 286 720
989 923 584
60 171 937
87 779 288
443 925 303
141 542 357
966 483 664
792 748 323
977 517 799
764 999 659
927 300 789
691 678 863
894 103 70
691 632 51
860 230 34
992 604 574
333 749 138
877 339 569
698 144 409
8 136 724
534 149 816
941 350 737
976 574 250
903 567 91
875 201 717
388 863 419
562 778 483
729 123 795
515 279 636
134 759 775
759 841 196
592 928 594
730 645 918
187 987 67
658 742 860
328 958 492
499 86 414
749 37 54
945 697 934
468 824 33
599 983 754
252 381 447
622 605 46
39 199 47
698 828 819
374 325 796
558 261 472
275 149 812
589 486 284
323 972 914
577 529 284
738 502 909
729 954 622
795 527 794
627 531 725
337 861 919
151 560 53
935 729 320
67 188 239
487 296 264
551 758 541
660 643 1000
343 128 837
58 750 200
652 30 543
849 774 141
355 60 840
384 985 357
569 789 377
92 356 781
788 119 552
23 859 791
670 227 854
92 928 679
448 274 665
506 489 555
319 152 729
657 940 726
930 652 476
467 760 829
546 951 702
621 93 818
960 570 304
89 365 863
614 29 235
805 312 862
222 201 655
131 64 320
105 4 182
356 647 908
968 66 672
717 64 717
514 70 840
801 77 537
112 9 120
830 660 726
351 55 660
742 655 445
405 346 346
511 400 597
99 429 737
752 842 943
80 338 75
25 526 214
137 701 209
415 81 315
696 989 227
340 416 735
996 745 675
163 127 79
466 285 84
610 578 797
927 600 246
366 99 978
526 404 664
677 461 456
494 80 929
403 709 235
579 922 108
765 433 639
30 675 646
369 513 932
611 277 710
970 216 854
617 955 241
504 450 714
656 32 566
160 30 101
453 601 518
679 59 167
718 850 496
919 554 39
450 411 109
502 545 559
996 639 882
233 864 643
885 403 545
758 774 614
537 736 773
453 112 856
557 832 727
205 935 668
74 980 738
961 609 918
830 925 545
186 590 308
55 782 445
387 841 464
85 487 842
119 169 336
949 865 873
813 669 838
292 465 513
585 84 598
325 663 813
401 612 180
701 10 55
250 237 990
36 825 734
394 77 352
414 496 637
46 908 611
434 346 914
743 325 457
682 191 595
3 739 867
364 365 612
410 433 779
60 359 867
648 555 221
800 170 750
883 515 998
840 951 681
681 83 855
582 60 285
731 880 731
410 922 450
377 262 776
235 452 96
664 544 350
122 218 624
772 737 781
857 548 557
764 604 974
665 941 42
987 354 958
350 366 422
296 943 283
154 277 969
370 374 923
386 908 31
292 355 234
674 813 266
770 135 214
946 31 357
577 166 929
120 79 730
815 522 697
147 707 795
499 337 698
369 284 637
181 663 337
306 196 330
885 811 720
530 539 324
398 30 779
213 178 110
551 868 42
73 252 255
829 889 157
719 109 25
803 408 17
871 359 876
931 94 41
652 152 129
259 319 805
453 765 394
709 467 542
690 258 971
610 83 195
625 227 859
289 712 537
217 381 835
454 323 841
18 600 240
965 971 413
384 81 722
949 374 433
520 182 567
213 264 269
61 63 939
387 717 55
421 116 895
714 686 63
859 275 974
143 968 668
534 936 158
147 854 228
823 262 962
374 706 863
431 572 836
987 776 156
326 201 370
435 85 758
770 690 92
518 372 888
278 758 384
713 119 245
101 726 496
998 577 706
142 513 380
739 7 418
759 791 52
390 155 636
108 275 715
563 615 470
105 14 642
696 927 413
124 656 406
524 47 565
83 466 114
284 853 304
100 717 76
236 870 391
17 355 70
535 705 257
938 975 156
903 720 600
334 296 993
441 406 859
940 933 450
356 171 204
20 196 660
74 462 561
184 265 429
295 154 824
466 604 973
430 307 487
8 217 343
797 854 860
297 507 609
276 376 197
438 774 446
962 467 485
736 364 382
194 735 420
795 436 213
361 151 936
972 267 883
985 59 181
678 956 958
329 625 374
651 494 70
334 336 564
63 788 95
313 605 266
463 782 901
450 726 276
887 643 954
241 427 797
565 645 472
328 808 769
141 20 560
6 172 492
733 625 387
65 351 272
784 59 348
335 865 378
393 295 119
809 433 284
163 740 472
997 211 787
28 30 975
746 941 663
243 294 829
971 947 524
581 127 752
740 928 386
708 323 38
448 379 640
612 410 666
857 854 549
957 855 344
964 634 463
869 982 118
640 711 552
208 898 585
738 905 850
873 153 496
621 481 581
773 727 279
970 135 624
21 615 583
871 798 343
672 918 168
745 450 480
646 227 491
483 977 362
641 497 856
746 273 537
627 535 195
166 296 522
939 446 277
629 777 136
906 970 742
52 901 655
480 348 171
679 126 618
993 185 506
801 49 566
855 271 285
779 270 276
438 950 918
525 207 380
107 446 131
579 40 170
869 512 292
882 467 557
526 170 821
758 670 502
314 711 787
162 520 523
343 290 425
322 964 402
569 403 977
728 622 285
559 689 232
84 612 881
31 714 300
866 929 448
606 514 590
53 47 631
250 899 17
168 953 948
401 252 684
949 473 695
506 300 661
322 7 22
728 630 956
886 288 372
430 591 403
830 426 734
954 156 48
507 154 555
358 261 415
564 953 310
1000 796 519
593 552 858
51 75 733
544 677 852
255 771 122
226 142 149
928 179 928
392 666 935
626 840 981
135 615 817
840 159 601
386 118 254
514 432 456
39 217 875
796 40 966
791 651 767
362 66 882
378 58 617
194 548 233
8 8 844
260 592 561
552 257 477
977 653 2
827 175 371
415 557 105
712 639 380
746 257 157
398 372 320
892 935 912
705 593 60
455 980 242
557 222 131
165 926 549
75 767 637
607 890 586
649 556 384
755 101 318
202 224 25
259 889 555
358 799 395
816 886 295
510 68 733
929 4 322
658 115 223
899 622 840
444 985 18
528 878 431
754 643 698
680 62 540
932 441 114
580 560 171
1000 449 832
430 578 300
555 31 617
961 333 680
729 21 641
604 628 848
167 991 752
921 58 437
49 967 699
143 708 324
202 423 877
601 33 841
375 838 173
293 924 424
141 203 749
552 838 629
470 931 240
649 710 643
685 542 451
806 431 574
994 37 625
370 703 146
840 513 66
509 607 400
424 332 73
522 913 71
638 987 913
309 180 380
880 779 141
401 173 84
103 122 48
808 771 45
57 578 427
108 687 669
658 373 788
834 642 504
204 370 612
591 444 689
34 759 52
84 511 816
297 562 111
617 154 533
155 309 656
335 698 288
678 388 648
869 919 971
159 100 26
797 190 512
530 277 879
92 842 192
709 478 217
371 879 158
789 542 207
126 519 912
931 822 820
242 244 730
957 308 240
208 959 980
306 945 354
542 199 671
992 540 509
473 765 224
65 185 83
510 631 731
346 379 625
996 340 837
29 569 489
532 739 125
355 257 902
830 451 942
417 457 571
692 931 944
62 38 143
335 702 894
328 325 143
733 298 529
917 874 240
879 72 914
767 926 557
524 909 518
975 245 645
851 763 464
23 47 30
804 887 612
259 829 209
904 659 532
1000 48 98
289 523 925
528 572 861
183 336 70
296 343 845
326 824 480
323 731 44
712 660 498
139 236 739
898 919 354
687 633 536
98 530 832
241 143 381
0 391 557
628 701 449
717 235 734
396 152 21
414 759 331
931 979 342
225 554 722
349 488 124
789 930 891
944 365 403
889 329 459
676 43 204
769 891 427
413 256 647
128 548 87
721 837 408
442 145 59
744 122 872
176 374 267
801 386 464
192 173 214
956 364 361
762 416 742
763 756 525
478 680 91
583 847 626
487 840 951
742 21 80
35 548 987
695 583 518
716 212 979
391 50 455
742 874 534
533 534 192
219 899 609
74 127 323
347 636 197
660 510 454
581 580 340
277 334 860
27 589 383
775 417 605
229 28 301
7 689 778
448 771 97
361 510 845
684 27 491
697 791 513
427 747 427
932 140 128
129 284 801
866 25 338
408 443 325
674 845 289
662 212 568
482 741 668
443 114 121
825 842 474
19 486 520
125 61 271
498 261 879
352 220 391
206 79 91
546 878 84
393 44 734
318 318 601
474 291 951
731 309 99
163 991 50
958 797 148
339 88 447
18 840 593
970 791 220
745 475 408
589 723 242
643 49 466
892 149 264
993 371 9
680 302 88
643 710 169
82 238 101
629 98 369
205 306 551
656 511 537
921 225 533
871 447 747
991 713 820
800 388 239
255 412 941
567 684 283
985 955 127
841 259 915
693 721 631
428 386 250
456 380 620
943 19 474
674 390 9
9 730 174
446 825 530
333 662 51
561 793 401
234 366 359
223 856 651
982 174 848
968 96 571
816 302 891
409 902 189
695 286 204
500 993 549
338 133 817
623 199 568
661 472 744
453 515 966
489 856 151
225 763 227
322 61 935
312 561 154
749 893 49
344 838 6
655 232 290
259 900 370
777 738 5
14 508 818
712 370 88
422 138 624
535 843 912
554 570 646
290 473 397
40 342 931
369 903 753
800 407 82
905 615 217
173 878 435
923 536 475
625 718 501
915 584 69
76 423 813
961 129 836
989 629 739
692 419 385
506 5 889
611 464 283
613 847 196
313 118 29
493 781 51
810 723 331
797 670 127
447 473 851
232 479 83
628 178 371
441 315 815
437 357 717
359 826 197
18 595 699
275 653 6
363 461 542
638 844 138
922 437 649
686 396 273
211 430 721
200 278 659
377 248 626
49 313 144
858 291 187
979 306 465
26 188 823
46 196 631
179 542 545
957 211 781
826 471 829
221 959 370
609 294 261
331 407 498
71 220 163
74 12 976
892 118 789
992 85 528
341 166 581
466 322 854
327 814 823
496 575 718
136 148 753
612 746 873
209 953 614
729 512 936
92 958 392
254 26 523
764 883 450
352 786 158
461 725 453
248 397 479
746 784 210
673 326 112
29 341 183
923 625 961
745 437 470
822 498 491
688 603 632
275 435 345
374 689 538
331 400 814
34 933 509
477 816 1000
239 194 336
499 782 540
443 221 628
107 497 598
8 571 381
850 434 488
107 414 276
822 588 944
50 27 647
704 137 623
997 848 277
903 429 14
729 372 949
860 416 566
852 132 873
221 146 486
920 35 608
576 272 464
969 700 503
966 649 542
56 221 667
945 526 193
988 148 277
352 904 892
77 729 446
710 534 575
987 223 214
154 660 220
570 6 510
814 235 488
546 317 362
732 18 429
611 802 107
105 116 892
344 914 907
923 43 601
969 244 69
645 292 175
398 749 591
664 124 37
573 829 282
321 868 980
544 456 158
72 492 322
869 756 351
912 254 751
158 374 633
671 422 891
882 624 535
380 720 106
744 727 539
863 137 974
498 929 146
475 850 138
555 406 533
213 595 82
302 227 127
748 627 49
933 614 655
360 167 469
282 874 313
815 142 584
483 487 615
42 561 376
162 747 34
527 487 905
56 224 856
330 372 923
924 919 897
287 725 580
100 495 207
322 467 578
500 766 596
448 220 260
17 276 266
852 748 14
537 253 792
726 785 14
800 241 778
351 947 762
505 142 264
400 210 51
201 788 496
17 777 651
575 147 32
410 147 298
641 709 793
462 532 698
796 162 518
312 599 800
973 668 953
166 415 643
488 941 14
938 481 962
104 243 675
910 821 7
272 185 75
571 48 654
955 70 651
126 704 549
519 133 186
47 245 690
171 7 729
958 237 205
876 320 469
326 109 592
859 658 333
378 1000 167
687 366 727
22 135 94
220 929 249
117 751 657
128 76 953
296 413 456
664 326 647
574 724 407
891 811 287
331 861 175
390 714 694
247 592 661
901 695 776
967 685 815
766 710 116
660 76 653
501 984 452
853 955 688
94 389 973
98 96 928
975 973 125
488 63 444
151 357 614
624 73 84
274 380 89
474 722 942
598 56 849
549 678 272
373 788 859
968 744 714
576 55 675
149 757 537
997 438 145
112 716 482
95 122 82
899 119 597
163 422 313
903 300 934
689 353 824
918 561 757
136 981 532
47 403 239
178 867 843
343 263 76
976 798 966
203 26 990
482 660 454
551 136 819
559 918 640
561 723 618
690 244 404
379 9 515
425 3 241
322 860 26
530 808 825
952 472 363
175 314 223
305 541 115
873 481 113
699 484 613
367 853 409
965 628 999
583 846 825
66 465 244
96 53 745
748 861 886
388 125 222
484 986 366
814 842 1
841 2 449
787 959 958
990 199 990
687 282 711
649 638 981
352 804 356
569 804 626
851 452 744
396 53 968
271 502 334
284 984 781
303 957 275
719 245 799
619 874 574
234 943 992
401 376 592
717 377 457
415 151 974
92 348 861
348 539 16
551 554 194
477 105 776
569 177 514
846 618 767
934 606 595
29 978 331
217 713 396
324 201 97
364 0 585
225 130 15
580 146 396
656 374 654
634 874 140
522 827 266
235 951 587
156 715 654
774 594 369
175 389 603
818 702 999
47 986 293
178 413 473
781 310 516
287 368 422
470 711 222
635 204 626
660 515 28
166 33 598
186 981 290
982 234 183
678 480 520
467 224 825
705 916 671
828 507 582
926 407 761
953 829 919
604 683 819
589 186 882
790 70 76
577 101 655
947 820 614
264 420 477
83 361 686
696 856 822
756 706 70
990 138 584
195 718 66
589 474 214
783 492 59
810 323 174
954 277 386
885 588 307
984 257 260
491 583 600
651 281 158
354 725 695
845 808 514
296 707 150
892 613 220
83 385 411
449 628 259
818 665 501
278 752 933
136 866 593
435 876 263
417 83 12
986 788 121
227 304 520
747 998 25
110 478 706
261 865 450
742 6 821
340 744 538
256 419 383
885 451 830
117 211 446
163 431 726
815 536 170
14 472 545
562 554 359
897 306 785
161 601 63
458 432 927
321 708 367
679 875 46
597 11 726
697 407 908
872 611 130
353 773 346
593 741 626
626 321 639
227 361 116
531 69 264
501 579 62
463 338 519
192 301 848
593 903 170
514 277 538
969 9 972
701 859 635
25 943 39
694 837 266
967 499 132
577 550 687
576 456 487
404 922 181
923 717 484
457 214 310
291 398 994
266 715 120
849 902 105
267 159 583
49 364 396
711 535 496
279 454 180
852 120 87
522 351 472
256 372 700
732 499 129
865 389 694
202 125 481
1000 842 248
179 211 927
975 327 998
581 437 755
20 111 317
351 685 219
730 249 714
26 489 557
389 804 668
446 30 914
839 820 411
102 62 97
390 722 452
787 976 124
527 320 182
148 455 23
612 701 525
781 507 270
21 308 300
936 904 619
232 254 25
309 986 879
46 278 325
482 723 467
177 790 88
780 115 55
990 747 325
978 419 819
634 789 303
410 906 207
212 540 575
794 580 609
301 295 876
641 858 829
344 83 82
474 571 703
648 226 838
965 429 225
392 278 979
55 292 600
398 856 42
231 693 102
731 334 9
910 372 320
275 926 766
48 645 313
424 890 524
978 654 15
542 681 773
36 209 156
740 662 16
934 405 595
812 387 323
25 457 412
301 80 454
73 976 165
883 247 661
236 723 627
802 862 425
495 883 55
619 15 239
431 938 884
778 721 147
761 588 528
554 816 130
236 814 169
633 667 414
138 35 571
85 359 126
418 769 631
944 301 732
622 893 204
482 140 36
476 304 656
168 909 440
741 666 682
280 572 237
151 882 92
786 979 214
972 732 984
448 562 706
498 393 37
7 535 531
29 710 927
79 354 720
341 301 627
135 781 784
51 590 11
882 920 707
323 39 76
909 514 483
347 454 232
669 391 717
184 933 695
660 679 17
129 209 266
619 799 861
0 60 342
207 502 513
644 927 921
355 951 878
749 630 839
783 288 390
268 745 341
950 130 938
365 581 432
362 799 979
314 215 663
131 662 972
873 630 61
527 574 391
321 300 988
404 765 326
764 772 151
617 667 948
951 429 665
598 696 768
969 25 331
697 135 940
155 428 691
46 620 538
165 727 670
103 310 540
369 176 570
839 943 391
696 955 474
403 41 178
236 366 120
955 184 406
828 6 821
82 159 277
340 311 247
965 333 465
447 472 713
764 787 76
838 996 831
429 737 427
740 590 29
804 852 531
494 164 8
153 720 578
100 4 800
920 438 445
736 924 813
780 580 523
831 783 122
969 648 200
534 764 467
180 936 821
45 811 161
574 100 910
533 168 858
556 18 310
779 769 768
86 715 669
481 371 445
888 787 913
915 676 637
973 759 85
267 367 687
138 485 703
217 372 329
190 235 209
409 915 149
899 6 206
934 719 466
335 727 87
43 118 240
36 419 170
264 917 694
677 188 848
655 402 94
865 682 564
825 584 869
453 934 234
628 365 997
720 907 144
949 472 90
179 425 141
744 682 127
971 302 646
754 290 194
877 150 198
168 517 969
708 704 763
41 732 949
495 443 132
175 900 275
486 934 228
282 768 830
647 460 51
210 125 322
618 406 535
158 370 127
153 559 762
726 0 442
99 458 356
759 301 984
33 96 4
140 458 575
376 952 613
365 367 955
309 197 501
606 591 628
987 701 872
633 771 116
624 27 530
657 646 761
524 823 181
446 105 932
638 196 647
124 126 429
758 960 565
235 52 402
628 251 990
827 124 278
607 139 176
115 655 57
862 37 628
972 244 106
496 85 473
337 760 629
220 301 163
488 214 755
764 817 45
249 925 640
271 583 876
296 123 193
438 31 775
111 814 759
233 484 13
400 558 34
793 817 348
641 235 844
597 46 525
739 262 125
929 247 475
941 710 230
514 791 432
916 591 728
282 440 229
561 618 626
989 555 701
593 12 117
61 792 847
328 106 751
68 498 353
338 89 865
311 980 990
567 812 172
210 390 610
687 842 501
160 761 99
49 774 816
288 723 758
5 465 5
471 4 402
619 631 654
265 901 970
828 278 507
840 297 900
538 644 154
606 425 788
930 506 275
591 654 968
419 137 759
289 996 24
240 365 380
251 286 72
62 958 986
967 570 984
258 520 89
675 102 997
328 111 791
413 255 894
412 349 385
325 197 167
933 278 909
540 443 168
871 748 804
574 189 132
302 861 640
217 411 172
370 426 327
646 773 708
364 995 778
11 864 480
274 500 213
180 622 600
919 251 244
471 37 1000
799 77 35
764 684 304
27 934 343
554 29 754
631 338 998
503 719 281
935 258 50
282 629 521
648 971 966
916 246 772
691 944 794
725 57 909
626 449 740
633 945 988
49 362 187
884 626 769
817 221 885
581 973 957
319 481 619
874 155 682
95 665 202
680 802 628
449 675 316
302 158 542
569 970 520
733 505 916
153 375 374
792 358 288
534 520 885
936 377 415
556 406 637
980 456 49
642 416 864
611 858 567
747 564 18
452 661 858
426 465 780
850 306 917
648 12 198
970 674 63
310 355 997
319 654 290
710 145 523
79 733 679
743 854 543
286 992 806
91 554 756
503 758 662
911 400 146
992 460 643
314 988 190
617 9 664
75 646 254
311 985 521
658 161 867
304 161 363
254 616 691
885 678 937
56 955 533
173 788 751
904 882 946
245 73 632
883 339 901
218 51 873
621 922 871
14 756 317
648 369 67
177 229 950
541 767 125
425 742 113
464 94 151
657 320 7
2 138 97
267 212 986
63 806 109
200 525 319
438 114 69
395 689 835
693 879 105
343 666 507
699 785 904
357 605 944
495 920 144
635 598 110
285 230 531
978 333 203
212 43 406
303 369 660
27 888 92
210 748 165
921 408 316
937 151 223
88 345 831
199 203 679
618 742 325
364 781 792
985 248 385
852 4 211
179 849 208
167 403 157
632 883 650
562 548 567
346 100 722
358 388 196
374 153 679
980 605 803
217 912 811
848 499 463
256 978 496
316 500 294
906 927 118
967 932 187
519 162 968
165 248 216
913 680 306
796 924 5
238 551 788
463 379 379
502 292 87
384 869 817
899 661 892
351 434 988
48 226 125
981 68 637
605 809 911
726 409 896
728 304 35
982 941 621
850 21 733
738 910 981
278 729 267
12 635 491
306 628 397
675 796 707
71 923 955
540 211 723
641 841 289
51 346 806
987 448 372
29 284 822
569 944 771
980 218 238
787 885 168
973 383 55
934 217 307
286 756 673
995 126 427
284 719 187
794 206 220
959 453 196
111 833 369
653 459 478
846 373 490
767 498 348
533 897 735
467 669 745
268 889 762
700 988 192
550 695 78
827 545 294
871 516 193
960 748 361
879 214 547
716 137 57
703 563 510
366 197 830
830 647 169
316 240 150
831 668 403
307 714 118
290 249 161
385 908 58
297 51 399
204 196 316
562 119 378
60 910 363
206 935 282
710 16 343
564 747 252
694 315 842
506 537 985
234 961 118
328 969 665
361 603 692
27 507 171
7 973 494
965 150 993
605 967 214
456 118 18
780 177 905
255 727 727
180 126 308
214 461 773
255 488 457
647 452 766
966 286 277
922 187 542
464 893 232
713 514 906
732 948 474
885 779 187
20 23 90
884 614 455
212 350 320
954 796 842
111 133 547
402 461 586
89 960 146
570 409 155
984 894 121
438 392 232
941 142 509
192 781 217
669 987 540
888 495 830
549 532 284
279 511 578
87 142 833
823 306 804
922 963 823
677 288 675
236 726 234
224 186 286
184 449 713
116 553 560
998 842 860
448 913 378
620 323 614
493 196 960
600 392 273
739 579 417
76 509 759
75 667 383
686 785 914
385 603 309
671 975 518
562 366 85
456 510 488
787 984 240
83 384 287
737 163 967
705 932 723
93 557 700
509 207 25
845 642 595
509 909 658
616 27 581
884 547 647
306 983 10
472 636 44
337 792 839
690 425 412
936 454 26
551 340 876
312 491 500
652 57 615
903 101 479
217 694 873
638 698 133
244 216 915
699 391 885
8 972 349
790 604 672
720 782 420
155 299 799
863 762 612
628 996 60
442 404 612
754 197 639
309 197 572
755 74 79
738 155 531
904 699 141
922 663 537
419 316 690
807 818 359
497 479 899
917 824 154
603 635 22
278 676 558
478 63 815
131 629 355
2 339 587
144 598 124
45 573 905
629 29 704
882 399 873
250 892 234
495 482 861
300 449 772
499 636 400
988 451 343
788 614 442
207 846 384
217 308 643
144 389 583
523 611 941
865 944 377
78 477 246
438 831 28
609 478 288
944 520 992
118 119 994
992 748 365
951 899 677
81 553 778
931 888 404
567 254 983
122 552 3
402 424 966
661 939 490
266 369 647
559 603 409
47 5 89
81 548 85
853 633 417
331 317 502
158 152 916
969 115 475
181 236 862
728 776 757
380 195 931
868 576 222
762 621 306
827 352 576
637 509 349
502 756 0
411 359 604
765 845 282
505 84 42
101 122 194
8 240 900
861 230 64
800 3 78
98 113 760
373 721 663
181 239 281
123 907 777
244 334 49
867 112 897
876 879 188
736 557 678
97 646 629
372 884 195
137 643 139
623 827 793
70 573 165
600 234 912
736 174 480
333 102 356
983 989 428
860 736 361
781 943 638
988 170 616
642 65 550
807 433 484
149 320 283
286 630 375
37 477 926
87 493 657
988 287 552
545 687 690
257 439 267
814 60 72
789 180 924
623 192 403
786 558 530
613 753 824
838 209 48
148 708 850
750 457 439
877 280 82
223 765 702
808 725 386
300 610 88
418 642 114
726 197 271
427 726 227
876 203 499
575 241 501
983 803 179
971 664 960
575 842 308
935 60 533
943 331 246
634 529 45
27 936 200
536 482 662
766 718 714
914 297 531
925 704 554
862 924 232
678 350 188
452 773 337
268 899 604
172 829 785
27 466 287
993 227 599
920 565 408
161 491 754
32 961 633
975 182 338
124 127 430
724 706 917
633 768 468
530 624 406
31 831 714
15 740 153
462 893 896
777 444 408
707 474 502
533 208 193
977 721 707
642 424 586
304 138 878
701 526 742
357 102 59
65 452 9
528 480 595
544 267 996
388 987 451
758 421 152
527 881 404
110 171 440
496 866 413
432 652 724
830 9 667
178 129 942
577 584 779
685 280 404
58 691 103
544 412 61
280 927 69
997 959 868
713 435 984
737 618 856
620 185 686
674 156 256
49 538 477
311 818 787
458 919 614
856 230 27
796 705 69
899 83 567
368 495 601
576 710 776
937 308 436
796 639 523
63 599 678
465 830 937
836 605 405
323 679 859
701 148 371
136 156 404
795 781 804
192 656 103
669 83 932
151 913 354
834 208 407
699 951 20
878 445 858
459 23 959
824 469 651
407 106 885
397 894 879
720 131 100
315 11 495
947 86 679
537 843 370
163 854 809
82 944 904
49 722 361
766 235 971
429 750 197
272 448 876
267 319 443
999 1 135
71 589 779
431 697 152
155 329 948
701 692 952
74 500 491
5 210 799
777 594 683
843 608 693
402 833 627
739 278 431
2 864 941
332 476 733
61 693 153
331 531 258
357 298 887
689 385 189
234 688 978
492 789 897
775 162 95
352 960 202
300 477 685
265 778 415
164 64 632
77 597 733
254 912 603
982 433 204
194 525 965
435 300 56
868 234 256
890 978 623
34 207 68
905 255 492
492 969 183
774 694 555
24 216 410
869 157 300
440 305 98
685 234 287
649 564 275
911 379 456
301 869 294
298 912 632
625 162 907
553 288 859
211 751 535
765 852 770
649 618 678
4 215 239
825 299 546
365 175 530
332 658 548
867 270 321
867 268 828
238 924 963
687 163 567
471 575 450
88 734 656
117 659 455
647 458 880
992 727 639
87 5 896
940 569 976
312 22 209
615 355 667
236 869 317
99 414 214
4 103 94
820 226 478
3 186 692
22 507 233
482 778 960
204 878 706
84 914 271
277 661 65
776 535 220
847 805 769
120 570 988
534 377 777
456 591 749
749 501 977
923 965 253
394 622 803
932 214 854
498 633 452
70 108 427
937 562 190
145 411 167
827 26 133
259 669 867
243 14 635
776 664 217
832 934 308
292 290 283
751 661 213
488 822 123
756 65 780
370 910 15
977 46 557
554 804 317
510 837 941
941 301 220
729 207 528
622 439 232
351 131 773
519 91 912
746 727 134
602 982 695
562 439 677
661 847 109
708 526 107
972 462 147
824 80 8
103 283 335
15 429 727
898 990 242
67 32 749
950 440 649
634 17 502
128 973 630
862 797 942
789 92 371
31 572 754
952 527 830
695 47 446
59 20 387
92 290 792
7 672 961
339 878 361
998 55 553
263 587 963
615 151 288
534 402 543
160 104 593
912 576 955
431 160 954
644 138 794
525 602 304
249 112 628
147 759 185
830 189 391
621 112 307
452 892 877
239 691 703
446 526 233
45 593 800
531 659 186
613 921 859
597 284 735
970 420 789
749 563 896
345 806 47
887 360 773
382 129 533
83 948 308
79 571 84
323 123 845
474 227 523
812 449 57
129 134 637
472 36 238
261 111 983
292 807 108
61 793 844
506 721 31
389 144 664
873 877 978
959 769 528
680 56 519
134 980 57
815 226 964
895 925 930
130 66 641
153 210 228
974 767 913
435 640 432
625 939 113
279 337 400
592 977 994
717 191 314
42 745 506
801 947 419
348 238 456
680 44 779
358 95 713
33 847 659
819 881 334
218 212 465
212 387 128
536 89 850
814 478 409
259 443 6
281 75 638
141 356 693
694 314 748
904 790 332
390 947 776
499 967 710
556 451 331
14 733 584
129 373 647
348 477 761
872 570 86
563 870 135
366 834 376
777 162 144
103 18 721
582 155 941
568 674 156
679 645 713
965 952 274
762 214 29
450 857 50
710 342 532
389 762 675
129 947 547
374 947 457
730 288 620
479 998 986
878 381 39
135 68 10
882 816 974
460 16 928
553 593 4
996 335 108
920 720 155
535 408 230
780 874 948
185 961 700
992 932 461
234 958 278
50 794 915
491 951 660
871 453 997
975 948 686
691 665 332
254 357 285
910 640 823
533 818 811
126 269 588
467 827 322
67 225 715
904 542 827
912 52 296
405 933 268
827 501 636
448 403 232
130 273 644
530 492 69
194 400 388
128 746 934
665 474 781
828 343 930
939 718 577
104 329 668
252 257 443
143 380 398
986 184 921
613 988 107
349 433 499
416 368 272
753 797 204
51 833 814
482 349 287
319 170 548
16 749 970
462 726 261
962 11 161
865 861 844
37 860 672
974 333 313
316 72 160
311 809 775
51 321 762
945 884 955
536 140 186
812 2 656
223 510 483
63 905 185
347 969 349
517 367 181
60 130 399
512 145 807
142 125 599
82 188 236
451 984 810
730 429 894
58 410 431
101 97 506
905 127 464
514 630 87
696 893 242
293 336 295
429 521 433
507 252 857
377 352 459
230 367 899
764 163 161
232 71 956
964 200 584
593 90 17
331 33 437
647 88 438
620 348 139
278 743 146
491 210 691
145 450 522
983 509 795
298 218 40
423 484 468
576 933 432
21 348 699
13 673 567
534 647 203
205 654 673
929 163 782
899 226 769
245 111 831
809 931 239
573 910 507
433 937 206
361 707 429
671 299 41
995 991 416
774 2 802
792 653 18
238 618 241
355 851 749
241 610 954
953 882 903
400 707 363
958 139 505
239 400 276
477 123 618
242 443 945
350 227 709
43 220 954
747 677 505
768 198 832
103 851 432
804 807 587
838 6 190
902 174 494
80 724 172
524 389 872
530 282 186
743 704 247
513 147 836
793 554 161
860 877 905
575 309 748
537 307 514
531 872 428
124 32 512
861 368 533
373 275 529
209 282 518
765 658 419
177 69 674
677 483 761
308 605 839
396 988 643
438 191 488
109 33 277
452 222 601
820 659 753
355 552 595
883 649 649
164 738 66
891 456 865
1000 981 592
896 743 924
501 976 513
117 740 472
481 89 411
782 35 331
95 233 97
784 254 879
945 855 860
267 649 964
510 355 957
828 667 40
592 61 794
765 237 936
615 642 922
147 394 818
231 901 492
273 99 490
802 599 455
476 287 324
499 483 689
561 199 277
851 677 361
357 25 999
969 855 431
455 801 613
120 670 696
650 601 320
73 88 429
853 720 724
925 68 302
636 288 262
256 458 941
440 460 550
289 376 820
33 658 198
503 236 653
935 534 544
79 147 255
991 945 458
715 733 952
676 872 611
518 588 435
915 998 784
1 942 324
66 812 731
283 61 823
714 624 918
433 615 244
400 787 632
412 852 755
394 159 128
459 752 318
703 827 728
133 774 700
902 227 357
448 313 258
112 880 403
498 746 639
880 444 957
617 547 732
492 949 704
529 675 559
632 433 601
142 139 588
534 738 695
809 86 141
965 812 658
793 740 346
435 75 564
537 661 841
17 346 176
357 652 684
821 909 361
136 504 262
479 439 824
338 476 792
973 201 522
12 54 497
28 582 188
598 815 959
676 729 763
322 859 543
343 999 18
662 299 234
13 406 223
688 3 981
709 173 804
463 391 383
693 889 954
90 84 451
713 172 226
712 272 945
611 610 683
520 423 945
90 849 635
623 98 871
780 52 129
249 946 272
257 352 667
852 936 541
644 139 63
442 763 943
491 956 609
177 843 625
761 923 381
131 835 737
280 701 492
9 635 640
22 7 987
756 369 601
90 921 729
723 785 156
236 36 507
465 536 10
412 937 662
219 355 487
431 998 947
542 496 415
769 406 501
23 65 566
125 662 26
350 577 913
659 381 158
533 292 675
405 866 379
298 231 909
489 596 570
827 124 364
970 288 50
735 418 221
34 688 594
404 502 337
223 464 758
166 596 528
449 871 63
706 193 174
449 592 15
805 32 503
152 783 492
864 879 8
54 804 404
43 391 822
1 815 791
982 644 641
107 274 604
403 160 851
773 79 12
219 365 395
292 904 433
840 38 678
894 966 497
99 381 710
665 447 749
971 188 474
190 465 852
346 875 750
405 531 158
816 387 992
910 708 735
564 30 802
326 214 164
586 344 932
236 182 682
846 965 303
793 115 249
449 152 29
371 192 669
118 673 307
389 208 227
881 104 35
101 468 718
521 13 919
616 979 678
107 705 19
971 96 368
709 393 881
819 900 635
477 214 792
154 913 628
252 134 330
925 240 763
743 107 846
446 639 304
196 103 834
875 747 890
643 75 95
549 321 142
701 429 444
971 677 4
47 981 559
206 469 869
434 724 889
663 241 819
89 524 602
359 59 268
587 732 759
562 250 852
747 561 181
481 658 343
475 112 333
749 946 805
267 106 647
528 676 522
871 445 296
543 780 750
456 7 581
540 378 715
153 334 674
235 467 762
460 378 558
139 208 453
232 795 944
866 187 639
548 79 507
974 919 649
807 237 241
486 66 906
998 867 850
352 189 740
7 746 234
755 892 876
519 568 343
908 317 482
567 809 638
949 120 39
968 442 86
601 339 677
466 812 190
601 228 249
633 90 397
962 435 143
216 35 368
673 351 543
18 74 119
679 239 496
731 926 780
681 481 523
800 51 5
176 533 337
281 340 755
394 442 183
219 668 752
227 822 866
47 300 453
612 529 452
936 28 336
100 912 664
851 308 944
396 666 331
629 830 490
125 760 410
535 443 605
190 374 802
801 471 478
14 851 239
273 811 878
865 785 28
167 62 502
941 57 359
691 890 641
202 242 184
688 285 785
198 580 75
512 601 970
234 914 267
799 84 43
153 332 267
838 503 892
450 453 846
620 231 750
512 901 244
913 63 177
200 273 833
437 237 952
506 498 869
622 539 4
789 348 199
20 963 479
23 230 301
306 679 954
195 396 922
462 244 996
495 643 625
244 543 215
6 909 370
586 468 261
700 386 879
543 836 108
601 260 866
515 232 444
752 272 323
74 78 125
292 66 610
843 331 854
755 692 792
291 662 260
497 672 909
176 325 95
611 756 181
225 156 208
181 891 730
140 5 790
741 464 393
669 148 978
182 921 62
645 364 999
18 276 542
132 161 923
285 759 514
787 108 398
991 466 617
337 2 569
523 332 165
46 930 206
532 312 962
500 472 431
870 913 597
523 983 448
389 342 777
275 155 285
932 925 421
746 914 758
895 580 98
845 819 81
794 12 414
767 207 11
482 158 977
754 542 121
495 374 592
179 382 475
52 272 306
582 200 349
36 877 835
346 346 436
908 215 231
480 56 200
200 78 212
889 296 659
23 262 479
998 727 558
681 217 314
850 456 451
8 414 816
769 324 21
728 948 655
959 655 592
53 718 920
790 566 142
985 132 258
92 912 794
34 674 307
452 0 718
388 722 932
961 80 269
67 876 722
849 798 749
700 669 257
847 664 209
669 973 534
580 158 882
235 135 485
315 285 2
675 963 259
850 821 287
458 2 421
153 468 741
14 460 998
278 57 492
70 136 247
897 842 33
988 762 573
152 719 402
262 539 623
124 895 605
393 310 368
605 568 376
532 38 914
778 98 174
193 817 837
191 788 164
325 64 222
191 896 886
955 612 643
846 69 451
79 912 599
15 816 710
455 172 910
113 987 276
65 231 341
718 305 592
899 929 2
13 916 901
438 56 126
101 917 157
300 865 533
825 570 681
431 306 400
649 329 68
24 391 256
136 638 577
860 818 408
189 529 633
583 694 867
403 211 626
111 759 377
556 202 208
733 564 16
574 302 178
708 807 22
931 884 50
738 910 599
323 771 502
186 658 894
381 929 159
572 513 151
631 81 936
870 47 296
763 983 70
351 76 476
828 13 525
636 222 588
132 617 455
373 821 319
147 692 180
607 368 410
890 581 750
323 986 11
157 6 796
655 952 886
713 232 563
7 221 896
303 736 65
197 307 312
591 19 162
366 573 244
424 563 890
905 667 876
47 472 942
409 885 458
942 598 281
241 534 916
791 973 347
548 314 518
266 924 474
760 932 517
822 167 179
343 659 703
61 900 430
788 179 528
459 881 683
395 35 4
125 761 292
485 932 237
57 589 1000
393 328 974
326 387 688
108 735 497
765 707 703
894 212 963
309 480 642
146 665 39
249 894 503
482 141 509
672 931 669
120 426 228
274 726 420
908 656 803
538 668 0
823 318 130
416 611 795
124 527 483
328 688 74
608 4 528
130 376 117
658 873 687
287 154 300
306 16 350
566 393 501
921 711 464
249 618 900
287 526 468
586 599 49
942 627 19
77 479 978
216 835 569
567 188 167
541 45 554
234 396 566
729 535 181
909 915 106
390 70 597
85 246 928
899 319 842
760 901 97
900 411 396
691 478 343
868 448 739
535 210 742
411 769 197
715 392 119
843 132 307
947 62 513
646 148 92
411 644 471
119 400 835
303 614 958
131 277 109
5 322 537
319 162 438
595 903 460
319 959 171
10 118 601
638 120 668
741 838 592
705 222 163
67 94 817
426 12 18
208 85 767
344 789 552
990 693 82
409 437 248
200 820 238
469 623 31
68 465 272
630 546 777
870 570 885
450 456 858
594 676 244
850 316 406
91 619 986
69 419 794
174 851 735
319 387 377
477 620 82
834 102 284
19 264 562
890 392 22
158 139 497
686 829 72
410 118 425
889 740 240
360 710 449
651 808 2
972 651 154
951 808 563
956 792 809
730 856 267
713 599 522
113 365 709
144 447 89
829 68 553
438 780 384
31 970 737
96 696 571
560 361 141
974 711 508
415 681 248
285 343 540
823 943 868
198 281 338
466 95 679
380 101 940
767 723 177
913 302 661
98 348 871
302 312 974
382 286 358
311 463 178
320 801 596
824 123 125
7 839 675
623 764 637
533 629 676
624 389 732
943 690 383
619 647 114
287 787 654
892 228 163
469 817 217
457 867 57
616 956 560
755 949 315
290 566 875
588 760 611
763 430 142
392 761 866
366 880 140
232 514 110
134 579 676
726 465 403
965 800 957
587 601 743
209 980 918
574 233 833
327 290 342
62 743 188
265 844 941
302 862 974
548 463 24
970 659 945
229 295 226
87 354 184
734 893 218
931 509 474
802 406 20
110 75 791
554 575 506
543 332 616
354 561 365
46 448 934
953 698 274
714 295 69
883 813 774
942 204 899
356 933 773
256 367 543
417 979 161
888 89 393
652 339 591
671 571 724
31 284 398
857 453 723
787 302 658
485 732 639
11 244 805
989 203 343
941 931 122
809 104 707
194 19 839
435 963 368
780 718 689
620 377 304
953 474 224
73 616 136
81 865 621
540 696 506
90 769 680
711 611 148
243 604 382
784 549 415
919 994 97
748 148 820
823 77 438
174 132 846
300 743 764
129 201 804
977 678 455
241 827 929
978 807 531
676 422 74
967 809 140
650 783 742
606 709 374
539 748 313
14 666 130
100 275 953
912 764 186
352 695 569
477 393 758
511 43 815
601 35 162
918 6 79
520 862 712
639 19 142
694 891 260
439 417 24
464 157 847
70 456 910
476 176 430
778 888 833
433 499 86
229 489 42
939 699 942
840 531 671
166 894 756
69 953 87
384 21 874
463 895 791
231 146 851
815 162 932
296 296 474
258 221 274
297 736 144
132 263 828
81 964 721
559 710 656
237 41 601
233 267 777
109 78 88
330 863 267
176 754 116
441 420 582
599 75 153
45 741 279
944 241 185
151 649 728
655 82 79
699 87 903
542 386 630
492 979 639
345 63 589
832 322 576
203 234 534
802 822 570
648 231 516
118 431 474
421 593 887
874 261 363
525 75 548
826 624 333
982 711 114
801 836 41
4 796 502
441 611 519
17 665 264
241 545 160
78 784 154
745 816 59
825 599 719
777 24 0
715 262 762
664 165 378
732 364 150
472 324 972
60 705 882
486 364 652
200 133 513
242 15 469
772 48 855
507 929 952
66 348 534
572 788 517
820 732 169
886 82 451
726 924 81
655 704 689
353 245 691
921 58 220
449 858 958
407 810 545
122 344 808
772 603 922
179 606 782
899 61 391
782 485 640
637 994 119
261 876 887
331 340 502
360 742 971
708 351 424
902 913 550
155 376 207
108 714 170
822 362 527
810 277 836
142 420 753
450 471 439
895 300 517
560 920 275
117 341 139
753 21 359
878 818 443
323 381 340
988 46 998
721 234 473
271 249 862
14 437 727
75 889 773
175 680 799
578 314 90
165 839 66
679 758 273
321 829 905
857 927 184
755 656 304
4 942 631
437 58 671
338 652 911
116 254 823
342 247 252
103 309 883
861 43 204
195 780 426
755 685 353
749 256 63
8 373 906
549 0 836
980 10 551
793 203 644
392 378 375
357 929 750
934 744 282
936 431 724
75 393 369
651 740 853
229 516 714
291 922 460
955 361 220
515 854 772
773 285 10
332 830 416
472 843 451
840 315 613
709 161 807
670 974 57
163 27 182
535 775 759
420 634 983
331 231 75
622 566 617
488 298 922
463 34 575
120 20 334
259 4 0
802 439 314
763 470 635
617 711 179
787 230 824
844 867 632
221 64 558
327 312 445
505 177 761
359 164 216
490 959 442
979 637 146
41 749 17
267 988 823
281 609 737
782 196 298
552 521 34
832 975 16
521 423 336
304 869 333
957 709 997
754 17 5
241 901 101
569 680 772
71 596 839
385 604 767
344 867 768
675 245 341
645 750 638
361 966 701
300 393 445
681 923 214
670 652 799
450 114 139
424 982 444
550 166 841
600 929 825
768 345 478
418 681 16
563 254 592
844 809 657
331 647 44
441 346 791
568 665 745
405 840 265
399 696 76
314 394 210
254 496 183
309 933 463
972 328 761
51 487 766
489 379 277
748 975 408
9 803 150
934 723 82
469 424 912
90 446 516
401 190 130
531 531 146
549 37 103
264 50 888
149 635 7
307 536 354
886 545 452
273 963 379
513 962 604
458 849 546
713 4 790
609 397 920
255 489 136
285 840 246
409 854 632
207 605 38
225 635 941
979 399 527
804 500 799
149 325 463
385 617 882
980 776 169
291 132 865
173 543 440
896 886 667
875 558 443
943 271 691
82 356 779
139 882 398
785 124 13
276 516 30
475 338 651
575 810 639
894 787 653
677 175 815
650 821 647
667 934 500
692 637 383
992 590 333
715 70 540
769 868 968
309 234 74
586 18 171
403 177 602
67 443 521
456 592 738
675 485 195
96 612 865
623 873 517
217 313 24
559 54 577
757 513 737
700 739 943
534 144 681
0 826 201
346 481 997
835 288 516
591 569 176
976 678 656
36 476 65
977 431 133
23 135 424
379 172 747
579 922 712
953 250 4
246 805 93
402 980 654
692 416 737
459 967 451
98 706 818
824 616 749
928 368 452
237 75 77
403 347 309
369 679 209
392 717 291
893 571 107
689 102 573
918 285 573
667 580 871
915 355 312
510 308 3
926 443 69
682 584 632
975 112 94
806 667 159
584 172 526
348 434 194
223 819 933
712 524 93
143 436 85
918 59 774
165 158 130
699 530 794
229 98 251
425 971 594
541 340 621
62 877 65
726 26 462
732 760 440
735 996 542
47 712 690
62 892 849
771 567 970
10 30 178
312 235 441
211 541 949
733 504 319
812 541 331
219 627 998
307 271 688
14 925 269
259 483 327
559 203 390
889 174 728
257 640 291
778 633 183
652 37 937
877 471 381
532 917 839
685 485 203
885 148 520
433 669 234
381 642 2
70 227 152
575 166 330
671 831 76
279 461 544
681 437 157
15 939 889
266 503 211
386 79 98
412 313 773
945 453 129
780 404 815
111 232 697
553 768 563
982 623 875
10 859 211
248 242 627
29 134 15
597 877 496
407 525 908
318 899 138
299 753 648
469 618 469
83 80 959
931 361 946
489 441 276
451 526 875
525 552 918
222 564 517
795 833 858
431 291 450
495 904 183
915 532 68
116 287 224
744 457 669
573 205 196
413 950 428
164 535 62
732 546 610
715 85 264
237 810 1000
768 477 712
20 214 520
684 908 52
208 734 297
346 96 658
118 28 366
57 519 519
78 21 286
688 141 742
228 938 932
653 761 831
802 736 986
417 471 254
670 443 354
544 563 131
680 257 926
7 127 617
448 954 995
106 128 412
206 372 795
407 150 843
552 342 788
22 998 665
478 234 160
290 460 864
990 105 478
62 681 463
270 644 0
394 205 410
186 148 390
230 997 149
828 69 937
294 802 742
173 986 436
745 63 50
201 303 927
357 148 449
995 402 731
316 388 234
659 87 409
976 840 762
333 449 265
242 747 770
891 138 123
948 418 923
341 745 857
761 369 241
341 632 163
576 95 748
638 673 368
756 831 785
602 102 117
70 184 784
797 607 643
898 204 757
621 869 772
145 142 25
247 496 324
832 604 854
612 62 380
548 70 672
496 499 683
904 881 162
741 959 206
608 258 229
944 527 147
577 122 458
243 59 895
956 46 830
343 763 207
909 694 223
672 550 123
866 941 523
534 754 919
941 61 935
235 415 637
107 518 195
538 115 151
369 58 425
283 92 113
298 439 152
377 982 594
435 37 828
122 939 627
773 376 923
350 809 713
855 870 120
880 378 877
588 946 802
28 443 362
794 274 163
11 546 56
144 273 219
187 663 183
94 263 544
552 769 631
242 902 301
685 489 314
616 825 458
607 868 476
923 302 158
416 266 822
556 755 588
870 529 362
137 817 864
371 839 704
891 870 821
140 47 995
947 175 651
928 9 654
613 194 829
262 808 254
100 969 795
300 435 435
708 446 261
703 818 31
17 963 56
25 451 149
253 980 553
35 963 371
94 22 991
636 392 294
543 165 390
343 570 966
768 654 250
324 452 939
606 91 255
773 804 528
753 162 852
98 406 857
187 269 812
92 394 260
936 784 140
462 741 295
739 220 870
493 556 542
109 218 363
38 941 885
633 334 972
866 800 740
507 734 173
425 512 240
486 715 736
476 347 403
78 680 2
60 354 502
1000 596 5
666 511 415
512 83 610
658 677 533
258 87 756
148 514 259
715 674 10
737 334 131
63 381 401
239 617 349
681 641 202
39 928 570
728 998 806
82 103 860
328 627 243
255 0 916
975 550 711
291 329 433
561 310 970
806 19 982
178 279 852
245 74 125
819 895 558
214 600 863
275 864 366
958 671 906
531 545 242
674 774 542
155 737 228
394 342 776
517 269 855
13 932 565
351 965 213
473 673 343
89 994 943
188 141 705
794 908 7
336 270 5
609 741 395
971 419 318
572 4 218
443 805 311
130 10 788
927 891 811
627 719 868
164 190 740
940 238 576
266 783 409
190 829 270
353 892 614
518 433 832
147 236 610
2 427 256
434 582 796
637 253 298
261 707 97
90 981 426
84 572 386
325 305 200
230 231 86
437 37 349
60 740 413
240 958 240
864 124 291
899 243 133
5 383 611
512 20 62
109 400 660
422 815 20
529 403 775
203 601 592
169 949 466
339 692 628
384 932 911
740 203 759
858 894 529
756 504 633
407 340 942
116 615 666
417 634 894
160 95 568
381 813 324
240 180 258
69 434 50
581 395 694
420 331 0
770 243 55
151 627 903
527 919 332
514 361 34
825 722 251
849 290 9
932 103 875
883 810 155
646 5 352
737 3 695
971 960 152
140 939 898
152 490 511
621 761 996
435 927 712
89 790 460
829 406 904
495 407 375
499 778 266
166 955 568
253 423 606
686 663 531
453 588 586
678 106 192
315 433 217
355 94 461
515 251 95
530 943 91
463 529 946
93 713 387
885 64 470
315 984 970
25 747 633
826 686 39
572 890 443
632 348 206
952 883 884
330 743 284
836 45 455
317 576 868
488 245 785
878 670 853
271 956 664
410 179 855
780 751 24
835 53 872
186 545 111
687 859 169
267 976 554
699 625 979
50 235 730
977 961 354
544 955 941
274 202 856
717 369 670
85 19 423
280 226 362
784 864 462
12 835 550
978 750 762
184 641 196
494 447 16
93 389 276
283 79 333
196 262 900
759 949 75
554 775 729
397 663 724
418 579 198
862 704 55
113 410 976
19 786 339
235 341 257
467 325 107
474 382 981
476 394 969
63 662 800
557 335 495
573 731 113
567 613 461
879 214 285
184 791 797
857 435 690
822 397 788
688 387 989
749 138 582
85 663 873
580 34 567
262 513 489
843 882 350
968 361 443
666 296 0
645 462 434
420 843 24
87 779 669
108 930 524
915 429 313
84 507 47
392 825 291
930 711 883
211 740 694
818 874 213
531 881 762
881 804 742
455 568 380
571 745 292
4 166 38
805 316 410
297 262 38
889 457 127
504 40 586
358 960 329
949 872 624
331 360 964
722 957 544
474 64 697
246 790 557
620 998 414
636 785 92
681 29 972
901 620 735
270 850 615
783 71 397
710 501 160
605 795 507
90 813 268
680 363 395
907 798 865
445 590 846
662 609 56
848 990 8
131 838 922
80 257 249
978 866 196
420 867 137
328 320 370
346 421 684
159 963 571
314 613 205
120 214 866
391 489 192
637 121 854
927 736 948
268 420 711
498 91 385
880 125 648
759 182 942
526 642 161
505 893 52
260 806 88
561 211 633
342 60 154
608 91 992
336 361 232
490 727 378
423 874 352
414 628 35
916 172 906
584 515 174
579 398 758
749 953 116
477 653 837
872 556 984
468 715 266
626 401 302
778 797 799
821 43 118
532 997 525
138 923 353
466 786 791
161 934 725
131 443 974
842 178 27
972 54 40
180 378 972
847 385 727
194 203 20
486 968 496
188 731 9
755 34 914
587 894 902
778 778 203
926 353 631
699 679 482
554 241 587
614 310 205
272 195 525
966 320 7
880 829 623
278 730 54
320 770 270
575 417 677
659 85 401
506 343 456
765 712 344
517 788 853
140 629 410
372 350 457
286 897 226
613 961 891
355 959 677
103 209 54
853 797 40
328 594 945
607 555 203
631 199 603
268 797 530
505 439 559
785 47 823
719 590 811
457 681 909
493 849 21
194 220 201
251 633 238
286 709 941
389 370 126
707 369 278
386 303 68
754 352 641
161 569 418
762 592 993
877 226 39
616 860 685
31 873 308
432 634 474
146 841 241
142 790 84
554 349 548
400 35 227
935 259 66
93 836 520
721 24 543
778 238 991
159 743 359
499 102 556
569 732 826
838 258 856
580 726 518
560 129 77
739 911 142
849 187 313
674 290 660
741 515 372
930 358 97
407 141 740
953 163 436
513 13 511
19 526 231
29 773 841
636 75 838
333 377 718
905 605 478
566 384 521
972 817 106
4 337 244
233 198 159
447 9 199
994 210 805
355 423 942
24 803 127
672 647 73
822 818 51
134 116 268
295 842 730
581 324 331
656 709 673
211 912 165
407 891 510
659 990 901
110 160 221
283 778 703
352 109 550
122 516 402
41 145 506
610 387 459
360 304 167
105 900 170
856 129 690
433 612 940
866 819 747
984 669 849
873 522 373
752 478 160
324 236 759
129 116 660
666 654 429
123 738 297
408 822 445
440 443 845
964 408 320
22 381 860
911 924 166
860 688 471
815 973 397
662 487 217
731 591 731
157 982 228
939 37 924
843 396 695
859 669 299
360 182 938
414 770 907
102 100 114
558 552 735
938 758 73
17 791 661
299 362 860
9 302 8
706 116 777
506 104 248
691 336 998
995 261 538
598 897 988
872 25 745
837 366 231
218 562 682
739 200 127
772 910 824
655 766 380
816 972 479
622 399 124
98 519 393
780 147 272
639 877 439
316 910 521
574 471 835
208 878 573
861 8 763
909 892 973
700 441 201
918 40 991
168 118 103
136 733 97
607 553 587
482 707 734
55 287 201
37 899 657
972 114 365
257 405 800
467 840 82
918 131 528
30 40 974
102 807 900
574 88 168
875 68 338
624 504 848
244 390 684
228 527 906
2 131 695
594 153 398
159 862 182
575 165 763
537 391 80
320 468 517
129 407 875
995 182 441
113 145 190
444 337 677
314 773 631
534 816 959
415 100 217
680 621 917
518 836 67
31 258 313
687 517 599
615 558 654
449 120 381
479 761 314
741 754 544
336 105 566
486 7 286
96 354 180
503 352 305
438 10 352
17 752 532
189 342 291
990 117 551
701 806 640
53 117 908
477 250 544
501 632 783
444 799 33
290 271 810
616 657 428
781 369 192
369 447 36
926 490 189
709 511 5
333 586 715
889 585 922
335 968 981
265 893 556
411 4 665
84 46 64
265 593 662
564 174 386
816 942 655
882 765 371
124 662 323
948 57 475
653 819 671
935 945 923
348 885 921
991 440 331
430 845 812
377 946 701
390 555 575
537 665 36
390 24 714
531 950 532
573 379 917
981 651 871
331 280 230
478 624 543
336 804 495
61 396 97
921 266 898
932 624 162
889 24 81
87 927 540
681 448 648
951 541 362
918 786 969
572 34 929
247 36 513
509 601 69
316 388 177
447 998 613
675 184 559
316 694 59
901 53 764
822 89 374
829 287 918
236 394 974
11 656 24
924 219 838
962 120 71
979 266 813
217 159 161
562 541 86
751 48 832
54 155 405
713 371 42
387 224 983
953 609 713
34 19 753
717 32 611
953 371 509
571 575 908
397 826 539
53 103 377
130 688 726
894 760 500
195 501 935
526 470 218
716 275 302
330 957 822
661 198 73
363 320 939
420 649 278
602 363 28
302 11 902
248 685 942
838 49 736
408 907 381
358 190 772
23 900 460
721 906 779
793 808 271
472 955 612
123 800 101
15 491 3
684 812 791
241 499 176
502 138 196
366 627 297
81 772 298
73 158 928
417 175 669
10 836 61
320 346 538
190 49 662
288 447 523
692 457 278
974 279 72
458 701 489
275 164 742
148 622 446
721 718 281
465 481 591
48 138 602
344 345 411
152 959 464
6 719 782
49 778 341
967 948 951
322 190 701
967 853 211
708 241 155
220 761 859
394 845 507
146 469 30
788 561 898
303 687 55
160 95 409
138 978 605
815 348 529
205 312 438
851 775 226
451 702 239
959 409 686
854 942 721
371 196 612
929 207 17
229 167 236
139 819 185
544 289 410
323 690 780
737 147 72
540 176 754
518 456 436
311 981 777
545 183 609
175 176 76
653 704 342
740 503 316
729 692 635
225 229 178
689 616 961
205 162 402
184 813 279
658 885 672
784 434 418
742 595 177
994 95 521
372 996 662
797 731 546
709 468 423
713 800 667
57 492 979
841 875 482
336 494 292
980 96 881
499 767 272
236 777 10
959 700 409
716 177 30
987 837 197
401 577 394
381 491 979
434 3 496
547 10 664
761 246 423
907 387 802
149 29 520
394 256 427
476 356 792
796 505 931
91 3 354
980 15 810
539 440 400
363 850 325
280 197 397
826 540 540
674 740 154
704 103 329
200 531 65
898 710 322
171 460 679
218 992 619
350 599 66
975 204 12
243 743 52
713 380 793
762 115 248
476 794 25
557 549 197
250 343 72
248 542 635
445 751 230
358 769 271
319 357 909
827 839 79
768 365 961
439 459 39
656 729 495
78 741 735
600 14 727
764 210 856
360 208 535
1000 474 899
295 590 515
638 360 458
83 966 852
370 80 653
291 252 343
498 371 356
141 409 549
566 620 358
898 608 523
233 85 722
757 765 26
295 549 185
815 94 718
852 299 475
750 684 697
805 613 313
719 774 812
711 848 323
890 572 531
97 662 66
926 839 77
829 759 94
973 950 124
268 466 500
143 564 64
775 961 798
444 671 872
890 830 584
167 743 568
718 255 559
509 68 833
885 397 176
228 64 940
657 274 727
350 371 59
440 898 833
646 457 406
966 95 439
934 687 568
407 45 54
330 266 688
110 859 38
963 922 312
434 511 300
977 175 678
575 345 435
994 15 232
932 516 50
188 123 459
186 21 480
341 599 893
110 380 233
644 399 491
38 750 675
982 135 630
359 884 352
917 694 789
433 906 445
145 775 379
999 913 449
941 343 496
23 668 809
453 1000 588
320 650 792
711 308 887
631 911 147
177 481 138
85 762 208
338 455 650
937 86 460
626 313 978
697 821 296
219 364 885
374 841 428
208 948 391
814 41 238
667 487 706
323 74 704
91 761 152
323 627 319
973 842 903
904 11 145
172 948 310
374 846 59
508 998 378
850 101 780
370 855 600
539 256 941
817 513 195
95 433 896
48 664 525
919 540 718
975 11 381
369 677 68
967 577 389
224 656 190
391 35 947
276 522 192
211 17 289
131 826 808
602 274 757
389 866 888
484 579 606
830 998 748
139 611 388
250 30 110
686 666 346
915 541 288
139 876 453
700 779 530
146 214 139
426 574 589
200 553 618
924 903 118
996 48 711
402 249 63
966 961 671
301 807 923
702 747 698
140 707 112
666 721 719
578 569 77
880 999 535
544 213 264
913 505 392
853 758 839
727 156 52
277 906 126
4 684 250
516 253 835
215 481 60
398 899 840
545 671 651
88 699 765
495 855 774
869 554 831
743 770 507
800 136 528
586 663 412
269 171 731
283 328 972
413 666 725
583 907 276
892 459 210
632 511 351
653 364 741
768 472 930
610 178 286
354 921 623
627 299 854
121 733 496
344 276 44
265 527 484
564 728 981
346 535 798
72 493 101
898 12 357
516 974 961
601 672 463
610 851 438
346 680 269
330 5 669
790 913 614
267 820 22
942 340 67
921 964 503
149 444 271
349 435 462
532 369 681
272 312 649
630 300 258
424 682 48
523 342 569
422 454 623
164 378 263
323 211 659
854 927 908
82 725 995
467 479 500
789 689 158
741 423 889
703 247 636
802 318 903
690 690 475
145 51 303
746 836 977
965 727 27
204 439 141
971 344 471
974 99 678
906 657 777
169 291 582
250 227 764
94 0 320
191 130 23
298 600 70
505 359 244
265 986 100
174 960 639
267 726 373
413 243 981
74 10 86
115 890 324
129 971 452
493 613 506
852 265 221
718 783 731
446 103 462
199 289 451
589 559 788
830 32 815
783 446 169
775 704 882
621 698 617
968 280 296
683 486 101
233 427 377
360 879 136
244 367 355
438 349 581
352 737 514
754 519 448
881 578 80
305 756 457
241 17 371
49 235 91
972 719 702
148 158 582
31 975 30
96 375 932
679 149 310
228 710 425
120 115 29
229 466 339
918 888 429
444 383 237
644 222 97
880 903 124
207 902 405
281 999 951
273 833 102
685 604 930
505 444 242
886 662 47
685 971 992
89 416 642
578 446 61
75 222 691
698 63 84
186 824 793
174 751 483
367 533 870
214 33 111
654 215 211
67 414 567
453 508 276
658 276 255
30 11 151
149 60 555
342 584 736
979 995 236
934 763 849
659 204 309
101 843 136
16 631 758
603 105 27
64 84 223
170 430 836
826 334 526
125 42 836
451 444 35
201 205 597
841 701 931
256 456 599
911 605 782
711 501 44
674 913 461
997 385 620
57 618 669
83 25 279
169 75 224
785 541 404
84 630 5
805 766 976
595 63 294
563 531 955
957 429 911
293 754 866
319 813 872
508 795 384
962 600 183
735 457 398
288 95 961
596 932 398
662 192 26
18 901 13
953 661 406
404 972 866
206 37 425
471 630 751
111 216 590
875 756 704
412 40 751
885 749 437
421 254 505
58 367 880
881 812 78
528 840 199
531 200 255
461 942 619
417 796 419
849 466 507
370 982 883
410 293 557
23 916 711
868 242 911
121 968 850
788 831 572
454 709 647
164 573 884
642 474 949
185 477 635
393 340 358
859 267 478
582 540 162
777 189 139
33 470 820
167 348 927
486 688 847
537 646 84
108 312 104
955 385 321
665 435 735
340 164 540
237 466 642
11 854 710
206 656 723
470 230 413
812 893 369
17 783 770
796 467 160
432 600 624
760 974 887
341 810 911
210 172 404
685 448 90
925 253 282
897 753 625
470 771 102
150 306 380
769 156 827
863 873 824
365 745 867
359 967 449
158 951 185
567 222 623
824 541 136
641 578 551
667 549 69
156 564 340
827 613 170
845 887 443
980 293 792
22 22 545
886 767 700
974 667 313
900 824 918
582 694 228
0 825 339
656 961 502
46 619 111
467 51 571
91 897 440
512 27 225
248 31 450
499 945 793
221 212 805
73 727 422
130 28 290
877 248 57
86 405 427
71 350 579
487 583 360
352 466 18
208 129 617
628 608 264
490 799 915
585 840 774
16 26 762
773 62 177
703 278 541
39 39 840
869 624 386
27 706 789
231 45 783
25 868 765
564 355 302
727 974 519
947 293 729
637 348 752
613 916 267
235 644 994
200 610 554
566 451 533
408 608 543
669 662 64
491 330 851
989 111 868
819 474 303
68 923 807
655 981 156
490 384 572
834 81 992
566 196 893
79 648 969
170 197 35
324 96 978
637 125 520
851 379 484
287 905 538
581 919 447
939 537 354
202 589 161
296 151 387
240 352 428
970 848 899
862 953 299
147 969 576
287 829 999
403 368 154
618 424 437
498 900 567
435 952 542
46 151 26
920 374 242
746 409 414
214 672 66
407 128 510
552 941 70
239 66 301
454 33 152
643 450 599
444 942 956
99 460 822
898 319 261
827 440 231
413 413 263
810 704 672
236 221 217
795 450 915
25 833 15
23 581 749
191 191 471
518 364 770
705 333 142
877 607 957
997 250 11
156 726 367
543 622 946
424 31 295
203 42 805
563 458 67
600 686 901
870 211 936
646 512 23
120 189 639
830 595 369
414 204 26
297 910 498
624 70 856
678 525 728
754 682 520
517 352 162
460 127 344
806 841 550
322 384 227
499 509 340
358 162 123
908 38 599
521 835 99
788 277 905
468 559 83
37 847 932
6 43 229
461 884 658
118 777 53
585 665 665
708 55 930
321 868 925
872 888 767
993 51 560
63 87 449
868 971 895
852 705 813
178 226 777
265 173 171
914 761 152
861 99 636
955 648 247
841 699 41
337 714 936
806 337 575
15 399 920
123 516 704
911 500 757
303 105 414
27 979 808
749 562 403
717 664 530
363 200 415
787 769 561
610 307 668
815 412 562
899 323 631
988 889 239
330 260 286
858 81 106
491 903 741
844 809 261
988 315 84
327 990 202
450 82 124
659 501 621
73 930 179
371 833 773
96 943 95
584 653 70
831 353 795
870 851 384
924 204 718
1000 389 544
416 779 607
663 422 537
16 864 32
154 903 448
478 785 404
236 867 147
845 104 73
64 639 693
274 976 680
352 558 589
781 152 806
895 936 782
413 685 369
399 183 444
162 342 484
858 958 507
719 354 588
109 586 413
59 800 784
577 364 52
620 579 78
116 15 323
632 986 392
743 152 284
784 251 407
590 866 870
15 307 956
232 259 394
385 661 659
248 166 41
710 285 678
969 891 738
782 848 955
36 536 403
796 543 818
535 749 134
246 259 915
950 29 836
226 201 611
851 150 999
128 265 319
780 675 357
386 579 106
368 569 691
576 512 790
203 383 557
560 688 318
830 718 642
488 871 825
990 363 156
80 630 995
343 392 349
390 665 5
279 876 888
318 50 479
772 452 315
389 968 545
916 824 106
496 296 806
515 604 742
176 256 348
482 248 98
139 938 596
462 472 109
706 888 908
228 217 728
79 6 260
488 78 435
290 204 151
980 944 201
19 415 884
866 653 859
249 686 913
704 268 930
385 491 510
781 815 197
627 904 266
603 823 395
292 325 602
241 998 221
749 786 472
588 971 855
274 723 32
324 831 954
89 493 409
572 946 455
928 247 939
263 335 171
131 6 452
721 919 29
118 722 728
489 714 343
749 832 785
480 96 685
746 78 251
393 721 670
807 688 577
228 925 808
228 540 146
508 556 896
667 567 530
346 974 127
11 622 663
779 926 261
558 266 724
689 484 113
820 979 383
757 36 764
560 113 151
494 686 607
372 852 602
832 625 486
418 236 279
799 219 555
85 422 31
459 426 65
146 247 720
185 734 656
771 361 848
128 712 125
657 212 998
51 207 594
196 519 546
668 852 68
230 174 276
47 478 628
44 925 420
461 440 697
37 16 20
62 260 404
784 17 397
348 587 117
327 87 105
470 294 899
372 989 720
524 910 451
170 638 77
126 929 400
475 777 751
295 882 227
815 610 548
310 732 512
522 908 782
461 574 330
521 88 316
631 884 698
383 655 33
702 793 199
52 672 395
763 203 804
372 90 205
119 901 913
732 89 225
107 82 552
790 698 18
402 393 932
767 969 936
750 460 181
449 496 728
475 729 848
52 44 100
728 955 841
20 727 156
983 833 67
997 272 20
65 755 689
881 975 345
503 52 812
349 765 903
452 520 895
546 572 926
844 235 391
411 443 796
729 943 738
526 472 585
553 255 703
587 962 542
82 680 667
618 254 317
735 962 375
863 292 230
953 461 927
231 184 102
624 506 260
575 984 974
241 454 879
859 466 473
873 813 162
655 666 985
149 518 305
455 44 871
143 273 105
516 696 124
263 984 122
304 48 497
459 562 261
452 45 13
875 782 610
839 219 493
60 180 616
478 551 458
768 172 172
73 219 798
875 310 106
713 480 590
313 54 938
823 334 269
707 602 385
902 946 744
816 357 3
186 914 562
890 624 616
934 305 477
549 122 673
470 501 141
416 1 901
593 163 17
388 158 278
236 445 991
38 376 106
289 316 335
6 697 25
243 949 793
318 428 145
739 787 942
430 456 242
709 549 280
456 235 456
475 355 19
198 667 881
478 252 22
797 424 298
531 116 933
46 38 142
565 332 443
332 442 214
671 147 235
874 234 202
58 529 440
34 673 11
851 459 234
603 450 970
573 387 328
199 575 919
617 530 918
328 308 821
298 837 926
338 36 617
465 541 744
490 456 911
425 506 557
964 260 426
1000 41 379
299 189 194
567 982 487
813 798 768
66 840 574
873 119 197
574 514 895
279 887 339
5 102 542
141 312 122
269 319 485
221 179 186
423 989 705
717 46 739
446 968 96
537 694 424
463 531 603
319 994 968
707 861 333
297 863 689
699 971 679
395 628 795
986 392 179
944 28 724
194 290 79
814 673 158
797 159 891
303 710 493
3 164 384
725 770 496
777 559 711
543 515 792
665 739 691
973 74 225
23 139 184
393 457 548
397 126 345
450 957 711
708 438 385
403 319 452
594 156 852
10 221 721
578 465 686
565 228 670
272 34 714
84 660 951
811 505 51
964 282 701
134 907 322
136 492 7
725 600 370
994 921 716
997 808 86
511 178 840
351 737 299
388 252 273
14 890 596
941 931 618
954 917 816
58 40 393
13 709 666
759 841 260
488 522 464
993 965 43
608 363 970
151 146 100
107 224 788
875 186 571
257 326 543
360 472 858
588 385 578
311 682 875
615 256 711
340 195 504
58 234 926
370 822 486
263 276 534
724 688 290
431 52 331
216 278 19
999 353 532
811 246 987
309 445 95
133 319 260
220 298 106
689 237 596
886 556 268
1 72 216
937 242 341
21 891 581
743 472 3
458 492 744
189 837 522
994 454 295
735 687 155
266 319 802
920 343 745
769 845 710
116 256 776
612 66 57
243 805 202
807 757 344
559 493 711
863 525 152
62 121 57
424 156 86
923 923 916
63 375 104
767 636 420
593 907 493
496 684 380
154 289 776
925 200 533
782 401 889
810 289 343
65 639 915
286 39 594
108 960 907
408 671 664
180 557 153
949 3 659
794 522 61
495 494 668
459 205 549
449 725 36
582 332 735
5 360 788
690 481 71
661 935 733
668 26 719
670 843 842
364 699 740
955 258 368
778 294 992
225 436 668
168 275 709
644 769 980
369 507 121
327 143 984
288 117 964
122 435 733
997 197 302
17 96 539
666 742 987
127 494 865
58 871 207
486 35 690
247 736 964
572 212 400
593 346 413
15 313 84
762 507 913
6 625 159
866 9 721
309 761 360
54 222 410
77 357 181
457 757 567
664 915 277
343 73 350
770 609 376
379 160 576
220 743 827
753 585 916
328 750 867
617 433 223
358 50 54
578 463 567
384 763 27
343 24 633
272 401 545
81 110 514
700 454 717
491 561 804
597 68 174
376 435 276
854 494 406
88 585 127
22 262 716
421 964 779
610 656 80
861 461 352
743 275 62
263 49 519
683 424 837
688 366 537
906 345 611
180 420 548
570 262 133
127 878 502
756 288 242
909 640 247
399 717 458
337 554 776
159 802 499
730 291 881
912 392 794
932 364 439
66 835 891
237 10 255
741 234 313
956 430 605
698 684 391
56 36 721
66 816 695
677 234 651
734 148 15
43 905 73
485 1 955
979 364 136
738 950 372
492 614 179
200 472 138
770 141 309
253 315 261
73 242 495
451 904 775
195 659 768
556 916 926
587 213 67
802 579 356
165 62 878
755 876 966
644 867 324
41 295 365
628 276 452
398 454 570
974 494 252
319 819 446
869 21 817
900 821 387
365 254 397
517 346 67
970 309 314
682 515 833
4 260 609
951 518 382
860 792 797
343 458 507
65 239 955
803 820 406
411 759 113
326 615 791
234 937 57
200 702 723
528 35 865
245 86 30
141 622 898
407 757 838
184 460 397
50 193 606
388 12 783
183 613 855
327 366 610
907 405 777
74 497 388
535 880 352
269 848 500
150 421 473
837 754 759
72 128 346
729 439 322
377 474 458
80 812 380
434 368 834
399 132 362
227 541 558
263 299 554
551 201 448
366 97 93
201 414 549
494 509 349
850 21 974
685 846 396
422 647 708
868 928 287
792 314 385
388 892 208
752 111 454
619 268 760
431 803 929
368 31 456
741 58 617
464 337 680
26 218 315
41 689 665
768 307 235
431 563 278
264 581 9
944 34 879
414 757 334
810 447 559
535 811 871
368 163 96
209 426 718
407 596 93
590 635 867
624 327 397
758 817 135
618 146 12
81 246 16
148 950 486
141 23 466
475 162 451
946 526 574
423 69 926
655 112 33
867 107 120
248 605 565
262 397 186
425 124 484
53 856 938
414 872 976
461 468 590
124 266 774
360 703 374
984 310 272
490 182 945
33 76 145
102 322 335
42 289 540
747 671 100
194 991 277
541 452 315
485 1000 245
339 293 339
712 788 674
676 895 65
550 574 121
845 321 141
404 349 346
901 557 369
251 175 202
254 661 117
324 995 164
419 439 528
42 573 360
857 410 474
730 704 162
214 496 523
778 792 944
731 181 282
981 218 983
172 274 436
784 719 951
199 217 567
877 629 421
172 749 149
358 985 904
861 302 653
346 392 301
51 3 401
678 558 775
154 292 747
202 996 577
735 917 184
646 759 549
671 250 569
556 160 471
592 799 165
76 99 679
295 284 621
244 503 137
30 75 488
710 132 213
408 512 271
203 965 318
448 314 582
642 877 913
139 693 882
124 104 656
267 548 22
375 336 647
34 123 779
881 142 591
384 339 393
894 181 474
490 533 503
212 639 69
114 625 8
40 785 724
57 342 138
22 795 281
194 155 87
609 903 30
957 288 168
35 169 631
670 48 145
93 963 67
255 414 628
770 390 244
388 960 295
29 347 868
545 22 295
1 880 26
400 899 143
909 752 38
963 394 945
590 373 82
511 771 921
821 571 311
848 520 216
342 190 161
413 809 929
322 746 28
828 861 460
132 896 851
53 706 626
798 964 744
820 119 904
313 59 490
95 243 807
649 0 948
965 415 406
905 786 312
375 26 626
966 698 306
850 287 209
908 429 195
163 107 571
72 776 554
984 428 553
294 624 443
737 481 534
839 763 351
384 111 400
868 847 866
793 689 739
978 964 830
697 243 774
873 785 559
685 615 270
634 819 658
345 514 249
358 236 915
540 617 375
452 817 511
171 335 569
196 965 349
70 6 435
332 296 631
924 250 925
501 765 845
449 222 58
188 275 412
854 706 806
975 388 384
914 24 775
353 93 182
955 758 747
712 869 846
85 412 165
68 661 33
437 543 523
481 234 357
411 225 306
447 577 482
184 464 167
483 153 618
167 787 555
655 409 359
971 52 590
990 924 771
681 269 545
240 989 356
634 51 846
317 552 119
828 196 717
851 166 603
65 256 426
172 398 246
227 109 155
688 434 784
242 432 547
284 528 487
42 622 250
597 966 560
148 723 653
389 708 182
547 462 965
917 670 274
157 5 830
141 55 534
246 950 331
710 967 275
599 304 303
933 361 627
279 689 785
538 129 868
451 778 624
493 504 183
601 358 498
309 934 584
892 884 300
967 355 686
758 601 546
215 779 901
940 799 348
105 483 460
286 6 852
704 825 394
536 955 147
745 16 246
955 685 862
225 787 624
749 741 680
73 97 815
588 682 613
537 653 387
311 518 868
538 844 931
609 896 51
872 239 252
6 188 422
529 377 115
441 990 979
152 973 698
699 645 979
695 628 655
354 261 880
140 331 327
274 967 732
372 416 827
306 450 938
306 487 13
784 519 387
829 463 239
415 758 417
353 473 67
843 523 978
625 879 686
125 320 122
244 853 171
206 881 455
268 1 376
423 680 180
93 157 896
339 483 261
460 204 452
2 531 835
491 396 303
238 56 664
609 452 139
53 235 395
407 526 574
575 195 24
530 494 693
579 865 459
7 109 206
238 931 223
416 210 878
307 1000 821
62 13 502
144 795 711
65 904 378
740 165 756
467 321 587
387 395 129
816 105 786
802 425 940
217 173 853
415 917 651
25 818 576
553 956 197
614 53 12
383 374 395
545 4 662
554 279 317
334 69 705
803 859 553
458 339 911
558 871 676
931 934 888
831 142 833
747 823 676
510 105 629
175 789 679
158 467 61
212 716 745
459 922 111
105 275 839
883 681 736
64 866 749
273 128 580
667 740 589
888 667 385
768 79 770
795 72 756
926 476 931
827 129 632
958 114 963
578 922 853
302 857 956
718 78 392
175 573 935
834 774 888
510 749 785
134 86 585
610 518 470
927 348 0
500 32 110
353 237 894
987 6 293
908 642 27
493 552 380
291 954 837
527 139 397
78 269 425
744 750 146
263 366 4
261 271 278
580 935 559
544 387 903
487 932 979
528 274 693
569 658 117
446 202 209
649 790 693
369 874 761
456 415 76
533 608 153
856 720 307
338 279 180
240 221 296
431 834 664
291 125 893
787 615 669
617 172 923
729 133 619
46 42 492
457 282 288
926 855 132
522 708 857
173 101 570
259 810 313
139 57 252
920 81 919
617 750 949
458 982 442
786 409 411
687 695 272
420 711 950
841 217 697
600 772 857
995 771 886
571 275 775
558 891 87
646 78 345
200 143 346
874 941 346
231 117 97
252 208 599
648 427 712
25 970 533
842 237 391
552 787 102
917 855 541
607 856 135
516 264 331
914 198 470
204 716 589
501 680 575
143 703 84
814 321 438
265 37 664
99 618 398
661 999 735
366 541 108
342 402 28
119 529 966
914 369 613
567 837 301
688 77 867
265 662 537
957 48 878
569 955 320
126 857 659
966 403 820
264 472 648
40 507 307
781 597 845
134 992 52
366 303 765
551 20 879
967 482 227
287 619 13
437 32 466
393 71 725
599 208 36
583 597 595
394 436 231
989 878 871
470 338 937
764 953 843
276 526 120
921 218 599
672 509 556
411 851 644
206 797 336
755 745 310
129 886 882
707 261 88
800 198 418
809 706 277
665 865 117
826 181 371
271 643 560
743 596 6
571 401 697
17 960 329
537 370 948
323 705 75
86 273 634
990 585 849
828 601 729
477 201 692
804 82 346
731 738 917
788 305 502
882 283 389
765 604 586
400 189 963
167 504 429
160 520 950
318 339 335
691 536 149
376 60 227
281 109 605
353 215 955
134 126 549
686 811 818
279 972 320
176 744 897
840 584 100
513 166 632
148 571 280
1 144 450
892 914 688
947 253 175
660 591 776
188 652 680
78 33 242
145 242 885
27 470 447
691 264 392
907 720 201
369 899 181
349 827 418
35 814 526
23 713 483
746 795 330
767 354 688
359 444 861
394 518 519
49 726 746
237 329 160
378 207 527
462 956 653
334 309 797
768 893 244
273 362 235
614 202 85
557 630 196
932 301 701
180 46 934
429 224 775
229 416 614
508 463 624
529 640 838
687 763 102
776 794 291
793 731 511
447 426 684
124 660 504
68 806 837
511 277 592
20 307 165
338 654 314
780 680 93
861 477 303
412 900 86
389 436 137
278 803 767
91 216 201
503 682 576
857 396 271
481 874 988
858 570 121
962 931 966
106 984 709
159 608 724
725 781 315
308 213 47
21 264 976
609 125 825
328 907 738
132 257 862
232 189 789
718 18 487
309 479 274
443 613 315
521 920 931
419 119 888
769 52 941
870 750 58
702 118 232
153 341 720
591 391 927
639 289 719
13 732 599
574 802 809
569 911 179
425 850 7
782 936 374
541 698 283
39 152 272
970 278 243
597 523 778
962 127 999
55 872 560
713 918 49
347 341 512
198 299 630
536 408 337
825 421 38
992 204 323
852 873 466
293 479 974
814 965 665
373 426 834
484 691 411
55 128 827
842 524 234
441 824 318
888 318 55
726 149 554
700 180 44
903 880 923
357 980 204
140 387 869
238 761 113
201 53 382
667 463 797
943 833 810
534 810 260
330 557 581
857 828 597
378 141 106
825 539 369
35 573 878
265 377 558
265 318 781
520 858 242
487 763 438
189 318 720
816 192 872
512 652 609
223 767 852
244 310 998
470 354 248
806 283 796
405 536 108
5 798 833
593 323 448
666 633 871
487 752 240
192 533 553
272 636 816
167 621 494
355 546 100
749 623 635
591 762 58
503 888 664
378 373 746
671 994 630
281 963 952
757 937 164
672 518 32
951 665 707
407 221 860
855 127 686
767 751 230
562 429 965
526 957 886
395 28 419
549 582 561
611 781 27
147 353 429
677 333 699
271 189 796
69 497 304
500 426 121
586 81 191
550 999 440
798 547 577
758 904 395
811 908 666
770 171 55
120 711 326
440 576 322
932 273 26
788 526 747
169 647 851
796 993 578
381 229 357
411 295 852
400 102 529
156 498 280
973 86 708
652 574 974
153 278 108
805 776 248
818 719 425
891 559 829
453 216 947
742 222 256
955 573 691
554 619 847
977 58 22
132 857 251
828 755 770
669 957 535
667 946 120
802 325 859
917 980 894
138 539 190
267 457 370
422 932 369
685 445 643
925 399 375
340 347 325
682 625 412
680 805 255
723 395 436
537 87 219
889 609 368
564 72 21
314 346 685
28 218 788
430 351 635
600 131 158
551 630 976
612 526 571
765 136 277
909 917 215
633 823 309
475 599 249
670 537 626
401 581 185
903 736 987
878 313 766
299 854 265
705 710 85
804 811 719
791 841 54
381 733 472
619 404 550
130 488 306
311 475 11
498 416 994
663 158 433
648 338 492
536 95 137
897 862 347
331 530 118
474 969 949
48 187 300
128 95 509
647 443 483
312 121 437
259 474 810
752 313 761
346 7 267
354 507 51
985 268 40
233 419 518
372 213 70
831 382 405
394 137 729
524 903 523
487 811 645
425 449 583
792 694 827
141 251 775
631 411 412
913 562 707
120 95 866
993 980 585
83 996 197
5 15 494
888 6 567
85 510 64
826 589 586
2 657 67
897 395 102
832 821 84
949 253 732
491 139 704
881 471 503
949 822 784
218 90 777
947 421 390
747 65 740
174 272 259
330 827 557
913 51 594
768 31 386
838 403 862
287 624 474
685 763 125
872 122 917
379 940 195
397 0 226
749 607 774
857 793 119
264 956 664
593 596 648
91 234 40
773 311 603
771 266 162
839 995 426
435 488 73
362 162 849
488 84 471
274 294 538
625 706 274
880 526 700
959 317 739
139 130 283
28 983 224
822 448 201
445 946 114
381 853 192
123 123 782
457 179 931
60 136 459
100 733 360
486 219 691
952 625 850
306 74 965
235 251 498
128 161 50
81 680 907
593 590 945
391 514 944
69 916 383
23 76 710
851 356 979
304 382 504
924 782 707
828 806 451
635 863 712
599 76 958
900 634 139
478 68 389
178 435 856
966 934 530
755 449 234
563 104 481
552 166 412
589 704 577
421 722 393
891 259 829
768 738 565
314 582 107
53 648 492
561 896 745
210 859 624
539 634 298
141 208 384
517 360 664
544 201 562
685 219 779
645 202 780
308 437 414
361 381 748
34 457 641
788 989 880
158 841 941
510 193 381
696 79 97
837 224 627
45 120 266
979 139 620
744 455 887
450 571 263
513 311 679
193 29 306
415 789 774
617 991 542
560 296 781
189 0 864
862 2 356
982 504 216
168 215 806
861 449 512
507 573 342
796 656 90
800 288 167
914 508 935
268 646 59
254 934 133
520 931 188
567 59 129
838 636 831
822 683 964
327 355 65
53 736 791
267 850 410
356 314 237
355 592 989
962 283 346
846 535 348
452 915 286
541 433 273
993 844 208
499 115 159
961 906 975
120 537 931
445 819 637
937 504 270
167 304 407
566 361 898
735 807 602
293 213 543
694 618 985
696 800 249
951 694 499
590 416 150
265 372 470
633 326 623
532 293 285
34 119 288
105 720 396
10 398 461
743 432 282
352 228 647
224 817 989
630 231 80
614 610 466
39 408 657
499 482 757
541 935 58
868 233 776
954 549 510
197 70 256
820 625 683
888 366 547
962 407 927
292 345 69
912 525 642
238 758 576
126 998 726
629 909 552
832 25 260
136 814 249
74 457 687
768 841 852
677 654 840
429 585 6
479 40 101
894 302 2
218 791 136
423 126 276
325 904 265
275 689 195
559 619 493
148 15 316
899 531 975
5 110 953
749 87 589
556 391 253
374 880 144
109 269 995
359 43 104
217 963 224
108 610 186
324 24 893
296 31 646
311 349 278
286 152 806
370 174 440
271 78 963
113 773 206
930 450 316
144 368 673
14 75 811
121 813 760
412 921 844
846 200 458
704 532 106
94 423 887
810 629 228
711 167 755
604 330 284
411 527 173
968 155 440
925 188 273
867 215 585
47 465 629
902 397 678
823 814 819
477 130 104
659 81 933
22 752 625
888 148 31
135 339 997
357 610 582
239 27 945
291 406 691
710 234 266
907 99 244
271 988 50
446 650 586
380 8 399
644 931 717
155 714 160
285 563 368
39 995 490
609 707 604
318 489 981
183 435 687
46 980 351
282 738 291
260 492 131
427 114 574
78 638 168
442 634 147
831 447 976
320 575 536
609 427 946
521 654 836
242 492 358
175 277 164
510 3 270
241 242 783
934 74 140
6 436 715
264 607 530
236 435 547
519 889 765
294 2 286
620 549 818
384 567 36
888 780 875
244 147 269
763 384 604
885 106 122
57 87 514
262 842 919
328 602 941
769 744 573
481 383 516
111 848 117
565 137 280
33 438 692
902 751 508
78 809 337
558 550 659
959 414 352
406 42 784
688 441 627
803 148 125
107 989 960
136 482 56
861 331 39
497 491 254
720 84 964
476 444 857
215 683 758
534 276 4
670 821 892
775 677 971
423 715 261
992 21 208
643 476 777
948 273 84
970 904 67
535 964 655
33 400 793
775 516 620
957 332 985
883 250 368
144 49 14
753 957 787
493 10 473
542 847 89
251 229 211
890 387 255
158 748 112
811 483 298
63 884 956
471 995 881
96 727 55
625 124 80
368 418 744
111 457 653
207 835 222
107 427 770
388 199 921
110 987 214
774 206 382
123 243 179
59 687 680
577 445 790
152 644 958
83 957 9
258 132 668
791 685 358
316 790 537
702 605 792
958 298 624
876 526 747
435 89 943
425 538 776
41 663 644
964 887 849
324 845 316
240 448 642
87 605 272
289 992 319
500 33 86
100 898 709
622 56 691
190 101 305
39 951 996
817 457 802
42 960 513
982 478 185
722 668 160
94 933 663
564 815 19
383 424 841
660 954 35
975 149 462
50 197 784
277 80 920
495 268 344
59 764 618
259 977 174
199 188 644
334 60 35
967 714 112
495 877 596
176 651 896
94 63 530
316 660 593
514 189 789
695 927 176
340 628 174
886 199 230
787 785 663
212 976 108
354 391 110
13 961 41
13 61 883
575 515 338
642 557 585
282 76 835
491 895 776
280 960 264
165 635 36
207 347 226
78 307 751
370 391 443
794 763 297
385 438 776
726 578 240
238 398 517
899 683 786
183 971 752
673 908 795
996 964 456
733 59 962
670 558 793
760 903 626
28 270 172
26 326 610
386 951 644
36 836 817
534 33 454
523 952 663
153 612 825
385 811 450
631 681 939
130 372 772
759 313 686
45 846 874
958 80 781
21 927 26
857 685 540
219 839 129
343 314 931
13 62 84
582 982 95
159 462 278
586 84 157
794 399 475
420 676 704
973 831 284
720 698 51
968 707 412
703 863 965
506 501 304
417 48 25
832 640 277
456 914 557
462 464 497
867 972 375
106 279 898
906 603 665
551 666 107
920 33 710
123 758 115
93 426 768
291 175 858
218 722 347
720 572 437
422 568 878
857 226 796
221 451 861
952 715 360
335 305 684
458 957 467
414 944 507
133 540 800
707 807 330
466 558 214
154 560 261
644 367 600
14 625 802
681 964 417
497 518 611
905 836 161
449 981 280
442 156 965
507 753 777
735 220 3
877 682 622
951 821 79
788 63 20
524 956 736
785 674 98
330 875 743
557 187 830
997 705 696
491 55 483
723 943 720
957 967 593
947 318 794
164 544 527
603 136 686
322 560 747
458 988 555
140 814 665
438 958 230
734 937 527
451 27 371
837 844 351
54 295 860
617 119 396
574 579 384
150 764 860
246 547 808
479 579 458
285 619 327
847 864 225
423 675 502
638 382 821
547 555 492
368 99 949
357 159 107
607 697 503
115 722 428
991 598 513
435 321 970
591 54 282
721 166 508
48 733 101
572 631 361
801 40 250
692 246 611
268 811 497
56 46 563
773 901 51
285 286 185
979 556 290
385 842 775
890 583 739
390 160 679
974 594 616
207 286 551
71 87 793
686 742 672
295 992 408
839 618 449
142 564 822
421 842 130
95 339 872
870 824 253
610 667 549
313 153 533
758 218 415
737 31 874
625 832 744
871 821 62
246 975 773
985 687 522
47 968 935
712 478 15
370 754 518
955 331 984
310 501 710
709 502 278
165 454 421
325 799 104
567 919 355
399 638 737
70 469 23
6 976 665
902 259 309
497 153 496
167 546 74
213 435 899
568 256 391
268 930 397
908 103 367
132 781 684
68 609 852
647 381 619
380 271 178
213 576 746
762 423 224
588 812 437
394 236 907
337 505 363
929 338 387
176 268 53
660 418 39
35 985 257
554 44 570
459 990 426
908 315 661
746 761 405
208 799 514
248 765 22
321 910 180
999 54 445
163 473 813
402 140 648
881 324 808
257 955 368
480 183 419
227 686 733
990 949 370
320 594 386
938 96 123
194 754 908
88 277 66
357 885 282
53 935 604
820 142 104
0 914 764
44 484 237
402 5 137
623 886 419
628 881 459
440 741 395
10 570 370
952 279 653
752 893 993
497 299 475
790 235 79
156 768 701
723 727 186
50 73 503
434 220 36
252 598 446
640 938 967
264 306 471
667 520 908
642 775 302
954 779 245
520 114 336
674 362 156
140 935 430
677 258 387
310 524 817
799 245 380
100 547 825
208 780 127
459 599 359
641 684 419
514 770 267
51 546 697
522 86 475
451 148 843
495 992 728
792 118 996
619 892 520
138 622 463
202 590 374
755 490 192
601 533 534
367 222 82
100 402 985
709 360 660
692 824 816
988 69 826
296 329 986
749 819 980
684 952 770
193 362 836
622 414 732
735 40 686
453 430 365
298 645 897
747 62 487
316 492 710
340 795 4
843 915 462
603 489 107
171 188 552
778 625 679
654 173 916
138 491 920
204 275 207
717 479 86
661 774 296
827 189 667
100 150 189
52 618 707
366 106 382
367 638 174
723 452 437
679 236 871
119 836 564
150 340 955
314 600 128
440 575 549
882 750 718
110 696 788
756 854 262
939 255 134
853 167 481
204 362 28
148 277 529
447 968 630
943 515 207
471 222 847
178 10 485
151 289 42
206 770 467
898 871 257
447 359 59
356 729 996
428 892 327
887 797 883
362 657 957
287 709 722
175 457 290
156 294 483
293 315 28
882 594 783
594 866 776
354 492 966
41 924 400
355 951 349
535 639 742
901 82 1
887 606 937
903 500 869
969 246 908
207 264 78
62 285 232
716 697 246
470 627 880
384 458 305
465 189 276
175 623 355
567 384 221
926 979 55
332 686 609
39 561 295
656 150 244
976 245 619
508 626 225
927 373 557
724 120 168
149 515 245
735 251 739
904 862 924
70 627 833
848 421 929
402 652 107
922 235 418
378 368 655
88 891 782
333 248 877
723 683 778
109 193 695
299 680 110
709 419 52
624 555 484
734 796 392
422 193 942
64 375 306
529 513 703
994 173 161
97 946 883
150 714 366
30 637 62
302 632 39
38 471 778
672 799 657
641 157 649
87 858 939
826 681 792
802 8 917
391 493 245
575 305 793
959 935 559
978 780 877
843 587 549
186 497 287
957 68 955
738 272 115
810 31 209
769 801 644
47 825 221
172 182 648
32 247 319
498 728 135
863 714 332
627 299 770
470 270 50
593 518 970
49 661 802
741 630 565
886 890 821
284 336 268
184 162 618
680 370 324
864 132 714
987 102 436
564 556 588
277 866 260
610 126 400
881 309 436
687 372 860
180 704 344
494 205 418
990 896 907
275 214 281
280 275 577
674 353 902
103 8 839
283 457 689
914 493 405
185 726 696
506 676 385
731 194 457
136 362 149
551 537 221
993 920 769
491 917 849
781 522 915
576 844 87
976 942 171
296 689 255
347 834 678
362 450 848
490 419 672
828 853 369
482 931 254
433 670 103
110 509 582
213 110 314
805 408 226
576 457 753
301 894 828
529 742 420
463 906 93
78 283 414
567 249 860
786 480 467
211 954 708
654 657 459
64 233 487
280 464 230
291 912 500
935 881 622
396 187 250
281 543 324
176 860 640
393 910 947
585 920 569
188 333 303
634 79 144
233 618 984
255 360 918
748 252 786
685 53 633
236 736 179
695 327 910
293 866 833
109 207 196
992 80 979
219 483 452
875 290 7
520 832 415
500 101 691
782 554 706
96 251 480
26 271 510
774 804 580
219 900 714
136 408 824
803 349 843
325 842 88
890 754 996
962 639 368
464 406 885
217 214 727
688 936 725
500 630 703
919 141 663
515 495 558
763 123 207
65 700 645
980 78 869
987 288 714
969 9 293
830 876 214
476 685 194
467 539 178
984 609 494
878 948 380
306 206 511
82 786 693
140 745 95
834 43 233
646 210 208
630 942 844
78 694 955
677 831 80
500 166 43
518 275 194
930 48 332
109 933 468
163 11 353
388 271 951
836 32 738
21 352 87
678 982 991
815 910 910
2 815 506
966 777 82
608 217 840
648 39 695
78 651 992
480 834 606
469 41 78
356 477 544
150 393 639
16 626 112
965 900 342
75 462 269
481 957 743
459 995 923
614 419 749
285 535 467
522 941 535
711 363 612
19 845 258
41 462 162
829 118 429
548 154 693
30 56 909
108 787 785
714 73 934
259 576 711
543 603 25
888 285 365
787 767 183
36 438 302
237 356 712
276 854 360
152 165 364
786 95 644
796 927 129
937 512 760
416 320 284
665 93 88
177 793 275
800 793 692
409 775 731
107 810 542
495 91 603
977 531 287
655 101 204
532 903 845
924 380 437
813 65 717
120 264 11
707 334 535
981 740 861
344 409 541
179 314 992
866 341 137
694 325 604
941 935 568
130 889 424
917 409 277
735 961 190
611 689 461
956 269 802
917 112 391
352 109 72
170 964 696
440 661 997
765 386 467
807 730 1
392 560 230
242 873 596
677 505 342
610 20 610
396 868 692
744 427 304
684 286 692
107 99 942
680 418 205
243 946 535
407 148 4
580 289 656
955 834 239
808 837 411
945 601 657
321 867 601
902 386 840
64 789 577
434 893 311
316 625 892
977 951 459
689 842 983
470 35 366
570 37 812
703 291 884
868 693 399
385 414 516
785 44 661
103 25 338
554 379 794
706 136 974
514 856 20
195 682 921
994 949 871
631 729 858
860 523 322
349 35 13
788 157 591
641 964 814
467 236 964
13 150 607
868 375 11
360 725 794
571 435 324
28 753 126
137 298 672
466 398 944
129 923 581
914 751 994
706 835 40
828 873 689
188 747 752
42 69 884
277 497 511
663 773 606
354 658 476
243 377 378
816 268 435
621 532 914
545 574 869
733 245 95
207 337 203
973 697 7
965 127 991
943 247 765
192 955 374
308 757 483
253 56 637
26 331 817
601 398 622
282 333 607
150 529 324
10 389 482
435 204 683
51 926 676
881 673 643
771 153 683
376 520 267
322 979 210
963 178 674
308 684 251
705 864 953
971 100 345
412 671 765
356 247 705
333 237 741
989 466 724
948 240 401
157 497 794
139 973 811
599 774 758
375 706 75
730 164 294
97 138 154
207 207 561
234 157 548
995 677 930
680 759 371
55 171 185
221 342 815
464 817 915
311 950 109
536 422 421
655 279 276
425 75 995
942 990 320
81 94 204
422 155 387
434 420 771
927 200 752
936 511 78
822 533 540
155 361 239
498 572 427
480 610 950
682 227 87
546 825 823
823 942 584
569 40 269
452 279 857
561 651 49
529 745 101
314 984 153
714 866 897
955 919 595
401 539 629
6 715 770
431 381 423
193 127 615
426 692 915
178 950 132
57 4 564
195 827 76
733 51 393
273 844 758
267 547 261
630 885 673
692 723 68
147 602 87
54 790 867
780 89 486
284 816 983
542 591 741
184 340 48
688 623 508
0 978 157
824 178 675
598 603 720
887 543 537
288 997 413
801 832 505
672 736 623
120 348 836
767 528 111
221 123 860
783 102 78
983 122 69
819 582 603
583 530 97
335 284 319
768 123 773
719 134 94
190 840 130
498 394 915
780 435 916
780 844 187
362 136 376
647 208 78
501 399 488
808 157 762
585 875 767
35 229 870
119 367 280
114 749 760
62 230 887
670 245 267
631 934 651
849 738 507
465 869 860
527 643 61
107 129 519
724 81 0
143 262 551
198 118 679
743 299 215
670 218 773
632 461 922
741 308 219
836 366 834
501 176 665
111 97 241
867 205 575
982 268 8
723 803 320
783 165 368
443 908 512
383 604 498
195 572 757
34 740 610
863 367 534
483 353 361
978 873 47
298 801 278
669 327 18
529 154 90
305 360 354
482 335 70
131 728 86
203 149 38
466 104 120
165 391 836
375 530 578
216 509 83
178 549 172
624 659 881
375 559 435
318 981 480
550 296 598
264 580 860
674 144 759
668 611 142
693 651 806
966 69 220
454 58 171
613 582 691
73 222 597
69 444 856
972 140 627
432 104 599
968 123 30
768 682 317
607 517 803
868 534 534
769 778 2
863 467 703
144 224 966
167 330 914
592 185 312
588 323 456
866 812 514
357 402 646
216 134 641
507 242 549
213 165 238
501 715 177
231 93 632
49 216 695
689 646 742
112 342 310
385 327 634
342 196 382
908 582 852
808 842 379
368 366 682
537 803 988
126 610 761
237 776 613
403 360 515
628 8 913
405 100 150
395 14 854
383 191 302
190 219 986
797 449 118
418 133 959
669 250 811
518 558 557
541 929 645
213 534 523
36 791 866
944 223 3
490 501 403
630 742 296
750 217 361
799 903 353
865 493 870
436 978 876
328 107 330
481 658 327
131 805 787
983 676 558
118 216 959
691 517 730
337 793 989
667 795 280
809 135 299
258 656 380
865 390 560
50 776 976
697 683 991
170 579 592
450 707 522
97 284 458
723 252 417
639 350 12
219 213 473
69 468 357
33 461 34
397 60 94
688 725 876
270 889 892
74 891 594
720 901 214
671 457 453
798 1 843
961 182 628
815 35 277
779 992 305
30 716 391
908 611 120
946 187 793
827 236 521
26 340 541
722 581 925
83 714 339
764 606 979
663 981 207
138 381 24
733 874 254
214 122 630
592 985 655
877 146 264
33 95 457
865 850 543
635 255 621
659 401 993
512 637 916
202 653 195
343 713 642
122 673 682
918 763 897
378 216 389
591 336 242
104 0 122
194 550 411
363 6 680
648 775 314
757 49 628
113 409 354
514 225 255
743 817 768
908 885 719
151 115 860
18 600 122
322 880 984
279 561 448
73 169 130
532 540 477
260 648 669
588 678 16
681 821 866
10 494 30
576 37 320
978 982 955
394 542 38
206 134 339
702 484 968
748 118 652
665 169 521
23 267 883
733 979 849
37 479 1
24 455 399
273 465 984
406 926 792
878 450 127
461 658 972
776 821 997
713 772 797
579 706 159
344 754 744
441 277 861
790 876 838
670 535 391
855 971 774
229 764 242
381 894 913
387 798 325
674 891 132
52 765 289
931 306 527
102 5 535
714 508 899
256 81 346
797 846 963
322 493 712
930 551 263
369 935 34
39 824 468
967 23 785
529 159 833
568 443 493
931 736 268
24 510 330
734 927 698
691 725 733
256 910 788
398 17 655
563 558 909
54 905 201
992 638 912
98 451 439
733 823 169
248 250 715
434 342 88
35 807 743
684 216 859
489 939 229
584 958 851
362 459 332
365 320 864
846 805 588
272 991 685
490 687 818
924 565 889
305 813 582
821 992 3
640 176 790
257 604 967
769 28 69
939 858 0
865 294 29
579 185 68
627 338 211
553 299 295
994 928 363
214 691 31
235 54 228
881 333 299
107 976 546
562 188 198
934 939 959
172 46 534
553 893 399
519 905 708
764 895 480
358 961 310
428 479 774
9 409 676
429 805 651
224 603 521
705 910 264
357 130 105
170 20 520
879 330 611
356 477 886
255 233 720
813 829 837
995 863 92
806 69 455
452 45 397
135 777 831
666 332 11
581 630 341
273 98 558
583 290 675
606 978 291
877 193 434
285 275 40
431 259 785
196 170 468
205 165 725
99 810 799
536 160 482
393 573 225
386 213 793
987 916 64
323 745 913
330 6 429
552 683 6
261 548 606
162 479 503
200 424 985
222 32 619
639 383 2
732 837 522
540 142 42
675 548 800
400 67 931
943 375 456
490 788 323
475 303 229
535 389 230
911 69 66
351 128 452
220 246 37
943 312 197
999 863 885
561 830 733
6 101 912
394 831 854
985 149 694
361 711 128
343 33 42
366 569 352
205 598 388
230 506 488
113 670 444
132 588 368
616 141 611
366 6 500
852 606 804
694 801 695
854 196 809
846 915 317
158 22 309
762 655 166
69 904 226
571 911 677
359 896 109
905 432 13
286 55 415
466 426 730
127 579 787
371 887 594
1 905 663
782 417 113
96 543 747
767 304 311
19 605 776
2 271 309
816 878 514
119 912 120
66 268 90
756 551 867
664 883 4
897 28 129
365 417 74
877 994 780
404 880 273
109 976 283
527 692 67
651 410 82
275 986 208
738 121 195
152 534 383
743 727 68
559 389 830
672 216 631
85 757 366
401 42 223
881 75 792
643 724 549
908 639 391
234 888 587
332 220 410
191 481 572
932 984 153
713 460 314
846 184 844
386 586 289
288 649 857
109 30 779
489 528 793
92 68 346
571 627 551
238 657 108
910 587 590
677 617 682
604 149 360
324 594 879
664 832 13
523 231 17
604 574 647
306 942 996
723 234 182
185 366 368
72 360 99
313 358 737
170 424 438
474 807 885
466 457 121
84 261 361
970 218 419
911 810 995
623 542 46
20 712 49
861 173 995
459 797 7
339 908 657
177 182 997
220 241 478
892 651 368
173 639 184
200 785 853
492 333 689
299 825 368
186 447 323
838 512 34
798 227 904
381 534 583
172 846 936
805 441 834
709 855 830
271 826 752
3 234 837
607 349 528
423 435 435
2 368 700
402 337 648
26 425 641
276 711 64
405 33 414
801 710 155
310 797 231
34 266 745
649 11 275
826 86 882
824 93 993
428 167 863
609 327 701
76 897 648
193 262 927
154 796 35
838 333 210
400 81 61
78 317 663
687 524 544
778 291 624
622 367 725
374 843 794
891 598 904
20 225 295
291 695 778
224 135 892
747 353 849
253 106 472
701 54 187
92 190 767
520 326 246
602 930 434
22 638 962
252 897 151
8 936 202
836 991 49
576 105 550
657 186 883
913 871 506
656 297 498
649 319 382
722 992 3
353 998 390
188 313 682
697 237 741
286 362 425
871 505 835
576 315 841
695 910 303
471 412 516
38 857 996
794 632 71
95 784 485
673 715 728
779 495 697
661 328 67
58 113 160
876 825 301
909 85 630
171 227 92
565 28 110
968 22 426
364 613 491
204 808 384
429 598 943
112 319 709
316 589 233
212 596 108
809 627 494
438 789 46
580 691 308
748 702 322
776 222 721
695 116 285
841 650 686
403 987 859
580 46 286
952 729 638
462 704 505
197 618 706
785 339 752
552 607 289
213 484 522
529 762 244
290 242 903
614 200 65
776 201 855
852 423 143
834 91 792
498 309 369
220 462 387
693 544 450
392 892 117
373 29 163
727 63 365
43 927 111
536 971 336
896 265 464
786 768 846
473 439 72
99 411 62
284 927 115
694 342 697
761 292 78
540 538 932
836 295 751
994 25 846
283 405 476
412 470 203
814 816 544
556 640 4
340 572 258
88 358 483
533 950 325
520 613 257
843 62 641
116 310 758
895 950 434
22 112 814
342 567 306
905 589 393
973 255 909
723 203 649
590 734 39
695 388 411
95 58 913
951 214 985
622 314 898
563 173 635
791 331 863
414 90 137
102 576 449
730 223 206
579 506 661
452 380 431
573 401 251
338 918 631
15 237 893
236 699 15
251 41 729
141 275 186
965 961 983
788 471 149
513 322 444
382 579 967
512 962 932
745 883 337
975 246 63
489 547 781
718 300 315
345 284 759
14 399 823
412 176 620
62 248 586
580 952 163
620 886 827
57 982 145
541 409 273
438 502 388
57 601 814
531 755 830
7 178 632
245 498 202
621 924 598
4 672 39
889 998 234
675 53 508
450 398 727
751 634 729
633 839 736
336 916 478
93 91 453
469 750 935
623 427 358
332 567 814
1000 216 772
416 178 367
594 677 986
1000 998 979
541 630 933
426 206 948
431 128 347
924 232 495
910 420 63
363 898 678
477 445 435
114 995 23
85 458 745
533 640 860
906 74 601
538 976 425
56 416 344
498 528 44
315 416 265
320 261 146
546 869 889
283 67 459
792 860 1000
865 440 100
276 422 969
371 887 605
311 130 372
99 223 144
367 522 850
831 428 311
522 976 67
859 546 579
603 989 394
201 485 907
717 953 247
362 356 166
708 597 861
571 699 861
437 801 243
938 668 231
352 984 564
632 549 518
797 512 584
306 477 29
424 760 455
465 594 427
987 973 428
525 483 961
692 555 303
263 731 509
917 586 428
503 582 385
119 537 148
201 41 555
407 84 258
705 517 346
570 721 567
143 646 440
242 290 602
643 384 501
14 245 511
937 672 513
697 298 163
812 181 468
14 679 427
687 410 858
608 397 91
824 994 865
291 866 721
220 327 431
992 557 583
129 412 223
849 33 15
338 437 288
764 705 239
191 452 981
138 698 691
421 968 315
313 100 938
689 700 753
724 173 283
942 752 729
770 151 444
714 733 423
969 39 946
468 863 661
340 553 16
984 477 198
82 247 543
135 870 604
729 570 134
457 746 320
863 637 490
783 471 541
17 207 88
425 55 901
185 15 723
942 525 289
652 374 394
431 869 522
430 505 56
550 208 508
1 418 912
252 635 780
170 345 926
248 737 294
778 555 886
595 364 296
251 592 229
515 886 254
126 956 894
905 989 675
53 597 634
129 3 516
223 33 577
41 112 781
342 82 9
548 20 512
674 115 820
296 134 722
923 623 359
628 28 372
731 480 657
54 58 663
12 204 608
177 823 632
44 983 893
991 840 775
767 671 614
403 719 509
515 12 938
160 55 863
499 542 330
97 164 917
120 796 452
392 847 47
617 651 3
97 21 636
494 815 558
373 903 853
182 568 726
656 327 633
85 646 982
95 6 387
897 947 859
195 620 669
622 988 172
356 378 469
550 318 615
385 513 292
248 582 231
630 7 185
474 418 765
742 163 133
469 281 904
443 706 41
457 145 346
418 519 420
596 357 813
975 661 314
444 456 732
982 461 177
628 349 504
149 830 96
304 823 980
19 32 541
43 610 121
900 896 326
517 141 581
598 520 786
254 412 719
951 829 619
59 217 372
219 220 82
160 245 592
900 547 150
404 953 954
849 808 945
627 745 259
896 814 436
627 259 162
919 561 530
304 191 183
780 707 692
753 41 46
786 390 543
98 264 121
794 364 516
148 974 821
542 758 454
465 327 957
84 394 435
275 924 741
108 750 262
89 137 578
265 54 435
367 351 989
126 586 34
485 944 639
632 864 621
262 386 121
263 826 258
522 398 751
403 111 626
260 314 329
167 410 307
662 961 26
861 680 504
15 178 293
199 802 474
261 606 514
514 585 615
649 819 36
536 804 629
603 288 970
95 251 126
423 31 138
177 770 274
56 594 596
286 518 327
335 396 479
460 328 329
753 565 238
550 233 852
107 713 53
743 913 185
379 629 782
703 741 115
683 538 913
807 879 462
240 154 821
708 951 271
670 984 224
710 118 863
629 620 712
72 783 669
505 543 662
847 449 532
531 73 38
387 806 600
598 337 93
977 764 984
648 612 512
30 931 152
117 771 321
495 979 457
655 301 272
544 377 910
710 544 197
133 597 219
369 761 397
47 156 728
178 993 536
419 342 390
611 705 731
299 515 599
351 357 441
589 563 596
666 957 963
911 451 428
420 533 905
789 610 442
125 314 383
23 458 526
855 799 168
607 976 546
66 246 257
817 560 963
17 668 817
758 729 301
968 792 312
454 516 965
197 478 665
185 646 20
117 946 908
422 84 463
496 606 446
877 663 857
485 672 231
576 71 394
280 34 683
936 738 912
391 631 569
358 532 232
133 48 908
23 100 570
901 596 35
732 479 642
261 652 696
810 252 428
315 485 775
722 495 213
493 96 595
669 108 454
867 626 781
682 435 76
773 640 589
148 834 348
447 46 759
884 692 145
738 918 141
727 706 426
80 211 913
69 748 140
489 16 927
618 126 874
539 848 365
623 533 492
727 206 845
667 784 32
639 556 749
334 820 576
307 46 723
91 576 45
194 712 281
515 484 256
852 84 54
293 956 169
736 881 844
392 601 137
4 831 431
879 639 432
176 878 605
350 160 618
118 461 368
865 340 618
888 25 203
52 292 763
623 321 810
670 145 689
535 223 359
358 170 212
361 793 980
159 646 314
718 604 780
979 96 402
992 213 451
580 1 474
185 922 672
878 1 211
167 481 390
829 750 184
407 727 158
361 826 884
255 972 42
711 784 715
131 153 267
116 629 635
677 847 799
361 217 224
835 596 121
374 519 560
182 623 908
368 847 741
281 885 952
250 555 20
788 295 925
173 992 881
74 943 770
612 270 136
728 452 827
375 111 144
415 720 229
758 109 879
935 285 372
216 475 826
987 996 645
956 51 249
93 59 807
82 603 65
409 476 656
602 390 907
118 819 526
897 979 324
58 889 322
283 100 88
337 934 558
55 731 809
699 529 520
413 298 304
52 370 173
247 607 841
169 544 107
448 255 175
927 69 722
481 493 16
597 512 787
264 862 744
63 851 497
912 602 122
969 745 895
53 461 270
223 396 846
1 590 509
944 573 997
424 255 878
33 441 738
968 679 335
54 905 912
237 78 321
534 47 927
159 811 48
855 542 426
846 811 497
279 555 338
820 148 646
363 987 612
488 556 957
164 231 287
631 489 614
364 638 949
241 245 595
36 113 413
128 301 858
12 47 374
417 276 169
892 544 948
66 313 818
98 337 589
249 697 590
735 429 728
675 499 409
118 514 13
880 632 86
261 455 254
681 967 556
634 197 790
334 387 325
959 750 761
267 972 264
678 772 840
58 431 977
619 683 709
654 877 814
819 935 966
570 677 201
683 203 625
151 116 600
880 307 45
533 145 155
514 170 450
946 224 968
663 931 777
545 831 351
713 68 629
925 812 591
664 640 571
791 133 597
432 232 734
345 323 893
362 683 525
281 205 483
727 865 36
529 350 119
496 522 407
603 738 950
571 911 372
800 875 319
226 903 907
684 520 914
356 233 4
112 149 37
29 261 80
12 648 617
816 309 275
58 839 760
149 894 967
56 339 329
688 762 563
878 627 334
211 786 991
406 823 799
270 771 480
963 782 366
405 975 572
327 16 240
78 232 297
706 276 974
847 242 350
920 560 157
16 853 210
811 269 583
205 904 826
922 826 838
173 396 861
617 58 710
655 45 99
844 345 367
44 992 653
952 24 7
684 746 73
150 355 656
717 22 79
735 884 305
746 665 318
460 976 738
636 164 676
188 93 580
601 151 219
567 374 197
95 27 884
300 277 485
363 880 508
191 829 430
321 239 33
274 902 647
470 788 815
737 896 207
41 343 669
285 777 836
561 246 210
223 684 378
541 229 303
306 287 308
64 180 224
132 421 421
866 244 771
121 737 511
425 321 500
452 433 347
644 148 901
746 816 101
362 493 625
377 709 165
370 431 997
37 962 57
54 855 864
736 161 619
33 983 588
922 607 598
976 926 584
140 805 292
22 169 147
957 562 268
349 852 411
703 296 390
975 222 804
504 407 920
719 744 484
343 69 688
157 256 986
365 485 660
456 140 514
784 654 6
645 490 663
669 918 82
494 929 607
593 650 843
884 82 555
541 671 683
552 445 347
357 93 681
341 731 28
708 750 142
985 389 358
769 418 704
859 295 408
505 92 124
888 789 641
794 630 904
6 280 908
405 290 551
45 862 901
680 914 753
559 453 444
378 304 633
148 868 988
837 588 499
250 518 568
928 157 655
176 8 884
975 928 323
910 300 744
786 594 60
19 405 239
531 496 900
129 272 895
409 277 780
439 274 756
946 799 326
599 48 717
696 688 120
106 182 734
571 279 968
754 745 590
317 618 565
523 617 298
234 540 365
699 304 826
491 731 868
861 210 925
683 647 481
644 343 523
283 550 295
674 285 267
607 327 485
878 383 687
728 411 201
541 551 440
30 651 885
716 524 531
88 541 111
969 663 650
364 305 626
956 634 152
202 802 310
225 282 721
187 176 976
413 978 752
359 521 240
660 471 365
57 638 694
393 510 609
354 546 654
373 599 995
174 796 651
880 81 38
854 791 139
887 50 362
6 253 95
715 650 206
321 48 75
247 900 747
283 123 357
518 514 57
248 872 47
106 513 102
49 956 126
896 969 134
476 921 580
821 65 610
878 56 520
71 844 607
146 855 455
806 763 837
45 800 418
612 741 460
886 551 126
347 262 237
747 649 660
651 59 592
534 897 529
568 293 97
559 23 495
11 850 223
766 573 14
772 481 176
423 744 8
460 834 420
403 397 412
856 952 965
624 691 104
591 455 312
479 786 297
276 968 316
523 107 459
540 498 583
183 857 144
102 341 528
878 450 717
891 844 639
313 269 128
688 112 352
189 807 11
531 449 311
66 648 33
932 172 673
181 27 124
460 247 358
43 913 185
437 441 266
186 979 997
497 742 392
611 902 536
393 259 964
461 247 246
282 776 511
447 988 441
930 686 657
842 303 162
777 849 162
975 827 408
833 417 743
576 707 451
410 791 948
192 15 907
850 645 721
39 946 918
305 549 693
246 199 680
740 531 54
243 567 502
792 755 161
965 829 864
375 342 18
216 888 356
329 526 211
474 297 590
805 542 656
529 55 712
283 223 517
799 533 829
685 821 577
746 342 612
791 604 904
169 173 248
529 775 892
469 450 655
886 40 956
597 83 35
322 409 248
249 776 733
423 654 861
493 505 564
861 485 495
60 333 843
412 932 200
229 503 244
979 695 562
952 536 449
509 6 118
628 56 727
30 602 237
241 252 506
591 317 357
657 40 183
461 49 532
126 294 273
866 475 131
356 438 796
257 758 415
310 445 942
259 853 746
598 941 603
362 426 566
89 719 701
423 286 675
884 484 874
466 489 943
62 59 188
806 15 487
144 168 328
908 916 269
826 675 78
891 440 432
607 570 989
696 804 396
652 193 223
352 268 723
20 804 16
670 409 312
371 498 396
750 223 28
351 858 686
564 48 153
109 631 984
413 128 361
176 979 842
511 534 220
702 475 54
417 388 473
639 483 627
893 569 306
180 320 994
934 987 952
984 990 264
598 802 28
262 67 883
943 813 277
880 995 185
616 264 110
389 9 308
681 382 798
162 698 865
897 194 712
920 417 374
593 491 496
991 511 549
49 846 966
745 572 171
549 708 194
493 269 423
944 300 619
152 276 608
458 449 493
868 554 422
969 908 30
467 182 741
867 639 168
436 628 445
8 306 75
415 410 660
330 521 285
914 284 2
318 769 590
954 777 967
488 358 398
141 434 282
167 55 63
353 476 259
191 878 684
796 775 644
23 951 983
751 19 312
919 791 338
848 266 895
612 897 471
180 201 23
729 571 292
317 354 598
842 63 434
444 686 843
625 529 689
834 960 399
410 201 452
745 121 39
644 869 127
17 703 257
593 133 742
293 454 679
231 801 410
679 970 321
718 712 112
27 848 336
908 264 866
618 785 559
983 367 43
250 171 888
472 895 586
83 685 598
330 186 38
571 915 406
370 748 942
289 343 517
645 205 519
986 118 292
902 988 211
928 256 776
690 720 816
452 817 19
189 280 90
313 896 171
775 960 245
483 221 387
916 699 873
113 818 760
280 944 204
233 322 834
270 153 875
938 741 841
541 308 191
494 347 715
659 919 968
881 912 457
797 401 143
174 458 365
355 662 85
456 434 644
393 998 355
997 311 95
598 269 635
956 794 119
963 816 566
842 677 779
714 572 387
449 562 510
170 304 496
340 404 6
13 369 790
201 949 836
435 983 749
418 841 980
864 771 195
177 213 255
841 58 552
486 551 607
644 359 388
186 182 675
737 408 98
741 78 175
475 653 903
60 497 812
401 874 709
636 897 982
205 639 570
279 143 99
60 99 20
192 583 287
673 885 697
404 632 213
428 383 461
259 581 572
437 173 79
516 437 450
359 286 817
371 291 242
395 199 736
354 276 819
359 510 473
568 117 491
694 388 564
225 910 208
162 724 922
753 825 53
909 16 462
678 954 295
415 518 101
642 805 468
957 123 17
662 662 806
315 782 692
743 193 453
702 124 48
552 519 539
825 72 279
801 334 199
531 155 631
218 33 936
374 404 111
427 546 636
299 369 76
890 668 927
585 177 280
24 239 147
500 783 637
72 952 934
121 792 830
51 124 715
438 70 957
966 779 385
901 721 130
347 620 573
164 555 560
57 142 635
188 669 378
474 401 194
976 927 226
162 702 238
864 372 601
48 627 72
636 175 11
837 160 932
167 26 804
913 773 53
568 254 1000
764 338 771
126 906 624
196 967 448
112 184 226
415 450 41
806 748 290
525 36 366
633 839 430
539 903 152
654 389 806
654 391 377
317 595 142
285 210 661
191 944 83
718 183 997
903 892 748
692 233 736
842 403 2
809 528 798
743 574 351
69 738 59
591 738 977
803 292 401
649 12 16
720 815 541
819 607 407
637 508 51
664 862 474
729 261 281
758 515 254
613 734 371
297 968 302
554 882 916
743 963 9
122 177 979
194 26 298
318 777 759
513 82 974
847 852 744
492 306 588
284 607 42
701 383 474
228 626 681
668 627 809
239 336 545
395 805 119
723 860 205
464 296 674
741 145 275
708 241 906
307 404 86
57 745 276
661 805 80
80 791 235
679 599 709
304 965 416
161 860 730
638 619 232
340 364 120
379 849 561
58 744 791
90 145 699
98 390 671
62 819 531
455 144 548
850 719 939
645 204 361
929 520 437
830 79 956
20 234 811
666 846 949
206 917 634
108 205 623
179 125 916
9 500 741
850 482 856
280 962 176
229 851 333
767 119 643
701 297 758
288 928 243
517 17 502
914 891 917
97 203 895
392 19 436
91 353 782
590 389 747
940 433 897
982 680 808
994 407 32
403 682 122
779 915 499
633 900 297
439 437 611
793 648 740
759 489 518
409 170 32
264 349 364
197 114 799
857 229 690
827 685 219
971 311 158
735 634 721
50 635 984
81 691 586
902 172 485
19 902 570
551 943 347
999 131 617
485 956 252
320 175 218
715 285 511
330 217 512
372 947 231
716 451 132
698 982 516
345 989 69
630 110 54
384 160 907
1000 492 918
952 794 750
745 978 635
656 189 190
22 563 58
45 386 120
325 731 77
882 392 801
625 994 595
185 478 928
615 593 847
915 508 731
146 505 760
148 102 409
94 263 226
145 445 273
594 406 691
417 244 299
850 452 597
488 215 49
882 568 823
48 470 341
288 653 680
386 42 911
100 452 895
196 372 244
752 117 265
508 319 476
870 506 271
996 688 241
639 999 375
252 547 797
936 393 70
503 801 489
512 408 762
348 68 374
126 6 732
382 170 545
551 306 864
802 620 530
532 940 350
747 364 618
374 610 225
960 382 371
634 454 483
441 649 634
977 98 129
979 860 251
68 754 634
445 656 775
629 477 301
388 580 498
354 519 325
380 830 319
360 640 564
282 725 886
486 893 522
733 573 897
240 68 559
211 900 957
742 931 236
20 156 659
468 352 727
322 78 538
492 304 878
932 890 129
907 402 199
814 280 833
130 165 937
661 692 111
690 527 661
621 128 809
895 491 800
206 999 366
712 843 691
262 630 952
864 128 990
754 363 565
837 166 641
756 520 67
765 913 896
898 646 15
202 503 614
60 358 65
709 723 778
158 345 722
424 155 280
713 289 927
602 877 217
540 93 514
996 841 243
252 506 393
385 474 570
549 475 106
118 649 902
796 881 509
313 673 226
830 508 609
247 937 568
467 832 573
962 2 34
333 820 775
324 698 693
507 603 390
152 284 379
751 427 798
729 574 641
777 547 6
950 460 343
798 53 362
60 983 320
17 114 306
820 647 839
829 309 164
469 732 716
342 443 323
127 564 180
402 263 270
62 316 353
659 810 735
390 460 466
458 704 484
907 470 445
85 668 625
234 832 394
948 51 707
853 827 855
688 315 780
191 558 463
606 226 192
569 627 897
992 225 847
910 569 495
543 399 754
322 341 811
87 498 813
829 62 296
913 72 268
450 453 214
33 846 27
906 860 50
928 784 51
927 285 348
829 462 663
243 19 138
615 143 988
328 638 336
506 84 775
491 54 705
76 389 476
358 838 169
318 741 186
152 300 152
638 143 939
721 266 320
330 315 334
751 312 820
367 729 579
360 604 891
213 917 289
82 42 259
238 820 119
992 779 857
268 887 835
443 970 937
778 868 248
131 861 536
383 11 752
651 652 398
445 789 382
767 788 21
393 234 624
542 764 619
784 986 94
654 134 664
178 9 909
982 750 870
182 306 868
389 492 809
575 282 127
137 799 134
604 184 31
103 904 963
128 625 520
147 147 801
598 245 646
943 818 48
771 709 119
248 198 18
873 484 151
980 89 32
480 651 70
308 90 472
989 772 432
498 820 223
371 381 620
42 96 743
732 478 358
845 603 245
121 737 893
464 90 527
387 608 829
98 488 105
98 502 240
345 804 387
861 58 354
345 318 683
986 276 730
816 827 559
816 217 703
369 557 563
622 646 973
822 287 421
16 591 354
231 686 674
371 947 859
527 443 462
274 238 650
502 303 763
832 514 339
850 941 858
583 35 589
696 271 412
774 588 403
635 529 436
81 606 356
5 379 36
240 381 591
986 100 466
513 563 128
789 405 414
573 847 65
174 35 647
208 331 573
558 784 494
207 174 919
88 685 893
757 845 201
21 311 548
335 289 488
805 428 942
84 977 380
468 114 321
786 287 181
619 84 298
468 456 609
154 690 913
851 793 713
374 70 745
393 507 34
30 232 407
467 455 549
768 915 778
974 270 483
324 363 469
824 822 598
297 379 53
65 423 396
242 910 175
715 338 844
47 603 438
197 794 702
253 672 23
273 983 32
712 238 996
758 34 493
151 718 580
936 29 817
449 676 688
832 565 433
597 617 239
519 520 567
582 396 211
375 51 334
150 974 331
575 486 81
749 693 160
995 207 871
379 621 770
825 682 689
870 214 403
817 728 908
68 776 907
153 1 327
232 503 713
276 30 285
930 777 897
605 662 344
974 284 735
899 181 613
863 992 311
761 470 932
25 438 622
222 86 765
329 638 942
578 359 109
627 516 42
651 982 828
497 148 807
936 403 900
3 737 696
887 427 249
248 387 535
729 891 40
184 473 991
91 540 284
613 88 439
79 623 560
853 453 186
558 115 498
197 320 763
102 482 140
99 918 378
692 665 542
667 859 869
288 671 238
887 593 988
648 944 204
434 163 543
947 164 693
483 237 908
255 712 687
489 593 577
340 264 474
960 359 289
512 445 836
867 789 729
566 827 965
451 269 387
871 567 736
652 857 473
825 802 743
926 888 191
913 349 956
684 153 514
82 478 864
889 433 244
733 222 278
747 833 216
862 4 191
515 990 129
111 653 969
581 927 903
786 531 774
990 832 319
202 122 633
398 174 523
881 1 175
633 500 215
332 439 194
813 108 135
944 571 235
403 79 520
728 785 935
364 5 250
258 6 128
148 188 989
39 116 407
161 667 862
331 757 184
584 898 653
362 46 1000
752 99 526
684 36 186
929 588 170
345 498 72
638 514 267
853 658 259
84 252 572
36 582 573
471 761 47
772 876 236
617 364 836
590 741 913
974 402 765
832 758 279
195 959 799
120 948 842
618 801 523
423 834 524
405 951 207
986 750 136
283 943 973
603 944 607
99 320 642
52 459 640
626 441 879
716 714 876
959 195 621
251 807 276
609 417 850
358 91 274
816 795 469
351 823 853
322 402 555
9 665 895
588 610 770
209 661 78
416 932 65
198 35 986
748 743 576
796 598 128
775 490 872
860 242 780
545 61 991
12 602 706
439 271 717
429 823 569
649 551 748
309 448 168
430 182 212
637 263 462
544 778 243
733 573 305
72 576 622
647 520 185
450 167 505
326 808 974
401 988 105
202 367 186
316 797 743
554 833 758
467 441 355
616 994 502
21 304 439
347 85 891
633 129 503
63 210 19
655 157 889
888 722 809
174 176 205
561 401 526
201 840 12
390 194 107
140 640 435
704 467 495
913 320 605
564 756 436
143 648 430
926 287 361
648 758 242
389 174 230
297 363 190
90 765 795
673 206 880
483 749 987
458 158 480
495 777 152
718 288 155
932 145 272
379 138 880
986 964 311
324 303 493
242 253 561
832 25 559
642 231 419
647 80 941
377 322 64
937 316 375
666 785 903
177 595 62
808 617 986
588 834 9
142 551 83
352 133 628
687 403 353
780 667 158
194 944 832
749 48 332
438 655 814
125 254 237
360 754 813
712 403 769
774 452 604
818 887 706
507 759 954
732 152 145
130 507 140
80 615 479
139 592 492
758 491 215
670 526 318
594 396 868
726 656 842
478 113 701
989 237 322
617 815 15
716 276 617
610 561 30
931 305 373
654 602 574
336 896 241
902 653 259
870 649 642
724 686 312
701 73 884
626 47 789
574 750 329
934 364 676
704 545 935
642 611 630
765 282 82
826 911 130
554 70 249
483 654 575
267 417 661
310 406 234
752 223 514
670 994 482
59 624 326
896 344 487
735 654 299
950 793 171
624 932 250
129 667 791
782 613 764
93 412 368
859 504 100
348 721 439
379 613 951
872 92 477
816 311 303
860 973 648
5 133 451
125 231 265
149 698 49
985 508 14
853 438 196
945 835 60
273 742 297
693 677 355
448 480 471
403 552 570
625 751 599
407 947 896
538 752 844
905 148 965
608 544 568
798 606 584
275 269 284
499 792 9
438 649 200
684 713 944
257 196 97
570 652 71
297 777 144
918 654 556
551 144 642
609 534 76
101 220 892
688 726 939
224 798 411
914 211 502
356 261 89
865 264 624
337 207 567
539 380 453
352 286 946
527 928 752
413 840 188
74 131 291
363 630 335
33 270 196
435 318 79
107 697 161
865 105 412
761 923 402
638 633 788
108 777 339
995 71 422
621 837 861
863 353 581
171 288 758
186 685 62
355 310 44
418 379 774
614 457 874
325 579 76
202 997 583
504 288 431
84 438 674
768 499 477
610 722 48
387 828 261
645 39 159
848 696 444
871 615 631
918 857 72
625 763 164
342 568 886
254 349 225
244 904 476
472 734 932
337 333 325
560 481 497
206 580 332
857 513 543
461 109 24
856 107 569
871 398 327
307 175 16
33 980 793
110 858 827
822 259 689
742 993 149
384 993 7
525 725 383
8 476 996
666 211 794
563 385 127
609 840 360
314 195 89
807 2 878
837 750 609
335 850 454
803 285 316
236 33 235
661 796 326
548 744 490
118 827 116
527 710 139
51 601 70
38 102 844
950 385 878
0 522 578
796 954 998
104 842 157
676 931 456
77 179 877
87 336 674
831 306 685
123 271 359
573 30 601
324 902 696
253 657 130
949 638 149
667 394 811
182 949 158
172 149 354
604 955 600
139 956 734
530 175 169
412 218 186
244 733 939
792 885 714
630 131 948
453 872 327
69 107 607
997 767 66
462 655 652
656 69 13
963 779 828
592 543 995
632 34 234
597 606 576
142 419 547
594 456 521
295 616 690
353 1 153
34 293 335
212 780 482
933 321 916
311 855 632
90 721 193
517 140 220
667 642 175
974 131 828
700 204 783
406 636 215
463 274 928
973 208 148
371 845 610
257 352 693
865 70 393
574 271 313
311 490 800
750 638 523
148 696 977
768 523 812
969 958 400
762 254 38
883 680 521
946 135 954
159 193 350
802 232 118
124 217 351
43 978 488
658 267 32
776 961 518
485 348 0
811 430 418
933 226 730
448 616 261
163 880 326
882 262 317
825 723 152
90 506 524
624 651 929
99 616 883
826 560 887
382 420 747
160 995 209
349 184 537
235 514 199
765 977 65
332 636 421
847 818 153
254 252 609
599 543 343
193 862 746
156 461 98
38 745 584
154 952 855
237 879 794
705 886 658
769 831 507
840 89 727
670 651 124
501 862 114
639 603 768
493 588 658
930 78 926
592 802 22
438 148 729
178 725 303
856 814 121
277 3 847
957 812 266
97 7 842
668 337 356
869 665 81
293 278 450
395 496 492
972 277 22
180 43 808
225 240 901
500 550 161
876 378 163
571 595 353
754 13 812
868 732 51
741 88 153
167 818 780
534 360 908
279 960 990
362 413 915
51 9 288
321 70 832
929 407 180
951 100 411
120 161 376
347 695 821
697 244 600
505 367 882
375 912 544
348 707 913
197 30 290
348 430 860
365 280 386
312 238 660
397 323 340
133 328 493
601 549 207
319 151 381
199 599 523
552 808 166
212 21 665
861 770 917
938 398 654
668 1 848
443 526 455
62 33 399
902 623 802
879 627 566
356 974 478
919 800 857
305 158 83
732 472 71
672 978 518
78 861 426
383 995 740
461 159 236
15 361 744
221 391 494
657 233 954
193 551 24
274 450 321
369 542 815
276 482 538
823 761 721
673 831 665
986 446 318
601 396 847
157 687 776
495 938 947
304 497 623
59 635 660
405 336 371
742 603 696
48 993 131
476 325 822
284 373 901
622 831 209
678 197 556
672 662 323
550 668 888
878 139 578
836 414 192
994 201 585
935 258 272
715 842 690
320 110 567
923 549 668
109 866 766
135 365 838
53 716 23
539 211 941
804 617 447
867 692 191
342 156 947
794 555 15
829 322 900
839 906 522
650 309 374
3 462 508
627 101 696
404 484 471
632 646 742
464 59 575
576 701 800
923 926 278
635 820 896
891 15 517
330 726 489
354 426 448
866 107 545
513 666 870
892 682 893
689 500 619
920 430 532
533 289 401
182 542 261
31 628 357
70 840 153
555 52 408
212 772 462
12 913 813
198 904 518
984 905 936
608 358 963
404 467 280
619 784 454
606 661 612
105 849 106
763 487 507
639 463 318
154 638 89
929 518 307
713 291 860
567 301 369
198 665 641
626 484 751
458 654 35
308 833 137
872 271 755
661 539 293
753 182 50
348 95 730
575 85 138
598 466 521
983 637 117
182 491 335
122 864 869
199 806 663
95 589 731
717 621 461
981 415 775
376 293 758
973 786 320
889 132 296
74 54 454
742 687 934
337 899 292
869 962 415
513 224 53
872 665 117
596 863 908
418 881 742
864 861 303
488 379 849
512 685 77
747 338 964
26 488 112
568 681 249
542 8 455
230 405 907
27 810 598
66 150 835
56 185 614
128 544 231
53 409 68
885 892 198
400 356 956
708 807 274
155 275 948
49 776 253
490 962 161
900 606 257
734 75 479
733 63 648
603 213 755
28 199 765
770 753 198
0 678 236
972 459 979
256 337 98
383 847 352
288 131 135
317 686 152
208 187 889
869 905 31
673 885 393
464 407 312
604 76 780
618 971 351
59 246 266
918 686 198
111 509 503
972 174 214
534 570 702
809 564 834
493 125 304
868 309 311
934 651 1000
560 688 752
445 484 628
400 546 253
618 856 21
659 693 243
295 590 294
89 654 132
132 127 907
865 962 350
316 999 609
275 37 864
230 241 155
434 337 511
442 477 731
717 252 373
24 567 487
725 845 681
463 72 658
762 925 301
838 779 752
257 294 949
141 372 514
201 964 268
491 863 581
685 862 981
848 441 793
128 720 408
228 548 88
770 879 940
331 487 985
777 983 522
858 640 869
331 522 331
445 98 383
930 970 444
698 727 94
422 281 630
730 911 810
805 805 775
39 158 10
859 151 507
429 613 901
40 656 838
152 623 309
23 189 185
162 261 776
876 386 789
665 685 807
8 537 424
921 352 807
482 103 462
388 653 732
306 403 640
508 498 645
77 367 120
848 820 353
573 51 527
175 22 113
673 296 436
981 601 94
7 643 910
953 311 795
251 967 762
664 735 711
221 4 74
380 298 774
299 481 804
860 702 540
523 7 985
651 420 649
778 330 493
917 915 910
3 146 767
733 939 377
560 886 230
557 877 895
873 616 379
41 106 576
419 299 556
976 392 653
587 476 544
798 248 515
183 184 311
526 107 568
503 961 775
871 646 967
844 383 649
577 267 30
459 91 814
169 298 711
974 527 50
750 716 463
30 6 279
595 247 573
130 786 877
848 630 931
282 255 717
106 763 185
683 372 285
308 674 95
5 155 954
514 466 920
65 993 145
311 208 370
641 805 396
780 394 650
669 819 583
286 307 89
467 84 713
633 69 300
880 638 972
829 242 997
186 719 258
218 794 27
783 663 229
863 956 519
626 336 434
851 131 130
559 198 407
165 712 16
441 926 21
299 324 820
316 430 953
50 470 89
456 7 995
157 718 273
203 632 304
627 430 428
792 701 744
983 173 698
248 345 495
213 783 152
358 870 918
474 650 167
845 242 310
834 715 161
585 30 112
407 714 345
464 273 756
499 321 599
65 989 388
506 978 159
770 401 79
724 337 135
623 261 167
751 396 927
265 428 576
481 803 829
782 437 362
69 962 46
167 228 71
546 217 36
777 399 190
406 335 496
504 415 947
577 596 700
650 544 367
996 661 442
95 654 163
733 350 393
92 913 470
604 471 90
141 503 8
171 677 884
422 25 862
837 460 984
613 396 862
497 838 887
137 295 78
902 846 278
490 932 690
512 272 121
335 83 716
695 180 843
944 640 467
671 184 893
652 835 501
930 62 559
150 816 343
154 856 253
589 845 933
467 612 231
173 389 632
955 989 812
96 439 880
246 419 727
361 755 872
909 928 156
147 999 537
681 360 740
918 90 402
39 8 160
173 805 330
997 510 977
715 555 111
856 176 536
893 659 85
973 606 487
391 841 603
443 541 435
474 145 237
847 932 872
985 743 381
58 355 605
586 621 53
453 131 265
653 318 486
714 776 514
95 855 438
768 729 426
177 969 162
145 789 612
953 292 669
760 95 44
376 158 616
791 212 777
555 56 208
347 327 373
89 201 982
107 736 532
989 351 491
825 328 765
272 573 217
786 662 317
791 264 461
216 719 993
943 964 168
614 622 836
21 333 488
480 820 53
342 111 609
756 921 19
917 23 90
792 337 335
333 995 220
554 651 809
63 629 695
275 178 255
929 70 99
797 806 989
971 320 562
588 408 135
882 923 969
550 741 232
632 917 976
18 836 78
278 500 147
757 661 922
465 979 73
242 185 10
874 453 644
748 664 211
570 3 645
281 149 275
320 4 229
5 536 78
119 603 982
225 335 883
767 186 973
409 184 326
70 645 316
31 915 388
858 722 127
973 432 471
480 316 582
64 851 951
305 603 69
438 456 171
734 170 96
549 62 721
764 855 696
138 359 57
515 834 605
88 768 598
961 690 501
926 157 159
902 372 311
864 535 205
193 724 551
263 222 650
446 784 408
581 803 306
727 136 399
939 563 368
138 63 87
608 352 657
945 905 579
864 23 461
460 63 996
792 363 875
602 83 397
280 704 107
591 438 399
790 76 517
121 936 492
729 112 221
907 20 569
445 406 871
998 585 614
988 225 738
304 513 561
840 663 959
135 757 259
416 46 241
89 91 322
867 250 296
511 664 260
800 828 109
553 208 22
358 904 244
723 213 996
761 200 365
219 872 878
149 187 64
875 162 382
35 845 312
164 247 335
823 296 64
409 817 885
254 436 224
936 484 67
524 865 723
973 825 962
400 674 0
478 170 14
249 998 320
397 897 661
730 469 486
295 134 311
465 272 503
87 219 621
712 769 821
142 428 749
303 443 98
392 278 888
711 883 132
800 799 188
71 920 224
935 506 405
564 106 338
149 19 988
765 23 835
852 284 159
57 894 708
380 786 382
852 2 359
586 527 446
686 742 99
461 691 562
980 635 488
729 891 961
714 456 958
337 450 749
907 638 131
151 74 403
764 475 699
285 592 213
717 557 517
891 282 828
422 216 72
155 112 175
349 264 61
916 362 426
53 178 846
126 490 830
106 611 852
4 672 111
39 97 849
16 733 140
809 726 617
675 775 544
774 49 570
417 353 34
674 226 728
532 471 415
306 999 98
960 744 185
652 508 178
340 202 774
237 430 106
870 355 806
69 797 66
247 874 364
817 574 527
571 937 207
961 476 630
708 111 547
762 484 727
682 355 318
476 745 540
863 263 77
184 184 399
598 560 757
93 621 346
730 753 179
514 600 249
313 893 913
266 593 317
954 36 699
264 405 847
957 278 710
287 548 575
901 853 343
541 457 959
273 736 236
237 926 966
438 653 323
644 736 892
31 901 668
970 729 944
274 261 335
124 214 719
110 168 241
599 198 733
247 173 514
209 67 397
792 778 428
495 828 711
695 414 521
956 739 271
637 623 16
525 225 194
441 655 917
559 511 155
399 506 318
85 15 384
304 900 986
390 797 491
88 54 516
172 449 825
79 710 677
76 981 677
976 877 869
763 90 401
135 273 513
722 108 328
577 154 663
125 607 130
689 19 150
879 882 600
29 609 89
918 822 334
426 271 510
491 910 363
350 739 587
549 331 760
574 444 982
529 473 438
465 711 989
402 458 667
466 650 270
324 439 664
346 91 988
248 821 5
831 964 734
664 35 584
217 560 250
381 824 950
461 184 188
33 375 301
572 360 137
572 742 630
672 395 606
600 430 337
931 437 629
814 918 726
904 129 551
533 831 44
849 600 404
419 878 901
301 352 746
962 249 120
567 421 725
701 635 198
207 36 182
812 551 337
875 740 801
690 638 68
200 670 733
963 654 996
0 815 163
762 547 766
81 629 368
507 84 200
547 721 51
142 656 389
843 799 906
1000 722 413
77 808 216
339 534 107
682 42 462
336 199 377
325 451 707
27 561 288
786 652 845
630 18 824
187 881 544
675 203 565
759 687 569
746 842 531
598 728 657
89 244 82
174 39 899
903 46 165
983 675 485
728 170 268
688 701 497
772 914 787
335 444 672
459 18 802
335 877 944
558 25 416
168 223 82
76 450 993
725 124 749
103 221 311
355 123 120
845 13 329
715 27 286
696 889 953
55 385 988
539 827 538
944 623 986
282 938 552
152 1 64
647 376 339
903 980 874
714 773 469
118 627 305
633 506 685
476 477 215
164 363 867
204 932 349
777 726 468
823 839 527
415 809 839
639 98 518
892 951 35
295 125 16
56 113 927
886 316 944
116 177 824
697 423 897
196 995 112
972 891 121
243 395 406
201 652 49
471 77 797
702 960 465
3 962 273
638 602 779
858 230 720
166 123 67
708 771 671
700 337 768
340 972 233
63 78 55
426 393 190
745 181 202
328 643 895
7 887 614
372 4 32
252 644 126
374 406 912
433 388 976
95 963 620
888 432 785
611 843 8
435 308 234
113 333 891
519 465 906
53 801 674
825 582 438
747 833 427
401 937 538
246 580 591
966 183 343
943 173 204
539 179 693
117 956 954
309 569 804
147 71 708
588 760 368
564 83 674
668 312 509
94 461 852
328 155 254
597 274 134
824 880 717
132 841 49
513 843 402
894 229 883
305 878 2
968 233 574
299 164 211
483 310 401
79 135 463
250 94 482
25 812 707
158 582 915
509 304 840
440 400 80
452 643 52
315 816 773
763 151 777
851 163 197
82 199 736
533 832 273
451 356 590
716 326 719
489 578 34
132 621 273
866 378 248
270 186 452
863 727 433
95 856 173
659 558 594
400 827 29
617 616 337
331 247 359
235 578 280
781 644 343
675 585 242
24 657 574
281 582 729
581 175 715
21 160 952
917 553 805
991 743 705
772 678 879
859 108 93
979 670 18
542 594 606
862 810 906
404 21 358
998 974 206
280 727 18
769 638 928
251 815 33
12 861 790
44 49 133
846 339 794
710 37 480
514 499 301
863 153 406
860 20 356
474 874 847
901 796 534
184 313 531
32 108 751
341 866 214
494 411 963
0 312 950
447 452 507
117 755 825
97 614 64
190 606 747
459 677 533
949 573 169
756 385 655
18 664 346
555 270 431
496 864 530
261 511 181
179 483 555
436 135 9
663 41 358
868 369 507
770 396 338
634 165 487
203 438 176
790 462 208
73 328 836
236 714 485
525 634 893
879 503 276
566 883 197
328 21 99
165 324 428
532 289 624
439 329 283
385 128 20
52 250 562
628 588 928
213 691 339
532 728 323
320 283 624
437 405 807
373 139 695
860 490 361
785 508 348
414 513 205
579 478 485
641 676 491
537 201 309
453 342 288
218 715 544
206 329 73
667 369 246
757 369 692
627 45 777
743 994 798
688 476 392
557 733 805
427 842 458
58 113 253
355 355 808
31 406 224
125 621 605
166 503 549
87 433 423
858 405 630
193 541 84
633 295 464
871 730 415
699 818 0
972 184 32
394 283 766
15 913 559
620 837 205
534 762 364
948 555 835
798 151 844
431 571 269
142 821 393
49 854 525
234 736 504
782 66 195
744 839 591
115 280 997
755 192 49
139 925 202
709 860 665
675 99 980
792 766 264
314 206 920
751 436 554
25 829 491
20 650 76
493 415 37
620 686 15
737 798 833
925 60 903
4 895 922
88 797 25
266 817 320
713 782 837
713 608 979
975 998 220
366 481 232
199 32 203
883 998 396
528 40 758
276 878 646
55 882 260
148 617 955
622 672 183
874 851 887
609 889 709
696 296 142
161 320 0
65 212 932
353 473 176
201 704 534
653 67 674
585 8 568
883 195 287
908 246 100
968 178 922
263 105 818
966 174 692
539 233 120
700 405 397
696 524 922
646 205 496
813 992 324
685 788 359
52 711 419
557 843 331
161 596 108
524 463 500
183 426 782
718 880 742
646 886 612
71 969 386
578 526 461
636 27 115
870 20 355
771 957 708
386 978 825
481 952 900
434 672 218
193 75 937
809 798 661
123 257 317
873 915 225
910 537 784
986 97 886
89 965 626
268 99 559
365 41 400
716 636 249
181 251 873
529 827 613
499 639 123
834 63 47
139 218 356
203 222 312
556 794 525
274 265 928
938 272 275
43 133 40
991 125 369
580 163 990
305 169 206
428 640 760
835 92 758
395 807 305
537 282 363
456 910 510
143 915 717
491 752 845
199 481 519
67 141 889
694 523 589
59 37 134
250 29 647
327 769 592
704 929 361
520 343 407
175 659 959
283 30 911
498 468 685
204 986 94
40 753 115
338 706 322
690 17 81
156 706 972
99 594 262
348 429 78
996 874 976
2 3 657
858 699 290
668 410 302
497 676 296
193 997 367
297 621 954
865 720 212
559 59 96
308 69 823
81 77 494
763 23 480
63 755 493
774 588 152
873 823 321
471 175 709
63 814 972
104 336 313
137 67 583
201 29 448
407 201 737
771 24 59
617 349 379
570 234 716
846 124 868
502 465 630
676 479 968
172 989 402
584 717 173
677 415 467
931 261 903
659 108 601
237 725 161
125 459 558
917 250 667
841 742 623
865 780 521
674 741 354
410 283 48
163 351 336
818 771 754
769 32 228
690 723 491
879 75 422
189 522 164
448 854 113
950 114 549
958 549 34
741 280 326
995 219 8
408 634 607
852 509 598
276 306 66
304 532 257
663 752 602
853 686 735
987 311 702
476 802 692
510 893 664
54 686 554
604 535 490
16 758 624
520 283 262
237 944 162
178 369 731
516 718 847
867 71 649
841 275 494
33 859 908
291 955 611
418 985 394
818 981 872
248 438 357
252 90 675
327 307 659
202 587 385
900 270 222
915 88 460
194 467 752
414 351 649
282 718 955
420 694 305
825 32 172
333 903 241
748 877 133
233 19 176
612 280 780
995 462 426
100 295 132
28 657 793
487 983 934
481 353 552
353 624 262
790 707 845
270 641 851
678 586 678
135 709 381
241 752 939
362 555 227
33 923 778
627 534 64
18 668 84
618 480 73
717 495 407
667 999 826
835 881 194
752 285 330
492 32 148
110 397 335
469 24 562
326 252 423
381 449 88
136 429 19
814 551 957
147 665 495
532 801 790
551 523 984
899 680 57
514 892 637
113 299 826
994 756 686
104 447 691
130 817 856
32 873 213
191 715 571
612 700 150
505 245 734
861 39 47
623 391 448
551 976 243
447 395 337
226 248 385
472 200 417
967 134 534
265 213 913
222 8 542
666 765 968
55 185 804
335 321 108
790 668 630
698 150 781
908 246 101
632 805 555
820 205 476
469 239 92
361 72 133
420 604 344
275 911 82
591 349 869
141 964 257
268 960 181
765 388 73
568 288 755
556 526 709
526 986 468
617 766 104
239 731 324
353 3 844
737 420 813
494 175 51
248 508 122
989 244 799
418 358 961
890 283 542
127 466 752
332 490 625
339 395 995
781 715 270
172 237 340
697 445 372
301 223 609
987 679 17
893 920 604
719 793 823
848 57 264
631 180 312
939 32 839
850 570 494
307 267 785
919 877 422
284 662 296
436 507 945
249 350 378
54 424 303
403 40 350
795 472 430
653 649 278
929 177 956
967 906 390
559 969 103
853 106 373
959 366 657
824 616 972
93 60 763
254 340 926
816 65 341
448 338 627
608 72 531
838 431 198
914 384 548
183 214 637
927 162 231
909 43 631
516 889 778
280 135 82
120 878 743
303 426 236
56 303 531
115 195 858
828 32 645
82 145 253
445 893 683
489 578 223
111 840 975
419 261 1000
706 100 460
167 483 856
206 253 192
340 457 5
494 205 323
9 188 550
936 616 200
378 504 254
355 71 48
843 434 432
623 298 124
283 192 134
435 329 260
147 878 862
297 41 599
909 847 97
559 959 207
219 580 466
776 96 769
873 460 387
214 513 532
259 601 500
649 310 178
721 546 571
646 308 466
90 873 467
162 232 787
722 775 264
927 687 35
275 664 588
859 86 697
539 213 901
865 816 711
565 764 580
171 287 27
450 816 935
251 550 81
263 497 600
395 264 125
770 894 121
471 765 485
865 354 123
743 988 81
569 874 981
245 723 105
569 160 723
559 605 339
215 942 189
606 843 673
647 785 191
451 252 546
31 660 377
403 600 360
503 403 835
633 867 339
463 477 616
966 9 877
633 355 669
702 897 491
332 168 996
421 738 113
55 436 455
803 521 225
583 394 36
767 509 244
360 570 138
774 740 377
154 195 918
945 343 903
585 215 611
825 738 499
427 665 593
860 549 518
800 701 910
374 137 477
743 665 508
281 61 24
691 978 998
229 577 760
545 172 971
682 133 75
441 607 557
409 304 7
874 868 626
742 647 601
839 370 527
551 407 473
766 850 619
140 454 55
65 963 918
828 720 293
751 152 894
816 851 879
691 524 314
244 1 419
443 293 361
165 870 809
469 448 681
301 182 486
857 710 155
802 894 321
602 665 148
3 768 352
308 407 260
906 16 444
918 369 67
653 20 925
455 628 365
855 179 515
770 291 210
738 523 911
513 942 936
180 828 114
427 572 541
68 288 782
598 391 74
40 371 59
835 367 467
146 515 457
709 770 801
878 161 206
516 626 242
237 298 892
609 762 797
425 333 318
321 56 920
222 533 21
24 685 271
885 402 722
534 471 28
458 363 941
92 821 905
152 163 143
228 52 531
390 594 676
23 875 266
807 595 996
520 441 758
813 671 826
486 216 569
613 205 175
376 754 394
948 132 69
323 37 846
986 443 745
389 976 467
963 244 282
693 183 296
314 237 808
863 244 362
1000 249 271
721 633 110
852 645 254
833 381 350
251 57 613
601 533 710
527 59 756
689 62 316
898 58 835
432 243 262
807 940 302
724 155 485
308 453 53
548 311 322
859 385 290
674 891 981
789 342 557
726 730 672
109 171 646
603 392 133
830 817 371
992 649 185
97 292 456
768 53 133
420 300 698
64 502 580
768 463 61
560 601 756
271 972 273
90 913 425
920 462 640
390 19 721
838 366 803
590 933 759
978 357 897
816 403 425
355 795 412
634 847 152
146 230 526
656 258 378
608 193 642
794 388 130
373 85 157
829 56 250
874 15 5
152 722 975
908 696 544
478 978 17
605 767 825
444 823 151
130 596 21
845 596 96
572 904 611
828 201 281
568 980 65
291 599 321
182 561 534
653 55 865
956 144 467
29 304 659
569 824 324
359 348 628
470 807 586
186 949 948
865 922 566
946 694 882
958 665 133
577 700 56
204 873 242
622 741 210
527 695 968
892 527 84
778 116 544
990 978 934
990 953 250
327 523 123
670 92 538
123 451 113
112 626 726
350 398 181
147 462 211
553 736 835
977 247 380
889 224 644
717 476 415
95 199 202
225 759 388
30 79 46
308 412 719
154 243 28
770 814 172
31 385 312
101 480 351
419 533 474
124 833 910
210 103 952
704 927 103
980 329 656
472 513 461
423 275 848
35 427 131
500 29 153
670 436 594
373 293 317
148 521 760
228 542 299
754 203 379
794 269 766
887 654 122
593 453 42
972 77 511
186 337 636
649 506 115
648 170 799
664 112 668
813 509 545
63 553 219
736 634 369
351 72 262
953 448 281
208 175 989
38 567 879
758 970 242
9 394 12
379 12 688
310 258 466
244 947 780
89 375 309
660 99 579
526 87 290
152 250 481
920 577 638
764 803 661
233 75 747
489 711 532
996 257 127
196 122 865
736 640 3
134 62 714
253 901 975
428 89 598
997 653 576
101 908 670
934 870 526
715 282 65
334 936 480
326 369 371
944 76 973
670 732 622
567 316 249
488 403 474
569 864 368
275 65 77
817 748 758
329 612 540
583 635 360
183 289 158
744 31 635
665 273 442
596 215 642
295 615 84
216 221 147
940 636 319
734 77 664
773 914 797
836 676 240
509 958 124
527 778 288
112 181 828
353 641 656
622 835 118
478 260 539
80 273 823
631 512 185
653 169 307
686 82 956
272 603 189
484 491 906
575 929 160
622 139 272
616 895 510
902 974 281
118 494 206
47 24 804
697 433 532
717 909 67
819 206 201
811 215 988
571 532 946
37 29 483
370 377 276
394 587 775
137 707 486
720 573 527
11 65 301
276 49 854
469 794 535
237 836 451
250 143 671
242 880 1000
3 936 711
826 810 903
675 704 303
696 616 225
92 330 574
490 2 241
316 33 17
775 736 279
316 958 806
551 943 328
684 580 307
589 253 568
412 410 360
22 515 603
364 991 970
868 619 408
327 368 69
118 730 2
417 890 598
320 489 542
828 817 627
583 465 410
85 176 994
86 193 585
124 713 889
517 55 885
13 519 954
32 79 664
951 914 0
825 966 317
554 621 298
257 393 430
540 788 102
531 810 328
972 348 797
209 148 380
373 202 566
520 18 329
127 666 531
951 228 650
692 274 285
769 738 75
28 624 193
853 572 717
354 584 35
576 429 827
773 637 847
718 127 501
728 305 938
386 782 590
709 982 625
401 39 836
367 549 572
909 243 683
149 148 902
674 681 206
837 505 266
822 249 844
993 159 744
862 918 152
692 975 141
77 614 543
301 187 950
982 624 602
62 568 474
887 85 433
826 847 293
361 846 637
34 447 37
886 120 157
273 7 459
950 64 14
117 34 42
867 173 219
326 505 37
401 116 537
485 820 301
159 694 335
912 28 760
24 694 941
462 265 696
710 642 493
972 77 195
858 10 58
998 645 384
620 285 503
269 328 8
952 973 892
757 394 92
484 368 502
278 56 723
476 722 885
566 790 940
403 380 456
886 195 320
902 22 277
658 905 755
737 991 811
173 367 107
604 73 110
691 826 1
84 925 677
791 184 440
404 596 11
115 291 514
62 585 408
446 829 611
448 17 659
446 254 112
571 54 859
54 544 399
578 546 284
937 289 997
404 25 5
385 879 790
283 812 632
545 109 736
760 491 746
657 394 922
816 160 808
629 29 565
484 272 405
911 702 187
230 792 102
837 842 564
372 408 781
41 28 423
248 342 777
203 502 68
507 885 492
790 202 62
140 898 572
899 552 935
51 669 839
788 440 522
373 542 164
508 290 984
643 964 598
486 784 500
293 199 496
821 301 531
2 167 282
643 234 464
900 936 774
538 57 35
17 387 106
219 249 222
465 265 385
17 252 945
386 90 450
250 968 701
573 221 529
119 607 44
162 109 746
232 556 322
658 497 754
985 210 230
180 790 219
930 561 869
774 977 109
860 920 967
504 634 126
706 333 634
176 24 508
510 569 672
587 183 309
382 711 485
419 287 225
798 757 577
107 425 129
572 607 123
970 338 452
868 603 556
766 682 934
406 49 31
805 623 792
903 336 764
910 34 707
936 452 156
301 674 30
113 286 623
467 876 308
807 779 253
832 83 212
942 206 450
147 437 657
271 976 706
740 198 558
190 703 112
490 429 312
811 618 870
326 446 648
26 992 366
385 184 753
414 715 212
997 228 988
445 345 239
311 869 407
590 666 285
572 401 671
1 680 180
165 942 374
999 15 674
886 23 329
260 470 251
404 161 636
184 42 599
169 436 478
511 336 100
982 563 842
158 246 878
224 890 656
9 901 369
79 134 144
7 514 8
929 361 780
663 175 121
158 853 87
545 536 205
341 491 455
376 37 974
265 235 874
867 750 91
192 632 216
688 346 712
301 477 59
471 649 974
263 650 532
733 807 921
965 783 527
25 659 290
265 871 128
710 680 844
600 880 40
989 31 286
375 509 881
783 59 466
925 660 494
452 520 851
837 290 927
764 908 877
631 988 907
906 538 198
140 599 94
746 883 48
432 418 730
433 840 420
499 84 577
219 896 651
759 274 627
79 130 501
290 314 985
887 633 623
105 544 867
829 290 793
824 598 29
374 932 722
582 599 111
103 762 235
55 287 552
501 658 757
608 807 124
134 50 274
726 826 937
582 852 681
374 496 524
491 11 933
72 573 431
308 61 669
506 633 673
88 410 684
987 849 156
756 717 5
880 169 69
372 37 288
234 60 318
778 15 154
786 381 718
285 366 272
899 482 820
313 801 198
713 160 815
1 85 337
527 415 306
617 346 462
645 520 666
116 525 57
173 469 526
667 289 836
95 970 916
965 625 880
295 763 530
689 466 805
129 169 694
85 615 890
149 366 69
954 530 267
791 188 717
507 867 630
86 244 307
619 143 157
384 640 394
495 488 361
807 953 489
912 629 881
791 193 963
847 888 849
710 314 719
368 520 502
536 602 763
529 492 339
273 204 345
355 34 268
791 320 273
466 377 344
157 787 298
67 196 292
347 480 614
205 101 5
795 438 991
553 897 919
378 534 707
742 415 739
46 570 485
357 568 36
332 635 508
152 698 964
503 915 199
583 665 705
493 948 65
124 553 561
451 366 448
19 993 882
665 375 929
458 98 197
243 570 756
732 671 158
398 431 997
924 832 129
174 333 252
420 762 327
427 78 550
746 955 68
870 103 140
628 498 391
463 368 493
442 371 324
258 92 342
338 849 581
877 784 502
577 361 615
817 380 442
679 440 940
564 829 991
543 807 902
303 442 278
59 377 131
272 41 906
712 930 184
479 138 742
836 195 559
926 854 296
305 817 149
510 189 826
367 853 49
78 175 793
252 941 936
170 794 173
53 257 652
55 370 704
758 222 20
422 631 268
515 275 910
855 387 665
224 677 681
561 13 180
213 699 406
136 451 707
819 995 220
665 114 228
286 519 872
548 609 742
750 750 727
411 961 973
741 484 684
914 869 249
407 858 957
570 476 959
530 711 239
840 761 533
377 142 950
732 201 473
835 612 659
721 1000 220
511 190 540
469 455 86
826 161 581
174 193 143
322 629 461
135 877 296
694 99 124
871 294 832
480 453 209
79 918 690
470 19 929
288 280 261
129 833 693
877 964 391
549 124 380
134 510 573
67 52 761
819 727 688
789 29 749
784 382 199
432 222 118
551 805 725
410 335 907
295 795 208
184 693 767
338 235 348
87 529 106
169 270 256
702 577 125
524 368 289
858 899 259
336 336 355
865 668 907
317 530 379
767 747 703
714 806 228
901 522 505
735 209 6
451 202 968
562 770 663
136 731 411
241 429 783
386 83 94
233 471 377
856 901 791
865 86 75
563 899 477
699 247 874
85 906 594
674 616 268
942 871 491
950 625 808
489 653 134
303 614 960
86 553 403
601 225 319
658 969 377
653 716 625
811 57 542
376 848 322
768 605 210
180 420 207
2 745 126
725 404 268
261 546 701
802 561 216
286 967 989
166 110 427
706 837 639
702 496 635
857 234 834
138 697 211
944 794 598
492 395 433
857 203 120
96 502 971
165 502 810
852 972 670
820 344 496
382 262 792
289 433 763
378 303 155
894 590 63
708 411 517
664 538 851
615 437 510
36 507 72
167 261 868
386 135 596
728 796 174
504 486 167
234 417 308
379 245 769
298 780 861
775 533 583
526 453 495
867 399 668
487 268 752
288 270 872
152 618 827
291 77 326
12 669 288
340 375 69
554 564 516
870 160 585
508 34 997
874 750 416
133 402 181
420 530 956
790 639 754
154 177 635
667 364 183
59 329 252
738 349 228
618 551 358
772 209 927
862 231 256
751 619 999
123 691 482
307 204 730
921 275 699
586 513 643
162 663 65
338 385 888
559 120 132
219 549 376
247 899 188
504 163 783
481 138 339
606 722 897
794 815 823
583 51 757
210 496 90
752 454 276
560 769 114
586 232 935
666 554 765
647 509 561
258 47 626
925 337 56
331 310 102
225 586 924
687 123 516
851 83 178
448 851 335
868 337 332
668 492 505
598 221 786
497 434 588
477 619 899
637 196 94
235 766 771
329 448 656
68 764 258
796 359 333
451 103 618
445 225 470
317 552 685
914 558 4
759 927 474
398 976 430
331 44 256
503 791 374
903 173 684
468 140 395
984 499 331
90 28 172
132 340 192
717 110 181
83 844 717
51 189 692
530 397 847
317 233 223
40 97 841
673 537 392
65 790 126
66 511 346
914 778 439
332 743 520
684 284 765
367 206 596
458 105 683
713 608 275
498 705 845
468 494 335
529 978 189
319 645 637
78 695 634
808 431 161
270 337 145
853 805 311
492 119 748
186 740 103
846 851 674
912 681 257
943 80 809
462 753 305
918 356 80
249 263 895
553 375 403
253 173 710
173 207 222
312 375 740
700 553 68
313 221 781
658 983 326
953 12 368
974 807 20
562 132 948
503 951 163
19 51 611
420 897 429
783 543 30
931 715 874
664 166 427
798 861 834
961 675 467
349 507 702
564 115 386
741 882 775
569 647 143
222 739 67
647 478 127
320 338 879
912 33 238
467 944 796
922 837 879
76 299 407
411 723 30
367 686 230
967 382 283
964 392 931
91 955 969
747 412 313
507 891 534
179 579 278
632 182 908
86 377 988
496 173 836
867 222 549
871 864 690
479 79 927
591 501 277
928 241 545
534 402 945
651 771 219
725 892 895
530 541 621
347 156 929
198 350 403
611 423 765
988 331 783
73 881 569
876 492 562
398 680 81
414 821 830
501 103 450
38 394 427
899 494 152
780 422 440
954 624 762
270 218 276
580 63 321
504 837 129
445 961 730
577 70 143
696 762 971
536 258 790
950 427 56
314 325 479
235 678 575
188 321 868
678 59 343
975 965 574
504 275 176
290 150 802
199 918 793
907 941 579
344 234 550
507 770 584
259 74 717
523 991 338
38 682 326
84 866 638
307 547 133
788 136 266
397 908 970
822 377 819
810 531 784
626 280 565
547 577 370
659 269 963
676 672 428
533 743 152
375 2 798
107 527 889
893 484 37
144 819 373
980 918 98
237 286 675
689 443 960
711 740 973
867 307 848
426 419 590
680 555 689
852 308 547
729 955 459
148 29 501
849 577 647
17 341 729
547 788 909
488 832 66
763 794 420
37 432 789
644 848 82
181 245 962
321 463 890
105 648 919
557 808 764
762 321 737
11 609 616
191 420 571
463 798 787
313 191 26
616 841 683
313 376 781
915 839 639
524 649 869
217 262 724
562 488 492
465 56 181
882 660 420
297 714 575
415 541 480
586 21 35
372 643 76
311 780 83
316 903 198
768 647 965
121 620 678
503 183 975
255 530 274
534 534 230
820 609 736
327 978 878
102 906 824
776 20 990
458 360 397
231 934 619
708 721 958
187 459 565
208 840 867
793 631 73
39 355 264
579 900 984
49 446 579
281 959 70
317 121 139
861 261 467
337 986 880
300 988 649
290 331 716
868 155 743
999 25 10
493 436 336
116 429 999
105 743 286
451 417 645
402 528 69
454 65 418
409 254 507
979 641 600
289 933 185
504 391 749
659 949 504
848 524 450
508 56 244
611 742 102
351 268 872
264 961 226
865 457 952
796 480 227
307 57 430
671 277 896
455 188 240
511 804 535
904 23 224
700 74 469
683 238 457
723 953 826
541 125 280
270 531 889
765 923 937
335 806 218
591 583 320
138 22 106
566 405 335
829 881 659
538 751 409
190 844 837
253 78 644
948 402 88
829 776 988
404 288 467
345 465 477
221 124 785
672 307 292
182 468 394
668 178 373
338 473 500
914 563 324
928 722 14
660 678 329
317 737 451
381 497 789
630 872 108
756 79 33
929 121 512
733 332 94
849 311 480
379 341 452
818 857 831
103 591 902
486 449 363
133 972 524
956 16 915
271 307 649
658 729 526
451 965 329
359 609 610
120 109 916
402 736 560
748 619 381
50 374 53
37 364 505
655 985 521
962 874 631
91 899 570
576 244 313
976 670 684
887 175 783
797 195 993
686 401 927
364 889 986
373 59 139
558 179 563
400 769 556
509 807 229
637 241 216
652 31 70
779 578 667
749 268 359
980 681 73
116 536 600
692 891 820
603 311 307
872 618 782
333 701 465
486 638 761
931 149 952
226 898 0
469 365 833
597 413 90
230 659 657
621 316 286
387 963 9
759 995 353
466 940 337
565 661 607
53 667 899
494 803 861
888 934 7
148 54 251
302 566 794
926 973 346
220 676 790
109 568 728
761 379 6
744 151 419
163 564 86
707 644 855
58 582 496
178 10 864
833 940 165
449 884 180
491 509 257
366 26 295
88 392 431
890 443 612
23 73 917
848 600 604
501 212 31
120 706 30
542 741 159
966 508 302
514 458 472
247 911 47
808 500 1
614 661 38
22 327 111
14 992 692
909 621 239
431 237 487
996 631 366
17 27 941
482 76 531
349 68 512
904 188 454
132 639 682
383 845 368
482 681 736
57 574 655
760 145 134
407 410 452
451 311 840
527 563 25
975 476 846
712 550 540
861 125 469
67 555 276
765 517 835
192 924 147
21 133 991
940 203 468
783 685 253
945 524 229
800 111 758
693 489 999
423 990 561
0 957 135
657 703 431
842 621 114
536 686 945
455 229 587
573 44 994
122 684 881
816 344 156
457 764 688
977 695 849
156 161 799
384 537 868
288 464 69
7 256 706
349 689 254
685 397 821
219 212 36
110 112 753
702 987 903
963 866 249
952 441 796
242 79 729
294 575 929
525 646 719
531 760 247
291 766 203
61 343 181
999 953 599
84 756 301
589 540 408
921 920 546
705 738 730
708 53 519
864 565 370
598 200 754
140 839 600
949 626 769
850 639 855
411 837 35
569 327 313
841 217 711
462 879 374
748 676 514
608 372 887
569 286 745
211 962 365
658 72 127
307 772 87
36 537 157
797 519 635
270 416 442
886 942 775
442 623 227
681 422 265
793 872 65
190 517 290
533 321 974
353 584 560
61 23 333
34 610 473
521 515 494
661 523 284
182 994 827
423 31 654
251 665 544
75 404 988
243 547 208
985 705 544
916 688 116
204 640 468
566 125 737
881 362 797
601 96 556
544 471 522
416 983 540
984 358 904
955 687 794
549 3 670
87 926 239
846 929 421
601 365 290
212 407 868
184 579 190
908 469 468
404 958 971
347 720 889
499 322 244
550 563 681
421 920 467
541 89 245
137 975 184
317 300 747
355 309 869
65 1000 418
312 593 472
599 685 570
378 347 683
991 815 228
314 385 909
339 853 359
144 240 76
257 773 658
33 627 65
899 349 274
92 282 328
905 168 641
242 671 648
316 608 836
505 702 259
425 360 675
304 557 69
964 448 376
223 47 517
104 575 710
152 874 66
115 959 319
253 843 364
475 919 181
730 291 958
531 347 173
937 437 352
809 20 493
984 603 576
156 219 403
41 189 232
583 496 520
895 854 96
76 884 187
892 568 944
159 892 125
923 896 935
476 233 860
326 268 798
667 933 67
846 369 474
991 852 616
484 293 150
777 225 588
929 360 541
815 409 942
246 34 359
653 517 613
372 760 956
499 450 384
917 882 826
261 539 633
765 509 897
933 283 131
101 44 554
761 157 400
609 534 183
547 13 507
641 228 966
512 672 112
507 965 652
398 650 540
299 357 315
503 323 509
77 176 598
636 674 273
952 657 201
836 142 543
621 158 631
122 692 885
807 234 174
354 10 198
626 287 292
972 696 193
861 868 10
679 880 877
218 388 183
376 59 404
900 693 388
215 34 627
571 83 266
402 316 685
322 694 183
698 754 219
934 66 751
694 570 112
648 260 798
395 897 905
363 167 139
96 665 242
578 952 38
656 602 578
722 446 282
167 382 56
298 778 840
782 600 514
344 199 520
666 842 544
241 432 687
124 429 62
799 426 256
512 254 900
596 939 752
887 145 740
229 437 985
279 223 5
898 355 285
138 846 707
690 162 667
890 92 757
916 215 388
282 730 86
913 255 693
429 959 519
371 608 340
814 53 534
798 416 701
106 864 718
396 459 173
130 373 778
791 946 474
867 541 87
585 965 666
500 693 648
314 210 40
437 208 327
720 684 936
180 248 990
926 680 244
88 425 291
633 679 749
736 891 269
774 162 596
882 176 698
249 133 8
186 444 853
808 357 441
981 165 477
903 895 71
345 300 273
525 499 602
846 867 514
770 587 228
841 823 606
877 88 468
88 641 446
465 938 345
421 674 555
696 807 902
867 432 793
482 181 474
551 927 232
798 349 178
913 792 972
685 535 744
703 903 989
968 69 909
592 106 823
654 405 420
978 136 830
538 25 119
9 438 825
177 408 246
353 756 609
410 406 953
716 592 546
87 214 733
119 421 450
991 480 61
206 972 43
849 964 167
85 467 876
637 386 147
574 580 954
983 93 692
800 789 478
891 116 320
982 394 488
14 766 191
209 397 142
276 910 915
802 354 448
704 183 392
191 126 719
919 647 157
12 571 419
994 513 483
44 986 972
414 244 985
197 730 770
191 670 686
704 421 88
822 728 193
621 645 744
815 639 295
508 931 276
312 646 818
780 993 402
521 659 937
750 338 286
502 221 689
937 761 931
73 238 118
432 521 1000
779 30 215
655 192 669
616 560 700
650 302 992
591 781 406
739 910 587
884 28 747
740 891 579
34 147 449
774 48 18
116 357 142
264 775 634
806 910 300
260 460 643
765 355 907
418 705 579
281 332 130
484 760 138
556 999 200
451 204 408
430 264 983
882 958 902
508 53 968
235 991 530
50 161 327
191 638 986
379 667 641
719 712 662
931 532 219
708 897 581
653 228 985
537 13 843
698 808 565
292 842 839
453 959 86
101 850 779
686 432 423
317 473 449
710 248 331
769 439 260
485 742 282
120 630 104
149 170 789
130 847 61
165 526 969
601 452 563
607 703 816
243 937 25
513 661 677
775 866 195
595 174 210
361 552 983
45 445 940
613 885 474
815 455 909
562 474 699
740 675 261
968 905 511
130 992 772
727 425 470
521 333 555
108 931 577
997 1000 142
872 137 681
596 830 681
697 273 887
302 551 189
696 591 58
744 614 716
632 597 121
658 926 908
885 219 684
649 490 330
457 123 819
752 970 330
50 84 856
33 318 127
469 570 835
924 267 126
327 384 516
865 103 228
482 558 136
537 781 647
550 55 897
475 550 409
72 408 71
696 741 782
394 986 690
339 0 71
65 268 926
80 528 46
919 251 310
651 240 103
460 469 170
846 777 854
74 238 313
629 51 108
158 739 969
692 270 475
996 237 590
131 515 402
602 430 370
394 321 101
838 7 114
560 225 823
517 949 723
835 490 861
394 387 118
147 374 102
97 15 582
627 461 914
117 461 447
239 626 912
477 995 675
665 50 458
813 865 794
760 756 104
169 917 602
998 593 275
248 844 228
585 184 891
441 431 353
960 419 48
698 401 172
716 665 770
437 727 633
361 99 219
742 283 213
902 374 252
491 820 17
949 119 745
207 160 682
918 644 185
768 257 642
804 3 522
841 21 451
443 267 381
608 645 64
408 116 35
327 394 815
590 490 487
552 722 554
787 860 553
110 936 278
329 551 444
902 438 435
202 170 162
374 448 224
298 163 102
570 111 458
882 451 624
557 776 250
995 469 265
911 365 329
470 502 396
604 356 470
749 591 174
496 574 297
287 116 847
371 426 60
824 14 745
607 750 183
894 160 330
435 385 849
288 441 281
470 61 569
824 93 254
896 521 45
197 517 719
909 834 99
980 282 9
9 997 637
92 14 66
213 142 504
196 285 737
446 260 307
386 3 13
991 659 262
296 484 733
942 514 306
895 189 960
157 112 659
430 215 364
472 477 62
227 79 816
398 947 628
320 208 179
600 578 644
213 183 1
629 219 926
902 127 769
528 837 815
361 801 522
626 391 286
562 239 201
44 214 378
230 400 189
149 194 67
323 274 734
434 286 846
643 318 751
36 813 222
584 294 863
82 715 877
340 856 190
977 162 882
524 517 429
915 302 830
521 179 397
563 328 681
997 758 188
192 693 0
867 969 729
904 353 31
473 314 238
718 786 258
738 268 353
735 69 35
428 933 590
951 379 693
674 972 137
884 815 568
885 824 670
207 342 225
572 474 462
522 151 575
826 179 278
471 222 229
396 921 51
122 274 672
369 474 158
658 56 43
263 467 73
252 781 456
372 698 25
662 497 973
621 352 568
653 62 720
977 852 451
921 365 541
935 126 106
874 193 989
785 718 307
684 303 765
395 72 395
388 88 70
592 519 243
73 206 282
922 388 431
932 575 554
102 640 623
408 200 801
531 573 700
927 645 383
496 908 393
929 424 798
703 51 11
911 5 57
757 502 55
708 218 48
722 857 450
585 256 599
122 716 124
179 763 746
239 8 306
6 482 192
774 93 248
521 413 145
809 555 874
585 120 155
95 994 555
861 799 85
74 83 101
826 516 665
538 500 746
66 443 670
192 757 68
389 415 38
98 647 316
618 581 989
692 865 141
288 416 169
426 56 994
373 68 717
848 110 944
978 957 903
633 465 941
190 706 882
595 8 13
243 280 838
757 340 215
413 145 436
520 673 117
719 982 353
619 200 435
711 896 173
608 235 534
129 103 173
27 858 855
977 849 261
909 678 571
954 901 864
307 984 27
479 958 359
985 518 622
761 952 549
540 651 875
868 40 301
656 791 467
710 981 329
467 711 363
54 239 769
540 944 480
224 459 80
947 241 422
890 112 318
266 356 901
220 627 292
580 161 901
447 896 919
364 628 910
405 40 811
380 746 570
535 423 610
284 671 15
148 581 154
458 637 817
996 358 617
107 75 922
357 390 985
974 597 894
44 601 869
721 591 644
760 75 738
418 312 404
457 864 43
81 840 372
822 763 719
222 205 828
433 229 38
741 189 359
86 286 564
659 611 553
734 105 159
245 103 336
961 652 557
668 370 356
776 962 269
309 809 251
25 925 630
635 678 97
544 121 840
646 193 156
509 212 406
91 380 783
493 892 210
144 402 920
380 140 393
870 331 758
974 832 410
521 616 635
343 597 258
382 680 942
889 909 905
352 514 281
815 38 629
704 381 177
869 919 941
49 361 156
2 544 330
43 558 573
522 527 34
511 338 371
227 181 780
375 608 643
296 521 455
781 210 466
609 829 112
396 515 297
459 878 509
633 606 351
973 373 542
886 953 302
212 31 122
848 624 989
912 359 984
254 960 727
216 307 774
337 623 101
911 566 143
857 533 241
513 209 467
343 598 301
619 124 63
681 874 696
609 622 703
889 392 566
822 491 47
985 98 897
605 251 997
235 921 173
968 546 448
466 766 181
993 502 253
761 234 401
213 822 5
189 509 165
725 972 939
747 252 214
623 254 55
494 725 634
449 889 668
745 453 325
436 179 903
506 912 418
22 361 739
335 631 760
405 987 593
511 820 410
95 1 740
974 248 329
784 131 580
777 394 125
559 22 230
229 52 658
518 563 904
264 738 178
768 62 498
486 311 491
91 712 563
65 555 717
522 210 693
508 527 998
108 79 103
849 859 44
192 431 732
158 64 819
657 570 412
170 463 451
5 805 195
707 328 612
962 885 223
150 577 40
130 535 324
865 796 407
299 102 12
96 66 918
732 199 803
308 278 616
703 800 23
366 910 284
565 90 478
516 310 262
41 935 174
224 430 510
280 539 348
342 802 649
729 776 46
830 289 762
876 962 409
652 85 338
353 943 228
337 791 999
240 352 134
862 687 154
410 169 31
564 175 933
259 360 816
928 136 288
522 64 12
206 388 773
3 751 621
300 469 707
579 294 949
111 305 32
181 367 958
496 103 146
687 944 437
455 313 252
365 549 469
159 386 481
689 140 688
238 654 820
41 461 431
1 237 669
355 653 503
422 787 142
913 440 756
791 485 521
264 860 469
427 165 226
617 311 224
982 416 52
565 403 20
552 136 398
119 834 496
108 97 117
704 134 148
311 422 544
153 663 527
299 549 559
142 588 812
677 337 853
725 173 538
928 84 92
43 772 931
450 520 161
737 4 490
65 210 804
244 28 746
738 753 643
528 818 455
712 486 638
417 561 62
401 460 606
609 84 161
422 40 637
975 767 610
955 395 225
870 197 774
436 608 188
7 905 142
209 735 253
354 863 172
510 64 327
457 305 366
558 980 412
770 842 55
840 295 891
145 769 11
0 849 8
964 736 50
954 176 623
583 48 94
436 825 394
990 107 270
121 403 515
932 964 294
547 440 27
844 737 827
570 530 94
580 990 715
578 145 678
581 168 180
378 860 688
275 385 100
420 798 104
497 443 923
726 842 155
160 512 950
994 427 604
874 200 367
204 210 866
102 308 954
962 927 262
229 192 997
179 26 188
722 656 389
349 222 5
738 3 305
422 732 78
216 289 303
366 717 824
92 351 538
923 790 198
668 736 759
694 6 430
855 596 473
496 109 930
278 807 434
984 297 565
738 7 894
209 792 118
292 601 677
395 997 911
966 886 131
220 967 236
159 698 31
635 724 345
375 583 517
76 830 436
456 232 459
547 679 633
42 326 440
972 230 942
964 970 38
587 71 854
67 737 278
3 77 831
904 483 414
700 592 451
466 459 836
120 215 920
395 537 547
13 196 504
9 79 87
557 983 744
2 236 341
634 140 54
357 743 609
907 797 181
739 39 32
301 573 856
359 732 736
375 944 644
809 78 808
409 5 703
442 466 16
625 204 877
250 506 184
91 814 412
258 674 792
184 442 407
369 884 360
727 558 77
42 909 373
171 852 920
544 664 421
87 54 889
405 963 574
992 862 531
129 434 802
700 26 453
236 436 676
230 0 240
232 397 940
185 883 567
594 625 329
292 460 254
890 772 251
390 532 292
215 477 127
159 54 347
636 135 541
251 375 693
918 685 837
239 151 298
181 937 179
75 249 421
542 549 615
862 143 21
339 474 695
411 829 851
636 885 504
947 95 6
570 879 341
13 861 843
401 695 576
997 901 904
164 429 252
704 221 953
636 430 25
94 991 259
952 383 962
317 654 530
977 538 365
85 318 81
411 529 144
541 468 268
9 640 345
43 214 782
988 842 221
487 736 699
554 21 366
691 730 207
907 735 622
212 43 998
657 834 236
766 281 430
418 312 230
906 539 726
772 190 216
417 149 286
244 182 865
536 639 976
944 416 537
718 690 506
2 103 649
307 540 801
164 564 2
523 482 870
902 556 390
785 987 99
71 795 521
473 782 781
552 596 317
163 855 471
663 29 396
989 420 502
181 376 993
267 880 344
431 251 305
625 890 104
913 548 266
283 406 655
173 268 708
435 717 516
560 855 955
228 159 255
832 696 957
459 295 985
100 513 580
254 998 474
800 421 583
481 923 863
744 301 949
213 715 50
276 423 696
9 838 146
817 778 981
506 447 430
583 851 902
823 402 961
456 914 509
196 382 138
147 880 593
365 352 191
732 231 761
324 832 588
461 342 473
821 763 710
852 463 460
742 20 49
880 790 569
814 791 481
678 325 538
251 630 666
698 973 506
740 17 33
778 769 591
745 323 269
754 833 343
506 900 216
283 254 101
315 306 49
202 677 610
555 449 101
335 154 13
790 114 25
272 562 819
877 216 511
986 410 272
955 338 615
89 596 984
588 48 305
522 303 488
634 128 999
335 242 283
230 87 97
996 181 662
738 31 574
425 154 85
771 109 483
556 641 807
386 278 811
585 542 913
377 143 682
759 827 942
493 426 72
698 84 551
5 341 278
352 830 621
810 266 352
784 164 688
481 16 827
902 805 324
232 613 295
398 450 171
902 600 956
533 853 441
283 524 42
487 288 632
658 936 298
721 62 428
668 594 64
905 337 542
673 623 307
778 141 255
503 621 533
872 137 505
442 633 652
35 618 216
183 72 843
538 1000 621
115 939 866
999 72 416
60 854 791
4 421 549
123 593 255
266 798 293
145 195 338
688 8 599
782 231 44
396 266 525
153 146 315
613 805 447
217 495 665
142 529 153
240 994 910
533 360 83
116 83 628
288 728 464
651 333 347
518 969 345
946 673 514
17 616 526
821 338 469
525 542 312
753 643 276
768 598 329
302 604 189
989 203 736
939 351 203
831 759 877
88 856 166
135 219 260
951 603 372
84 632 116
911 563 359
102 91 807
939 625 441
807 323 820
46 943 873
230 484 550
983 894 809
220 283 643
494 137 498
531 237 728
579 746 379
930 310 402
283 958 812
799 536 458
634 72 947
864 568 321
16 314 359
369 596 76
88 440 257
487 558 150
518 196 929
169 610 187
385 902 595
237 339 674
836 702 507
931 661 893
328 334 611
485 228 456
330 382 175
104 580 113
375 12 887
498 573 570
202 565 949
363 474 718
705 477 520
706 945 725
198 440 720
437 416 14
136 594 417
498 188 175
133 442 367
45 674 411
373 404 940
741 158 524
511 896 952
196 449 539
12 575 651
887 61 81
590 126 19
674 372 383
923 725 581
488 390 920
637 494 146
422 318 722
7 647 152
738 311 247
85 356 198
542 459 873
924 834 94
999 318 679
884 398 507
529 584 661
130 725 968
857 958 4
36 23 97
904 65 461
692 616 463
637 436 359
800 388 227
315 623 137
638 965 938
835 44 540
887 934 356
855 48 219
205 743 422
406 787 581
767 601 818
551 23 624
745 526 987
907 29 502
310 974 933
365 732 808
458 977 86
316 87 209
388 934 747
501 1000 181
815 90 658
947 162 783
680 261 348
359 800 13
446 801 167
850 646 254
786 510 933
92 447 318
844 78 232
506 860 347
84 904 410
861 324 513
352 96 254
861 329 912
103 27 18
756 795 94
452 225 20
178 464 194
672 721 91
438 991 895
338 365 205
954 779 944
382 671 452
930 710 566
481 437 837
404 125 535
719 976 809
524 225 466
175 542 348
919 706 2
863 581 839
112 727 114
550 673 829
15 925 788
796 402 69
153 963 929
760 119 627
78 73 376
715 983 413
412 215 890
948 358 461
330 311 868
857 186 622
613 277 647
623 590 328
709 634 916
844 403 110
756 497 1000
760 581 557
202 176 33
670 986 70
979 196 201
535 992 449
949 56 372
136 133 179
844 461 258
298 709 725
215 885 404
416 323 252
659 807 813
951 516 476
320 668 368
709 395 729
409 154 997
579 640 639
826 283 109
410 212 174
593 472 571
521 318 315
672 537 165
871 277 395
10 645 765
827 324 93
785 54 613
639 132 775
339 632 770
23 359 578
716 169 178
396 284 632
946 771 292
213 920 667
667 236 257
738 405 772
541 174 29
819 706 964
885 762 879
337 628 917
80 945 549
720 430 125
950 598 757
337 121 831
303 430 144
994 524 154
646 525 862
15 864 290
652 857 212
667 344 988
230 641 198
412 770 478
222 77 703
541 721 852
683 117 945
595 449 994
805 10 549
140 849 240
864 106 578
221 788 453
620 95 770
18 379 450
482 108 530
489 145 122
811 632 764
949 889 870
307 447 223
830 277 985
134 173 526
81 591 937
987 964 80
233 504 800
711 488 752
120 751 571
70 697 810
791 102 220
756 473 1
243 362 716
246 471 483
898 552 842
829 289 596
740 622 994
710 699 198
27 216 400
890 583 147
817 310 578
209 621 756
766 948 823
504 28 409
87 951 758
646 865 376
764 560 251
234 162 110
409 203 840
579 892 804
45 593 68
613 310 397
209 986 342
914 255 488
310 261 291
557 309 500
839 215 866
997 500 485
285 163 908
536 809 242
102 424 681
552 941 3
434 977 166
299 646 158
583 105 303
511 210 514
541 189 144
278 297 656
6 32 5
375 517 478
161 616 425
1 532 956
412 286 809
609 38 918
4 79 507
894 922 515
855 909 331
89 161 623
926 407 597
707 389 593
150 504 651
712 378 55
804 764 129
368 364 361
719 564 457
378 721 38
482 221 28
386 805 518
527 469 154
375 923 116
422 456 13
391 164 382
730 211 619
963 773 365
578 258 76
147 222 572
771 533 290
184 774 808
732 771 38
835 905 932
772 0 656
516 111 522
920 533 681
767 321 360
220 944 72
477 317 432
782 726 381
224 471 884
256 440 652
675 648 317
283 601 275
795 312 739
62 611 494
331 530 692
662 39 668
613 81 205
934 141 36
740 116 513
590 352 79
776 748 69
319 222 125
470 458 194
856 155 407
321 253 427
993 356 799
264 529 757
82 686 163
109 593 749
641 112 576
20 286 126
140 562 22
789 467 14
254 187 243
58 78 521
749 900 438
788 614 436
725 813 235
573 359 446
964 504 976
583 664 74
796 718 265
208 44 736
740 315 380
728 141 925
204 537 514
644 410 430
150 72 395
189 872 765
626 947 674
304 162 791
778 41 181
214 265 730
821 660 663
958 500 544
564 241 808
581 599 306
151 794 224
310 389 871
187 163 330
735 982 385
209 9 193
699 172 621
782 712 227
575 713 588
584 159 103
710 418 87
858 662 942
914 653 886
413 618 236
338 265 340
654 774 91
743 295 922
679 736 35
650 458 241
699 511 334
882 864 360
543 178 550
259 19 744
838 934 475
120 523 984
424 716 815
62 382 505
162 103 786
874 747 665
534 716 761
788 523 258
532 373 671
7 541 915
421 682 750
805 720 455
148 823 37
182 394 220
970 791 483
675 189 627
893 31 450
651 212 634
535 890 63
864 440 915
226 581 108
126 578 305
182 661 507
828 12 135
808 420 7
549 540 296
966 195 42
360 434 233
1 865 688
143 58 583
20 712 372
473 966 494
472 408 366
221 802 173
896 426 49
562 10 822
518 929 799
50 820 601
435 823 809
456 479 883
408 271 728
837 591 65
61 471 981
778 57 258
245 474 243
129 685 486
999 435 897
46 494 952
908 323 131
551 609 106
418 95 935
305 701 631
488 326 458
776 391 742
754 193 886
639 565 185
49 615 900
196 399 425
663 340 952
624 422 904
690 285 845
171 625 672
92 962 893
583 268 166
488 439 238
896 121 284
292 768 430
206 639 172
594 530 766
795 605 706
389 331 293
938 93 983
339 816 24
328 72 640
896 12 245
746 82 683
963 806 812
438 173 968
17 642 3
497 161 777
267 492 662
322 869 690
352 421 297
704 182 504
733 977 893
120 68 447
441 474 970
397 496 898
367 619 681
921 359 16
33 447 894
620 542 19
168 27 987
749 248 994
309 928 99
754 206 592
839 760 312
543 415 267
796 38 522
583 844 220
45 296 913
661 711 74
83 473 449
596 226 164
609 493 485
132 59 321
465 536 816
962 447 634
529 282 899
965 167 715
518 264 739
472 726 308
459 796 654
307 963 711
145 876 380
693 750 333
315 472 217
577 920 925
219 379 811
332 409 737
496 74 381
169 477 353
913 78 479
546 932 567
23 862 431
184 871 737
578 483 635
414 968 961
957 838 952
338 122 371
607 541 993
328 258 327
858 742 716
418 805 838
848 674 595
513 779 220
184 935 198
14 894 717
895 557 629
995 448 189
648 757 915
810 460 634
122 148 540
789 890 540
436 830 281
815 652 208
565 987 262
119 463 61
958 532 960
613 115 717
609 196 510
875 282 241
353 584 851
563 425 729
548 866 960
370 479 550
447 78 344
40 221 132
67 129 502
681 168 553
555 261 857
777 584 926
856 923 808
863 69 397
286 247 278
38 590 956
674 390 904
527 8 495
320 394 972
272 111 366
839 591 821
818 16 409
865 589 437
467 912 49
334 716 235
640 743 311
128 798 875
498 88 216
394 648 996
21 521 765
418 689 605
817 684 787
994 267 241
90 943 664
151 34 248
171 251 467
553 866 847
502 363 890
177 430 387
898 42 473
813 284 169
669 641 910
959 749 865
246 692 613
144 434 499
688 829 890
611 654 953
711 289 526
617 750 67
768 798 501
403 88 999
240 239 9
675 842 844
807 157 891
88 512 195
980 335 672
119 412 674
347 594 863
281 338 15
519 919 153
888 313 31
984 335 213
766 631 230
71 421 96
888 344 967
598 564 665
586 558 577
993 888 160
569 809 698
937 555 536
687 42 777
960 707 546
784 845 18
515 718 435
628 60 746
123 134 867
852 515 632
676 772 369
80 926 702
473 312 675
85 440 595
851 360 662
367 852 129
39 415 313
399 747 57
491 790 337
704 664 821
296 280 176
344 724 8
686 808 323
667 347 901
180 278 303
692 462 830
968 770 100
372 872 169
85 106 391
968 917 700
660 948 758
8 89 340
181 203 337
559 435 743
286 485 781
79 215 699
407 952 507
34 976 324
446 857 158
522 805 651
456 834 937
515 36 520
497 938 609
173 568 373
817 350 784
884 711 489
48 586 622
748 991 967
217 972 883
961 119 35
820 442 631
992 630 677
17 991 957
889 873 750
199 594 678
975 24 697
849 57 317
568 407 960
349 500 117
888 263 121
330 190 42
324 345 541
280 676 847
226 250 880
985 675 952
898 640 225
645 641 824
949 307 808
858 89 680
871 205 334
109 981 69
798 23 915
772 844 645
834 682 544
698 50 256
835 520 322
403 48 412
169 627 47
665 618 870
385 844 856
989 368 623
940 690 522
750 271 968
502 688 389
131 514 383
177 179 833
28 968 790
758 409 890
533 97 333
737 822 964
519 571 891
328 611 469
792 829 917
616 573 961
886 273 555
579 976 866
984 737 991
129 494 57
308 883 723
906 781 964
68 594 786
62 225 512
289 88 838
824 574 298
950 284 98
549 396 850
208 982 12
889 811 495
629 276 149
521 615 892
613 437 491
660 761 0
958 857 51
693 681 939
564 838 128
610 866 343
282 153 49
367 832 517
288 403 795
780 51 678
777 563 708
741 683 921
868 756 22
211 619 658
335 835 65
198 220 705
935 398 374
682 458 953
545 980 872
540 219 408
534 912 986
900 114 732
982 594 814
574 672 370
689 532 350
879 919 555
770 414 125
945 998 191
761 339 1
889 868 139
489 894 424
93 643 903
110 632 868
885 179 782
180 489 414
90 34 572
319 733 287
861 893 617
931 103 140
221 622 622
489 505 106
764 277 49
246 753 960
761 290 416
185 779 963
110 560 341
361 93 150
327 491 251
540 162 608
106 887 359
566 958 613
643 63 731
709 16 736
667 252 167
976 164 518
392 39 730
862 984 500
876 459 53
787 476 237
623 919 318
609 980 556
291 279 672
100 954 927
933 448 33
622 590 105
989 521 24
311 60 339
274 706 363
680 637 712
563 67 875
238 765 875
264 324 547
47 105 634
930 949 873
355 630 386
177 504 700
698 792 315
451 918 291
405 261 418
704 297 729
128 141 838
245 585 28
710 258 748
736 207 164
60 924 646
619 119 300
642 965 827
45 530 943
610 948 24
202 78 126
779 797 115
561 193 659
246 973 230
613 435 704
422 139 882
360 626 828
817 838 537
84 725 89
367 285 185
135 504 165
569 181 779
491 798 860
940 516 202
736 218 304
352 235 754
818 934 316
246 110 791
828 11 922
655 872 578
260 911 116
828 327 794
274 299 108
459 97 352
284 800 609
313 185 382
162 550 720
372 87 993
566 692 489
303 802 468
365 720 453
275 382 89
303 664 769
477 592 873
873 179 170
624 474 271
620 841 126
881 969 123
809 927 648
564 374 802
269 178 561
190 950 136
7 911 498
401 60 768
63 298 872
729 905 949
983 836 798
433 257 574
503 658 101
676 349 971
83 739 903
197 507 304
940 504 213
278 357 315
879 532 697
12 990 907
596 564 701
8 535 996
110 685 4
596 738 794
718 220 787
11 540 855
903 573 333
221 378 457
408 196 770
463 756 297
883 145 441
979 739 766
832 812 89
455 224 193
817 374 30
194 283 552
433 135 416
914 134 814
141 733 539
76 211 318
359 653 314
675 1 67
49 976 662
500 42 249
226 693 852
244 68 342
780 537 312
338 552 183
440 258 825
495 649 256
648 786 206
801 111 55
440 360 751
267 384 763
365 882 412
754 79 973
342 402 910
834 178 532
464 949 493
986 204 879
946 273 980
760 306 620
323 414 162
167 320 703
675 395 713
76 237 868
778 476 120
376 247 509
686 953 309
588 965 504
509 446 987
432 557 933
272 67 66
431 658 920
172 562 428
945 588 947
947 380 418
470 951 478
829 504 255
740 955 644
671 287 376
334 641 285
790 93 320
386 821 300
297 726 459
542 409 231
531 188 279
856 286 901
251 521 978
195 325 586
933 902 257
330 394 63
106 311 48
928 683 345
952 98 121
77 101 482
627 209 903
604 686 128
598 577 50
901 977 89
744 673 861
180 550 941
196 476 870
721 357 142
25 451 612
477 438 509
35 221 420
87 889 892
518 820 965
789 784 225
850 966 608
843 929 233
243 534 134
556 61 903
26 28 597
215 93 104
51 512 217
693 832 112
50 973 841
800 90 113
680 747 574
408 145 983
157 727 761
76 247 540
354 467 696
531 546 32
64 694 356
609 795 776
44 283 945
221 24 818
571 544 843
824 278 628
384 67 364
387 564 282
522 597 512
125 680 622
371 396 819
136 999 97
24 116 775
900 927 177
440 262 441
427 3 350
673 497 673
15 732 781
713 879 788
708 703 631
889 664 384
540 803 695
126 861 470
93 137 241
505 388 408
595 583 95
84 941 912
753 75 732
3 164 696
222 649 98
244 906 489
954 948 87
298 298 766
295 51 29
520 198 92
982 835 231
901 510 507
368 699 59
341 370 79
22 274 539
384 568 449
424 305 154
781 112 555
2 281 752
670 650 793
366 826 300
874 691 996
700 395 314
722 265 528
6 124 793
900 470 134
643 592 957
101 341 525
501 167 453
333 32 555
284 435 571
747 615 833
795 257 884
816 421 539
164 963 31
869 916 884
376 248 45
157 735 298
80 268 610
433 110 164
298 835 712
680 620 807
874 764 221
385 328 454
806 708 971
254 42 371
231 398 63
539 59 806
183 492 4
447 267 972
365 894 603
20 859 40
584 464 339
111 441 735
807 107 952
982 303 310
542 113 910
323 981 832
865 300 57
373 371 474
437 936 852
241 222 517
672 712 479
182 213 148
401 626 294
201 605 589
24 526 918
509 499 398
824 130 440
186 502 89
842 716 237
863 445 566
103 23 415
411 930 678
642 67 266
852 76 407
648 330 783
876 962 496
492 197 594
64 66 485
76 113 290
699 496 215
698 976 788
714 546 316
896 801 903
936 590 208
784 866 13
94 685 958
317 872 5
678 227 513
676 11 408
77 119 219
530 560 296
655 192 859
544 827 859
394 867 380
751 138 764
137 738 415
269 334 399
723 519 106
618 217 652
977 423 562
501 860 210
618 643 392
610 469 980
265 878 616
468 3 868
804 717 402
347 452 240
629 850 928
944 57 34
716 851 352
541 38 562
440 469 810
822 56 742
490 64 319
801 372 471
418 43 373
529 563 595
677 481 410
158 553 908
396 814 305
426 574 557
259 971 158
368 903 473
629 794 749
684 203 474
289 527 865
687 642 834
788 502 389
13 355 101
770 724 387
636 192 844
738 706 984
674 237 206
516 304 392
847 202 548
787 606 156
34 549 373
686 417 753
885 934 354
871 412 164
222 562 562
908 44 756
309 627 829
362 644 173
532 433 592
424 851 218
984 215 562
853 119 261
347 313 625
149 909 497
568 54 584
472 92 636
365 854 490
263 707 414
790 223 352
720 417 949
633 225 31
146 1 511
287 747 455
823 970 232
552 957 977
529 996 697
1 675 952
254 503 198
239 501 231
183 540 858
231 513 933
134 10 662
592 963 51
752 565 169
943 233 611
182 347 603
189 168 946
755 509 268
12 377 538
770 879 997
608 690 292
528 603 981
892 235 740
254 323 533
62 804 132
692 694 493
319 888 912
59 117 265
655 298 768
0 399 580
700 155 859
550 737 419
946 698 309
236 104 799
452 677 319
923 756 392
791 651 825
652 394 53
670 848 827
562 926 347
791 821 918
492 2 222
438 231 792
90 523 205
717 708 856
125 333 513
416 824 61
178 675 687
280 680 607
959 172 216
855 730 122
883 724 114
87 305 315
912 736 132
672 458 481
256 103 208
878 759 856
234 295 610
316 373 475
802 448 855
314 545 271
448 690 299
651 458 257
199 450 915
789 724 190
379 569 409
522 827 497
440 911 191
328 187 818
45 137 456
207 685 407
632 809 190
881 273 173
952 115 504
367 607 221
475 96 766
873 164 591
41 375 768
890 680 101
568 323 890
252 982 235
684 541 980
61 559 848
114 193 972
1000 810 219
676 239 806
780 79 336
605 446 356
822 275 778
323 306 921
730 81 195
558 606 388
535 679 73
915 519 671
895 80 415
424 351 648
469 539 451
669 257 579
131 707 701
121 47 379
286 855 794
524 339 228
895 782 463
217 875 290
631 999 274
612 703 452
403 989 650
412 41 289
984 27 239
624 975 919
620 246 392
75 168 84
703 870 887
599 316 269
441 197 988
855 591 23
473 738 27
942 607 28
241 796 607
997 35 420
990 991 169
39 276 602
998 93 637
437 491 212
455 96 137
395 286 482
151 136 605
426 794 938
150 439 986
512 809 100
33 857 23
221 648 136
369 874 475
45 610 894
129 775 568
538 151 776
835 296 224
408 609 664
949 924 960
819 481 13
540 406 546
273 466 148
915 339 392
966 537 656
380 713 601
356 856 589
636 974 374
184 612 40
246 762 383
251 18 729
492 945 895
338 136 970
524 290 458
583 469 578
371 190 789
255 687 150
84 388 163
546 912 19
123 616 490
359 394 641
901 342 611
298 707 663
353 355 164
828 281 376
158 443 654
900 698 149
932 836 51
699 724 452
863 319 635
343 756 838
473 880 733
50 128 782
156 80 423
988 932 750
586 974 934
115 469 467
239 67 272
742 392 306
761 867 656
26 775 335
499 584 859
570 487 501
318 237 554
873 316 363
858 648 505
610 7 562
985 293 154
343 332 100
872 254 337
933 542 938
567 963 238
800 361 338
895 588 201
329 811 511
506 987 614
375 510 96
85 440 641
86 998 114
859 904 560
747 752 460
633 833 736
199 971 66
82 385 827
420 287 754
774 808 974
141 250 932
192 703 946
595 1000 333
157 697 229
387 482 440
514 111 800
516 48 64
905 210 56
364 857 119
551 506 193
210 77 483
970 356 182
984 973 969
970 712 687
137 16 767
795 251 909
217 196 137
798 959 121
99 52 88
279 394 463
889 579 550
492 750 742
306 218 437
469 458 82
10 764 515
340 388 884
98 914 365
257 343 181
297 696 535
344 436 676
848 99 273
865 634 976
363 858 734
530 105 602
910 740 802
714 630 56
337 259 880
80 882 521
283 713 379
680 431 978
761 807 770
404 237 977
782 868 756
652 197 516
725 128 485
700 87 189
61 928 885
417 26 940
378 591 570
343 809 355
76 760 262
275 50 854
450 41 76
373 763 430
424 909 849
213 979 568
886 618 887
58 951 276
509 100 347
463 858 889
323 829 652
414 87 217
336 850 677
508 584 257
455 474 530
72 806 655
290 597 652
427 397 466
411 150 629
162 480 451
934 351 400
49 323 736
624 384 880
728 650 587
985 247 775
460 879 651
608 737 534
229 316 683
335 589 565
358 796 759
669 968 289
899 992 933
178 90 390
574 220 775
442 983 443
799 999 234
595 908 546
91 615 362
386 694 460
733 858 119
738 814 182
178 846 765
0 71 28
388 414 728
721 141 935
129 963 244
967 170 424
746 387 384
825 615 122
456 284 36
862 143 862
908 802 488
34 623 183
694 381 580
395 564 776
989 854 874
971 574 924
429 908 693
502 974 63
297 486 12
174 493 187
320 722 874
800 573 857
268 843 788
757 551 500
365 632 523
239 476 107
758 61 438
193 472 200
981 927 377
509 744 653
119 197 467
447 11 975
400 36 489
726 404 719
80 169 482
979 16 564
693 295 847
436 424 880
740 136 735
44 996 82
145 188 978
460 783 874
356 267 650
377 521 754
683 215 367
850 659 308
145 144 290
537 30 400
340 258 330
476 413 929
472 291 883
551 309 555
534 932 628
260 505 722
802 593 721
399 185 952
329 596 575
702 876 983
245 620 555
306 873 451
686 676 129
675 584 872
544 298 590
990 725 905
535 425 963
461 104 430
392 425 916
484 304 823
600 432 547
56 115 508
50 77 279
402 233 966
884 1 546
657 727 431
533 235 176
429 992 181
426 25 181
196 639 307
52 944 22
376 185 101
503 441 581
254 162 550
953 652 418
180 166 833
729 925 75
343 51 443
186 867 537
746 567 191
752 444 185
956 611 958
481 853 948
965 738 660
426 23 137
529 414 126
39 612 217
473 998 389
448 515 614
375 845 838
569 378 661
816 527 188
682 960 320
971 378 845
548 545 702
502 285 517
380 794 971
384 656 281
201 851 711
286 900 745
810 274 263
74 143 2
479 955 862
106 601 143
148 205 534
608 413 852
174 862 616
410 663 534
823 911 850
241 912 163
419 893 17
736 117 359
805 843 480
570 973 489
639 841 741
473 742 942
609 613 642
984 450 453
34 35 708
137 156 450
433 14 533
954 958 912
114 561 468
294 459 909
686 797 609
48 774 607
532 54 774
488 786 534
879 780 901
122 227 946
321 665 609
738 796 584
140 543 81
315 619 932
694 529 119
743 990 178
319 556 111
46 728 303
278 440 547
704 795 245
839 804 675
775 75 845
177 827 790
904 704 571
46 961 850
916 362 765
172 397 140
845 53 685
926 470 898
546 756 602
869 289 227
930 197 529
257 402 673
154 250 911
547 836 168
845 223 593
141 716 532
862 596 754
981 901 55
916 456 646
172 795 262
271 64 869
867 385 902
994 810 374
970 789 952
319 87 268
124 548 640
239 592 459
677 848 980
814 914 387
854 231 175
43 373 422
344 190 42
915 296 957
105 66 897
546 366 318
61 440 726
988 372 309
886 343 344
245 150 132
577 984 343
570 747 583
303 7 18
759 683 646
86 413 545
906 197 120
20 386 54
943 938 365
673 618 732
849 187 321
581 145 192
674 174 577
32 101 418
465 798 969
225 67 267
964 870 640
486 320 476
71 920 888
897 535 394
703 872 297
551 752 326
79 737 47
151 666 847
784 553 257
339 311 186
932 190 212
277 653 717
365 907 585
269 194 886
821 347 614
130 298 811
120 371 758
761 475 838
565 159 896
333 609 557
944 883 124
275 656 225
535 506 338
357 508 740
400 130 150
590 42 567
927 993 944
519 101 547
396 484 180
726 997 80
999 254 618
736 201 731
591 865 131
43 473 922
479 985 391
225 702 703
84 128 582
546 550 210
74 605 282
94 205 219
260 410 220
38 822 318
428 667 606
306 169 457
929 152 196
138 94 479
326 562 271
528 520 999
741 470 38
567 350 907
413 906 271
70 108 680
686 811 700
83 566 57
475 854 942
170 528 785
115 826 520
197 894 598
758 678 345
741 754 148
478 944 891
815 341 211
545 547 130
295 77 982
858 75 444
11 785 997
547 211 693
829 381 552
705 63 234
336 599 447
383 831 536
812 705 937
84 446 641
881 744 971
21 426 778
211 513 200
706 543 861
560 483 919
198 66 2
603 864 907
167 84 110
690 96 755
748 589 709
860 862 742
720 470 901
445 398 995
95 802 959
948 348 854
149 792 53
573 810 540
550 378 620
215 760 172
240 809 516
331 198 208
356 961 2
431 230 539
766 599 392
297 868 138
148 425 379
701 348 471
440 751 173
193 996 366
526 92 151
517 131 125
228 77 28
600 483 667
544 144 963
549 638 301
316 833 703
799 94 806
26 923 193
134 937 590
825 141 717
135 795 425
417 57 918
854 189 503
242 51 455
56 539 445
72 835 348
629 16 883
131 18 56
794 656 752
899 659 373
428 160 685
939 171 837
634 349 869
550 506 513
618 979 184
478 684 862
184 543 796
407 69 60
721 112 61
357 466 316
967 393 236
829 643 684
186 630 63
514 653 439
730 177 109
518 823 507
743 149 583
751 166 744
29 926 893
991 49 401
740 481 319
105 229 272
882 764 189
203 79 75
69 315 886
577 759 63
573 60 291
239 904 245
112 220 571
211 868 412
509 417 600
615 448 450
4 922 444
82 279 365
684 183 290
854 49 514
51 933 156
1 371 177
970 632 941
620 898 587
679 272 419
161 90 170
228 826 755
316 571 91
506 191 680
819 775 717
223 38 371
791 769 657
913 40 458
986 6 939
823 12 156
678 362 981
951 593 617
675 216 784
411 48 608
646 529 77
472 233 853
38 391 229
704 349 677
731 630 522
773 797 967
378 937 812
975 330 130
673 579 500
244 629 298
83 471 472
589 900 60
218 558 587
75 958 551
103 518 956
25 930 794
416 869 701
200 48 366
98 753 764
685 519 943
691 196 136
783 806 685
448 153 65
36 370 700
411 746 726
700 928 697
762 640 797
249 238 139
635 193 384
253 699 53
383 132 133
813 455 689
469 5 442
595 85 521
563 926 399
796 932 706
313 557 781
627 35 880
287 727 754
822 731 227
804 787 959
581 787 169
842 801 63
785 951 753
700 523 532
915 339 519
270 15 381
208 198 571
125 321 593
500 517 562
686 767 337
993 422 655
306 156 730
443 543 536
253 59 493
440 528 115
709 220 903
105 355 519
625 603 358
356 537 103
539 472 842
908 827 570
500 207 452
458 545 890
147 332 599
350 590 84
510 145 549
865 958 923
488 67 271
1000 639 48
188 410 381
654 426 273
275 131 1
821 467 398
438 758 376
117 412 658
870 553 76
954 836 977
695 245 952
347 751 688
918 119 311
132 678 999
204 666 528
396 591 115
924 827 561
897 40 213
752 873 897
692 384 664
75 664 327
292 781 264
174 860 150
295 536 187
625 553 815
560 108 375
377 577 154
635 151 101
234 724 413
797 148 32
620 314 687
467 39 262
424 927 595
393 806 439
169 851 136
455 421 534
412 686 598
774 212 653
996 186 71
272 663 487
303 284 459
353 575 182
41 407 511
796 490 339
218 854 304
80 437 737
354 9 208
447 569 158
961 191 821
673 110 104
604 286 7
18 209 210
549 420 900
163 299 898
909 585 981
95 772 202
355 171 922
887 348 116
140 57 123
66 434 275
224 950 680
808 200 368
973 346 336
29 922 779
563 740 115
947 86 136
10 469 548
8 676 563
687 22 986
84 722 111
116 654 695
357 363 256
451 260 971
296 792 614
451 371 174
43 486 832
630 90 639
319 15 91
654 499 172
233 790 212
594 185 848
853 382 908
955 936 599
638 971 553
789 419 488
847 259 328
874 528 605
524 215 544
762 143 245
88 302 636
700 321 485
691 144 43
355 169 2
842 684 687
965 221 813
49 342 224
938 582 268
898 523 951
334 955 852
162 433 386
977 881 704
706 530 708
876 650 694
135 744 972
205 904 623
929 678 940
646 132 678
723 220 145
469 45 834
540 569 492
413 272 305
951 90 183
120 544 449
869 69 630
854 481 27
383 235 817
209 543 929
866 133 839
11 819 155
452 864 911
48 597 804
869 446 535
406 715 430
669 277 221
433 998 453
20 569 637
320 958 901
333 758 569
702 728 699
792 1 688
673 493 177
244 612 224
551 660 960
737 932 198
945 381 332
521 784 300
713 314 582
117 122 845
987 255 711
779 363 612
901 632 774
690 115 143
583 995 192
856 200 389
194 129 573
41 539 427
257 363 869
690 622 9
964 142 808
975 471 907
129 418 231
919 919 430
724 492 715
166 13 48
116 747 519
44 544 744
570 608 184
867 690 688
60 207 674
478 49 290
525 372 199
776 755 5
134 327 223
364 261 933
985 523 904
14 423 164
479 9 328
214 590 279
0 132 532
289 347 576
628 665 546
850 361 330
162 318 549
675 417 302
143 788 458
770 479 435
26 654 415
489 912 282
374 834 449
563 44 215
120 297 331
325 322 198
870 63 917
571 524 821
356 190 941
888 51 243
330 471 231
46 714 423
996 706 743
408 689 727
646 771 507
374 610 741
194 119 87
626 300 309
919 323 544
956 844 335
115 176 111
317 692 208
115 720 808
334 899 199
233 192 760
993 58 807
591 896 997
440 974 240
313 307 704
708 469 592
433 862 672
846 247 122
49 107 882
977 832 68
160 472 551
244 943 911
823 355 485
774 290 545
442 833 616
992 241 962
732 372 349
832 357 403
633 771 441
871 433 471
370 223 251
150 578 771
339 230 25
310 551 697
133 388 482
347 275 635
875 439 764
369 20 767
783 441 922
207 411 484
675 977 139
556 954 6
823 250 193
888 228 628
919 174 33
654 388 62
913 638 764
886 634 5
397 864 461
318 392 973
309 857 958
710 361 28
468 917 689
300 63 474
837 505 289
849 387 735
189 805 217
382 42 96
552 510 79
940 230 425
151 225 626
549 666 319
680 912 250
636 88 585
534 929 161
272 522 409
708 194 733
688 279 502
453 963 360
819 942 747
809 788 667
619 501 840
502 190 73
49 554 60
171 81 189
169 864 970
235 677 949
465 834 997
836 728 281
642 922 796
636 750 4
25 92 62
103 196 353
626 608 114
60 237 74
540 772 412
72 854 819
114 715 5
433 637 23
563 301 105
243 615 573
775 412 164
489 329 111
29 458 417
951 722 174
985 754 266
64 537 931
914 482 89
308 337 1
947 147 774
567 96 26
405 214 527
986 305 451
920 131 865
463 534 648
631 462 478
101 964 622
655 403 190
385 955 820
376 154 40
955 177 148
813 122 60
702 483 143
777 692 966
819 621 22
42 633 301
589 159 691
857 586 101
372 579 948
976 748 348
983 610 235
368 182 479
9 796 922
171 486 324
464 768 602
815 764 338
568 923 344
899 792 620
70 56 728
359 630 734
685 143 322
508 814 616
982 672 221
210 773 139
347 726 494
640 993 944
999 191 454
343 748 130
888 491 592
221 420 23
949 990 804
1 968 580
443 798 376
670 933 598
996 827 966
832 164 128
60 809 244
508 809 892
453 454 936
300 985 434
685 217 348
119 776 201
816 338 617
546 696 880
298 601 994
983 329 368
219 607 330
125 188 160
776 221 629
581 913 414
177 233 900
470 844 914
930 91 738
44 120 279
738 114 247
886 265 820
164 108 488
818 35 918
275 283 887
947 991 62
182 875 291
366 379 554
286 143 520
111 919 857
12 382 424
49 501 492
241 500 917
25 329 651
346 914 316
304 89 8
623 790 789
110 639 293
554 726 273
103 507 37
813 628 327
931 462 301
974 471 727
489 172 316
294 360 811
657 191 759
727 999 840
989 568 37
66 550 311
203 158 426
247 635 292
255 930 705
229 431 559
143 905 151
683 671 402
896 635 831
635 341 684
545 509 95
378 791 949
799 916 696
186 882 553
534 237 856
565 513 83
921 89 802
23 950 824
856 538 818
945 909 377
81 569 719
193 168 16
784 846 845
142 399 905
712 299 432
252 787 468
138 764 83
4 659 566
378 864 445
374 840 123
34 521 599
592 550 429
880 547 984
966 246 289
771 36 754
526 971 4
65 914 301
508 376 117
684 385 692
469 359 247
669 587 303
884 317 910
932 208 451
448 314 594
783 206 870
268 74 514
510 857 265
255 457 655
876 139 868
336 987 867
894 195 432
486 533 906
573 881 428
929 135 450
434 495 426
226 188 901
415 283 481
435 890 187
785 438 987
238 467 778
764 295 547
450 392 54
898 279 155
296 695 408
468 245 224
896 673 931
878 491 217
369 837 715
890 26 655
148 142 867
374 387 555
465 384 391
439 365 416
755 854 370
45 390 449
603 688 25
367 872 551
6 73 13
556 177 363
327 504 472
987 962 72
857 582 436
295 600 848
377 931 224
543 998 872
294 779 582
493 846 804
796 451 630
123 782 996
358 911 277
287 504 935
581 689 993
603 5 15
310 255 779
302 216 796
582 783 68
310 543 304
177 629 364
868 837 920
688 262 972
889 58 909
545 855 367
719 39 568
245 736 896
447 137 108
599 553 145
948 524 547
672 906 863
734 158 987
3 906 690
775 543 22
883 263 565
385 771 814
756 673 726
951 562 200
896 980 29
748 763 829
258 408 38
725 943 919
33 168 929
383 667 454
161 152 279
833 441 757
753 455 257
602 633 124
74 696 123
833 183 243
151 562 875
739 540 445
608 487 796
395 995 813
703 948 274
56 483 317
957 478 737
525 878 333
619 332 549
161 202 828
163 892 352
490 971 824
532 337 717
308 790 858
206 361 230
464 440 201
515 191 587
319 292 456
908 86 72
629 131 244
863 201 806
936 979 460
679 480 476
816 566 541
732 713 245
379 403 727
226 301 801
69 542 394
717 816 728
446 472 470
273 73 803
835 328 811
30 74 845
484 321 443
199 149 910
93 708 42
894 170 389
937 274 593
70 69 74
421 500 361
408 801 164
626 931 676
10 246 961
386 326 75
572 555 918
279 797 637
515 829 707
875 297 6
531 789 230
929 99 150
904 664 415
596 633 846
794 347 737
168 23 802
200 761 711
502 155 339
609 348 348
514 983 332
135 616 815
802 44 767
991 295 92
263 610 156
447 413 210
48 216 375
306 210 208
125 536 199
246 622 176
859 723 963
394 335 760
796 265 66
417 958 391
670 232 221
794 593 1000
154 506 501
566 972 702
192 644 286
39 439 759
946 641 383
60 336 555
408 553 603
327 61 237
885 983 311
949 472 748
860 142 13
348 778 352
649 805 412
715 43 750
375 254 442
3 140 930
901 296 888
868 146 655
253 742 948
364 736 107
862 449 125
435 587 560
83 531 640
58 320 238
491 291 262
929 720 343
409 755 430
407 327 576
235 188 132
510 899 62
444 573 972
425 468 10
462 46 671
512 57 921
250 928 943
608 778 446
195 952 901
863 452 283
631 285 592
623 636 59
639 820 426
469 858 566
730 494 246
449 90 634
355 465 81
829 399 60
166 664 267
929 59 695
417 547 41
598 912 660
125 375 703
590 613 382
225 819 638
658 290 647
850 325 702
283 336 175
620 822 302
87 724 994
298 768 271
651 859 479
433 271 191
152 741 944
724 924 107
221 986 483
339 507 281
808 281 653
3 937 140
690 481 857
126 443 427
896 239 227
123 906 677
789 18 622
78 498 365
482 346 1000
187 872 752
503 384 337
714 663 395
615 697 631
771 433 132
909 164 363
210 509 772
2 490 725
843 876 713
21 130 104
156 0 773
699 874 869
713 920 153
321 904 337
135 375 705
953 888 918
179 364 52
252 734 94
657 903 253
797 690 663
208 572 122
154 430 199
72 198 273
235 883 240
562 989 209
55 358 494
207 664 982
487 388 975
828 721 643
863 176 715
871 319 856
600 300 119
120 82 231
640 588 65
450 324 970
314 840 391
550 800 8
526 888 483
713 390 735
49 711 163
635 315 750
102 740 653
462 109 746
361 640 525
535 260 788
887 997 877
427 450 825
710 733 183
398 433 412
158 549 250
104 97 385
954 247 446
31 286 140
681 58 698
483 428 705
472 176 104
683 807 576
618 815 101
988 366 272
256 147 404
646 761 15
499 667 99
665 945 706
860 355 109
486 373 463
258 468 306
496 249 249
303 241 675
631 415 559
246 673 357
159 109 293
706 245 261
177 414 97
648 443 586
21 721 819
203 327 699
153 37 574
475 425 85
807 396 204
255 626 166
576 463 344
713 312 694
266 382 417
960 240 945
862 88 197
782 57 658
574 655 481
508 703 995
393 940 97
699 18 342
985 500 627
903 888 620
825 197 123
397 685 424
626 256 458
617 859 225
591 236 233
38 275 550
451 159 249
658 299 445
78 970 468
954 294 590
20 827 362
979 612 316
114 50 514
972 383 274
411 284 166
100 402 855
111 265 995
758 66 709
602 930 498
751 720 357
579 153 138
355 67 184
558 938 711
918 591 794
362 263 591
457 488 576
782 670 883
918 607 124
537 715 424
203 590 519
710 400 708
982 876 710
422 219 482
50 47 19
299 492 664
697 883 918
706 353 235
462 192 713
798 507 550
416 142 841
53 944 772
769 530 775
370 662 166
833 355 195
848 783 89
22 80 31
886 868 854
587 956 348
943 638 560
42 276 875
143 933 691
903 789 292
675 108 157
630 131 901
47 779 691
126 365 741
148 869 11
793 914 930
520 239 29
32 334 392
173 856 830
283 464 719
611 738 306
27 339 976
932 821 460
9 71 649
261 150 639
399 901 136
738 550 537
333 314 505
389 227 772
860 814 621
249 374 253
946 483 319
287 501 849
586 150 98
329 817 618
611 964 753
573 288 982
811 812 547
615 991 881
402 630 828
556 680 683
453 137 112
969 794 722
359 493 497
990 866 951
550 465 439
628 437 861
475 292 986
521 499 571
211 289 117
297 451 321
907 281 415
532 401 973
416 286 869
597 677 650
519 687 211
159 325 354
745 121 417
20 96 508
382 998 69
307 603 522
753 794 90
465 243 947
103 116 339
874 109 396
520 308 668
763 260 155
714 176 711
955 808 406
831 359 705
802 24 8
976 757 69
236 934 235
889 873 802
827 234 262
980 606 897
168 863 395
860 368 502
159 312 345
691 649 768
265 295 416
857 109 869
325 319 213
195 813 893
446 601 709
8 78 361
649 406 771
220 286 747
44 293 920
259 561 564
32 479 832
261 557 65
330 156 172
738 179 193
257 930 976
763 614 503
921 729 362
511 768 3
498 753 55
720 151 816
459 565 736
408 731 352
36 709 625
653 747 902
505 578 344
215 811 61
103 943 805
76 34 674
31 960 427
32 237 278
748 310 918
954 689 147
138 655 28
109 239 243
629 174 616
763 788 891
857 784 741
598 873 108
949 880 178
134 45 818
602 641 695
9 661 94
821 348 493
589 961 990
688 14 748
905 688 417
431 484 202
429 795 529
639 889 204
485 116 949
629 347 379
368 101 702
427 915 62
747 565 115
857 528 29
189 414 684
717 225 273
800 719 756
883 880 169
724 874 869
855 438 186
838 564 766
853 825 615
582 243 533
288 871 804
763 926 78
489 599 121
481 202 885
499 66 966
905 428 862
610 235 20
563 308 596
398 7 228
626 495 321
337 135 985
10 900 740
286 998 7
765 565 420
462 744 905
300 52 902
65 230 603
996 84 394
118 541 366
63 607 535
710 573 728
740 119 163
904 391 675
467 703 311
254 947 292
37 418 76
104 696 980
713 61 523
68 214 574
447 299 122
420 616 518
211 52 687
344 969 86
963 535 291
581 496 931
636 326 617
67 8 281
515 170 298
917 508 371
939 722 483
984 553 669
631 159 700
920 977 989
304 69 94
146 692 2
699 921 133
175 345 504
755 219 400
302 646 694
998 738 260
71 696 931
123 621 355
523 882 385
50 667 220
378 48 687
679 841 52
553 8 84
236 707 451
924 931 544
774 309 382
371 303 926
669 147 346
372 510 220
850 740 86
372 404 344
735 360 325
215 301 282
750 345 339
753 743 903
702 936 762
871 455 139
270 812 364
676 650 399
211 466 386
283 597 292
206 836 469
5 255 34
584 884 196
174 589 81
449 380 992
229 880 174
736 802 964
983 268 362
73 691 410
932 344 470
497 635 843
377 61 739
296 854 138
800 657 168
551 625 683
751 498 59
777 731 799
490 905 479
454 73 451
47 474 954
121 887 310
649 214 290
907 837 105
432 167 231
329 350 465
406 312 970
357 698 189
769 642 280
552 205 252
27 210 580
216 296 406
863 306 341
735 821 85
129 839 27
291 974 797
892 450 49
605 617 384
999 802 882
686 167 482
1000 727 962
0 601 166
873 394 610
449 277 132
457 996 779
711 303 84
978 71 238
624 433 77
409 144 393
215 12 912
955 313 377
371 552 158
587 73 340
420 730 948
862 994 690
709 975 948
22 314 753
67 481 998
827 746 983
624 338 704
155 235 285
846 710 918
629 855 316
258 648 668
981 990 894
845 652 920
243 410 863
348 94 981
999 670 12
577 112 278
274 414 976
764 399 676
491 431 754
321 471 677
853 761 94
891 589 322
173 446 212
183 59 340
788 976 87
411 955 519
955 492 909
701 879 865
767 934 351
470 645 869
294 73 183
499 889 214
701 661 219
272 993 521
596 523 687
409 549 522
512 608 10
94 284 905
576 72 384
25 814 307
474 825 655
996 619 795
88 110 464
932 866 572
525 88 369
931 604 964
666 673 956
277 478 80
730 734 424
288 675 128
781 636 505
287 389 24
930 169 224
558 623 897
245 496 547
239 464 911
788 202 316
880 497 979
571 860 172
200 951 970
151 990 383
975 841 455
854 363 504
965 591 452
999 520 451
554 813 511
622 437 989
372 391 480
614 922 547
293 708 787
54 364 703
535 851 122
943 49 109
449 752 752
833 482 126
335 66 228
84 215 740
368 272 179
322 752 22
528 597 129
25 991 531
854 807 139
832 437 401
315 83 266
523 827 537
765 973 771
842 190 327
159 62 151
420 370 434
398 625 306
115 360 103
509 839 899
61 722 214
258 937 677
928 737 858
437 80 184
257 54 649
598 752 319
766 342 902
866 243 86
906 710 275
917 907 395
211 375 309
487 261 257
753 354 935
397 743 630
577 445 923
181 953 716
612 589 332
96 435 844
283 822 132
390 777 539
48 735 609
30 301 689
591 783 52
297 698 673
134 817 280
134 831 721
308 523 253
7 525 443
182 506 849
428 792 694
927 719 775
36 320 981
868 24 123
800 479 481
189 280 688
947 49 876
121 248 154
916 889 682
929 564 338
273 219 945
102 777 281
312 605 216
57 841 151
204 343 210
167 774 624
711 497 831
84 480 852
937 547 93
263 594 393
48 238 648
633 325 32
554 770 254
294 524 148
777 673 205
686 827 204
353 826 482
646 20 339
469 779 524
222 145 506
429 786 644
273 522 291
553 151 683
835 687 158
980 171 784
199 318 253
657 687 450
962 496 479
462 859 542
124 971 988
274 204 310
642 982 448
22 635 561
283 879 535
65 449 634
305 754 45
272 717 279
786 666 666
246 335 882
78 593 594
837 42 29
802 313 187
440 243 472
495 192 280
819 259 205
291 689 146
612 275 284
587 995 18
5 518 7
683 872 206
808 468 623
9 424 725
716 691 582
334 793 101
988 300 106
263 575 618
737 878 265
809 18 930
178 583 689
482 870 191
481 301 221
199 643 205
515 698 107
649 573 404
131 491 53
417 723 325
924 430 332
71 307 522
328 49 407
55 930 720
581 794 314
445 250 922
797 779 895
320 14 652
456 474 710
235 744 573
770 378 675
37 557 978
517 322 881
613 622 260
179 175 371
505 982 115
151 69 391
485 664 517
71 287 383
767 948 45
768 697 562
153 379 386
89 868 855
235 694 850
44 614 189
52 134 562
86 405 804
62 541 585
191 755 152
143 934 661
618 762 586
743 399 895
602 51 310
128 499 474
632 994 454
191 532 583
620 897 764
994 108 554
10 981 970
972 884 472
671 173 178
877 153 849
336 536 189
16 136 570
221 582 177
418 194 469
922 802 589
940 216 524
147 249 282
480 476 217
978 307 831
482 538 832
1000 578 395
362 909 977
647 529 319
992 70 352
872 404 109
534 761 700
571 486 71
197 558 318
3 168 719
164 601 815
707 26 668
893 847 523
7 875 975
975 231 83
10 694 177
724 190 511
338 93 20
894 78 69
662 875 551
681 748 570
441 119 38
769 832 456
123 787 969
653 658 995
713 360 501
750 174 430
632 225 320
157 340 47
221 787 295
212 227 156
623 453 865
417 108 273
345 609 126
845 421 327
870 914 179
34 795 36
381 307 536
418 94 783
283 421 691
88 642 752
950 8 249
788 671 51
252 958 351
94 127 727
880 679 762
794 66 324
146 813 86
906 455 842
877 779 689
172 128 902
589 491 486
534 175 998
954 355 77
783 407 530
831 469 3
16 579 618
140 613 594
540 467 328
988 668 305
185 989 136
859 831 930
620 686 150
804 580 752
843 897 984
274 784 318
173 586 882
735 157 67
467 33 365
330 589 52
332 835 852
36 775 186
549 908 664
326 157 710
892 178 860
727 968 66
458 949 750
794 181 593
270 688 749
12 318 756
462 612 460
101 100 919
742 702 376
467 32 872
519 780 531
667 22 127
469 895 978
84 652 883
386 31 202
289 532 742
328 330 490
455 868 660
897 697 465
467 317 6
767 801 253
91 981 706
964 45 939
329 808 830
29 857 598
592 236 344
36 286 367
111 670 157
665 867 253
152 925 102
46 95 837
82 531 502
626 225 492
389 930 574
706 408 409
164 813 73
2 411 948
214 444 266
216 272 984
31 947 377
56 976 665
122 554 548
599 512 70
473 754 171
694 130 277
783 243 478
361 25 800
254 785 952
587 967 146
152 74 756
128 342 41
983 270 798
591 380 235
556 176 366
85 462 577
317 61 288
171 646 985
881 352 32
786 965 260
828 444 636
380 417 100
969 873 707
789 680 829
952 109 697
839 970 994
22 623 772
519 795 584
118 819 614
529 900 680
290 681 982
153 67 663
609 188 927
800 815 240
213 551 676
189 439 854
989 536 413
523 659 935
350 559 353
330 307 512
322 233 316
832 885 533
263 75 803
402 242 524
256 562 320
949 981 382
103 60 981
701 62 426
234 60 104
853 458 546
310 442 275
830 338 744
298 136 881
939 345 595
511 680 868
772 840 833
959 309 239
775 135 232
255 977 220
518 296 2
624 668 580
201 410 229
291 488 382
349 220 285
674 444 243
224 191 704
303 218 261
42 514 507
75 84 514
67 330 936
783 773 469
613 592 196
707 928 900
144 123 579
16 147 220
496 67 864
513 696 174
246 610 56
330 120 784
350 849 634
591 5 668
156 90 6
775 442 196
490 756 24
517 579 754
153 869 586
412 448 228
433 566 412
199 908 998
356 840 340
338 243 326
841 703 438
430 912 136
370 914 272
7 748 900
53 468 65
800 136 565
715 736 89
491 247 819
426 170 154
669 542 223
730 935 71
848 816 980
98 583 159
150 920 289
813 105 516
117 908 244
669 351 968
458 801 638
902 335 545
477 651 917
858 946 382
533 433 293
321 860 988
989 435 637
98 137 125
588 557 789
990 58 454
231 94 68
980 428 309
618 411 755
318 576 706
642 949 727
135 683 409
63 200 278
818 379 200
649 959 225
637 555 238
838 735 374
345 801 42
7 660 285
87 443 914
319 334 707
259 731 14
712 64 971
320 735 307
68 498 227
952 918 281
804 324 813
51 301 493
536 85 50
327 12 348
239 374 123
65 606 558
257 83 525
628 300 98
624 413 441
673 296 256
407 450 150
881 982 695
277 81 320
38 325 416
39 646 620
846 393 513
47 729 253
721 548 887
325 105 982
100 197 609
718 268 545
24 578 401
968 285 36
91 600 119
8 13 16
659 90 890
599 518 13
403 510 290
707 583 496
669 800 925
157 246 258
768 816 152
470 579 378
736 831 768
21 403 868
243 17 947
583 364 531
709 683 375
781 259 618
792 86 286
394 50 2
30 983 856
455 435 404
592 662 753
518 477 743
262 326 810
74 487 649
434 791 755
495 770 529
19 920 331
41 742 258
198 620 802
436 106 818
988 19 778
143 504 187
898 125 771
329 31 537
152 144 659
81 845 407
606 952 23
782 957 499
644 983 719
556 268 356
908 371 395
614 193 794
844 348 964
510 319 835
689 42 507
282 134 13
471 207 533
217 859 432
117 864 907
14 158 94
874 175 49
380 603 969
304 0 212
562 653 370
501 821 643
729 859 514
618 884 3
192 927 670
258 413 138
482 447 41
994 917 280
25 148 713
12 752 883
852 657 195
709 960 535
492 55 875
405 349 536
155 22 755
617 958 151
868 775 99
17 374 746
634 940 107
609 54 568
346 48 218
188 22 318
510 953 292
549 823 227
733 870 46
68 377 504
518 658 334
925 633 740
91 688 681
746 485 632
461 236 577
132 761 588
662 905 500
747 446 65
774 530 125
60 551 820
125 218 716
134 885 371
803 976 846
165 84 866
803 350 919
618 586 590
487 797 101
511 714 734
733 940 17
489 760 455
319 1 654
96 918 350
74 365 658
733 49 945
161 770 955
714 588 13
922 830 28
453 517 822
561 185 60
79 616 816
389 717 117
25 521 440
14 404 734
985 493 523
308 914 761
552 332 587
172 986 684
63 750 581
454 57 821
586 31 17
393 898 461
104 914 892
366 645 533
689 832 658
158 604 481
684 246 419
346 418 41
218 453 629
81 20 715
512 224 954
810 900 47
740 237 235
149 460 512
863 857 334
679 973 150
204 948 586
415 107 988
276 674 975
790 85 936
917 795 657
58 410 431
680 622 446
906 108 496
17 73 85
298 584 196
628 297 624
190 643 439
612 241 472
763 766 40
302 56 896
909 535 209
11 584 652
115 548 630
99 584 44
929 127 671
687 936 228
82 942 881
591 416 270
756 170 678
212 585 96
430 115 644
682 969 817
927 731 590
230 380 909
733 156 468
251 440 668
38 705 195
484 142 724
921 502 559
150 92 61
866 493 627
293 455 203
106 760 497
765 637 201
769 869 180
165 22 478
364 933 755
300 416 962
433 480 867
140 924 106
70 225 503
784 241 60
630 100 38
294 365 494
194 364 924
454 162 590
573 907 47
53 853 860
671 75 951
328 301 996
94 400 867
768 404 531
625 509 284
613 898 748
981 174 134
510 685 387
799 877 209
969 837 179
590 90 464
953 298 515
543 313 400
23 908 405
800 831 195
887 522 587
46 495 816
369 123 885
555 155 79
831 408 819
629 897 679
201 633 704
49 454 728
761 322 651
330 848 330
253 120 159
967 498 505
317 105 354
444 698 693
170 132 202
621 645 752
446 849 24
210 52 891
955 249 292
239 552 911
820 193 640
750 359 647
755 236 884
985 103 568
968 356 540
533 780 854
767 267 119
573 380 692
745 376 343
405 685 437
992 777 171
376 131 340
732 232 754
319 689 736
489 581 696
492 871 452
327 161 950
597 449 587
794 931 253
834 723 709
941 558 435
822 554 826
427 394 417
400 647 906
951 762 236
917 683 74
119 946 939
171 882 73
510 587 460
823 556 180
860 252 941
556 738 940
841 294 206
839 356 383
108 152 213
820 485 203
734 320 135
227 682 200
624 69 632
668 158 987
960 65 651
52 319 935
381 126 211
644 660 539
128 392 804
465 249 251
146 895 338
874 889 814
874 579 916
451 83 846
334 188 660
913 19 498
277 959 646
813 99 609
977 947 546
448 593 690
475 452 933
625 468 742
325 430 385
704 669 365
790 340 944
250 673 647
960 661 854
447 451 492
537 927 50
592 148 541
631 178 297
818 127 984
819 387 1000
979 124 165
161 86 283
302 835 702
718 208 624
657 309 424
532 768 525
833 57 675
363 855 253
217 206 624
746 313 58
71 115 541
429 283 617
147 531 652
565 615 213
161 129 853
152 20 477
749 266 633
661 495 792
492 695 613
434 319 294
314 386 636
386 607 161
836 967 202
949 897 521
337 390 745
68 829 196
747 129 374
280 351 329
827 992 27
15 417 138
328 104 938
177 748 105
819 894 414
979 86 712
57 848 212
194 624 112
528 662 658
33 634 854
802 761 295
273 14 549
95 814 851
770 593 667
113 778 385
810 346 919
58 832 442
333 679 636
761 450 792
601 941 814
333 486 511
205 22 909
340 628 331
65 227 141
597 647 216
457 765 192
80 559 326
570 242 988
830 142 885
347 155 714
768 772 99
113 170 877
273 898 642
539 174 395
11 534 340
877 664 181
335 709 111
160 719 455
730 275 19
267 507 682
122 75 988
183 161 977
879 307 388
734 346 636
364 882 527
603 867 134
13 355 12
218 613 154
730 361 73
359 476 240
993 694 616
432 831 368
632 532 615
786 511 259
881 502 979
743 559 706
237 199 823
101 335 960
742 360 150
946 392 603
536 648 713
819 764 666
771 531 552
138 706 116
152 700 530
26 916 928
755 468 281
730 475 504
397 684 954
851 766 408
226 661 943
964 528 895
609 551 147
57 158 400
326 639 706
856 657 1000
720 82 95
46 435 916
44 310 546
812 384 192
530 285 228
477 233 603
958 629 517
992 536 652
837 280 277
889 669 397
280 456 6
818 560 778
301 562 172
729 561 560
184 960 869
198 978 294
64 719 610
93 525 183
402 331 550
271 978 271
492 897 815
173 102 975
891 259 893
395 535 571
377 704 201
360 333 999
139 942 688
784 664 543
401 35 749
652 20 972
993 576 244
538 11 14
638 793 469
932 26 679
562 107 920
519 431 585
483 370 658
541 214 53
761 661 315
136 663 882
300 477 691
197 844 781
597 472 243
278 642 299
980 467 563
43 112 904
6 916 375
526 764 576
286 259 92
572 93 755
352 326 818
750 820 918
894 977 301
471 361 272
192 464 776
809 859 613
463 237 642
666 309 825
215 331 683
836 490 761
250 112 907
745 438 549
84 76 372
438 244 228
364 41 511
609 237 851
107 68 73
29 867 500
876 141 419
441 813 429
63 561 751
568 192 299
859 513 151
829 576 520
287 138 470
785 332 438
255 895 232
403 698 572
849 716 443
724 479 72
853 189 636
588 756 156
425 168 336
524 980 512
416 978 235
560 511 980
766 947 321
86 616 953
681 185 241
580 826 903
112 196 865
162 204 394
840 238 613
791 787 123
98 146 87
832 670 974
175 867 980
32 41 196
652 482 132
14 1 459
526 620 751
357 93 771
140 339 31
280 96 48
950 52 387
433 453 104
496 52 843
643 987 762
619 316 960
129 929 736
592 739 275
545 222 711
116 633 820
638 184 614
243 10 268
429 19 593
947 663 478
889 750 400
350 241 284
207 731 49
824 404 910
17 527 260
812 17 416
131 110 853
306 292 984
941 312 652
229 318 296
142 458 594
368 761 425
229 266 361
49 995 740
365 546 210
602 799 345
886 983 707
412 13 627
642 858 746
374 996 693
748 130 523
831 201 45
645 987 878
188 797 911
554 530 59
600 858 101
523 986 630
595 162 131
212 124 985
321 739 718
962 866 953
746 56 938
905 626 63
259 327 531
402 760 194
319 366 398
561 810 510
51 328 494
612 150 83
301 116 949
118 776 731
75 429 622
967 539 760
828 970 533
892 593 125
255 576 602
759 804 701
379 583 239
877 141 253
729 128 808
238 559 256
754 80 324
42 501 544
285 398 412
420 273 852
601 875 277
884 263 842
992 337 87
314 261 659
808 989 328
574 589 683
329 985 995
930 668 553
755 799 947
468 171 841
447 240 139
456 218 697
209 188 786
553 685 361
275 534 54
352 357 44
823 43 589
667 935 44
107 533 923
369 312 88
512 674 413
676 582 773
979 227 423
916 843 406
786 419 111
520 236 182
731 146 582
921 718 365
506 538 531
470 265 210
26 454 819
135 257 134
624 385 794
704 894 7
724 141 757
45 931 298
444 312 889
40 473 213
69 901 562
179 552 706
621 69 583
447 589 585
13 439 639
215 166 426
572 967 777
508 795 219
471 682 426
962 353 727
272 326 989
496 926 561
375 761 108
639 3 138
323 472 483
501 71 230
298 214 467
486 388 1
882 652 617
701 231 263
446 789 20
294 348 240
253 582 27
925 537 187
721 514 69
208 524 875
206 805 971
659 655 287
825 650 958
590 65 774
501 807 775
383 492 406
992 135 613
367 860 848
373 217 860
308 79 848
145 669 213
491 737 284
54 805 500
17 16 121
43 599 467
201 329 840
60 151 373
24 944 391
352 19 824
35 338 967
723 272 900
413 440 790
695 164 410
398 774 495
283 256 433
756 404 5
62 448 406
911 770 945
595 788 610
448 503 867
208 145 594
574 823 692
447 626 967
375 4 453
381 330 444
257 16 67
116 843 150
169 261 852
522 560 787
535 71 66
282 18 3
429 926 680
881 698 738
608 975 634
679 966 709
453 621 55
951 3 567
827 312 566
410 442 471
158 768 882
853 634 380
652 618 676
5 580 404
654 404 701
261 392 526
724 487 130
472 407 208
563 174 143
497 601 875
827 311 136
243 471 618
883 47 15
776 988 314
526 153 991
475 696 52
292 885 887
124 461 249
180 839 101
105 467 820
778 535 434
29 284 564
909 796 905
488 668 747
276 994 11
42 242 988
568 414 809
885 416 442
152 532 176
221 109 139
232 402 46
731 313 331
183 169 35
60 847 873
757 992 925
296 577 346
786 329 873
440 869 779
669 493 468
323 544 24
709 427 484
374 955 777
161 85 959
6 958 243
859 815 127
367 820 522
827 343 975
693 873 137
11 329 553
280 96 899
640 228 25
706 781 107
381 905 125
986 165 48
924 982 169
220 133 410
977 897 634
388 598 893
472 424 78
263 878 774
363 369 961
910 807 389
412 771 207
705 925 277
391 818 895
568 13 190
995 913 663
308 606 1
720 948 486
191 991 628
153 703 239
888 490 531
141 67 79
312 568 110
223 572 909
524 777 320
744 325 206
756 422 20
478 320 886
571 304 587
634 79 377
58 156 177
110 966 312
341 178 1
714 528 919
665 445 698
990 839 641
658 727 219
556 547 439
18 361 141
703 301 911
284 1 693
720 922 515
997 210 234
238 413 153
535 487 359
5 821 406
903 895 889
394 928 713
1000 985 864
725 697 653
275 344 812
860 587 666
541 892 798
619 427 386
300 441 319
747 911 907
785 682 8
211 523 973
908 39 501
13 830 495
232 16 762
777 756 308
159 421 144
633 745 359
318 135 872
142 991 998
423 88 281
761 819 875
911 6 700
221 573 232
331 15 171
509 584 998
576 944 167
632 962 684
446 604 475
836 479 39
221 10 462
483 714 394
598 298 528
831 841 289
774 355 709
515 525 352
664 838 874
764 922 21
680 251 962
522 849 700
838 345 782
819 997 552
425 409 79
58 723 612
287 751 220
826 139 378
904 553 704
153 485 704
95 48 502
990 637 762
616 682 408
96 177 506
871 961 911
645 284 296
613 213 280
708 449 249
734 878 296
986 695 701
401 430 693
649 459 915
870 226 543
929 167 262
575 345 932
49 289 769
554 929 732
618 406 811
315 208 986
115 957 222
592 995 202
637 388 897
436 792 688
467 671 239
681 582 902
140 736 619
2 542 146
287 979 679
976 393 619
302 929 810
973 642 353
661 781 506
190 635 184
247 69 263
965 965 884
469 936 602
792 941 251
26 699 35
745 932 234
736 464 702
874 827 251
798 46 435
503 781 746
23 691 698
39 615 503
577 770 960
700 774 711
295 951 997
425 766 658
352 381 997
865 899 70
383 788 732
536 216 144
713 359 374
844 331 281
887 544 618
914 171 742
212 959 96
243 323 880
495 551 840
606 750 1000
964 378 19
989 780 203
334 806 477
886 98 379
297 573 757
882 236 218
872 4 102
88 789 795
128 533 413
723 768 909
498 388 790
603 736 114
548 302 940
936 923 766
784 696 305
640 519 68
274 876 171
882 762 865
917 368 780
396 298 786
999 278 55
252 738 1000
195 692 750
578 232 557
238 633 662
780 586 759
46 243 243
391 809 780
743 306 681
364 207 157
490 761 192
806 253 875
722 7 82
322 683 130
573 164 998
129 627 160
706 0 608
817 294 293
450 575 126
274 497 793
284 423 737
426 807 838
243 88 958
752 651 587
633 189 343
972 241 462
325 63 986
326 121 53
16 522 521
219 231 633
526 202 243
54 502 526
641 110 99
848 81 204
517 641 72
890 152 44
426 379 204
666 243 748
364 230 334
754 533 136
710 803 715
279 134 824
423 113 263
842 188 303
530 993 766
740 969 185
158 532 766
13 896 585
909 734 293
410 715 258
32 994 965
485 359 40
445 484 77
778 76 416
781 318 212
431 34 67
413 717 18
733 567 107
932 420 311
723 78 742
68 707 25
115 354 751
149 103 178
916 360 475
550 999 121
350 45 236
184 533 953
912 831 878
580 48 996
949 445 120
532 365 691
980 685 456
480 519 414
99 638 533
392 144 74
61 815 50
167 30 618
975 465 811
913 330 847
256 372 915
334 184 596
842 311 635
754 454 817
464 928 335
27 491 133
681 970 187
926 810 300
689 611 647
217 758 867
301 753 71
605 2 897
954 997 982
348 187 25
299 845 26
861 54 925
46 569 386
763 359 801
379 172 584
132 405 625
52 658 45
546 649 865
796 535 361
68 314 783
752 605 717
457 675 485
160 460 355
325 10 311
324 78 672
268 910 242
43 757 327
257 304 619
626 644 210
468 283 76
469 29 45
669 891 910
917 16 814
870 380 199
278 42 668
493 294 176
81 629 505
530 48 859
380 376 160
140 190 999
61 60 840
519 839 833
354 958 716
533 286 743
268 649 585
609 139 505
824 419 975
367 252 96
216 782 802
281 97 201
494 479 293
797 687 869
183 139 646
48 81 91
88 493 77
614 790 833
445 747 196
775 565 586
158 302 132
648 260 792
621 269 931
361 731 277
183 358 760
488 288 717
54 239 382
586 999 378
435 16 484
410 528 512
284 367 608
841 665 790
43 536 358
772 317 227
479 569 637
329 352 202
95 142 614
838 942 127
172 735 522
707 305 169
395 601 418
423 443 786
641 511 119
266 916 721
858 947 558
675 715 965
20 695 514
167 743 432
893 127 568
554 180 148
326 723 125
771 719 205
818 289 631
738 505 510
505 494 971
313 713 791
94 295 778
319 946 240
678 814 327
979 287 817
228 484 954
967 394 506
791 883 710
999 19 208
723 528 412
23 878 235
702 601 908
911 380 914
86 992 737
455 186 742
698 947 402
807 838 6
107 607 665
521 312 37
286 583 794
164 269 925
680 609 118
867 519 840
763 657 878
310 655 25
203 343 41
960 203 507
782 717 319
919 260 634
860 131 138
332 278 967
292 849 452
289 222 847
16 223 183
752 397 176
341 750 964
328 645 426
306 647 945
850 752 947
988 723 762
478 536 538
154 292 167
230 603 607
484 940 33
567 451 198
99 603 651
715 51 646
679 164 127
849 603 301
524 329 529
971 251 596
337 725 873
923 598 327
72 415 35
48 518 558
19 220 393
998 401 516
438 403 259
219 151 671
928 86 191
447 381 743
469 272 996
640 244 579
197 250 379
78 320 206
792 480 437
984 977 522
831 913 665
587 315 28
853 829 956
562 197 799
536 796 216
815 2 338
675 908 908
929 907 935
1 367 11
413 933 497
225 431 958
708 903 935
293 257 419
749 239 939
4 213 696
587 475 218
664 125 377
62 469 172
651 46 456
859 365 366
391 139 820
271 67 157
651 201 750
731 373 568
520 129 368
806 465 146
479 366 583
24 652 42
337 364 600
280 605 804
683 483 781
615 583 210
546 226 150
288 515 588
161 634 524
861 581 470
363 142 587
673 130 348
780 425 324
661 504 612
303 474 396
24 43 275
402 935 721
224 554 13
857 747 610
94 443 815
844 908 730
879 845 191
540 253 131
132 704 248
482 606 120
431 980 758
195 37 701
811 678 400
647 946 422
270 690 895
361 460 274
746 919 65
821 407 126
206 295 365
734 3 488
588 620 298
852 870 751
286 839 385
859 110 233
527 250 993
826 444 695
699 119 458
796 17 404
965 372 340
726 317 586
167 436 705
220 434 133
243 386 268
878 698 908
535 793 168
560 124 365
240 333 917
649 866 787
197 982 232
305 634 241
95 359 216
879 63 158
635 986 959
537 390 207
663 132 361
700 444 772
304 864 685
421 19 468
997 58 13
713 613 966
121 547 94
621 947 660
49 185 991
828 227 60
191 781 369
52 307 239
205 811 993
805 894 655
201 111 364
967 274 456
962 280 936
192 684 186
755 721 259
763 168 223
996 349 738
240 795 733
350 660 397
910 867 940
205 329 524
317 30 197
276 949 593
417 475 216
461 705 11
839 392 456
488 473 979
560 905 179
115 35 979
484 859 927
872 761 317
251 51 846
16 793 557
871 655 117
512 235 59
378 152 30
845 712 187
28 942 804
551 268 848
771 573 167
611 35 107
447 739 506
295 497 497
910 728 98
558 634 266
991 262 833
40 98 511
558 398 956
772 332 785
772 180 799
44 207 717
93 521 899
98 340 51
681 390 946
587 514 244
981 971 330
284 349 616
272 741 868
435 756 661
364 213 119
109 905 361
873 861 748
109 177 370
739 87 653
425 796 935
227 440 234
753 262 485
261 586 538
117 374 286
46 545 53
408 441 712
487 50 495
620 919 820
206 908 540
365 230 771
217 26 189
985 265 60
881 582 433
56 666 968
419 467 970
218 354 393
983 205 690
328 504 934
256 649 633
721 166 119
786 668 760
407 408 535
531 95 957
342 605 242
342 380 784
776 604 578
12 893 760
667 982 149
515 125 982
670 330 737
759 907 896
133 374 304
508 527 340
784 348 76
671 683 645
445 682 218
946 244 772
418 654 152
959 591 515
148 662 813
580 674 144
658 552 893
150 699 953
340 108 247
78 979 582
414 551 506
364 502 689
765 373 791
286 961 560
580 100 926
737 214 142
351 196 418
197 542 466
93 358 901
879 255 632
293 983 238
405 702 193
805 957 906
320 734 168
576 952 356
995 210 955
323 629 73
807 769 277
190 878 969
116 508 204
396 965 681
421 442 242
570 665 827
745 670 142
163 273 811
791 190 582
156 44 222
166 648 484
724 174 95
525 718 839
64 284 593
349 824 572
956 870 200
607 40 703
88 474 723
46 711 807
550 860 88
52 735 259
320 793 375
342 783 334
288 924 193
294 302 226
569 94 198
229 793 394
486 803 274
919 565 1000
952 157 605
977 943 582
618 593 356
675 379 758
25 703 712
688 201 105
856 634 279
203 395 358
930 301 405
400 692 57
701 210 739
248 19 528
329 402 306
165 682 879
675 326 283
413 688 827
254 852 150
893 446 284
42 966 162
150 410 461
788 699 341
628 588 271
20 919 916
456 616 325
932 719 447
986 723 949
729 618 638
458 681 407
290 394 151
244 676 307
621 934 591
292 826 772
814 852 36
97 90 618
493 473 478
586 931 376
65 225 261
763 304 12
656 960 208
512 15 493
47 800 453
866 287 504
543 640 902
207 974 542
144 309 236
942 606 883
530 930 712
536 990 73
459 806 357
316 788 893
800 622 106
691 302 258
48 963 492
516 776 570
346 467 513
398 393 774
129 839 204
742 224 832
278 780 283
418 457 184
337 49 531
347 898 787
524 841 874
739 763 341
334 149 939
547 239 868
807 345 10
292 328 137
992 267 556
678 428 27
210 132 256
292 436 380
597 982 968
458 510 212
937 49 590
421 970 324
984 797 452
985 332 33
874 243 956
245 17 304
946 845 289
608 955 932
351 392 411
720 43 134
180 356 169
989 711 582
671 361 14
467 934 304
102 701 548
284 92 355
505 253 993
786 369 908
528 726 327
701 765 202
682 910 313
434 719 198
971 862 762
451 607 829
220 427 172
2 547 697
219 326 714
324 811 400
478 553 215
539 373 980
722 1000 414
640 161 174
377 445 465
512 73 157
380 736 412
582 479 189
508 136 280
918 15 401
175 540 745
736 88 440
627 731 362
238 174 718
657 470 114
156 845 47
41 215 803
863 381 62
414 401 947
391 650 245
660 925 577
765 51 56
74 453 171
482 20 164
549 715 345
762 409 562
689 92 630
653 824 384
905 548 578
252 162 842
767 969 689
4 258 731
228 307 392
692 42 269
685 915 760
858 756 359
30 464 959
557 475 561
118 646 620
148 330 155
854 868 213
59 81 329
653 346 535
885 294 88
57 588 433
930 121 126
197 735 389
996 721 732
268 569 441
582 410 34
512 136 178
214 438 714
998 260 403
493 733 270
247 284 954
28 849 665
629 53 846
579 316 87
158 853 78
878 916 780
419 456 46
243 548 252
946 27 126
724 984 388
573 22 229
37 858 888
907 33 497
637 775 933
448 735 727
294 389 969
345 6 658
937 832 634
620 75 697
161 720 538
344 307 137
411 94 275
898 301 521
101 639 378
315 112 326
508 547 723
811 544 820
648 5 592
81 218 532
898 683 316
146 302 755
23 725 524
434 296 157
380 896 343
285 422 969
624 508 285
468 590 976
919 451 671
213 504 711
38 806 813
433 11 767
57 58 379
849 999 6
358 280 215
146 572 213
120 608 949
62 892 261
624 203 2
854 959 500
844 342 21
206 39 994
434 562 952
487 777 986
955 767 350
446 215 551
823 264 772
939 670 315
902 156 758
72 99 643
73 231 71
363 541 308
171 516 78
627 268 16
738 901 378
241 723 306
639 163 665
536 938 976
756 576 138
405 966 212
920 984 135
342 406 549
334 18 507
6 655 800
592 891 104
632 715 859
43 561 711
350 435 370
621 247 296
540 26 367
334 762 2
162 898 360
317 5 16
381 652 907
850 603 394
710 142 177
54 944 467
230 559 639
802 360 609
695 529 477
974 292 559
662 495 104
698 35 779
855 976 232
878 674 111
658 585 28
980 991 211
511 399 755
17 410 204
334 601 119
52 135 96
589 478 225
392 947 595
205 900 782
467 784 386
168 857 832
314 690 157
479 746 463
437 766 47
753 904 532
52 307 57
324 805 616
646 623 101
876 747 114
866 213 396
353 478 155
55 672 688
646 725 470
446 239 104
530 229 738
995 271 695
180 277 749
317 321 409
640 884 891
558 592 87
668 696 975
620 315 46
143 749 45
182 178 109
21 850 412
576 672 168
890 681 384
38 493 272
499 879 141
570 767 650
217 650 540
980 802 748
514 779 901
995 654 641
335 953 668
600 147 864
134 609 464
739 736 116
620 352 137
51 700 127
922 945 484
521 619 276
76 113 425
649 936 642
885 547 666
894 948 754
190 140 111
714 9 571
602 976 262
221 514 487
214 787 204
582 383 924
551 344 966
749 96 568
840 70 761
216 333 613
353 423 1000
124 734 255
582 158 521
542 19 169
510 998 407
107 917 429
19 174 405
122 389 546
857 114 835
654 872 996
49 5 271
39 742 956
118 597 52
921 415 847
812 293 435
481 537 428
179 47 728
538 521 946
861 979 644
160 944 103
418 606 113
522 185 299
47 303 321
766 851 418
318 171 92
63 473 566
81 423 205
634 543 576
230 102 920
93 68 713
805 739 667
165 246 756
267 420 146
899 367 323
589 648 860
204 266 402
254 731 321
30 271 575
795 473 318
831 677 462
620 583 288
748 73 333
835 468 993
36 126 189
402 411 75
262 447 483
702 825 928
291 205 898
351 398 943
440 81 327
499 354 114
191 383 961
648 549 90
736 975 772
274 832 20
224 92 573
203 672 302
501 837 584
54 565 724
518 483 331
598 398 9
578 391 687
370 965 908
20 458 701
618 322 748
585 111 262
127 395 239
180 963 744
665 290 368
5 542 578
647 251 37
843 732 268
156 732 323
998 141 221
58 458 288
933 310 856
319 447 927
405 85 890
948 347 641
398 434 20
679 901 475
551 463 36
86 57 757
680 498 804
374 778 815
721 724 926
785 129 967
515 140 820
834 386 246
265 654 95
966 500 544
113 989 800
564 650 121
861 848 685
940 798 104
242 154 235
264 448 561
203 311 742
148 439 536
861 282 722
373 980 348
943 388 985
568 377 537
418 997 123
657 556 351
94 848 395
62 847 300
713 998 967
955 808 324
122 47 114
699 237 281
491 687 78
67 694 926
223 551 636
721 2 76
783 446 916
196 366 292
391 630 460
996 930 368
265 330 975
726 295 863
70 113 23
863 524 879
655 604 394
591 132 736
749 654 82
0 831 175
299 884 429
408 547 664
520 462 452
154 131 792
621 885 715
126 577 164
630 782 690
513 931 852
210 787 275
186 518 506
765 44 81
596 948 692
64 283 567
729 707 358
140 236 82
942 430 378
271 446 33
88 240 207
51 366 693
261 767 452
738 932 668
618 908 295
641 402 47
79 38 621
976 585 373
724 876 829
868 926 514
51 257 605
887 494 899
512 360 830
364 488 478
896 954 854
101 168 491
409 404 182
949 655 882
587 991 910
939 921 96
36 373 308
13 179 338
181 694 327
616 384 0
698 632 614
889 252 133
147 727 106
851 771 332
122 835 123
671 268 224
224 996 383
126 104 812
361 278 370
531 654 350
154 820 838
980 27 78
813 134 536
222 390 906
119 779 1000
201 364 584
491 755 492
51 787 291
721 273 998
182 639 588
759 701 6
786 94 538
210 470 324
917 225 812
31 682 439
431 788 373
218 450 342
268 840 253
635 138 286
203 28 900
168 963 444
274 988 239
467 898 222
324 411 189
211 161 825
550 439 182
536 194 147
923 405 592
400 167 711
866 867 689
367 652 761
500 51 700
838 727 9
552 486 845
273 285 552
309 575 142
423 149 691
645 504 648
980 114 967
983 276 361
705 80 476
665 971 679
122 789 444
618 167 671
351 326 563
10 824 606
397 246 797
582 724 633
875 178 795
760 577 159
864 994 206
869 694 154
64 151 84
93 267 970
922 548 772
215 33 169
589 879 883
578 331 477
221 616 819
896 842 781
429 674 11
862 422 302
597 184 745
267 837 104
63 539 961
669 932 697
407 691 997
63 68 589
911 610 791
154 792 276
706 836 266
219 767 916
762 310 696
209 943 912
505 350 437
955 798 822
57 807 151
991 898 327
66 410 80
863 219 211
705 60 580
348 276 407
930 883 354
114 577 986
985 950 995
924 425 858
458 714 57
333 90 896
230 906 448
221 589 600
398 391 691
188 346 551
384 715 653
424 665 362
0 820 616
535 866 903
296 899 377
752 870 361
311 280 28
185 645 30
926 126 427
335 301 456
647 376 171
332 326 318
9 534 246
430 728 828
36 408 529
941 40 432
938 787 487
494 726 994
903 419 67
643 416 421
211 651 293
120 572 929
735 449 620
951 353 160
863 27 326
577 931 665
153 838 374
650 370 538
295 508 526
229 132 426
876 517 729
99 707 381
764 440 129
176 386 357
563 189 770
61 129 402
595 131 420
955 318 484
801 521 968
993 480 389
138 434 523
122 381 314
912 171 950
466 176 307
632 908 848
542 275 437
468 201 629
183 880 182
344 663 886
722 628 722
589 860 351
979 648 292
563 990 831
289 508 798
1 323 35
252 525 940
726 538 827
10 691 705
265 753 858
175 121 208
206 191 843
237 669 788
135 632 772
699 704 87
459 182 332
721 987 988
828 647 965
63 560 167
772 140 38
672 540 482
987 16 253
296 454 503
817 789 696
288 252 300
693 294 400
93 772 642
622 122 305
157 916 141
384 183 635
655 468 796
876 563 621
514 535 716
309 283 794
51 363 322
37 137 709
19 886 739
819 440 584
247 104 42
917 224 421
696 358 877
253 182 101
14 18 356
344 943 47
622 107 912
850 991 330
245 796 381
470 749 725
720 991 675
411 146 814
71 448 323
7 938 407
59 367 528
420 984 13
852 208 244
982 163 893
889 565 484
271 938 744
309 712 287
966 893 744
196 148 183
156 712 546
334 596 867
139 141 946
897 548 608
186 271 14
148 978 431
403 753 461
180 448 583
681 928 885
603 318 198
324 718 579
343 851 321
423 687 627
599 924 517
90 776 514
612 541 587
296 544 897
754 704 815
740 651 538
467 678 297
150 489 931
975 67 144
528 401 726
332 45 338
474 550 81
971 412 373
616 220 413
44 777 740
361 535 315
767 507 175
394 121 189
551 269 849
918 857 704
979 235 915
699 305 825
746 804 992
635 97 891
802 809 902
428 871 822
475 632 112
323 253 445
774 440 185
152 716 940
785 239 406
850 302 150
977 456 133
744 992 309
127 505 351
467 745 568
564 250 772
885 156 736
607 794 303
43 123 690
797 992 101
273 294 399
885 444 830
878 813 408
901 307 272
227 864 590
564 122 778
110 360 988
161 709 550
378 409 121
146 644 251
851 761 530
779 81 353
492 19 154
269 870 844
99 444 571
790 470 270
286 606 3
403 866 734
778 436 569
482 326 651
427 32 540
640 491 220
66 699 684
943 358 734
431 535 346
497 179 880
950 450 569
937 132 110
874 236 126
663 773 294
781 193 851
220 914 296
297 41 243
573 142 269
805 413 172
747 758 557
707 950 48
625 19 776
277 433 524
503 116 334
152 854 304
999 103 200
334 659 330
443 405 616
353 443 216
81 347 977
848 629 380
115 24 525
611 1000 675
89 247 774
334 66 355
303 191 304
853 76 248
161 568 862
526 389 971
438 418 318
312 235 354
686 207 16
729 108 251
262 67 762
981 607 343
702 297 945
587 107 554
758 554 367
1000 163 465
175 784 508
342 940 394
148 693 768
760 309 842
696 917 697
721 649 819
991 891 273
459 443 669
754 587 495
54 910 734
468 916 531
39 622 590
523 557 69
840 539 649
348 740 4
565 695 641
564 30 746
83 737 162
678 530 233
109 697 644
100 644 619
22 444 353
681 714 772
735 597 385
795 507 571
40 360 831
714 472 926
581 675 936
29 427 298
79 826 899
773 968 969
507 220 981
477 608 333
703 237 190
137 79 830
70 575 717
836 412 950
283 899 655
613 225 105
518 931 462
114 100 704
505 179 898
500 330 221
303 145 43
767 95 110
943 543 886
935 662 594
610 740 978
600 790 564
230 713 684
60 604 378
525 9 79
104 439 606
373 422 174
947 817 971
545 412 744
493 497 799
91 165 244
659 486 731
124 282 459
685 656 998
569 429 886
777 602 93
136 291 677
4 679 763
307 984 893
79 113 809
511 830 240
247 492 776
80 780 604
307 403 190
573 569 143
885 483 202
205 425 104
904 20 663
742 130 559
893 484 798
654 55 814
464 759 310
343 383 219
124 783 830
584 137 235
179 180 405
445 790 346
778 900 181
685 23 228
979 902 489
451 300 270
13 965 868
21 983 175
991 721 93
216 626 136
934 192 61
132 583 263
713 666 707
14 515 208
152 574 838
710 929 841
999 679 441
989 512 459
56 606 426
257 709 740
42 86 792
641 809 143
294 880 494
51 622 759
595 540 705
725 371 937
132 111 441
968 928 247
630 382 462
368 425 966
346 750 127
598 300 784
519 790 899
606 545 492
361 741 725
589 228 57
385 484 194
479 622 245
525 161 386
594 129 873
412 117 734
141 263 791
325 483 364
624 526 912
66 13 246
199 433 118
365 918 147
434 887 285
558 360 316
287 777 92
348 883 145
251 566 109
172 808 802
314 136 153
602 751 124
277 290 891
543 896 916
263 448 612
985 267 735
50 905 537
44 860 674
149 515 34
911 1 10
637 124 129
301 537 429
87 398 884
446 892 4
576 276 936
791 608 436
612 30 730
5 284 730
17 412 336
627 327 138
834 526 462
186 4 385
39 233 164
535 378 822
141 84 46
925 568 208
14 994 476
721 795 987
626 685 143
122 50 320
848 718 565
66 801 502
707 606 62
877 282 28
489 174 658
678 3 741
395 921 743
285 409 177
323 489 744
204 673 880
865 708 991
154 368 625
773 931 983
840 715 811
513 403 847
102 383 616
294 974 26
896 41 12
528 158 666
24 440 437
141 568 923
441 259 561
590 980 802
716 746 711
372 281 501
677 191 915
390 140 514
816 99 598
119 323 511
137 390 487
939 204 102
198 495 322
91 625 693
55 235 396
611 665 29
513 545 909
862 734 543
688 442 846
671 533 877
176 797 380
95 465 601
200 541 757
379 867 376
271 99 941
998 250 877
867 656 281
744 844 455
871 837 956
526 133 84
589 925 419
121 499 904
318 451 538
751 640 15
441 684 235
728 351 163
14 650 969
244 971 208
138 918 367
767 162 795
504 950 649
534 603 584
211 824 304
605 792 109
923 691 571
416 547 670
380 290 856
212 52 123
813 974 582
530 777 854
718 146 818
494 153 500
351 959 342
257 370 253
293 774 661
285 74 204
384 746 953
727 763 72
581 697 526
516 441 708
951 421 353
921 262 376
989 399 322
183 978 693
852 20 1000
100 648 281
945 640 564
255 18 897
199 211 578
633 689 171
108 306 578
235 694 218
331 936 770
291 786 92
16 677 273
749 158 287
723 289 622
192 972 522
775 518 262
524 883 220
743 240 851
837 959 717
620 744 573
170 626 266
481 291 943
408 341 83
569 626 785
912 714 478
232 49 774
400 110 672
196 923 803
266 8 730
934 703 244
29 18 828
653 820 241
917 988 936
673 659 494
324 973 88
43 338 768
610 371 495
756 283 29
526 380 676
41 293 865
963 766 500
878 665 326
679 654 319
358 366 619
868 666 907
832 611 356
726 639 20
296 402 269
744 1000 317
777 735 135
752 780 80
98 780 932
815 452 407
348 713 708
607 141 374
698 606 278
805 988 102
910 141 70
924 389 324
663 161 516
898 663 529
140 656 252
637 696 277
597 372 906
432 16 478
351 29 266
3 930 99
722 502 146
409 71 709
744 368 509
603 672 966
499 79 154
218 625 619
921 951 718
509 802 52
248 47 620
933 538 560
997 311 40
356 426 593
544 822 838
179 222 219
120 156 672
597 871 546
360 167 684
457 106 77
909 199 515
788 192 57
617 282 150
966 638 604
710 822 970
924 267 623
505 979 210
300 771 890
670 795 496
432 959 571
320 578 953
866 997 789
159 291 237
647 320 445
970 405 254
82 753 635
123 76 968
19 472 717
364 495 678
795 358 946
503 964 209
427 225 186
60 358 591
107 499 912
456 500 944
269 892 671
676 844 482
749 854 914
625 810 92
146 426 517
9 155 117
563 945 234
882 1 834
65 632 464
742 67 3
600 543 45
48 946 245
80 849 215
18 235 751
8 319 828
397 186 455
255 855 38
356 969 853
254 479 777
863 707 755
464 25 528
705 504 59
387 819 426
241 118 612
933 555 817
949 547 946
808 940 499
931 273 831
727 82 101
990 893 545
139 728 632
975 111 832
137 789 759
54 146 994
420 867 820
116 597 24
526 399 363
618 296 84
36 987 732
319 62 190
391 905 530
873 703 460
811 196 513
617 916 747
570 837 336
973 361 290
461 322 142
438 138 653
542 829 561
848 503 703
368 239 99
739 792 829
771 356 703
881 474 656
557 269 798
221 19 689
944 9 551
597 420 541
258 292 587
927 687 831
429 540 448
886 596 485
841 773 289
13 721 97
189 283 904
194 694 403
372 377 188
812 481 533
570 777 667
2 759 307
880 947 727
921 50 770
130 650 88
651 69 541
572 252 191
135 364 295
777 83 731
912 224 638
270 82 733
419 423 56
514 819 574
820 523 981
185 101 622
199 715 40
49 58 774
190 972 13
563 185 165
9 831 308
898 645 271
770 425 590
547 481 645
681 102 225
392 661 455
405 741 186
367 343 324
664 439 901
167 279 961
464 216 253
344 185 218
773 675 532
871 196 985
288 79 754
933 224 764
61 527 200
654 508 665
913 61 641
686 897 16
215 228 809
924 78 746
88 561 121
721 440 694
944 527 430
477 685 365
792 475 597
918 22 934
865 297 614
389 481 660
879 157 576
622 547 262
661 800 552
488 811 506
208 52 339
287 885 744
894 453 819
350 192 4
458 328 626
638 208 281
881 283 898
942 468 377
155 759 94
584 182 108
46 995 199
109 914 102
189 789 883
395 584 902
918 644 559
8 205 329
752 340 173
715 685 675
683 277 156
190 140 359
590 635 912
300 844 776
866 465 48
750 627 938
349 35 268
721 227 807
693 284 377
829 175 259
946 524 984
958 855 164
193 742 566
132 932 478
667 69 275
636 182 387
715 158 515
268 280 801
495 497 836
446 935 752
772 660 627
80 999 388
283 70 323
718 320 9
229 404 445
334 164 726
74 494 606
62 361 828
992 874 985
951 65 261
406 119 720
804 916 661
72 273 897
196 105 180
488 759 509
337 187 399
96 850 225
743 713 501
724 972 441
206 922 120
896 589 442
373 876 534
592 893 44
386 196 316
679 911 519
468 772 199
522 974 585
316 979 868
399 524 864
406 130 900
264 68 729
258 447 559
849 549 184
305 342 281
546 7 85
157 179 206
497 654 913
120 375 383
525 535 468
79 923 493
485 827 894
221 206 84
359 155 231
994 53 347
309 23 345
850 661 608
830 132 629
888 475 969
812 42 388
930 682 483
117 176 3
694 537 591
705 993 76
634 258 968
474 436 127
526 936 529
49 938 493
793 378 768
199 341 183
260 604 390
496 760 615
624 967 812
492 236 870
972 110 746
30 849 720
577 469 844
816 422 861
452 733 642
319 717 243
712 103 23
495 864 917
918 340 258
334 166 123
876 759 418
186 754 428
622 594 934
527 857 776
892 392 804
883 534 936
540 306 31
497 660 40
882 860 723
594 330 101
475 647 83
303 986 261
402 273 947
473 20 786
265 331 127
91 668 892
852 608 607
325 443 382
77 225 858
379 444 33
263 916 25
257 611 757
144 461 681
33 195 211
891 302 344
940 385 589
404 580 944
247 252 355
518 868 622
728 314 126
501 1000 384
627 370 540
397 815 253
631 34 944
708 156 763
24 830 562
705 194 5
687 40 700
328 607 836
554 142 652
79 713 79
962 37 686
89 406 532
444 646 86
668 578 262
301 253 922
65 60 17
135 418 164
178 133 740
932 520 580
811 915 30
864 476 560
28 577 723
561 691 396
251 500 990
794 347 400
178 719 735
296 609 900
870 68 932
670 144 470
494 918 334
981 573 512
868 558 823
117 212 919
266 313 900
631 54 872
736 893 756
949 855 836
131 174 640
101 146 899
443 942 168
455 602 997
638 197 637
451 423 105
961 73 397
83 798 59
608 383 327
566 708 834
862 259 297
212 508 464
98 70 551
435 130 405
384 28 584
845 351 820
357 13 367
490 211 536
416 469 997
122 348 767
359 803 65
433 977 547
409 438 760
148 494 873
786 91 229
321 23 324
113 696 239
614 286 972
241 363 630
597 740 331
56 509 845
469 501 786
995 237 894
555 992 682
581 517 256
480 433 217
261 225 835
899 723 210
201 700 851
285 871 922
444 262 283
515 909 48
134 480 26
36 341 396
541 392 556
835 850 943
320 260 390
492 162 606
373 369 876
495 888 367
122 433 392
267 279 766
484 482 258
752 472 717
610 248 376
730 211 718
685 576 584
870 245 34
941 661 960
608 607 343
771 87 124
624 482 561
798 619 528
947 673 408
915 955 431
516 225 96
790 57 709
659 831 356
42 473 222
702 242 286
311 712 488
297 624 904
947 896 807
275 618 492
11 841 833
642 142 415
167 806 164
67 271 428
440 774 747
231 465 751
474 728 592
389 407 419
717 696 170
784 817 749
699 30 450
3 354 978
601 578 118
226 989 828
230 906 851
1 573 912
492 283 691
741 797 52
723 48 738
345 799 91
551 147 100
403 187 389
56 390 11
638 262 599
294 811 826
845 125 638
241 482 742
154 390 621
315 861 899
572 247 710
784 769 705
696 294 480
143 928 382
565 924 742
358 33 677
156 636 764
185 289 837
243 263 993
898 974 268
49 418 94
603 41 458
150 345 799
987 631 736
234 733 657
304 559 515
165 68 103
332 708 243
44 878 536
103 255 770
961 973 235
182 562 486
827 715 390
86 54 348
928 617 401
774 79 408
407 575 45
987 761 810
848 498 585
802 786 5
294 626 988
50 618 213
79 804 558
271 297 861
526 694 234
429 327 501
719 484 644
728 159 455
494 505 173
170 125 959
70 633 576
850 534 542
64 304 750
924 1000 424
634 146 997
164 477 168
55 106 905
472 295 755
767 617 236
756 459 277
10 462 930
603 617 723
83 357 667
808 105 858
142 203 402
84 435 367
245 117 434
454 29 35
341 769 505
750 207 14
175 946 549
570 691 860
825 434 975
178 278 55
442 290 374
861 358 510
204 229 90
975 35 891
453 499 75
955 234 765
373 323 405
112 901 99
6 873 5
831 82 12
688 298 120
673 431 319
715 428 476
33 433 238
397 423 2
642 486 487
35 121 600
321 387 335
868 842 505
249 486 220
775 838 754
161 867 756
252 527 242
883 348 581
991 502 279
291 35 998
401 413 427
938 100 416
31 422 848
176 312 218
810 35 668
599 308 19
329 408 67
173 134 315
933 363 58
319 948 784
698 350 492
789 233 175
171 912 549
887 194 456
229 578 602
75 917 404
93 766 738
420 681 136
409 593 528
143 111 752
456 640 969
232 994 858
322 198 128
538 858 46
817 534 57
655 50 281
297 688 614
426 897 931
590 837 669
867 578 729
472 49 816
921 542 679
588 122 887
897 327 405
171 353 835
81 837 140
768 892 568
471 459 462
672 107 290
428 703 424
609 580 92
409 189 507
431 138 818
163 342 850
825 50 422
663 592 341
997 106 468
428 29 917
549 678 707
773 278 389
737 535 421
311 321 380
454 516 695
987 833 357
19 766 748
469 843 929
15 334 792
202 221 633
285 224 754
588 507 762
182 400 874
795 787 567
80 62 684
221 573 365
187 281 277
58 599 96
947 605 971
124 477 992
825 360 127
749 324 405
225 135 400
176 778 145
105 135 244
93 398 355
448 731 220
621 790 909
102 736 599
25 6 848
103 31 28
560 617 223
206 518 506
456 481 340
590 889 241
465 320 846
140 635 795
887 267 94
538 628 658
795 352 933
264 701 508
332 712 653
405 418 662
826 6 995
481 306 479
638 559 212
496 715 609
819 989 114
422 882 328
585 333 866
171 94 929
818 418 703
612 293 982
907 514 743
662 22 795
917 936 867
628 683 705
312 513 933
755 902 179
851 910 293
651 548 837
597 634 979
667 329 170
831 499 254
509 531 714
488 168 57
866 170 573
985 677 33
951 286 526
351 372 413
955 593 530
603 147 38
265 968 353
496 443 624
101 986 408
901 565 817
939 969 532
635 706 287
442 308 581
344 446 152
678 967 155
491 635 795
244 265 503
317 939 727
403 314 53
573 431 132
45 783 670
713 34 750
9 122 296
115 847 67
888 429 455
16 45 652
771 167 564
726 277 43
287 196 793
128 42 810
111 536 664
278 158 887
857 796 347
950 131 449
94 773 106
176 105 107
430 442 271
63 233 517
970 370 493
722 17 655
371 915 208
623 162 468
269 494 786
766 527 636
359 196 348
558 322 231
23 87 784
298 703 864
278 927 321
898 713 898
724 115 595
695 788 40
976 384 413
300 997 815
647 974 69
537 184 794
22 19 482
53 347 893
413 370 978
305 958 432
761 109 14
715 177 351
194 431 971
697 145 306
995 533 110
38 680 807
447 714 971
154 387 709
230 334 663
839 870 457
345 694 803
659 77 185
339 370 820
228 976 124
683 902 485
570 698 312
950 323 363
657 567 327
388 620 989
276 351 581
307 511 525
308 363 965
999 199 9
467 48 453
371 517 665
697 7 296
635 463 417
520 770 43
230 174 914
226 74 624
457 382 401
467 220 43
300 633 782
622 46 915
551 577 305
108 630 763
690 769 498
502 873 61
561 322 870
828 654 816
869 107 699
696 416 481
706 39 765
727 421 767
201 933 455
979 578 170
839 12 819
122 791 537
817 378 311
566 797 145
740 8 440
102 430 704
683 173 928
737 79 783
270 887 674
190 56 846
13 650 889
310 265 761
272 426 548
426 301 395
850 878 689
783 617 587
411 237 328
541 360 377
978 16 418
399 830 46
428 335 496
78 266 524
337 365 100
275 244 311
435 484 744
561 935 68
308 880 273
612 59 86
381 399 222
191 763 261
704 635 26
158 263 597
985 844 31
777 955 747
164 903 469
765 570 437
808 29 253
992 69 963
334 846 733
497 190 845
890 297 1000
564 976 611
642 96 540
439 429 381
444 354 378
567 665 956
234 648 684
790 404 702
490 109 112
148 49 520
664 224 180
345 950 606
949 260 545
796 450 495
1000 441 178
708 177 320
554 118 807
400 211 980
545 930 64
555 206 567
594 828 595
184 845 713
201 379 820
461 421 403
68 319 530
724 101 708
416 866 541
318 228 50
301 357 234
279 540 757
781 774 870
403 355 670
805 365 348
766 944 624
307 431 888
738 627 646
909 64 553
309 909 285
660 636 7
849 712 206
263 767 73
860 443 876
596 717 867
475 327 143
922 383 881
370 560 685
703 38 954
573 535 536
254 504 479
84 322 787
869 485 345
982 644 822
679 782 418
538 363 2
339 476 22
799 389 744
167 844 49
28 519 498
753 907 766
609 914 799
61 563 899
633 575 877
504 48 28
14 117 981
625 952 410
798 306 722
80 479 546
103 765 105
940 570 370
58 964 75
1 727 792
240 290 908
731 967 56
215 241 464
715 8 575
698 878 786
887 803 553
536 462 155
241 409 853
966 202 400
221 15 766
781 73 605
712 669 329
677 936 556
794 568 303
711 37 483
362 291 922
685 996 921
596 952 133
353 614 169
208 990 750
154 819 646
560 741 544
764 230 857
946 57 276
913 503 781
936 204 50
951 409 99
352 239 90
62 917 888
451 626 566
812 821 492
540 210 727
760 844 864
166 904 545
889 120 194
750 979 139
317 739 119
132 966 914
368 842 583
224 899 967
959 637 20
283 914 554
751 265 590
772 597 253
306 915 788
895 589 620
326 108 133
583 899 866
968 892 248
466 29 945
809 665 321
371 427 936
948 468 122
656 783 865
59 298 912
378 816 375
689 667 180
150 539 542
395 281 683
139 40 777
398 353 622
119 417 518
980 801 183
584 980 585
885 914 966
132 994 110
947 243 843
475 819 518
803 927 572
234 485 285
690 422 71
864 358 769
132 327 610
534 663 472
211 767 712
142 792 679
28 521 923
971 396 694
680 663 990
295 385 93
670 505 301
689 928 130
56 515 473
763 267 497
445 683 119
360 216 950
514 713 891
94 212 62
337 892 576
224 680 780
117 64 859
205 988 626
375 843 188
831 641 482
130 536 567
921 565 498
660 731 873
241 836 37
8 801 77
243 974 747
319 920 566
186 443 898
815 376 69
260 685 601
448 856 964
6 198 415
795 783 682
650 984 97
409 99 854
13 948 973
622 286 449
548 735 879
467 143 252
39 181 508
451 673 818
256 84 925
957 36 963
531 565 621
109 247 116
850 289 725
466 653 129
839 941 556
889 681 393
775 848 65
942 166 702
591 866 686
800 429 850
547 509 227
85 643 493
116 958 231
722 3 819
599 191 112
353 979 339
52 439 360
291 735 373
876 475 218
321 778 792
481 886 366
543 560 836
560 693 459
971 209 571
919 372 871
789 542 452
727 989 579
958 514 55
706 965 764
426 414 663
947 149 515
558 375 213
391 246 602
333 167 853
699 563 232
124 795 377
969 687 880
692 489 892
489 530 292
277 895 864
726 90 593
652 736 60
651 495 283
747 14 758
195 849 105
104 928 959
656 727 753
297 311 89
245 471 842
490 697 713
881 743 701
457 836 535
449 655 352
94 494 786
98 882 211
702 536 661
313 945 290
873 966 611
793 948 838
589 426 360
636 492 941
862 959 123
825 746 179
489 462 156
135 388 93
159 571 284
614 675 36
404 751 209
993 971 417
530 351 122
957 521 912
231 894 581
735 477 685
780 129 473
530 828 429
21 133 944
10 334 183
469 972 857
985 803 854
966 16 837
503 659 966
389 950 599
785 199 812
801 500 169
956 435 774
662 769 73
989 526 883
422 531 820
952 500 168
992 338 939
993 653 406
760 974 2
543 448 639
387 148 639
298 489 431
966 339 506
473 170 314
152 960 392
468 334 661
952 465 547
73 403 623
350 258 899
847 1000 197
290 832 329
31 917 318
201 997 255
694 239 628
181 520 277
594 218 581
875 308 512
108 757 46
5 230 210
22 693 18
350 593 206
633 866 757
80 292 338
385 139 431
326 923 421
12 404 246
234 777 516
114 952 451
582 158 835
513 302 755
194 79 432
752 234 368
467 446 900
887 328 980
331 222 809
468 775 514
204 864 532
939 753 1
495 143 302
495 621 263
599 527 917
224 733 669
862 527 691
707 587 694
106 990 836
765 139 994
379 188 905
449 733 334
677 860 401
570 812 929
779 581 634
584 257 468
495 604 845
424 993 573
11 644 958
801 523 726
844 468 314
312 578 135
697 239 562
901 531 389
642 415 9
713 990 914
72 442 981
469 6 272
9 206 511
749 615 544
84 359 53
199 83 891
734 867 625
761 905 203
960 543 848
591 117 469
102 760 367
996 773 193
773 451 990
202 347 109
258 425 229
442 397 268
862 3 116
285 118 118
123 100 522
770 860 871
701 335 227
866 465 823
138 152 33
38 47 495
386 468 747
817 619 447
827 820 508
908 817 507
725 375 464
305 923 482
228 937 197
355 815 218
405 787 859
36 563 408
504 434 753
164 567 133
146 267 650
431 452 158
927 955 53
923 902 184
537 472 123
704 177 390
101 684 554
508 583 463
744 878 940
258 807 745
153 995 560
6 502 411
291 848 981
953 280 868
123 186 323
707 749 565
431 210 455
703 224 103
300 492 313
284 461 368
663 921 853
738 598 697
755 151 93
636 870 512
265 549 951
972 1 943
20 456 122
289 545 307
865 278 662
323 958 13
285 196 943
165 927 15
613 776 186
342 401 359
889 508 618
332 19 545
886 542 769
940 980 693
632 724 147
301 909 955
672 285 425
694 488 704
146 258 523
335 670 75
160 726 625
653 560 928
271 492 603
97 55 713
353 308 229
557 368 98
167 121 366
853 692 293
342 585 871
985 83 810
629 76 331
149 769 628
748 443 468
757 683 799
224 595 427
845 514 820
279 737 517
423 512 586
244 669 146
514 458 87
961 75 960
580 511 914
130 620 112
289 277 907
340 175 675
819 826 759
691 787 99
525 190 577
440 885 420
926 91 592
298 892 894
528 52 344
274 245 705
888 888 232
860 839 977
443 765 206
232 795 559
458 520 870
231 114 121
345 561 818
189 275 700
176 333 573
141 280 645
858 926 308
541 768 92
602 939 184
463 119 112
682 361 859
355 770 337
437 248 992
738 181 355
104 937 72
467 22 770
62 511 535
249 164 298
311 597 646
886 166 284
533 728 350
669 184 888
168 735 722
329 176 635
58 760 921
862 894 296
935 567 586
935 100 840
770 241 588
491 563 267
959 604 467
657 267 807
390 177 844
339 758 14
962 732 384
303 602 786
584 317 984
675 140 185
713 150 148
207 929 30
469 435 164
552 883 557
978 744 532
434 787 458
828 872 538
46 708 180
232 523 313
557 850 796
992 946 931
348 298 921
427 596 660
896 918 413
98 184 293
889 704 295
512 499 390
527 901 942
720 888 286
643 649 563
494 366 881
942 857 388
975 768 611
614 742 215
161 944 154
281 37 520
87 150 555
510 124 235
297 629 82
841 325 644
284 933 772
186 365 819
892 439 622
705 830 701
223 277 827
910 195 888
654 2 407
382 415 464
656 483 350
132 32 861
118 139 195
689 730 311
995 124 949
223 13 732
580 453 682
774 427 980
50 757 718
302 39 422
662 164 908
990 943 146
731 925 600
592 727 809
837 36 520
81 864 519
687 789 371
671 797 128
45 649 768
10 522 622
606 91 759
63 909 547
503 723 695
686 923 551
442 25 323
371 581 316
796 954 240
96 396 359
862 236 362
839 492 337
774 96 900
178 520 229
972 714 469
761 820 535
204 857 155
259 160 167
665 732 114
690 376 137
188 518 876
395 389 289
341 337 115
736 674 425
335 422 975
793 618 639
405 705 227
900 870 740
400 215 979
504 85 651
300 270 524
557 64 880
539 300 655
660 878 777
358 196 496
134 977 889
661 997 473
478 257 76
24 520 644
865 345 865
506 947 789
724 473 756
521 297 807
633 573 839
781 348 798
746 514 4
734 332 513
452 510 963
331 857 68
896 874 529
788 238 424
644 233 808
48 983 251
908 944 714
925 269 418
934 666 159
984 811 319
368 123 610
887 453 316
967 472 627
40 722 127
185 810 165
498 823 241
183 147 183
786 443 395
744 854 367
769 32 441
343 695 741
493 654 40
248 184 560
498 365 525
190 743 712
779 143 219
648 868 608
994 751 706
379 538 129
578 637 466
913 0 111
284 758 894
74 713 156
906 227 857
891 66 935
842 992 600
776 114 117
513 992 666
324 659 910
632 400 853
639 906 709
484 725 835
725 431 390
122 870 859
875 330 193
878 894 896
635 164 842
741 211 854
13 330 48
686 233 779
21 298 695
259 102 486
443 403 153
942 116 260
574 519 724
160 470 477
855 849 120
218 241 432
708 723 599
215 512 229
682 562 812
230 724 710
940 372 639
243 271 755
839 762 266
308 686 788
509 277 646
327 172 40
350 762 469
461 10 214
213 421 976
255 910 36
257 456 787
730 599 875
163 517 933
499 64 687
542 424 84
303 343 663
913 845 208
413 260 310
199 444 476
404 177 479
158 797 343
90 741 730
165 145 83
534 687 149
829 31 607
765 242 300
374 148 619
761 95 959
923 672 439
661 513 240
655 992 667
535 910 137
924 755 653
993 101 879
243 477 681
672 144 838
660 139 297
329 716 912
205 915 443
208 339 955
36 60 516
410 565 11
452 933 143
328 0 982
537 581 132
719 235 621
351 753 993
149 355 622
555 59 863
252 542 628
835 30 173
228 503 503
599 207 83
169 119 686
172 555 452
369 794 878
340 185 49
416 712 927
58 197 804
819 239 121
560 311 794
433 705 1
179 524 390
239 185 315
392 34 104
749 25 894
936 754 274
135 206 124
558 314 222
546 512 480
451 632 927
883 569 113
718 193 160
6 763 532
136 431 675
784 528 261
260 840 612
523 64 296
7 251 175
176 854 802
125 966 645
90 398 364
417 108 799
37 710 966
357 398 967
407 921 933
641 121 296
991 431 801
439 544 110
120 930 213
509 581 381
571 97 253
833 544 872
193 471 680
833 661 839
376 802 646
716 877 356
633 106 344
631 841 966
352 240 800
548 988 233
272 931 25
590 593 39
249 567 237
265 949 85
717 345 71
7 519 445
217 572 349
915 271 484
855 754 486
765 742 292
249 361 173
261 889 814
258 982 457
760 494 181
113 532 610
772 677 490
937 57 502
449 588 809
767 114 808
664 254 613
20 629 313
566 245 20
649 204 881
265 644 9
533 205 787
281 559 948
676 879 617
500 853 766
571 157 405
16 18 832
403 504 123
883 47 87
1 650 814
182 674 581
703 565 393
429 424 299
650 348 369
817 691 620
996 981 501
154 798 10
587 522 999
574 307 443
55 684 463
249 160 11
65 705 995
985 339 90
512 485 813
235 553 292
327 683 330
785 616 225
837 468 462
768 35 421
151 842 976
368 594 506
360 100 604
791 90 683
285 825 843
985 558 546
707 258 706
787 792 973
628 682 945
614 335 766
97 834 773
366 413 245
995 398 805
380 986 490
616 528 341
75 192 133
60 347 673
664 543 456
986 467 79
136 662 700
857 502 591
43 666 9
120 796 103
301 316 954
718 374 199
994 280 170
491 560 338
407 98 882
709 937 685
231 905 747
858 157 974
218 899 969
403 422 277
91 813 998
523 28 199
283 5 974
194 183 440
727 520 176
871 867 31
730 561 897
44 803 718
323 470 487
608 944 865
570 596 780
191 895 625
792 910 234
931 719 335
458 326 10
599 905 33
937 353 174
788 95 879
595 777 345
298 358 600
394 629 506
318 351 435
446 955 95
928 165 471
501 452 906
45 473 41
75 469 480
697 33 136
598 32 523
897 620 981
104 863 445
716 827 68
615 889 945
629 149 139
315 440 235
149 185 315
697 764 202
79 396 499
471 639 107
474 752 618
599 327 489
532 330 987
674 147 21
632 186 549
444 795 178
997 270 933
896 832 505
228 334 731
518 467 51
456 731 266
395 940 785
232 134 44
732 501 786
568 311 357
897 910 261
409 284 173
116 305 130
243 238 148
355 101 12
724 85 294
565 868 802
510 765 980
584 392 458
950 738 428
718 688 337
879 448 966
665 279 867
49 492 940
794 393 332
55 908 246
596 999 915
486 74 229
332 613 380
752 805 465
948 131 254
50 611 655
722 10 785
198 584 316
518 144 63
963 630 794
760 85 916
779 185 137
65 892 961
353 979 857
275 511 546
652 114 421
568 636 541
666 483 756
754 912 376
505 384 857
207 137 690
294 474 328
421 695 833
856 902 498
964 311 198
983 349 493
850 575 704
595 285 135
538 335 540
510 33 750
432 677 629
561 266 550
904 429 834
848 504 215
559 457 190
418 14 860
701 904 342
119 339 628
648 913 792
759 88 385
903 14 650
914 183 340
262 554 443
537 581 73
185 292 671
824 701 195
582 578 278
515 831 25
975 619 281
119 912 856
695 698 860
989 732 402
789 528 184
951 427 182
195 380 825
839 96 940
144 264 961
637 999 787
269 312 329
176 887 599
825 628 527
753 916 616
651 90 880
163 982 590
761 122 635
741 707 764
961 118 420
922 815 686
767 27 31
751 769 45
472 69 276
810 463 248
532 336 941
325 343 51
602 569 948
643 356 299
598 886 82
654 256 520
724 619 658
845 218 69
479 157 492
858 852 81
276 394 6
407 558 286
326 284 431
34 363 446
575 727 159
309 56 364
848 583 126
880 239 348
189 744 664
409 736 533
75 942 453
657 118 817
390 698 777
761 531 481
25 740 195
502 2 343
787 457 76
68 563 139
165 768 904
499 955 840
967 756 995
598 622 834
659 147 366
50 769 526
566 818 935
691 486 256
178 939 56
127 802 948
77 998 582
641 798 860
113 470 703
37 48 945
910 904 932
734 202 879
455 973 639
228 594 180
17 330 24
908 657 25
473 93 343
501 778 99
539 973 844
506 302 108
506 239 215
316 922 626
614 926 223
758 195 671
357 380 527
388 968 836
235 853 238
39 246 210
812 360 953
548 569 357
529 254 657
1000 773 27
259 792 291
760 614 203
419 802 524
597 786 315
412 189 242
733 537 741
687 29 494
506 579 541
310 340 846
118 997 681
942 761 940
491 295 469
325 897 124
381 623 196
35 824 258
509 432 522
529 386 916
892 487 439
255 391 971
221 380 134
940 608 906
644 323 846
131 187 985
819 12 677
473 854 142
146 624 163
399 583 39
124 565 749
747 72 940
206 222 941
984 638 682
132 201 820
136 520 719
133 269 134
803 87 528
252 353 330
474 796 186
327 80 152
873 650 968
153 236 201
342 915 902
882 384 954
175 883 522
298 103 316
266 797 123
334 616 895
382 475 695
378 733 828
98 170 680
123 73 246
129 651 155
824 263 382
373 863 404
764 575 710
388 211 606
700 8 790
127 956 564
690 541 305
165 921 682
768 479 484
902 987 725
356 737 513
250 817 796
661 610 675
893 762 125
452 609 185
264 877 950
329 186 814
810 506 412
393 596 592
401 112 894
656 847 661
527 768 274
35 242 67
556 702 355
513 398 303
159 666 227
392 402 266
665 638 282
175 44 519
755 488 176
792 664 654
889 731 329
917 960 799
291 828 612
77 677 704
881 189 56
117 889 341
195 459 241
929 289 651
871 359 907
534 447 859
644 968 738
732 174 999
18 63 980
826 350 552
31 729 167
172 193 481
356 617 111
147 626 493
957 218 301
20 825 832
403 74 341
906 151 831
976 53 443
382 521 375
315 666 398
249 223 675
357 520 175
592 911 921
947 273 203
299 42 965
178 274 46
140 119 889
516 584 724
607 59 725
63 737 974
899 733 983
849 332 591
466 531 849
16 846 947
209 108 268
558 681 298
577 155 345
28 608 798
769 957 160
500 753 780
476 477 621
128 985 667
99 893 489
457 600 946
314 485 649
426 647 453
260 894 671
651 859 288
392 239 474
188 462 564
821 766 837
774 674 895
230 616 415
434 289 734
477 525 219
680 886 277
759 105 467
257 985 608
959 781 471
424 824 255
130 203 209
460 304 83
499 673 830
138 511 357
798 439 363
298 37 910
482 75 658
785 186 47
124 600 815
70 96 909
21 354 681
497 298 316
174 3 716
448 631 665
547 783 898
829 195 121
866 812 156
942 318 797
171 984 786
2 483 942
672 561 374
997 275 692
994 15 587
111 963 646
776 913 337
163 422 795
33 595 750
355 470 801
78 520 867
612 44 33
391 287 99
432 610 7
322 706 602
271 962 586
116 189 529
16 762 600
825 636 594
736 649 704
487 127 339
612 446 185
924 268 62
704 342 442
336 710 164
574 205 177
514 419 115
645 996 458
809 385 709
413 645 978
297 777 967
822 448 750
903 357 501
343 902 277
644 541 99
689 381 24
186 544 736
113 611 711
671 865 762
799 134 703
696 964 270
660 137 208
821 535 169
687 82 265
973 434 216
112 699 476
151 493 947
911 179 403
248 132 512
780 104 286
275 499 229
254 161 233
778 927 731
25 800 687
58 714 849
286 348 567
926 840 600
825 320 834
867 714 159
702 349 726
826 864 447
958 844 58
837 591 225
276 720 648
928 958 141
638 99 391
580 339 564
232 947 122
541 621 907
420 654 384
583 600 523
704 553 620
953 742 802
696 779 506
679 706 513
179 696 340
346 222 861
633 864 968
262 402 939
907 852 570
119 423 977
595 466 68
492 911 838
364 421 30
526 917 977
1 123 218
561 417 804
229 803 122
180 737 75
984 828 373
299 133 250
810 122 51
603 571 676
956 764 958
3 570 874
85 623 784
201 832 654
118 257 77
665 940 226
612 521 17
308 535 261
422 810 924
859 501 920
912 10 658
394 411 513
496 155 553
993 960 616
140 743 845
101 369 128
102 979 363
557 648 488
65 869 723
186 614 209
55 99 104
991 322 919
377 794 999
142 153 928
131 185 938
546 674 502
112 556 830
846 410 339
124 411 926
104 348 269
663 558 267
787 881 162
362 40 319
244 274 733
588 307 195
749 674 121
929 214 983
702 935 493
536 68 631
127 34 151
95 358 303
498 875 784
190 292 468
553 816 784
914 456 861
563 608 299
110 724 940
293 841 325
567 647 187
227 331 190
186 303 488
768 122 88
532 54 100
907 784 624
86 293 819
698 361 570
849 692 253
699 263 272
65 728 69
2 181 742
645 605 497
26 720 40
486 785 32
434 997 66
667 96 381
266 652 949
978 643 383
870 406 652
225 370 721
804 50 683
158 959 301
476 844 461
578 65 500
602 469 882
915 786 945
821 598 534
318 897 145
110 971 406
975 51 884
960 298 122
915 854 359
90 105 720
820 786 356
298 638 901
613 190 13
991 61 245
965 930 231
177 360 111
921 73 511
340 723 375
12 609 224
832 466 668
524 464 686
453 453 279
876 685 550
467 683 136
516 527 886
470 153 132
700 124 405
242 81 135
837 612 476
854 783 900
683 245 159
368 195 205
113 365 795
726 733 849
722 18 293
248 610 208
60 995 790
728 140 394
493 128 956
762 327 717
310 954 637
410 543 895
912 22 446
94 556 938
661 21 66
439 514 450
572 753 127
46 448 895
536 410 596
773 718 532
637 803 560
11 448 692
527 837 462
851 834 103
93 1 965
875 718 214
775 551 460
509 472 434
380 10 966
761 232 190
626 954 363
268 989 220
610 887 74
739 327 52
250 254 346
812 49 625
481 617 779
455 340 655
922 873 110
791 143 161
512 584 174
608 209 922
303 285 9
211 848 218
79 465 313
37 518 356
62 970 833
719 824 710
436 795 725
69 647 806
362 491 903
286 662 227
693 682 458
431 941 613
163 566 438
100 422 495
641 142 221
409 488 766
542 675 413
120 961 26
100 762 450
76 323 331
758 118 917
990 168 852
838 446 543
61 221 770
584 557 956
519 443 331
189 838 590
178 891 186
248 766 278
796 679 986
600 653 106
772 4 227
631 740 605
513 491 963
370 965 710
532 640 993
489 432 501
973 829 1000
681 387 62
278 501 415
856 344 221
814 21 67
960 3 238
436 783 998
742 942 908
758 270 278
927 586 488
884 283 368
508 62 76
425 228 570
324 771 724
19 963 259
889 184 693
183 425 949
89 518 764
418 189 499
671 506 699
969 115 399
652 279 312
804 67 536
797 752 933
199 682 343
309 811 859
632 338 437
658 486 883
684 258 332
159 121 509
26 119 939
728 733 430
705 324 443
94 304 377
953 609 447
11 939 429
341 321 2
631 641 215
32 34 342
429 960 171
648 384 828
94 232 606
237 717 936
878 100 654
978 22 723
326 369 574
992 590 470
479 818 832
596 295 116
446 533 465
691 460 31
266 840 215
316 846 273
613 314 828
33 249 28
663 567 430
138 211 667
648 849 558
200 726 431
191 701 272
673 608 370
260 663 822
95 199 326
209 324 639
541 42 139
153 892 350
444 436 414
492 342 650
682 529 812
74 599 279
105 90 834
867 570 682
114 14 399
901 162 946
800 569 211
701 89 29
222 225 264
940 409 463
679 748 493
760 153 539
909 976 517
440 685 153
385 119 635
136 999 517
601 435 197
417 413 566
747 462 791
109 283 718
610 427 759
342 632 792
754 679 171
48 947 310
50 242 518
65 344 584
751 123 608
142 731 450
366 594 925
412 569 719
636 743 140
939 292 72
404 576 890
315 141 624
609 31 476
304 928 693
360 309 911
583 326 625
342 863 765
925 481 79
208 48 27
78 258 548
920 831 203
815 594 571
63 316 20
408 340 363
897 951 37
166 197 482
759 219 731
429 513 886
531 627 648
563 452 213
824 812 779
555 297 631
519 644 15
749 433 52
944 410 608
83 617 645
402 606 815
129 174 343
706 166 603
973 94 511
534 104 211
292 71 546
6 548 981
335 542 880
602 439 645
512 273 600
499 571 853
127 694 496
940 879 85
502 491 714
398 566 264
678 175 834
954 765 343
529 594 695
48 750 265
766 642 853
710 28 239
482 382 508
168 533 612
75 633 901
115 228 542
688 252 44
645 19 45
828 191 964
911 976 204
556 825 81
955 617 326
236 620 99
30 280 380
527 541 200
725 76 78
981 663 361
744 464 867
879 291 844
864 179 857
295 117 313
628 747 245
358 4 535
558 847 728
270 636 159
150 449 790
686 490 181
877 387 154
200 939 751
655 898 756
284 642 606
403 973 673
206 192 930
272 145 941
520 925 429
176 588 651
641 922 933
72 322 602
761 621 884
673 209 118
5 156 169
908 479 781
125 724 472
775 173 271
248 398 453
357 742 128
684 374 879
791 982 152
967 636 464
586 687 478
367 432 110
11 708 383
708 137 15
261 908 803
789 917 866
470 3 974
651 592 606
5 950 876
121 327 727
326 559 826
912 364 627
119 369 58
350 197 338
20 835 370
571 465 527
826 776 853
272 957 2
326 413 227
716 456 569
90 547 494
924 505 654
76 167 104
80 410 917
856 758 524
213 457 267
295 558 426
120 946 102
144 112 965
296 49 664
41 342 603
990 56 565
973 424 829
659 951 417
457 151 244
426 635 293
967 166 175
886 786 734
496 938 477
138 74 15
63 341 136
514 17 941
616 949 852
505 739 449
748 953 418
836 914 149
118 984 778
302 696 89
653 466 798
730 302 671
749 230 809
831 213 141
370 280 183
179 84 168
390 369 824
311 279 707
900 293 510
612 711 406
154 930 563
346 451 87
881 786 780
323 892 958
110 181 288
545 188 554
26 393 625
951 209 733
66 926 986
236 498 949
686 642 152
81 48 554
777 782 82
303 998 189
891 220 481
44 632 224
112 693 391
707 536 44
943 106 576
923 305 344
485 647 294
221 54 668
231 397 135
357 180 402
619 671 938
376 977 604
514 548 89
361 642 46
648 596 436
593 819 808
395 936 290
91 697 200
563 955 450
227 233 763
118 541 253
801 911 887
809 365 561
348 40 601
393 365 152
867 970 668
73 972 669
644 977 981
467 13 622
716 545 12
723 841 130
992 195 101
12 248 174
180 219 638
404 647 678
8 626 616
911 141 332
755 744 523
554 643 374
281 966 818
8 223 787
222 89 988
680 199 793
857 8 128
242 615 713
322 136 490
496 293 301
883 68 524
160 634 963
12 545 97
267 425 353
18 851 664
808 186 611
465 451 437
883 957 145
930 141 41
88 832 768
47 976 258
954 92 737
385 972 778
437 264 812
863 948 316
137 894 734
152 926 633
634 910 420
396 426 309
572 231 51
820 693 254
334 409 14
304 992 902
665 504 11
686 892 202
938 43 205
188 722 215
798 543 158
243 236 759
488 340 64
13 993 9
338 776 95
508 620 752
16 330 469
544 825 492
531 627 26
310 845 467
482 927 304
783 453 985
408 211 336
586 621 552
334 752 26
349 814 523
30 19 760
811 345 246
241 487 470
853 280 943
525 587 810
379 981 528
834 883 946
797 844 179
407 396 403
794 577 764
91 568 832
259 294 263
92 771 922
162 821 109
185 915 594
239 795 265
808 0 957
644 929 950
731 28 299
81 755 274
227 223 428
76 479 243
61 84 643
10 601 801
793 331 269
105 966 989
865 680 256
925 15 376
815 598 165
738 574 601
354 158 578
925 942 112
141 496 259
771 735 771
445 839 405
319 743 639
683 176 776
704 212 8
418 251 608
345 139 106
529 647 851
617 18 577
763 932 75
696 232 126
760 367 676
1 328 858
463 922 443
210 258 1
708 373 150
225 583 547
6 911 294
226 315 970
241 995 558
948 905 235
587 939 231
680 422 514
157 850 914
168 940 544
989 955 583
157 408 752
66 976 945
587 157 91
625 319 460
149 902 172
106 378 284
403 889 991
270 3 193
801 114 721
215 430 361
691 996 751
968 247 104
93 739 437
149 469 576
889 712 314
145 285 116
903 934 312
981 212 667
474 898 916
983 649 11
838 99 224
777 894 746
255 602 598
917 311 392
189 732 125
364 334 533
104 230 432
143 141 33
774 847 342
44 149 820
815 837 469
1000 739 359
203 257 406
954 181 412
376 909 374
180 494 911
31 674 394
8 958 466
946 633 703
85 639 214
111 768 345
573 77 668
771 106 357
747 238 689
536 848 731
750 440 44
323 164 405
163 499 242
94 120 53
579 850 445
545 724 587
741 161 569
238 503 101
629 668 33
490 569 534
177 450 992
344 319 326
863 707 431
709 389 372
283 655 922
263 522 850
66 399 262
244 684 425
464 991 986
948 516 503
688 686 858
24 543 40
577 233 283
103 434 500
847 289 892
30 967 126
201 223 434
935 814 158
244 46 797
951 922 799
273 236 431
88 624 956
187 270 391
327 655 280
889 723 266
403 922 929
155 583 494
596 941 754
846 552 14
574 268 794
966 592 10
90 400 515
530 777 898
319 798 875
627 137 952
405 790 8
20 197 587
973 703 326
914 735 480
337 815 959
338 554 101
18 407 222
95 584 306
986 4 270
634 263 86
913 413 575
438 658 892
646 730 722
998 232 403
972 75 616
867 717 216
166 205 274
864 51 203
474 933 94
519 103 125
479 258 961
917 684 419
521 404 904
343 692 201
546 365 655
506 782 701
538 297 663
853 295 193
350 700 467
185 49 558
382 156 94
885 801 358
329 297 805
256 215 718
764 80 710
404 419 103
847 727 430
486 862 473
551 91 650
652 420 904
775 426 280
127 704 900
878 237 157
131 698 539
433 863 719
43 516 260
751 810 720
13 423 923
729 594 165
482 213 911
531 343 745
673 495 484
174 779 62
306 377 407
267 233 785
183 120 972
556 628 306
500 910 399
467 886 296
981 31 690
164 280 911
353 188 337
949 752 554
611 368 713
991 383 215
606 680 460
27 373 441
541 302 590
729 875 817
81 662 619
203 658 705
391 201 382
484 569 586
701 289 189
893 171 47
326 538 38
557 423 947
21 316 163
244 271 35
441 187 861
885 593 766
918 517 790
818 280 964
617 987 659
300 943 672
163 817 576
261 568 767
606 109 111
223 6 746
781 787 3
598 716 361
783 842 178
778 927 940
863 331 724
512 184 119
960 970 152
176 642 124
543 259 882
157 559 599
464 502 734
817 371 166
841 551 469
46 1 337
302 427 607
121 99 162
444 864 529
95 791 853
455 653 392
461 630 648
950 382 546
610 998 934
323 277 765
977 699 670
118 709 700
538 972 679
21 474 779
373 96 955
478 145 308
327 72 374
524 149 731
904 73 376
509 775 108
389 569 41
761 811 24
608 878 695
967 970 784
959 703 902
716 927 193
676 413 148
174 433 652
396 362 516
597 785 257
20 211 645
87 966 516
645 254 154
798 339 618
857 548 615
119 535 81
425 83 963
502 900 725
184 929 153
766 851 885
6 288 735
557 651 339
79 661 877
566 993 597
899 934 953
698 720 885
845 878 571
311 530 456
54 589 976
659 530 623
224 335 3
770 79 648
84 131 149
555 832 149
23 647 980
720 724 472
506 894 762
609 652 209
594 320 744
463 606 120
189 287 943
135 798 841
97 834 0
192 787 815
519 345 645
37 895 334
914 451 265
774 457 183
784 550 707
234 936 443
682 82 575
439 469 641
290 365 253
826 607 465
248 929 279
122 428 516
876 425 440
550 499 592
249 471 391
724 340 389
481 436 394
680 857 539
534 523 591
435 751 544
208 946 33
685 239 979
229 35 97
363 38 240
821 666 419
30 800 888
303 875 146
693 484 192
591 550 283
466 328 444
489 925 653
518 199 920
337 194 500
414 395 263
901 889 910
190 856 829
628 158 152
582 160 345
668 213 445
270 10 252
223 82 213
176 234 412
755 424 628
207 755 697
811 685 762
114 425 970
953 962 733
774 69 812
333 576 10
548 428 278
752 942 207
346 818 197
537 471 265
134 922 828
643 772 252
555 227 700
721 392 842
768 432 932
979 496 887
554 760 234
324 352 298
665 402 385
238 606 241
716 251 957
463 905 72
727 74 770
759 934 968
61 191 264
993 637 863
996 225 999
181 748 713
131 380 691
963 455 524
55 212 859
574 530 519
356 385 299
735 304 625
352 395 428
689 306 410
49 422 335
459 186 329
956 293 380
847 76 759
245 647 198
387 141 14
605 207 668
852 236 689
504 773 931
111 148 484
487 76 69
764 564 560
258 647 789
434 640 536
313 277 288
789 642 15
2 795 666
801 485 680
901 721 747
206 47 446
574 2 441
145 260 602
810 786 749
107 715 303
288 457 404
77 129 5
229 688 119
623 977 681
297 808 146
525 166 576
473 14 791
395 665 306
607 591 764
616 694 793
184 331 578
419 914 866
268 986 306
197 623 707
733 495 296
569 516 143
320 452 890
651 325 271
953 451 255
913 346 295
357 539 494
521 380 245
738 725 146
214 126 598
266 499 386
142 313 322
994 839 899
203 711 126
255 854 512
561 96 602
359 101 574
752 611 212
372 150 814
797 929 720
613 824 986
86 936 785
865 192 846
775 125 136
211 55 225
942 502 988
194 896 134
136 145 371
512 817 856
691 275 102
51 776 220
686 955 122
236 656 781
776 658 163
902 145 110
821 892 367
547 490 52
186 635 182
463 881 990
572 700 353
722 856 109
316 868 639
952 539 491
923 774 188
999 864 108
364 777 298
452 739 977
416 84 209
996 949 799
658 615 910
826 998 457
599 912 136
271 832 564
37 727 397
910 359 17
53 63 964
124 422 501
217 180 445
83 604 888
112 329 913
631 92 636
871 81 145
123 485 599
383 170 732
689 381 623
261 299 772
765 685 57
635 567 714
379 463 291
511 668 451
957 723 276
402 790 986
719 1 89
653 77 768
957 45 408
798 241 944
996 883 665
736 428 383
202 95 221
999 809 563
846 732 313
745 231 195
136 210 169
544 520 121
355 300 904
220 530 717
818 921 559
431 874 952
71 515 484
970 448 290
723 418 836
747 445 700
637 880 248
355 15 141
540 636 988
246 695 894
129 172 231
643 553 803
322 235 776
576 721 762
322 161 881
990 2 493
544 358 962
20 172 726
975 619 291
551 842 385
145 399 541
271 29 271
186 460 425
320 868 111
208 849 654
39 273 872
398 847 502
563 821 53
779 764 772
725 964 792
702 494 828
268 728 417
910 768 516
776 310 290
970 213 270
707 713 245
147 463 298
257 607 501
248 197 47
620 381 430
260 938 794
335 23 653
691 654 128
101 263 243
973 907 158
659 289 234
847 322 889
296 207 42
104 153 704
358 463 82
481 118 790
632 112 174
690 872 750
330 821 633
154 893 833
432 159 902
326 794 496
228 409 2
542 344 760
239 818 188
751 553 795
158 166 322
308 79 652
667 966 487
361 257 570
971 192 806
369 624 140
798 629 650
294 632 188
950 106 989
739 835 516
842 32 962
29 212 291
78 695 365
625 297 902
174 755 544
264 688 39
698 291 151
174 842 105
892 42 777
237 14 46
313 816 446
972 856 980
117 394 146
283 363 405
162 347 681
272 722 171
697 49 730
509 186 985
568 999 455
739 457 688
583 774 984
840 815 824
308 217 556
678 171 952
898 624 860
383 511 920
741 464 348
829 654 527
482 801 609
546 539 679
190 76 612
653 666 374
425 184 111
14 117 244
550 547 540
607 413 595
602 537 21
26 981 600
314 743 619
403 547 199
252 852 712
704 341 88
508 135 950
654 927 329
494 662 973
241 99 109
873 209 394
326 435 437
43 706 447
560 257 757
727 346 618
275 803 881
0 300 339
183 940 204
607 704 705
588 630 307
65 850 830
679 704 637
994 931 744
193 168 452
72 994 146
652 885 660
116 662 505
583 721 763
945 369 329
829 682 48
658 150 255
286 140 999
511 15 50
25 299 892
546 217 465
95 361 223
478 673 747
857 706 377
147 369 874
33 808 855
237 386 317
673 964 51
862 836 914
805 796 212
619 326 636
989 830 838
35 688 699
106 706 201
761 137 167
444 468 783
669 240 751
971 386 635
70 995 711
263 645 898
468 447 766
789 562 921
781 601 717
350 995 750
431 669 683
486 503 149
68 160 415
595 181 635
67 846 119
3 113 886
978 272 813
382 966 929
750 262 533
66 170 773
476 563 790
446 77 437
469 423 637
246 976 602
112 93 967
442 270 340
812 546 988
96 390 255
89 495 556
363 475 128
834 490 791
437 794 573
827 877 489
41 30 757
925 913 337
102 233 320
515 326 14
304 883 477
684 669 402
915 722 690
40 459 87
4 319 890
537 832 439
425 787 221
801 964 735
750 279 34
154 134 115
42 683 960
590 858 830
302 326 538
525 174 824
660 573 201
626 301 223
647 453 311
653 589 223
919 254 529
921 236 666
306 873 49
277 976 50
928 134 486
822 276 767
637 415 923
613 308 217
696 464 909
546 513 52
278 604 23
893 29 376
400 986 575
216 605 930
147 117 921
627 791 621
980 567 260
826 75 698
681 411 893
969 833 559
214 917 422
67 372 782
348 836 936
726 628 592
477 86 161
619 965 25
255 90 781
162 16 658
887 88 986
96 790 6
886 575 37
23 367 789
391 60 392
488 322 63
213 112 400
233 465 796
502 113 139
504 38 915
312 504 906
998 991 374
669 217 526
272 107 460
452 22 955
974 226 854
170 789 430
152 289 532
493 141 9
284 817 408
632 411 728
21 214 243
381 316 933
700 665 130
911 630 48
35 239 703
779 875 343
184 479 66
445 338 387
354 284 973
179 414 9
109 596 132
441 843 100
254 316 644
415 490 25
463 969 902
709 129 677
585 658 585
483 183 962
1000 370 667
311 10 951
50 687 739
493 858 49
535 55 436
841 734 279
962 237 856
320 55 133
710 764 542
4 456 744
600 67 201
105 114 735
760 152 616
658 530 497
613 57 628
266 803 865
531 965 16
612 864 201
411 440 586
45 688 677
851 706 507
815 69 340
755 894 575
192 629 565
228 238 802
529 455 206
141 190 658
24 214 397
609 505 447
358 572 249
506 30 949
552 370 320
672 766 347
968 574 770
620 682 868
672 453 270
856 450 766
395 839 973
891 513 693
626 4 922
462 651 537
964 269 865
136 635 488
829 762 399
451 624 860
971 301 816
615 309 98
488 417 597
155 5 129
550 886 480
761 550 687
270 342 108
291 275 810
545 771 41
36 142 854
402 73 154
226 702 306
127 582 971
822 520 940
529 607 85
924 470 313
367 591 607
312 880 581
294 771 539
763 548 37
505 375 370
218 620 125
257 796 61
201 227 535
531 0 967
633 547 52
544 10 288
848 234 834
183 667 905
714 554 557
971 912 23
419 271 626
985 451 261
751 198 64
85 691 710
70 610 88
417 137 403
678 296 23
223 646 366
664 299 38
165 693 358
702 484 431
267 975 493
595 323 135
843 673 527
180 718 968
307 435 644
542 210 240
97 534 662
96 248 369
703 990 274
905 319 711
577 473 386
947 18 411
579 589 962
469 642 389
692 986 643
749 953 931
577 764 643
713 428 229
402 96 415
798 829 148
768 823 598
231 35 552
128 453 581
92 989 858
77 666 457
825 260 41
202 350 880
865 508 924
98 420 965
759 674 304
168 589 492
200 297 364
350 564 533
672 376 601
666 471 995
871 228 249
723 464 14
271 499 288
777 940 511
539 344 877
392 433 516
546 214 863
548 690 101
217 747 342
978 611 873
85 847 345
779 499 784
184 990 599
384 585 535
990 708 11
627 773 59
1000 482 563
810 786 945
816 705 739
866 401 316
870 414 298
126 712 532
29 876 623
935 549 606
960 924 715
392 794 796
410 891 307
839 211 624
741 239 683
911 269 848
843 551 562
524 264 567
667 829 626
631 114 704
740 659 184
960 926 515
602 3 413
378 297 278
59 607 375
844 116 697
902 585 6
658 266 469
876 527 384
546 319 176
429 302 849
792 80 898
589 211 717
916 646 49
828 657 103
926 111 709
355 486 543
372 981 166
442 188 489
663 850 442
399 755 736
587 717 36
438 25 453
965 714 124
837 780 932
761 256 120
25 934 760
801 131 162
514 713 623
812 776 846
649 666 417
133 935 167
553 609 711
72 198 634
944 73 637
81 966 441
408 762 860
687 481 957
591 984 155
460 768 146
863 663 148
582 229 50
470 901 242
602 199 93
873 284 543
297 322 581
752 235 579
813 516 642
372 635 462
233 892 515
215 418 954
815 842 297
582 917 880
761 894 96
157 81 848
390 964 668
850 782 436
2 665 326
555 15 970
661 965 696
140 777 866
697 212 392
894 601 593
475 136 211
753 457 814
335 648 636
168 666 505
733 701 799
136 177 428
265 984 391
233 856 108
822 278 316
783 359 916
3 685 120
15 122 15
555 890 772
794 689 795
758 776 574
855 916 521
668 691 8
265 135 481
481 594 144
974 919 656
30 429 831
142 8 662
668 245 383
262 822 151
100 850 84
448 672 600
192 540 931
801 407 112
410 158 79
932 261 180
395 52 979
650 421 430
727 522 809
981 246 576
637 748 694
529 388 444
661 475 773
90 860 140
653 529 878
195 257 183
409 20 919
810 507 819
575 703 581
167 360 148
463 825 697
556 867 232
548 359 879
871 373 522
396 999 596
952 155 308
732 777 865
355 184 361
705 383 333
728 197 263
55 881 335
801 380 755
338 89 931
883 567 566
91 133 102
709 573 636
319 516 976
754 97 807
718 223 760
459 719 531
459 896 45
761 619 272
495 547 271
143 62 911
107 837 547
599 724 200
539 111 705
569 691 440
947 397 219
469 500 711
426 609 85
109 244 335
89 242 657
444 248 622
635 618 822
506 497 425
173 581 734
489 636 406
519 778 118
687 323 427
860 919 853
360 680 174
378 370 665
312 528 192
951 331 515
838 601 60
328 788 636
517 831 6
954 443 219
163 434 654
546 741 995
646 535 769
249 259 303
175 232 59
206 79 955
898 66 225
14 66 433
649 110 799
946 239 378
3 741 779
459 262 593
252 269 436
408 491 720
767 310 678
491 561 1000
987 357 387
820 646 470
958 947 109
842 635 360
651 354 83
286 287 983
750 904 423
284 268 819
396 67 495
182 199 912
187 661 123
293 931 680
775 136 481
803 958 825
937 737 570
863 219 587
696 325 835
589 624 903
814 498 694
76 878 428
964 388 442
992 615 886
85 196 33
346 343 824
321 668 284
866 4 721
454 305 631
541 295 966
285 729 713
792 28 344
286 30 465
795 851 759
88 728 851
499 436 856
776 146 339
588 36 111
189 507 584
972 851 676
970 679 911
103 401 745
21 972 590
843 63 897
289 173 144
815 603 451
423 84 618
780 644 100
564 923 77
855 456 516
748 692 385
715 65 295
993 678 657
59 183 275
98 980 841
898 556 682
442 892 532
806 867 692
473 339 297
891 719 298
737 170 912
456 63 247
1 44 902
673 234 903
95 451 959
557 502 725
205 513 245
820 729 122
951 859 991
389 927 955
995 89 76
616 666 546
755 756 173
124 83 360
945 241 517
887 461 706
631 573 801
672 203 470
690 579 905
962 18 586
236 8 563
876 912 689
132 958 561
77 999 503
731 703 136
397 19 567
220 193 245
442 991 294
106 863 480
551 423 835
381 748 103
923 739 240
999 330 664
522 985 346
199 396 125
666 12 44
623 620 780
734 400 546
617 859 28
956 654 658
938 366 942
939 345 313
48 623 655
971 924 992
241 630 694
221 748 480
636 873 302
313 607 942
308 8 921
335 817 590
921 368 321
448 477 740
895 235 799
328 602 7
946 845 872
159 137 117
444 938 487
546 771 164
378 831 475
398 244 421
816 20 622
149 377 882
490 867 850
255 136 771
192 911 512
692 393 381
536 158 201
30 143 270
559 554 601
651 179 890
892 461 334
555 452 633
66 377 557
858 480 928
187 789 556
564 528 589
541 466 448
973 938 938
512 284 689
512 312 410
881 856 434
356 884 20
147 261 1000
709 465 73
426 268 155
54 42 326
891 608 637
882 342 858
277 988 18
816 985 967
392 585 604
19 703 279
744 159 920
290 540 478
391 169 803
849 264 343
556 359 330
791 787 199
663 804 73
434 445 902
976 39 629
732 421 319
6 314 709
686 766 811
668 256 359
452 720 365
523 183 635
509 53 711
975 547 320
18 570 254
810 896 735
75 336 646
170 105 411
868 557 151
878 870 924
497 436 750
710 267 828
111 824 374
63 722 176
619 534 828
611 507 6
507 806 348
793 3 274
389 442 452
407 668 181
694 223 31
554 721 627
250 900 532
755 962 188
877 747 153
385 431 444
32 685 596
795 757 77
140 386 853
264 946 45
619 795 192
455 626 174
11 842 697
468 380 849
253 574 59
29 573 893
892 186 248
207 496 55
867 911 385
405 841 307
674 657 600
632 349 869
366 420 175
422 858 222
834 540 854
494 189 535
361 129 384
629 100 984
42 372 485
310 597 627
490 39 259
905 92 878
666 325 760
930 291 608
130 470 573
899 944 336
465 220 652
963 350 842
745 382 935
903 643 905
932 591 656
663 412 34
918 785 675
167 413 466
848 375 538
117 784 41
411 431 332
447 716 6
862 793 709
390 516 15
937 307 998
696 654 552
964 228 420
987 769 138
317 627 204
60 402 365
302 381 957
145 782 370
859 608 96
855 894 989
808 926 314
436 715 81
661 206 579
785 697 429
89 843 883
743 293 220
55 195 192
504 347 578
47 961 927
93 277 690
340 84 686
963 522 348
921 551 291
970 777 359
360 164 780
38 506 311
173 230 447
148 893 156
340 623 751
185 512 24
85 605 106
591 659 329
280 11 493
805 121 355
735 767 125
577 949 542
868 718 255
946 108 268
865 323 806
288 457 494
387 419 952
543 154 842
497 575 569
267 527 836
554 456 842
280 107 110
289 383 561
184 794 655
790 516 957
217 442 793
933 247 294
500 956 74
324 887 74
879 638 469
102 548 948
222 945 492
757 764 632
605 304 475
721 247 600
202 353 83
876 895 247
533 994 427
49 680 991
382 78 255
534 296 462
560 755 258
218 799 100
712 732 792
585 988 592
755 331 203
236 489 748
771 192 731
99 620 201
932 626 786
176 937 670
507 580 713
956 154 478
137 145 725
237 154 278
976 459 666
67 478 823
622 389 380
317 717 212
430 28 23
209 716 18
918 807 369
962 123 791
94 359 691
460 408 921
465 775 601
307 280 888
953 617 544
815 546 942
225 59 627
142 511 443
141 503 775
52 585 936
350 630 775
652 528 581
174 687 693
700 948 59
712 722 751
292 0 203
196 157 722
826 317 215
889 689 274
255 380 834
221 556 420
280 904 388
274 66 493
824 591 223
349 731 855
806 377 544
556 637 217
551 627 532
749 784 796
500 708 369
942 290 699
297 518 419
97 141 945
583 143 924
843 701 414
232 186 769
719 760 757
87 185 215
792 227 383
490 940 209
59 388 98
12 602 982
714 111 145
398 447 311
852 48 321
600 155 664
511 842 954
331 496 579
22 607 490
280 705 151
934 80 933
527 102 227
613 440 825
557 349 602
324 781 813
758 311 554
480 874 896
19 895 443
68 53 195
57 90 413
504 539 735
89 932 848
859 682 959
841 591 629
885 378 985
621 733 977
36 266 648
358 121 508
920 238 522
294 856 483
232 845 829
5 880 560
487 534 50
727 881 528
479 488 409
241 189 840
97 957 687
91 827 251
148 376 668
391 121 981
124 16 482
389 935 147
432 800 474
51 383 945
661 795 591
966 19 47
773 880 290
312 883 178
737 35 55
932 439 212
413 692 79
217 704 686
312 148 664
83 399 955
423 13 877
263 816 690
454 671 192
983 792 720
1000 358 393
54 230 947
673 209 893
761 566 797
593 285 320
964 964 659
549 919 594
56 259 747
25 502 305
254 152 495
114 213 762
274 239 103
115 520 51
461 789 96
688 902 477
25 950 117
560 308 636
223 298 273
851 133 72
990 980 244
22 367 588
111 48 934
898 737 360
54 923 679
171 291 544
766 251 935
824 995 297
156 39 796
427 227 855
239 215 735
978 350 945
87 549 611
64 785 827
454 91 355
479 330 789
897 794 846
658 339 984
427 622 336
755 90 191
422 510 72
997 785 660
655 644 638
522 709 214
840 301 729
327 599 562
339 131 355
39 415 378
840 274 433
693 735 554
296 830 242
905 998 868
96 49 255
838 254 428
539 60 966
312 246 254
5 863 675
596 858 289
322 711 936
496 336 900
949 175 658
714 224 912
511 736 697
781 403 388
204 625 916
140 680 283
203 689 609
634 359 557
140 386 487
541 253 67
56 685 4
691 124 118
378 394 875
393 534 258
962 376 147
65 655 131
725 743 676
632 217 553
39 91 875
442 900 297
507 318 80
903 353 546
126 310 349
644 144 262
820 293 788
681 376 635
368 27 111
402 246 98
514 154 439
140 461 641
638 584 337
959 640 497
700 429 500
950 736 141
564 610 216
974 494 547
122 655 659
553 201 743
830 247 768
75 270 246
649 240 921
500 534 332
123 743 300
548 332 645
921 878 394
929 443 78
219 565 935
117 869 732
117 47 626
841 672 416
667 748 889
805 642 158
87 809 222
741 529 620
182 666 91
528 535 923
793 393 747
646 326 393
548 81 529
359 907 703
145 481 997
825 622 682
969 564 679
874 591 883
294 1000 610
532 897 925
530 100 409
549 133 495
985 4 826
910 732 510
492 452 236
764 372 820
432 788 824
896 203 231
65 331 103
121 990 891
72 252 123
400 184 874
716 54 630
519 35 808
892 23 378
659 639 863
604 857 306
348 150 568
919 795 382
121 847 499
531 668 327
646 396 591
941 46 431
864 734 79
621 9 5
945 811 614
636 808 38
789 179 703
238 878 164
31 3 56
499 721 354
957 319 120
607 975 5
826 377 917
313 91 845
707 737 673
552 191 117
969 53 177
40 671 701
189 503 6
907 697 31
750 851 233
296 423 14
605 969 845
304 14 23
975 728 602
424 733 912
500 76 798
602 892 443
879 758 911
419 393 101
468 798 686
568 203 18
395 68 881
832 877 401
118 542 606
304 280 478
566 949 708
304 365 94
958 301 487
135 782 575
140 148 457
436 803 128
55 529 930
122 749 491
753 177 372
269 527 426
947 774 209
557 298 733
243 658 862
415 977 581
574 276 595
296 169 745
245 940 383
948 632 682
163 450 848
71 191 950
632 999 384
520 125 196
49 970 962
590 461 275
941 5 218
379 589 418
196 989 565
350 728 161
641 427 979
946 347 862
781 476 462
824 350 215
746 298 448
624 238 684
891 30 598
849 280 633
715 472 10
714 327 75
615 677 104
37 100 594
420 562 256
282 804 496
405 629 102
593 638 221
71 520 560
526 234 520
351 555 655
59 905 220
158 630 884
505 882 57
287 859 127
287 625 235
820 127 605
187 710 448
854 623 320
397 273 297
83 87 183
835 171 265
158 409 644
412 339 722
83 70 730
552 62 459
705 107 680
745 604 776
818 730 236
849 728 460
319 447 357
17 494 686
312 161 509
610 894 277
824 393 343
788 547 304
148 860 124
723 524 156
302 824 27
654 667 782
179 442 125
342 351 215
183 672 282
998 591 316
792 440 56
352 810 281
788 737 622
893 580 605
750 693 672
987 147 82
59 26 995
961 244 937
963 101 869
30 800 517
250 648 40
803 335 421
724 141 327
599 699 868
677 212 479
478 266 27
510 299 48
183 704 25
212 306 51
612 894 155
930 808 418
287 901 779
467 842 1
939 71 493
416 598 722
215 713 95
812 704 149
551 444 277
245 846 444
369 432 555
234 305 878
237 84 736
136 389 900
404 923 730
3 208 972
502 56 298
123 268 35
14 317 464
295 526 695
507 548 505
720 971 281
715 418 118
382 274 874
261 678 778
440 617 315
419 852 772
776 700 833
779 759 686
205 43 950
143 784 11
456 404 820
624 396 116
550 788 143
925 862 299
111 765 888
236 518 668
33 971 556
367 587 584
155 587 637
739 935 233
796 663 209
470 80 306
615 583 973
742 90 65
664 977 912
331 918 411
898 83 986
89 682 246
526 287 638
854 415 398
763 544 401
336 467 460
72 961 497
990 710 620
377 39 908
807 126 906
128 567 875
876 33 540
276 914 242
916 222 391
329 132 67
941 137 652
818 250 543
208 958 486
193 990 663
406 406 266
708 134 504
720 670 395
257 860 401
278 519 288
663 168 334
923 925 906
515 599 923
980 583 215
693 334 473
37 284 714
415 29 956
126 583 808
218 828 526
427 827 527
222 65 99
654 461 532
139 1000 360
807 791 289
229 565 820
111 925 793
543 453 224
433 438 272
269 539 32
850 140 760
544 309 864
405 250 961
129 529 259
288 23 505
537 912 924
488 903 268
468 196 516
547 210 643
689 936 66
196 127 111
202 754 581
186 990 381
588 567 824
755 653 297
707 82 668
617 882 661
417 790 501
255 419 118
771 291 202
416 241 923
701 624 387
873 875 781
577 35 634
772 236 908
918 663 881
733 490 97
123 653 172
245 736 602
91 987 522
545 543 422
949 670 268
755 949 808
580 378 769
146 486 408
185 19 116
318 193 512
661 348 283
618 596 148
415 530 530
341 225 563
10 329 310
719 769 568
463 113 251
58 833 819
946 754 653
936 120 296
83 479 243
930 300 664
708 129 337
814 123 474
485 506 289
64 841 585
778 768 100
853 401 86
225 140 793
714 616 2
228 521 873
741 6 874
355 450 525
486 461 739
459 777 322
420 873 7
171 92 5
132 52 537
110 980 617
534 880 321
332 529 597
640 152 822
590 344 643
858 490 567
507 716 517
728 673 226
709 989 882
919 424 328
515 32 339
764 778 613
748 649 22
724 641 468
229 586 542
267 22 178
551 537 148
834 143 756
946 205 778
200 89 350
127 88 182
104 439 678
170 155 641
926 899 269
52 389 990
570 415 345
783 601 296
643 900 468
813 281 127
126 264 476
247 336 617
626 397 442
675 970 761
211 197 760
60 443 804
13 875 199
704 20 942
639 843 708
750 720 433
39 714 455
147 668 810
728 596 112
195 853 721
866 144 491
77 227 427
798 604 427
544 625 158
118 25 446
692 647 695
524 390 931
310 848 122
758 118 326
974 226 240
931 463 233
82 56 344
945 807 793
426 290 803
37 44 533
594 130 66
487 846 511
97 879 233
159 344 626
518 426 497
175 909 356
329 997 696
413 585 904
58 554 720
789 811 748
297 306 363
404 152 343
461 943 593
858 521 851
52 585 126
473 618 828
505 561 115
511 110 634
605 874 742
748 810 308
565 488 498
976 980 371
953 227 183
945 484 751
822 69 739
855 242 308
79 779 781
759 944 797
25 403 636
995 901 463
110 716 739
655 264 189
275 427 898
860 426 958
550 910 217
366 821 440
868 731 999
560 230 802
742 264 701
386 417 107
752 411 990
831 237 651
953 962 40
538 650 374
339 91 609
241 115 368
225 543 858
836 885 898
80 670 873
769 927 70
477 910 638
356 826 487
250 103 266
660 962 915
784 991 835
643 203 355
479 956 382
327 983 45
221 694 409
713 414 372
5 910 684
62 149 889
632 97 451
2 75 729
415 267 607
537 654 637
739 687 27
841 586 224
205 254 966
481 612 435
345 159 364
346 112 904
919 703 707
117 803 289
824 52 211
389 632 66
84 473 586
690 187 560
349 611 703
710 46 567
750 601 240
532 974 779
912 725 832
826 237 286
354 410 72
506 863 128
784 846 349
137 664 565
241 197 155
479 664 706
102 990 229
943 116 12
682 337 666
705 590 588
124 312 1
241 767 581
619 790 623
379 533 664
399 236 119
622 22 483
107 997 12
480 342 688
757 875 747
130 587 90
796 568 52
875 420 704
408 827 802
289 640 70
861 325 757
950 166 185
179 396 939
213 947 341
820 562 14
782 206 753
544 670 257
770 514 37
8 203 72
623 261 63
819 449 951
285 296 234
678 328 275
131 396 435
994 635 336
862 911 806
436 11 230
471 856 89
143 512 396
170 797 910
241 932 411
98 751 24
126 57 123
61 483 774
343 251 392
382 873 976
53 84 717
873 872 553
792 541 985
589 515 617
285 572 834
15 504 673
586 914 374
925 809 140
52 844 167
941 992 310
47 852 281
542 83 462
453 571 501
265 371 770
921 866 819
147 983 844
329 474 93
933 752 985
57 326 87
895 928 478
160 733 968
633 979 158
74 415 36
754 800 880
729 316 17
747 619 60
688 532 162
530 841 266
256 759 717
360 605 23
910 269 254
225 221 496
845 836 603
158 817 300
156 665 669
757 360 872
225 742 726
669 151 511
4 497 196
328 568 544
626 212 250
790 133 633
828 336 988
687 395 598
594 932 593
354 365 10
689 445 2
499 637 681
662 954 228
431 207 306
99 421 423
722 239 185
834 913 739
121 788 668
440 207 379
254 37 225
723 507 869
151 892 430
581 632 279
132 942 90
541 391 278
738 284 547
987 192 161
487 863 628
792 687 995
889 385 740
643 765 488
297 197 10
193 758 141
106 719 831
369 806 454
195 119 103
891 457 667
484 393 114
306 576 173
545 118 251
467 329 970
42 370 760
922 717 311
378 655 28
993 598 175
70 593 968
725 597 566
206 364 978
25 313 414
702 922 672
132 732 620
959 166 125
638 321 287
546 341 844
712 382 493
530 86 983
325 225 972
136 881 458
202 234 7
143 726 983
733 702 963
630 980 448
743 144 666
779 373 301
715 533 905
545 713 706
282 938 637
224 46 350
661 142 574
940 765 454
425 359 736
536 221 174
889 839 588
710 481 841
345 252 686
240 46 535
146 315 27
765 609 334
841 533 560
228 266 401
987 785 406
354 17 0
917 971 602
318 240 401
391 168 801
24 755 726
707 394 368
583 511 455
717 817 92
542 43 897
435 347 487
815 677 667
700 667 15
688 655 607
223 498 272
720 620 949
506 668 875
35 840 785
88 483 358
652 1000 509
888 803 436
316 391 833
896 816 170
34 585 358
804 95 815
456 109 767
567 381 171
60 115 160
153 761 385
535 830 826
820 675 166
474 509 271
155 904 271
749 299 360
297 542 363
314 415 97
836 461 622
49 537 36
535 178 813
130 567 980
748 0 593
463 318 716
916 379 274
733 659 736
454 711 135
28 579 592
619 750 780
42 629 87
739 362 735
235 753 117
988 639 670
463 837 199
809 811 783
908 228 608
812 224 581
548 170 825
883 554 114
247 588 528
189 592 48
931 601 323
839 592 232
271 522 269
468 2 476
338 209 972
941 448 49
708 343 449
662 338 872
830 551 943
545 530 217
838 629 565
763 348 928
864 388 880
838 869 51
931 622 68
755 658 704
408 910 522
961 846 64
275 553 664
61 731 636
627 9 688
603 542 229
555 454 995
995 995 409
114 558 602
450 981 152
840 684 801
978 330 9
198 421 500
947 829 640
375 808 709
148 47 273
458 33 532
948 921 704
257 467 679
407 721 160
63 907 693
203 558 617
288 714 22
423 876 529
390 103 750
610 826 597
942 958 178
848 693 77
275 302 703
618 571 41
921 78 55
727 831 96
269 343 66
676 419 749
720 916 71
262 702 278
650 531 54
616 516 583
83 306 372
450 923 211
643 526 163
752 738 850
542 828 497
542 959 279
475 328 352
58 706 215
753 292 893
417 358 114
566 549 589
470 813 129
395 825 239
562 296 186
536 538 223
871 314 115
730 657 207
716 183 65
984 93 742
3 988 106
198 249 485
386 495 29
254 177 501
262 854 141
708 32 124
853 622 144
848 520 144
497 198 580
972 581 741
368 412 320
855 100 292
968 136 782
268 931 116
339 987 29
564 838 656
287 710 25
685 25 914
512 277 312
686 860 60
135 210 307
178 186 994
869 88 429
562 668 815
328 907 491
375 165 823
933 798 597
211 392 402
300 161 748
67 484 735
142 14 851
446 491 147
923 174 258
358 193 591
741 185 156
428 472 756
674 915 749
464 229 995
981 775 428
264 556 15
893 44 901
533 128 506
581 70 361
625 575 770
557 272 97
36 628 311
51 282 170
319 813 734
228 467 675
751 420 692
121 616 614
499 571 313
302 331 630
440 834 378
312 765 402
7 675 960
888 831 699
4 604 714
781 335 340
730 950 546
278 650 785
477 311 872
459 574 396
961 982 472
853 155 308
76 618 471
297 915 414
70 47 533
833 628 270
430 477 497
315 799 937
908 769 483
938 375 362
705 398 815
66 413 983
278 631 608
956 35 57
468 405 258
553 152 105
520 293 715
466 586 459
328 547 901
896 938 920
931 541 578
112 211 210
594 322 309
99 698 270
154 334 655
995 1 33
122 562 32
274 732 545
323 831 48
435 288 335
105 49 693
445 620 891
562 202 800
236 440 3
404 418 167
676 726 994
624 738 451
70 795 150
689 746 22
878 29 953
254 60 948
422 651 524
585 88 445
545 668 531
4 549 516
11 36 30
954 572 738
725 448 270
540 106 273
727 134 191
46 993 285
592 327 302
123 221 426
180 179 863
435 584 216
448 927 7
683 271 620
189 978 88
697 764 94
273 145 565
233 86 51
649 330 545
928 579 753
457 195 773
448 526 318
597 15 576
410 946 57
805 580 516
545 820 256
851 790 568
797 788 391
147 242 18
33 20 988
359 5 80
678 638 976
671 183 219
727 917 582
439 366 826
962 195 102
16 573 116
385 121 668
919 941 383
100 692 88
730 402 907
753 934 294
141 480 876
117 610 918
76 120 560
266 203 106
472 797 32
501 17 350
981 155 520
716 124 887
495 944 762
835 990 941
502 649 464
540 723 494
186 749 543
857 135 972
904 111 212
439 225 597
649 79 271
680 774 573
879 187 831
396 855 492
594 664 914
313 595 226
677 853 13
396 630 255
737 76 248
62 523 663
790 656 790
934 585 785
974 729 639
49 99 851
558 560 301
771 187 895
804 789 99
776 459 2
631 763 492
749 43 675
850 152 313
10 647 341
454 133 85
148 771 961
625 506 46
50 406 956
24 841 455
319 409 904
612 92 304
225 475 86
916 209 292
358 993 557
486 939 662
39 130 916
548 584 114
25 816 591
905 962 222
624 756 135
966 868 473
815 697 872
833 623 509
771 43 825
969 721 150
517 844 945
480 109 848
109 415 953
425 385 239
688 987 228
195 560 550
55 229 674
142 777 76
991 782 69
64 704 493
54 762 446
878 832 115
321 417 155
789 162 247
311 489 991
724 749 770
651 746 684
346 896 634
311 380 598
139 551 27
226 250 507
365 529 828
991 637 242
771 502 68
107 789 165
930 637 648
252 58 57
452 505 550
855 173 953
510 52 851
422 167 564
138 221 974
396 784 106
207 637 13
645 247 53
291 195 185
123 376 632
465 334 707
413 196 244
598 197 895
766 550 607
58 781 973
169 337 848
545 473 524
408 820 856
738 377 634
526 952 731
735 698 815
69 334 54
564 316 335
654 924 599
415 611 524
629 118 286
753 726 119
248 882 88
106 361 349
413 831 589
693 702 357
979 120 387
216 7 337
279 446 464
289 351 683
205 878 562
526 434 560
808 479 338
777 843 80
414 674 568
304 786 975
850 686 598
47 997 517
993 590 342
24 89 208
153 235 284
79 507 277
953 328 453
327 820 974
994 857 944
475 226 872
946 451 985
517 929 373
668 19 32
440 440 165
97 701 993
439 95 520
63 217 749
764 44 945
911 991 113
170 772 503
433 160 768
610 189 19
775 245 951
673 93 595
291 750 182
432 81 976
190 827 817
102 654 736
94 788 420
28 976 102
893 171 541
459 697 592
633 214 2
232 441 347
991 54 925
207 169 487
457 387 663
434 417 974
247 837 155
920 717 989
595 998 989
615 197 810
866 258 123
811 681 456
744 228 419
182 84 274
560 151 113
267 470 61
91 448 701
276 682 87
421 723 283
720 490 839
843 188 805
576 938 596
771 963 84
14 974 201
337 601 74
697 934 222
671 744 885
74 715 795
256 233 888
321 910 773
881 219 197
902 167 804
954 654 640
745 167 324
70 265 675
549 563 197
686 577 537
548 996 681
631 383 666
75 919 200
743 276 350
305 258 297
917 443 239
359 673 559
60 197 374
751 268 542
141 915 279
701 47 605
310 446 413
831 619 421
587 0 302
257 809 721
128 275 776
819 59 201
324 668 970
499 267 809
275 18 187
87 636 878
825 962 469
803 907 947
777 889 633
952 214 22
497 586 518
177 519 27
355 902 685
609 245 340
290 726 215
833 45 985
410 926 587
589 351 780
947 388 841
736 493 230
116 168 15
613 368 636
568 558 128
9 992 60
513 266 220
972 421 915
350 228 623
558 35 76
999 579 342
669 259 662
988 899 272
100 390 391
379 641 905
628 982 101
861 950 650
999 262 255
371 510 715
833 13 257
844 479 353
937 88 501
640 886 474
596 501 715
17 201 55
435 142 57
93 797 573
923 419 91
246 550 923
18 566 329
701 721 537
338 848 848
59 143 633
271 787 60
723 600 821
753 967 807
268 628 13
65 850 95
114 328 986
137 812 497
259 73 609
802 928 285
877 757 802
175 257 327
311 976 973
606 251 844
969 177 590
962 932 308
359 826 691
55 258 564
289 485 109
512 203 94
718 177 367
368 441 524
648 515 399
785 140 130
75 165 1
625 208 464
569 82 211
764 987 983
99 832 907
885 758 234
925 454 972
480 950 405
491 129 533
805 61 946
238 919 517
939 701 609
822 307 731
408 684 836
389 855 543
890 332 47
64 902 5
119 115 818
229 23 380
90 703 570
214 709 112
664 437 780
19 648 979
699 346 461
726 877 801
211 937 588
377 248 104
700 420 603
899 333 384
168 944 993
548 708 551
309 928 509
226 905 535
751 983 983
302 279 77
689 181 971
671 108 876
148 235 756
880 991 176
418 368 741
88 194 912
400 614 462
943 419 938
387 184 233
21 20 88
615 40 817
651 122 908
10 164 343
669 789 452
308 578 132
559 771 341
140 198 129
198 640 859
143 713 76
544 757 190
424 614 926
237 926 26
636 821 807
807 575 12
186 647 882
880 641 899
406 371 288
54 45 837
289 645 569
223 707 222
291 183 345
740 274 82
930 983 892
995 929 349
429 761 736
397 613 797
179 236 867
227 935 787
979 601 626
487 48 491
88 64 441
951 694 618
721 412 112
370 313 402
72 731 282
803 918 925
660 866 386
711 671 248
147 95 168
620 389 484
752 839 863
918 336 590
926 328 995
856 900 941
10 583 615
476 551 714
759 439 34
966 407 931
383 298 127
703 487 968
440 982 653
622 963 513
184 459 370
915 726 64
856 603 94
805 266 843
484 476 724
225 371 280
259 498 578
309 943 529
10 569 199
241 402 792
65 352 861
520 961 777
496 409 400
589 275 962
756 620 500
876 179 953
124 715 684
559 83 475
331 164 475
83 106 667
441 43 278
236 754 285
84 516 252
892 322 48
381 500 181
169 201 780
542 280 779
700 479 997
785 482 381
40 805 499
83 583 297
555 677 136
641 337 146
920 820 471
511 658 474
158 798 712
751 730 880
347 330 729
709 899 335
162 978 417
781 151 59
118 366 4
109 499 677
734 434 708
825 970 688
612 36 467
887 571 836
754 34 908
521 204 143
546 503 309
768 899 58
788 236 723
434 206 751
47 644 293
208 411 655
407 414 927
419 729 179
786 318 589
141 526 55
775 682 456
79 674 150
467 506 428
694 161 628
137 772 405
194 466 962
341 323 225
699 188 977
354 42 55
933 914 978
354 703 603
437 205 153
151 250 582
920 636 970
567 139 683
916 284 115
958 996 345
656 484 632
425 270 86
957 974 401
668 160 821
342 58 538
889 807 523
574 719 164
523 695 85
553 783 58
930 738 444
278 341 19
421 276 88
6 105 175
185 664 665
594 825 407
361 873 630
565 588 50
688 98 533
907 206 774
692 276 81
731 12 167
501 54 16
141 379 903
92 829 640
735 618 350
734 905 280
121 591 234
159 15 266
217 575 879
301 368 548
783 663 913
716 906 993
263 112 544
695 336 896
978 63 38
716 528 969
353 858 130
807 682 39
899 730 889
427 150 174
864 322 864
958 848 443
886 553 23
799 259 356
840 368 86
569 468 63
652 599 992
205 432 314
533 787 484
933 347 320
306 537 452
83 759 570
930 670 265
44 110 408
752 15 1
322 18 764
56 805 514
638 946 364
800 410 396
475 864 468
970 987 445
613 371 427
324 452 334
642 237 242
440 262 745
947 574 380
105 429 945
946 819 236
381 722 413
119 751 717
175 14 55
547 982 93
824 205 198
429 74 544
236 719 764
573 508 288
883 491 573
573 610 663
730 289 479
918 844 406
55 115 17
759 17 790
356 98 395
564 866 171
161 578 502
913 239 422
923 853 870
199 912 446
764 209 534
56 565 811
988 788 168
693 853 735
485 803 486
528 668 409
299 977 779
553 637 830
702 361 332
756 292 607
190 716 54
998 58 785
907 244 459
211 413 198
33 410 784
98 682 62
37 482 540
970 446 838
730 238 27
553 809 731
776 954 720
563 126 795
486 905 246
154 361 73
901 821 57
620 699 939
45 719 737
880 749 565
663 269 268
987 538 261
566 474 84
638 902 82
322 919 558
726 484 367
796 993 174
328 438 535
545 779 14
1 839 913
745 170 848
766 26 270
643 66 629
920 630 75
356 582 401
652 130 923
14 18 599
511 728 164
89 135 781
709 856 597
997 51 262
823 574 531
364 389 519
425 738 580
276 294 845
631 773 408
26 708 704
38 856 545
520 957 173
166 492 620
782 723 382
540 332 194
331 741 731
786 716 83
715 1 11
969 121 966
563 329 857
930 120 69
598 180 898
608 742 922
759 806 650
455 786 653
279 993 204
9 349 419
403 120 861
763 153 409
296 821 211
707 814 782
406 759 66
253 771 115
252 75 889
296 449 911
214 107 47
514 261 314
41 290 245
842 133 678
185 247 436
970 574 344
2 367 425
414 649 744
862 456 932
355 102 494
144 572 543
8 621 906
887 501 367
243 50 903
311 109 367
625 937 424
968 323 755
962 671 353
159 529 33
639 397 660
378 30 534
857 630 332
421 189 300
598 715 94
290 439 394
22 567 261
208 712 158
53 415 666
401 406 912
977 778 652
857 866 310
708 509 644
86 785 860
267 491 792
210 471 925
87 1 103
624 104 730
207 231 174
217 710 641
354 748 266
567 787 266
868 836 710
892 397 220
29 569 285
919 373 299
121 581 152
510 322 258
932 701 26
342 196 647
725 571 724
254 694 539
208 910 505
356 630 77
612 237 145
41 901 241
389 646 190
209 400 728
293 735 402
404 867 834
345 550 855
453 718 634
475 483 130
76 938 147
111 184 677
674 101 199
142 211 124
17 388 318
77 160 156
381 93 371
86 853 676
849 597 938
332 662 260
856 534 282
934 96 949
258 629 2
492 956 954
247 82 881
22 319 878
122 213 588
286 997 382
414 61 899
525 274 51
890 689 211
177 528 428
920 572 588
651 367 510
176 350 166
773 863 292
473 946 412
815 609 680
317 691 192
479 641 44
948 382 664
760 931 646
873 526 373
661 1 245
363 157 952
651 753 321
763 121 360
761 901 896
708 73 77
95 114 724
676 873 551
398 598 437
891 578 487
412 625 258
70 725 282
889 438 183
687 420 758
698 539 44
35 30 634
960 650 766
575 787 413
138 964 260
977 324 395
318 348 55
17 104 549
53 765 276
680 2 157
263 99 631
49 346 431
617 796 607
928 717 857
955 489 207
880 672 175
580 773 54
455 583 759
327 686 789
7 824 365
722 972 506
62 707 823
399 686 623
178 242 356
343 52 910
967 200 455
786 200 812
984 179 863
508 580 264
267 437 716
795 177 114
240 781 639
342 664 150
269 435 878
905 676 965
15 79 75
310 119 446
74 471 219
789 87 657
742 491 622
731 602 353
260 502 407
412 859 208
108 388 396
861 987 712
176 984 41
778 634 207
687 281 392
450 951 439
826 269 867
665 831 650
224 396 339
74 27 757
226 128 257
448 458 437
687 900 749
660 541 909
870 591 48
172 376 30
240 314 657
831 531 902
323 407 507
523 721 265
207 541 616
841 765 420
30 988 964
595 913 497
441 695 378
811 75 174
866 269 879
13 546 80
225 752 226
553 529 53
171 684 520
198 714 692
857 223 939
833 90 281
680 888 728
625 391 460
792 619 433
307 991 901
754 446 374
159 859 704
281 976 904
139 620 587
802 885 450
494 821 282
685 689 906
425 557 106
520 419 92
789 758 793
125 145 389
966 764 691
588 77 612
368 363 54
714 831 447
869 625 571
162 157 826
432 364 79
750 689 422
501 2 614
796 439 519
870 747 48
392 218 34
864 669 129
862 798 478
74 821 723
694 675 395
933 928 876
553 501 622
418 38 624
312 606 463
583 281 46
126 190 7
935 492 965
753 843 943
884 334 716
991 966 268
138 232 473
23 610 85
448 420 637
630 835 68
270 784 397
535 580 264
475 860 3
401 863 718
232 726 917
26 129 995
18 853 986
553 585 785
514 722 283
989 425 900
3 940 866
894 666 192
562 402 296
174 373 285
496 715 104
182 856 775
634 92 753
293 7 443
357 392 419
549 691 378
781 390 6
721 997 29
552 304 882
54 259 631
574 311 56
56 248 526
223 569 624
571 296 373
160 557 293
665 564 226
914 835 905
221 669 674
166 218 679
157 461 966
303 430 746
607 785 501
207 740 819
782 621 302
992 236 94
136 791 333
111 13 991
200 397 886
647 189 526
339 32 891
803 322 17
34 0 715
287 649 696
137 943 198
842 280 483
278 6 225
55 495 47
468 323 949
277 803 661
790 884 495
955 307 757
212 524 226
645 36 39
46 760 293
2 523 475
966 367 971
173 741 692
802 414 355
188 976 52
954 49 800
905 719 356
764 887 253
793 298 530
602 984 614
997 849 207
705 425 730
517 546 720
49 539 196
109 34 53
205 816 663
554 883 562
748 375 819
815 304 348
484 103 315
453 193 95
934 587 31
430 119 937
744 624 800
506 659 564
655 652 626
198 472 766
213 283 258
669 648 40
916 98 937
333 951 480
402 551 138
327 305 796
466 459 887
300 372 15
474 737 186
226 655 17
388 438 965
69 841 976
536 115 286
697 504 349
870 25 680
250 498 938
931 206 706
537 979 95
659 728 900
941 914 306
657 880 547
430 656 117
175 276 101
420 70 462
992 370 66
352 479 886
233 160 195
984 711 389
473 849 188
208 225 501
417 714 67
65 798 860
78 779 487
322 56 943
60 95 588
929 24 788
443 939 637
527 231 766
548 46 918
176 405 381
652 732 651
635 418 75
863 677 77
280 76 425
33 279 466
712 441 932
524 588 249
468 173 646
69 536 332
422 478 105
812 83 355
456 426 959
700 86 913
527 941 661
252 34 736
377 830 527
995 530 168
733 384 681
460 186 902
394 770 209
586 505 908
450 343 812
280 850 298
526 255 442
147 950 117
470 838 808
987 66 136
788 357 431
449 922 450
318 920 517
311 902 36
990 200 209
682 470 278
522 36 276
345 99 157
294 503 255
240 233 171
7 701 543
766 660 346
867 260 447
185 582 554
269 626 56
237 470 48
293 399 772
735 451 298
227 414 640
450 484 28
789 98 62
49 433 928
686 695 663
560 956 850
734 983 414
161 960 737
921 636 865
480 942 623
169 885 775
44 623 270
367 419 430
981 469 448
760 278 849
535 231 435
366 987 109
386 279 196
435 386 347
418 462 150
169 431 658
711 44 725
242 930 839
858 144 317
240 85 492
245 141 766
346 36 702
109 663 556
30 730 136
466 601 997
720 263 591
372 196 940
390 324 470
87 607 870
31 586 428
505 3 117
150 868 639
741 819 897
645 109 562
667 95 894
270 907 375
497 339 341
106 921 860
487 143 903
765 755 863
754 820 452
139 415 540
133 670 864
481 472 808
730 521 588
796 556 460
646 566 359
695 841 613
268 495 534
513 571 489
528 516 688
817 234 426
588 876 507
88 40 816
346 693 242
388 608 585
998 947 394
850 10 96
56 900 547
630 111 486
952 304 702
803 731 310
889 304 828
878 683 534
571 637 954
17 827 376
652 286 4
535 253 52
556 527 917
586 834 975
756 78 913
57 802 838
455 523 983
48 589 167
121 898 464
213 635 70
486 457 341
303 500 481
982 545 340
437 182 601
669 901 533
905 319 263
87 481 107
131 175 406
869 706 682
878 568 263
976 829 522
236 534 567
531 692 113
860 12 743
722 54 300
13 993 290
897 469 232
174 574 260
668 989 678
988 702 165
605 358 451
199 800 618
40 654 700
362 101 996
487 122 184
189 895 358
410 728 246
825 474 328
511 958 285
578 308 994
182 967 756
311 250 919
92 917 766
53 847 156
753 4 971
991 499 619
577 736 305
662 807 333
899 926 76
619 915 503
890 191 319
500 816 874
803 867 469
34 372 610
168 345 382
267 432 214
580 452 383
419 837 935
993 403 88
977 50 998
0 925 183
847 41 715
880 636 51
649 217 108
90 29 233
457 397 895
571 533 727
547 276 820
762 149 295
449 134 974
852 277 826
636 702 809
384 688 406
364 350 640
284 714 707
131 682 628
254 7 58
404 126 288
212 914 356
19 558 307
789 123 358
914 62 289
29 434 703
198 346 936
182 163 293
249 299 593
133 13 883
617 851 639
752 799 725
414 330 305
769 468 174
24 129 551
491 960 678
680 254 987
706 190 449
18 272 525
760 429 898
217 0 709
282 114 205
52 958 615
544 64 632
964 983 671
709 140 137
866 747 812
719 846 333
587 511 25
43 434 109
436 920 547
771 240 227
222 777 844
918 820 351
336 127 336
324 396 828
520 707 394
575 993 919
668 306 935
906 325 316
773 800 727
236 818 935
636 71 88
364 954 92
421 733 618
303 993 64
482 324 90
791 131 673
846 771 369
472 713 349
879 212 587
103 602 911
477 219 916
819 847 935
362 351 188
425 787 589
962 805 791
976 73 560
727 222 457
261 436 506
477 932 307
243 152 0
55 333 929
403 579 985
454 592 144
882 557 480
630 179 365
223 423 811
361 597 540
241 770 396
202 310 369
205 889 969
623 931 358
67 581 693
615 617 216
523 239 415
592 330 404
638 153 208
960 501 19
428 387 67
309 146 711
697 996 187
611 324 326
640 299 951
325 565 260
63 728 9
258 371 611
284 667 781
647 628 772
37 903 578
353 937 380
946 789 982
360 372 761
595 768 833
624 863 280
95 823 16
405 918 45
573 121 944
114 309 244
867 854 843
406 296 139
770 606 197
670 63 936
3 945 371
440 829 636
162 752 643
659 853 444
12 358 804
432 151 837
496 675 775
660 168 988
659 903 777
682 739 369
152 248 766
515 326 564
518 685 335
528 788 96
978 751 483
661 580 579
503 804 423
295 749 736
744 327 127
408 662 170
543 381 389
407 569 734
705 595 433
271 945 627
309 617 791
103 300 280
848 398 17
707 589 219
225 390 531
602 482 545
937 699 406
34 638 648
847 871 137
479 715 969
740 802 445
680 818 759
996 500 14
160 56 678
789 323 733
294 18 439
326 785 292
174 221 76
985 49 716
241 52 683
661 585 679
619 894 984
694 179 745
92 458 295
669 467 777
422 118 81
732 265 967
816 341 797
529 752 888
457 994 909
968 895 482
111 258 686
722 184 629
180 696 493
419 550 233
598 825 237
871 234 660
59 302 14
251 887 462
681 958 840
644 815 714
601 480 266
19 131 94
819 820 927
815 400 864
594 536 104
732 166 394
783 500 199
285 935 468
993 650 636
538 134 959
611 259 951
782 579 645
964 562 146
523 208 751
268 897 784
428 383 829
690 18 126
754 351 605
640 907 464
57 601 183
797 158 168
828 310 48
508 873 37
436 50 98
597 384 5
772 694 877
76 586 534
708 339 227
106 566 931
677 375 819
97 612 942
360 813 849
409 304 480
644 437 33
438 966 598
998 677 467
330 891 312
426 195 228
506 55 155
708 833 71
782 624 415
253 55 117
34 254 300
68 961 264
171 700 195
916 706 807
848 548 384
77 401 955
996 130 301
389 214 643
976 938 903
742 606 875
30 645 219
266 565 477
270 411 405
946 873 152
629 711 349
285 673 651
19 732 985
166 85 423
484 259 309
825 269 32
389 465 224
270 49 587
952 195 181
546 905 204
20 912 240
552 543 127
232 688 211
556 503 188
128 67 142
313 181 793
100 594 524
563 221 980
779 86 111
134 802 797
434 103 125
773 262 370
790 423 417
286 249 262
894 118 542
1 872 312
30 62 600
881 307 314
639 195 250
422 411 507
502 701 45
629 505 62
297 42 321
882 901 394
360 843 864
153 588 382
500 50 375
953 12 749
654 918 473
483 864 355
298 973 730
901 958 167
223 948 733
227 913 801
127 302 376
24 178 539
794 960 788
633 973 657
460 934 520
657 615 429
324 778 584
848 172 856
224 759 536
538 71 848
951 428 980
410 227 483
658 584 58
151 114 781
895 398 259
297 266 237
670 579 415
951 123 236
419 684 332
360 556 406
309 637 796
224 489 836
372 356 173
413 648 94
696 175 339
118 773 415
823 185 253
714 183 853
698 396 263
93 589 270
731 619 546
260 107 447
810 918 669
481 13 247
270 223 737
362 981 725
288 463 937
399 127 778
479 970 414
271 960 351
326 9 590
166 111 157
88 608 842
383 134 385
297 817 723
655 750 102
344 468 64
552 717 762
908 250 406
961 305 567
695 594 27
95 328 703
854 819 689
221 833 191
158 18 677
251 685 155
273 666 820
960 766 526
337 924 4
166 433 458
943 284 432
362 335 988
713 550 881
995 34 747
589 722 677
75 38 264
215 485 36
543 625 684
328 992 30
281 263 723
798 668 624
461 968 430
940 518 63
618 724 95
840 608 812
18 662 86
909 623 833
8 587 452
306 163 401
725 796 150
787 442 116
248 177 244
100 793 772
946 718 734
100 571 774
261 5 302
90 356 350
18 895 486
214 334 917
108 655 936
937 210 115
730 132 41
455 252 499
545 870 957
532 472 258
462 375 164
107 959 927
661 144 295
779 835 465
875 469 679
1 432 156
716 411 372
743 637 675
851 401 188
724 411 282
626 564 712
568 333 661
480 232 471
724 704 693
905 272 131
124 962 788
758 445 396
295 740 656
84 154 61
623 480 790
724 432 939
643 130 10
229 930 519
773 667 381
783 687 219
198 12 212
508 723 399
687 300 589
354 765 286
730 233 502
254 571 994
461 353 538
489 566 6
890 542 590
24 966 6
412 27 11
343 656 894
608 299 436
911 277 553
851 984 287
629 932 105
231 637 540
877 401 385
566 820 500
321 614 409
443 43 137
234 874 546
929 385 568
952 991 108
979 135 610
955 59 771
780 108 716
578 246 343
297 11 138
862 584 997
73 390 647
400 624 677
421 909 612
735 789 647
686 208 996
651 743 891
306 376 789
902 411 106
805 34 400
954 900 535
820 117 168
410 373 143
151 469 564
608 618 493
401 353 262
954 109 876
527 486 128
214 240 664
497 713 388
741 994 980
814 22 575
422 402 491
761 436 546
906 286 12
542 863 763
226 312 71
460 127 657
279 652 383
163 704 455
152 178 433
309 72 708
869 915 967
902 343 278
506 397 420
344 507 437
662 804 979
947 371 936
83 628 585
877 734 21
35 280 329
429 803 299
23 434 798
287 69 683
657 894 72
866 276 709
40 338 4
728 461 790
365 172 195
197 754 251
498 450 756
792 573 677
185 889 818
221 264 372
486 575 728
304 684 630
231 865 147
741 103 741
899 513 364
253 816 308
178 182 15
945 660 418
806 567 453
138 103 985
215 543 832
365 946 543
395 828 859
679 84 536
779 598 560
628 990 392
643 228 759
593 261 487
633 77 238
416 588 358
540 963 639
524 530 803
120 55 190
991 776 423
17 490 396
87 838 289
117 474 892
526 852 462
999 64 692
160 214 334
579 101 558
352 627 263
514 128 683
510 79 212
873 373 600
397 195 154
436 362 605
890 577 102
368 938 826
20 410 708
989 206 241
67 335 342
832 481 889
988 905 806
149 328 292
220 681 575
987 715 784
982 416 187
30 218 664
305 508 87
518 619 336
773 50 9
834 345 716
596 620 87
260 667 859
388 880 584
422 413 420
183 681 321
574 980 644
92 421 30
622 269 372
915 182 355
447 603 661
189 96 628
315 503 714
243 456 484
73 508 587
145 896 712
720 633 567
230 689 74
188 236 909
520 824 934
643 418 271
629 110 765
957 850 787
488 525 13
402 253 614
888 520 659
899 545 838
80 554 462
148 524 810
704 764 98
415 273 175
780 900 965
695 584 431
905 866 575
243 0 237
213 169 625
789 362 634
954 49 18
733 2 748
975 552 867
381 164 902
424 708 861
318 366 521
630 79 601
2 744 189
582 981 360
399 243 632
566 514 428
951 743 780
29 948 510
343 298 105
820 261 598
558 743 828
402 652 859
52 64 262
267 301 367
552 800 904
975 903 287
28 433 687
890 755 509
675 594 600
209 217 657
985 653 237
522 966 233
291 827 756
595 297 603
498 3 133
880 396 538
457 957 84
892 663 278
28 425 719
259 752 643
546 923 83
226 382 619
680 91 130
492 634 802
316 219 428
702 641 544
397 524 284
639 908 130
360 677 421
814 394 616
937 650 898
889 428 292
825 675 176
919 141 835
794 39 154
428 728 49
750 312 544
107 645 545
383 207 451
359 431 837
171 713 647
319 289 676
167 874 862
41 447 929
997 939 326
198 678 27
110 459 132
464 134 91
406 472 281
591 843 467
806 521 560
494 874 846
751 207 984
143 518 225
636 567 254
136 33 221
453 625 744
920 160 252
886 933 148
378 791 196
265 297 700
329 515 813
960 736 324
147 14 308
929 14 791
284 75 752
157 87 96
714 613 502
146 721 619
121 134 869
204 250 344
980 214 213
479 809 784
554 44 966
652 171 293
741 484 698
405 645 724
44 633 415
37 263 438
514 624 861
368 741 245
64 519 981
444 489 667
323 309 585
492 979 482
960 731 303
721 697 725
305 247 15
574 232 232
416 441 999
8 347 31
438 279 379
658 538 544
261 252 499
735 625 92
83 298 865
457 181 558
141 517 672
53 907 60
135 239 751
483 930 967
68 171 822
160 39 265
694 910 48
295 688 893
56 679 827
505 279 37
370 644 29
495 37 981
137 721 654
773 126 200
605 670 543
482 800 943
190 903 250
425 391 676
763 765 359
69 502 526
243 683 816
764 500 846
343 396 625
93 184 98
600 124 188
960 444 392
599 197 128
767 131 797
242 536 223
995 14 638
47 379 435
448 434 811
601 289 674
380 130 311
507 734 903
284 169 229
295 782 221
528 109 993
758 219 758
16 121 214
948 225 812
140 120 548
148 869 273
23 439 770
739 785 676
670 532 45
441 135 180
99 1 658
693 132 319
821 474 447
48 974 71
28 53 802
646 901 780
560 991 855
584 478 796
889 580 868
650 220 866
653 759 880
893 123 352
398 154 444
322 993 757
965 879 98
195 898 695
968 60 148
885 260 801
227 670 46
911 232 983
20 105 313
250 144 557
964 70 740
780 393 768
504 967 895
244 743 353
592 562 241
819 827 97
105 10 267
769 161 85
953 426 187
755 270 925
909 167 923
153 416 630
984 530 615
849 59 842
713 726 983
870 486 28
601 801 606
943 17 891
983 395 471
354 703 209
475 258 793
701 525 217
665 162 879
761 873 116
761 442 701
361 610 731
243 290 967
914 176 416
95 212 585
799 165 887
594 954 672
583 887 276
569 598 499
469 772 38
160 963 436
697 267 180
82 202 402
31 33 975
337 153 346
778 556 864
170 451 453
532 444 497
892 228 396
936 389 876
475 117 484
741 117 626
780 784 641
257 806 135
187 921 761
176 527 379
33 308 212
952 312 606
468 149 712
413 513 912
117 323 319
8 919 864
842 455 120
467 709 506
811 765 713
896 735 151
549 377 368
849 284 251
27 803 67
234 844 35
986 374 547
304 513 303
387 657 715
846 592 161
34 495 626
821 606 299
86 616 80
877 578 532
280 246 649
405 798 421
43 953 443
665 881 760
641 716 589
412 84 630
487 150 626
0 599 482
519 381 903
122 33 930
58 568 638
474 9 643
556 150 370
468 695 955
440 31 239
49 762 739
56 505 760
278 313 569
494 664 214
248 57 474
739 195 62
346 721 259
191 349 280
633 730 152
10 311 272
272 783 604
874 949 2
598 826 232
806 176 213
887 921 334
42 349 785
727 698 250
455 601 352
875 464 87
480 317 794
550 573 567
319 292 333
123 168 294
422 187 616
491 643 951
5 79 910
513 335 3
142 900 152
397 663 880
586 25 630
205 988 2
703 604 943
306 643 536
24 731 775
934 356 96
408 846 899
504 256 6
580 37 268
256 952 965
629 842 187
385 941 634
769 512 680
464 732 545
35 408 345
237 870 790
185 408 307
23 704 406
796 264 443
96 817 136
591 171 677
962 18 916
155 733 961
853 632 373
433 30 45
835 377 652
702 182 811
472 405 938
238 142 97
718 2 244
176 278 299
697 944 341
519 958 219
895 954 237
724 755 451
589 638 68
154 434 352
196 24 524
291 938 745
544 801 966
738 498 718
337 921 741
741 41 454
521 666 557
415 690 568
839 850 338
432 271 973
572 646 890
17 749 145
624 607 685
344 650 194
213 595 825
199 465 770
262 51 287
452 380 592
532 355 859
992 272 643
980 841 139
879 732 602
429 601 580
91 324 693
684 830 518
312 544 365
405 656 476
775 502 323
204 24 422
212 738 997
717 931 558
578 384 687
336 73 875
730 563 74
143 973 373
955 980 809
191 386 93
965 291 132
723 255 590
785 714 86
737 561 554
633 49 668
682 50 870
720 576 826
372 744 307
855 686 836
846 841 283
623 0 426
163 498 434
751 792 748
914 586 87
747 434 484
500 449 145
230 324 871
292 162 660
574 1 417
725 820 635
820 281 61
292 864 817
731 945 958
103 159 573
898 903 371
369 112 18
98 524 588
142 3 836
970 818 1
338 850 277
845 561 947
875 331 440
991 921 81
95 394 948
553 123 273
108 247 912
936 406 127
904 815 93
296 262 792
419 799 10
648 462 508
212 395 148
198 467 629
910 818 892
932 528 907
580 805 645
785 299 171
108 100 361
923 560 675
107 768 554
175 660 339
289 588 898
585 841 697
844 764 980
459 872 688
277 646 195
682 244 240
311 658 86
816 52 217
571 731 32
164 915 812
756 434 80
619 18 280
161 630 931
723 398 609
494 550 952
132 935 94
261 958 771
373 340 80
765 235 635
555 380 464
889 138 472
33 845 281
227 557 539
1000 294 956
521 75 813
452 938 81
713 329 841
720 684 296
333 492 796
951 616 636
729 592 705
687 155 758
316 980 77
300 654 307
722 763 466
824 172 81
847 934 26
546 719 310
244 550 377
611 757 792
433 55 927
745 737 273
656 95 188
522 883 372
427 402 664
26 697 412
108 285 409
319 983 247
497 824 181
217 986 251
888 835 692
941 422 965
515 233 137
77 497 657
126 907 368
367 560 530
49 545 433
734 561 111
140 21 505
153 878 957
379 804 853
123 361 38
587 244 887
68 132 10
657 126 972
240 471 837
797 489 580
580 752 606
151 542 948
668 387 236
9 763 662
39 76 159
372 15 978
104 649 694
566 551 128
350 958 826
453 481 517
609 43 935
585 507 303
758 671 297
773 553 500
266 883 652
655 945 455
129 857 520
68 401 271
254 888 491
454 548 440
375 434 865
768 424 796
31 747 379
743 615 403
907 294 632
176 99 137
115 643 427
313 110 329
736 297 116
572 286 916
87 273 130
946 299 877
359 794 626
862 97 426
565 261 597
110 743 976
501 222 680
56 146 671
618 642 663
674 512 748
493 317 198
529 413 290
183 132 816
472 772 775
975 363 69
813 2 319
353 34 278
486 576 389
886 244 647
353 958 975
125 115 14
363 587 714
681 299 363
488 921 298
69 971 378
35 71 518
91 564 552
710 934 568
315 44 850
541 334 246
246 564 371
810 777 905
274 388 600
131 304 994
941 271 190
329 544 449
733 227 333
570 454 969
360 720 996
532 562 927
603 647 239
819 529 264
48 31 870
690 850 102
359 565 619
95 236 902
59 704 963
462 645 229
559 330 979
662 490 284
243 599 297
367 280 738
0 649 443
383 1 883
480 163 529
569 927 191
41 34 974
602 848 481
901 115 585
504 846 912
490 195 853
802 139 347
311 404 601
407 238 114
107 857 432
291 978 277
709 257 629
540 60 694
235 215 626
464 306 46
264 173 546
491 434 355
888 785 497
767 181 825
427 241 687
14 76 880
656 717 738
534 187 447
618 319 438
979 769 573
906 858 680
134 223 531
727 45 136
856 633 626
867 587 627
330 44 753
139 285 63
682 594 332
363 215 547
254 857 277
250 738 655
33 485 902
324 76 78
541 75 896
58 423 133
677 816 305
799 531 400
291 654 476
932 311 953
287 198 389
753 642 331
505 139 506
911 188 527
475 531 578
962 297 342
309 775 906
522 641 394
156 142 275
878 426 236
371 737 30
672 534 46
953 258 515
735 25 791
560 725 1
889 488 505
75 319 495
749 564 7
409 413 112
878 334 287
837 284 290
148 285 528
605 705 866
626 173 152
750 633 462
542 187 798
488 629 86
100 840 859
314 252 341
443 818 817
667 396 759
319 630 863
375 932 797
303 686 222
615 565 907
61 25 491
339 602 884
653 711 34
774 834 866
703 999 730
678 337 509
845 156 718
174 85 723
51 823 406
568 741 108
802 713 108
46 592 549
168 622 206
418 387 988
754 423 496
985 261 808
558 719 73
726 105 201
129 962 741
355 725 336
767 19 375
449 552 5
644 250 970
967 849 225
7 353 461
159 607 962
261 645 111
35 854 991
909 269 754
882 943 249
165 413 872
695 513 10
832 797 241
110 593 87
83 454 962
450 813 612
936 529 362
869 288 136
482 427 933
943 15 13
106 776 270
962 332 391
551 858 94
276 794 988
355 266 319
652 995 971
211 489 147
566 521 963
496 86 45
927 596 857
336 589 997
529 81 777
324 373 711
285 227 670
465 545 314
768 962 38
314 49 363
832 951 356
619 456 312
232 239 366
529 97 297
182 554 868
839 875 227
517 762 213
418 189 703
689 521 292
479 161 829
828 840 106
802 505 14
256 636 788
237 257 91
81 137 177
29 187 960
947 656 760
421 111 0
681 351 134
55 460 777
643 784 756
713 865 450
548 590 47
682 529 216
561 987 303
232 71 127
392 33 892
937 85 946
963 320 759
1000 224 222
694 920 993
376 64 894
26 285 150
944 979 407
415 7 731
853 802 318
559 276 641
55 525 851
995 776 161
315 301 301
221 724 998
400 795 678
823 300 368
690 682 93
509 171 616
624 705 377
430 302 793
612 592 811
646 231 99
192 750 130
780 13 769
855 799 459
351 711 297
822 702 853
908 397 3
800 485 554
615 106 616
947 437 853
205 390 900
131 932 774
487 242 628
477 443 851
768 991 103
932 426 673
597 101 876
41 40 813
117 280 705
949 459 341
189 112 645
450 445 338
657 629 268
52 562 494
874 240 242
803 842 97
855 663 62
284 557 707
662 124 397
208 879 751
820 73 868
92 895 6
377 940 137
617 634 195
587 319 737
498 283 578
567 518 53
857 637 275
173 557 766
380 563 816
915 651 488
269 870 779
980 851 686
342 627 475
267 288 820
383 333 519
232 974 882
429 342 435
136 827 679
318 375 194
435 825 765
573 72 394
819 407 611
389 985 106
97 372 771
982 749 209
942 809 651
359 973 961
826 247 132
991 467 507
822 534 725
198 591 96
513 81 202
30 877 841
127 680 242
602 321 397
22 91 893
34 310 278
334 715 72
787 991 643
529 978 824
594 326 32
314 615 955
397 449 914
838 215 499
168 303 215
789 525 292
501 787 156
73 653 793
271 963 490
596 317 630
748 875 649
469 23 930
218 484 173
959 446 775
288 247 362
262 128 382
216 594 213
473 158 691
252 645 402
382 28 516
595 899 638
136 905 109
835 934 482
367 426 273
621 15 317
778 958 914
178 900 864
715 42 614
221 647 840
636 804 400
966 979 482
216 921 35
298 924 214
893 930 747
350 100 48
964 418 434
392 670 897
434 404 797
183 850 25
521 169 160
749 13 619
233 638 973
413 396 402
125 387 545
809 798 856
408 289 758
179 671 82
948 764 672
734 729 351
971 852 505
953 206 620
131 530 429
998 188 703
683 610 443
292 861 525
857 759 262
153 214 178
688 77 267
638 953 61
146 384 5
500 114 360
827 344 482
18 27 790
428 278 142
590 356 660
255 675 164
411 909 422
219 171 467
238 67 736
838 661 615
851 633 930
298 598 855
62 858 904
263 907 153
117 841 564
583 791 947
619 261 717
937 919 918
933 4 682
215 964 474
155 647 989
508 884 233
794 367 764
44 279 93
537 172 325
412 358 458
515 6 592
660 344 268
443 294 906
246 508 157
568 449 831
197 877 964
262 877 113
534 49 591
586 748 280
872 173 839
454 75 839
655 745 16
481 439 428
188 856 870
61 329 508
362 640 623
517 628 915
237 834 306
870 507 498
879 332 740
406 390 65
107 410 915
273 504 1000
965 713 816
777 569 411
567 707 632
274 511 103
865 308 142
503 891 436
763 592 206
781 203 204
248 341 360
781 255 300
626 425 905
964 887 294
384 85 924
750 946 42
522 522 120
55 326 996
252 313 148
300 687 509
70 276 731
37 137 494
22 404 133
85 411 20
634 458 322
700 91 142
745 934 533
801 703 472
887 865 663
983 291 13
933 971 841
825 332 918
1000 562 283
200 558 929
18 430 768
954 714 848
906 568 390
591 330 475
560 451 341
192 137 388
746 182 987
141 143 969
323 35 294
178 156 284
386 420 808
112 419 988
466 311 551
482 992 648
500 306 661
78 42 410
665 886 782
473 313 390
563 294 83
105 978 346
291 772 440
526 852 28
615 907 371
152 324 837
363 440 440
331 753 947
566 986 87
732 857 924
998 208 938
27 385 472
392 817 456
62 27 282
688 665 808
326 746 637
19 591 135
967 408 424
304 405 918
811 122 690
905 459 501
154 947 813
1000 521 198
959 662 496
974 938 522
187 8 428
713 905 193
676 351 630
456 920 375
904 874 855
571 109 299
982 357 786
959 561 814
238 759 249
393 356 932
927 158 672
7 42 379
265 471 359
314 447 844
815 949 560
78 487 122
596 397 395
353 435 533
494 536 776
970 576 288
420 579 73
4 84 590
38 271 672
638 716 789
693 660 919
950 968 652
16 746 923
47 570 199
79 985 562
525 729 965
378 546 923
327 58 613
25 897 323
109 537 624
179 715 1000
446 469 20
252 158 489
739 261 428
600 281 169
215 388 616
790 264 421
645 93 779
77 847 687
434 497 402
360 74 646
282 570 157
362 547 422
438 597 521
707 612 166
901 150 529
316 836 473
357 390 160
326 86 163
718 578 135
97 380 175
557 200 279
287 307 854
321 437 291
365 782 111
613 792 664
303 911 689
606 439 701
908 374 78
273 299 781
358 184 414
496 763 441
556 107 244
928 101 721
554 337 607
551 975 642
992 729 722
940 844 388
618 358 845
809 450 671
178 697 166
830 681 554
257 924 400
128 882 551
87 611 550
600 716 830
373 444 670
923 971 698
201 831 496
648 242 840
732 470 253
316 586 997
66 177 218
864 413 320
743 753 376
144 428 105
684 242 144
264 311 496
333 505 324
478 818 897
759 195 817
986 80 555
202 669 903
303 950 180
512 515 327
349 648 974
339 522 690
431 548 397
266 418 145
144 208 200
289 605 649
340 482 539
835 188 532
153 328 60
184 753 596
484 852 144
228 24 54
698 308 536
825 482 525
630 425 386
539 474 815
84 10 339
744 769 694
722 582 251
257 80 119
464 582 334
426 772 145
671 310 426
404 757 961
806 312 586
342 972 943
888 139 95
312 248 13
739 164 900
321 623 814
24 17 741
820 442 94
777 43 610
859 85 792
828 204 485
328 415 544
601 748 577
778 727 374
766 691 689
830 65 707
81 54 558
693 449 252
190 487 679
90 637 141
465 159 837
360 251 951
884 294 636
169 838 178
536 776 632
511 423 872
445 362 594
293 736 288
85 998 436
605 22 131
40 560 430
697 461 99
188 634 688
821 289 811
965 861 440
84 317 98
61 406 550
399 555 938
943 575 453
26 92 789
224 658 277
176 428 892
753 543 150
828 746 158
155 945 494
880 144 413
428 951 186
122 285 934
840 141 180
0 815 659
947 14 784
647 398 490
938 971 433
433 758 299
114 653 485
30 142 778
861 45 205
456 267 121
612 890 207
796 625 405
784 865 34
860 606 999
952 395 897
482 891 680
440 827 939
466 279 159
295 456 749
939 777 315
194 838 731
934 900 746
542 786 144
107 460 295
177 239 85
816 284 69
866 506 737
513 661 924
616 630 573
986 439 590
743 941 477
498 578 389
476 910 695
812 765 556
445 454 868
219 174 255
589 375 544
263 237 560
962 86 86
396 109 674
530 746 395
45 967 21
320 368 727
279 890 153
652 456 700
103 338 333
973 852 552
969 516 192
214 32 58
204 322 235
755 889 725
552 561 468
509 388 764
833 541 889
142 615 336
482 667 670
352 352 95
631 828 553
967 511 621
269 390 9
775 373 806
508 856 340
573 773 427
125 535 50
713 546 535
410 817 377
1000 514 406
101 479 525
630 855 744
445 189 145
145 982 956
243 152 870
37 429 251
63 51 438
406 195 17
189 747 228
71 521 662
608 556 486
344 661 429
185 434 22
4 279 983
338 174 192
85 481 878
424 253 999
675 568 198
184 531 857
124 786 815
321 650 771
5 788 178
415 362 609
268 744 360
645 635 610
357 688 339
865 359 539
926 520 669
631 268 459
41 689 956
868 497 895
299 780 625
328 512 518
135 873 851
122 550 216
835 908 957
871 261 506
243 160 509
704 288 40
980 791 674
263 9 826
996 703 232
114 425 224
861 94 921
547 625 862
822 542 761
352 375 599
937 386 672
141 315 14
853 918 267
728 484 680
46 955 691
399 464 674
528 487 768
412 563 493
327 115 168
934 424 676
634 410 443
972 835 742
238 810 698
854 719 266
572 720 113
982 197 594
164 992 207
702 460 33
552 561 767
860 946 90
694 626 115
620 448 547
649 446 856
855 441 302
265 96 312
844 738 455
867 641 960
552 734 707
450 19 793
958 623 302
371 524 645
914 515 833
524 938 587
618 757 767
367 471 997
58 307 381
556 556 531
725 109 937
47 652 403
481 455 288
335 953 14
921 552 759
410 705 3
929 395 771
287 492 697
173 296 690
675 989 121
151 587 542
913 726 552
937 643 986
132 764 885
369 545 856
144 642 997
2 913 625
210 405 749
516 250 559
630 966 281
998 646 240
801 607 765
25 929 977
587 358 981
280 126 505
965 915 163
852 129 877
298 551 357
618 235 780
981 830 656
433 860 441
182 974 35
912 420 75
247 433 999
895 925 15
691 828 262
981 672 221
905 773 640
297 159 435
561 680 687
249 381 782
326 700 866
972 211 798
537 900 497
982 915 952
933 733 447
463 957 379
434 733 596
511 542 952
747 904 682
277 330 190
43 461 790
91 129 138
505 888 21
441 458 337
716 387 559
142 967 854
548 746 26
885 49 356
205 240 298
80 595 35
65 85 67
659 437 168
258 715 791
728 524 337
516 64 828
382 718 202
264 545 720
62 540 558
773 700 331
804 507 868
123 19 294
635 673 828
168 937 869
777 931 105
415 684 813
503 429 256
490 89 5
69 57 111
858 3 314
106 386 998
709 597 95
467 950 490
758 198 295
363 449 922
356 661 423
950 792 678
583 699 88
960 924 330
760 205 979
389 918 413
826 104 758
660 743 864
979 695 130
717 700 631
782 414 515
286 116 454
735 762 83
363 642 105
820 823 488
431 653 885
108 738 231
154 878 629
92 331 2
61 638 976
88 532 68
1 479 826
51 844 842
892 101 214
200 43 242
62 829 725
138 280 210
85 202 270
866 843 840
251 535 895
68 655 27
99 489 83
4 930 759
383 945 533
545 395 808
685 553 913
401 997 335
429 337 489
493 238 518
714 651 538
671 759 170
727 270 885
18 688 793
995 10 579
9 727 409
120 948 717
841 432 624
378 816 580
410 632 49
208 848 799
455 164 458
561 295 688
55 956 953
288 786 468
272 790 109
787 224 13
333 142 993
536 719 994
338 206 85
624 909 73
205 610 937
718 450 907
107 816 99
808 840 525
268 414 62
466 283 64
91 730 763
382 994 529
934 339 1000
160 365 157
670 494 382
296 68 101
824 811 160
335 869 849
627 23 911
238 364 475
73 946 314
438 606 272
15 89 333
54 304 909
184 757 37
51 538 239
71 109 512
288 682 617
641 841 174
935 17 833
124 79 232
167 928 137
490 141 953
897 807 433
901 633 185
705 420 73
985 229 215
176 855 786
865 11 874
864 575 40
951 71 305
642 796 468
891 401 862
228 262 519
703 3 727
718 27 324
477 784 131
887 442 19
58 478 691
180 685 655
33 114 616
896 764 528
607 62 238
977 451 718
760 307 168
43 633 469
672 939 839
319 284 280
300 779 288
213 744 134
664 549 608
532 388 686
301 322 54
407 334 160
330 255 207
190 429 98
629 711 968
27 912 455
715 848 151
417 27 562
659 685 214
712 361 417
368 525 561
892 82 253
257 152 517
935 42 677
240 293 831
950 58 437
910 389 224
924 533 526
295 23 888
47 632 333
561 904 507
670 629 303
954 666 987
578 406 851
405 594 144
884 373 638
615 336 701
574 482 68
678 800 56
851 940 116
222 454 499
765 695 253
62 413 236
144 693 561
782 482 275
956 206 116
674 6 413
833 816 717
893 56 184
522 682 677
502 869 309
460 327 908
134 99 28
998 125 796
584 331 329
851 618 785
155 347 466
525 679 78
130 129 400
58 608 591
725 274 322
811 334 581
699 80 474
656 608 558
523 60 162
485 869 544
587 867 208
926 844 161
655 74 651
853 115 542
824 789 877
20 783 789
839 38 326
579 156 645
956 420 838
883 416 336
728 388 105
599 83 768
568 702 621
940 54 89
985 640 569
59 762 800
607 643 409
711 626 833
263 424 831
738 466 293
538 477 729
981 231 908
132 254 737
908 414 648
471 126 494
251 27 816
383 461 244
135 358 217
54 185 28
826 204 15
843 62 13
526 137 991
62 537 956
975 496 55
448 214 174
925 298 136
769 873 52
930 981 159
630 362 417
649 274 181
352 729 208
588 179 7
852 22 798
349 768 451
695 263 828
196 606 271
833 207 36
676 322 556
315 282 247
22 162 878
973 531 247
635 414 169
309 179 41
403 894 167
244 229 582
79 569 630
856 337 848
237 664 960
256 689 910
746 714 450
218 740 662
597 351 393
274 14 765
244 672 418
844 217 827
525 250 461
392 251 135
863 806 852
154 393 614
27 303 578
808 27 779
927 615 924
642 278 131
21 408 124
679 54 701
155 948 638
553 708 115
640 204 127
172 111 189
289 689 263
539 283 339
317 647 112
864 739 995
710 845 303
829 737 88
334 657 802
972 610 48
746 345 909
486 939 393
533 444 25
661 400 744
584 25 311
552 508 798
652 46 169
383 452 679
418 348 751
496 640 987
693 949 4
893 727 502
286 784 664
423 643 391
322 891 50
829 238 908
866 433 885
549 96 118
123 352 633
842 729 777
506 492 512
627 173 41
974 462 396
851 58 876
375 518 233
275 933 121
737 1000 903
636 387 531
957 411 170
703 546 556
474 46 742
21 17 991
342 433 558
361 155 833
67 450 429
674 110 133
572 849 730
633 203 361
751 451 407
763 607 668
495 638 415
922 146 229
389 995 65
716 46 582
992 336 846
373 388 602
709 717 948
558 948 612
87 176 553
846 851 258
795 42 268
803 511 439
132 802 718
538 824 8
731 525 547
10 215 510
873 780 751
512 306 509
434 175 940
953 751 714
959 122 763
136 914 285
974 969 892
656 176 764
384 765 952
339 427 225
710 75 689
27 972 336
12 938 419
763 397 243
199 249 574
154 28 712
749 961 906
493 99 625
74 468 732
9 654 907
657 608 284
434 393 300
476 250 499
354 58 865
55 602 908
500 364 371
774 798 92
102 876 21
504 692 740
819 155 605
341 126 568
886 320 885
590 77 762
671 72 427
221 536 710
54 266 146
91 464 265
713 522 989
662 467 294
75 516 462
992 302 384
714 897 531
947 675 467
385 747 286
347 246 899
74 71 995
741 95 195
737 547 516
728 788 493
577 150 634
751 299 711
51 739 846
154 398 397
569 517 540
55 759 191
549 287 489
294 411 503
857 603 793
981 6 732
148 221 699
614 293 736
256 666 894
611 601 732
451 742 52
373 509 647
564 794 412
73 346 975
966 630 415
949 597 387
34 314 712
414 817 687
616 224 778
921 725 445
472 213 938
267 128 911
561 915 393
487 506 289
278 527 252
309 675 918
982 623 71
736 561 738
83 58 616
851 734 178
297 579 30
844 269 898
114 306 809
744 163 43
852 974 77
868 243 953
470 829 922
92 321 37
138 18 896
264 885 475
912 686 995
408 23 47
815 901 321
560 23 272
400 894 871
412 699 382
408 87 370
76 59 718
710 831 276
729 664 833
875 476 366
947 681 551
901 386 835
414 399 172
191 301 999
105 541 929
513 284 433
204 402 931
889 171 668
247 169 695
704 999 143
591 56 378
234 52 909
34 112 407
163 712 676
949 439 270
121 933 789
194 524 490
574 990 45
698 926 697
805 159 566
319 454 10
890 56 733
556 72 516
333 287 895
734 752 387
108 492 336
714 477 237
832 704 529
622 387 109
689 311 139
928 487 881
752 932 372
319 386 301
314 577 939
813 451 68
681 41 264
484 838 609
929 528 804
243 713 855
566 874 251
616 228 383
524 467 355
802 648 530
943 510 830
1000 804 634
440 341 350
475 772 346
881 694 149
623 956 142
847 999 713
636 878 90
55 410 485
527 145 491
37 386 356
893 44 521
244 4 39
314 41 366
170 547 131
790 432 838
406 620 740
548 822 385
34 884 697
172 113 262
906 60 233
660 891 206
145 737 448
664 950 361
541 507 239
593 840 57
507 448 221
487 511 255
111 455 440
790 261 805
323 981 140
579 164 154
93 734 957
682 17 893
757 685 706
405 778 817
830 877 458
431 308 938
154 81 470
530 335 407
655 830 444
483 498 129
498 68 525
740 386 66
712 140 738
962 866 422
756 54 814
502 306 628
987 63 639
664 604 808
142 670 704
678 924 828
127 346 202
380 483 549
112 944 417
350 643 771
112 896 309
493 27 218
397 22 551
331 847 904
292 2 854
563 174 224
294 598 361
39 259 878
184 77 147
810 282 894
733 967 749
187 421 477
226 195 133
56 804 22
833 685 897
985 116 632
800 322 209
182 27 127
987 542 690
112 951 61
707 897 904
237 237 479
644 981 90
486 222 453
752 261 434
619 618 298
96 999 799
501 677 231
791 104 234
5 988 800
244 970 968
265 1000 318
696 649 786
855 996 620
422 919 105
947 578 559
42 634 421
409 574 294
453 493 894
78 201 303
987 672 790
665 975 812
686 147 94
805 484 82
682 514 430
987 898 585
588 475 285
128 824 760
420 530 755
553 402 683
245 783 875
986 522 547
896 781 749
201 773 196
684 59 520
343 372 828
635 891 489
440 602 895
501 325 560
865 236 551
992 902 428
876 323 374
457 30 584
482 597 759
825 238 849
387 876 782
440 102 658
683 329 733
790 196 415
347 686 877
847 409 987
369 352 883
94 675 27
789 730 164
406 941 561
810 441 985
5 849 30
658 873 840
816 147 399
425 808 582
151 837 524
191 608 970
793 422 151
641 337 757
112 89 308
544 187 554
105 482 87
741 969 346
718 479 556
619 223 449
146 832 669
78 583 865
802 944 448
213 854 933
977 679 973
679 426 782
182 501 430
494 624 166
754 481 198
29 158 997
951 134 549
245 287 866
102 515 189
77 379 779
100 633 264
490 23 823
828 536 776
853 636 713
732 133 391
553 719 214
510 613 319
413 259 119
729 437 612
512 362 503
486 345 155
486 623 716
721 765 246
515 431 1
150 410 679
49 159 424
605 76 570
738 519 330
678 205 758
207 536 930
244 246 659
1000 420 646
176 447 331
243 131 38
60 138 833
565 53 914
899 754 739
348 476 271
774 688 350
165 51 416
204 81 496
228 312 741
621 557 808
62 348 286
686 281 582
637 981 530
958 391 313
6 931 352
384 839 113
795 726 851
876 819 338
591 723 775
520 13 685
713 486 701
259 861 167
281 247 157
150 614 261
554 489 673
843 645 182
553 216 940
564 50 87
164 868 672
662 537 768
936 417 827
288 32 328
625 473 650
77 393 983
921 980 151
927 981 529
842 36 226
217 76 557
74 937 703
7 64 496
445 669 452
742 675 574
339 634 548
854 951 971
390 810 877
978 933 722
61 809 436
16 214 156
469 847 764
64 129 648
545 424 841
203 606 581
994 560 459
420 677 359
131 155 375
959 963 606
646 604 261
899 898 985
453 350 173
641 682 530
638 233 735
531 652 559
583 387 552
163 772 300
766 667 179
913 18 931
10 347 276
571 354 779
822 346 971
374 285 624
444 180 762
834 168 841
695 218 203
7 820 968
806 752 979
939 463 396
630 697 79
812 828 872
697 32 126
475 741 205
393 929 375
253 421 965
64 707 516
164 629 883
171 806 186
592 475 432
963 281 667
258 808 319
507 52 883
742 939 443
666 909 302
385 543 878
139 23 453
667 82 512
467 532 29
901 718 512
684 193 138
971 225 123
520 215 358
220 808 369
657 879 911
600 566 374
764 601 988
1 304 724
68 816 916
840 495 994
688 471 436
490 577 814
215 877 660
764 310 147
139 336 771
560 103 841
805 915 505
486 929 693
472 22 574
450 32 843
481 795 337
959 185 89
934 112 151
135 663 843
390 777 957
575 852 888
678 820 71
432 760 939
489 792 918
78 476 324
993 697 582
497 288 697
939 457 18
539 957 267
210 312 137
940 236 520
408 655 906
892 233 237
94 71 482
77 367 996
181 417 855
395 698 225
662 218 337
71 238 424
283 552 809
116 815 532
823 93 613
462 259 294
946 752 586
665 348 524
792 203 194
153 184 143
219 353 986
834 397 299
761 128 360
439 530 823
51 811 862
588 553 490
4 474 982
896 488 719
11 440 1000
976 375 250
225 762 335
906 304 994
363 414 521
107 837 932
24 595 349
285 758 143
717 346 625
241 551 633
342 255 866
8 705 161
477 571 426
936 355 9
158 234 620
117 590 433
45 609 278
716 96 361
715 432 861
814 526 966
190 856 975
339 235 409
962 945 59
556 214 824
519 5 50
583 180 628
953 926 246
667 596 845
634 617 539
56 66 604
959 476 156
788 344 29
582 696 78
7 532 789
62 559 519
177 207 248
367 670 254
326 79 736
128 458 749
945 169 784
953 52 85
943 343 262
711 940 958
318 634 612
467 520 110
790 939 13
467 178 307
4 466 389
174 153 170
471 633 118
356 487 938
723 102 991
532 177 69
55 566 730
685 758 519
986 415 695
130 61 290
320 287 952
564 225 421
741 945 853
237 658 369
634 418 360
498 564 889
927 872 768
77 491 80
579 333 98
137 715 885
486 360 588
949 889 249
40 26 636
250 841 921
230 571 331
993 531 308
624 336 771
240 47 200
995 542 957
435 768 216
629 991 355
728 87 752
426 805 38
646 449 704
222 576 954
268 558 657
634 834 642
495 621 721
273 583 757
204 189 669
457 188 798
800 837 689
261 807 396
626 369 818
424 779 837
270 737 275
310 324 268
858 659 542
439 849 459
923 438 535
793 501 363
711 750 892
795 113 73
956 388 439
152 592 310
134 551 559
230 640 770
602 142 803
679 547 48
835 132 211
536 556 378
223 116 612
574 962 486
773 821 234
962 844 994
407 509 449
615 335 871
92 113 790
685 147 994
825 148 931
502 465 780
149 895 265
925 605 489
543 8 167
94 614 32
912 656 965
65 538 168
928 344 214
826 997 614
556 73 552
994 213 380
46 660 440
910 800 964
290 801 227
329 235 818
308 238 817
490 491 396
153 838 389
362 331 5
450 22 767
628 302 914
282 116 892
116 574 993
925 808 381
453 323 586
766 592 123
910 160 819
935 131 580
683 285 664
83 697 608
783 287 137
831 759 455
624 942 248
515 184 290
536 185 487
125 604 8
255 888 441
161 555 80
163 196 471
512 904 315
717 591 20
979 363 273
463 871 466
374 797 519
42 832 10
648 516 619
443 187 727
54 310 505
728 836 249
324 207 518
584 464 636
255 92 799
565 517 722
766 22 545
968 207 547
869 413 965
949 208 566
605 344 671
601 85 328
795 823 743
101 3 131
732 127 57
696 91 63
162 94 449
996 389 720
887 943 57
639 13 948
439 29 426
902 470 595
122 694 453
642 770 636
903 48 241
532 344 729
39 745 654
723 584 763
360 466 870
663 917 730
647 85 195
997 545 667
208 26 789
435 419 929
389 770 917
262 135 946
129 564 360
668 301 359
426 100 169
653 54 613
651 835 582
417 510 350
125 955 456
540 779 79
100 910 327
866 1000 122
267 532 161
894 650 816
69 5 757
241 617 38
335 838 584
813 822 281
803 654 279
285 210 401
237 23 320
736 563 806
210 204 293
928 57 581
223 400 89
513 240 532
235 683 585
246 22 415
926 778 591
765 341 878
139 233 345
155 204 575
329 226 181
656 20 11
81 38 45
106 325 169
157 565 821
838 717 550
459 629 293
139 728 633
462 394 855
379 675 131
942 934 116
797 424 658
878 766 163
358 202 687
886 270 606
632 473 742
734 728 459
650 735 295
531 998 1
531 10 281
985 8 130
491 107 979
778 147 235
144 676 20
236 302 283
633 608 646
361 950 292
952 333 404
396 596 596
300 409 337
58 456 368
672 511 814
25 144 37
689 776 255
428 557 646
753 602 833
902 341 528
299 522 317
12 409 659
254 832 27
146 720 211
341 258 764
786 810 969
890 11 174
630 757 799
732 244 83
792 218 564
504 697 253
923 815 504
121 803 277
567 348 512
636 570 654
999 195 788
829 162 64
422 877 62
950 14 96
17 928 244
740 59 806
419 961 789
695 70 307
656 887 827
79 515 814
413 879 801
458 928 171
575 142 642
385 58 347
971 844 631
3 772 673
34 204 854
817 616 224
979 318 88
247 15 119
134 808 371
774 526 980
260 971 428
187 561 581
823 929 720
437 851 259
192 944 783
590 632 775
875 877 661
961 459 320
125 583 877
490 552 329
970 496 591
393 435 658
912 214 846
182 319 347
599 84 345
423 576 748
36 941 636
471 250 626
197 874 355
340 120 772
586 137 131
483 531 238
904 489 995
564 263 845
633 160 939
913 767 72
757 844 126
691 345 249
351 828 504
477 737 32
22 767 323
819 683 347
878 484 282
560 512 386
431 514 338
225 284 327
372 154 518
612 892 283
474 92 846
476 636 122
10 610 694
604 177 120
565 395 432
751 289 665
937 814 191
686 251 125
854 501 95
660 109 832
231 815 346
764 780 826
928 120 511
546 952 150
454 219 139
493 734 558
136 539 598
749 524 962
441 20 741
780 381 714
413 768 650
963 621 840
994 460 994
510 917 390
780 200 442
970 314 901
150 223 754
980 905 473
551 347 203
722 788 783
982 55 17
462 28 680
781 130 200
250 965 91
550 714 918
500 175 404
549 902 425
304 180 785
616 326 430
556 246 708
454 169 631
725 749 651
205 222 928
301 210 118
780 550 116
656 975 583
453 706 785
774 360 815
71 889 589
614 177 574
674 317 62
842 831 905
869 828 504
741 501 363
992 688 297
1000 879 366
35 98 956
634 495 78
337 556 863
278 785 296
748 689 854
561 468 893
386 61 524
459 885 915
974 641 978
150 948 869
173 863 623
523 30 197
136 500 789
401 17 759
96 867 477
664 516 354
190 161 499
933 842 857
58 899 710
562 291 956
964 494 258
659 70 510
814 429 185
85 990 279
281 88 688
921 106 70
124 302 206
543 958 411
209 193 712
260 939 34
231 782 373
540 684 189
274 975 189
298 253 564
159 20 376
884 968 139
151 659 317
873 780 379
273 964 723
271 320 734
422 551 821
506 173 850
891 798 966
600 208 519
594 809 852
777 33 659
522 480 865
398 885 206
736 225 52
790 507 569
440 147 427
545 93 190
413 135 464
655 738 919
832 450 71
493 598 191
292 379 788
675 575 916
810 679 525
479 992 577
251 486 801
586 19 297
748 783 841
108 549 5
596 941 15
233 669 32
688 87 44
832 686 653
59 705 394
968 897 958
917 100 358
858 734 149
838 201 237
405 993 405
898 287 661
597 248 614
201 323 433
668 933 847
109 175 684
50 317 861
409 999 842
523 138 74
145 207 877
290 623 420
339 182 39
965 169 825
536 993 774
355 398 138
112 292 850
105 922 74
85 159 948
482 717 729
592 334 130
22 56 24
602 943 800
43 154 958
892 860 824
586 996 836
244 161 401
860 729 135
213 658 83
744 532 491
170 670 662
933 303 313
248 876 979
589 415 566
664 826 669
684 874 128
69 109 26
506 520 157
73 619 861
390 457 97
23 577 765
141 323 341
799 57 307
350 896 131
517 561 957
274 1 36
916 127 209
96 392 685
518 691 907
890 487 178
166 838 151
586 475 772
872 36 476
252 462 816
539 334 141
487 395 850
396 431 888
10 148 680
200 458 32
448 971 81
211 629 923
854 76 454
856 783 545
491 942 24
62 172 747
956 212 327
164 822 708
47 32 152
765 425 270
638 380 534
772 443 646
341 600 554
784 432 322
857 588 479
762 478 404
839 287 551
302 973 8
967 60 347
735 970 928
135 675 115
374 874 893
50 720 522
651 131 786
353 869 124
117 684 632
276 908 197
23 256 130
965 197 68
728 917 712
461 750 22
140 531 149
495 663 461
928 748 320
25 564 184
303 939 882
400 153 443
442 959 280
473 223 256
825 236 411
713 818 516
929 715 549
140 180 581
592 967 648
211 734 381
111 932 958
666 792 5
28 10 927
926 52 476
282 585 554
836 660 545
653 616 812
441 2 402
623 403 10
991 407 604
960 885 146
127 917 968
405 493 24
498 863 912
91 635 185
596 771 779
6 113 307
938 825 621
240 426 696
277 920 679
146 459 75
576 955 20
160 318 194
583 911 620
902 254 503
228 718 15
90 849 805
960 46 809
786 353 139
826 649 577
968 966 959
113 293 551
850 486 87
847 933 735
23 528 382
446 225 316
13 652 717
969 636 283
896 645 279
815 224 479
897 239 774
640 831 135
5 578 358
871 658 362
930 711 632
885 203 319
787 539 1
131 667 825
88 1000 85
405 295 523
195 802 60
267 426 930
645 246 239
717 442 733
300 191 167
993 165 678
306 374 242
162 135 579
889 422 98
166 947 840
874 355 803
4 741 251
221 708 987
188 807 111
371 337 908
724 45 579
962 761 950
677 844 951
522 602 769
825 711 504
107 443 356
832 791 87
913 251 510
99 106 993
473 49 783
549 322 338
715 952 397
52 566 208
968 767 901
553 596 607
545 960 17
208 375 842
143 929 110
759 630 531
200 250 207
897 253 149
188 869 908
870 983 643
862 458 477
52 998 18
701 608 936
591 356 550
550 502 772
843 164 11
75 910 317
237 525 44
775 203 348
359 216 212
924 676 936
794 294 622
732 487 585
866 812 950
873 411 261
473 365 54
202 988 712
501 146 841
716 31 528
905 45 545
532 663 569
397 358 630
893 503 105
255 983 877
113 542 15
357 109 590
549 8 634
490 584 198
357 112 412
774 959 429
418 982 10
649 431 714
569 925 773
365 350 823
973 520 627
741 127 9
263 378 540
690 748 54
732 668 240
423 997 840
995 903 2
678 965 238
482 673 668
484 624 683
614 91 973
431 165 328
765 442 572
120 331 967
344 597 678
858 613 720
148 509 184
512 597 193
427 495 942
92 449 14
799 995 948
446 265 377
388 942 194
330 766 411
379 188 67
657 144 820
503 5 929
967 18 967
327 703 51
450 898 97
138 652 945
486 591 422
529 318 484
930 365 570
965 895 395
794 886 482
799 661 967
689 680 535
879 841 619
74 845 53
374 386 611
119 701 882
219 267 304
130 491 102
105 643 374
12 30 122
121 12 399
140 179 522
823 649 615
246 294 260
825 534 10
553 432 618
83 354 659
16 907 273
779 321 126
251 985 722
782 23 406
708 131 668
325 877 402
834 181 767
341 703 347
543 877 839
957 835 710
657 941 648
834 292 444
832 94 889
725 330 433
861 724 409
332 190 977
242 926 982
460 853 389
54 630 616
42 784 935
200 649 289
450 294 445
991 329 618
717 120 991
697 915 956
236 153 273
127 127 244
544 219 840
20 417 567
992 637 871
81 976 90
36 996 30
883 36 763
425 61 578
377 69 52
613 336 112
326 814 484
539 789 208
286 305 934
2 603 413
550 888 955
818 483 460
596 80 414
630 987 699
125 789 98
225 229 217
39 85 22
998 355 436
549 941 311
150 721 486
720 989 455
945 317 13
906 185 439
50 436 839
653 863 82
478 561 29
854 340 889
428 289 312
947 376 483
549 696 871
33 458 634
895 752 472
513 211 746
95 541 86
814 755 259
331 3 856
867 573 433
625 401 350
906 683 789
385 221 57
383 679 667
509 90 848
98 92 272
36 873 349
521 683 665
213 648 837
252 318 795
895 730 26
470 25 148
454 964 948
905 851 79
250 492 744
388 173 595
670 90 255
516 808 746
663 813 846
589 794 255
273 314 683
189 814 183
237 73 628
938 582 31
363 208 788
581 753 107
527 942 568
950 692 170
466 327 739
324 248 550
542 227 809
386 908 31
862 533 428
33 341 942
937 279 163
976 345 696
794 261 252
300 171 721
434 995 606
851 821 72
853 406 245
236 401 425
225 507 271
11 300 439
307 785 915
797 210 351
916 523 53
172 154 551
451 569 362
517 84 117
466 711 786
591 449 264
884 410 983
214 401 429
440 667 510
850 365 793
581 866 523
798 142 741
939 849 316
878 282 12
744 710 520
754 718 341
926 857 638
456 846 942
983 88 856
534 869 401
797 883 649
619 699 353
100 574 558
179 320 47
95 923 801
254 336 602
899 965 729
616 571 709
544 27 303
941 835 172
688 625 438
243 668 642
89 367 187
15 89 569
477 178 136
291 179 992
449 644 746
23 707 562
997 104 125
66 930 105
605 333 966
505 850 532
31 717 610
952 768 837
236 121 570
2 394 675
689 391 551
881 364 644
174 575 65
949 448 209
701 565 814
707 563 842
963 242 960
420 282 92
950 490 565
777 809 881
386 16 670
649 822 902
867 986 627
604 217 276
915 578 468
902 310 426
859 69 605
153 453 157
478 931 469
413 578 758
871 32 242
73 204 570
724 629 383
64 957 652
937 993 739
780 45 797
102 864 847
969 901 868
756 418 872
640 426 636
768 686 723
834 991 605
810 92 619
6 698 864
654 386 147
837 598 680
520 876 429
815 571 312
184 689 295
293 825 226
112 244 708
967 612 869
741 8 363
923 966 519
403 112 474
901 649 149
207 180 671
87 827 879
902 725 115
814 91 202
407 782 885
168 436 396
585 52 159
513 945 969
184 352 541
701 437 837
561 990 205
233 738 555
257 248 212
724 583 139
754 213 583
899 4 338
248 613 936
280 44 132
212 705 605
896 299 573
374 970 173
858 833 380
475 298 871
775 535 215
846 533 991
394 540 263
742 872 536
678 884 274
499 627 810
602 316 774
443 154 597
216 477 489
943 551 891
323 394 132
783 838 747
10 756 726
35 801 799
497 854 671
103 769 296
591 608 643
355 594 353
353 797 629
404 833 168
649 33 764
197 485 755
792 212 655
957 810 66
478 334 508
667 362 630
688 33 507
932 103 310
944 86 147
576 462 259
642 305 240
636 585 280
163 69 352
860 917 3
967 409 798
896 84 650
66 264 937
184 975 573
165 243 589
340 341 344
514 581 96
121 739 52
4 873 878
92 301 63
22 852 415
130 525 444
490 116 555
83 541 78
36 281 505
46 386 749
733 960 575
55 90 474
500 440 38
639 710 295
626 960 706
322 789 746
915 346 779
927 277 383
41 145 273
782 436 517
871 214 678
69 146 462
312 868 941
558 891 849
255 590 332
642 396 724
233 886 915
417 226 347
661 536 757
733 5 283
936 961 553
295 110 603
451 540 476
550 147 336
175 718 731
753 45 361
910 723 76
339 422 130
293 443 231
835 902 932
920 833 509
318 941 750
579 205 805
852 171 758
98 797 947
26 996 87
529 446 316
311 985 439
100 829 525
415 16 994
937 592 216
850 159 23
914 72 275
431 895 855
12 814 230
180 275 824
112 327 376
891 854 42
608 833 85
531 648 844
612 687 487
627 181 714
332 950 608
459 470 593
199 137 765
989 239 755
758 429 825
549 345 298
401 691 757
665 689 788
940 793 809
558 830 964
294 881 886
63 192 627
867 476 915
592 497 458
824 581 829
109 185 830
958 463 547
894 343 288
631 865 784
895 80 318
623 118 779
524 157 47
319 452 496
709 736 941
339 507 506
334 68 857
381 70 177
292 15 211
895 706 262
748 181 669
226 310 348
790 23 779
294 520 578
757 8 168
952 411 343
366 209 497
617 245 335
320 150 454
404 246 512
250 791 600
52 571 162
924 162 151
88 466 490
324 659 756
298 960 907
344 719 58
847 44 93
435 789 999
994 97 985
417 809 523
797 978 365
135 126 665
22 332 431
688 776 868
608 196 606
706 396 10
898 974 685
581 583 122
331 936 676
580 789 570
215 738 744
659 822 173
325 271 127
782 611 360
330 414 96
384 521 684
275 844 298
53 554 118
77 894 81
399 850 159
207 58 59
921 602 660
529 41 426
692 506 396
331 404 319
249 269 322
521 872 317
804 446 607
819 525 968
777 825 567
9 218 395
296 247 196
159 477 210
827 611 144
662 247 565
515 389 883
658 956 533
229 810 153
416 484 498
185 600 218
269 57 955
608 452 676
102 472 412
702 177 740
543 869 263
691 975 717
246 95 969
205 523 227
718 390 336
142 979 803
624 203 775
485 502 97
612 963 504
862 736 955
663 477 660
486 243 170
246 714 47
717 762 658
108 840 186
297 370 96
210 243 175
95 759 882
406 570 993
981 758 307
683 72 322
465 409 671
101 463 904
384 560 628
562 255 107
678 160 77
601 916 398
787 324 579
201 46 454
787 984 948
784 919 1000
84 523 627
332 438 379
679 407 12
583 426 198
904 672 146
993 16 903
895 899 127
970 282 279
82 720 669
781 200 472
551 380 137
262 984 141
819 980 309
374 190 163
851 243 139
517 821 357
884 488 363
181 306 387
282 118 572
77 96 925
251 664 491
473 92 470
781 862 203
875 663 213
839 793 509
493 944 630
352 688 239
330 648 175
741 430 663
672 655 743
566 926 825
369 288 113
200 108 74
840 534 730
63 75 361
442 126 333
126 135 206
489 685 391
35 262 972
816 142 263
2 839 709
87 412 480
624 897 657
522 106 311
592 716 398
964 601 818
416 684 957
106 685 651
228 327 375
184 591 151
870 629 227
403 768 646
836 819 966
865 684 64
108 771 247
1000 398 205
756 631 282
487 192 901
936 737 809
907 917 605
476 367 150
587 408 638
496 4 61
364 324 234
804 455 653
606 568 216
545 901 121
901 677 29
516 858 1
80 810 790
148 284 10
624 527 115
432 172 236
581 897 975
957 579 740
718 958 787
139 845 333
992 150 921
350 79 847
85 488 941
22 358 600
618 826 318
238 780 451
729 785 693
444 440 915
101 580 345
876 995 195
807 946 445
819 798 680
920 935 790
751 392 998
931 785 94
709 809 983
363 812 2
756 456 86
841 63 195
398 793 831
918 443 984
147 82 476
67 104 893
906 498 179
371 306 271
386 644 170
783 120 992
503 764 738
935 69 0
361 2 122
71 70 746
919 699 36
545 128 880
183 954 395
717 941 623
240 779 366
114 542 211
409 533 892
23 772 444
753 965 188
584 770 1
197 617 664
139 277 487
748 196 816
705 703 142
705 43 381
926 632 545
667 227 737
830 333 984
112 115 803
7 684 902
385 249 978
260 559 966
329 206 757
705 556 128
865 501 883
403 610 378
996 651 22
402 174 6
603 285 739
33 17 601
239 803 504
286 430 163
711 814 510
217 586 578
819 801 649
209 252 262
412 185 365
285 486 6
906 454 80
491 846 130
779 717 835
143 392 395
621 329 871
127 616 166
468 190 386
746 144 852
182 926 30
894 581 899
580 380 729
193 355 436
184 602 767
701 424 910
465 391 930
731 154 959
630 782 488
463 987 139
986 671 882
777 734 552
744 187 475
657 373 672
254 471 892
75 541 520
501 637 42
125 858 413
694 356 363
960 190 748
484 281 89
742 986 760
589 845 76
411 937 136
720 878 616
737 788 505
218 777 664
797 305 540
47 846 477
807 2 232
83 358 205
233 466 519
556 92 38
665 835 496
126 722 756
585 525 751
850 981 875
952 337 326
305 819 539
489 148 707
672 403 599
593 839 119
293 47 92
681 104 91
843 790 202
400 42 747
787 425 464
387 613 106
151 800 597
866 140 641
566 835 341
264 188 389
815 594 172
761 652 739
950 453 872
124 360 823
136 981 923
744 509 779
891 286 315
322 23 138
643 351 844
529 65 8
901 652 142
450 543 123
29 451 64
748 526 202
330 759 406
78 691 652
406 646 950
616 786 248
268 985 967
977 24 952
230 117 51
12 12 147
765 457 69
383 758 456
110 49 792
820 762 525
172 64 981
132 505 74
457 976 651
283 922 907
735 261 936
861 986 272
44 460 839
244 959 202
775 220 980
441 359 587
88 163 550
864 684 406
365 489 155
947 498 925
369 354 875
933 20 130
751 37 6
108 545 567
499 643 176
416 380 855
366 69 868
211 899 787
467 330 55
19 116 148
276 978 245
145 882 284
481 382 985
240 912 858
554 878 932
113 548 691
521 853 5
177 394 725
980 921 770
709 525 522
818 606 671
813 507 994
491 483 335
744 681 393
177 76 520
760 448 293
66 959 476
828 166 655
123 147 282
193 728 686
299 798 90
963 521 71
845 12 164
484 163 236
328 22 814
648 973 327
993 212 368
852 356 562
579 145 579
824 673 859
562 181 778
374 72 112
624 225 135
543 62 182
58 775 231
851 927 898
588 176 697
828 560 646
6 396 671
829 287 893
516 648 822
554 357 278
287 7 884
854 538 520
358 583 162
945 565 260
773 649 466
204 369 840
332 962 162
613 396 869
965 507 273
182 167 724
127 459 842
714 789 417
35 444 102
148 215 360
635 371 746
411 544 560
545 912 242
90 613 704
694 321 919
703 332 195
928 376 877
671 541 703
263 961 447
652 92 57
118 228 283
90 170 46
795 40 940
750 171 926
447 690 357
14 416 657
642 654 701
354 409 14
818 155 557
805 452 107
383 859 212
692 633 511
315 709 477
705 9 662
541 99 861
341 474 535
299 461 381
138 197 131
331 292 945
703 401 540
624 224 361
318 286 310
709 962 279
89 505 934
567 529 635
665 316 666
205 224 930
628 994 231
650 876 782
389 950 806
233 264 718
173 793 365
240 652 930
634 283 402
323 267 485
237 373 158
864 885 940
795 304 537
759 170 137
340 730 794
804 354 975
201 220 578
339 766 334
490 353 256
176 263 100
522 61 587
450 63 105
591 566 249
884 101 555
131 915 533
53 474 369
453 483 53
499 259 637
535 110 52
372 778 377
477 586 29
293 566 217
847 993 112
312 873 350
161 35 746
558 329 356
94 121 787
737 222 201
497 893 770
401 514 81
230 694 805
5 169 226
803 843 793
862 145 512
204 969 976
76 575 133
487 244 865
714 347 862
837 380 590
765 3 442
377 236 993
384 257 575
582 363 84
706 574 888
491 892 13
892 345 672
739 898 793
970 115 752
618 954 794
121 150 433
274 767 811
635 42 153
917 5 330
233 361 809
696 212 912
813 748 720
331 29 374
223 130 983
84 36 536
708 747 41
142 458 158
397 993 862
918 921 23
903 184 764
578 439 91
495 776 9
418 71 788
334 306 440
317 497 770
57 400 271
873 287 787
819 502 803
531 66 652
121 920 428
906 945 88
640 875 771
484 92 970
850 958 621
350 990 239
55 262 435
130 326 221
464 589 20
181 956 758
637 135 820
830 816 223
690 858 541
231 873 870
908 743 409
394 441 938
854 906 549
28 443 506
170 267 103
957 942 272
502 672 379
434 710 501
273 281 608
572 473 237
849 512 111
874 344 125
462 871 829
814 447 414
830 974 557
559 937 880
150 180 377
693 763 426
633 873 525
933 638 665
981 293 873
147 322 427
364 632 13
181 841 239
262 289 473
969 944 97
54 835 414
531 953 275
955 624 312
816 255 163
513 857 204
163 218 606
392 302 520
759 286 838
394 398 487
335 859 454
530 307 928
974 505 921
270 128 463
351 706 930
677 525 841
292 918 961
336 462 185
988 867 813
150 887 497
927 513 17
932 474 823
125 808 319
251 281 768
751 272 254
633 501 677
733 867 237
657 69 247
995 37 59
822 188 523
883 821 142
303 647 175
81 200 644
329 892 299
615 14 787
190 913 925
125 400 890
791 295 439
433 87 703
246 373 132
365 522 821
861 524 131
778 108 623
495 406 192
280 296 812
951 660 799
13 42 829
88 171 456
244 781 270
795 936 567
922 289 43
374 283 836
966 742 700
919 616 725
741 763 352
548 249 751
714 136 444
578 710 217
955 143 439
708 974 495
315 344 256
468 338 127
911 46 271
601 477 723
673 48 403
817 3 440
33 497 899
744 670 92
811 17 48
276 603 994
105 775 286
230 448 274
57 197 238
196 845 264
360 94 592
207 589 355
63 45 354
109 843 894
275 704 226
168 752 665
752 913 11
388 393 137
903 885 502
678 96 144
241 837 150
938 10 202
119 734 725
164 993 827
176 586 454
536 928 648
956 278 195
270 80 477
894 181 39
371 96 271
534 725 99
14 327 919
174 60 421
613 29 107
711 49 494
131 773 284
937 428 430
879 556 106
114 741 534
40 194 311
536 44 197
761 800 661
577 715 450
475 535 283
120 774 567
433 683 218
534 217 795
684 193 414
246 755 486
319 257 211
191 546 640
485 127 429
679 350 737
388 9 64
368 199 14
771 640 383
460 712 419
713 838 656
533 826 229
702 819 847
238 711 215
122 672 157
28 893 63
138 165 701
147 869 635
845 826 192
323 97 793
261 975 368
911 995 640
253 21 381
286 58 537
58 662 763
425 338 760
755 758 458
320 187 204
611 675 236
117 869 597
290 828 750
168 697 105
504 636 643
902 294 882
473 309 959
957 774 404
838 992 144
913 965 261
397 466 528
792 683 586
483 909 926
689 514 891
364 494 302
707 936 664
801 415 260
854 507 888
385 535 858
617 272 2
100 274 184
126 34 228
661 618 86
678 396 902
872 23 792
991 264 555
92 501 172
855 678 846
31 928 340
288 157 916
958 185 301
846 36 558
979 242 737
251 639 718
151 579 883
557 589 520
288 670 224
949 102 823
268 556 610
138 580 48
166 859 302
989 219 434
770 577 61
597 785 922
246 864 22
90 739 163
832 970 993
5 289 76
319 419 838
390 849 611
705 262 786
909 82 784
734 206 484
874 292 276
747 469 532
215 787 663
914 616 7
82 339 205
148 104 255
471 265 444
940 394 339
871 729 674
758 319 584
6 600 817
82 205 573
750 438 460
387 496 41
364 195 45
471 973 516
226 265 20
859 677 898
608 24 70
263 838 65
783 619 907
309 143 329
709 223 167
515 517 734
341 369 948
136 581 167
530 170 176
803 770 875
793 219 130
101 934 144
668 665 788
943 1000 58
464 762 534
331 448 837
156 45 318
632 56 887
665 311 929
660 1000 183
318 761 137
920 969 119
666 209 323
877 344 86
406 756 705
408 195 183
907 645 817
700 448 142
113 60 974
482 959 24
561 745 671
818 53 659
688 558 45
436 742 237
500 403 430
656 673 192
39 299 562
641 102 691
853 555 554
223 803 593
68 986 850
724 789 620
258 591 153
951 282 231
955 131 825
471 955 389
328 766 854
398 570 559
563 786 66
308 419 252
235 870 633
218 517 887
896 774 30
824 907 537
342 876 450
381 443 976
198 701 92
797 136 340
376 805 852
804 162 536
526 144 745
794 657 650
708 837 500
844 43 418
408 169 439
537 219 870
417 742 191
732 630 504
600 490 649
697 787 982
802 866 557
73 813 651
803 43 270
115 443 947
120 776 326
465 916 768
252 37 63
354 344 785
138 524 154
758 952 827
882 315 156
807 322 825
720 864 359
539 746 203
609 412 133
835 29 89
592 905 582
624 473 970
237 173 71
105 1 611
724 878 571
355 300 917
85 606 650
490 908 767
22 533 795
964 58 58
453 367 60
956 855 251
462 355 887
655 89 322
384 213 878
691 896 245
451 227 132
36 688 262
924 944 879
440 43 792
770 911 863
801 330 623
179 293 642
291 892 4
162 661 503
184 816 937
489 237 394
246 220 114
345 158 836
576 99 407
387 819 537
553 822 178
167 796 521
451 159 664
273 316 981
190 266 306
729 51 749
326 426 424
289 32 777
620 912 653
684 947 256
631 221 341
554 392 767
621 241 979
771 816 734
363 363 155
615 813 601
796 896 785
802 429 611
676 577 15
662 514 104
713 343 293
301 145 187
865 248 41
632 587 563
341 199 802
95 533 870
985 679 725
464 803 103
611 436 951
169 55 89
712 623 930
234 216 20
572 459 61
170 158 40
431 78 28
427 371 572
599 950 709
619 379 465
360 660 284
405 322 701
937 89 135
677 254 193
323 650 272
189 488 953
198 364 547
85 321 5
464 377 156
143 253 604
967 323 344
791 822 951
936 916 723
336 952 892
512 242 55
60 898 520
30 648 343
780 814 781
31 160 103
925 560 755
438 51 662
891 440 263
963 946 715
646 214 118
989 136 336
214 146 647
641 172 148
986 727 567
215 142 433
276 129 924
687 365 841
636 913 780
945 776 923
181 870 444
116 17 558
428 229 329
819 9 5
475 97 369
187 447 922
350 341 538
49 10 427
748 428 274
329 220 359
92 125 362
723 903 956
461 320 279
863 590 868
826 129 653
793 932 535
476 24 249
804 104 528
677 416 106
122 307 898
126 866 4
280 712 273
273 221 35
880 480 23
300 222 458
379 867 359
998 789 120
89 928 27
355 368 881
601 151 933
702 235 214
778 310 386
305 617 213
429 212 965
212 794 797
24 945 986
105 711 663
42 501 550
133 261 829
632 735 446
808 704 843
243 767 301
614 921 117
45 406 457
338 536 822
540 643 633
216 914 800
949 716 473
558 511 715
261 940 466
230 681 59
142 258 330
167 155 130
815 739 664
784 491 418
941 52 965
804 60 463
57 417 807
579 667 460
734 333 682
185 633 110
798 531 513
668 833 645
899 515 342
390 473 925
949 562 632
368 197 989
910 932 20
893 854 569
666 280 771
814 965 762
416 738 151
652 116 246
363 358 192
257 462 816
288 976 474
461 433 520
400 279 137
321 529 59
84 573 551
175 412 479
502 34 736
34 944 211
944 612 391
592 493 553
103 816 701
78 883 215
912 538 652
746 158 277
425 687 166
98 392 202
198 268 678
221 158 325
227 596 302
378 797 7
726 365 156
722 730 457
935 191 897
417 898 605
689 600 864
449 55 92
535 687 920
895 962 686
825 207 111
507 787 289
640 592 707
883 839 120
396 191 681
343 554 641
478 840 607
509 30 175
367 501 702
876 927 496
283 97 900
118 349 127
923 8 286
43 385 136
429 327 748
484 213 504
320 602 461
717 565 538
851 602 546
179 540 181
241 879 817
127 226 728
220 634 139
546 19 659
383 179 459
883 529 236
848 171 621
310 80 348
562 461 50
52 244 884
50 396 113
496 898 768
940 395 815
440 811 723
759 673 453
23 586 104
170 343 558
277 917 873
265 595 815
184 143 918
703 819 185
949 915 624
40 96 211
455 258 669
501 840 325
423 316 812
628 823 618
966 287 989
933 640 817
277 398 867
861 133 404
64 397 711
206 168 973
399 17 779
839 143 82
793 407 363
686 329 322
429 868 665
574 503 500
925 71 903
914 672 538
433 888 619
445 324 474
577 91 281
859 658 1
808 281 312
786 829 687
299 21 105
747 397 83
237 108 543
148 88 166
476 667 960
365 495 628
829 229 969
956 789 380
419 679 962
103 233 834
100 830 146
873 572 249
374 895 388
521 145 123
518 163 743
113 992 234
181 992 585
18 210 242
798 862 971
699 457 102
822 942 462
518 428 287
368 468 337
585 369 113
303 693 970
386 851 932
310 283 159
148 942 26
838 522 631
66 290 767
934 568 224
622 357 668
768 710 123
790 736 98
534 400 841
731 674 995
369 616 424
894 238 528
190 2 844
286 870 169
794 504 608
130 639 955
495 366 912
240 360 753
583 976 229
648 281 855
432 13 780
980 137 651
227 435 457
67 224 821
74 665 668
115 321 702
441 267 758
918 54 646
628 938 887
252 637 513
199 471 463
716 387 80
826 924 936
236 923 397
745 235 455
298 137 533
588 491 931
478 832 21
128 184 227
69 508 915
790 857 748
845 510 132
417 413 55
932 261 316
737 774 290
277 685 903
610 494 692
590 588 568
331 698 584
709 744 798
853 20 390
331 485 566
215 298 260
628 849 129
543 506 696
269 439 220
176 178 907
547 420 104
822 724 675
138 505 897
105 509 172
628 433 984
615 44 15
672 86 845
489 286 481
92 524 553
195 779 607
565 421 565
976 933 952
658 744 275
8 364 192
374 602 801
132 999 135
290 527 495
112 949 260
789 817 288
733 784 911
652 993 148
935 425 75
471 637 406
849 952 939
429 471 875
956 962 566
574 677 963
422 330 425
7 979 138
69 473 327
289 28 254
389 239 41
15 577 581
893 28 400
158 452 920
605 100 941
594 408 499
477 409 729
932 200 689
341 553 621
472 812 957
452 309 963
828 445 440
778 594 186
668 172 476
960 232 355
225 655 590
419 94 442
360 709 462
778 880 68
493 957 721
986 985 897
407 765 405
356 547 260
730 298 504
381 639 571
511 878 246
505 298 95
10 728 583
216 859 462
716 516 723
304 868 485
168 477 594
10 74 83
694 606 655
346 368 681
198 809 77
579 929 771
723 319 178
704 119 573
869 629 977
202 408 43
793 495 460
60 444 116
951 757 861
729 155 469
98 384 617
661 962 325
443 388 153
83 67 541
663 762 837
737 42 794
126 647 585
17 952 999
655 567 758
632 389 282
924 849 193
783 2 111
741 686 15
855 808 825
862 560 260
431 886 748
799 171 232
205 373 21
278 408 649
110 266 470
802 513 845
887 611 961
695 189 956
29 496 728
45 207 6
496 552 82
123 442 170
141 912 838
506 811 963
662 869 693
965 206 740
355 107 814
867 550 650
165 90 284
763 130 216
445 584 405
656 253 938
603 404 675
121 393 845
5 884 983
350 740 746
648 665 606
795 693 623
593 497 398
218 917 600
526 492 324
555 564 699
934 520 239
955 91 142
97 500 792
875 226 23
190 136 307
424 260 704
353 382 978
957 804 250
80 743 432
958 725 942
50 728 238
161 545 18
346 855 622
157 408 433
472 195 522
777 986 783
4 994 422
155 124 320
273 136 399
632 948 600
15 716 461
121 624 359
209 389 314
163 678 612
657 231 477
722 1000 355
708 480 918
512 191 788
509 637 929
287 816 621
520 80 975
168 713 996
228 922 44
732 575 516
988 178 408
444 369 743
328 277 370
722 313 3
97 383 80
543 160 909
237 302 536
688 579 948
342 949 429
740 49 931
976 696 614
654 29 254
405 154 387
692 514 234
350 30 706
819 541 418
1 30 971
270 966 145
618 535 160
369 954 819
669 54 339
106 551 121
315 248 630
861 33 478
629 281 406
219 997 462
295 863 357
120 152 524
875 994 162
620 398 348
938 909 131
58 264 567
25 262 920
532 190 740
599 815 132
728 288 386
515 918 287
555 148 756
181 725 218
580 138 584
129 35 662
667 809 246
609 977 3
664 111 729
985 739 825
807 443 62
231 540 822
152 573 387
383 523 144
545 873 453
164 760 774
233 716 753
395 526 340
704 705 811
384 75 597
932 559 598
918 588 915
26 187 953
833 75 364
458 490 429
649 49 219
299 125 932
909 920 625
846 837 600
815 286 869
957 944 888
910 874 341
651 596 553
904 442 41
818 987 868
2 527 304
34 794 470
669 235 801
76 596 160
118 187 171
615 538 579
860 711 162
159 978 842
505 474 622
365 894 726
901 762 773
507 333 257
271 430 862
363 34 600
79 111 418
31 300 168
921 709 694
491 613 695
275 506 289
755 356 491
505 884 279
717 297 577
938 818 400
799 313 624
808 184 109
829 59 695
746 184 425
602 812 540
905 947 492
794 202 462
179 414 796
39 16 255
191 458 615
240 257 776
844 989 721
444 945 665
302 583 828
539 889 903
503 656 567
438 266 345
700 225 31
669 783 63
164 221 591
325 209 787
56 320 505
541 853 11
889 940 162
577 366 299
847 747 65
949 266 609
72 520 522
781 369 687
625 351 402
852 461 879
848 260 467
580 489 103
752 203 93
368 348 879
219 715 885
57 413 196
947 345 457
500 160 75
626 28 570
366 728 914
476 946 698
307 938 664
9 549 506
965 486 928
194 542 22
459 715 433
238 452 175
261 223 479
371 205 900
915 827 233
448 66 695
660 742 921
908 111 385
282 625 974
727 669 661
16 37 497
743 665 492
243 602 712
997 238 898
952 807 998
997 188 536
454 601 663
596 327 29
702 222 743
648 424 484
435 506 721
414 50 259
796 655 592
304 899 349
315 644 579
863 611 895
884 740 417
250 879 716
760 440 359
511 723 172
434 743 138
903 541 971
210 782 320
718 827 496
768 3 599
113 991 704
820 712 269
799 67 760
790 574 462
489 363 937
120 118 443
286 427 541
716 101 672
878 834 573
355 732 456
999 677 575
783 905 568
839 501 536
731 209 475
994 413 419
269 678 630
624 879 49
32 25 455
870 79 785
551 143 442
1 935 538
567 987 1000
750 897 419
552 140 77
583 150 694
471 874 290
427 857 155
577 743 284
476 985 636
84 294 404
195 535 671
25 972 47
879 345 179
366 532 519
407 666 906
587 427 995
940 837 358
78 574 482
459 372 354
25 901 900
300 539 512
248 411 350
613 211 635
898 166 97
545 87 152
138 441 515
498 428 72
856 505 417
808 919 119
446 624 421
503 18 953
83 784 900
150 511 116
439 922 684
346 868 785
452 638 823
998 836 75
579 86 55
623 518 267
221 461 211
425 173 442
710 211 482
968 5 656
59 482 383
490 612 950
653 432 74
17 34 616
116 844 90
526 689 683
885 99 501
26 511 72
995 744 45
635 168 0
440 119 106
824 315 195
712 720 364
37 335 894
685 869 73
729 136 441
473 546 89
279 239 311
860 710 593
456 594 936
471 296 838
311 283 221
129 205 356
868 301 413
746 15 594
496 742 210
971 775 958
383 502 357
676 414 889
999 31 482
156 661 666
51 947 259
556 224 35
971 187 814
995 526 124
929 187 543
254 25 793
557 586 221
967 498 185
805 183 291
396 848 872
918 196 106
659 271 565
220 889 659
162 916 785
209 219 905
251 570 306
894 978 201
62 139 361
194 421 418
7 888 817
912 10 969
304 170 320
603 665 544
592 48 81
241 954 422
340 495 712
211 526 738
83 318 439
78 891 727
755 122 178
190 518 729
740 47 106
424 738 66
688 201 40
665 870 622
726 112 556
134 802 193
91 970 716
258 511 865
673 151 389
619 368 233
86 292 618
753 225 362
584 762 224
0 576 95
125 540 348
27 396 394
824 261 691
285 78 413
729 689 338
728 340 817
233 144 386
613 645 965
644 915 271
130 150 878
443 728 437
168 693 516
633 229 39
855 271 453
132 652 117
570 630 265
239 785 400
533 875 24
430 27 317
468 192 909
480 926 380
198 322 483
823 386 363
302 919 747
770 368 298
516 573 670
3 155 972
344 677 861
168 972 522
947 138 792
526 558 561
544 744 196
909 917 321
76 234 37
620 167 797
548 495 845
790 534 390
365 412 366
607 288 416
52 68 281
503 578 974
201 904 48
793 106 678
87 310 986
876 692 573
379 859 69
961 670 286
225 556 462
276 789 462
761 811 428
253 622 393
889 624 965
140 622 924
139 298 434
627 424 420
482 179 681
128 427 303
179 34 739
276 528 604
904 643 500
414 372 83
319 516 188
155 545 157
205 100 410
90 527 695
574 81 455
843 479 395
984 894 367
484 718 764
134 778 731
516 187 99
241 995 875
633 344 726
37 265 10
964 124 752
269 76 868
969 749 888
535 545 324
347 741 825
374 824 342
773 928 495
574 267 518
120 600 870
65 291 247
7 230 516
720 254 158
126 7 649
369 539 45
51 282 706
218 652 292
46 55 256
0 760 982
412 209 455
921 493 337
384 16 666
277 803 955
745 121 617
958 45 563
174 716 791
782 820 904
360 970 750
905 161 298
159 787 617
412 982 430
937 828 300
116 538 121
872 144 94
814 83 200
248 166 232
657 43 245
270 601 821
557 452 426
392 195 398
519 356 91
238 613 250
995 358 39
928 287 616
742 260 491
123 257 540
927 488 654
489 462 612
950 145 550
755 938 38
289 54 996
336 57 297
240 940 124
565 173 134
138 454 791
583 450 177
600 816 638
130 135 514
439 2 692
304 905 998
385 437 936
557 59 517
118 983 987
335 684 775
564 810 607
127 652 439
477 167 805
854 139 166
992 654 761
290 914 275
120 189 195
223 91 59
839 61 27
734 659 214
490 972 519
326 23 982
187 58 768
337 420 863
619 476 459
922 197 895
250 921 370
417 723 350
649 639 634
192 136 839
937 835 378
933 694 227
628 502 937
482 985 461
498 271 576
222 674 179
784 471 237
764 623 110
146 810 250
814 365 776
87 969 310
690 726 177
557 52 840
344 201 688
365 872 911
434 189 455
232 405 765
490 823 436
380 401 880
974 483 88
902 78 942
150 308 994
512 995 280
871 364 927
511 652 499
508 719 180
288 579 652
49 128 105
890 693 334
914 712 647
409 85 487
849 191 473
620 990 848
514 152 751
672 71 38
436 138 748
914 211 777
170 454 398
267 129 28
655 335 233
525 216 235
444 20 956
831 501 93
662 466 973
849 778 84
91 144 262
249 89 49
768 317 940
217 177 846
256 698 272
785 256 173
511 516 769
481 727 136
22 149 711
636 218 483
736 695 818
76 851 92
529 359 250
979 193 521
397 42 74
56 832 776
772 67 921
649 421 232
625 230 357
233 377 851
900 186 101
979 358 848
155 596 954
283 220 94
329 884 153
307 159 951
827 938 998
575 628 64
876 287 441
456 798 249
586 203 757
88 32 316
658 909 491
683 455 104
205 415 397
284 424 929
679 835 713
587 446 421
403 545 73
890 943 791
716 969 27
35 736 499
43 453 855
566 157 834
345 460 368
17 272 609
811 136 433
821 327 269
506 675 670
393 22 509
157 379 654
590 244 782
106 917 925
365 817 702
702 638 738
638 744 751
259 688 757
226 500 866
96 896 217
485 399 480
789 591 400
167 131 169
754 348 969
348 703 731
912 539 343
557 957 65
74 451 826
432 686 760
28 120 615
81 774 682
398 810 199
842 188 266
507 757 103
144 528 556
786 716 854
62 205 256
742 565 357
610 441 171
806 494 1
654 418 734
36 917 951
939 683 866
943 983 917
239 358 522
426 519 934
8 23 474
726 372 267
791 325 437
55 545 836
578 446 368
473 619 757
10 81 111
670 28 920
15 194 411
450 962 782
86 605 0
515 919 293
251 683 404
880 821 198
176 826 70
386 739 700
583 373 847
120 352 12
424 193 95
956 947 519
580 710 805
327 738 900
484 341 777
725 190 796
634 569 250
28 449 794
86 534 861
807 177 625
783 606 772
85 439 255
570 354 757
196 80 880
434 318 410
454 408 247
553 954 421
144 121 478
75 199 643
702 545 330
262 864 294
831 169 817
208 406 386
762 119 226
717 280 430
969 984 373
332 286 274
197 254 940
616 155 838
306 387 932
646 674 489
625 21 238
307 979 985
913 548 765
834 611 57
221 125 232
754 887 762
713 104 525
913 448 511
817 926 24
219 390 609
857 698 737
492 850 744
719 624 818
35 904 658
812 555 835
737 499 779
919 740 638
568 307 651
976 813 840
743 791 234
483 466 938
356 497 998
497 130 263
580 860 457
696 950 488
254 612 324
187 475 784
906 730 114
364 760 621
864 696 431
865 175 655
395 505 656
896 728 245
146 186 642
322 768 127
366 345 183
22 75 840
23 100 503
103 118 229
615 298 594
992 187 120
699 790 67
142 40 97
758 42 378
995 927 870
182 610 72
252 547 779
348 233 930
358 261 695
113 788 965
148 661 378
848 894 286
551 256 604
245 338 291
439 818 371
485 686 691
318 793 297
707 577 424
510 40 8
764 313 979
86 802 631
415 392 951
763 324 81
975 912 600
105 266 913
506 155 56
504 644 826
735 513 674
568 679 498
98 781 112
982 718 529
1 50 793
318 493 335
763 109 702
44 844 289
911 467 687
228 969 405
242 555 621
0 618 352
527 228 428
556 999 771
731 998 316
565 555 509
865 989 816
941 699 810
877 367 936
133 401 724
836 729 502
427 160 696
888 926 678
285 869 634
460 154 678
4 908 138
63 209 792
334 892 983
183 900 326
912 442 918
316 474 283
871 501 41
413 281 62
45 780 648
87 482 912
775 788 656
590 333 14
331 0 508
994 11 379
136 519 895
921 680 237
284 815 419
953 69 482
770 73 68
538 403 351
690 219 404
335 907 200
59 53 113
284 837 550
775 585 628
543 858 854
974 206 566
771 444 84
120 644 437
111 472 275
568 804 355
326 251 704
918 246 686
54 606 357
869 457 413
298 127 997
266 5 369
202 248 303
552 469 914
904 837 563
348 467 18
364 881 192
864 166 669
335 949 834
736 143 10
306 389 471
977 648 41
52 908 671
604 817 227
518 689 857
432 513 146
111 138 411
168 562 536
750 56 833
659 474 452
277 843 666
77 478 709
944 800 568
156 428 610
268 314 978
347 230 592
358 828 517
854 882 622
607 946 724
725 39 392
165 526 440
995 542 661
515 976 449
704 639 550
912 106 753
948 726 132
76 860 822
745 315 352
200 207 510
986 772 542
465 128 922
319 887 895
624 849 653
651 169 371
966 405 219
339 761 587
104 582 757
948 101 437
247 938 587
364 341 889
858 977 953
568 171 419
249 497 203
497 370 1000
546 1000 825
165 909 768
630 214 960
312 763 969
177 195 420
816 190 928
103 93 922
122 323 19
579 491 220
19 49 32
557 296 974
922 338 685
971 560 313
61 609 84
226 338 188
244 418 120
253 50 962
727 299 311
566 840 133
677 560 348
663 740 270
418 553 979
113 868 28
125 415 220
769 579 800
998 987 116
29 797 729
614 420 653
698 214 657
969 255 148
669 771 999
522 2 216
85 985 269
701 804 116
168 452 987
960 990 367
762 678 52
896 852 375
442 79 778
929 418 451
268 833 63
134 469 654
865 37 883
37 729 812
671 956 63
480 174 409
990 752 883
510 531 189
162 392 423
995 611 176
432 220 396
484 765 382
565 480 612
13 573 928
404 57 910
649 447 138
1000 709 337
886 588 355
185 854 677
627 432 931
989 339 871
710 348 348
860 40 187
534 816 480
84 230 754
148 804 392
842 938 313
276 160 321
778 519 634
83 800 958
57 60 236
736 996 309
162 418 123
889 921 487
560 494 141
357 577 834
314 302 924
875 965 490
301 183 172
667 504 380
776 156 715
373 54 437
56 687 329
928 857 198
374 679 396
677 305 298
691 428 290
231 972 216
993 947 356
890 178 281
421 397 569
850 137 385
81 955 501
640 624 484
300 654 376
904 793 73
454 414 822
411 752 779
731 776 930
145 135 882
726 50 225
325 210 669
620 299 462
23 241 781
856 158 55
954 349 558
935 849 62
346 167 814
511 632 651
85 257 969
535 976 223
304 527 467
869 552 837
920 775 399
534 190 620
421 933 860
330 682 731
637 83 576
174 225 968
334 193 403
914 656 522
423 234 814
124 927 738
523 755 533
687 661 466
733 254 676
92 238 684
993 474 372
143 599 249
108 250 883
31 182 736
621 944 995
765 895 13
563 99 54
719 77 12
668 388 797
350 18 458
46 576 945
71 143 184
619 693 764
65 332 680
140 97 742
451 458 871
971 322 818
251 454 355
233 332 937
394 816 301
252 651 267
35 201 24
541 914 58
145 681 1000
44 989 640
819 980 96
578 378 180
407 180 146
543 471 888
299 830 521
479 952 177
293 233 833
201 420 296
267 530 931
895 701 311
387 652 582
326 747 864
851 55 643
682 799 286
626 359 717
455 821 126
959 524 505
742 195 305
86 131 297
730 614 858
473 409 805
273 402 481
448 518 242
968 901 767
668 485 260
213 264 6
99 163 308
356 52 384
565 496 402
271 136 906
179 621 453
548 500 221
870 971 703
669 882 449
346 75 732
919 512 607
179 914 684
923 190 917
862 311 849
613 256 126
223 292 619
956 602 285
237 799 963
232 278 206
866 285 645
79 562 964
512 584 173
196 174 523
639 426 728
354 368 683
659 413 594
345 708 44
624 748 442
824 42 582
413 102 962
268 696 470
589 153 77
348 224 811
958 894 847
195 948 873
250 793 788
933 11 642
343 511 579
541 982 219
55 446 394
754 264 27
938 611 331
482 949 346
510 68 655
210 17 931
234 965 304
857 939 529
697 128 19
100 582 644
5 376 494
647 438 205
576 457 379
657 297 928
61 189 589
494 707 95
253 468 357
244 59 996
394 997 964
756 564 121
143 599 584
882 336 609
45 340 604
365 624 858
971 41 455
160 679 905
830 689 429
359 487 719
281 887 800
755 72 988
415 959 897
710 388 400
591 297 94
749 315 186
278 255 182
310 570 866
884 719 887
312 257 395
368 140 46
558 378 785
185 99 58
690 81 75
187 461 213
986 49 693
650 663 526
886 698 289
902 149 808
624 8 992
167 774 452
792 387 798
127 413 73
243 760 508
673 237 519
759 793 429
697 455 170
614 950 187
649 284 135
353 465 798
826 135 927
330 395 842
453 318 520
863 131 694
761 967 193
56 508 927
164 16 976
83 978 548
379 505 27
893 577 154
899 82 162
389 41 817
704 19 250
891 632 808
348 561 56
207 252 333
409 616 504
520 562 586
781 135 27
607 16 996
146 854 532
33 579 572
511 135 315
788 104 359
597 383 645
147 825 186
127 783 530
321 88 144
167 791 422
838 169 637
463 747 195
866 792 783
202 946 123
107 807 600
888 372 304
25 143 869
408 98 602
816 540 818
856 704 251
337 529 440
400 281 317
398 547 322
544 834 951
148 59 163
190 351 600
925 197 870
498 137 475
124 491 95
878 774 915
885 10 564
851 437 805
183 331 905
596 456 339
703 693 723
242 298 180
631 123 20
991 981 387
534 715 479
341 848 589
831 915 11
164 335 393
772 306 104
747 664 282
346 755 751
303 762 343
554 59 651
626 906 929
716 283 360
591 375 112
321 377 319
19 287 346
317 15 594
851 672 389
277 680 742
820 302 60
325 895 164
274 172 851
218 585 924
61 477 433
419 619 137
935 495 987
0 646 167
767 456 589
154 374 499
485 370 104
684 477 329
504 50 296
469 976 630
463 309 121
386 985 475
25 231 142
55 403 817
875 457 148
245 308 217
310 819 116
995 566 830
481 646 141
145 96 701
29 650 488
236 809 220
842 881 677
652 356 97
225 584 618
783 843 16
184 52 379
748 640 298
180 761 371
837 677 554
359 867 1
453 722 484
297 508 222
68 388 69
621 663 366
427 304 305
438 808 725
469 863 980
53 956 688
238 691 202
51 783 489
770 228 215
483 608 893
40 498 293
680 456 360
910 270 654
696 51 7
561 957 704
763 902 547
274 971 957
341 477 603
260 845 651
309 634 944
545 741 30
139 14 398
590 108 779
553 89 234
348 158 743
322 786 352
244 196 67
705 589 899
400 369 393
23 500 498
344 999 873
592 441 860
400 828 612
861 930 237
181 271 364
885 265 283
258 428 656
635 49 769
135 522 829
217 909 985
836 537 509
311 282 801
77 608 110
589 164 311
668 616 403
521 112 514
553 198 193
972 497 581
120 258 717
468 488 341
278 35 449
599 64 971
215 874 320
965 110 709
710 651 416
176 387 363
989 399 732
153 4 761
252 583 266
832 895 611
500 395 438
801 931 760
654 510 884
185 81 283
23 511 27
892 809 332
393 868 413
825 702 8
863 190 749
553 155 67
599 983 433
52 629 690
861 811 282
586 435 446
809 739 83
878 464 543
171 314 434
377 863 129
857 51 178
578 363 356
453 165 52
218 834 258
604 613 820
81 122 135
831 397 756
852 466 874
473 772 595
0 673 461
835 520 948
54 346 945
17 187 471
351 602 838
410 649 297
967 149 265
132 546 676
703 732 566
544 730 38
136 941 184
825 978 360
337 320 512
492 706 616
806 968 160
880 263 968
105 664 154
363 869 821
179 190 417
977 888 303
68 434 492
202 326 856
619 406 43
845 292 652
742 169 411
686 824 660
686 844 18
804 340 174
495 606 624
477 97 588
851 217 151
611 438 846
331 660 100
125 103 465
633 578 781
774 674 526
434 965 348
530 846 211
515 244 356
677 411 107
646 648 653
485 929 967
517 900 296
758 463 222
662 279 654
315 388 736
433 229 945
789 533 330
751 771 355
87 200 768
833 956 597
3 571 946
515 710 781
334 206 815
618 253 352
992 352 991
768 999 408
299 992 414
578 358 378
111 657 50
892 320 761
995 977 988
677 299 861
468 576 639
158 961 73
737 217 877
617 534 937
180 135 483
464 409 633
250 827 788
757 427 771
578 271 969
523 742 689
574 68 627
731 288 623
567 493 632
232 981 562
957 244 582
77 425 930
415 759 355
175 703 433
858 779 828
603 207 821
752 266 7
872 282 714
148 875 370
274 425 223
303 85 367
64 603 874
854 516 774
151 626 253
575 0 719
610 444 891
794 436 686
163 772 135
912 896 107
170 554 257
745 167 189
973 158 850
269 510 540
926 263 433
681 100 268
675 837 275
844 869 0
792 104 120
240 656 886
77 634 129
586 269 780
422 705 317
733 859 136
461 474 885
680 781 9
604 606 898
740 393 660
800 946 106
181 190 659
896 384 523
883 689 148
704 715 857
167 654 944
913 271 676
64 679 727
609 289 748
46 18 97
903 624 249
655 607 676
54 487 954
606 304 211
761 48 530
528 533 248
157 707 40
864 112 673
427 861 600
392 340 6
450 351 228
883 281 754
690 993 363
407 289 704
471 621 774
297 79 974
205 579 967
402 255 714
250 120 606
819 649 642
826 430 78
360 920 880
897 793 32
748 551 576
239 723 653
440 189 509
606 159 328
286 533 784
742 586 472
209 966 164
311 395 717
838 545 567
628 702 663
782 493 670
334 382 356
52 950 304
984 122 297
189 650 896
909 697 487
561 456 827
345 444 631
921 640 616
181 728 98
356 973 523
611 664 36
904 800 273
503 371 329
324 944 850
221 140 757
697 345 636
772 754 521
41 463 565
812 226 123
963 801 209
992 48 840
978 989 862
42 777 996
162 371 57
839 261 581
425 609 540
553 134 319
389 627 36
726 170 878
125 42 818
412 472 433
811 258 151
831 331 147
509 339 64
595 746 231
609 403 811
764 707 667
734 4 21
667 244 322
420 394 616
303 219 915
267 384 372
451 835 554
831 254 30
339 534 844
746 826 326
816 86 549
723 591 573
291 799 708
941 211 700
988 421 717
493 926 949
183 171 174
392 950 9
654 870 970
611 436 349
151 479 712
288 497 392
967 184 670
944 154 853
47 8 45
85 606 924
937 533 682
112 275 945
693 887 814
4 151 36
810 143 741
950 455 683
244 2 981
299 798 495
803 741 656
910 563 422
361 848 793
931 966 140
663 427 6
746 769 994
571 232 217
309 508 326
468 924 761
109 866 368
132 399 701
513 670 30
228 121 843
534 572 164
571 791 854
141 91 979
766 770 362
562 137 332
408 509 576
828 428 533
1000 222 211
416 164 626
896 760 557
893 617 333
1 451 206
259 885 826
778 604 14
951 418 648
622 554 509
309 218 883
635 932 320
412 619 217
966 872 598
906 249 928
865 54 81
29 919 59
809 652 909
651 541 928
941 929 563
12 100 265
67 260 427
482 157 769
644 862 401
785 425 374
781 373 554
429 686 368
661 204 55
763 74 937
963 898 436
644 339 739
264 340 521
373 614 118
886 850 119
934 16 8
761 421 408
220 587 778
433 625 822
810 904 750
37 4 314
68 982 286
224 339 164
482 121 900
63 867 544
739 505 632
987 924 838
885 0 27
983 267 85
18 716 888
633 457 259
784 827 931
132 799 677
825 679 467
717 846 685
315 155 570
403 499 853
30 787 261
156 613 998
455 853 184
671 53 422
765 908 417
724 872 84
53 450 317
59 588 498
921 645 222
105 651 274
205 78 16
606 552 561
60 152 547
727 78 500
259 270 133
389 903 465
874 169 695
138 818 256
558 9 194
205 721 969
144 416 218
676 138 172
360 541 782
114 369 666
695 77 573
442 876 786
744 606 319
398 42 406
394 368 790
766 515 679
615 882 563
837 138 517
962 153 193
835 417 786
10 301 188
883 54 873
43 505 775
695 735 498
267 335 30
914 306 685
194 944 967
25 171 142
739 472 548
214 58 122
842 506 232
753 149 858
527 290 555
543 329 537
799 688 172
284 73 927
8 477 535
122 933 369
118 389 883
905 548 335
452 213 763
767 353 393
617 701 644
431 765 102
850 787 686
166 678 189
620 157 664
968 52 983
848 121 118
843 432 260
380 958 73
781 835 352
373 414 881
945 276 0
931 608 595
937 64 337
949 777 178
955 956 594
754 346 625
470 679 268
129 880 707
788 513 358
3 732 868
414 590 473
493 846 428
13 59 573
566 541 921
204 611 202
284 789 232
464 457 385
608 159 294
420 988 514
614 650 265
221 923 1
212 540 401
45 954 398
436 228 844
100 468 609
645 530 198
575 910 652
597 604 869
541 343 210
627 174 10
406 829 670
470 522 44
908 269 568
525 784 152
963 355 536
4 210 601
809 589 793
540 844 278
51 632 148
782 194 593
388 566 567
433 897 320
174 633 545
246 767 489
728 369 517
364 732 722
756 153 279
118 945 819
20 505 114
376 295 646
397 722 112
159 444 134
178 49 545
656 182 548
39 126 739
930 524 256
219 85 932
306 50 630
367 704 887
591 53 909
910 49 720
710 709 402
10 925 705
99 893 969
755 876 392
722 204 682
352 922 741
334 522 169
665 640 733
162 486 247
575 107 396
99 315 677
266 588 722
981 548 351
695 812 966
28 970 271
280 152 46
742 145 199
299 26 938
451 635 406
562 441 387
607 973 392
994 700 996
733 192 277
527 29 113
439 229 167
1 894 626
19 40 881
724 593 629
340 569 893
272 715 66
705 212 333
911 52 9
363 430 16
196 160 812
809 175 774
292 469 154
23 988 795
727 988 468
10 891 540
124 701 863
68 117 425
248 888 271
904 301 180
268 802 64
895 526 157
694 636 391
69 655 897
870 783 908
882 849 206
843 146 717
860 333 399
720 377 162
359 820 450
307 313 44
219 111 79
397 438 809
317 371 882
960 422 529
312 730 72
613 930 610
815 679 647
221 966 417
856 210 788
348 49 888
903 235 382
352 379 772
850 899 882
456 701 310
630 141 813
130 737 372
680 282 455
50 443 561
387 584 796
557 354 848
433 210 186
849 105 84
173 207 25
966 641 51
376 413 709
737 107 808
403 630 479
131 493 664
496 506 513
499 523 805
255 845 644
4 374 432
29 354 294
635 84 387
420 18 525
818 848 31
385 556 608
383 651 263
182 814 569
222 895 699
391 24 450
335 513 896
70 251 854
351 830 931
810 131 765
399 999 399
701 900 270
413 25 947
452 438 826
566 33 492
296 613 321
503 230 169
671 961 145
546 938 581
390 617 262
781 221 62
639 383 436
440 71 958
473 486 788
7 152 40
10 784 869
202 86 77
146 290 444
684 154 352
939 912 554
883 132 828
855 151 873
897 382 787
633 855 929
869 707 483
587 207 532
338 864 545
990 344 790
824 280 585
657 248 626
26 197 745
222 238 555
213 587 334
448 248 661
410 51 638
864 713 73
974 715 769
170 194 787
327 766 234
310 206 228
211 819 105
284 557 222
459 61 957
537 447 359
607 392 257
679 50 179
280 666 93
250 126 921
690 638 303
993 509 29
565 903 647
229 687 801
12 196 42
674 665 924
828 916 884
888 577 70
427 248 448
116 0 4
627 403 928
443 396 936
883 664 530
591 736 878
703 469 17
863 644 63
541 585 758
210 656 707
162 847 385
540 466 561
171 599 397
231 569 802
200 713 567
859 343 501
1000 874 89
537 679 235
273 303 191
832 844 218
341 981 341
60 528 992
891 102 173
503 967 30
598 692 175
451 573 372
578 626 715
86 161 691
486 937 640
141 855 405
384 102 18
282 295 293
179 997 578
133 449 340
537 602 480
69 100 591
47 696 583
711 25 176
911 819 688
194 847 734
1 25 434
701 609 732
135 368 829
107 922 382
50 24 586
374 901 247
166 364 174
254 936 444
511 79 531
242 387 873
255 99 436
328 275 1
95 270 988
123 694 161
499 882 192
302 61 111
901 508 748
8 409 269
984 668 174
100 501 68
343 647 901
319 315 639
707 87 407
458 428 794
752 442 986
831 13 220
549 315 158
414 610 900
923 571 706
726 26 654
147 702 952
184 213 114
660 241 794
620 992 728
57 759 330
120 216 644
128 46 873
59 562 622
887 478 801
951 809 883
220 523 982
209 510 208
808 267 108
484 366 901
67 224 820
759 529 566
570 994 505
887 596 577
979 476 2
154 987 271
847 786 206
400 530 561
164 503 831
92 671 626
741 251 527
252 392 221
415 49 94
506 583 402
124 613 751
93 867 590
658 95 504
330 891 552
711 434 261
572 430 711
746 676 513
811 390 407
168 253 628
791 626 368
858 84 104
128 101 169
257 591 863
76 783 103
92 779 459
196 697 160
235 872 155
522 8 766
18 3 876
683 782 127
93 922 83
535 885 406
594 247 15
192 891 707
172 986 896
928 578 244
294 595 752
192 523 321
81 937 484
57 48 62
180 678 674
355 642 178
304 912 295
60 529 421
12 285 495
399 101 685
467 687 737
755 457 384
807 112 529
823 651 21
353 832 970
2 394 937
149 57 129
677 102 62
408 558 398
140 890 63
275 607 350
903 976 939
76 718 447
192 600 229
609 176 279
110 874 886
751 202 643
981 952 309
123 11 250
104 391 316
232 572 293
199 439 949
926 954 516
590 592 438
273 358 8
605 513 945
652 253 933
890 557 130
900 73 170
588 992 516
204 707 726
232 978 719
398 921 315
772 428 792
610 545 746
703 315 117
217 607 300
898 470 119
154 826 498
615 423 45
198 127 845
297 533 242
638 998 877
527 630 919
483 391 835
581 850 748
974 336 456
878 567 322
3 149 789
220 381 918
298 41 125
158 501 172
195 450 411
159 665 95
824 359 217
783 447 535
74 668 890
467 467 893
90 961 532
866 457 555
862 58 761
91 113 632
789 596 463
114 551 661
696 394 779
32 120 167
206 814 654
328 809 424
138 64 81
517 845 639
224 758 495
721 208 814
43 448 290
516 857 473
102 486 21
170 162 830
211 713 779
282 275 293
994 564 481
748 7 49
578 164 763
551 237 493
195 434 148
494 295 191
502 622 42
958 201 433
970 958 181
179 122 543
215 853 528
179 375 124
53 8 726
907 279 101
334 413 316
314 447 217
973 502 364
788 678 842
173 727 343
38 850 279
815 253 852
408 539 695
633 602 617
71 841 2
140 632 761
366 758 783
485 556 308
25 467 876
941 805 225
157 553 987
145 684 862
899 87 465
192 612 596
328 372 921
440 383 453
427 117 880
679 929 562
556 785 362
280 725 431
767 285 336
309 776 39
457 231 157
512 394 766
238 901 772
792 509 585
256 937 242
864 947 479
313 26 450
609 785 721
173 758 273
908 148 114
928 836 555
938 283 817
376 32 544
701 809 441
555 65 304
673 97 92
489 582 538
988 36 811
890 363 125
468 677 684
377 685 640
319 916 368
754 229 387
77 675 712
6 127 219
593 676 359
874 68 252
796 847 317
109 175 775
571 241 632
177 282 291
870 487 784
43 520 673
767 588 541
337 553 218
846 357 65
407 348 27
92 108 370
190 612 660
931 41 128
780 663 830
837 60 537
237 231 576
141 346 355
454 884 85
828 545 674
885 199 660
737 593 859
585 303 154
140 984 741
690 97 271
936 886 334
579 722 65
511 84 715
197 816 277
186 669 556
730 276 874
920 831 37
42 835 236
831 657 84
33 50 962
523 640 194
389 184 74
227 695 950
115 521 124
269 821 360
970 696 926
896 569 780
286 340 608
14 278 804
199 767 521
744 778 110
873 592 428
648 588 726
821 973 202
255 213 196
788 28 736
103 578 325
967 666 98
414 850 17
714 633 376
638 218 525
418 3 547
729 457 225
944 664 197
721 908 732
126 215 344
634 330 653
264 723 946
177 995 999
404 161 785
977 990 38
334 84 604
638 603 497
627 147 371
360 307 851
421 220 308
336 770 710
363 2 49
80 623 60
516 883 557
183 156 786
167 761 338
815 285 889
687 8 968
844 391 438
155 331 720
765 574 108
23 800 327
767 337 386
58 529 648
919 333 517
88 902 18
407 137 544
493 593 734
728 908 634
958 194 376
922 297 381
527 528 968
407 39 478
6 858 850
692 73 292
525 799 152
127 686 9
231 497 650
825 161 964
876 273 680
814 138 399
1 778 331
724 95 762
113 855 686
777 597 726
19 250 465
482 265 801
532 279 33
960 152 712
456 279 206
766 55 409
4 752 494
200 866 356
611 269 201
947 764 865
880 176 304
784 218 513
137 755 129
303 267 251
312 695 975
53 378 172
752 969 631
606 364 585
869 799 644
278 294 784
541 897 127
433 1 900
455 144 520
454 160 462
588 261 537
448 801 76
805 381 804
351 240 344
343 220 321
911 632 538
162 952 944
706 474 891
148 119 743
236 910 143
845 442 376
511 849 948
543 833 205
66 903 692
319 258 912
14 342 706
786 234 19
444 898 66
480 913 496
515 711 464
203 247 507
758 859 876
971 37 253
129 226 380
595 815 980
105 287 955
303 17 211
818 211 161
561 173 46
917 932 816
712 99 831
344 340 951
146 180 177
283 247 736
261 207 395
972 707 447
593 619 201
176 280 964
530 729 623
630 972 612
438 257 158
847 445 176
160 379 851
491 268 454
694 283 120
883 447 963
144 787 488
7 486 988
948 599 666
858 290 895
739 960 685
192 449 567
185 967 301
656 810 962
26 353 302
507 752 887
684 890 478
772 775 625
107 905 377
597 560 876
435 130 469
513 367 421
814 339 38
450 770 696
44 119 425
910 406 654
286 853 154
120 492 154
611 255 748
810 267 515
267 971 697
555 864 987
50 293 935
810 27 876
549 649 125
187 23 986
235 379 275
849 722 668
821 646 74
897 440 179
690 498 949
502 322 265
388 190 231
355 154 943
947 317 740
50 254 326
688 346 55
417 84 831
12 891 640
608 573 397
635 611 417
617 107 844
295 17 627
485 723 559
779 568 200
17 691 171
284 77 154
345 887 1000
112 146 847
814 138 456
111 261 494
574 923 226
634 565 244
466 609 532
373 862 744
771 868 828
773 500 743
367 648 578
207 526 918
352 89 481
309 804 232
984 382 706
831 862 276
999 665 30
611 863 396
782 726 370
76 121 922
469 858 526
644 907 54
156 144 295
929 721 336
232 930 942
740 125 302
535 792 670
355 230 785
825 939 620
616 479 304
358 715 688
655 961 334
699 305 576
225 129 44
994 615 795
182 517 654
858 888 212
418 986 862
326 596 901
96 494 517
858 250 853
371 919 756
59 163 594
549 866 766
154 651 619
459 121 189
426 393 331
781 41 537
835 957 514
97 844 330
997 539 948
535 551 632
37 92 397
913 915 479
200 527 999
161 846 441
198 665 1000
800 19 456
238 765 263
477 813 873
827 343 217
233 304 203
813 149 551
805 874 726
731 600 779
77 152 935
694 604 833
3 972 67
363 575 698
710 556 937
732 314 634
221 351 93
635 847 927
168 127 117
511 845 604
10 804 22
645 718 66
155 763 395
904 260 800
183 80 436
647 536 259
534 555 72
137 423 170
2 161 566
476 473 71
199 9 239
168 723 262
283 750 63
571 891 865
282 854 497
124 467 878
896 984 849
743 753 116
794 642 352
134 471 708
417 227 935
914 963 467
274 686 633
55 13 690
218 100 203
296 319 957
933 579 270
490 299 513
609 839 241
678 462 996
997 35 589
219 651 385
498 921 979
289 994 357
276 888 82
138 726 433
120 394 600
378 689 881
113 358 977
965 494 226
663 381 757
759 605 563
117 937 739
672 418 891
62 726 834
115 540 107
252 230 217
117 323 783
336 889 588
397 992 191
228 381 462
80 271 884
234 287 115
79 678 7
786 115 506
226 652 771
6 201 968
682 728 857
838 299 685
921 166 766
318 625 977
524 611 922
933 391 553
322 584 940
320 855 520
118 184 854
214 872 109
669 276 601
82 464 376
200 316 790
799 402 1
827 229 53
33 69 821
667 27 91
560 893 7
647 947 316
377 59 876
141 619 500
447 148 84
566 194 317
927 53 2
159 755 368
819 955 747
233 751 220
951 645 753
964 737 82
170 127 134
825 695 192
628 725 35
653 849 706
738 992 675
915 229 456
698 714 893
559 565 185
243 286 478
522 785 761
820 518 789
410 853 341
533 757 761
738 158 991
947 637 551
921 87 235
285 628 136
864 49 24
692 825 464
411 114 578
794 749 590
542 59 816
760 347 626
380 596 181
677 519 324
612 30 161
964 196 223
887 478 433
856 640 33
937 940 202
117 472 801
767 718 586
685 70 733
778 659 996
283 668 183
690 370 50
524 899 446
383 553 40
364 33 772
367 832 721
292 586 926
871 942 858
834 179 608
281 110 45
396 637 859
733 933 887
657 804 934
488 191 30
346 609 785
901 457 105
465 442 438
611 588 891
834 306 310
897 645 967
851 747 702
593 946 872
966 279 867
467 709 919
778 70 311
861 878 43
526 294 892
495 472 795
15 404 406
103 839 549
794 896 558
252 56 376
716 567 82
261 279 878
671 904 830
323 778 225
99 489 137
569 267 788
300 851 94
73 853 373
768 667 560
666 765 115
652 787 540
987 418 304
605 243 455
328 754 83
72 851 700
187 881 670
956 193 612
66 55 530
140 543 26
13 739 483
807 21 667
609 925 264
736 626 727
176 830 852
588 866 58
606 7 361
953 310 925
306 752 896
973 185 373
584 681 32
771 329 839
321 237 872
529 697 771
114 257 845
609 799 96
578 858 728
250 185 563
196 404 390
192 692 880
27 7 250
882 363 690
833 837 668
20 932 75
946 273 698
11 152 343
906 145 437
899 327 557
266 568 553
485 221 241
721 426 351
56 232 828
341 514 587
122 486 869
117 312 909
5 647 33
246 365 904
941 288 397
948 513 986
4 337 902
766 370 987
639 598 291
432 885 830
373 211 184
760 284 31
764 708 132
203 400 124
91 179 76
944 503 709
11 426 292
455 690 900
691 47 868
134 319 885
15 666 450
893 880 808
69 62 496
250 25 801
16 102 307
94 603 806
16 92 229
328 607 755
70 763 850
124 80 660
446 790 910
515 752 586
270 144 328
782 895 586
649 685 899
169 730 250
943 78 246
969 807 580
301 51 172
647 445 293
451 626 723
286 43 29
907 421 901
604 619 144
98 604 672
680 434 902
656 556 12
680 760 483
111 508 637
241 172 953
599 58 460
50 624 121
173 468 570
769 462 138
447 848 702
80 798 491
106 392 511
554 861 938
823 166 300
639 625 628
34 388 559
469 808 513
741 833 32
706 153 257
581 420 816
86 227 747
232 583 95
202 44 574
211 451 780
966 870 993
931 783 687
525 26 638
183 161 109
713 950 580
526 871 229
639 209 48
42 302 927
238 662 687
617 121 220
301 64 120
607 154 29
404 352 213
318 494 94
816 621 306
640 595 726
489 943 904
549 218 804
834 1 931
864 348 955
517 900 40
484 667 971
245 438 960
222 259 494
192 767 897
814 153 419
949 161 77
617 471 60
333 746 763
429 138 794
234 899 257
331 985 560
568 17 389
842 854 170
64 203 477
752 620 687
562 482 161
87 252 973
84 479 847
599 175 826
554 424 243
908 162 513
749 819 117
833 511 532
666 30 152
390 995 104
881 303 216
888 194 740
220 89 955
933 863 188
608 974 834
57 883 77
354 814 312
239 584 650
401 133 910
376 788 950
806 371 171
33 215 428
443 370 657
582 0 706
813 915 12
461 701 992
937 706 52
979 1000 614
834 977 621
403 832 434
470 9 288
400 771 921
540 937 604
670 670 405
178 297 994
127 8 186
649 323 149
187 111 807
875 118 401
656 267 628
394 553 541
300 453 657
638 825 863
405 293 529
999 812 936
406 896 43
565 95 184
901 101 747
808 39 456
732 998 86
581 887 814
879 84 721
829 249 945
248 250 562
865 716 417
912 237 599
808 923 862
169 378 521
360 225 571
665 532 651
837 6 440
806 532 936
64 664 866
555 605 897
122 827 461
880 489 909
729 783 351
810 158 903
49 624 21
280 749 284
388 334 849
41 624 514
850 533 963
702 854 370
68 650 949
333 633 725
126 17 959
744 136 108
308 287 467
734 618 261
187 471 530
449 786 847
623 743 4
332 807 630
714 569 30
267 112 364
833 252 304
154 361 9
898 349 776
20 999 853
780 798 92
509 849 258
336 262 426
448 603 359
395 81 58
790 469 526
76 93 445
716 233 805
563 46 750
499 486 661
706 721 280
820 955 860
783 756 616
403 60 72
235 279 840
692 615 202
920 54 619
927 677 47
497 223 867
690 189 815
22 920 745
902 238 275
543 40 965
176 703 546
979 635 75
920 182 452
743 307 646
795 246 752
666 319 440
532 287 674
388 814 180
560 278 229
981 779 512
870 733 207
146 397 66
971 355 351
127 30 78
507 854 28
786 63 469
796 958 551
882 235 580
747 467 464
48 674 156
398 60 236
989 267 417
208 107 900
252 345 889
407 448 535
693 957 926
749 491 202
912 549 166
253 74 6
561 738 497
359 288 122
851 484 119
919 732 627
885 753 183
369 584 250
505 231 129
43 90 846
393 728 47
593 268 959
148 871 177
991 501 139
589 517 191
502 756 866
331 270 261
193 145 834
196 612 8
266 593 184
975 717 312
332 946 240
549 87 649
986 99 350
558 599 49
98 809 888
866 714 292
537 869 618
938 607 709
937 376 345
425 160 766
307 899 438
671 102 966
452 666 536
325 6 454
494 551 282
341 773 755
906 511 248
581 442 205
886 380 47
835 682 677
927 12 208
648 382 100
648 632 233
520 140 858
750 871 804
747 285 994
802 178 134
952 364 466
180 211 807
817 456 90
451 593 329
270 703 131
633 325 446
142 896 654
372 761 273
375 561 868
670 659 333
676 902 58
83 968 13
626 838 671
442 125 956
846 973 15
368 38 968
997 706 24
247 45 968
463 343 932
489 92 842
260 429 121
950 874 722
774 320 861
759 215 805
260 855 896
670 882 456
375 696 513
297 765 367
913 621 488
664 235 682
125 554 993
870 751 539
95 969 500
286 875 857
4 461 806
860 681 959
793 257 945
280 319 220
336 66 902
105 390 714
425 151 187
42 200 607
296 565 773
647 446 113
457 850 161
875 942 87
200 882 581
62 700 885
34 984 814
820 148 835
827 153 543
691 515 174
243 393 398
215 402 217
128 163 964
246 618 738
851 353 700
550 584 955
947 667 281
706 620 737
666 800 603
680 550 672
852 645 638
715 15 706
975 510 730
863 527 967
744 732 882
935 608 633
161 45 281
651 438 857
430 706 268
273 201 987
357 208 543
762 271 930
331 543 801
333 605 817
510 656 563
49 500 941
909 385 665
937 186 544
423 573 77
574 649 991
848 589 833
478 668 422
936 141 691
670 559 501
113 613 514
755 974 241
801 708 964
746 665 677
683 34 277
833 793 944
904 44 83
738 866 837
167 562 561
934 990 837
243 122 517
416 483 164
255 261 649
965 383 891
519 462 296
392 718 908
109 203 68
519 24 479
584 744 167
374 383 602
17 434 892
993 628 284
811 361 191
424 570 270
448 608 456
194 681 896
643 363 871
253 365 188
12 382 526
893 271 421
741 862 129
650 242 765
846 411 561
844 49 487
56 88 280
832 587 494
638 421 751
510 151 57
618 553 550
70 561 252
560 415 884
576 215 613
851 303 951
581 851 904
537 210 159
653 567 77
544 978 216
728 231 624
184 354 254
827 840 796
649 152 796
942 586 559
155 378 886
708 317 462
97 918 61
390 769 147
200 310 377
348 679 885
549 166 316
134 533 701
399 421 665
981 480 225
258 794 859
15 470 446
331 944 223
94 434 156
951 284 885
122 616 709
127 44 16
713 781 492
252 926 817
971 863 53
353 692 209
419 811 803
111 993 873
656 483 599
13 913 468
891 548 357
824 460 95
577 695 126
445 901 53
513 855 600
531 404 791
328 9 537
955 985 822
403 650 368
16 577 813
219 775 368
260 147 643
883 540 818
440 772 505
789 340 717
621 118 326
840 261 556
393 360 866
287 987 890
975 348 465
39 693 352
298 777 216
509 173 923
249 174 989
192 1 416
557 546 554
579 431 966
770 610 606
56 210 407
582 954 662
391 23 845
386 715 94
799 559 715
228 633 902
765 781 443
902 74 562
764 187 744
1 108 402
875 620 187
459 185 162
37 442 781
830 988 399
766 101 786
258 54 872
567 350 734
879 176 904
911 929 796
892 9 181
162 869 338
573 731 942
640 730 730
598 568 228
143 274 619
581 40 434
525 300 105
986 458 764
671 891 493
218 358 522
761 466 606
891 663 83
475 474 360
525 756 305
148 838 198
997 790 458
18 895 856
601 462 639
633 271 877
845 224 242
210 706 17
31 237 448
694 787 846
341 52 146
456 709 645
261 479 675
259 764 914
385 254 420
901 601 134
609 520 402
214 920 310
971 826 885
713 770 567
952 329 536
722 951 184
570 204 785
898 60 213
760 760 700
999 12 115
766 351 609
366 609 959
766 612 322
726 636 655
282 938 447
705 185 757
74 496 261
67 25 200
177 661 66
443 127 902
164 733 699
530 799 321
741 409 191
35 858 892
133 226 28
239 479 139
598 650 691
522 952 977
257 573 917
476 265 441
462 188 619
263 326 420
977 154 828
986 661 515
76 263 668
727 733 490
891 941 267
591 42 650
551 946 700
886 13 970
255 449 827
535 882 952
36 614 374
907 41 196
621 951 402
183 640 319
271 826 477
166 310 694
267 167 225
849 259 120
742 338 500
599 74 138
655 815 791
694 424 172
668 994 793
463 742 732
819 406 237
314 84 897
984 214 330
233 382 211
443 688 648
620 705 597
923 530 456
232 834 941
53 970 829
50 139 479
386 236 462
213 488 826
432 206 792
146 562 57
342 696 914
176 140 591
641 654 476
306 994 657
66 426 361
49 157 727
754 870 166
93 323 974
996 106 307
911 735 577
713 377 795
737 747 672
449 747 118
369 119 587
359 610 632
760 313 515
176 683 537
756 645 961
989 997 268
554 611 302
247 688 159
816 316 967
133 215 263
975 51 795
447 525 916
629 464 674
722 824 868
263 700 629
291 991 358
428 251 34
843 373 639
225 770 442
382 622 578
503 274 671
922 748 517
281 972 123
614 1000 262
133 176 618
989 309 105
213 59 739
597 260 111
881 149 198
377 919 166
773 451 735
836 68 348
120 323 474
622 878 981
739 318 953
956 418 248
875 411 719
369 759 496
190 190 234
741 530 217
343 180 955
355 543 154
992 888 465
5 53 850
69 270 965
401 762 968
304 237 645
718 524 573
104 413 471
940 108 115
765 238 856
315 533 410
256 410 191
141 386 982
98 175 549
75 211 155
615 494 15
980 610 170
55 330 721
299 149 431
18 728 424
843 305 352
304 336 710
518 668 670
397 530 575
370 577 140
628 431 815
868 191 369
421 384 367
866 67 636
610 463 692
593 907 285
779 534 448
949 656 654
362 687 207
933 969 36
392 328 767
564 320 875
752 129 355
991 654 748
116 25 507
783 105 255
224 227 240
291 533 561
790 93 412
529 846 995
904 119 252
774 406 622
531 119 308
979 689 658
285 881 211
33 444 459
832 995 646
694 238 220
126 93 396
186 84 471
878 343 883
122 102 225
494 770 556
121 915 367
923 802 21
391 8 754
289 601 531
442 173 584
602 249 887
149 177 530
41 361 107
285 84 493
12 965 820
604 137 632
85 21 308
236 275 518
508 838 945
488 26 954
962 633 626
185 902 993
607 950 792
974 537 829
333 512 662
42 968 25
395 892 920
622 472 118
425 201 514
768 134 744
469 378 879
12 316 437
657 307 583
301 7 942
725 382 574
192 277 804
725 868 197
351 339 368
602 106 543
726 221 994
147 18 252
61 475 900
231 702 124
170 866 892
702 172 923
66 309 237
342 620 134
433 989 577
364 493 332
171 678 517
149 510 533
125 892 426
206 215 610
293 19 544
355 545 119
66 704 522
268 40 400
638 319 323
581 182 600
106 74 893
964 865 323
391 443 959
334 830 280
390 52 361
729 727 639
207 882 419
336 908 269
724 988 801
875 358 371
724 856 531
771 521 121
983 453 687
483 607 395
690 913 486
203 202 164
442 63 867
924 112 453
38 111 136
577 397 640
783 361 369
310 619 541
509 552 785
583 692 79
697 818 385
398 471 679
677 640 196
325 606 29
432 963 162
231 49 708
696 546 278
907 791 341
706 614 579
233 219 588
214 998 320
304 771 729
922 299 710
110 468 740
523 101 828
861 663 532
668 83 604
559 396 382
910 176 543
309 75 305
627 582 473
133 648 368
493 834 820
165 376 721
827 679 815
590 43 474
459 385 618
758 628 310
265 435 329
31 37 69
190 166 423
306 259 984
935 569 330
388 625 819
272 724 910
869 1 367
641 996 610
439 770 560
819 766 867
976 428 235
989 746 958
426 6 867
468 100 322
830 529 141
471 908 267
333 507 744
910 752 694
196 541 195
910 913 52
118 919 250
927 195 586
783 798 630
48 493 481
415 877 850
515 416 590
872 742 817
852 873 657
718 399 867
498 898 886
595 969 955
462 20 826
96 405 356
946 372 791
409 613 935
308 378 258
721 570 913
555 162 73
968 375 248
391 916 494
601 741 466
133 690 341
549 95 411
826 627 203
632 574 867
717 602 717
635 106 155
683 718 163
951 454 218
980 994 707
27 285 214
987 154 883
781 774 39
952 544 464
3 59 782
135 610 192
289 635 696
648 900 107
840 152 523
390 862 865
648 914 458
124 189 979
87 38 455
274 254 619
172 419 891
818 167 260
313 146 929
908 279 913
849 164 274
296 805 937
600 737 796
166 814 593
450 631 817
187 130 703
13 975 188
496 896 62
344 110 820
148 837 726
995 169 703
143 907 995
401 251 308
740 810 564
178 77 600
659 847 928
456 991 594
802 773 888
37 242 74
665 679 731
108 963 791
86 114 186
644 787 987
743 785 355
203 621 410
133 45 625
946 485 470
26 549 355
507 206 264
487 219 636
899 444 845
46 373 394
75 412 532
90 97 240
524 161 18
429 6 270
807 917 975
201 1 733
257 505 827
237 790 935
695 870 416
191 750 147
373 656 197
438 402 972
977 559 16
391 24 338
776 89 583
800 958 987
863 845 594
677 944 367
340 823 370
51 662 545
547 41 423
165 972 121
918 760 56
145 849 672
235 456 277
135 40 272
406 407 139
695 334 601
734 658 295
209 324 62
806 885 274
634 240 562
710 206 745
890 241 325
994 92 913
202 224 547
846 82 432
833 972 804
58 548 845
38 651 793
851 901 971
998 334 11
387 488 783
730 305 614
521 97 103
212 27 106
0 904 386
293 995 853
742 841 198
707 242 261
613 341 723
461 42 764
991 521 347
103 775 911
116 670 981
248 431 483
626 965 20
121 965 979
576 403 621
105 399 303
839 691 955
226 551 457
712 619 144
667 934 279
524 631 18
577 120 949
977 965 371
786 430 617
475 733 153
226 854 22
784 775 424
516 454 237
213 42 859
840 345 116
262 845 791
35 363 925
286 456 858
166 455 62
156 138 858
297 637 291
773 399 862
666 497 46
277 248 621
637 752 776
556 623 155
40 726 61
440 494 402
418 678 648
634 782 882
727 806 5
648 417 61
792 316 135
27 488 650
433 968 67
123 146 952
876 132 924
267 149 274
905 650 228
458 962 841
336 911 398
450 381 576
875 837 31
347 392 42
27 755 947
652 49 373
922 210 763
619 714 348
569 768 283
732 67 706
727 742 554
366 147 412
579 993 198
630 370 977
316 212 283
480 208 939
740 904 954
407 368 884
801 70 885
251 246 139
606 518 9
633 897 803
262 390 431
19 494 541
494 527 452
33 296 434
481 754 146
574 725 422
165 27 623
754 986 652
364 578 801
681 84 152
742 940 372
983 56 513
781 715 498
165 686 29
673 137 920
727 986 706
453 122 612
33 135 154
363 33 358
217 710 972
186 697 855
371 330 917
329 336 933
652 639 647
383 582 482
340 275 594
631 368 553
915 388 84
428 59 111
324 158 885
812 985 64
781 234 599
751 769 809
606 408 58
607 794 156
689 202 775
881 601 660
242 918 450
746 322 623
803 335 312
453 435 524
281 80 553
503 695 328
490 65 565
733 317 215
580 125 643
859 325 986
539 148 427
787 762 615
872 539 854
642 922 68
413 41 962
446 127 17
534 850 806
326 165 602
860 474 478
142 823 367
217 685 648
393 805 282
667 835 231
960 363 637
230 494 67
224 831 78
626 579 568
607 963 252
904 104 589
619 700 413
129 575 570
214 478 37
239 89 461
547 352 9
846 374 781
111 262 48
97 930 61
775 872 509
681 489 240
241 247 392
699 4 937
695 721 106
455 722 921
46 399 566
670 93 499
765 478 242
350 859 88
121 358 423
667 26 35
158 654 107
117 415 395
92 538 941
905 457 247
915 493 780
984 104 584
241 698 702
752 53 970
764 686 244
327 269 200
682 621 259
329 609 632
873 816 691
443 14 882
307 346 300
66 690 116
41 176 200
172 244 76
923 691 898
439 54 919
288 505 352
138 977 581
938 402 151
199 972 935
740 811 938
183 658 610
577 872 12
57 695 746
660 661 702
563 758 380
357 381 697
906 886 335
990 830 917
238 57 531
151 243 644
238 652 465
992 890 497
213 818 265
59 880 926
416 417 135
597 952 635
124 29 286
183 127 262
878 877 653
579 211 693
731 560 257
785 4 138
149 158 182
790 975 221
513 970 481
27 812 438
256 338 725
48 36 399
774 146 725
754 419 551
328 761 918
231 707 501
632 133 895
874 77 86
695 219 434
813 440 792
79 573 517
961 961 246
364 197 339
700 725 510
894 531 367
193 984 977
822 861 879
714 777 648
388 348 51
373 447 348
982 19 663
365 102 298
925 589 717
828 821 117
179 744 2
807 374 847
270 91 67
10 679 337
988 900 414
455 968 104
128 438 686
994 718 904
333 78 395
21 936 457
861 77 654
232 962 878
727 413 628
896 167 309
144 678 477
686 438 226
308 530 203
40 259 299
389 261 672
102 988 592
340 528 581
138 861 189
110 250 57
525 61 308
410 288 746
130 640 626
627 38 341
730 733 232
356 183 912
87 758 280
269 243 910
784 798 944
77 508 490
130 757 62
674 111 895
661 721 219
385 830 383
477 301 334
390 238 41
857 374 65
566 578 458
11 584 215
616 492 906
541 465 662
374 226 367
887 708 798
490 665 576
702 144 274
377 740 571
46 39 841
170 368 242
747 395 42
800 216 987
337 478 911
81 776 216
585 330 220
650 164 965
312 13 325
738 87 77
887 214 84
225 500 872
668 148 663
134 682 234
580 808 131
700 762 345
713 256 8
11 826 450
333 387 689
868 932 245
696 245 275
992 331 838
739 999 520
684 560 377
65 381 551
535 433 248
520 698 5
627 369 584
355 200 338
239 791 178
185 202 894
3 258 442
183 935 976
200 16 695
507 932 205
546 299 667
354 876 747
844 532 928
689 569 761
137 725 904
523 286 774
804 304 129
67 96 845
897 199 891
174 383 897
970 807 950
633 795 693
617 554 472
561 192 515
378 157 66
395 404 533
152 505 816
436 521 159
244 45 242
459 690 27
845 272 179
918 431 916
12 883 454
624 26 769
292 115 539
617 238 596
989 145 409
236 404 36
501 427 620
264 455 62
667 992 655
134 394 379
720 983 704
72 938 241
401 495 23
284 907 561
157 46 386
203 838 177
776 687 611
488 540 916
709 478 234
601 18 376
905 850 101
125 729 570
888 398 945
196 145 249
436 529 863
967 66 84
796 929 491
308 162 571
941 534 887
426 104 846
162 525 67
252 19 93
657 58 145
731 541 210
323 664 877
721 142 243
176 828 795
105 578 421
311 649 239
969 141 385
541 541 913
242 871 124
179 161 787
977 521 198
24 685 859
799 425 267
404 554 429
63 828 430
933 440 527
531 719 156
208 145 103
690 9 822
625 13 256
620 277 159
682 898 272
519 364 742
540 405 866
740 682 93
758 388 987
475 740 15
848 590 111
384 470 126
531 318 803
72 628 469
579 375 968
470 377 729
361 318 230
822 646 759
182 62 758
100 37 412
40 149 646
423 501 947
792 599 424
970 753 884
240 754 663
703 328 17
321 727 472
727 285 707
423 524 608
825 828 823
44 176 823
841 567 994
862 129 465
561 748 53
329 35 877
182 380 86
748 398 159
680 331 95
998 725 924
423 817 452
995 672 486
626 699 654
455 257 691
32 708 748
264 222 989
75 798 411
668 719 997
21 750 321
636 307 977
440 604 654
53 831 133
493 486 539
414 738 375
980 722 628
440 956 847
190 427 887
940 559 781
215 794 440
81 953 174
474 166 814
649 248 905
734 661 599
62 968 961
403 639 30
544 102 568
243 890 493
852 202 845
285 209 439
13 554 898
39 215 286
40 794 969
216 139 683
542 624 287
654 368 359
426 801 19
74 118 443
81 87 30
189 639 392
267 831 844
555 584 70
94 852 33
818 450 536
785 433 796
337 512 689
24 301 215
422 501 224
249 155 261
359 457 74
742 800 340
924 785 2
168 473 885
108 421 709
966 755 891
407 116 51
66 807 989
25 928 284
208 37 173
971 426 60
206 639 481
489 624 343
333 656 692
636 941 733
548 159 611
514 820 560
376 599 568
256 43 61
180 496 208
50 952 495
218 155 414
732 236 60
233 409 648
961 20 498
24 455 288
79 918 225
334 881 321
220 68 500
23 917 315
369 87 574
324 34 783
821 809 303
613 931 720
210 887 694
182 328 403
683 355 736
506 314 253
151 542 778
768 947 47
638 692 273
115 359 0
634 248 270
369 418 107
999 461 21
807 372 194
931 776 406
226 568 516
908 581 193
404 227 170
950 970 859
866 869 712
61 409 178
772 190 543
371 316 987
290 792 318
958 708 379
650 695 511
80 99 571
954 325 973
285 82 149
317 42 360
899 945 144
177 807 981
833 709 812
402 989 637
87 543 854
875 100 529
405 842 650
684 819 453
695 895 195
765 379 439
212 433 317
858 57 690
901 674 206
761 954 328
361 556 408
959 908 993
267 633 4
528 23 521
820 178 710
279 686 666
557 145 219
479 558 831
69 330 764
506 432 511
86 213 349
404 318 131
490 402 801
483 519 346
448 804 71
769 210 239
198 842 400
227 23 270
988 955 622
326 517 603
358 999 2
263 5 788
811 722 14
824 222 214
301 495 807
251 414 702
685 407 906
438 724 390
323 143 207
726 629 773
116 555 911
459 874 850
856 543 219
129 252 47
398 611 749
44 915 250
830 827 902
108 788 892
251 257 468
163 891 406
644 47 737
832 523 537
862 202 259
535 520 997
613 714 351
755 574 316
562 447 552
864 566 4
470 766 648
602 915 657
474 966 965
96 987 902
687 365 346
915 819 493
592 444 515
469 438 79
410 634 407
569 390 762
279 300 661
222 431 987
582 811 825
602 105 630
49 857 909
789 844 456
574 158 696
505 365 652
675 23 246
130 973 731
864 120 998
972 542 416
287 55 362
889 54 997
257 465 398
762 778 401
811 366 154
29 323 56
375 780 846
766 806 534
539 648 434
309 548 358
695 315 831
524 399 571
994 844 194
827 926 415
336 657 618
873 600 604
680 393 500
582 481 740
146 80 751
685 836 314
856 96 377
448 909 289
482 369 550
31 444 430
494 935 554
651 60 320
497 595 726
898 861 617
536 330 713
226 318 642
774 625 333
901 502 83
729 269 868
624 521 111
770 487 837
822 871 652
603 819 439
28 200 355
229 392 660
861 911 281
340 214 512
153 269 568
838 499 420
760 861 586
934 967 384
807 332 125
939 641 160
355 419 607
492 401 463
745 872 684
606 437 549
623 426 952
366 361 36
266 162 264
148 723 559
9 896 911
653 782 161
733 183 910
565 61 834
586 249 693
829 815 204
95 676 63
767 953 123
214 998 993
90 352 344
498 778 759
575 460 622
807 183 206
391 981 634
833 522 84
96 598 293
882 462 360
13 907 52
240 518 507
322 833 333
590 643 703
639 64 172
28 93 755
807 330 530
451 153 252
28 487 512
104 108 988
429 121 349
436 96 251
480 208 902
836 575 987
471 220 165
420 92 598
29 993 547
83 35 826
388 588 625
906 113 859
558 560 545
263 407 36
79 812 981
480 320 160
774 235 798
887 343 86
953 479 646
185 839 711
415 70 612
878 938 6
48 337 300
890 510 360
690 357 828
400 841 881
687 64 194
986 42 723
662 200 256
895 45 196
906 819 750
240 171 408
850 463 390
481 920 285
512 60 577
318 56 108
293 548 120
911 832 309
252 75 347
777 448 450
24 665 285
93 895 156
579 42 388
167 784 479
186 712 862
89 774 977
44 128 978
339 474 721
426 556 595
511 303 637
725 827 754
49 655 864
353 574 893
978 852 516
896 995 476
407 713 393
509 277 323
849 593 973
158 917 861
247 123 669
766 9 381
774 630 75
944 697 639
273 947 34
529 553 721
988 336 956
291 179 870
112 133 391
83 378 114
852 84 56
513 841 429
985 632 748
526 780 939
142 172 982
415 531 989
926 759 696
433 412 725
226 564 244
438 838 131
347 590 59
417 301 631
410 653 875
146 206 537
862 566 965
237 919 791
331 595 701
164 807 902
706 608 995
366 269 187
839 901 675
389 134 38
40 406 912
494 175 368
742 893 352
215 578 695
176 742 461
389 315 873
432 251 175
745 71 272
669 987 943
755 374 944
421 941 951
693 59 808
851 48 965
688 738 994
195 247 847
191 594 408
457 631 989
253 59 289
285 750 981
551 740 415
310 619 909
413 783 572
294 928 363
817 146 717
661 933 479
493 685 109
120 81 584
905 840 54
19 498 258
265 837 183
650 928 270
856 552 150
699 731 300
672 966 85
104 862 873
390 11 186
250 512 240
582 131 507
500 868 777
731 702 380
16 752 579
572 970 58
416 436 716
804 237 110
838 612 954
671 125 585
404 288 505
442 174 47
607 888 523
384 832 847
719 815 666
56 29 226
242 47 399
714 397 549
412 984 663
849 464 215
499 388 499
175 42 572
752 385 267
506 228 744
968 779 114
233 89 510
984 958 334
372 660 870
704 325 543
716 470 299
347 546 210
997 596 627
133 485 239
643 612 936
482 892 312
827 634 722
931 801 41
701 859 918
214 539 425
351 786 586
99 373 183
925 801 543
235 70 413
497 635 692
185 425 554
698 610 462
236 270 947
827 868 119
139 37 702
751 947 579
346 887 80
741 304 690
500 686 954
409 511 819
468 440 779
614 181 66
721 185 900
560 927 103
254 661 658
179 546 277
184 380 130
926 356 913
857 49 423
288 695 12
69 97 950
900 310 344
554 463 746
189 937 41
671 813 557
49 613 926
199 821 205
542 624 19
708 574 24
839 846 78
171 329 931
395 568 43
423 907 886
976 512 69
579 341 746
70 502 337
776 784 672
90 274 175
253 916 168
179 813 749
844 403 969
481 434 150
572 507 122
695 365 868
997 300 283
728 716 800
145 418 518
684 25 871
850 941 845
446 189 498
252 993 736
224 724 300
160 437 203
350 884 675
22 798 797
336 984 108
725 845 563
156 247 509
334 289 388
512 361 420
142 758 491
212 190 967
254 302 925
97 53 117
505 478 988
269 491 802
217 496 76
620 713 561
596 852 192
784 118 567
471 934 494
554 721 488
540 280 17
840 401 947
434 533 213
36 714 222
505 891 126
454 970 816
661 700 800
760 35 682
931 94 680
399 483 868
316 576 575
491 490 299
1000 534 860
892 981 326
372 535 788
389 540 891
276 398 166
630 502 34
826 143 560
469 543 29
691 376 777
311 838 47
825 373 608
276 119 925
157 740 183
53 220 205
61 846 670
552 840 674
416 960 241
215 500 977
633 88 42
529 399 719
530 460 735
152 910 67
971 72 996
107 992 465
148 539 990
172 102 51
808 635 48
78 146 667
639 575 532
868 588 259
912 111 890
946 83 216
764 211 79
689 236 454
748 28 558
285 959 187
965 206 81
952 415 916
405 668 464
873 794 97
358 343 622
68 328 302
486 110 33
191 463 414
481 323 351
379 69 218
969 498 243
774 879 408
713 635 349
586 200 734
740 914 140
786 377 604
464 716 84
865 152 376
878 303 95
948 979 936
118 178 147
435 375 523
197 381 491
837 761 301
900 552 970
911 701 254
505 837 16
394 983 73
935 575 860
202 765 172
599 94 779
72 405 527
849 547 13
350 882 944
41 736 849
228 686 774
131 454 862
396 271 794
209 806 285
288 758 739
576 117 486
315 98 445
281 39 958
878 734 33
707 264 663
620 171 89
983 254 904
236 324 829
997 65 687
450 964 881
429 199 393
282 366 249
433 462 660
34 755 681
839 281 602
738 856 16
672 870 409
219 942 284
660 251 346
73 803 136
57 506 637
732 291 108
247 449 936
263 916 332
716 997 461
571 351 335
793 468 648
428 450 755
522 718 821
235 630 307
102 532 785
762 1000 451
654 870 760
654 258 552
340 768 183
962 869 815
501 723 126
230 381 327
944 97 534
708 725 983
116 885 300
228 62 28
672 620 265
191 734 109
580 546 715
458 355 650
639 365 816
965 538 287
419 263 670
834 145 846
632 465 873
770 219 506
631 816 505
533 460 570
863 816 868
903 14 365
57 752 516
495 695 764
497 722 171
340 141 727
247 915 677
45 78 469
314 262 596
799 221 119
904 421 499
110 895 990
659 891 587
789 828 825
927 346 944
106 789 38
95 945 871
45 610 777
125 916 600
84 4 744
895 927 353
609 984 152
739 226 908
783 723 693
196 521 681
859 268 26
808 915 926
856 15 615
964 590 451
490 944 635
26 307 62
223 607 781
514 855 828
288 97 109
7 266 804
198 551 573
460 392 377
794 878 164
576 598 985
598 235 84
32 90 462
364 630 205
178 690 355
393 37 512
455 74 1
254 882 321
376 475 343
417 77 600
508 372 795
501 109 604
749 401 862
481 622 960
101 201 863
559 16 347
415 401 210
875 802 651
550 936 569
271 617 908
282 377 582
459 357 663
940 114 326
672 387 977
490 313 113
220 254 447
685 796 291
123 509 407
864 996 13
756 412 402
796 728 204
444 331 937
477 638 154
91 902 429
554 680 842
710 66 778
149 536 757
709 278 561
221 661 694
567 188 59
21 147 775
825 876 762
990 120 518
182 210 536
61 562 597
974 22 755
111 552 42
794 500 313
920 523 931
208 628 344
826 786 963
651 391 741
243 796 562
157 899 592
812 971 916
414 902 30
747 81 548
716 108 710
20 827 574
205 944 456
718 236 332
178 127 130
752 551 651
748 401 619
984 488 335
875 177 518
890 314 786
69 202 151
867 163 585
710 300 248
574 450 696
73 936 688
941 945 915
679 169 512
428 16 487
292 482 745
249 78 123
227 722 20
12 985 85
521 307 767
771 338 546
758 844 914
693 852 780
427 541 351
430 750 428
816 703 566
79 679 568
689 744 587
839 515 546
973 833 995
259 288 791
370 672 702
12 321 628
814 163 616
810 386 131
523 584 418
115 932 840
277 675 915
929 328 750
402 130 521
98 672 651
879 880 440
892 976 599
648 866 118
677 182 541
775 911 470
256 292 679
921 331 577
260 56 392
90 800 344
48 905 658
962 921 341
239 106 823
351 949 402
928 807 14
897 738 633
415 884 72
574 889 141
35 266 893
202 782 209
466 209 281
616 993 398
537 582 306
95 398 981
207 362 717
127 336 361
601 43 451
248 534 240
20 95 363
613 470 60
468 838 564
852 671 132
920 130 518
876 977 104
369 822 163
354 284 399
642 447 135
357 544 542
401 429 871
281 927 540
713 69 810
517 418 802
483 497 183
270 169 524
17 360 876
247 401 187
879 670 513
685 93 285
340 808 78
813 810 407
324 269 981
627 242 974
368 908 404
77 628 954
647 387 680
940 366 322
166 391 193
492 460 969
409 606 201
79 237 48
375 720 433
455 606 352
528 34 752
329 984 916
604 932 823
463 152 560
780 770 656
189 392 778
720 90 668
371 848 87
511 318 356
86 954 216
723 530 101
138 542 921
733 91 474
51 819 235
726 78 398
904 423 84
32 247 758
460 262 652
734 67 45
903 45 250
903 265 25
195 207 883
896 849 600
473 257 512
957 175 406
593 802 825
385 686 869
347 853 908
745 700 255
532 320 119
396 926 648
83 747 82
450 172 391
310 531 738
275 820 388
282 524 844
208 974 412
971 309 323
46 245 242
624 32 631
407 537 300
783 794 240
172 70 104
327 927 654
201 870 797
956 185 968
900 85 376
351 927 65
723 628 649
850 116 410
553 718 806
949 129 542
918 719 896
645 948 687
910 184 938
70 201 860
620 91 72
517 972 248
761 810 676
922 399 75
58 329 664
142 714 88
185 464 356
68 147 883
279 939 140
354 964 784
60 847 152
309 200 535
446 800 930
18 677 123
688 932 510
791 630 718
82 309 978
984 467 744
300 542 261
675 598 783
525 602 267
468 847 858
565 765 9
865 499 175
449 313 228
627 598 54
748 117 949
181 87 913
622 115 792
96 374 372
21 280 143
334 345 817
334 664 957
635 573 934
369 650 813
389 557 8
751 53 296
111 603 846
542 644 17
276 689 141
661 141 984
228 362 349
630 384 871
520 257 189
168 561 822
163 974 899
265 892 39
795 245 563
855 291 449
333 215 748
571 265 470
942 180 138
886 350 762
440 906 980
654 306 639
247 263 136
677 733 128
881 29 5
70 318 666
303 711 647
318 98 940
124 112 151
562 26 956
164 389 218
611 672 3
11 828 916
808 710 284
807 118 225
446 67 636
545 815 686
808 93 383
17 546 229
670 724 978
306 138 251
288 34 17
255 959 449
611 461 817
815 955 974
315 628 101
856 905 5
349 177 400
939 195 88
1 456 414
396 244 882
638 541 427
124 293 888
309 439 641
566 932 725
737 996 820
556 400 734
912 964 305
115 469 925
781 876 661
89 710 944
771 858 34
20 834 594
357 893 658
652 622 887
777 652 826
357 423 787
801 605 370
707 109 802
792 942 218
970 981 689
833 577 101
15 472 281
55 880 747
66 827 95
23 532 537
912 608 772
533 788 413
730 828 555
870 972 762
65 949 378
758 101 431
391 604 478
770 288 743
198 519 156
157 332 494
876 180 431
767 966 924
259 325 941
560 386 172
310 762 311
951 41 8
939 607 593
148 36 117
994 889 265
545 277 955
994 398 779
525 664 246
12 126 328
293 610 482
44 35 512
17 886 470
62 600 842
821 650 684
37 978 536
930 742 250
673 460 899
85 432 652
476 282 687
964 126 377
681 148 505
961 594 522
875 596 844
137 625 992
479 788 864
261 269 472
847 589 527
534 763 526
696 194 145
546 22 603
483 430 218
305 596 135
136 497 459
992 932 793
908 623 409
899 649 840
548 394 76
955 395 75
427 49 574
413 701 94
872 166 596
495 903 178
450 406 91
484 709 4
791 822 353
3 595 847
358 341 849
530 433 617
228 515 78
65 365 879
883 242 591
901 565 158
445 894 328
97 888 64
218 967 344
353 596 323
370 536 283
622 300 168
930 925 462
548 667 485
571 351 933
378 750 428
549 407 315
386 211 365
180 534 439
943 707 982
118 412 954
950 588 338
444 531 759
852 587 65
532 922 441
687 977 924
290 517 255
457 242 792
384 185 749
895 43 578
855 830 286
923 661 17
998 458 80
191 972 281
142 775 329
242 75 883
243 406 660
520 463 184
698 790 34
38 916 58
928 434 753
72 579 25
594 642 315
535 24 250
637 319 964
53 959 910
101 454 380
912 132 223
239 392 64
784 866 418
402 461 647
616 886 932
774 746 693
984 921 774
211 136 550
418 846 977
939 77 701
432 592 264
887 686 639
876 955 907
698 268 370
296 629 688
510 73 895
468 947 630
954 507 787
903 821 959
949 469 336
154 383 633
217 403 141
527 935 321
148 631 553
411 397 704
485 496 624
43 936 307
422 415 631
143 696 949
47 747 651
473 364 658
534 667 265
568 270 138
201 864 984
934 398 875
132 10 109
207 208 988
96 767 887
732 280 685
831 942 916
246 116 470
983 150 509
114 856 506
640 531 441
987 817 29
610 768 48
577 103 277
796 360 164
135 672 402
200 7 516
447 519 896
268 138 964
362 489 130
295 532 64
18 337 167
676 781 119
943 656 47
611 427 468
35 507 626
45 383 781
141 302 286
518 502 607
964 906 365
148 411 639
242 918 929
788 958 88
210 751 454
804 569 905
917 767 777
505 422 343
172 199 221
457 667 537
209 220 163
91 8 478
281 937 713
987 466 12
71 124 585
246 294 473
207 539 292
699 401 962
12 74 511
574 993 786
199 838 405
750 370 42
616 178 282
595 779 32
521 299 845
470 377 541
714 159 10
898 50 549
778 492 575
515 524 504
816 325 978
89 10 693
688 255 803
119 262 647
943 927 502
695 583 826
508 704 506
829 899 3
589 154 299
935 233 914
862 605 650
498 640 664
577 979 326
706 793 229
696 965 923
177 909 404
98 435 726
488 494 403
690 149 838
458 715 556
114 686 593
320 3 844
195 676 206
320 754 464
340 119 865
705 714 880
452 476 93
513 417 707
478 9 812
103 114 124
474 249 584
254 6 560
748 504 171
706 381 207
686 336 901
654 259 334
475 188 709
370 256 154
592 98 93
228 166 357
909 999 469
636 924 382
342 279 183
451 609 55
861 414 663
77 598 273
846 664 448
673 423 243
348 388 780
124 492 435
211 146 150
177 973 749
890 482 267
700 500 224
317 366 878
669 502 653
941 4 126
970 934 814
940 893 17
576 678 560
325 580 351
505 138 325
59 267 475
404 161 353
594 782 578
152 165 783
461 178 716
788 163 10
746 933 744
187 48 208
442 480 505
717 60 772
719 482 925
277 531 365
651 777 576
215 877 577
327 800 575
176 93 190
869 440 53
212 630 933
373 610 182
923 394 396
854 736 14
254 412 460
586 22 477
645 308 743
548 1 433
130 966 64
304 358 215
533 680 934
106 596 447
365 599 876
520 877 350
393 929 460
56 975 74
659 87 152
441 772 138
437 54 347
444 59 785
32 356 11
281 992 888
977 797 914
437 487 464
90 815 222
475 533 735
701 324 627
946 738 695
133 739 166
850 243 819
462 827 879
996 596 689
850 572 157
873 198 269
63 895 246
718 369 554
231 139 890
940 685 7
18 907 819
45 166 261
512 513 567
112 54 652
350 452 569
848 493 415
275 498 288
881 526 257
463 334 502
538 694 293
784 817 652
338 714 6
93 246 553
323 832 880
977 137 364
15 647 800
837 590 247
510 775 211
202 998 980
342 104 353
280 517 580
786 626 993
216 35 229
424 228 855
110 983 579
525 107 849
713 441 802
576 426 513
624 818 748
68 300 987
764 994 889
383 480 101
512 133 286
476 0 708
414 346 72
572 476 337
627 229 177
698 256 136
766 634 430
378 231 146
216 469 973
146 307 559
117 671 97
942 444 606
353 41 97
651 166 978
142 392 185
54 993 685
499 983 883
811 625 848
898 896 833
101 264 878
972 50 127
522 284 898
438 842 782
770 322 511
707 142 72
716 138 466
309 290 702
194 454 561
117 479 356
972 800 565
161 350 722
109 489 962
225 787 746
25 886 799
76 961 853
647 702 552
692 64 650
275 171 629
973 167 623
318 287 15
846 914 955
52 173 48
844 640 488
575 280 205
808 811 662
109 207 950
822 907 574
628 179 324
478 38 861
270 127 940
31 297 802
517 746 977
69 241 511
667 278 6
354 856 0
833 112 849
38 633 513
54 512 791
392 249 581
138 991 260
760 849 955
53 0 573
334 82 780
940 525 454
331 230 829
106 267 650
817 504 513
948 36 830
380 183 445
412 516 203
244 981 94
304 423 353
583 986 443
701 821 112
610 80 738
445 534 980
696 24 186
536 92 379
610 733 133
380 492 453
561 382 281
989 439 651
712 136 868
889 743 751
198 84 991
994 801 55
581 540 206
460 224 282
801 67 283
16 715 56
865 524 46
332 844 981
796 279 447
719 426 792
96 195 567
93 287 185
969 667 492
554 272 364
814 10 862
737 961 574
428 761 733
850 755 570
426 882 113
711 452 727
512 702 95
819 389 119
971 741 563
291 267 628
813 167 409
517 51 510
767 477 365
310 117 18
128 694 773
520 537 747
737 814 875
736 261 48
848 542 969
820 155 378
297 632 622
351 575 155
977 609 415
993 572 7
28 883 4
167 160 744
150 943 245
471 635 167
833 124 995
704 637 912
897 656 730
52 901 903
363 546 815
678 728 894
408 86 295
382 560 468
290 564 976
252 218 55
701 294 594
106 283 598
592 198 861
627 369 526
145 159 339
210 212 521
740 667 60
847 165 850
282 494 277
999 744 349
494 682 994
374 407 488
815 701 643
957 976 795
608 25 831
531 226 682
223 701 190
491 821 355
149 756 701
695 246 949
997 843 144
962 150 171
402 713 233
623 544 219
545 916 872
866 527 984
374 65 540
772 387 592
334 156 708
253 618 367
640 554 822
857 385 163
412 611 119
877 112 919
564 206 720
392 775 232
905 638 209
236 642 343
168 96 925
426 954 329
292 438 291
286 301 837
437 41 263
739 158 285
917 440 761
250 387 468
32 675 698
909 518 526
52 1 117
97 535 901
162 967 136
389 388 195
51 556 178
171 494 883
549 140 807
683 725 975
914 339 78
543 487 291
308 354 234
339 422 669
797 33 812
948 48 886
101 326 969
119 422 219
134 585 737
124 498 649
364 312 32
122 640 361
171 577 409
257 986 98
529 302 887
478 312 820
837 59 544
247 96 228
982 335 566
825 153 839
539 596 941
179 122 844
245 33 466
632 25 66
174 785 153
737 746 951
948 351 495
948 888 587
795 261 244
484 609 57
462 472 164
477 378 35
382 988 104
724 87 543
288 354 337
372 900 550
115 489 421
218 48 441
607 705 9
582 453 489
939 6 686
753 729 913
506 346 422
154 10 911
79 422 735
646 288 589
284 662 416
759 519 793
55 605 253
362 267 330
628 587 663
279 901 746
621 369 883
22 835 55
102 49 809
721 350 273
339 843 78
451 9 953
321 62 193
598 155 963
111 628 65
697 611 170
986 407 291
205 11 826
39 844 178
577 503 167
507 123 149
6 652 881
107 38 973
257 264 666
720 586 275
615 667 667
286 435 685
115 668 483
463 552 46
634 147 355
317 83 650
369 416 119
10 378 727
671 73 607
976 577 623
743 730 824
706 599 517
752 30 7
604 841 319
756 787 635
507 346 641
646 410 579
484 161 345
657 743 260
618 963 487
830 621 209
672 22 399
755 235 635
562 670 972
799 422 359
850 20 586
544 845 166
759 5 667
282 24 219
92 857 747
957 54 698
932 743 441
937 540 829
285 85 497
637 640 914
179 599 925
654 106 5
158 642 658
291 930 318
704 367 193
120 819 674
448 551 357
836 691 109
29 291 113
687 451 886
412 543 954
178 201 815
512 119 815
662 905 806
16 697 362
643 663 105
133 301 423
215 558 482
852 583 757
702 79 824
54 22 529
588 370 145
40 5 818
903 366 607
747 479 835
900 327 385
930 977 709
993 118 18
691 819 255
451 111 366
339 513 946
580 584 143
66 822 269
159 794 956
642 300 666
328 939 412
414 966 660
118 312 674
557 677 912
874 878 204
93 724 3
608 276 350
207 350 625
763 680 240
741 531 779
623 641 79
270 391 985
835 400 775
332 970 818
213 407 414
718 572 978
124 557 153
314 271 985
983 731 720
166 569 459
714 785 223
264 829 851
829 398 604
433 569 996
381 288 366
410 0 505
457 986 51
862 823 398
174 675 548
627 22 18
242 318 771
710 716 249
912 975 516
750 666 636
156 889 435
575 812 807
139 490 426
146 475 482
365 490 992
235 138 176
474 918 98
192 333 663
249 377 645
417 336 3
503 46 710
465 870 710
410 855 982
175 30 853
957 516 506
679 911 440
56 340 576
349 37 582
36 460 871
987 294 734
605 549 14
996 318 567
961 910 614
485 341 409
286 743 153
833 744 401
380 335 939
453 519 95
661 158 946
356 877 739
305 545 266
409 475 388
111 408 804
633 439 95
747 783 150
686 450 47
129 674 37
937 435 976
941 593 246
470 1 452
655 559 530
895 195 248
278 99 11
711 715 956
267 321 746
429 785 95
383 520 170
853 271 828
950 546 546
696 301 659
430 97 556
384 865 102
655 76 667
687 421 113
382 455 179
108 208 242
899 925 359
158 328 622
554 406 992
405 385 190
109 857 360
237 542 350
640 460 942
799 562 349
704 693 840
36 237 425
429 568 137
679 23 425
304 265 637
165 505 582
785 594 425
996 145 790
449 974 927
418 518 93
330 333 555
433 480 30
395 627 813
345 617 538
500 788 524
88 206 463
800 147 436
207 353 267
325 455 449
220 776 58
653 517 255
229 180 73
328 773 277
7 517 340
730 856 830
800 45 225
386 554 846
625 968 911
18 991 228
893 626 730
107 159 276
429 15 812
993 134 678
509 880 296
633 326 790
730 903 456
395 306 725
430 859 834
3 332 159
961 766 802
570 479 117
992 573 51
944 947 657
307 789 946
986 571 225
392 74 84
369 907 695
221 642 181
353 692 925
78 697 357
954 239 80
821 666 928
309 864 297
65 468 909
597 897 912
617 15 714
725 205 159
375 828 162
84 258 494
863 479 636
478 362 735
703 721 485
713 163 266
464 413 819
926 384 435
975 351 437
725 374 849
918 967 642
52 762 727
629 968 724
828 283 158
29 644 207
461 662 935
788 985 580
131 559 863
291 375 137
730 355 949
11 822 99
772 695 166
128 555 538
551 392 554
626 617 837
30 51 660
661 413 563
933 805 495
647 614 928
211 887 359
20 783 761
457 181 514
135 744 287
909 100 862
256 603 659
201 202 123
376 193 199
289 578 742
591 334 797
500 242 218
897 360 33
896 806 307
753 491 108
449 528 24
748 269 302
806 473 116
541 409 135
325 883 577
253 205 49
422 713 310
93 542 608
607 293 527
940 56 300
142 388 260
127 82 12
239 407 693
474 828 8
756 719 928
439 420 733
284 455 829
219 961 484
550 693 505
18 820 201
942 993 755
976 84 145
457 822 146
774 923 804
998 129 498
628 973 132
728 683 706
347 229 721
991 132 486
505 19 702
656 331 534
742 799 506
65 786 767
645 289 207
606 698 221
574 734 543
371 298 537
787 479 180
44 430 22
601 315 829
728 846 777
544 328 764
67 802 139
766 590 554
576 379 318
115 720 633
39 462 92
319 956 39
18 722 870
528 77 226
197 141 422
186 55 47
512 991 169
609 364 756
865 644 730
650 735 223
319 50 261
457 55 20
192 186 74
357 663 121
816 377 482
423 921 766
131 856 305
624 788 134
280 899 224
296 488 75
523 191 624
243 656 435
932 847 144
241 566 230
88 294 991
119 822 754
882 9 115
91 527 11
338 823 375
873 857 862
781 413 338
509 529 268
393 544 826
747 293 664
587 198 385
990 494 172
978 651 451
792 465 678
426 134 558
458 919 413
298 178 556
470 549 578
475 645 260
833 398 857
59 326 140
512 599 550
638 862 672
758 532 444
550 151 661
692 945 732
957 221 308
173 649 602
82 852 408
421 836 272
325 176 722
525 184 356
99 867 741
150 313 226
119 305 436
581 463 342
475 67 454
263 223 324
573 186 111
696 136 341
963 247 356
329 128 772
460 488 920
223 104 782
448 446 229
632 342 606
545 327 953
412 886 745
373 286 844
956 571 324
567 99 659
509 261 30
534 879 93
339 993 675
463 802 77
919 559 936
900 745 516
822 455 905
909 790 424
193 364 244
970 141 221
708 455 240
948 867 781
356 47 395
451 628 521
246 94 177
330 941 403
229 41 158
120 866 25
858 440 345
931 309 600
612 9 318
604 637 909
420 798 314
705 180 769
255 82 490
574 762 676
518 572 211
546 951 364
156 556 757
24 752 452
210 412 139
95 756 15
566 962 804
921 745 28
395 2 494
482 72 468
191 717 712
878 620 638
997 840 275
768 161 357
451 126 144
35 162 796
899 677 833
381 557 741
979 594 941
66 177 945
38 869 152
622 222 207
822 192 266
763 753 215
623 613 355
948 9 283
647 254 370
489 508 804
614 538 571
499 882 96
594 765 119
589 526 377
870 658 392
100 688 324
148 126 864
330 318 252
453 178 372
270 733 140
450 871 593
700 769 370
805 403 804
961 66 344
213 382 204
881 258 436
412 997 195
986 538 16
268 357 443
528 104 121
589 154 46
296 810 754
859 414 560
134 522 135
660 835 601
963 921 12
896 536 368
331 516 958
31 480 18
699 247 807
44 796 980
891 438 856
831 157 434
965 238 964
867 883 471
166 452 915
139 97 534
597 930 23
562 342 724
313 954 356
893 11 249
999 66 261
193 243 203
388 455 212
37 289 749
506 785 963
404 172 891
908 876 361
667 162 181
900 806 952
743 29 743
369 254 784
470 823 329
966 425 912
156 746 664
681 974 145
193 637 646
441 116 809
979 179 549
497 379 846
331 868 210
479 682 423
280 883 937
498 839 902
744 747 814
426 479 518
349 878 421
654 184 838
782 890 920
550 785 554
193 535 189
157 157 441
393 419 720
381 695 644
425 907 845
924 100 290
717 173 585
485 510 511
916 789 343
435 175 274
832 340 969
79 57 249
339 416 483
780 790 583
536 580 603
657 356 156
434 767 767
102 579 100
960 917 97
247 460 2
736 751 677
695 812 207
910 980 135
869 324 561
755 997 984
121 788 662
463 417 938
678 379 962
815 458 926
68 506 906
590 258 487
822 272 979
827 54 243
712 325 134
467 773 36
431 217 268
79 461 705
865 32 341
44 674 506
138 90 592
166 648 145
332 181 626
215 336 91
868 631 906
786 289 675
901 108 279
497 5 506
730 519 713
281 754 712
531 214 839
692 225 617
194 944 970
5 817 166
298 749 485
690 151 445
166 411 381
69 153 749
21 172 716
837 338 741
383 6 300
649 97 206
763 486 378
480 798 687
82 855 409
