50000
107 177 260
361 388 308
121 325 408
337 262 738
159 182 497
268 393 647
371 183 710
176 86 452
130 92 356
257 303 497
12 113 446
170 328 794
131 82 698
120 4 753
124 293 685
9 75 24
267 26 44
69 236 988
353 341 580
231 57 213
324 134 397
380 104 130
36 322 121
397 131 829
98 123 84
106 161 319
215 339 522
130 154 157
354 95 708
258 354 763
168 193 50
263 111 99
142 297 488
358 90 401
58 43 813
196 145 782
307 82 943
372 285 123
57 124 866
241 61 668
356 338 863
218 215 654
212 267 637
295 136 802
149 321 90
271 395 817
257 322 853
342 214 421
99 356 311
212 223 445
131 373 40
121 299 219
379 381 913
35 242 995
102 227 477
114 64 585
82 221 354
206 44 348
214 387 434
393 200 24
25 369 190
359 295 832
108 390 641
260 54 300
157 235 436
315 193 903
378 59 735
312 180 959
245 177 132
33 327 695
241 387 673
33 390 350
180 50 807
397 291 180
42 246 56
191 207 69
12 193 267
371 224 495
191 136 515
24 313 392
238 294 245
320 304 512
137 264 287
196 210 572
102 339 490
17 261 987
209 0 373
342 348 622
368 268 389
193 351 639
350 337 955
213 166 120
131 46 484
259 293 607
142 35 976
178 256 110
62 212 799
250 232 156
348 329 774
372 282 589
146 85 979
93 169 87
14 351 520
90 249 518
378 20 977
350 327 487
97 79 864
170 375 527
268 383 790
323 140 197
35 301 202
320 190 990
382 301 484
347 210 424
332 11 376
37 59 977
355 356 67
395 347 779
248 282 594
125 118 22
169 20 85
158 291 330
79 276 459
292 246 461
274 286 727
279 153 899
43 29 397
343 13 655
128 152 993
392 368 494
370 230 279
230 226 864
102 195 244
245 140 111
328 48 666
27 370 999
245 117 87
281 252 194
175 3 426
88 365 716
89 157 218
142 270 985
160 240 47
3 117 380
59 177 193
400 294 128
140 324 741
321 102 95
101 161 43
168 18 892
296 395 197
98 99 203
305 351 327
227 304 835
172 197 45
392 193 53
31 212 593
137 398 185
92 257 315
243 279 626
137 281 331
346 388 196
43 59 912
5 187 953
59 61 975
318 310 684
181 76 757
243 262 851
270 111 613
372 361 672
353 244 20
264 336 909
0 109 104
243 273 84
227 32 259
362 285 900
158 54 941
387 279 310
274 294 298
351 278 892
257 10 218
335 152 614
0 192 482
235 22 415
371 340 819
280 182 40
389 187 866
221 131 316
288 170 1
64 314 727
84 44 82
10 90 904
128 227 632
276 387 314
71 118 849
233 21 395
85 361 649
8 106 714
115 240 729
34 112 780
282 109 268
144 164 970
28 354 659
65 9 143
347 387 51
25 341 582
152 342 734
283 3 18
235 210 240
40 43 544
296 133 735
175 302 235
217 20 955
92 177 719
240 187 643
156 327 112
234 41 252
24 10 851
351 244 595
162 347 986
90 321 258
255 358 187
57 383 199
159 198 960
302 129 505
44 315 146
391 321 638
118 165 658
333 197 389
176 109 863
349 235 367
375 219 4
267 65 323
302 211 238
140 179 951
267 223 175
118 119 578
379 175 783
343 363 842
204 200 417
294 220 421
4 228 370
80 219 227
255 331 727
197 191 442
56 270 176
103 223 988
322 395 649
361 53 423
105 188 845
214 239 135
320 126 208
243 190 817
240 347 77
268 13 639
81 70 833
382 295 16
340 29 600
307 61 172
290 45 963
103 183 486
162 65 230
310 323 174
204 74 12
374 151 941
197 48 155
393 382 982
191 113 146
254 296 371
294 398 623
300 25 155
150 182 8
97 113 26
127 264 957
115 38 488
400 191 828
335 208 739
149 316 550
244 284 483
344 80 676
351 0 750
280 281 389
173 350 622
355 30 290
207 10 574
72 141 107
250 335 72
339 27 360
389 73 55
229 297 915
37 292 749
6 146 722
317 328 733
359 244 469
361 116 748
276 31 466
88 232 461
395 16 34
268 306 247
198 332 31
365 237 193
20 133 107
27 260 613
204 97 256
220 395 633
335 164 881
99 52 617
276 208 313
143 331 727
271 320 319
356 269 760
13 18 554
153 156 367
356 321 26
77 88 589
344 320 562
133 243 295
19 104 374
175 31 358
115 68 495
187 53 780
90 99 952
261 217 560
232 137 575
241 199 300
244 374 50
63 131 730
139 387 494
236 297 621
134 202 914
351 53 664
254 338 324
312 207 303
191 382 209
322 22 340
154 294 570
93 241 584
390 110 748
105 285 664
10 29 802
310 269 67
148 71 743
315 329 132
248 254 779
361 189 411
392 256 100
77 109 156
195 111 185
300 304 150
353 117 300
93 78 655
204 371 561
237 367 165
359 73 138
253 241 751
172 317 496
187 24 317
60 284 598
142 91 575
141 43 156
21 70 587
45 205 870
232 244 650
284 313 986
25 232 614
43 11 883
370 0 324
197 345 448
257 317 105
303 277 30
20 67 683
124 285 223
76 335 503
129 249 653
188 327 981
360 117 505
355 144 979
140 245 338
115 288 397
3 269 120
206 269 197
9 170 450
328 338 981
338 124 22
180 62 612
15 28 21
396 353 490
77 8 352
271 227 285
327 253 172
107 220 609
265 268 444
102 373 728
397 21 655
203 379 389
222 363 820
285 196 541
227 253 784
111 259 515
7 60 768
333 190 687
219 58 233
317 240 503
394 207 302
274 283 896
75 211 602
262 33 332
366 289 853
34 208 771
374 336 926
58 203 833
93 212 890
269 97 665
277 206 549
23 273 960
31 85 151
370 196 964
395 319 101
12 389 291
375 211 712
21 10 576
186 112 446
337 185 822
185 278 728
49 323 33
380 188 193
73 307 573
179 76 965
287 26 230
20 152 277
60 67 457
181 80 295
364 380 702
238 271 317
85 347 693
225 309 25
18 254 637
137 146 634
269 268 331
60 180 341
154 75 589
1 123 66
313 152 179
269 353 233
358 311 264
320 273 591
67 204 369
349 0 906
217 129 723
283 122 24
100 91 157
210 145 478
91 256 44
323 363 911
120 207 700
107 153 287
76 257 94
366 379 485
80 215 800
384 332 784
260 306 782
252 356 621
200 80 437
232 178 626
307 85 734
117 248 297
203 196 853
162 328 976
340 213 906
30 137 968
17 117 846
192 282 248
268 395 494
288 301 890
62 146 11
82 298 599
309 190 974
25 182 451
210 148 420
211 169 515
298 162 996
276 106 957
22 192 378
249 339 139
38 50 221
284 383 657
206 204 296
239 307 67
297 393 808
276 231 482
333 221 748
218 36 384
373 267 402
108 22 478
103 352 178
20 154 623
61 264 292
120 238 955
352 385 436
287 207 5
111 245 500
100 34 775
33 353 518
60 54 131
55 147 541
350 321 784
323 251 757
355 210 989
33 258 787
117 189 155
371 77 828
257 207 740
211 310 198
343 197 337
30 45 4
13 313 875
128 399 437
353 273 449
128 207 408
295 347 636
297 250 182
366 167 984
200 7 6
365 265 987
5 243 316
3 249 196
366 274 734
384 322 731
97 284 160
100 396 992
149 136 151
17 92 31
11 165 69
267 306 818
209 215 746
7 274 843
330 315 969
258 268 107
175 142 200
22 67 41
5 20 446
9 149 460
24 252 173
148 354 623
197 273 444
320 354 426
347 102 779
217 136 26
129 34 276
331 302 277
163 261 471
354 67 169
142 180 556
231 13 494
49 121 630
2 380 660
74 352 181
270 225 438
75 94 340
249 28 887
170 379 155
137 72 975
67 315 312
15 166 897
213 103 132
201 146 285
133 379 986
182 213 435
276 8 129
354 33 644
372 65 577
172 349 480
163 205 578
69 141 624
2 349 613
294 343 342
308 298 890
89 212 393
352 375 524
82 378 100
176 42 189
393 225 418
138 321 257
313 35 588
398 249 80
290 108 724
397 224 400
263 27 910
297 20 756
92 216 634
52 377 349
45 241 595
231 264 832
12 388 369
195 301 404
165 383 133
390 376 749
110 21 219
220 388 819
396 81 10
44 180 251
197 242 909
309 244 881
20 18 453
83 393 998
147 233 479
217 54 809
372 202 436
290 320 276
374 138 362
131 68 34
298 151 347
197 274 163
326 277 214
136 340 68
108 299 759
186 344 826
18 34 243
209 44 400
255 201 512
77 348 21
336 257 307
148 296 337
207 384 253
392 291 751
256 194 587
194 378 797
36 141 966
55 233 893
210 211 888
284 395 319
344 147 345
47 222 148
173 13 657
16 197 249
330 365 154
178 181 759
336 277 848
240 205 893
151 27 896
322 232 113
19 292 949
101 338 68
66 352 997
170 63 914
181 49 856
247 381 792
224 266 245
159 362 983
30 11 298
109 237 613
294 305 755
155 45 47
284 318 641
244 262 68
111 272 726
392 388 131
379 26 474
204 117 174
109 242 460
176 43 339
51 79 246
289 137 650
44 388 954
283 175 451
273 204 514
114 125 505
364 202 771
381 359 700
230 287 265
324 337 134
387 65 807
200 86 149
290 270 461
47 49 868
45 296 314
235 227 422
204 38 911
101 269 193
211 60 261
39 27 964
285 275 298
174 274 204
208 235 773
269 162 129
26 95 200
243 133 119
342 162 152
166 168 14
273 214 923
376 362 485
134 87 516
48 272 424
106 0 828
203 157 114
14 292 465
18 243 194
251 140 703
41 236 436
378 70 228
107 258 281
201 260 558
286 149 117
94 393 974
262 259 246
206 105 110
142 38 393
307 190 896
80 45 842
36 104 643
264 224 54
390 247 894
217 153 981
281 171 929
81 202 29
118 159 134
291 23 618
206 99 61
215 358 424
75 310 147
237 78 262
265 39 547
213 178 339
12 16 805
234 176 56
7 105 544
215 232 287
68 201 386
77 387 818
134 157 444
64 211 86
229 350 473
202 252 260
358 57 675
220 240 154
41 216 235
63 388 110
228 202 960
315 52 779
162 73 927
19 141 834
95 366 867
246 132 114
325 264 729
111 48 397
36 88 566
387 253 417
68 252 356
251 374 714
46 17 353
208 139 735
282 153 902
174 341 859
220 296 268
230 253 456
169 364 214
337 214 327
394 237 999
267 12 840
193 81 484
4 240 650
279 257 884
170 183 107
55 119 801
365 81 32
263 70 239
229 20 258
200 244 569
393 378 798
397 269 277
224 338 912
148 8 687
305 351 352
351 96 840
272 315 775
350 138 60
79 27 871
7 367 304
285 292 297
281 272 313
206 69 740
126 315 245
165 367 107
212 220 283
16 302 223
321 278 553
155 250 657
11 170 719
215 277 703
245 311 352
214 272 864
90 167 803
113 243 522
73 355 92
95 141 764
102 20 317
324 172 917
266 358 567
72 304 325
395 47 89
210 209 690
119 264 778
59 305 271
286 207 909
29 188 562
163 334 65
312 181 846
289 64 286
349 215 908
21 343 910
44 59 211
166 392 456
318 146 190
174 190 266
357 360 179
74 217 163
205 55 994
7 290 163
341 82 273
126 121 982
175 158 80
75 271 393
22 175 319
157 236 530
227 46 568
171 304 133
99 391 86
265 104 779
235 147 81
276 346 126
365 2 661
341 88 9
150 253 144
180 145 787
193 386 263
179 317 609
1 131 154
220 60 165
259 57 400
4 115 560
129 267 34
129 197 837
195 360 938
27 323 525
118 202 302
47 334 298
44 10 164
319 303 404
322 21 563
113 83 254
163 383 599
270 360 381
376 158 867
386 314 388
262 35 697
32 399 425
152 64 569
79 236 434
381 360 780
72 186 890
359 50 576
226 119 953
317 350 377
93 266 738
41 86 228
32 276 10
268 385 772
347 145 334
362 196 436
260 360 820
294 126 215
3 209 834
264 114 128
114 392 177
115 109 658
1 327 766
149 334 940
255 258 768
289 30 469
373 108 861
269 178 969
143 174 723
123 371 705
31 342 582
35 268 411
381 338 138
117 15 322
189 57 382
176 140 776
250 118 453
304 78 49
330 226 957
72 391 503
372 299 784
388 240 278
233 279 577
308 184 638
147 63 226
110 315 473
324 130 248
166 398 179
356 93 306
357 205 488
338 152 253
340 323 111
21 367 337
24 381 40
28 230 599
383 167 31
151 119 715
205 202 445
205 95 311
333 38 118
105 301 579
235 146 409
24 61 616
275 345 550
252 204 606
215 283 307
259 0 388
178 343 577
246 384 126
211 103 71
190 121 429
375 49 724
242 108 530
391 158 674
327 190 201
89 134 86
206 392 415
335 122 525
332 324 577
366 277 253
243 316 794
277 252 11
257 361 155
150 24 909
186 381 455
200 233 53
242 348 287
107 271 474
93 175 246
236 33 950
54 89 995
279 115 754
112 195 513
72 330 538
252 362 503
280 384 426
182 163 145
292 381 483
143 104 145
136 210 570
366 388 825
98 254 785
362 193 814
187 14 40
201 36 877
250 369 642
94 378 7
143 50 754
398 72 795
391 265 90
136 73 505
136 39 343
123 340 3
94 199 1000
145 227 359
325 319 88
355 397 523
124 16 495
341 20 625
170 204 636
138 187 294
122 200 79
277 248 583
6 39 173
193 342 523
320 390 72
275 24 967
240 156 579
392 383 34
280 27 648
223 271 587
178 73 564
105 109 367
81 241 490
315 19 461
356 29 19
170 394 786
361 35 750
324 376 987
54 174 338
345 277 989
260 358 182
207 107 625
297 49 202
88 169 93
196 57 405
130 394 986
228 368 874
198 172 770
293 63 931
107 356 597
197 147 685
107 49 434
328 59 688
78 63 46
310 370 787
192 378 328
126 134 544
136 301 920
286 182 280
263 103 43
232 153 644
261 198 714
361 224 229
80 342 585
43 147 223
352 78 830
238 84 684
133 196 975
147 215 644
106 187 169
77 170 93
307 41 504
51 283 320
399 219 127
240 126 956
297 303 44
176 110 210
80 58 938
330 110 7
49 387 949
150 153 828
230 54 605
26 148 520
3 16 966
366 234 577
15 268 402
90 53 938
89 87 181
288 374 331
227 15 977
0 101 378
372 342 604
207 62 280
317 379 269
122 74 512
139 336 982
324 319 284
400 220 760
261 94 720
219 320 639
20 59 612
150 305 289
292 153 860
384 39 773
320 340 517
216 262 580
291 260 272
26 1 675
73 109 413
239 181 213
157 110 496
10 226 822
296 393 605
285 177 973
62 302 332
226 320 107
391 63 434
60 279 749
374 302 170
292 341 628
305 134 639
176 149 996
362 148 403
111 360 458
31 339 546
215 153 815
374 379 771
230 123 333
51 301 464
340 25 281
313 243 108
232 273 762
187 129 740
68 372 306
378 4 188
369 111 90
34 171 201
40 309 161
326 159 8
240 227 498
270 329 401
187 343 828
375 120 493
106 285 753
28 60 399
299 317 901
83 265 596
30 321 199
168 58 874
365 35 555
330 54 981
285 89 333
219 214 3
131 353 584
209 338 337
322 304 419
96 65 744
295 202 940
246 81 434
334 200 813
50 2 454
223 291 501
101 308 367
47 262 396
150 195 404
74 72 467
19 232 122
193 20 670
283 25 572
323 167 455
201 325 778
252 40 680
371 251 599
323 208 775
22 185 3
186 32 471
288 25 274
78 87 350
260 243 966
206 224 691
71 259 643
154 393 179
194 394 315
12 53 896
230 145 566
351 56 545
266 331 981
61 235 135
102 194 619
320 384 30
382 377 86
256 350 403
323 51 149
316 290 558
175 357 708
161 213 898
22 366 237
209 278 484
157 346 880
195 310 746
232 27 44
382 270 393
42 262 274
238 339 731
276 102 540
228 141 579
152 69 919
238 18 226
80 272 204
265 136 367
173 258 180
70 260 769
316 333 523
310 111 627
204 151 611
346 208 928
13 346 585
129 64 740
112 236 670
282 96 583
5 270 967
67 328 207
103 353 12
225 49 963
168 397 405
19 306 920
182 358 339
136 181 649
118 259 680
328 94 32
141 230 453
383 80 738
41 47 693
282 173 328
44 282 206
247 204 29
145 195 660
16 209 951
50 184 884
29 215 856
332 157 898
76 237 365
390 380 753
27 59 752
285 43 235
194 367 713
305 390 183
164 157 646
170 399 555
308 94 103
389 161 599
360 76 694
239 363 971
383 348 304
344 368 242
375 86 294
111 8 784
197 210 253
220 119 788
284 33 581
0 36 673
212 129 388
194 108 379
140 236 184
140 266 715
319 287 679
265 152 833
101 382 931
251 279 143
334 137 416
385 225 544
122 380 105
34 84 76
329 200 822
7 126 279
104 242 992
49 255 920
258 311 635
209 70 97
298 384 309
101 298 34
9 193 415
257 203 123
6 166 455
170 287 427
240 151 493
117 249 634
25 348 143
244 277 390
319 26 832
23 360 592
308 337 941
292 204 819
347 48 67
46 328 342
315 16 577
390 97 21
291 267 711
81 85 119
390 98 876
105 151 572
85 236 65
140 101 587
55 17 752
119 286 739
384 258 29
252 146 575
11 125 297
301 347 465
68 181 270
215 142 228
235 263 300
174 27 123
270 263 646
139 247 60
48 250 275
208 177 683
354 291 630
79 238 736
400 336 259
106 152 295
64 285 625
203 329 653
336 369 494
90 290 342
274 245 229
343 255 430
385 127 598
386 395 342
142 112 333
136 207 921
57 68 7
170 175 515
352 33 186
1 353 39
59 205 405
291 47 254
357 178 813
371 302 612
167 160 969
294 33 573
68 29 238
332 191 873
246 190 28
120 382 990
25 123 62
83 160 595
324 210 613
238 211 27
154 216 664
383 255 739
234 265 5
103 166 973
349 324 112
262 184 523
156 115 999
335 157 826
179 206 833
318 74 242
369 32 76
162 110 810
260 62 828
10 46 495
23 361 834
367 348 100
298 80 900
286 62 197
249 107 690
351 48 356
236 201 629
293 196 626
390 64 701
4 303 826
321 65 169
116 182 962
16 316 959
393 81 170
2 152 370
257 377 372
136 129 533
28 67 660
235 296 344
250 139 566
264 65 196
105 172 862
12 282 442
75 331 118
109 111 203
395 5 229
197 264 681
310 228 565
348 271 395
231 82 72
377 176 425
319 372 127
357 260 563
34 380 999
115 199 929
300 226 80
104 171 86
356 247 666
344 180 859
43 398 608
232 285 898
150 237 535
163 400 952
183 5 390
234 349 128
117 305 976
60 134 62
74 14 658
233 101 531
319 342 425
63 97 69
373 214 238
71 323 204
160 65 137
0 53 553
219 248 801
167 29 623
91 147 366
376 246 147
322 274 849
7 136 897
389 49 992
245 348 678
10 53 261
297 378 571
273 306 408
369 380 936
303 41 827
107 51 781
130 300 11
329 116 607
152 219 116
32 374 377
258 109 572
295 113 676
266 124 616
255 263 649
259 135 782
58 61 164
73 150 425
25 300 869
298 185 42
103 271 687
7 50 123
146 329 366
274 26 706
78 5 949
291 108 776
392 76 416
108 24 821
145 210 692
194 208 173
57 378 157
206 89 310
250 128 862
58 180 308
112 60 63
388 26 283
222 190 924
209 189 716
396 82 132
23 175 230
114 234 934
196 109 85
128 244 933
380 152 2
381 186 496
292 381 483
44 158 877
115 234 641
119 175 535
220 305 741
90 113 494
263 269 347
271 50 285
102 243 362
152 132 679
371 263 874
171 192 448
333 44 794
213 13 529
74 347 525
262 46 507
59 121 735
287 358 314
89 179 606
49 102 462
220 128 864
219 248 765
176 180 844
185 145 96
19 86 906
211 78 811
246 344 696
182 267 577
48 31 662
353 299 352
366 108 180
357 6 284
106 385 150
21 308 63
359 359 138
188 329 545
227 17 739
344 89 829
263 241 211
380 136 742
353 191 803
148 296 348
308 120 517
244 400 448
51 237 518
65 167 889
64 234 687
299 389 491
59 84 518
179 184 28
78 321 490
131 127 530
251 273 513
25 76 196
248 253 636
100 111 819
162 28 833
336 213 517
98 275 854
253 298 259
79 365 530
368 351 42
299 206 462
321 306 24
377 44 477
226 318 755
67 173 433
251 299 789
263 98 171
217 67 403
318 50 301
131 64 723
26 36 507
389 157 29
46 10 307
322 172 286
10 178 17
151 125 504
219 264 121
166 275 642
73 234 790
242 75 621
85 324 723
302 293 504
109 128 660
29 231 157
86 261 536
379 42 644
307 397 291
204 129 689
83 90 262
146 216 501
128 129 461
68 7 618
98 304 13
368 232 647
151 48 238
242 119 208
73 368 705
172 131 568
368 381 425
255 126 536
14 262 431
175 357 444
149 289 302
238 148 483
373 117 981
104 138 8
14 38 819
197 41 247
378 146 180
87 16 910
277 231 274
40 135 886
187 126 554
123 206 581
289 330 761
394 357 776
352 34 949
177 128 658
371 278 210
62 302 346
201 89 436
0 200 362
62 59 300
33 144 405
171 198 322
81 346 732
318 313 957
45 346 369
263 238 267
67 213 48
205 95 771
315 205 20
73 268 576
28 344 864
240 127 856
329 339 476
48 11 607
146 292 715
294 251 126
309 62 852
36 300 398
182 32 111
147 111 245
123 236 474
288 383 561
156 95 659
2 42 114
360 348 843
267 238 999
349 344 820
375 123 927
120 393 367
342 187 13
388 217 871
14 298 989
311 9 275
348 378 934
369 282 332
278 202 589
133 117 386
138 377 992
217 25 412
73 322 155
25 196 509
79 325 438
315 264 485
389 51 848
265 266 209
264 198 213
305 20 986
265 369 17
174 65 567
102 235 554
272 237 68
229 191 211
175 49 533
8 265 701
15 254 143
76 114 334
254 52 0
282 131 665
265 346 435
351 37 700
160 266 711
317 6 464
380 159 190
234 110 783
130 106 681
242 319 798
7 338 572
241 293 239
70 398 370
181 96 320
328 43 986
390 236 930
270 121 195
142 304 65
391 307 394
266 97 858
223 198 13
283 25 193
111 112 419
184 234 435
330 233 27
372 315 665
119 113 73
356 44 371
279 51 414
314 330 426
271 82 415
229 43 680
366 273 320
67 319 802
274 396 791
241 13 693
307 208 872
358 383 127
293 352 883
11 383 468
166 148 239
351 65 787
0 378 778
111 325 31
6 347 884
349 53 621
120 11 917
351 315 49
6 213 696
270 353 126
165 161 807
52 250 968
67 107 495
278 313 336
354 139 99
227 340 771
281 16 700
225 354 997
235 145 426
70 316 229
316 248 417
137 238 240
257 71 219
360 158 480
66 351 19
51 275 221
110 203 373
118 159 444
77 154 229
131 56 834
316 165 342
291 68 944
215 73 744
344 175 792
376 350 638
249 161 755
143 35 120
245 124 704
181 361 42
229 197 749
91 224 664
63 268 478
120 397 812
304 167 588
48 319 580
253 126 963
26 256 983
330 43 299
360 351 783
14 9 157
52 190 336
143 201 9
85 224 484
250 332 621
386 89 278
166 323 88
161 169 906
161 296 527
187 126 135
109 84 714
316 397 579
205 310 7
378 126 247
36 250 97
372 145 550
207 21 916
91 310 576
212 98 779
217 141 900
294 290 132
189 308 713
295 155 194
392 301 18
163 100 154
51 255 208
323 26 902
144 322 760
137 26 707
217 300 273
106 134 115
231 8 183
321 173 281
95 193 85
319 24 963
140 396 352
315 270 243
90 267 213
31 60 475
164 156 309
98 338 350
356 27 756
78 48 65
270 241 407
262 202 167
112 52 707
46 281 508
78 278 674
334 18 553
276 157 522
360 169 922
17 384 16
198 102 732
120 301 151
284 375 634
297 200 165
273 338 806
242 44 794
150 311 976
157 245 609
352 68 822
269 53 465
147 18 640
295 202 96
266 338 172
76 284 731
364 150 34
188 123 430
342 121 405
298 293 223
219 164 990
193 189 479
99 72 45
137 13 274
14 71 433
132 256 663
23 264 435
189 378 719
356 153 443
133 151 271
20 180 580
224 182 501
109 366 780
65 326 992
372 162 109
338 27 913
213 305 487
22 123 721
181 351 717
57 386 311
188 48 626
99 137 352
163 311 218
182 74 257
235 57 553
382 387 345
4 25 406
386 262 565
284 245 787
164 169 917
331 74 622
313 88 373
27 151 890
161 245 197
25 32 216
338 378 456
41 380 894
186 263 985
12 233 1000
101 94 877
30 314 525
161 307 156
264 131 157
333 57 838
309 302 734
354 267 966
365 380 456
214 25 785
89 45 820
159 399 705
181 87 923
97 69 652
295 288 748
208 288 751
347 223 550
312 286 222
3 104 85
388 283 258
56 274 220
333 397 252
218 170 994
333 0 233
49 232 582
150 126 438
180 197 926
369 358 540
83 218 86
243 91 59
250 284 635
148 385 947
68 168 14
255 31 921
265 194 180
292 120 276
86 231 840
200 132 987
302 190 744
355 253 414
132 221 706
43 335 891
400 164 83
378 7 249
222 88 782
87 81 359
173 70 820
348 266 450
254 297 818
128 336 114
21 347 575
173 180 11
336 3 842
85 334 118
170 198 534
151 162 400
221 400 58
393 366 354
263 170 487
196 180 266
374 318 787
370 124 454
70 46 872
53 1 810
212 206 910
158 361 421
22 174 136
181 110 844
18 23 626
356 118 873
19 130 954
188 246 218
187 30 156
64 230 22
379 201 53
183 393 791
57 259 139
325 169 103
168 17 153
257 70 796
388 57 740
125 186 885
273 261 297
132 230 403
205 225 640
11 288 561
149 384 566
390 370 497
138 361 557
332 381 839
310 8 937
149 324 179
26 283 170
97 172 766
125 180 217
278 105 552
96 76 806
100 214 895
347 25 488
243 250 410
1 361 235
262 304 133
237 115 54
26 307 587
170 166 861
261 294 299
232 353 104
121 208 286
102 135 144
95 123 566
243 238 822
177 352 679
206 108 313
217 257 152
213 290 572
210 257 115
211 216 36
264 85 971
376 102 346
46 179 508
81 158 622
261 363 505
282 251 288
28 172 566
21 188 67
301 11 558
32 28 754
317 223 770
289 106 656
383 182 640
158 177 83
57 86 407
205 388 290
209 150 925
130 380 870
337 255 118
307 385 105
340 206 649
146 157 832
303 8 247
344 218 146
203 246 347
283 355 535
350 289 668
58 306 326
135 361 447
230 242 77
27 141 322
219 314 696
361 58 33
71 214 42
87 344 788
3 126 667
335 16 217
155 86 71
132 238 637
219 336 311
195 209 745
342 130 732
324 2 681
399 379 485
173 82 822
88 26 941
39 108 705
204 33 792
193 173 588
197 297 87
372 210 850
235 118 465
124 5 893
60 157 53
166 33 599
225 137 478
179 363 838
315 33 278
299 121 714
361 108 225
80 196 105
268 361 797
326 300 510
193 273 911
93 44 100
78 219 430
359 19 369
292 266 470
196 263 828
154 307 493
176 345 830
290 138 566
237 311 517
309 67 659
197 220 949
66 94 20
59 183 507
7 216 52
390 57 897
41 278 666
327 303 223
177 144 221
62 17 491
340 110 522
354 371 796
280 370 831
93 321 353
79 23 188
204 132 24
77 94 525
46 7 868
319 185 859
207 258 773
201 49 117
268 296 155
250 369 356
79 81 632
329 269 476
329 39 303
231 15 558
196 199 393
150 347 359
16 53 209
91 0 376
185 75 474
40 199 606
260 26 636
107 331 932
221 281 738
251 267 955
339 155 79
134 373 419
338 25 149
71 211 492
47 312 364
69 280 439
384 277 529
167 396 291
331 300 869
33 136 493
267 202 599
152 298 534
43 392 578
375 45 13
191 255 890
274 102 433
55 43 294
259 281 187
24 115 246
8 122 896
84 17 939
260 68 529
344 391 653
163 238 507
120 239 13
169 177 999
195 196 646
204 86 387
299 330 757
304 101 47
282 6 226
96 191 921
235 168 763
129 44 724
109 224 376
382 367 118
149 1 278
75 14 81
34 397 879
42 400 149
71 152 761
214 125 170
150 55 381
24 275 149
67 214 623
50 120 247
269 332 586
333 72 423
346 101 422
395 372 565
5 240 49
62 114 844
387 17 246
37 246 595
81 20 227
350 316 555
181 375 736
199 61 681
286 271 940
172 84 114
133 1 735
390 277 531
322 149 657
397 351 785
84 54 789
389 275 854
336 35 470
275 109 922
279 3 533
158 16 905
273 57 464
13 198 52
61 303 696
285 382 434
282 311 331
131 208 959
112 27 926
165 56 612
53 128 181
84 398 616
263 262 256
60 144 345
61 16 366
366 362 937
138 248 540
210 83 143
11 382 239
326 29 60
45 326 760
329 245 435
128 242 782
96 351 772
158 131 298
8 170 574
228 357 952
47 393 683
392 374 218
28 394 814
143 304 313
134 134 524
291 11 81
301 27 675
148 289 275
133 93 441
11 74 669
321 199 451
80 131 575
162 267 579
257 140 491
158 71 43
182 18 307
235 279 735
225 8 788
104 26 282
71 348 78
227 161 549
31 29 126
85 270 520
25 393 332
87 188 328
23 149 92
329 99 707
88 373 357
148 348 947
0 298 10
349 75 828
148 190 836
65 368 421
265 208 771
34 52 51
256 255 287
195 6 270
305 299 998
150 121 936
289 298 220
239 212 966
360 353 901
335 118 602
353 95 430
217 32 374
102 123 156
283 352 391
305 345 471
147 208 632
381 208 911
297 148 584
126 127 909
227 88 276
316 369 444
380 200 352
371 101 996
2 196 964
43 176 982
29 66 273
315 67 553
151 91 266
37 306 449
113 254 546
350 60 592
189 52 161
137 175 597
386 72 1
303 165 563
24 2 784
140 345 432
163 384 715
71 137 668
229 155 547
368 310 367
196 27 511
312 259 359
11 386 161
66 283 118
213 240 620
353 272 542
390 90 899
296 395 188
15 207 832
201 149 413
76 136 279
380 95 819
263 297 854
319 1 80
122 309 465
260 335 956
249 175 114
36 357 123
230 20 44
275 28 571
333 290 509
195 269 82
22 47 574
356 191 878
216 251 214
181 167 345
196 392 768
66 47 326
90 45 41
18 116 611
256 307 363
214 336 675
131 202 105
196 56 4
220 201 101
230 208 869
319 73 66
90 282 654
8 328 173
109 132 152
388 221 981
297 265 65
12 225 163
323 67 475
185 337 853
317 202 656
46 258 365
219 118 310
328 35 430
264 301 253
262 271 300
160 381 287
263 197 203
166 58 776
216 235 54
266 114 997
381 304 282
400 234 377
117 399 393
137 196 468
34 333 618
211 261 715
88 229 236
24 67 900
270 113 381
224 307 418
12 29 27
150 354 6
338 304 801
50 283 508
0 285 638
48 175 388
327 237 393
213 12 314
315 86 745
11 243 405
327 307 328
68 182 987
311 367 809
4 1 482
136 113 145
255 252 360
323 333 16
244 151 864
317 22 593
344 217 302
145 337 141
395 221 9
352 113 577
7 235 258
242 101 273
365 59 536
336 171 706
235 252 775
315 377 899
72 356 992
80 361 970
264 253 978
351 261 82
219 204 728
212 178 488
397 266 808
344 258 358
170 159 226
151 232 759
320 165 1
248 77 147
214 19 437
325 4 854
266 45 401
10 391 749
239 372 163
369 122 483
141 331 259
226 253 706
140 58 170
130 75 607
395 133 569
247 123 969
333 303 648
80 263 295
263 85 118
187 109 480
147 117 744
194 42 919
69 364 563
388 285 311
79 244 163
76 5 851
241 284 52
239 205 267
188 206 643
341 289 466
126 82 563
142 85 966
208 140 799
80 45 10
23 50 401
194 13 272
363 189 245
264 165 821
28 164 707
308 123 741
366 277 611
158 165 907
176 298 189
54 262 801
45 331 216
269 207 733
120 157 449
38 110 612
201 23 30
231 146 941
7 156 887
163 119 167
104 391 111
68 58 232
197 207 288
137 255 555
98 179 113
0 179 668
335 97 967
395 243 465
69 296 606
119 316 701
208 199 492
182 321 23
270 199 533
109 326 925
263 188 274
15 60 724
11 180 626
303 176 878
250 136 425
245 145 540
271 251 670
132 291 44
224 188 293
25 332 741
319 9 993
205 153 788
38 302 944
108 376 305
191 391 96
41 17 908
55 27 986
297 175 392
303 170 398
54 272 719
222 123 556
135 330 908
15 310 453
144 274 568
169 162 168
223 192 492
392 204 35
173 198 735
90 159 683
10 291 751
370 28 771
394 361 556
279 151 513
217 328 941
130 380 275
246 265 597
188 99 850
268 196 171
204 173 258
259 344 443
297 386 516
359 74 837
191 362 274
384 143 868
153 41 771
122 307 304
184 85 368
136 121 690
259 367 141
242 316 86
297 383 947
231 8 255
275 291 281
40 249 824
85 164 985
283 17 590
295 56 587
265 113 870
106 175 84
144 33 786
51 300 139
74 159 802
68 320 757
280 148 611
63 57 874
111 235 526
321 200 627
45 190 13
7 18 905
86 57 425
187 131 81
112 277 791
355 336 673
313 292 627
359 248 51
78 88 877
46 171 729
106 104 652
247 98 388
321 297 422
136 1 386
73 76 511
108 270 694
277 314 917
114 157 932
98 156 208
329 199 242
328 352 496
376 5 216
120 13 751
133 390 304
240 77 510
293 83 732
259 166 682
312 349 718
52 177 454
397 55 118
153 374 807
81 98 870
275 290 916
49 221 421
308 231 586
255 281 896
141 126 798
195 237 986
211 186 245
70 351 473
246 50 133
9 102 629
326 342 464
15 28 201
265 372 177
378 226 260
181 358 268
78 275 682
308 264 297
200 123 778
168 232 36
207 201 176
368 65 311
86 163 417
328 288 76
86 15 366
48 129 779
154 317 315
149 256 507
139 236 313
51 209 561
305 193 520
313 283 901
169 97 463
206 13 683
137 52 781
300 90 616
37 264 903
306 232 358
361 299 490
247 189 211
242 369 913
400 328 703
136 241 63
351 258 880
296 306 488
53 189 598
155 187 334
301 325 848
278 130 754
121 326 110
202 256 124
81 372 356
97 105 296
190 306 948
134 85 712
136 157 400
198 38 972
226 381 781
46 123 676
220 137 65
48 163 183
393 52 494
288 16 748
351 250 95
89 362 622
192 365 897
304 95 731
108 169 747
99 398 58
383 231 669
241 341 303
194 338 164
304 210 942
268 252 976
293 380 121
316 303 167
64 20 504
238 335 0
235 361 971
359 132 202
202 380 247
207 254 57
128 229 538
137 33 526
198 159 579
306 98 702
338 236 232
135 169 966
279 275 642
372 239 409
70 306 629
64 180 53
309 1 98
97 4 539
117 158 45
73 194 370
43 329 201
381 184 133
345 80 996
78 86 233
377 233 530
128 393 922
124 123 391
331 360 292
187 95 120
345 281 308
18 122 821
216 186 155
180 76 642
377 270 827
119 109 633
396 70 644
49 137 450
172 254 617
371 97 136
361 51 161
75 21 633
29 195 412
289 267 913
280 227 107
73 68 190
314 130 671
148 40 923
122 39 753
148 274 395
19 98 131
214 236 685
270 367 82
213 63 603
99 225 107
398 24 385
79 199 256
340 317 830
252 320 282
261 242 163
201 289 175
368 206 428
37 119 885
149 253 999
50 225 83
20 390 233
365 246 162
329 137 161
396 331 288
345 88 427
217 23 18
362 110 143
10 301 32
41 398 813
91 374 259
88 143 554
59 372 910
250 164 918
194 350 775
115 56 91
58 109 68
186 38 764
239 330 781
336 81 909
331 303 203
54 18 567
0 240 47
62 129 221
87 156 512
355 204 983
257 185 608
164 219 268
162 72 24
175 144 967
316 180 218
222 142 570
211 325 748
242 177 82
169 82 730
232 394 895
84 377 49
111 324 476
289 293 289
269 269 54
322 14 934
98 4 704
220 216 833
25 293 674
270 369 420
163 94 645
85 129 780
375 260 955
298 41 199
70 1 126
185 157 281
313 6 610
86 305 808
265 152 252
205 318 336
22 375 404
45 254 949
239 164 36
162 41 762
132 263 699
164 174 552
321 99 876
5 247 747
169 28 491
149 326 783
192 68 444
295 175 118
20 16 100
320 262 735
342 277 28
94 222 463
52 290 510
271 155 685
49 375 805
105 124 275
22 0 877
40 345 363
165 109 766
377 321 10
155 289 459
361 297 978
39 48 390
208 183 527
281 356 724
307 41 977
55 382 699
275 189 289
42 103 167
52 18 949
264 37 315
244 152 653
149 41 671
205 299 106
189 93 349
264 372 641
185 52 887
174 121 962
363 256 169
262 39 780
116 261 793
89 244 152
138 159 636
66 238 557
319 199 628
185 111 28
101 185 365
219 375 16
179 165 612
208 389 150
152 152 124
92 296 209
12 230 261
180 89 631
274 332 451
291 30 614
86 137 464
65 157 206
254 276 140
348 85 507
194 17 215
194 80 213
290 205 421
293 185 532
291 305 986
167 343 44
89 200 377
283 357 548
168 139 655
140 148 415
210 383 631
314 193 585
286 110 705
220 184 932
236 107 488
213 16 406
70 177 883
114 371 7
166 228 766
385 280 567
348 41 8
191 368 433
73 123 893
285 399 755
49 14 105
137 80 694
252 183 963
112 275 434
0 318 141
12 262 102
238 373 923
143 369 517
216 195 470
163 14 799
196 315 655
147 263 319
50 345 735
328 81 689
91 381 770
160 271 998
77 278 966
75 307 43
387 62 179
17 190 353
345 338 383
145 131 456
218 343 573
369 263 347
32 214 90
5 338 880
234 303 769
315 206 231
97 279 711
317 353 53
220 378 40
353 141 503
275 179 183
99 231 592
225 300 1
163 135 959
354 251 288
72 369 381
157 125 123
169 292 992
247 164 297
182 117 138
351 127 221
360 152 513
323 32 825
310 376 303
357 28 500
86 97 959
277 60 706
108 313 257
357 390 993
283 240 91
135 36 138
31 400 928
244 132 161
219 142 656
230 298 447
204 211 758
186 316 313
268 98 600
262 88 43
382 319 70
116 182 633
395 139 202
340 129 64
259 309 646
289 287 911
215 366 912
190 356 398
341 353 836
304 102 442
376 278 510
21 95 290
22 282 755
205 255 333
50 32 543
244 273 876
376 224 530
350 3 494
3 114 71
344 83 39
251 328 78
339 375 548
131 327 223
77 182 103
277 127 634
223 268 87
38 289 621
137 232 33
152 272 587
116 254 134
118 213 847
116 308 177
3 399 105
207 104 459
40 62 605
208 224 533
392 165 887
256 316 479
339 67 3
15 125 634
399 116 971
22 60 482
58 238 482
120 351 886
181 378 210
319 170 961
101 340 234
236 102 17
386 348 361
43 318 757
372 197 967
203 60 851
94 171 643
211 145 764
272 256 416
330 349 721
273 180 467
51 374 144
207 152 287
275 241 368
214 27 36
232 337 603
355 243 822
197 67 193
331 178 302
232 29 788
393 351 205
314 361 312
245 363 875
262 298 487
104 305 918
2 197 205
358 58 369
17 68 188
233 70 729
72 365 475
48 253 436
296 57 484
141 0 289
151 275 0
286 142 385
279 29 355
53 388 103
74 320 360
36 170 282
93 379 199
203 393 193
371 12 229
24 161 364
341 89 262
179 201 971
204 366 480
46 59 689
126 39 548
69 355 924
304 155 430
56 317 507
172 156 252
138 251 825
30 145 675
293 13 124
50 17 314
340 383 775
145 217 75
355 324 801
114 201 973
287 290 402
159 210 238
126 105 249
336 95 510
119 160 322
119 120 661
74 307 555
191 280 743
307 399 2
278 140 293
102 265 303
359 13 857
82 45 822
76 121 1000
53 53 528
7 219 71
154 261 573
8 394 241
389 277 504
43 283 0
26 135 725
67 174 483
24 25 759
289 159 464
72 337 621
182 8 150
385 244 986
282 61 684
303 174 638
294 218 611
206 63 267
247 79 70
187 345 174
323 78 724
183 153 468
191 57 46
74 178 869
78 173 52
327 293 618
30 220 131
366 337 440
233 205 982
279 111 516
68 388 607
30 31 178
77 118 880
2 195 299
97 218 2
189 42 898
112 308 149
279 33 768
124 346 891
202 307 61
319 372 641
51 296 737
334 288 656
328 335 513
111 124 360
315 190 211
54 64 859
47 239 247
192 96 986
118 281 968
143 70 607
136 136 405
12 381 169
357 361 371
374 171 890
44 195 188
224 129 261
331 398 257
330 144 890
133 364 558
395 158 806
254 306 33
114 143 901
75 400 82
389 57 611
220 357 582
131 95 669
364 27 768
216 279 250
247 337 744
28 33 536
394 92 123
27 260 832
12 246 421
268 167 311
48 273 418
165 269 417
75 254 568
85 383 309
14 210 789
356 160 574
94 296 627
316 382 658
115 339 407
83 313 319
5 272 978
363 340 58
377 71 596
273 231 788
354 94 37
65 283 940
30 331 515
291 374 758
186 2 57
102 48 507
278 231 791
340 253 901
167 343 117
162 121 184
153 297 493
293 40 367
212 3 199
261 61 473
50 98 605
323 105 563
374 391 712
229 175 438
188 328 574
201 141 724
82 153 209
131 252 42
385 153 647
286 138 461
252 340 485
287 234 505
320 313 647
204 38 319
239 96 573
394 300 786
261 209 206
247 222 574
291 117 208
113 140 239
62 321 75
95 183 292
268 317 414
83 384 559
57 39 929
305 98 352
147 11 566
350 64 977
14 332 601
80 35 736
170 245 594
379 389 270
309 218 927
282 333 728
117 173 466
308 369 7
304 74 99
373 191 661
310 301 350
185 387 291
364 13 920
211 288 379
53 350 396
338 225 979
228 112 689
184 377 32
360 365 612
34 398 93
223 206 734
180 143 474
383 305 31
2 342 149
30 250 568
136 88 790
186 56 485
90 187 700
212 48 12
367 57 699
309 275 183
190 39 532
24 47 185
251 66 542
350 202 360
314 142 254
1 206 712
136 58 531
114 60 355
203 159 990
3 331 895
247 383 458
300 202 305
269 40 583
201 279 405
266 326 700
75 258 664
116 103 11
380 377 634
359 136 614
243 161 647
189 249 173
175 57 256
188 101 33
148 109 62
38 117 459
153 294 517
224 5 887
129 382 101
375 318 762
230 74 167
38 195 679
291 68 286
219 316 893
298 326 723
56 117 548
378 124 486
265 250 584
365 190 665
198 231 268
94 371 114
0 102 287
265 223 928
26 227 905
237 265 595
50 209 188
358 309 316
121 152 586
336 111 422
1 218 332
268 268 911
185 145 557
32 297 95
70 373 269
35 72 35
314 109 250
147 198 552
213 60 853
62 94 29
4 168 303
383 14 71
94 177 481
53 158 417
38 189 288
398 218 427
368 278 366
323 250 755
292 107 828
200 64 71
86 232 464
390 177 259
260 225 73
299 65 705
337 4 227
321 297 796
275 373 616
16 260 183
295 206 307
149 95 95
69 5 710
296 397 145
277 102 462
7 271 403
38 202 475
172 333 586
279 274 793
98 71 731
335 193 7
141 156 740
106 190 559
0 168 566
279 344 840
8 297 741
107 131 616
334 111 2
256 367 432
126 89 845
193 153 682
322 85 451
361 228 670
52 181 406
324 380 821
73 143 493
9 36 860
87 38 443
86 238 867
285 385 106
193 83 34
373 96 807
232 394 430
67 28 297
219 185 656
192 276 562
263 99 967
52 166 984
224 63 238
384 258 266
76 284 163
205 173 565
357 211 317
180 31 519
133 204 771
152 121 417
232 42 227
335 262 89
41 189 622
217 104 903
314 61 469
341 319 521
77 173 182
136 196 771
35 269 253
246 296 639
93 59 201
97 315 773
241 113 983
141 87 322
201 398 756
349 256 655
12 223 141
226 133 360
291 6 34
227 302 391
318 83 999
295 16 552
313 266 360
8 349 637
251 306 424
100 356 441
288 199 206
188 271 142
356 164 536
259 336 58
11 384 755
366 230 338
395 19 610
254 398 699
216 190 764
346 327 22
255 13 100
362 93 953
203 35 38
348 400 825
88 108 412
213 197 542
269 322 851
341 265 964
239 369 858
27 327 829
111 140 207
159 361 837
95 3 396
301 380 747
102 51 977
220 235 451
61 186 861
163 247 419
51 77 890
297 152 525
231 93 926
61 157 514
274 94 800
253 36 80
382 144 451
18 349 962
44 324 977
79 252 251
218 272 763
400 121 448
9 160 597
332 128 466
303 94 49
355 91 405
395 151 868
1 33 620
231 251 469
125 6 600
315 190 200
335 317 249
53 180 636
83 315 960
207 1 602
146 117 137
387 322 53
64 15 340
72 262 95
108 334 436
230 12 962
349 161 37
22 359 621
57 29 210
345 330 513
176 119 922
254 89 723
215 347 971
175 125 621
218 109 598
260 378 920
332 85 843
62 140 864
285 26 652
116 374 584
185 82 765
328 58 466
183 385 30
308 9 58
353 255 659
45 234 331
383 87 687
284 17 786
62 116 438
34 195 788
222 315 908
392 267 1
148 373 216
200 341 286
344 140 918
397 273 654
394 153 653
99 38 584
121 9 114
269 183 586
127 328 723
155 157 432
76 380 163
349 108 909
354 42 135
372 87 674
243 91 577
181 320 364
190 344 68
262 383 68
100 23 802
223 29 146
78 382 458
377 124 30
0 292 812
110 28 926
332 161 781
52 286 62
11 235 918
162 268 435
7 133 791
216 129 833
280 371 738
380 393 512
210 298 627
173 15 746
384 170 124
148 198 148
244 294 610
272 318 985
328 236 240
379 335 365
277 179 458
296 17 591
370 326 513
317 154 260
369 312 763
40 297 294
334 38 980
77 113 768
150 56 941
139 300 819
280 234 241
26 73 686
378 232 282
185 318 851
253 225 283
307 350 822
384 380 976
199 72 813
394 344 631
47 348 824
187 210 49
129 43 27
378 92 150
203 282 75
14 88 340
101 357 324
127 2 354
305 115 678
78 169 416
227 126 525
148 97 383
386 345 404
90 156 387
19 333 767
216 321 315
26 139 754
318 51 4
37 361 445
93 115 476
215 164 311
392 211 580
295 226 527
375 146 576
203 145 707
276 306 671
109 257 956
32 343 533
373 363 375
249 329 207
112 389 704
284 137 244
254 225 720
318 251 965
95 111 496
15 166 981
254 190 767
313 166 358
273 242 561
117 185 899
274 205 285
271 47 281
237 272 822
276 22 746
276 208 741
184 64 679
89 75 911
207 189 894
111 46 790
84 33 669
325 65 20
186 381 556
205 249 705
17 232 864
303 362 198
300 3 946
337 365 88
307 97 894
269 350 381
344 9 600
249 266 722
117 29 27
14 314 186
34 59 666
20 275 693
219 259 587
342 44 587
153 323 959
158 117 559
2 88 659
36 33 593
209 192 354
306 73 652
88 218 150
377 168 21
276 13 214
1 153 731
238 365 705
394 378 786
23 101 385
214 3 434
6 387 154
355 272 37
229 258 397
140 116 588
174 103 869
118 382 507
53 389 190
290 163 964
52 164 607
322 289 876
132 57 234
277 397 582
228 335 813
260 240 197
306 128 787
182 13 71
184 292 455
114 155 215
298 60 215
99 317 458
89 104 318
242 306 181
166 117 283
158 349 209
108 123 607
168 213 386
142 361 710
272 354 555
221 8 418
152 369 201
279 147 144
364 236 489
19 283 980
347 366 289
285 135 170
344 186 655
351 29 264
201 64 897
372 356 416
210 155 320
285 304 943
355 357 916
366 148 783
240 69 86
125 148 832
189 52 397
146 196 914
102 59 770
187 108 419
351 312 259
83 106 358
257 185 891
302 313 633
208 262 496
350 80 202
99 208 3
127 204 561
351 296 82
371 250 279
180 155 215
178 22 1
144 347 930
50 199 838
295 261 5
4 150 137
194 295 539
5 271 786
82 377 24
184 369 676
306 54 560
0 4 463
205 303 693
289 174 22
330 126 980
2 58 810
44 124 933
351 157 5
91 294 725
342 50 571
215 295 927
343 75 129
357 373 307
59 287 481
65 262 777
341 360 560
387 143 956
76 74 44
108 198 129
148 291 345
137 145 712
293 39 683
341 344 234
292 362 648
256 288 843
26 71 983
144 118 511
53 59 686
65 74 431
286 149 711
87 389 45
49 215 689
102 323 377
7 305 757
8 325 666
364 245 169
281 286 412
104 254 472
201 297 423
131 343 683
66 399 570
214 46 434
74 197 434
206 303 582
329 190 75
140 272 652
103 63 757
154 62 812
27 187 97
373 108 265
392 380 87
142 345 209
317 223 719
44 62 377
282 370 219
15 182 898
247 270 341
146 238 733
289 23 820
215 68 603
105 176 570
249 44 505
43 238 284
226 24 330
83 379 86
119 384 257
264 73 381
174 351 991
279 387 374
163 266 952
32 189 863
274 101 240
323 157 768
234 361 24
323 36 458
275 177 116
199 40 147
290 236 948
31 86 85
35 317 198
161 27 414
332 103 636
41 282 256
20 115 311
148 83 4
291 183 333
101 104 808
331 153 287
111 398 301
111 313 548
119 222 542
369 368 63
400 53 904
23 248 694
162 275 422
144 22 984
292 347 28
209 113 357
166 305 793
56 35 733
249 20 901
53 328 598
20 28 719
291 292 743
356 203 944
131 333 452
164 314 945
82 350 934
255 124 36
244 335 724
313 53 609
274 177 471
77 159 373
311 268 286
163 133 568
53 35 324
256 6 697
126 20 463
123 75 542
373 81 218
49 227 876
377 331 209
314 79 272
132 118 309
389 212 68
252 289 691
247 112 823
222 351 364
155 45 850
108 73 949
356 14 443
279 328 270
202 345 654
132 181 83
141 250 926
323 175 634
12 367 818
333 306 369
232 323 943
293 8 737
189 257 45
255 119 478
268 365 872
3 350 181
315 301 69
319 232 445
314 362 379
279 39 558
397 331 277
280 264 46
323 197 812
73 42 561
133 102 619
139 305 508
288 92 155
153 61 732
269 168 684
395 325 328
36 257 792
88 80 736
67 320 520
21 239 889
314 171 596
366 61 657
57 108 960
352 156 833
113 116 988
91 234 831
23 374 346
321 330 533
310 143 785
259 136 869
2 84 255
78 265 249
144 141 199
276 307 628
317 322 47
60 78 798
260 203 784
130 262 243
33 128 544
264 232 766
200 301 344
211 242 382
185 168 610
31 27 897
138 143 887
41 279 68
342 348 151
120 353 599
205 382 89
299 178 244
9 153 143
398 359 734
318 319 484
74 223 574
51 7 648
392 205 7
390 355 411
133 224 860
283 271 18
297 228 659
141 367 524
222 280 382
47 377 482
292 160 586
57 66 789
72 271 15
166 301 825
400 6 258
53 83 413
212 20 983
16 283 838
248 33 538
160 249 323
208 103 141
45 86 448
197 217 739
85 331 922
270 39 126
337 196 333
362 99 343
218 179 923
55 166 326
209 30 706
141 87 132
381 39 959
296 82 481
349 360 593
61 400 629
39 255 275
138 159 875
156 378 728
308 287 304
127 138 281
2 134 303
347 386 348
200 237 924
400 109 155
226 241 709
162 394 329
398 281 357
290 290 60
86 70 749
34 262 972
85 360 619
217 168 874
310 389 703
274 289 702
196 30 863
321 97 856
160 179 649
166 181 150
233 257 699
57 375 591
350 256 135
304 256 492
62 273 876
345 88 218
97 179 720
194 2 804
267 167 475
72 371 659
219 59 592
392 382 352
337 373 864
174 10 319
141 306 527
211 327 787
277 133 1000
198 358 899
50 25 620
333 158 701
98 103 177
269 313 721
39 233 62
350 36 842
79 330 190
308 272 516
394 196 630
334 341 378
129 17 287
84 51 320
310 126 199
280 371 455
262 123 550
14 42 943
17 7 981
300 17 320
151 112 128
62 179 340
51 167 623
225 64 876
372 23 672
362 10 129
74 100 495
170 288 953
15 13 506
179 47 586
106 350 631
144 213 108
357 138 597
89 202 188
159 12 125
218 368 770
182 115 215
222 389 358
87 19 245
35 207 169
156 191 444
397 186 606
299 372 736
329 155 75
366 192 723
286 323 887
242 114 440
146 233 605
237 323 441
91 125 729
370 19 830
382 180 483
49 107 168
171 325 96
100 18 245
238 372 363
139 189 609
97 250 672
333 79 279
71 371 251
204 212 972
194 348 427
340 86 276
84 19 295
322 285 373
92 4 727
13 162 560
40 355 83
7 179 236
322 131 109
321 117 441
59 366 72
216 159 224
240 259 125
239 399 987
213 327 289
376 237 639
146 43 474
63 69 832
204 14 5
307 391 976
287 86 405
220 62 796
54 172 868
291 27 3
83 91 153
98 17 479
345 134 212
265 315 202
222 373 261
196 385 361
386 356 352
220 81 276
344 116 701
251 186 20
365 265 591
85 68 760
282 221 120
276 85 894
221 99 595
241 93 516
36 98 21
40 28 596
204 393 294
377 239 704
289 391 187
384 131 551
294 51 619
269 106 65
312 349 13
266 176 929
351 267 532
303 27 99
7 162 326
283 249 133
206 205 365
180 116 644
74 165 973
61 92 574
342 366 315
130 315 240
110 340 544
260 348 636
357 144 838
112 278 910
224 303 66
158 352 561
367 252 614
312 351 317
356 20 602
103 314 481
20 365 997
352 260 639
275 74 298
55 196 260
285 125 657
141 42 535
331 265 813
150 203 931
242 144 361
248 238 170
228 77 890
111 204 225
59 319 77
93 244 195
184 206 291
239 114 815
15 25 467
291 70 507
376 172 970
376 49 782
93 267 190
94 113 139
165 66 597
66 79 319
357 323 54
187 271 759
296 257 187
239 295 251
271 28 672
118 148 555
177 321 398
76 35 160
131 75 869
136 362 892
121 110 855
31 153 556
50 1 216
258 398 74
47 329 218
394 299 805
30 377 971
225 231 126
230 120 204
283 124 955
366 129 722
333 87 159
261 268 589
279 74 767
160 80 762
191 351 713
332 253 546
347 182 896
30 180 662
398 339 948
289 211 564
213 188 262
121 306 782
168 81 70
345 207 354
99 76 44
97 212 859
348 306 750
310 226 770
160 265 188
389 293 63
20 223 654
400 17 925
152 80 357
72 305 570
44 117 440
33 115 619
275 118 512
149 175 205
82 248 979
209 320 687
301 372 730
236 261 902
349 134 712
134 251 298
80 189 754
105 29 823
342 69 81
189 44 242
375 370 536
349 113 900
35 24 795
15 330 780
302 187 320
42 400 723
354 296 988
21 206 349
192 306 830
156 289 214
211 11 735
369 135 386
150 154 686
272 81 905
332 184 841
181 38 43
7 120 681
265 48 345
303 119 786
345 46 804
353 165 963
140 232 373
196 276 357
319 143 214
71 191 718
313 331 535
262 46 859
176 237 661
44 193 198
15 244 108
208 395 816
213 32 579
142 338 395
173 19 682
175 307 317
152 321 740
232 177 959
23 315 633
253 89 237
380 153 708
8 183 229
231 268 540
393 34 679
292 299 31
191 67 530
278 9 485
249 42 85
11 380 1000
286 292 216
348 381 308
152 55 234
213 395 540
281 294 259
111 313 635
99 314 415
297 296 780
372 199 281
372 248 608
391 188 664
394 190 278
262 12 156
202 372 198
163 163 735
43 296 518
336 140 69
269 376 176
93 267 686
77 253 261
145 42 629
218 58 97
102 106 852
47 57 243
319 39 622
81 109 93
349 163 986
295 153 570
176 287 633
212 354 24
359 145 127
221 362 960
346 142 794
322 115 600
100 29 536
104 326 917
104 94 645
153 22 217
24 272 340
233 205 943
358 23 864
124 251 781
393 137 682
339 182 267
272 182 878
129 342 655
17 129 286
38 191 481
190 151 642
182 294 595
334 113 283
244 130 297
102 399 280
149 381 864
220 164 724
160 2 777
181 81 687
362 53 219
399 137 399
94 283 528
249 381 466
152 342 597
146 271 311
259 162 214
394 303 804
183 80 200
80 45 876
351 56 757
139 193 559
208 133 436
212 87 865
344 186 420
19 55 788
320 160 102
25 220 535
292 281 894
152 96 992
15 23 256
138 226 564
330 159 222
61 326 909
129 362 329
165 371 361
72 110 193
163 94 814
265 306 116
263 115 694
267 309 369
338 14 336
44 150 283
247 140 72
26 303 320
8 256 716
81 71 751
343 83 544
265 245 434
329 165 924
393 353 214
83 217 104
228 279 856
9 376 209
115 371 991
166 286 2
22 147 291
345 13 290
132 76 240
341 200 27
218 357 73
370 125 867
140 352 165
70 171 201
106 22 46
212 108 127
258 246 886
165 178 673
230 372 330
124 299 506
83 250 18
26 249 388
238 16 98
165 144 188
209 86 554
316 54 377
122 94 104
397 76 224
166 1 393
59 212 400
185 127 999
9 159 285
133 369 756
60 222 661
321 261 81
60 159 855
93 381 288
393 1 705
373 37 469
51 397 473
329 380 847
8 278 911
315 310 313
143 164 181
36 338 805
276 167 340
68 266 868
53 43 205
300 338 366
207 278 912
326 54 158
63 296 64
312 224 139
274 222 472
45 163 609
142 308 114
5 373 959
279 91 306
34 133 463
41 162 923
139 186 888
395 122 658
191 147 646
329 82 500
395 122 589
210 350 315
88 129 322
326 395 189
182 198 499
260 172 205
392 106 823
135 335 207
301 361 237
231 142 913
157 384 788
111 88 327
77 114 66
110 195 685
393 56 799
70 323 921
35 149 327
33 201 482
138 245 734
180 212 174
210 385 297
203 16 200
79 176 876
287 23 244
367 19 315
351 30 419
360 137 536
302 265 296
10 67 356
344 71 260
114 339 129
100 83 426
118 91 404
195 177 518
199 319 637
175 39 181
283 391 75
241 201 582
218 157 461
112 132 985
299 206 344
187 372 719
20 296 152
205 250 246
40 255 189
104 273 356
128 75 346
177 347 783
245 344 18
315 357 610
357 308 220
13 387 791
273 308 568
3 151 927
308 148 747
125 254 86
277 189 45
334 222 130
360 339 832
42 325 923
210 312 413
230 91 696
135 52 555
266 27 423
215 384 869
76 160 555
208 71 602
311 137 588
196 294 90
399 96 213
372 134 844
123 34 899
224 278 72
86 89 286
176 65 258
153 114 729
202 268 472
167 176 83
63 150 394
34 393 500
375 167 314
58 59 873
348 11 756
174 5 931
94 154 858
220 87 556
241 379 454
246 273 765
145 2 345
399 170 289
225 177 110
314 398 275
8 117 821
137 389 832
36 345 903
320 337 594
93 131 125
7 231 912
115 315 399
145 200 624
315 201 760
278 386 189
280 294 315
106 314 570
31 130 536
247 74 629
131 39 507
248 110 50
171 137 393
128 213 724
74 253 594
353 366 198
203 393 653
34 187 450
67 224 910
390 374 997
370 43 212
130 155 681
108 188 716
317 159 741
262 278 766
216 296 735
248 248 377
389 37 403
303 112 958
169 181 556
56 244 925
204 60 74
249 364 278
244 17 91
139 187 382
75 47 655
230 114 183
374 384 897
1 192 830
189 315 673
297 3 506
279 104 186
100 291 881
95 79 212
348 289 666
239 139 798
193 166 870
224 168 207
105 224 632
66 66 840
214 314 716
144 370 914
100 262 173
212 178 377
139 116 954
57 349 91
64 257 57
384 250 579
133 373 558
48 304 251
41 295 563
244 145 928
200 337 133
370 25 836
389 175 806
116 393 564
63 387 634
346 315 207
326 256 772
229 42 577
359 214 423
225 217 419
197 298 179
54 204 520
24 221 402
21 289 165
357 12 431
260 242 914
333 269 257
348 219 38
315 137 755
18 136 44
288 390 64
276 184 630
158 159 594
292 325 200
231 3 63
23 67 642
78 199 675
214 168 960
65 320 813
17 158 457
2 154 609
256 207 985
155 189 761
97 132 510
195 263 924
81 395 63
297 212 579
297 352 657
223 142 199
100 145 610
294 64 977
399 72 866
391 63 950
93 133 814
229 161 198
150 207 142
125 350 118
24 3 89
250 68 495
53 269 698
5 157 544
346 196 134
169 172 325
99 331 939
332 237 315
381 96 131
51 278 368
191 226 979
131 194 258
55 180 190
190 233 377
72 303 739
106 283 388
271 7 477
4 3 739
381 154 983
240 124 713
160 380 432
149 382 258
223 390 170
150 255 681
277 288 440
269 325 481
386 80 518
75 200 539
301 376 198
228 265 317
99 357 61
146 184 906
53 44 811
206 251 986
119 154 268
189 382 887
14 392 701
393 310 959
383 399 319
197 24 812
14 90 20
196 283 488
30 346 381
139 288 537
209 134 770
306 66 792
177 297 193
282 139 746
168 89 659
235 293 920
148 352 342
205 220 33
325 379 912
73 105 373
58 294 748
324 231 925
194 344 16
245 116 171
345 88 428
279 198 604
89 274 274
222 42 357
47 252 277
137 282 372
228 5 637
260 150 533
255 160 715
58 45 209
205 138 13
54 16 254
102 347 295
202 400 340
153 394 430
6 58 355
115 340 211
100 291 547
112 283 994
300 290 722
283 273 146
214 100 395
389 217 231
54 210 79
226 107 321
34 344 701
280 160 391
379 281 917
155 222 10
209 349 417
354 2 814
38 356 557
217 5 321
346 169 92
263 159 837
76 77 954
376 84 602
64 52 725
302 349 235
377 119 22
227 354 475
11 105 756
235 202 98
211 156 94
344 355 137
203 243 424
174 343 543
346 260 609
306 7 671
183 57 120
70 226 831
149 272 911
59 24 33
370 98 815
152 174 59
173 112 530
286 364 866
316 173 169
375 369 937
4 397 324
227 176 76
304 362 174
55 87 367
250 147 815
12 122 217
203 41 843
305 63 293
199 351 236
275 398 444
177 56 439
115 284 439
172 26 44
226 69 289
303 396 469
103 221 72
309 179 441
344 310 246
251 258 327
35 15 344
27 237 298
281 158 806
326 292 971
277 223 27
110 10 34
244 130 613
244 89 418
75 245 550
393 291 480
230 108 166
15 351 518
271 179 255
333 329 293
25 357 0
372 35 68
238 288 206
177 377 125
121 147 232
3 249 415
43 76 407
282 199 286
294 125 377
114 382 456
107 224 69
255 237 987
69 42 752
365 337 52
221 47 124
357 306 921
71 118 550
132 381 638
167 263 35
254 324 763
131 286 335
127 38 817
113 86 144
0 373 873
76 16 452
45 236 901
314 25 779
151 287 236
173 265 689
30 61 90
194 387 22
111 253 667
80 378 385
147 107 587
20 166 165
85 112 98
173 105 518
310 339 553
319 372 147
115 264 215
120 370 509
382 68 721
208 237 281
396 146 762
108 170 510
98 77 73
153 224 260
284 274 942
25 396 232
371 164 316
146 157 939
363 206 685
202 63 607
251 2 322
104 392 675
200 342 560
343 96 42
200 209 108
294 124 43
389 137 498
80 79 358
292 389 772
294 244 167
302 41 755
361 354 174
193 85 518
30 340 669
126 337 937
356 319 230
377 86 685
214 87 952
312 17 513
6 370 114
224 310 635
4 247 156
246 394 633
7 163 276
308 106 279
184 136 565
253 347 842
0 146 738
154 105 4
379 144 910
4 162 464
292 242 42
325 0 68
376 373 680
118 56 602
291 156 735
289 0 449
75 40 76
210 349 242
28 112 416
225 61 311
313 241 561
355 168 496
206 40 436
166 92 378
335 176 443
247 364 386
351 280 364
200 256 693
109 247 771
50 80 68
363 122 948
366 6 206
176 74 754
346 372 963
125 203 869
376 32 560
365 261 17
6 76 899
181 228 247
159 341 124
44 34 598
26 267 505
246 337 827
342 258 428
99 307 641
263 332 916
111 74 643
147 301 299
304 299 805
214 233 57
240 177 234
361 180 159
274 335 117
122 280 308
370 258 259
348 139 193
172 336 872
297 58 624
225 118 78
384 283 345
95 126 20
102 354 746
153 5 759
153 217 850
185 306 703
220 137 316
254 151 75
176 186 735
87 373 196
101 57 417
203 378 435
282 295 362
266 65 897
387 335 88
309 335 874
233 143 732
27 187 769
107 111 851
96 377 181
288 187 834
183 349 107
225 199 221
282 173 540
338 281 812
288 176 580
294 37 749
75 226 81
184 255 116
364 217 198
9 203 209
92 248 663
74 81 910
153 242 565
127 203 449
331 392 49
20 223 596
174 343 673
326 220 1
73 303 529
17 26 855
36 284 911
377 332 566
168 138 602
68 65 233
279 241 315
55 90 248
273 245 552
5 64 924
275 308 441
226 387 895
204 260 200
373 155 322
132 276 805
269 235 724
327 164 997
140 80 475
247 113 118
26 213 726
72 310 155
205 199 235
355 394 565
286 53 741
312 193 718
357 207 258
203 281 247
91 116 244
360 145 215
60 37 798
214 349 372
69 296 2
291 87 629
278 164 603
185 222 921
331 138 362
70 251 143
334 67 532
41 90 369
376 293 631
184 238 64
365 381 41
5 313 816
25 46 655
399 176 258
129 155 36
130 154 568
349 343 841
279 195 269
313 7 29
225 42 513
39 191 568
54 344 570
214 105 975
226 263 874
53 23 293
373 25 564
200 85 544
270 254 916
389 124 816
381 5 754
21 0 186
382 123 865
24 355 739
197 123 45
157 248 351
308 240 230
172 365 931
45 165 761
134 359 243
254 6 147
223 243 236
249 387 733
397 347 968
281 46 366
155 352 421
15 61 126
218 279 607
140 224 994
90 372 928
391 312 794
28 41 860
149 84 70
393 376 906
146 95 381
371 113 577
99 24 148
386 296 381
4 150 426
156 9 311
208 296 715
65 221 227
73 320 396
33 339 690
216 15 875
234 64 886
27 173 415
131 78 161
162 48 752
128 156 528
304 365 673
290 325 956
228 220 984
255 214 420
152 112 249
270 387 730
67 259 452
130 191 593
195 357 683
28 277 264
197 257 227
230 92 325
293 357 630
211 351 459
348 207 241
365 58 163
90 179 494
166 328 779
334 362 16
25 195 742
313 373 253
247 30 129
285 330 931
288 240 278
178 221 342
397 288 790
173 211 194
1 214 163
374 12 429
170 67 125
294 195 861
296 312 44
318 356 159
211 377 317
103 230 510
33 269 656
240 256 460
191 187 571
29 265 603
235 129 115
339 232 693
77 213 569
201 50 907
154 35 44
12 45 497
145 215 527
18 399 274
305 356 229
78 224 360
115 139 862
174 189 905
295 225 605
218 331 260
351 205 73
49 373 791
396 287 574
34 98 231
61 400 259
139 286 186
266 337 284
259 129 623
343 371 780
397 148 498
39 133 37
284 105 232
288 307 754
366 101 340
379 388 835
22 116 888
116 327 831
290 92 302
351 202 654
232 76 365
188 172 555
132 387 931
175 343 369
23 173 243
355 256 303
116 266 501
137 383 446
245 90 580
97 369 136
194 264 203
94 298 828
289 272 855
313 10 802
262 267 399
121 62 152
239 400 250
225 71 452
283 308 302
124 159 136
78 260 724
226 311 129
270 201 764
291 82 22
131 303 962
167 235 191
364 378 289
322 103 442
334 76 250
53 314 83
170 166 18
347 261 997
271 386 134
307 255 641
395 360 856
33 387 686
360 375 142
129 371 370
151 91 718
391 78 763
294 223 49
335 264 582
55 365 365
74 375 20
311 44 488
385 176 280
308 40 382
44 164 971
270 11 120
37 150 562
397 299 673
258 99 30
254 400 283
155 210 749
87 224 364
272 61 659
30 341 967
362 33 541
131 37 523
156 305 646
40 124 595
376 108 308
303 320 931
276 301 783
243 320 373
79 112 431
246 343 794
280 290 244
335 18 507
62 230 693
203 246 30
198 6 535
14 173 888
51 3 276
293 308 468
355 315 826
367 263 777
129 214 73
237 277 398
5 122 736
145 122 660
370 116 274
384 175 992
385 199 131
341 165 300
346 100 809
51 50 979
276 287 728
46 353 17
96 260 210
312 153 657
320 326 13
196 25 229
367 373 872
341 328 750
341 91 535
37 117 111
64 201 846
118 400 909
117 69 659
137 191 103
176 6 775
81 135 214
104 104 478
352 390 198
214 379 717
3 266 312
39 285 800
331 205 214
264 290 366
344 45 174
94 311 283
214 294 155
5 299 249
301 58 473
375 8 83
388 134 561
124 174 473
52 255 297
104 334 926
302 212 415
363 100 968
378 291 755
72 272 139
368 104 100
30 369 725
192 378 806
335 336 517
135 215 287
183 285 528
386 246 217
102 325 712
138 340 982
198 187 705
266 24 546
269 84 357
345 219 479
77 135 351
205 190 455
55 219 127
274 200 923
331 382 13
155 167 210
384 10 394
196 139 812
332 101 960
385 177 232
197 15 662
171 364 999
221 345 344
381 362 350
309 90 610
263 292 667
379 130 21
125 279 981
334 274 344
212 217 945
302 137 211
223 188 781
3 8 989
286 37 355
271 340 237
53 280 927
242 257 183
222 308 268
381 41 506
329 79 396
251 143 509
32 262 475
102 161 849
99 370 940
382 95 233
199 320 80
290 102 721
165 45 785
267 369 621
379 139 69
246 261 325
382 27 964
62 341 355
165 263 788
156 90 472
29 266 986
146 358 129
290 125 442
129 271 763
21 328 98
188 163 267
209 117 753
233 173 429
298 250 877
209 186 996
384 355 449
165 29 20
308 148 606
106 171 113
167 54 663
270 358 527
149 153 308
291 308 843
43 265 267
266 264 5
279 138 831
91 332 355
41 206 356
149 125 722
164 317 447
182 177 605
65 347 964
91 346 146
322 397 54
379 175 275
245 201 276
311 21 86
175 40 49
350 95 658
175 233 635
135 209 791
338 54 18
348 333 504
244 21 695
72 313 2
123 215 212
227 193 638
258 66 349
163 188 363
329 169 371
167 223 493
169 165 220
383 122 274
197 70 801
122 135 959
372 57 325
108 22 744
142 262 949
257 29 544
360 130 638
239 252 80
373 235 173
339 388 972
88 160 176
369 97 600
249 221 798
12 215 360
103 10 96
320 70 271
32 7 920
336 205 158
222 159 593
56 338 533
379 341 492
10 301 758
270 226 166
99 62 726
1 98 555
6 19 791
275 301 649
321 132 331
203 379 371
272 120 765
266 84 110
21 96 512
153 136 118
149 273 575
59 225 785
74 164 23
233 292 871
125 6 317
56 262 857
239 50 78
123 295 532
212 113 56
190 10 529
30 203 138
286 68 899
215 305 335
219 346 493
266 329 311
291 284 529
44 149 736
306 17 466
275 315 685
122 289 87
24 150 975
234 124 221
313 345 161
184 105 252
210 325 825
25 358 829
303 37 969
251 238 577
174 346 693
113 36 627
81 136 579
292 296 720
162 223 732
272 399 342
210 339 136
110 370 824
128 150 559
89 115 832
234 356 298
198 113 887
161 90 237
187 261 298
144 337 414
319 333 816
104 120 664
201 86 473
344 220 688
351 105 674
132 98 751
60 282 91
108 302 380
54 25 217
31 346 210
244 41 92
248 225 172
15 354 101
33 5 744
145 359 813
350 306 886
2 128 950
135 94 656
98 62 386
3 389 126
378 190 524
121 363 973
141 372 842
392 262 541
221 87 82
194 245 823
160 134 490
392 323 149
220 56 173
141 168 756
43 147 111
283 122 364
344 218 846
159 126 567
58 56 678
141 266 748
383 362 418
243 57 966
325 211 370
216 284 668
376 363 849
347 339 924
155 147 205
241 340 313
88 291 594
399 255 110
306 20 772
158 209 393
211 312 755
46 6 113
216 19 419
314 76 959
251 50 311
306 126 496
332 260 674
225 314 999
238 305 648
184 274 958
49 210 704
48 253 485
134 398 902
261 312 673
249 334 545
327 238 165
152 298 513
82 283 524
127 330 343
391 317 91
136 363 554
41 345 299
395 32 356
5 50 276
399 38 174
63 97 577
93 6 979
109 74 215
280 330 788
99 187 148
309 201 39
301 83 511
108 20 625
271 354 356
326 255 329
218 196 939
367 88 30
133 20 917
326 59 400
47 77 285
268 278 979
378 22 721
211 149 729
2 55 373
289 285 141
309 351 747
345 65 298
222 319 646
51 228 909
166 378 413
277 9 390
96 65 113
297 353 258
23 332 237
200 36 919
76 144 213
122 167 928
114 237 560
241 92 825
226 331 361
182 208 881
390 187 15
106 101 519
307 28 818
119 377 42
289 204 886
238 252 131
52 366 78
185 290 20
78 335 232
387 317 424
188 390 278
179 190 686
37 150 567
225 317 1
267 358 92
180 170 99
165 55 25
63 100 780
140 313 553
143 161 693
65 256 724
214 305 593
76 323 317
391 68 393
235 269 843
270 395 643
382 51 160
195 294 35
35 88 434
135 23 755
113 223 443
59 278 527
196 104 214
287 50 6
290 400 443
181 255 735
123 173 213
247 325 864
363 242 167
371 242 772
400 190 378
365 200 880
361 90 857
312 176 188
343 46 472
193 158 531
396 190 949
316 247 230
364 212 544
55 340 730
129 21 672
5 283 281
302 303 758
171 347 404
125 356 727
192 308 524
165 390 933
317 35 354
363 135 889
392 134 997
381 379 969
226 380 12
66 219 74
282 188 564
1 115 957
236 270 849
36 328 967
303 380 800
277 217 467
334 304 129
91 274 301
304 198 356
196 85 428
343 130 559
107 179 381
296 236 826
52 139 444
315 26 495
278 333 846
197 307 201
160 221 8
272 226 845
366 137 775
212 211 595
290 380 545
46 92 527
163 123 187
167 48 690
111 303 256
43 135 65
157 235 497
334 118 363
313 180 197
64 67 887
45 183 105
173 82 571
123 400 40
273 348 706
119 231 675
236 287 644
304 368 370
156 145 965
317 152 906
228 105 352
97 269 788
339 32 414
122 157 345
370 111 310
167 250 460
374 13 786
278 15 751
62 315 749
301 3 514
166 177 201
258 26 370
42 374 136
74 360 995
22 57 340
188 205 610
101 33 369
71 45 421
221 177 650
134 148 177
239 232 690
169 41 330
238 238 471
356 59 237
373 283 858
54 147 427
124 276 46
16 382 573
230 120 508
101 110 489
342 39 627
355 205 33
342 263 100
260 229 652
170 3 516
394 155 95
232 71 243
63 29 66
118 290 787
58 115 727
22 44 38
232 61 564
11 306 94
104 279 287
139 362 496
373 319 511
347 187 429
327 165 229
283 279 110
167 359 571
285 226 359
133 344 178
169 126 26
304 167 595
214 231 111
312 46 216
202 287 692
121 145 790
193 198 703
219 170 18
44 115 205
124 291 548
378 375 622
146 24 473
301 131 647
37 273 277
23 223 165
270 28 702
356 257 648
166 182 593
70 0 687
193 255 139
199 61 585
48 67 435
302 72 291
76 219 26
100 318 746
82 399 454
299 84 306
341 185 125
152 158 461
105 161 47
68 266 159
265 244 684
254 296 973
280 278 738
315 56 254
80 338 111
221 168 274
146 178 530
230 118 100
233 162 117
14 328 622
141 53 187
227 70 861
272 386 714
217 342 943
319 164 523
124 34 164
362 307 825
180 61 356
270 46 511
333 15 419
110 304 412
19 103 579
90 16 807
308 281 409
211 269 802
133 126 995
178 110 467
298 12 562
161 319 615
294 89 465
130 354 310
327 198 493
309 76 438
337 126 604
214 126 357
324 240 405
330 96 547
237 236 210
282 171 85
197 322 333
27 172 60
228 15 503
349 312 652
249 267 96
76 177 289
230 115 108
396 25 967
321 61 210
152 40 136
176 164 472
8 29 521
377 230 814
382 49 600
375 112 269
331 292 781
397 208 353
372 323 86
58 214 408
246 201 763
196 290 367
113 273 764
197 219 443
31 342 372
381 304 23
16 23 580
66 177 746
376 190 566
185 159 272
322 294 839
52 260 540
76 184 589
110 3 371
245 188 279
231 374 103
363 194 95
218 323 321
374 250 696
13 23 43
22 104 629
119 382 505
70 394 658
101 0 612
13 369 292
226 195 898
355 292 231
388 96 349
254 324 695
236 170 730
256 79 277
325 51 750
142 95 95
217 50 873
284 150 935
110 144 33
36 214 190
2 108 449
57 270 898
65 103 356
307 75 522
76 300 558
104 392 12
80 239 197
312 40 566
129 315 223
100 123 405
183 161 187
304 305 768
60 337 632
87 104 592
169 193 621
44 304 746
339 371 364
23 64 470
293 70 924
317 362 328
188 153 611
215 6 121
148 399 756
16 352 942
154 369 984
101 122 49
370 361 571
342 148 494
338 280 239
38 304 917
13 384 214
131 138 876
28 293 344
345 159 93
18 106 731
320 137 668
211 292 225
181 287 6
20 148 399
15 342 839
199 155 680
324 76 724
177 48 844
90 22 683
145 359 463
261 231 295
322 144 590
94 41 480
359 258 458
347 97 820
198 245 857
99 133 319
225 318 523
281 104 706
59 198 221
74 250 349
45 14 505
95 11 888
179 212 147
151 281 255
57 305 937
348 42 575
202 329 632
384 194 493
272 347 21
338 375 736
130 160 421
45 282 247
187 133 464
203 295 473
273 237 211
26 126 542
323 33 434
59 139 0
26 64 581
91 24 944
335 11 808
42 267 987
42 142 604
90 351 364
84 207 171
93 338 737
331 105 16
184 108 294
31 84 78
211 264 263
361 137 425
125 324 781
220 213 279
297 238 278
53 252 478
198 149 525
112 381 115
400 130 509
198 110 116
140 273 339
281 101 386
246 346 149
127 247 509
336 326 904
34 112 793
302 291 687
191 105 894
198 235 812
257 312 835
134 225 858
170 293 328
150 260 724
309 18 255
38 168 455
278 47 238
347 141 585
185 263 837
371 54 829
169 180 559
336 379 73
219 181 786
15 222 720
347 242 476
222 340 900
310 317 62
317 297 640
58 291 280
243 89 916
140 252 176
290 88 257
107 50 633
77 258 664
197 243 527
99 244 520
263 86 423
361 11 973
253 301 683
341 3 473
390 377 550
138 307 532
86 265 487
368 152 543
366 291 836
3 374 819
377 184 653
256 318 634
228 50 731
298 358 749
5 190 149
38 184 529
252 320 108
297 314 778
361 381 146
195 266 25
273 206 383
138 360 548
49 60 106
105 31 432
22 76 909
360 249 895
20 268 665
276 77 821
327 22 791
332 226 338
53 187 930
103 131 902
394 275 215
374 76 60
202 196 956
305 390 651
239 364 847
117 201 33
293 232 864
335 215 169
17 173 889
136 244 608
6 367 450
320 384 439
69 172 509
95 270 796
44 312 794
264 93 33
168 2 772
389 97 213
198 14 27
390 92 96
246 139 791
355 37 534
30 396 907
116 334 569
24 290 621
263 198 806
203 229 778
75 121 426
327 57 130
265 118 339
92 114 181
219 93 78
339 296 582
160 72 658
364 243 739
180 272 303
257 394 388
165 99 44
368 137 277
216 395 279
287 325 422
238 297 497
91 27 927
167 308 452
391 141 931
293 165 675
326 260 416
247 332 525
319 303 73
165 133 810
351 314 839
317 284 708
202 280 482
187 43 147
362 32 891
87 201 302
368 280 78
5 231 709
277 8 389
109 47 978
98 332 789
202 205 496
113 23 702
50 135 731
336 9 653
250 313 297
393 397 448
109 166 191
211 322 494
351 212 689
62 76 28
144 114 510
244 310 464
363 245 278
340 25 620
271 151 783
202 85 97
361 216 590
151 123 632
219 380 457
1 187 283
123 363 619
364 301 846
386 57 142
197 318 884
359 203 391
33 198 642
301 65 852
315 199 734
246 136 165
22 3 536
52 157 958
342 155 392
156 382 492
367 252 533
221 41 989
159 323 377
169 233 996
65 179 820
171 111 571
248 238 64
211 186 216
16 250 704
277 339 886
264 106 248
232 124 117
185 187 599
211 365 280
292 24 469
303 113 502
20 153 454
313 388 514
74 345 863
256 153 111
144 145 727
237 180 896
309 274 266
199 374 170
353 388 965
253 29 445
109 127 286
121 49 380
4 159 330
219 356 326
266 268 234
173 323 930
380 83 125
271 203 96
313 218 845
158 307 232
332 103 269
343 106 417
377 209 302
195 51 866
354 231 167
334 9 787
222 102 152
218 102 119
69 318 536
14 378 42
148 355 355
396 343 600
177 129 844
81 63 286
285 78 163
325 8 187
43 345 868
307 351 450
347 241 888
390 389 72
309 201 361
277 98 911
372 203 260
153 326 160
15 194 678
120 391 46
86 347 367
112 310 452
275 108 917
196 137 835
323 205 288
44 24 86
47 134 612
171 40 979
355 298 464
167 370 117
276 85 73
55 239 64
373 233 632
334 357 790
211 213 218
79 323 901
119 3 723
256 194 361
326 216 229
138 40 259
362 384 891
250 393 758
194 295 811
295 224 388
83 233 872
315 135 129
79 330 931
221 191 794
338 198 601
49 225 27
73 55 581
347 350 572
215 173 980
244 65 116
50 322 43
346 379 758
363 37 353
58 214 627
61 248 498
165 139 493
35 400 79
248 57 60
305 120 265
125 168 90
355 295 212
152 102 876
232 0 826
350 60 273
196 340 663
83 69 880
55 80 798
123 93 181
17 168 949
347 187 992
235 386 494
171 353 361
370 103 615
90 203 110
278 63 357
351 177 507
292 327 679
158 55 204
40 278 454
176 4 664
74 362 513
76 243 641
169 4 39
27 11 775
223 322 101
142 108 462
385 120 215
28 250 497
53 176 935
82 61 738
383 385 245
343 322 29
158 316 697
237 27 720
59 176 304
95 77 465
78 316 79
241 261 624
226 180 24
352 167 816
340 248 375
174 31 956
150 77 914
81 246 565
188 353 532
224 266 724
222 342 514
352 396 944
54 61 760
137 95 402
297 310 660
32 285 841
230 57 315
69 164 305
43 118 188
394 13 181
311 343 195
92 198 572
68 154 298
366 107 428
197 197 18
320 269 321
97 17 610
254 67 542
366 325 321
337 138 784
176 126 140
263 98 651
392 235 862
146 293 869
300 345 391
57 370 623
93 361 615
245 51 909
244 354 722
235 8 30
144 247 655
248 348 289
245 302 919
122 54 161
84 289 561
135 332 296
166 395 208
129 191 705
125 267 959
145 304 605
188 200 984
166 376 920
144 288 601
179 144 117
190 151 764
86 208 586
391 292 875
27 200 459
206 371 474
288 67 690
216 117 684
184 128 45
107 302 923
148 237 176
310 173 438
332 24 934
227 152 969
191 39 437
58 24 585
376 102 60
136 116 629
197 230 12
40 118 371
358 145 521
270 276 534
346 226 236
35 222 280
53 185 340
330 28 226
160 360 635
8 305 582
15 105 7
223 318 360
330 122 666
267 33 318
52 203 449
283 43 729
319 338 190
239 336 75
164 158 317
185 4 338
19 147 376
299 184 639
291 285 960
383 333 651
383 134 490
234 53 293
88 198 374
179 94 172
84 299 759
295 331 188
169 390 97
141 178 858
395 205 470
37 341 126
139 254 670
393 185 480
358 301 770
103 281 458
201 21 545
320 375 678
33 122 71
289 334 425
232 302 715
311 179 130
288 390 176
253 288 101
219 142 611
362 132 825
224 256 877
5 22 694
67 337 248
98 141 104
197 71 150
60 346 296
301 235 860
147 130 19
157 110 864
258 67 148
395 106 119
232 351 806
84 13 954
235 219 968
247 179 123
314 75 986
149 301 979
353 26 928
377 56 595
349 92 547
13 40 101
350 287 779
27 385 951
394 214 773
252 379 880
213 276 364
4 356 167
107 188 315
204 123 684
30 231 79
319 295 497
206 131 228
208 25 482
148 132 515
24 75 737
197 71 168
151 372 765
39 58 771
272 351 197
247 125 500
75 374 209
37 336 70
223 231 246
60 101 896
290 261 624
292 230 120
294 180 561
319 305 717
75 353 188
379 306 614
382 341 483
143 227 857
298 110 742
165 134 398
192 103 78
97 389 725
44 389 850
136 364 626
24 36 799
190 31 722
316 358 729
197 181 342
314 375 817
257 264 984
157 112 110
379 31 780
51 174 651
8 84 773
193 33 588
90 87 338
301 211 701
399 37 695
133 65 269
28 285 664
288 399 26
287 149 970
216 119 414
138 321 256
190 295 924
168 390 83
130 3 399
37 101 733
43 339 215
110 105 507
56 263 698
116 215 967
210 252 613
398 272 951
95 136 366
193 187 508
383 236 497
151 141 168
171 361 212
182 281 831
228 238 638
264 83 391
180 103 724
281 115 571
70 98 547
308 152 797
235 186 282
127 367 955
296 395 929
297 317 810
183 377 895
66 33 435
356 258 344
208 22 821
282 248 177
197 248 644
374 344 994
160 97 197
236 288 130
126 130 737
181 397 369
122 179 738
314 60 90
36 249 667
124 324 614
282 101 460
55 171 901
278 261 388
224 20 193
252 189 692
210 152 70
215 64 169
122 182 441
354 266 153
245 112 254
222 43 556
71 387 464
239 234 743
372 400 433
129 30 42
210 175 17
252 92 628
19 293 623
302 67 618
6 165 669
40 26 403
2 71 342
291 169 477
180 219 867
5 204 128
153 280 66
174 244 636
31 38 878
400 214 656
118 23 497
281 331 172
204 374 326
30 164 69
238 139 891
196 40 850
316 138 661
315 106 366
254 144 426
208 65 637
225 60 976
5 234 788
244 247 302
221 308 403
9 15 286
16 295 230
261 286 459
153 24 249
7 305 92
229 116 563
366 146 75
219 181 794
283 203 545
25 356 163
144 72 58
349 215 627
280 170 683
62 63 393
243 172 613
52 96 105
354 217 621
284 351 724
369 316 271
166 376 896
2 37 210
92 103 188
11 23 200
318 61 810
249 293 849
24 258 127
295 48 731
41 373 186
192 231 19
37 346 20
137 74 92
332 374 924
264 351 338
123 343 947
346 46 267
137 349 372
144 124 37
328 103 686
358 265 558
309 190 859
165 163 414
139 66 839
43 67 122
76 246 11
95 1 923
141 284 141
163 220 848
235 62 399
34 377 867
320 311 181
310 336 408
298 209 374
300 254 329
279 116 583
46 241 511
78 80 46
395 233 216
41 367 533
316 24 898
330 203 838
99 272 495
122 123 678
123 314 213
69 377 208
257 276 192
335 137 75
129 337 712
48 284 655
85 91 588
117 181 444
131 7 144
101 231 641
40 273 153
137 120 878
384 321 694
191 226 305
82 221 797
229 317 285
82 64 246
56 101 537
67 78 38
147 383 594
85 305 927
275 6 393
143 182 217
248 360 164
188 37 50
233 171 0
165 326 868
167 76 435
339 60 77
274 200 395
90 215 260
379 50 984
198 273 838
311 66 910
387 223 514
42 143 94
127 167 469
211 170 503
187 298 785
232 101 231
379 349 931
15 353 872
336 58 931
68 185 507
372 355 373
158 100 159
256 329 271
12 311 144
274 263 580
251 225 568
121 340 631
192 110 168
196 25 73
372 110 963
381 58 321
82 219 101
130 313 389
369 400 729
221 131 676
21 88 848
286 400 554
90 137 783
53 258 171
80 189 116
113 188 623
73 128 388
205 74 738
293 337 679
117 320 608
32 171 237
313 149 572
130 387 323
141 184 514
32 112 782
134 61 911
336 131 18
231 291 37
171 50 679
292 141 716
25 15 819
245 11 344
21 370 433
347 364 345
112 214 131
30 165 298
341 391 155
257 75 980
3 94 421
347 285 4
342 304 816
126 248 322
198 153 186
38 7 636
55 253 551
39 37 738
205 22 618
118 213 933
349 307 947
258 303 820
240 129 155
226 244 28
228 43 882
131 111 378
194 132 609
180 295 780
282 143 163
107 377 986
241 321 654
193 252 245
313 344 361
202 233 377
371 193 608
90 261 635
155 142 961
117 345 58
154 7 286
158 27 672
94 134 559
264 176 442
141 162 951
64 12 329
345 270 45
241 21 771
371 65 713
204 205 961
357 301 840
151 262 312
161 322 725
297 237 930
228 0 439
385 315 700
215 200 921
2 178 938
284 67 633
216 89 558
284 69 83
277 244 149
397 39 547
205 272 342
23 187 273
235 331 175
65 323 822
117 380 816
148 349 487
350 160 664
171 367 936
158 349 852
262 128 555
73 384 77
97 289 135
43 358 123
294 61 524
306 205 201
198 141 917
382 229 851
46 99 639
219 26 971
331 134 543
387 245 181
298 189 127
88 313 653
178 270 729
399 100 385
235 88 524
269 303 829
381 87 929
200 92 83
333 10 855
71 127 957
153 58 304
296 96 475
312 3 324
283 57 194
257 86 67
285 71 739
133 325 902
144 175 746
240 252 771
75 23 206
2 107 574
230 319 412
284 16 694
139 52 305
33 343 496
199 258 279
254 99 370
194 105 171
60 43 801
166 41 700
398 109 494
181 70 44
370 69 259
366 61 69
90 58 830
339 259 214
54 391 282
222 53 529
143 235 474
177 247 652
176 305 445
261 379 890
354 323 859
108 14 514
73 251 939
133 122 480
69 201 689
32 281 47
164 287 627
184 13 114
136 245 826
362 117 450
344 66 869
333 342 284
242 259 820
360 232 798
221 341 36
120 50 370
287 157 254
384 394 582
150 338 578
329 197 171
196 21 742
252 373 923
333 212 913
286 341 502
60 93 563
42 88 57
149 12 393
318 93 366
55 137 628
162 230 942
322 150 157
288 170 522
312 38 3
392 234 188
297 325 729
52 57 601
329 178 64
46 332 955
303 259 795
278 46 720
287 189 723
179 362 932
273 326 759
73 57 186
200 2 408
251 156 809
340 346 323
22 84 993
263 40 796
73 251 674
285 269 427
395 103 660
213 89 461
63 122 390
229 110 109
293 337 749
311 232 572
30 236 436
18 176 308
239 202 272
231 360 310
35 274 950
78 261 716
286 42 616
31 215 492
207 279 978
335 79 501
357 390 940
7 160 907
34 196 519
100 290 483
189 282 572
240 350 797
60 320 344
246 118 986
167 95 619
394 94 128
276 316 234
210 207 493
384 67 96
174 338 108
7 38 92
323 259 786
360 355 3
224 237 210
220 310 600
254 86 438
22 351 30
400 261 15
284 80 718
20 325 308
366 204 131
87 335 95
64 317 465
231 327 544
226 235 274
268 47 866
12 173 553
371 339 21
106 212 877
164 388 640
32 302 353
228 38 951
354 60 794
88 264 997
377 272 191
368 14 335
156 366 62
113 370 489
52 289 589
207 94 543
230 127 420
369 395 914
300 231 712
121 129 396
34 348 196
371 148 80
105 122 334
77 374 11
161 155 445
331 274 436
169 268 806
382 154 175
293 59 82
284 305 642
325 113 601
119 17 4
369 43 558
193 357 624
156 323 249
153 252 900
8 330 710
153 2 923
181 305 571
137 151 655
147 387 395
346 329 148
304 384 548
148 17 501
95 202 321
294 121 713
342 139 18
371 15 931
125 155 506
180 170 910
182 47 854
355 395 207
325 78 212
5 26 611
287 262 223
124 170 267
0 390 763
75 320 218
263 70 239
344 137 131
185 56 538
96 344 865
249 269 689
269 177 59
153 266 734
143 259 198
360 346 175
121 66 366
7 207 319
98 289 131
46 370 812
152 311 606
216 42 15
368 157 945
387 167 925
26 106 573
65 281 740
41 71 640
340 362 653
61 335 499
184 123 861
390 261 672
386 204 538
162 203 177
3 129 669
80 115 146
272 356 615
205 118 782
172 356 202
94 92 958
204 53 698
154 164 574
73 212 529
247 282 218
38 201 432
182 391 943
167 346 868
301 42 417
249 346 974
15 262 264
264 149 291
190 196 52
21 152 755
336 163 886
325 297 876
336 355 939
331 23 439
165 191 403
332 160 544
4 133 270
377 247 594
94 222 389
215 133 545
373 318 982
73 302 520
8 228 994
175 318 563
9 197 81
85 17 42
244 125 810
70 103 881
293 287 633
149 116 299
126 268 471
117 293 241
18 370 327
6 90 178
97 97 735
72 211 823
24 278 106
110 175 52
162 219 131
221 158 533
199 164 718
54 116 982
51 350 663
35 311 775
77 154 24
298 15 913
64 220 248
40 301 341
384 105 10
70 329 339
258 295 327
60 115 732
378 375 394
228 300 116
38 220 134
113 36 496
45 93 401
206 296 970
275 349 825
184 394 331
331 279 383
25 199 183
15 379 723
162 130 932
344 361 836
88 133 790
64 41 11
390 27 121
359 35 595
61 150 14
375 376 559
337 352 404
228 137 987
56 114 583
172 11 862
387 200 881
238 190 562
313 231 365
285 342 584
44 222 28
29 155 588
274 347 892
34 193 42
172 262 971
206 178 590
320 335 279
134 0 496
168 223 942
184 228 770
26 309 812
340 48 18
334 266 436
31 46 143
15 328 817
182 50 354
205 374 572
318 69 192
358 353 48
106 112 63
66 233 740
247 367 195
241 281 446
29 309 320
184 73 435
61 387 72
288 31 570
66 395 295
69 174 200
176 331 640
141 119 405
192 160 644
362 149 868
121 12 874
115 244 404
98 308 204
61 204 476
149 231 697
261 21 121
214 271 968
374 150 27
173 76 315
137 367 869
277 211 54
238 235 127
379 96 839
270 255 603
29 212 782
48 77 367
4 176 837
67 378 484
366 240 760
82 143 786
207 248 48
212 154 11
81 184 201
239 363 187
216 186 908
386 126 686
307 110 862
69 15 311
316 335 939
304 324 133
22 334 574
86 20 879
281 390 907
6 104 470
34 6 44
231 359 703
279 312 529
16 263 340
196 276 787
140 245 660
284 299 205
113 206 824
192 122 715
252 48 314
396 127 995
54 68 641
94 275 405
16 36 238
340 144 875
230 193 113
72 128 43
326 237 398
93 339 607
309 65 157
94 155 925
156 387 386
170 396 405
255 85 319
224 156 210
329 361 912
391 381 4
338 321 508
196 30 891
249 373 285
6 73 949
378 250 696
279 327 447
286 238 19
102 233 774
295 294 921
233 95 200
132 393 795
342 34 579
342 309 6
33 319 708
304 358 975
150 10 422
155 345 560
278 233 472
301 42 878
50 172 75
108 2 987
177 59 135
38 384 198
206 203 784
179 290 756
191 77 347
273 78 117
118 147 589
387 231 796
99 261 615
214 69 162
339 301 715
223 258 964
29 328 795
104 29 301
124 274 892
138 71 173
68 259 670
129 117 916
67 89 714
25 181 602
256 382 268
205 167 563
392 30 703
50 360 704
78 224 357
15 123 947
263 159 635
166 311 990
241 388 587
385 128 457
243 184 297
241 390 235
201 19 219
361 212 908
254 381 941
131 234 61
13 21 762
43 183 275
381 375 960
353 152 652
351 249 128
377 192 916
199 47 692
313 174 211
25 392 820
310 80 19
93 294 137
272 298 852
34 109 549
352 169 287
223 391 644
293 323 559
341 223 159
227 87 641
139 10 920
284 358 716
241 159 212
203 284 156
142 225 20
391 166 152
16 234 163
106 181 590
297 351 420
108 102 795
395 313 293
156 55 829
162 216 424
233 86 679
317 322 453
328 158 231
39 209 617
359 108 393
247 139 448
264 107 99
8 385 286
163 367 170
332 305 16
115 298 99
121 229 46
30 241 176
46 89 75
137 329 941
155 252 702
370 225 452
65 185 359
356 132 126
312 150 126
4 265 990
94 50 818
224 163 99
6 177 525
273 369 449
326 181 284
139 179 151
61 336 359
328 71 412
359 107 443
400 75 258
230 289 824
334 4 313
133 300 217
25 20 737
11 22 939
319 142 199
137 61 745
90 170 709
187 66 281
176 298 647
96 259 664
360 377 417
48 315 685
196 190 895
106 309 714
323 74 246
223 21 606
294 177 156
112 76 306
363 362 857
305 296 192
56 342 676
95 198 761
137 90 113
58 100 133
80 355 301
165 242 151
144 2 335
192 154 449
141 184 214
343 286 435
116 61 596
312 146 911
50 350 104
228 381 481
142 133 328
338 70 266
71 364 103
184 276 326
364 199 985
144 100 297
170 205 742
140 318 535
336 9 422
166 46 717
286 150 388
289 161 77
192 161 67
92 213 335
86 269 313
162 253 749
225 239 278
157 163 742
20 101 428
222 249 804
395 182 94
322 295 803
233 158 443
81 125 586
213 266 535
23 119 279
17 138 303
279 60 877
231 368 85
39 296 904
151 359 42
207 71 961
52 244 620
307 185 929
367 331 515
204 390 16
371 130 120
87 157 87
340 286 920
293 165 949
365 378 239
139 162 752
223 300 325
231 236 845
16 357 128
165 16 940
109 75 161
10 382 120
176 26 149
233 294 577
386 301 890
348 30 532
52 195 769
144 328 96
198 192 771
139 337 131
162 341 122
42 183 626
362 315 979
103 152 999
212 221 225
178 17 992
99 113 349
32 155 885
288 213 378
125 113 580
161 21 764
372 111 386
356 138 278
112 309 830
24 325 516
260 69 42
304 113 810
27 34 480
59 103 771
354 135 793
244 68 612
145 176 834
354 174 492
143 359 872
88 368 188
7 204 197
361 389 188
397 342 684
400 30 175
210 228 114
29 124 616
344 368 311
146 272 697
207 32 42
347 75 949
354 355 443
224 218 407
205 285 774
62 129 802
372 199 189
300 73 970
55 187 448
281 369 782
152 307 926
294 10 662
348 366 124
67 51 954
279 218 142
180 241 21
58 189 580
272 112 647
225 4 395
150 133 70
192 117 518
262 142 569
251 196 675
228 203 318
154 209 678
97 372 377
15 16 175
216 193 287
249 82 131
173 181 643
252 41 817
20 231 532
381 227 123
134 271 804
254 187 491
385 161 706
37 219 488
124 170 371
0 351 593
88 396 320
110 87 111
19 73 672
16 3 483
134 391 883
82 224 456
113 270 502
291 286 919
288 373 260
110 215 31
284 139 49
158 126 435
313 57 764
300 322 186
386 282 335
298 374 695
5 238 526
245 127 474
373 289 32
56 325 427
0 126 836
298 94 107
270 242 259
55 74 634
90 78 13
42 253 833
198 28 178
347 311 149
267 99 486
393 364 837
299 185 956
397 183 136
197 188 77
90 362 111
68 22 228
99 47 610
359 111 40
224 274 357
36 351 41
303 245 623
201 124 632
41 391 744
286 24 327
218 308 424
162 185 451
76 260 200
221 264 994
347 386 190
170 105 828
106 11 353
294 177 732
77 328 687
21 286 144
224 104 567
105 14 360
355 62 741
268 72 898
218 374 926
175 189 275
150 157 795
303 361 123
244 260 458
129 384 642
96 118 640
377 267 637
74 55 995
82 306 32
294 59 348
1 374 824
339 61 162
398 136 442
79 150 561
242 360 507
49 118 660
151 185 441
207 59 664
282 321 365
359 52 642
94 354 160
137 77 520
219 197 626
41 16 928
359 311 785
17 282 235
391 25 377
114 178 997
305 333 895
254 31 287
399 328 858
183 259 895
20 213 833
329 186 378
145 112 313
81 52 945
164 387 50
49 52 781
251 301 466
170 4 755
167 383 249
279 368 508
346 21 205
152 296 105
147 82 514
128 339 619
198 148 597
272 345 5
268 236 74
135 198 100
386 363 95
215 55 257
218 148 539
318 301 605
348 24 331
42 321 603
133 306 460
196 199 28
391 82 576
255 237 803
287 32 612
351 37 883
83 273 60
98 275 985
186 151 492
252 292 469
265 397 100
2 107 736
189 148 852
321 374 868
217 175 199
135 340 317
30 266 301
73 60 452
276 60 316
306 317 266
292 380 251
305 386 506
52 231 882
101 198 802
341 286 824
137 184 60
233 226 847
84 233 676
137 137 331
10 203 506
86 381 687
125 318 500
59 278 739
157 33 855
382 92 45
400 262 257
194 2 793
64 216 114
287 87 619
270 86 192
222 354 400
137 389 919
97 260 6
86 332 654
132 358 953
317 326 406
302 215 585
367 106 205
311 169 610
330 9 287
273 139 726
269 277 73
298 250 614
395 162 448
390 179 852
134 373 655
149 364 315
180 217 436
254 151 692
351 82 982
252 0 93
81 81 410
152 88 380
3 11 983
170 143 842
394 298 755
40 158 326
221 129 367
60 28 924
109 260 754
136 303 788
170 2 424
195 21 217
316 117 235
245 88 143
239 35 552
342 299 42
42 108 200
118 34 187
222 69 291
337 312 254
363 45 242
294 92 634
320 272 773
131 65 676
382 87 476
341 191 459
132 159 853
369 153 360
348 369 679
57 15 712
358 358 507
281 358 609
315 279 124
295 199 331
260 93 548
253 224 149
353 370 285
318 158 151
10 143 626
83 267 294
272 153 272
92 140 469
157 279 251
111 181 891
58 8 303
214 34 733
214 62 80
147 232 478
109 279 81
48 221 242
389 157 596
351 95 429
82 253 122
179 369 915
337 222 402
209 333 293
231 269 219
161 209 758
253 80 526
347 17 920
108 92 538
46 177 656
171 74 789
54 337 279
73 41 379
357 264 658
84 368 447
329 387 148
180 394 812
238 343 708
197 176 496
321 198 159
200 205 688
3 397 187
29 296 367
107 3 195
271 90 732
209 23 967
234 189 699
28 171 909
227 104 337
242 249 474
11 189 224
233 307 0
245 103 546
320 201 602
153 246 659
262 50 720
208 203 945
89 160 40
174 221 107
92 225 915
357 138 832
78 280 146
244 315 50
51 302 304
270 126 32
55 45 303
129 367 842
59 171 880
165 166 539
65 225 455
372 90 418
324 35 702
365 248 923
216 233 910
277 90 728
341 73 331
260 191 186
143 105 490
58 190 973
131 272 464
379 85 244
365 319 910
172 137 511
123 106 581
174 69 692
195 214 985
284 286 720
119 155 977
154 67 148
385 294 462
297 279 263
183 11 677
116 384 507
173 141 920
307 175 246
118 95 671
287 115 716
310 196 854
305 364 232
392 347 161
317 158 70
354 282 694
225 12 468
338 328 538
229 389 932
317 308 524
16 330 619
13 124 31
166 210 884
182 80 3
184 110 265
204 137 883
79 321 732
126 52 844
157 362 693
301 25 485
215 107 668
399 144 257
188 24 194
193 164 978
103 173 713
36 253 855
257 133 163
264 353 646
142 97 990
204 399 904
391 262 370
160 18 317
235 302 177
235 81 101
295 113 899
262 350 635
393 292 971
199 124 715
5 395 173
326 172 290
195 239 509
124 29 298
303 332 360
169 208 481
220 269 130
382 345 944
20 269 866
7 368 220
201 26 65
103 191 724
318 130 409
382 387 603
138 247 598
166 174 277
263 190 460
120 266 699
250 272 37
129 87 280
66 93 375
64 179 302
356 165 977
19 245 702
39 270 987
199 108 485
315 106 552
349 244 429
244 239 749
103 162 948
134 348 518
344 277 93
0 169 494
335 387 271
34 72 636
107 368 421
361 388 507
303 98 418
313 362 985
219 188 180
359 280 12
263 269 191
119 114 998
246 337 110
245 26 425
156 300 478
147 150 840
239 298 35
343 239 133
250 302 978
302 308 524
160 307 923
251 217 879
73 110 656
302 234 106
156 73 620
32 111 214
307 292 319
68 37 64
18 349 867
106 71 648
306 249 584
375 159 126
307 174 555
125 204 852
154 119 688
198 390 112
258 82 94
376 201 369
18 151 851
162 10 831
194 188 461
110 90 771
279 197 488
341 283 802
146 163 552
304 29 281
58 40 715
313 254 812
331 151 23
393 371 517
54 366 426
11 85 778
224 105 271
112 61 387
22 102 947
330 395 876
28 111 320
275 380 322
271 90 652
359 161 532
100 226 319
392 279 630
109 64 770
71 43 717
118 209 427
31 151 957
151 167 341
332 265 651
283 105 655
210 66 711
290 188 374
280 198 552
314 289 402
109 338 14
39 15 64
94 184 125
364 298 482
7 18 631
78 221 132
234 210 601
160 301 129
147 182 715
49 393 613
349 304 684
393 39 595
344 21 651
245 237 297
46 181 354
320 318 996
113 138 933
265 47 412
93 378 873
364 78 652
339 46 745
162 331 67
294 287 33
70 44 105
287 240 992
185 107 624
212 212 57
195 289 783
347 133 353
144 381 909
292 173 789
88 305 648
205 176 656
350 188 891
272 51 872
214 75 96
296 324 800
182 348 512
16 11 998
207 234 992
368 60 849
342 336 616
74 312 208
284 263 472
147 209 855
208 279 744
15 56 732
61 277 341
279 54 498
126 183 129
319 344 429
140 317 205
121 228 311
164 331 849
46 189 287
384 226 475
87 389 20
400 324 566
162 302 627
342 214 777
132 181 182
308 196 764
82 319 709
308 93 669
122 128 538
316 8 323
76 122 632
255 96 535
225 260 99
212 191 108
107 33 703
334 263 984
248 57 902
285 236 9
106 85 70
9 392 363
47 208 253
220 278 391
92 35 986
305 212 56
273 177 618
131 303 281
181 200 44
110 280 420
3 229 126
154 213 30
106 112 57
97 174 553
365 62 398
66 149 154
285 269 917
374 237 91
257 30 369
374 249 905
129 337 106
89 155 265
367 359 561
362 359 936
227 322 877
335 234 70
353 229 399
359 244 968
18 276 51
378 318 418
362 391 494
132 289 196
144 13 619
196 197 132
360 59 340
218 196 130
167 291 411
159 341 993
391 392 795
114 242 635
45 392 199
80 329 75
389 108 529
397 130 465
279 395 377
210 64 866
306 360 842
66 371 408
216 75 391
76 134 212
388 115 809
46 17 726
103 364 410
123 300 583
369 102 959
226 192 159
373 319 195
356 37 399
355 109 758
255 393 276
361 150 287
228 25 803
54 134 508
6 291 226
325 135 622
253 161 960
31 291 698
358 209 59
397 353 917
54 337 35
177 135 64
178 72 630
355 186 267
125 84 415
143 8 577
349 376 822
264 202 182
139 191 312
32 178 836
204 71 234
93 145 28
378 336 391
81 109 831
7 158 334
347 64 155
328 199 926
124 33 89
224 93 147
9 11 851
338 120 76
184 237 386
278 377 63
133 274 330
290 293 757
171 7 130
336 288 967
260 366 232
174 355 827
45 27 417
305 68 462
64 277 300
257 90 150
172 246 908
271 278 119
44 281 319
236 254 700
379 304 739
313 41 440
196 185 408
300 181 913
65 183 678
256 284 637
378 37 140
229 308 588
8 26 994
96 263 296
201 337 436
194 127 721
139 311 822
29 286 45
23 37 965
71 165 475
292 124 875
20 295 723
334 279 788
30 187 323
47 145 296
228 118 499
298 253 642
206 356 430
235 337 842
179 282 37
351 124 692
370 7 266
256 148 249
380 345 230
269 60 470
282 28 587
257 176 701
258 182 757
188 73 792
350 191 762
250 239 757
398 276 726
338 155 157
228 184 433
176 101 828
309 222 970
328 221 459
82 265 297
3 387 775
118 15 109
148 217 250
20 29 708
90 103 624
262 312 901
269 233 572
238 179 66
77 395 819
370 189 471
47 269 33
91 348 718
389 188 253
124 23 756
44 370 875
254 393 727
173 101 346
38 183 998
183 305 310
348 124 771
279 112 823
306 113 48
98 362 77
360 133 209
9 386 328
102 17 518
67 3 516
307 133 964
279 18 966
242 129 988
138 244 401
292 175 344
338 387 158
302 265 750
60 292 455
47 383 783
319 188 940
224 362 959
198 153 602
4 247 466
78 66 184
3 171 343
360 391 901
93 164 448
361 109 530
251 347 612
6 301 939
321 250 700
255 152 983
179 296 677
257 65 824
94 265 815
284 144 91
139 66 981
45 0 852
187 384 31
50 387 537
18 333 138
26 177 177
58 378 678
299 89 419
108 298 301
197 211 283
217 185 287
396 49 808
356 153 670
79 236 397
172 312 840
42 271 16
47 362 726
199 393 661
98 355 72
230 202 942
266 188 474
190 15 630
24 151 862
266 283 586
242 334 352
270 336 32
196 383 136
280 115 616
163 15 954
156 127 829
343 389 390
244 127 427
326 126 898
381 41 54
217 237 491
320 305 993
321 54 391
358 108 454
378 103 203
11 169 853
41 344 652
112 248 646
246 164 940
304 115 192
163 322 39
289 216 847
322 350 980
316 202 267
393 307 72
355 242 755
319 134 977
189 83 684
99 121 152
2 348 598
17 6 4
191 249 640
36 61 31
18 16 573
138 92 585
153 98 360
354 211 872
11 98 805
213 310 732
43 54 582
51 132 23
257 5 36
157 33 531
55 375 762
121 115 242
223 230 184
173 128 835
161 81 769
149 98 705
224 286 836
142 77 949
51 315 343
185 171 538
138 298 54
322 195 152
364 52 418
31 49 55
60 258 663
341 369 643
352 121 486
122 61 316
266 1 326
16 331 86
48 62 889
271 378 750
103 358 295
85 13 421
138 167 312
21 381 70
266 363 601
346 233 778
173 400 64
155 345 307
93 322 353
305 305 489
245 8 12
238 67 505
169 238 947
83 342 358
388 145 882
117 232 296
73 9 932
164 173 144
314 345 277
257 395 360
218 15 662
286 14 905
10 69 890
128 270 42
397 15 799
331 278 643
143 91 791
137 14 799
249 70 245
361 245 764
374 318 72
210 220 113
104 192 360
225 275 85
392 153 379
339 51 691
219 256 101
114 307 165
362 238 571
391 66 587
211 335 0
233 372 877
11 77 850
270 49 333
267 6 247
277 204 191
342 157 148
207 103 128
57 179 767
325 294 730
331 226 678
147 199 201
47 30 195
1 315 919
66 47 290
166 224 503
159 374 845
326 11 424
345 76 330
92 25 564
128 320 140
259 255 521
362 353 740
302 356 259
255 128 407
349 160 234
251 22 894
306 271 241
299 331 809
140 165 793
355 178 725
370 98 545
339 144 780
394 251 957
357 283 856
112 369 674
75 247 37
43 258 534
214 269 438
241 350 911
6 321 13
57 17 906
194 190 983
211 64 278
372 304 233
21 100 116
36 228 566
70 10 506
305 241 77
193 82 977
314 59 641
230 247 258
53 213 350
39 137 602
42 367 628
334 74 311
293 33 669
373 115 822
156 237 831
308 221 892
41 183 532
26 178 803
70 224 121
332 323 262
296 3 911
211 23 3
315 24 270
30 85 171
65 103 685
324 332 949
48 118 298
130 6 978
377 128 168
65 223 195
177 359 211
330 188 755
123 342 105
394 88 689
135 197 657
185 53 157
60 235 737
36 106 466
255 67 842
357 360 386
309 52 807
207 252 957
329 307 988
357 127 351
244 351 564
58 108 973
380 321 446
242 70 996
170 31 860
45 33 429
181 167 115
6 203 909
157 319 449
103 203 844
205 281 929
388 346 561
119 95 434
296 341 531
53 63 402
259 298 357
140 319 19
116 270 486
11 106 829
333 25 360
144 342 514
301 144 567
224 16 351
55 111 336
63 170 95
52 4 748
324 161 849
247 53 74
198 304 166
369 357 80
307 276 56
251 37 854
271 393 631
205 1 462
116 287 934
339 204 710
230 209 934
281 163 599
68 266 391
21 20 830
22 142 557
187 377 357
266 216 928
79 134 739
190 369 620
294 345 996
387 254 843
25 236 312
327 187 398
315 6 314
148 351 686
343 200 868
8 74 200
208 26 513
325 159 420
337 237 676
175 260 793
293 196 170
155 326 288
48 318 245
14 322 582
125 291 773
198 110 575
213 11 998
330 350 53
334 240 16
278 154 882
8 337 186
275 336 683
395 294 999
326 260 773
144 365 752
383 267 633
104 9 682
109 224 714
389 331 372
310 141 475
392 224 122
138 303 233
90 393 3
18 82 383
357 382 16
323 86 433
149 146 132
301 205 274
228 76 21
128 215 250
135 279 370
147 294 138
389 341 919
358 308 916
54 354 65
167 129 809
202 15 847
384 333 935
181 26 723
300 27 619
389 387 129
361 31 394
89 257 422
218 145 123
208 154 729
373 201 176
220 176 215
328 390 824
275 39 485
322 96 998
256 160 873
333 273 19
131 114 855
275 0 876
155 336 6
381 153 274
174 66 842
316 208 401
366 305 661
253 381 479
10 223 758
121 247 513
341 57 836
298 73 541
377 126 982
335 74 875
139 103 874
2 164 157
2 317 802
232 107 757
180 10 323
317 227 71
45 64 900
394 168 455
334 277 609
8 19 495
59 44 868
278 346 536
69 11 523
247 327 189
158 4 781
318 47 619
359 315 969
299 122 184
312 131 389
51 383 310
279 138 600
248 206 630
120 265 510
3 328 786
255 115 459
229 98 954
80 254 268
360 140 201
151 326 176
282 340 636
334 300 868
384 197 568
351 188 600
160 104 705
47 87 892
60 226 375
117 161 809
376 154 908
257 160 337
248 164 576
245 225 820
373 36 94
53 55 364
290 33 677
99 217 588
344 24 39
225 31 336
38 247 402
135 162 243
363 172 202
251 279 545
280 309 881
78 278 467
251 64 815
89 130 21
350 161 197
25 224 3
103 160 363
22 204 822
367 181 337
148 338 374
302 39 70
335 65 171
289 75 791
170 3 634
190 264 599
63 34 739
220 274 1
32 381 695
394 329 249
165 85 819
396 168 629
253 236 894
182 364 848
28 151 33
87 334 175
231 94 256
156 151 10
288 107 383
128 66 37
178 73 894
121 133 403
116 328 893
332 24 690
234 290 12
173 335 200
99 261 324
339 337 421
155 399 98
150 390 855
333 172 817
60 34 24
18 400 543
263 72 267
102 71 725
372 305 111
225 118 988
251 19 884
345 230 148
396 99 870
258 140 410
146 50 781
73 201 474
160 21 562
149 63 988
158 334 659
368 163 491
332 192 767
276 128 635
169 209 583
388 383 788
234 371 402
344 187 690
210 237 725
153 204 642
296 348 652
23 204 743
12 311 10
110 101 853
372 388 565
113 159 210
136 191 251
357 41 149
366 9 323
59 37 950
113 354 134
370 307 24
367 338 142
104 56 467
384 25 799
227 37 530
23 219 473
333 339 177
291 308 325
110 303 574
78 183 238
129 299 94
160 189 952
122 369 236
52 221 876
329 247 939
391 324 172
368 100 624
386 159 699
157 136 544
245 96 588
185 67 951
221 343 897
366 348 419
323 232 201
299 308 398
374 7 339
217 260 626
175 35 650
253 184 473
353 30 485
70 86 343
159 269 881
126 6 439
143 102 419
77 316 586
170 129 929
332 370 842
367 180 986
41 185 288
378 44 177
258 52 262
143 344 820
272 397 805
176 111 744
116 326 396
179 86 596
321 183 750
1 91 954
136 167 576
154 177 711
44 237 77
391 102 559
265 392 746
245 362 88
74 354 542
389 292 898
209 121 665
259 338 158
190 387 77
229 250 22
11 300 585
269 320 780
38 28 547
188 350 63
291 12 302
301 128 288
33 79 519
302 256 69
233 342 987
240 359 352
25 278 481
33 9 465
166 115 983
240 247 618
119 27 20
365 64 139
292 17 386
158 113 102
5 141 582
120 351 53
291 300 28
165 290 665
385 45 285
105 194 711
362 332 898
333 225 855
398 107 109
135 13 360
389 163 669
169 166 786
151 281 834
50 339 69
81 308 840
369 156 4
309 395 650
379 400 380
191 270 566
81 249 64
145 145 529
296 294 452
98 134 425
382 271 346
181 47 466
104 355 734
99 237 654
375 7 485
106 262 621
350 361 357
190 316 281
349 46 771
88 276 92
66 371 241
200 77 690
309 135 167
336 229 741
169 265 939
162 42 944
93 215 926
36 255 606
246 215 260
121 123 610
220 210 110
173 44 232
285 9 861
164 313 533
288 244 900
58 176 295
69 140 694
150 105 133
63 245 998
146 322 418
97 14 719
331 36 832
223 122 526
201 211 504
363 342 646
148 305 92
107 333 901
179 144 92
337 143 932
235 119 208
188 38 521
88 11 931
241 200 392
68 273 317
119 126 897
88 133 301
137 265 124
5 363 854
198 353 855
191 236 169
336 388 369
388 250 719
7 327 545
268 258 272
114 281 493
261 393 505
303 135 260
373 246 558
294 50 488
34 107 190
11 181 651
121 137 783
52 331 713
190 69 312
141 67 389
285 158 428
369 348 284
374 182 910
395 366 264
34 156 41
71 397 661
349 172 436
54 104 716
90 181 946
180 276 187
29 39 311
324 153 554
251 367 128
44 236 662
375 157 382
3 146 265
305 333 417
116 192 163
101 301 550
51 155 482
146 399 761
152 148 132
138 196 804
132 216 376
107 285 476
32 264 377
169 287 799
327 395 497
113 142 243
255 386 413
60 32 896
12 71 723
255 83 761
339 246 171
276 168 216
353 274 982
87 277 753
292 76 842
361 321 338
319 280 390
179 306 68
337 230 824
108 368 504
341 6 607
37 168 489
316 344 246
19 106 868
148 216 289
86 309 720
359 325 494
122 48 824
51 136 697
12 390 877
296 87 820
388 366 635
31 291 431
3 150 822
381 333 953
179 110 742
226 76 608
307 396 82
232 285 264
225 9 305
197 268 298
121 256 854
198 103 489
199 379 574
237 217 182
27 58 89
15 283 149
301 85 929
364 203 985
166 391 636
302 285 370
282 285 204
213 357 401
60 185 233
96 255 44
216 255 812
13 304 505
338 327 999
359 191 976
122 222 910
292 297 96
258 39 837
322 360 799
345 145 718
200 135 599
318 118 38
268 75 96
154 71 213
230 5 471
386 224 880
123 198 651
153 71 685
165 137 922
81 285 393
29 105 498
19 127 101
92 345 306
128 250 485
340 352 183
46 209 818
382 23 246
35 33 715
143 398 327
392 296 609
42 321 13
138 56 533
168 245 264
366 102 791
398 342 638
203 188 254
215 40 681
166 4 721
209 104 246
58 142 595
378 152 4
270 271 623
263 119 181
277 28 855
151 227 476
278 371 218
393 133 173
211 78 14
38 264 2
131 35 67
47 101 385
22 41 192
153 349 740
30 32 350
66 332 61
95 244 476
200 243 674
396 239 446
358 142 899
323 242 138
108 11 28
192 41 441
40 221 674
101 29 439
168 110 321
57 384 972
194 305 461
108 74 701
1 302 225
204 125 16
389 223 340
164 175 302
357 136 844
211 57 838
295 384 388
164 171 747
317 249 410
71 224 660
3 164 384
148 298 147
129 141 239
299 266 782
262 11 446
107 374 635
251 133 182
236 22 801
112 15 682
77 296 19
184 205 445
349 9 551
1 357 748
52 345 343
24 357 846
314 393 765
79 305 822
250 55 460
4 385 65
350 263 21
231 379 116
248 70 345
183 216 323
352 380 439
53 376 472
59 200 989
21 45 804
128 354 312
87 349 862
372 225 712
214 42 555
291 166 145
53 335 863
103 186 353
193 273 134
60 83 793
283 92 643
172 91 303
51 389 788
392 394 295
121 37 544
192 333 274
101 197 697
225 373 148
371 11 363
80 350 823
317 67 587
78 329 510
112 260 987
70 297 48
216 252 352
239 339 800
220 176 928
127 374 314
385 333 371
146 69 656
172 70 20
197 201 565
213 283 527
216 155 514
394 140 952
144 41 172
201 301 427
391 157 829
393 238 372
149 315 497
162 334 376
232 256 714
130 390 467
223 333 885
295 45 561
141 324 448
249 128 756
265 234 615
127 199 26
284 53 849
72 234 888
285 330 834
152 398 823
180 382 856
375 233 835
252 377 797
54 370 278
174 355 251
129 329 573
364 331 643
48 194 29
100 92 307
298 222 534
315 381 682
189 318 916
371 114 947
242 77 8
79 382 640
365 230 123
366 208 434
184 322 472
128 78 359
18 358 501
35 139 532
1 114 372
203 138 3
77 168 906
307 351 720
291 179 680
44 16 187
64 281 420
236 159 332
50 299 159
168 330 106
389 257 733
361 83 683
255 208 218
28 352 597
196 99 410
377 267 870
340 268 815
367 376 540
336 371 808
222 345 129
94 377 150
163 328 64
118 30 187
393 376 312
145 47 443
183 250 512
254 67 768
367 68 634
33 43 717
101 4 757
249 353 712
204 115 646
35 11 299
151 307 166
132 227 425
349 392 342
376 249 291
86 153 970
241 147 712
247 180 293
313 388 871
347 206 475
297 254 257
15 21 882
286 326 432
260 221 43
153 119 957
84 310 619
160 63 852
284 306 529
239 195 225
289 370 32
147 364 559
223 92 839
189 153 582
167 240 811
361 356 259
21 121 478
348 192 668
253 305 999
241 291 489
40 351 63
289 266 437
214 238 564
214 164 715
117 152 911
107 258 631
160 2 332
108 364 201
395 316 861
3 118 412
57 151 721
354 88 263
389 117 766
380 332 87
172 168 114
122 233 24
235 332 222
394 259 807
168 377 630
152 110 624
19 42 573
203 322 272
299 254 333
320 92 839
308 325 914
248 247 114
60 271 659
176 22 939
331 195 863
245 20 566
255 25 280
280 346 948
152 246 86
50 356 458
174 187 817
0 133 626
11 284 818
345 112 533
40 220 618
90 232 847
3 395 329
232 263 734
261 28 138
310 395 324
336 207 327
397 23 324
97 209 534
153 127 69
73 390 674
346 242 980
91 239 70
153 327 155
113 178 93
356 400 851
81 33 883
208 360 591
107 78 945
151 21 613
281 349 468
200 66 433
268 172 564
149 32 698
210 68 453
228 9 192
179 100 317
381 13 995
72 40 912
294 365 282
47 82 498
344 380 652
369 285 280
295 66 914
169 265 991
319 94 511
30 319 778
58 243 984
187 337 614
252 160 800
14 205 356
197 123 381
386 316 578
93 34 325
77 250 616
69 80 543
236 174 70
63 337 695
339 178 783
238 51 305
118 358 107
291 399 819
127 21 949
82 192 773
156 327 874
322 287 253
39 143 598
384 37 489
388 289 346
93 14 558
61 140 737
281 384 920
192 262 115
43 223 428
66 253 998
277 342 919
192 269 297
66 388 391
140 312 652
304 367 836
125 49 732
203 356 843
80 123 953
280 64 608
132 32 289
375 282 9
351 31 403
360 114 432
326 47 868
40 221 901
138 190 448
189 122 280
135 268 214
336 213 185
317 380 791
129 292 475
241 175 516
354 399 132
59 105 57
170 21 534
324 346 693
57 79 756
260 287 95
169 56 679
171 400 985
255 149 28
174 193 57
6 321 359
138 314 611
311 238 45
384 392 832
286 226 819
243 188 745
293 300 359
346 18 68
108 140 921
125 298 404
3 221 38
302 140 253
374 398 734
307 254 342
206 320 257
153 101 282
229 220 340
28 382 87
175 319 301
154 180 445
34 188 533
62 285 63
235 330 348
230 9 505
325 129 483
334 52 367
355 265 883
90 247 661
122 55 301
370 192 238
109 396 889
178 51 724
326 311 514
172 126 569
361 237 445
393 96 472
336 323 880
337 102 188
352 173 374
325 179 834
281 258 988
254 26 399
92 137 632
194 120 955
209 37 202
124 336 379
349 178 831
3 226 738
299 204 363
70 162 235
275 148 169
126 267 14
231 12 475
260 158 835
116 317 797
299 291 225
260 87 491
281 321 792
32 67 219
202 15 971
211 189 497
230 310 609
14 203 27
268 132 858
209 293 611
125 370 60
183 257 16
167 55 67
323 243 713
215 315 765
186 1 402
96 59 480
73 365 158
270 160 144
191 383 205
71 117 174
2 345 401
90 88 162
100 7 196
225 367 478
149 235 751
100 114 126
143 144 589
273 215 339
310 34 981
314 124 608
65 261 516
103 53 354
184 352 45
316 167 800
113 270 123
36 70 335
386 108 581
97 224 788
15 100 379
276 397 388
148 342 811
32 58 792
17 173 277
312 131 827
55 368 33
311 190 614
245 37 431
64 85 552
34 260 263
374 36 20
303 359 943
133 149 351
64 45 972
258 100 712
3 199 39
5 258 769
383 97 628
289 387 229
369 308 262
109 366 836
342 104 681
260 186 49
172 79 233
63 45 353
167 295 708
140 162 95
90 284 156
151 147 417
273 149 125
149 294 815
70 234 474
183 162 644
297 11 491
116 157 463
289 354 906
317 358 150
172 207 75
49 187 199
383 217 387
250 383 591
285 327 119
237 61 596
128 354 746
359 311 778
189 143 693
228 247 345
103 328 856
250 141 496
347 152 592
124 173 531
318 310 5
396 97 410
32 34 399
315 125 738
310 116 623
250 362 772
308 227 651
26 203 124
217 396 372
277 313 138
133 182 536
70 86 808
363 267 562
319 17 21
69 60 94
159 10 53
260 240 853
211 90 983
12 229 541
43 277 399
35 232 623
210 178 745
358 61 906
166 28 939
3 351 946
35 194 811
7 89 208
48 399 114
373 320 606
212 306 75
225 139 479
224 306 194
93 237 447
127 324 547
355 371 50
97 223 556
356 152 665
354 13 885
270 242 367
78 305 914
183 122 937
129 101 173
2 2 390
161 197 597
216 227 433
85 251 258
353 139 934
259 368 408
163 178 301
320 184 660
318 0 277
32 208 404
399 196 147
347 137 595
7 358 737
279 23 471
131 155 76
45 333 787
185 285 712
277 146 925
194 335 503
156 159 10
108 355 221
131 196 829
188 32 392
253 150 757
367 387 786
68 168 264
297 89 758
349 385 292
159 54 488
358 328 594
160 28 762
29 369 175
263 237 488
266 264 9
378 219 88
275 143 297
330 262 463
23 374 2
352 113 479
75 229 417
292 146 112
288 397 691
283 180 123
380 242 533
247 25 362
16 305 354
29 388 998
78 246 465
25 93 967
127 337 392
308 141 419
317 385 445
233 96 48
127 233 33
10 179 704
113 353 410
263 74 944
190 180 294
177 208 867
382 121 35
58 193 37
59 171 600
212 239 809
122 30 813
5 149 990
5 121 259
42 296 498
118 387 672
213 148 36
184 230 794
318 193 126
220 64 30
390 286 452
42 380 720
218 236 421
95 143 510
209 108 752
278 69 200
35 227 553
235 27 751
140 140 868
91 144 48
344 199 283
135 120 982
89 281 370
214 338 106
170 316 326
85 254 467
339 198 744
138 31 623
346 92 287
237 298 287
94 172 245
127 298 598
329 275 217
97 30 490
83 27 239
340 296 967
1 194 121
321 5 845
341 232 387
258 400 627
397 254 932
146 174 223
77 385 481
332 307 316
346 45 772
396 278 240
388 305 616
18 353 828
19 393 441
374 78 9
85 215 462
299 371 10
206 282 437
145 161 858
279 201 782
220 255 153
287 127 411
96 185 214
389 186 352
399 133 402
383 3 487
94 300 812
321 329 264
235 350 563
89 256 372
400 8 423
350 66 29
100 260 799
81 53 524
353 81 886
197 327 679
220 379 159
50 96 660
252 380 912
361 41 789
198 323 766
64 216 254
256 95 218
101 179 452
349 286 171
199 202 566
329 61 830
358 45 358
0 342 605
322 70 86
36 257 1000
49 389 38
124 213 308
238 244 756
32 105 134
188 32 173
162 310 735
348 270 593
107 118 756
129 358 370
137 378 570
70 225 782
29 222 430
62 76 645
149 38 468
132 25 797
134 291 601
307 169 404
325 100 621
111 323 881
47 292 131
246 56 319
289 210 917
117 223 552
36 15 282
107 251 267
168 147 141
37 289 342
44 358 732
393 275 825
217 222 699
223 75 881
100 30 530
185 368 60
218 94 863
94 272 839
314 368 57
140 156 137
272 344 444
254 286 406
106 395 600
357 264 650
80 77 110
216 16 784
170 77 378
39 373 740
230 199 118
35 166 552
184 133 626
70 347 766
370 197 529
305 42 84
178 107 292
399 285 481
356 371 255
212 67 315
76 40 921
341 266 90
255 105 895
79 257 881
336 240 822
84 370 489
44 66 259
303 123 134
138 337 178
86 87 413
130 137 62
99 255 647
359 100 391
46 57 324
160 46 247
270 147 774
305 211 154
202 374 518
273 333 783
193 115 12
269 146 174
300 194 163
272 77 595
349 204 738
391 281 973
256 388 243
90 399 28
80 254 604
182 45 782
390 87 589
363 130 163
81 187 452
202 291 702
129 391 694
131 383 483
178 344 165
238 54 541
371 318 531
331 266 793
238 193 333
91 328 775
3 168 894
316 159 542
198 267 190
59 22 95
174 5 229
35 86 193
82 189 876
383 253 645
335 214 952
272 336 472
50 163 662
95 68 978
139 205 373
385 137 551
354 192 651
24 335 146
314 309 618
362 64 349
241 87 91
360 10 149
207 255 285
103 183 585
325 145 404
227 196 17
302 369 902
231 178 490
353 160 14
123 372 209
363 167 206
231 278 213
225 11 588
107 33 735
366 41 117
87 51 88
194 115 344
363 137 521
263 334 77
98 5 877
300 65 536
288 37 675
254 240 774
170 283 400
154 151 292
273 355 182
13 354 175
346 174 335
100 39 720
72 52 293
112 120 630
296 28 304
259 46 600
58 352 478
211 342 827
290 5 972
296 297 723
322 312 787
145 231 211
117 191 185
233 138 853
78 203 885
323 56 362
338 389 771
136 81 146
153 92 189
124 381 472
168 190 320
144 339 792
348 235 97
36 186 416
46 302 118
86 112 50
212 257 540
345 228 153
19 119 488
369 89 24
172 163 905
148 345 101
32 236 662
99 338 32
225 154 725
352 48 576
175 178 730
69 257 597
268 331 426
29 342 503
239 342 915
290 378 183
27 18 885
261 25 432
80 146 749
147 247 179
70 384 671
249 280 761
68 212 135
233 236 832
117 75 177
280 391 634
315 323 670
323 374 869
105 278 867
366 81 632
68 166 297
236 137 402
348 354 728
248 56 793
275 337 195
171 142 811
52 226 850
11 8 870
358 158 654
90 193 771
271 217 309
345 324 950
164 217 925
162 108 61
95 70 951
366 227 728
225 398 952
272 48 273
66 297 526
229 383 337
157 368 461
329 47 183
168 180 193
303 295 328
109 178 80
206 74 15
261 138 464
88 247 838
390 378 99
252 276 120
327 89 734
46 311 296
128 288 919
389 46 192
53 179 222
292 61 85
296 72 677
88 288 646
295 258 315
226 202 516
89 158 569
44 348 263
178 124 195
183 369 670
167 24 347
360 86 444
346 155 183
63 33 400
150 51 835
145 21 971
14 67 843
261 15 666
329 52 52
8 236 730
400 318 969
382 257 766
108 355 859
50 100 786
182 162 488
91 315 64
306 58 323
363 153 990
224 243 258
115 152 615
168 32 834
108 28 289
101 173 306
391 68 61
97 257 384
305 226 167
278 395 784
225 57 402
270 1 802
333 325 441
35 144 714
118 191 753
73 322 878
380 16 938
228 235 986
400 363 485
399 214 932
193 162 206
380 398 934
122 334 46
297 114 160
354 128 306
180 358 287
263 293 177
390 152 618
222 62 76
126 197 774
20 264 186
265 337 970
280 295 788
392 357 416
43 356 152
188 249 859
369 110 818
314 88 949
180 155 463
217 308 996
33 391 900
302 314 62
177 16 41
175 116 381
62 162 634
374 354 441
379 130 471
238 288 969
342 47 777
296 349 823
203 280 305
46 343 343
60 196 436
372 240 864
298 133 441
250 212 340
19 264 464
178 176 348
273 250 194
314 212 553
24 202 307
341 373 110
21 195 71
238 377 17
160 225 247
201 215 642
185 79 903
144 266 95
284 314 328
381 393 657
252 92 316
250 363 946
302 290 263
189 20 890
88 145 603
313 343 964
256 381 930
175 139 597
92 371 294
251 305 529
221 139 251
101 345 314
206 355 742
23 132 984
81 369 654
80 37 951
126 336 438
234 347 747
93 295 282
95 18 24
111 121 767
330 99 342
388 372 997
319 142 334
204 268 178
249 287 747
36 316 797
362 399 288
137 394 567
119 331 894
344 166 658
229 274 433
213 353 938
307 136 519
213 52 467
305 228 391
159 8 618
169 289 550
80 345 893
259 202 824
82 216 669
370 337 936
102 10 572
148 369 935
6 362 745
279 277 136
224 303 55
387 61 394
374 81 166
215 200 478
292 280 496
373 248 647
48 324 954
325 97 269
85 88 519
177 21 563
15 133 587
25 61 1
193 21 434
160 113 655
326 133 911
264 184 137
33 245 174
178 284 228
318 266 827
381 80 366
29 26 246
254 341 882
114 275 123
190 117 812
391 127 630
226 20 720
166 167 411
325 91 139
238 234 71
190 1 305
224 373 384
361 35 611
60 322 524
36 282 767
176 123 403
252 147 174
103 328 622
3 7 493
282 344 945
270 30 128
280 8 796
195 376 721
211 170 331
345 59 861
31 387 444
227 209 857
219 96 941
248 360 302
341 279 460
23 237 247
198 133 224
318 67 106
297 210 532
119 245 676
20 185 536
223 345 219
95 235 987
282 69 61
318 226 444
32 347 50
207 115 410
140 21 392
220 77 83
241 189 835
362 214 312
57 292 200
134 44 545
230 299 568
144 145 515
207 4 968
215 87 191
397 205 112
55 227 152
189 200 659
30 400 294
217 27 510
88 200 169
356 297 163
5 375 45
85 97 126
92 218 586
179 306 61
336 66 894
394 307 499
379 276 510
110 341 107
58 262 356
31 97 475
166 25 56
237 17 82
159 53 824
370 4 77
337 51 798
321 53 720
205 48 504
268 72 684
286 354 532
305 280 364
202 396 538
141 108 645
28 253 472
202 185 558
327 72 198
212 119 41
238 227 246
171 153 108
388 195 185
345 213 693
169 20 31
59 215 668
268 215 614
61 8 306
140 21 788
285 338 589
173 155 553
130 70 208
228 263 338
118 278 240
84 347 905
370 192 757
194 380 1
185 25 77
235 140 304
283 193 504
293 241 350
201 65 637
308 302 385
66 206 543
387 222 361
278 378 890
198 75 957
396 256 372
223 21 713
96 187 165
161 363 547
197 134 438
141 274 295
231 395 638
285 115 175
216 305 844
6 325 74
27 63 360
165 207 239
68 37 659
181 9 318
162 114 555
167 361 4
350 56 638
72 108 61
63 281 225
61 124 930
357 130 682
55 340 585
113 197 6
191 341 826
382 351 479
62 3 142
142 76 917
42 67 85
371 147 830
75 147 180
95 132 17
394 248 172
253 392 871
321 308 975
321 158 39
363 205 711
246 149 317
149 270 659
181 117 969
220 7 658
288 108 80
158 60 747
322 73 827
191 75 529
19 204 164
180 247 83
390 376 692
205 288 718
215 329 414
71 385 215
58 266 165
210 366 633
103 101 983
350 61 295
29 191 819
189 275 645
342 4 653
185 97 745
22 73 616
84 42 827
174 166 164
380 400 737
57 396 790
181 96 897
75 125 35
142 174 187
170 235 717
38 73 498
392 171 123
347 255 423
228 300 246
330 51 914
74 260 874
73 61 820
81 195 3
137 7 983
215 230 518
101 330 714
173 53 138
16 212 926
295 350 762
300 132 861
196 351 203
177 53 934
170 203 462
42 226 437
292 157 843
247 317 93
87 61 868
233 385 440
123 183 684
178 25 697
361 253 973
159 132 599
115 72 661
359 140 657
204 80 167
105 195 594
379 218 456
361 226 362
130 160 358
241 27 502
219 92 991
242 364 595
384 206 523
324 315 393
352 87 497
312 336 203
355 185 784
13 379 973
152 75 329
21 327 685
184 347 561
112 44 120
84 356 432
180 361 816
357 256 427
115 398 600
90 233 200
305 164 843
371 242 995
358 49 541
373 75 569
150 181 206
202 16 570
373 329 991
362 243 337
182 107 800
64 363 271
25 339 78
248 356 419
22 160 292
281 64 962
105 39 586
39 357 371
316 87 890
300 6 981
238 397 769
142 254 292
247 127 393
262 350 855
270 232 619
215 188 850
170 385 491
18 344 880
91 321 833
35 350 343
142 214 271
67 299 162
43 118 478
266 375 406
127 130 160
265 153 76
127 199 979
165 392 28
363 209 742
290 30 225
107 245 547
251 333 493
23 104 220
380 94 697
278 151 744
336 207 473
182 316 517
102 372 521
190 390 665
12 91 73
151 242 786
16 196 198
129 233 648
290 131 922
146 161 242
120 108 670
245 227 467
183 276 764
313 153 49
13 318 956
301 69 544
282 291 149
288 332 191
399 20 957
317 224 152
21 187 542
218 398 634
374 165 107
219 148 236
357 131 323
324 84 946
223 198 385
333 295 841
273 112 621
79 220 653
389 214 756
379 303 868
29 55 81
348 376 332
205 138 976
60 113 445
306 236 273
342 92 976
310 190 538
243 102 879
119 99 477
257 61 314
267 102 10
74 323 990
189 336 760
129 140 32
269 50 476
243 350 32
43 8 762
355 183 487
144 73 778
213 188 486
145 369 102
103 147 513
301 157 324
121 206 289
202 243 669
283 196 557
400 294 172
293 74 805
134 128 311
32 165 27
256 149 324
311 7 731
212 273 781
40 189 690
32 127 404
389 369 805
57 208 925
122 359 320
26 94 739
191 292 350
316 192 836
44 108 507
314 280 424
92 131 759
184 29 531
288 391 213
19 86 537
102 366 544
48 284 27
243 1 469
346 133 25
41 48 559
190 179 661
79 201 41
140 207 397
207 84 522
386 163 645
94 50 284
286 379 432
4 250 235
232 235 738
313 386 862
355 248 391
304 363 297
356 54 270
250 142 74
279 218 117
384 222 150
20 82 628
394 145 474
190 246 827
194 262 624
156 303 421
216 149 387
201 336 54
350 337 105
255 187 754
298 166 315
102 300 552
119 170 810
128 284 420
164 314 951
219 251 666
142 220 756
28 211 64
337 24 16
396 321 447
220 58 366
56 164 411
196 106 495
5 145 861
94 290 414
73 94 389
306 34 437
325 312 308
201 119 115
189 42 957
15 383 182
184 23 414
298 84 847
9 303 841
166 39 990
264 155 460
236 175 223
94 344 627
27 14 912
201 3 654
148 233 338
163 238 555
142 261 647
225 225 103
181 336 106
390 32 324
272 168 723
400 202 203
364 63 117
263 85 598
361 155 859
60 262 7
364 222 203
366 37 475
173 276 485
329 141 585
131 2 901
146 159 600
241 391 968
217 253 901
155 385 181
197 312 100
18 325 116
163 19 299
202 82 196
95 206 350
39 355 438
20 352 805
218 202 345
229 94 700
158 88 500
190 379 238
343 258 617
206 8 737
349 263 160
80 46 294
331 214 246
69 352 904
215 301 110
207 230 727
204 122 380
253 113 877
239 205 969
150 248 390
316 49 812
384 115 621
155 283 67
73 120 309
244 221 513
304 247 974
117 54 139
186 79 102
47 93 373
162 165 812
246 6 216
313 252 883
79 300 896
53 23 640
47 26 960
32 264 508
233 84 625
184 150 823
67 389 300
286 288 583
216 274 525
273 259 632
141 362 744
349 344 810
227 363 858
321 239 987
77 175 7
8 214 163
48 16 185
175 166 284
323 152 921
270 320 903
76 73 897
280 180 506
1 133 519
365 382 961
207 293 663
284 304 770
271 64 165
33 332 369
390 175 988
396 244 94
113 267 157
364 108 322
238 33 25
48 18 305
279 322 825
385 216 790
330 89 876
142 160 473
194 323 129
72 349 996
334 213 622
59 37 301
47 90 814
156 328 281
347 261 170
69 258 782
332 253 121
262 376 81
62 337 557
11 174 990
10 239 60
361 317 938
365 310 590
268 205 707
43 19 683
54 141 809
81 307 737
222 238 32
236 195 753
315 63 703
131 297 419
57 80 743
41 285 816
228 244 554
19 142 534
66 276 864
366 174 241
228 7 251
160 377 826
282 154 150
252 298 636
252 45 880
160 93 244
395 158 99
157 397 300
37 15 322
109 241 43
171 259 784
137 205 206
91 64 890
215 122 545
381 117 457
90 362 148
266 27 778
239 352 238
60 143 439
92 4 377
160 228 276
304 106 868
93 57 449
85 400 542
264 268 551
43 397 951
115 400 732
185 117 701
197 381 839
11 242 202
302 315 570
91 19 877
250 380 370
187 370 910
311 88 70
98 296 855
350 307 787
225 374 989
372 18 4
274 333 631
152 216 370
120 75 661
55 279 631
95 370 222
203 97 472
228 122 199
148 200 321
201 184 549
210 256 191
318 181 189
211 337 38
238 271 43
259 372 435
223 310 460
153 380 823
138 212 496
234 238 2
344 210 828
302 217 114
301 91 341
115 380 262
285 2 116
334 391 373
79 279 545
19 318 47
338 134 177
288 25 675
118 163 690
132 241 593
196 219 484
317 63 834
82 36 535
161 158 866
277 346 135
140 283 602
172 82 788
38 77 592
358 281 543
121 142 809
223 165 424
65 84 348
349 207 29
213 320 889
126 380 761
400 30 544
57 334 459
71 328 393
15 157 207
160 234 806
151 364 752
231 159 906
383 351 291
316 234 671
121 123 338
63 303 820
368 128 883
130 350 289
317 354 721
100 365 398
371 111 302
200 373 859
8 194 620
136 231 920
334 299 759
200 300 873
341 266 938
279 344 570
337 81 644
229 76 463
236 329 171
12 316 561
146 186 466
335 224 88
390 358 89
167 138 681
390 165 190
349 336 17
15 336 967
297 164 822
227 316 106
192 68 455
223 26 707
39 167 354
138 78 707
31 244 164
198 144 622
192 310 382
90 39 626
203 352 823
119 85 485
8 55 429
105 221 973
96 385 231
151 26 770
44 47 954
92 71 637
176 230 357
48 8 406
286 250 965
343 51 888
59 57 679
291 158 893
71 309 430
174 113 822
189 380 695
204 273 1000
239 312 829
331 222 563
319 286 193
89 312 81
36 81 198
365 136 202
52 237 852
303 301 534
22 177 461
51 268 237
176 253 17
296 75 365
174 394 718
362 37 140
268 240 237
90 333 53
81 16 581
177 250 318
167 108 443
114 331 926
158 27 951
341 248 280
285 198 426
161 329 932
62 246 169
104 70 281
365 154 677
201 353 179
153 40 989
287 64 821
353 43 484
381 168 798
166 8 3
227 278 741
366 353 622
184 43 670
311 236 768
142 27 417
215 297 166
374 282 764
340 326 981
114 133 283
160 116 707
316 225 504
211 384 516
109 97 131
172 321 521
102 321 930
282 3 686
98 226 130
311 336 266
204 227 668
12 101 819
263 81 746
190 365 876
23 147 781
336 3 683
26 124 761
116 307 901
42 231 994
287 320 328
256 372 716
336 97 732
164 266 807
145 265 946
81 9 279
86 26 174
216 294 432
190 183 664
105 95 225
28 397 878
71 121 706
103 212 800
176 112 260
28 346 775
97 142 208
162 332 275
238 199 606
298 289 239
252 31 222
381 231 960
232 237 387
346 31 24
338 115 350
387 381 83
40 169 971
235 177 958
346 43 469
387 301 334
184 40 744
375 153 592
53 257 678
200 134 120
64 146 962
187 332 955
244 75 831
186 385 415
340 223 743
224 384 557
243 176 94
34 257 196
335 31 806
356 123 600
217 381 640
70 83 48
71 314 122
348 43 708
119 134 618
248 94 230
390 24 622
183 374 566
185 262 461
10 173 465
238 66 500
15 190 57
110 53 136
0 121 114
330 158 568
64 368 569
353 161 355
126 360 626
110 205 959
302 395 245
343 209 768
178 145 898
110 42 759
110 198 552
326 38 486
252 145 500
221 361 640
232 348 292
125 319 323
18 30 215
24 38 248
64 17 967
39 227 300
160 79 53
17 14 247
38 11 42
263 109 514
145 88 173
189 162 517
109 14 622
373 267 29
308 157 99
337 117 214
52 399 543
132 270 423
280 10 571
162 386 829
2 239 476
192 393 904
376 125 78
122 198 947
145 265 97
76 11 826
389 395 113
329 61 66
156 51 107
320 112 465
82 115 204
178 16 391
255 95 788
281 198 211
88 237 70
235 159 367
280 32 327
150 323 46
340 202 511
292 317 321
341 14 776
351 224 403
219 146 988
35 84 145
244 32 350
165 319 250
239 295 580
85 221 229
95 358 67
94 248 153
195 379 301
269 315 600
261 89 1000
21 137 351
203 247 357
393 194 219
375 16 496
36 369 519
176 42 490
160 43 385
189 186 106
169 147 93
118 108 123
352 310 217
88 250 21
308 247 815
162 224 491
10 235 8
95 262 804
182 306 635
137 120 767
89 144 937
346 101 675
118 213 328
241 302 274
346 148 229
144 201 140
371 159 161
339 240 421
306 387 571
335 155 378
84 266 644
390 382 556
143 174 433
89 304 292
385 275 52
207 282 923
35 232 653
312 364 976
23 99 326
373 74 95
214 167 201
337 94 958
296 302 126
246 77 458
215 286 529
78 222 816
204 180 327
319 296 655
43 80 249
269 324 609
141 204 144
272 128 400
231 34 462
190 163 167
400 293 619
323 134 808
133 351 291
288 107 378
243 23 491
312 377 812
220 353 431
216 139 923
20 287 567
259 284 196
262 172 492
87 176 520
26 219 724
108 20 253
336 189 905
185 83 25
81 58 777
249 310 290
189 74 325
351 376 575
112 88 157
205 122 937
309 351 939
73 96 228
185 106 795
360 13 613
380 85 632
334 43 571
207 117 655
219 194 469
277 327 86
202 384 360
309 292 386
72 339 752
143 213 487
193 178 434
80 120 49
321 110 539
251 176 847
100 107 605
84 185 118
89 345 137
194 184 204
122 70 266
254 212 411
273 66 791
383 176 994
361 130 447
150 397 405
252 69 52
331 207 282
31 15 235
49 265 513
182 16 615
77 244 723
4 352 721
154 376 741
6 108 915
84 198 440
335 204 535
202 250 516
71 144 107
197 305 250
352 372 948
291 269 770
142 110 855
42 316 793
84 304 987
152 360 524
227 182 892
136 173 874
187 373 334
234 363 36
37 67 109
90 34 569
388 120 893
216 200 341
144 372 3
69 14 215
143 328 847
135 297 403
322 204 551
349 229 174
102 111 474
331 172 291
170 73 270
104 299 122
239 17 132
125 87 132
395 11 917
353 377 116
327 332 429
307 256 861
59 125 466
400 365 562
4 373 769
320 239 888
87 212 452
381 276 282
222 152 809
99 129 422
376 389 134
189 150 425
154 132 581
394 238 295
310 247 62
221 371 246
355 238 735
50 155 661
81 39 849
80 143 509
132 22 687
397 322 918
125 103 693
203 55 594
65 20 410
15 369 736
40 256 297
129 117 894
25 314 759
51 51 396
321 114 18
11 56 75
257 354 93
7 219 730
297 143 152
375 279 95
376 328 959
172 88 965
8 75 688
292 261 601
128 384 94
250 144 253
113 214 95
216 101 700
171 77 404
12 392 490
70 234 302
205 58 51
204 297 711
248 245 414
32 129 135
292 246 710
293 181 796
23 388 293
331 199 826
308 376 203
123 23 194
354 246 274
137 256 382
237 380 844
4 388 458
83 162 762
276 161 99
338 209 390
233 322 834
211 327 575
173 41 685
377 363 67
266 196 508
275 35 317
394 329 4
299 231 886
232 151 597
21 304 649
280 379 923
254 31 771
247 62 579
21 298 831
251 322 813
303 207 708
26 77 976
383 365 944
287 283 326
105 173 989
178 17 561
99 396 77
365 176 646
218 391 470
359 177 546
288 167 102
361 80 759
236 23 838
19 79 210
9 354 70
98 32 64
81 200 853
338 53 371
312 307 863
128 97 59
54 220 920
56 10 765
385 296 51
304 127 263
49 298 97
33 360 859
22 129 655
202 154 57
162 332 139
246 40 800
153 218 610
358 47 918
9 220 821
145 185 870
161 305 998
377 171 628
77 295 381
239 307 820
24 16 344
347 141 669
318 190 891
370 161 667
161 144 868
68 30 132
361 273 112
155 252 239
26 72 343
169 184 251
399 202 222
330 390 371
305 211 801
367 313 829
205 109 606
136 253 939
161 323 269
382 268 128
378 257 730
144 214 412
345 169 620
13 308 317
35 64 106
171 377 631
350 379 837
295 152 179
227 114 583
184 144 638
282 53 186
141 116 314
322 370 261
380 348 953
341 22 385
243 252 922
315 92 55
195 205 913
74 318 102
8 132 396
367 186 202
172 145 945
127 263 162
111 109 995
155 191 296
126 117 215
276 83 90
276 71 185
178 203 815
329 206 596
342 150 118
198 52 308
276 134 568
206 398 73
392 236 471
314 166 843
391 367 837
26 239 557
396 295 406
291 356 715
173 23 32
352 49 423
58 8 56
58 158 308
248 306 716
243 129 698
105 250 724
77 230 874
275 319 503
63 109 901
57 180 614
353 237 809
252 172 433
200 179 882
13 343 878
12 60 455
279 233 302
46 367 490
18 232 241
69 310 281
376 63 211
109 155 955
375 56 828
11 232 542
210 60 853
332 339 415
258 66 217
72 243 508
330 99 464
306 49 222
202 224 840
258 365 957
172 209 430
278 346 857
117 115 980
26 99 37
79 38 702
202 133 251
279 313 313
47 393 699
326 168 704
30 247 692
11 327 753
154 347 930
376 124 143
320 96 444
91 236 828
226 105 96
201 1 762
157 271 442
221 180 215
19 282 59
51 68 65
240 211 841
22 71 72
19 10 472
255 239 976
386 152 705
354 370 255
315 352 909
105 225 189
246 301 284
294 73 621
308 289 376
382 149 626
360 40 366
79 101 715
204 48 189
344 138 546
108 165 427
10 311 79
118 230 294
291 341 60
174 109 23
227 236 297
283 59 793
390 340 868
334 368 497
226 263 386
41 45 959
257 23 620
269 30 161
399 160 329
7 231 872
72 352 118
93 184 531
73 122 102
116 375 705
394 238 351
3 336 636
395 372 386
311 74 716
240 26 516
248 174 693
27 125 496
29 251 568
0 102 839
33 300 156
276 312 737
232 353 594
207 152 565
14 340 729
193 269 469
144 282 227
141 17 850
87 397 681
345 367 157
293 159 319
44 119 477
96 71 149
105 382 873
123 262 238
378 161 647
275 361 781
4 230 49
262 257 619
316 121 892
119 72 365
338 170 544
162 81 88
188 141 916
390 202 815
177 252 45
134 61 757
45 315 527
133 168 376
66 368 692
140 143 920
215 28 466
292 364 606
207 307 107
116 303 750
280 268 367
98 381 805
291 14 615
340 43 441
153 204 478
196 279 879
66 160 775
8 375 294
101 314 880
102 300 623
308 198 848
16 334 728
115 127 693
205 296 262
68 12 87
115 120 987
94 292 578
297 52 35
112 23 643
399 370 336
290 247 994
101 273 776
259 260 465
254 218 619
35 174 754
179 334 506
200 120 852
360 54 153
35 131 869
311 273 459
398 64 819
75 273 973
257 70 414
96 203 972
116 334 186
5 39 75
205 322 746
5 256 693
97 213 201
175 71 652
142 355 296
199 31 414
177 26 766
152 301 298
282 155 800
400 0 934
61 275 151
380 196 542
386 265 970
250 339 268
275 343 780
219 26 213
66 242 443
116 243 107
380 331 122
397 136 727
161 357 759
243 110 632
338 158 525
19 377 405
340 53 537
77 200 337
276 371 439
377 278 168
137 22 88
334 312 419
88 234 857
385 3 948
139 282 488
74 282 246
121 124 603
88 334 751
98 167 414
319 137 163
308 124 489
134 92 491
85 203 289
362 73 696
254 266 833
342 228 277
369 134 761
185 134 235
263 183 776
215 295 696
55 93 115
292 165 712
184 200 147
204 394 334
161 297 118
15 170 508
360 192 142
116 262 806
122 303 697
116 20 271
77 363 444
328 17 846
207 256 47
306 113 26
371 346 539
224 108 200
177 108 511
152 321 93
354 24 95
94 303 451
4 185 64
214 341 651
165 158 426
114 65 124
194 307 170
249 147 806
287 231 236
165 147 667
39 319 386
202 115 193
326 269 715
127 199 624
270 26 5
394 369 526
360 395 518
84 189 588
356 341 549
311 107 309
381 163 363
216 358 991
64 153 915
81 347 616
79 236 516
323 141 679
219 240 774
202 379 309
386 43 244
189 328 661
263 53 51
130 395 665
388 220 296
117 316 424
287 352 305
398 124 104
239 0 737
27 62 375
161 201 25
396 245 557
201 294 492
136 260 595
302 264 152
17 119 227
167 128 205
132 190 563
6 176 568
321 269 56
180 169 705
253 166 33
253 389 140
192 293 231
321 274 818
102 97 653
259 187 525
208 394 591
285 393 266
394 50 243
25 325 348
399 64 944
103 92 336
59 264 518
398 341 655
108 128 577
55 361 475
375 20 113
359 217 207
388 326 448
232 151 795
167 89 280
203 306 882
122 318 145
162 343 148
391 352 898
231 258 453
309 224 844
2 241 811
91 271 405
373 296 391
4 19 655
93 22 294
81 383 436
300 241 211
223 159 857
274 31 275
79 152 153
373 99 739
5 5 109
392 6 180
50 85 111
273 247 271
213 100 550
283 88 915
326 12 825
160 337 455
310 257 448
41 2 788
308 289 564
281 234 508
84 177 971
57 317 959
11 271 199
127 334 119
119 59 527
168 292 741
133 306 500
203 217 497
181 233 852
180 387 166
299 122 705
25 113 228
138 382 263
118 170 676
111 339 45
390 109 476
192 326 250
327 265 425
170 202 200
164 358 535
185 270 722
173 310 824
198 170 824
336 352 716
322 380 73
319 225 356
71 274 973
289 301 581
188 76 81
112 343 132
303 49 975
130 93 120
168 268 352
149 279 153
87 180 755
202 221 301
227 60 5
212 49 490
363 365 50
324 44 595
337 254 944
369 2 984
161 27 695
91 258 828
380 104 429
3 399 656
313 260 147
180 130 4
108 95 35
299 382 204
121 159 959
172 23 942
203 25 134
324 385 301
130 154 624
377 307 261
181 140 824
360 154 108
373 271 849
267 328 763
367 197 791
380 258 1000
385 140 225
221 14 928
345 304 63
110 20 872
41 306 960
134 372 228
318 79 326
108 71 635
213 10 994
76 56 730
56 364 350
171 176 767
222 326 541
85 338 603
92 159 747
218 29 240
229 128 25
395 176 860
73 69 511
108 340 209
224 72 65
90 267 523
175 279 874
383 196 427
159 79 752
131 318 265
162 204 3
80 127 641
359 228 240
395 264 102
209 281 958
339 315 637
192 180 967
78 38 398
299 219 813
17 228 791
5 118 590
7 214 517
249 185 422
55 281 167
350 248 308
123 91 955
261 117 711
395 318 349
349 59 821
118 66 80
219 291 420
268 68 584
128 177 645
38 158 707
251 207 612
177 140 811
355 207 794
60 105 633
371 294 605
50 266 587
170 307 940
1 332 290
355 235 226
237 370 837
120 377 977
245 219 630
359 348 840
64 184 68
250 42 746
273 273 159
138 222 394
27 269 833
210 91 308
80 306 301
225 57 437
348 239 555
168 301 404
184 357 13
46 315 466
128 327 845
399 181 152
92 160 985
69 370 787
393 185 448
168 283 43
326 343 40
252 80 89
230 42 112
234 160 110
72 54 544
79 198 815
258 41 893
242 256 697
152 119 781
378 136 998
33 67 41
367 263 711
233 88 576
282 395 851
4 257 765
300 189 699
81 199 422
59 24 73
343 388 49
351 67 970
338 29 572
192 384 629
156 13 560
239 164 240
127 38 911
299 121 227
321 132 787
310 146 438
199 159 413
11 115 49
65 72 144
222 274 110
350 34 754
8 149 276
333 338 161
273 359 198
154 191 810
44 85 715
176 9 745
187 64 132
215 159 9
190 251 878
119 115 391
329 303 6
238 14 126
114 57 967
352 263 529
163 62 886
369 211 306
128 18 77
28 251 535
386 207 885
114 207 222
152 276 222
14 381 184
158 330 796
309 36 832
11 373 127
314 132 274
339 74 969
178 22 486
270 176 219
378 293 959
141 170 188
68 382 877
154 58 756
129 140 357
59 106 277
74 286 841
398 77 12
399 228 216
90 89 811
347 88 169
109 184 806
257 38 232
358 188 232
52 113 332
14 153 784
230 341 532
367 145 200
38 254 317
134 20 423
11 19 639
370 309 159
124 157 984
234 397 487
282 252 764
10 397 106
383 313 162
254 232 191
239 47 737
76 236 709
393 296 54
136 394 24
376 62 304
195 293 191
18 41 383
7 140 769
252 4 490
121 196 736
365 102 622
220 386 401
12 162 350
223 253 988
115 325 890
60 23 643
338 388 234
34 22 665
253 39 933
12 9 328
280 240 527
42 2 303
63 24 35
380 119 748
68 338 380
337 173 950
58 280 208
18 344 131
268 201 909
22 388 107
129 317 861
391 363 109
123 370 322
63 69 755
59 285 696
22 353 240
184 85 709
60 159 943
43 201 843
320 172 888
3 226 900
55 93 523
335 400 672
158 159 571
9 266 270
163 83 817
27 175 710
200 97 724
77 277 185
1 289 55
186 84 216
397 48 494
364 388 913
320 64 376
19 19 189
38 227 480
84 147 158
357 232 294
354 200 657
25 83 973
266 223 778
100 29 94
152 246 441
78 169 405
362 36 918
305 358 210
199 223 695
88 79 953
380 272 223
70 161 997
23 163 602
145 321 608
132 125 257
382 321 855
262 381 683
355 44 65
110 69 600
163 311 709
329 78 63
246 79 211
204 272 147
234 209 215
28 364 98
243 279 271
387 304 554
216 256 151
176 126 991
346 14 456
217 124 969
381 48 321
366 323 986
7 377 367
280 143 575
92 149 30
148 7 196
199 247 765
36 297 603
331 305 945
343 15 79
130 309 621
263 199 159
375 11 100
303 384 222
396 325 852
385 180 483
210 312 870
82 156 99
84 220 53
225 317 191
317 156 427
18 350 805
184 114 902
44 270 973
76 330 872
349 45 354
26 76 932
208 389 211
163 353 15
238 151 282
326 53 608
251 234 159
255 209 490
349 35 714
391 233 442
155 186 79
277 393 698
132 42 48
79 333 975
5 6 909
221 94 754
339 301 268
376 41 369
286 174 50
85 252 265
4 88 799
83 125 400
254 258 690
35 371 454
333 337 603
399 231 435
8 181 375
293 90 257
184 83 890
108 218 139
175 283 597
116 312 943
342 252 664
351 49 391
162 142 125
222 93 381
0 37 828
119 249 645
174 264 264
95 297 819
283 38 305
168 332 354
97 83 342
315 318 163
282 261 36
166 121 763
372 10 710
14 10 272
45 262 555
255 121 966
121 40 59
285 228 261
379 324 844
139 94 888
359 222 552
304 373 41
3 151 987
39 360 628
100 155 202
31 277 280
27 37 553
133 313 443
324 238 370
321 359 765
399 68 770
335 376 446
47 337 996
306 95 312
78 178 138
347 184 824
199 349 794
152 331 600
255 301 640
199 283 719
348 260 227
274 121 436
316 15 619
347 86 685
63 104 114
255 166 135
57 6 820
266 115 151
86 240 110
214 139 387
81 30 704
334 11 653
3 231 222
202 302 873
236 179 136
249 330 136
70 168 235
395 186 904
247 330 67
255 131 604
22 169 598
372 300 102
22 270 66
244 32 920
221 219 945
100 314 790
373 142 173
151 216 373
131 37 284
307 233 305
312 134 845
99 339 227
70 104 865
363 41 892
90 0 302
185 329 936
17 191 582
376 60 689
261 314 770
36 116 499
392 178 978
354 393 783
333 169 526
291 271 757
182 53 581
247 27 607
180 340 834
27 297 374
133 86 395
124 115 735
243 64 312
343 161 229
112 367 484
364 374 809
372 156 767
286 312 587
193 68 88
259 86 146
159 213 721
394 44 843
337 93 651
237 9 997
111 323 866
352 63 93
199 327 561
335 357 649
52 48 878
201 141 138
154 77 535
390 89 777
126 297 578
333 188 29
340 131 176
14 230 653
98 384 149
326 218 550
140 310 995
278 113 853
311 101 771
370 60 859
76 237 476
157 5 566
58 216 101
134 66 824
205 148 316
335 91 806
183 300 389
56 196 672
119 395 195
97 297 722
21 28 545
357 141 245
143 219 747
72 85 255
353 228 19
250 65 304
234 22 296
155 178 328
289 142 412
173 137 633
41 337 73
294 165 450
328 240 639
61 364 42
340 334 497
234 49 380
22 290 142
6 167 641
72 278 211
345 281 749
263 297 450
314 303 544
255 326 714
130 195 515
370 305 582
212 92 150
243 15 889
336 266 315
152 320 109
189 62 261
266 44 166
160 183 899
171 322 885
367 53 816
79 173 392
144 332 429
56 289 914
155 226 954
89 54 622
215 339 596
340 122 207
68 83 898
70 177 657
268 286 22
267 374 443
132 365 141
231 212 556
226 62 901
316 68 364
348 262 840
129 369 261
242 116 445
1 126 103
347 362 457
265 380 343
67 332 739
360 273 95
123 60 521
386 36 988
182 64 700
285 201 564
157 375 26
172 140 519
103 384 949
14 212 161
143 138 721
158 201 154
302 137 463
316 225 385
16 67 882
47 80 771
15 67 97
56 293 319
389 373 584
384 34 216
375 149 264
395 309 547
58 116 531
267 112 379
299 347 797
255 104 448
370 383 195
178 21 240
237 79 853
26 301 58
49 363 486
92 205 921
157 288 257
59 373 280
163 207 369
394 356 109
122 399 202
36 153 260
202 174 983
86 118 853
385 394 651
155 374 724
342 224 411
43 229 87
33 316 905
216 392 991
218 318 318
203 54 606
14 321 173
165 276 678
221 270 453
357 301 943
20 108 258
318 400 499
161 123 145
195 175 451
204 173 780
79 341 963
167 126 777
181 145 219
290 276 851
116 65 286
156 377 537
316 221 569
116 61 435
125 277 614
77 167 983
204 108 273
318 278 570
391 44 151
64 327 762
313 237 889
70 57 224
136 24 988
353 229 76
191 3 759
89 289 409
113 192 916
393 14 855
214 99 688
279 4 510
160 13 516
278 289 623
207 5 791
325 342 307
160 66 510
121 329 152
351 191 602
152 130 83
53 372 933
9 201 30
302 227 290
273 227 85
94 185 137
23 142 428
161 326 84
79 184 152
1 153 772
371 149 541
42 97 475
260 355 489
361 226 667
209 82 563
167 61 110
106 349 404
32 49 626
326 278 971
353 244 556
124 46 694
383 381 610
222 25 356
309 234 818
214 153 322
281 134 598
340 118 217
102 171 686
246 233 300
120 153 482
365 303 316
109 61 890
329 250 193
189 394 802
25 66 905
15 187 427
286 36 663
378 279 562
218 118 715
365 102 510
363 376 665
273 84 465
118 153 567
252 369 187
395 0 70
234 113 130
144 13 979
2 152 838
98 268 886
100 142 621
51 70 925
224 164 243
71 150 954
45 387 422
108 366 169
2 391 142
362 142 583
207 185 39
270 181 866
50 164 768
204 33 12
74 286 783
149 131 572
42 123 141
17 82 433
301 303 879
375 346 711
184 243 444
147 178 961
377 54 966
233 390 418
363 381 83
151 322 916
266 192 857
93 94 828
325 167 592
367 333 93
113 99 677
52 10 785
142 76 920
293 7 190
278 270 701
92 263 980
377 119 820
178 395 330
303 208 396
199 195 702
136 146 48
136 208 97
302 54 566
219 293 24
282 198 261
60 354 56
100 113 152
184 332 563
10 218 452
84 171 665
164 223 888
369 310 856
304 196 796
324 143 675
265 355 101
165 337 706
363 8 979
226 319 720
292 283 316
5 178 101
93 80 517
335 3 364
330 290 981
153 244 480
21 23 440
177 67 218
47 185 948
371 189 138
159 258 162
228 62 695
116 380 94
155 183 590
16 353 143
362 197 902
134 322 851
121 290 90
309 204 154
88 305 769
86 152 110
9 73 396
33 348 78
321 231 176
237 34 159
64 400 259
276 30 123
80 44 179
70 57 614
308 276 166
256 251 327
341 300 638
356 306 538
194 25 205
272 188 731
321 367 575
186 245 815
314 197 712
100 230 667
158 181 7
145 369 272
66 205 31
347 72 636
69 385 260
155 199 249
252 211 460
130 84 482
154 291 302
274 392 203
242 221 613
180 51 151
319 200 781
96 365 603
12 152 870
167 5 272
52 131 335
84 179 99
93 88 958
90 224 667
375 94 542
159 154 359
298 246 917
216 75 98
316 339 841
62 92 384
245 330 588
2 108 903
172 131 338
146 91 942
151 44 631
379 73 816
355 384 256
344 374 640
165 189 719
218 258 956
207 15 796
261 271 30
325 264 858
296 76 644
171 54 362
238 0 461
191 180 811
361 144 600
95 17 570
187 142 739
166 141 377
352 338 281
140 117 207
138 255 830
348 358 211
255 243 343
55 329 402
309 7 746
80 306 680
346 238 847
98 354 776
77 283 33
250 399 438
252 100 467
114 15 806
305 239 792
362 69 773
290 379 296
245 330 429
325 172 551
329 370 112
157 174 670
364 96 484
66 3 175
336 107 563
332 367 306
399 159 823
272 270 300
154 303 106
74 382 3
388 216 233
113 152 272
330 63 213
199 223 951
156 115 137
166 399 982
20 71 408
31 94 849
100 174 102
258 347 173
355 222 649
306 283 67
218 383 824
96 343 437
303 123 433
201 259 311
369 288 409
231 251 282
247 309 184
389 245 586
105 352 281
135 251 926
165 124 993
158 73 684
177 378 704
143 219 373
295 142 637
68 367 229
64 59 192
147 202 384
263 14 827
14 383 152
12 261 95
8 120 491
115 171 510
348 315 950
137 246 334
294 9 807
87 169 553
10 319 288
368 139 292
189 237 205
260 96 180
273 123 202
37 311 460
36 246 749
307 54 703
118 107 677
213 72 170
238 19 654
328 397 224
208 186 421
176 99 782
297 150 661
375 354 200
373 390 606
362 64 34
49 360 710
379 255 686
26 191 401
299 66 567
288 263 270
386 85 803
211 185 235
3 16 193
13 100 466
152 317 844
112 48 762
301 55 250
68 5 888
47 88 766
2 364 662
243 209 506
101 222 741
134 134 576
371 342 329
200 186 591
387 115 770
154 208 138
397 349 100
400 146 759
236 386 897
15 30 301
190 323 32
203 341 62
144 334 746
187 33 385
15 78 552
267 166 620
6 360 311
293 262 677
233 70 837
390 153 430
67 276 67
18 194 211
93 235 604
258 196 125
327 115 514
185 41 812
256 10 698
387 213 976
27 3 295
245 152 95
49 133 19
27 306 847
88 176 854
126 11 507
225 226 966
37 335 374
345 210 204
331 98 743
173 163 579
61 58 296
368 63 17
211 291 443
79 372 576
333 245 189
133 352 42
139 190 535
234 40 772
0 159 832
83 125 284
176 148 277
392 393 792
96 276 544
114 160 419
36 283 518
221 322 569
182 397 287
379 77 364
150 196 797
330 347 694
316 53 0
303 89 563
256 93 648
213 126 214
8 186 463
216 140 611
105 366 519
162 148 777
64 256 954
333 180 335
299 351 861
186 69 361
121 217 17
352 242 916
23 351 871
11 323 437
339 154 116
178 399 163
345 76 273
182 367 193
113 222 72
155 276 609
145 174 582
188 209 316
162 234 276
151 140 660
16 37 326
361 314 320
260 164 694
252 135 534
42 38 446
59 299 709
288 150 354
25 176 846
374 34 370
345 188 339
272 131 507
144 128 58
146 226 169
77 387 871
45 281 676
394 115 161
373 292 260
230 69 314
184 263 44
100 351 696
258 17 407
359 340 550
142 387 662
254 207 795
30 114 393
375 297 622
139 128 962
305 257 849
312 135 662
12 274 826
284 311 374
83 17 387
84 201 158
247 90 208
109 173 26
170 238 980
152 253 316
162 173 552
62 62 691
220 42 431
357 285 906
356 164 967
250 298 741
19 195 479
269 310 681
119 251 604
180 10 538
74 212 925
63 104 461
308 325 855
186 262 682
44 303 144
309 316 209
296 150 262
346 244 47
2 65 742
321 19 646
366 120 499
157 116 909
154 223 668
216 1 233
67 106 307
343 92 136
311 230 450
368 258 471
207 77 558
394 302 893
298 287 327
345 129 253
44 124 35
290 44 949
225 15 575
18 43 462
266 272 0
301 326 351
188 105 226
8 28 774
243 140 738
140 208 284
153 125 883
342 333 357
264 35 855
295 356 319
228 147 660
40 72 94
355 370 298
44 145 993
11 135 544
284 267 740
298 227 479
141 85 446
290 15 572
51 7 937
347 288 153
38 89 277
205 370 871
39 321 126
359 57 293
86 4 466
110 278 823
179 212 541
393 327 668
77 12 954
285 74 213
294 91 386
212 113 867
343 153 944
336 181 655
376 137 216
121 219 447
245 69 52
234 42 232
58 366 961
246 69 159
222 108 818
382 298 366
32 344 811
196 359 199
75 236 959
60 213 766
129 30 486
5 202 555
66 100 760
170 379 446
311 281 151
103 396 892
271 74 259
63 83 218
66 204 693
195 47 893
123 179 225
15 89 958
212 96 185
319 224 994
231 399 322
304 351 998
351 371 271
199 4 637
177 46 522
386 35 26
160 62 934
399 53 954
308 193 369
382 92 17
281 205 21
42 385 792
255 170 824
112 255 530
84 29 899
299 313 605
231 352 87
226 94 618
286 188 705
35 303 962
150 260 361
33 44 995
10 150 108
316 161 197
199 335 174
42 384 276
372 89 282
46 290 197
214 75 138
374 136 469
168 389 734
131 246 164
264 358 272
2 386 802
117 223 172
34 370 108
124 102 554
360 111 165
125 347 121
26 11 706
13 280 847
265 133 304
15 310 375
166 395 807
127 268 953
239 377 805
394 333 725
343 285 611
356 308 279
375 129 87
265 67 650
298 333 383
141 182 93
103 241 768
5 25 806
384 325 766
87 182 106
238 137 409
283 194 183
44 188 632
341 4 167
186 33 736
137 71 971
249 188 110
198 93 160
293 311 886
168 223 216
109 123 125
30 221 257
64 293 103
149 316 92
123 132 93
118 330 938
208 48 826
148 361 272
297 65 306
262 250 370
214 330 723
161 185 59
185 115 760
73 125 857
57 15 711
177 291 952
90 276 804
74 102 716
370 217 489
386 16 454
227 398 712
116 136 204
161 298 241
65 181 956
238 155 445
160 290 956
296 83 37
263 267 894
55 222 792
18 181 362
10 395 945
103 157 738
305 399 506
264 67 128
180 1 757
121 185 881
141 385 10
271 241 794
280 29 961
354 108 857
181 170 415
237 359 542
17 364 489
2 150 858
279 96 989
334 175 763
188 221 139
91 367 345
178 54 220
106 301 76
346 172 451
203 372 199
73 334 604
376 183 135
385 121 784
112 63 26
366 381 539
95 310 535
8 304 996
268 85 349
44 78 951
127 54 825
363 44 476
310 399 859
396 277 261
73 133 931
20 179 176
265 242 739
390 146 719
18 20 284
386 336 797
260 302 233
177 389 670
74 398 868
60 184 240
102 304 981
174 87 927
353 366 321
340 38 139
118 376 98
299 51 160
189 132 898
83 335 26
49 131 125
55 268 632
228 148 98
76 349 540
186 207 988
172 242 203
115 33 144
269 29 213
322 317 98
276 25 34
91 20 845
387 294 599
214 163 193
274 167 255
206 56 815
29 255 964
17 302 953
94 166 500
26 168 551
288 305 192
177 138 675
369 313 196
136 61 240
32 68 759
253 346 944
394 241 48
219 281 596
52 382 456
353 58 620
399 343 793
166 113 921
168 370 373
223 260 575
319 24 139
392 121 479
15 383 394
211 191 253
210 201 655
118 125 605
363 309 553
382 153 613
282 58 436
149 119 623
220 44 470
247 141 905
386 375 423
104 123 612
370 337 811
356 112 313
311 125 180
173 206 304
87 157 131
130 357 606
392 312 519
92 390 83
276 90 429
297 64 768
364 181 112
107 215 503
246 134 803
319 222 898
194 294 831
85 317 75
167 255 932
85 149 476
394 158 34
223 173 764
111 337 332
52 354 826
293 260 205
91 319 104
106 227 695
356 29 858
91 5 888
130 9 372
310 217 531
17 381 792
140 182 397
172 80 632
249 242 544
42 156 784
228 87 654
327 35 318
108 220 364
196 0 804
182 147 793
128 266 639
356 303 34
228 327 358
14 122 962
283 124 233
339 278 567
74 29 880
59 193 28
197 54 614
326 322 483
314 91 647
12 48 30
90 145 18
313 194 794
78 218 434
62 116 972
102 95 181
69 72 232
82 221 396
100 228 32
173 393 458
67 26 959
144 28 998
105 6 202
108 208 331
195 102 568
214 132 526
20 77 210
59 101 90
280 374 290
247 141 16
97 87 64
241 395 265
267 363 226
20 2 350
53 92 758
341 92 692
400 385 96
157 26 226
236 308 129
346 377 669
337 116 624
248 57 992
39 376 807
183 38 671
355 340 44
263 76 89
19 164 856
115 139 75
25 274 864
148 44 15
310 244 549
194 369 766
218 235 12
30 53 55
305 219 839
172 164 376
255 182 299
275 370 184
42 223 351
324 66 306
98 236 656
326 146 133
28 28 856
146 315 763
2 193 164
370 165 128
30 188 883
79 59 443
98 149 295
155 336 304
133 84 864
181 288 478
381 262 81
37 70 333
229 175 337
35 384 837
378 212 294
336 115 41
192 202 523
310 97 131
105 61 26
93 352 30
98 315 99
354 138 836
358 153 594
90 5 376
155 13 498
100 259 646
162 187 344
127 349 391
267 241 109
397 223 198
377 141 344
297 230 539
292 39 297
226 24 387
129 196 972
368 116 313
383 264 416
60 218 859
58 79 470
153 32 869
64 2 331
133 290 752
249 381 380
155 217 858
273 249 214
288 29 793
160 365 289
154 257 254
351 22 796
185 349 692
195 330 260
318 392 835
370 370 135
144 379 810
159 41 879
206 99 300
179 29 247
66 101 504
48 355 682
111 188 525
134 143 941
26 264 956
132 268 628
144 45 545
43 329 803
163 7 780
221 193 569
385 118 16
367 165 34
167 105 428
19 266 779
396 130 321
192 88 244
59 346 823
56 218 849
57 82 774
225 79 689
279 371 93
172 127 125
289 11 483
352 176 174
372 87 622
17 225 29
305 211 873
229 116 669
61 275 52
305 196 675
21 294 694
350 249 960
284 324 54
260 320 865
366 70 460
216 188 283
231 224 135
358 121 462
232 148 168
330 157 282
300 167 339
71 284 487
256 218 984
199 328 300
64 241 564
248 345 63
203 108 986
152 2 445
131 236 744
247 180 986
373 392 44
394 293 963
12 206 371
369 114 655
226 112 403
56 85 792
19 172 38
272 71 169
60 355 647
196 370 821
89 256 677
167 213 222
273 315 447
51 59 687
273 124 931
179 187 115
356 262 270
282 235 492
168 176 736
188 49 463
38 46 577
253 328 159
134 326 321
227 109 123
311 236 915
371 270 244
121 247 135
267 371 873
215 325 723
297 208 707
50 400 45
261 272 939
87 355 407
263 38 31
74 334 17
30 50 517
115 83 571
383 289 367
390 300 466
378 214 665
308 288 401
38 278 749
265 198 756
324 13 883
78 320 193
108 157 965
7 366 424
177 113 408
353 8 790
369 108 421
292 372 1
143 26 363
203 173 140
25 132 799
82 120 985
365 218 757
77 146 781
115 342 978
181 92 112
97 94 406
146 116 617
277 85 6
341 93 103
26 384 990
230 225 455
191 28 562
298 372 103
115 294 729
51 52 147
6 294 632
10 358 425
40 269 877
208 260 651
146 28 905
313 74 553
236 278 151
101 158 200
76 317 297
198 38 203
378 27 986
221 299 83
173 8 473
218 175 172
294 275 883
157 5 529
58 40 383
33 100 892
227 385 309
48 270 328
370 322 984
310 235 721
126 23 892
371 254 374
320 186 670
299 377 859
208 212 854
118 44 586
348 57 451
348 373 762
350 267 457
132 71 100
385 279 187
40 382 903
25 20 653
361 340 491
206 269 923
129 351 719
206 81 305
197 78 257
145 126 777
373 78 798
243 317 79
292 392 605
341 195 517
317 101 911
293 292 421
162 186 530
227 158 876
398 360 499
368 261 454
371 18 670
251 179 770
400 65 589
317 112 571
112 50 319
317 20 784
190 52 454
203 224 788
248 301 741
354 50 849
64 297 825
67 134 311
258 306 938
76 148 727
226 264 329
378 120 711
136 381 474
174 200 734
264 281 922
74 248 843
304 77 201
32 197 298
41 74 71
197 379 301
54 226 370
267 291 548
154 176 335
138 94 10
14 272 861
215 75 779
156 397 316
122 24 150
2 137 634
383 106 314
169 305 738
275 266 155
149 143 374
250 77 834
24 118 273
17 171 78
78 235 846
235 112 336
288 336 798
312 285 622
86 192 264
275 3 940
333 259 204
225 83 791
73 131 882
309 113 976
115 44 611
33 11 248
18 177 311
240 279 196
100 55 680
11 315 396
177 257 229
386 122 473
234 130 8
126 45 281
257 158 951
152 67 309
148 397 514
43 5 766
264 297 144
57 96 240
101 15 373
363 220 262
91 128 72
175 38 460
116 279 513
374 395 919
141 130 452
304 113 97
105 141 1000
392 302 242
61 111 200
8 181 544
243 261 625
210 245 138
348 373 126
138 367 54
182 297 632
101 326 597
319 131 890
147 93 878
348 72 686
49 349 605
285 255 212
52 369 211
134 139 58
392 161 167
265 295 749
51 97 781
386 143 593
65 252 890
66 332 920
53 399 885
293 118 611
192 41 549
295 144 457
339 246 866
227 325 788
209 275 21
326 196 603
205 37 221
400 130 563
25 66 439
250 333 384
144 387 839
12 123 286
300 14 91
186 163 928
87 361 224
10 67 226
138 257 462
125 294 168
28 290 231
121 352 897
254 380 347
376 192 834
248 215 658
363 373 427
357 286 526
329 225 253
309 75 983
80 28 222
154 99 484
383 124 323
357 58 125
145 324 221
295 116 251
142 301 377
349 273 58
86 227 620
250 40 587
313 109 842
336 137 198
244 254 374
94 185 954
0 319 647
356 310 80
105 321 467
345 154 750
25 134 841
264 122 631
285 26 889
256 52 396
386 141 268
353 298 690
159 121 917
3 23 483
88 251 758
68 387 973
73 132 826
141 73 612
372 67 626
142 196 799
9 20 776
163 78 682
321 381 403
60 230 171
251 74 676
59 84 397
163 315 757
295 162 218
277 360 969
274 370 150
84 31 615
70 243 693
265 233 900
159 21 269
389 219 796
396 2 468
245 71 502
12 148 33
79 84 778
367 359 726
265 249 460
347 41 513
295 96 720
286 12 584
303 90 937
336 58 288
307 79 303
0 236 357
190 121 664
308 109 323
191 207 799
113 400 659
277 85 789
324 330 863
246 359 70
31 30 51
135 385 34
274 58 574
68 279 138
114 48 569
322 145 409
166 69 724
64 102 816
89 56 737
227 398 250
80 62 91
16 146 717
87 212 419
48 366 483
309 0 795
115 283 636
247 165 775
308 4 196
315 92 594
294 148 918
161 226 67
314 386 860
326 162 492
131 356 414
238 293 54
122 4 934
59 217 33
335 185 754
122 305 447
191 93 46
96 195 47
272 263 819
220 101 796
29 55 472
16 351 812
239 294 284
300 123 914
284 59 284
40 210 909
108 2 622
209 65 794
148 191 725
86 209 919
33 241 53
368 268 320
92 94 239
239 73 264
259 126 541
282 233 1000
76 369 837
86 332 200
11 239 543
7 344 141
180 87 840
81 50 357
340 399 377
140 165 781
129 296 552
71 317 791
222 122 854
252 29 679
118 239 665
147 395 555
228 56 729
75 112 726
334 214 476
193 140 829
256 343 702
202 244 818
100 310 304
281 60 863
142 301 235
23 207 862
391 247 655
71 169 320
122 269 182
45 350 908
355 123 672
32 64 717
336 265 840
145 204 537
362 286 120
333 3 726
11 45 660
262 338 445
325 307 346
101 188 597
116 306 737
303 348 943
148 372 75
157 46 214
44 165 209
191 301 315
179 362 227
269 103 735
285 295 675
60 85 79
230 208 84
154 101 797
318 64 246
78 361 978
309 271 664
168 342 456
156 330 929
163 263 235
272 235 108
112 67 639
289 368 646
360 140 932
55 52 710
256 240 854
241 175 241
48 98 714
5 160 566
365 186 101
207 260 518
380 391 167
2 379 496
193 380 39
18 301 109
173 258 559
253 181 882
134 131 643
278 245 545
359 109 614
314 67 773
233 206 856
322 185 727
57 32 668
282 340 738
164 320 918
159 345 545
200 18 308
339 134 445
330 389 464
318 154 842
97 296 336
106 255 873
294 103 838
123 151 513
323 258 598
338 136 813
313 70 180
386 143 55
292 14 990
328 354 734
274 2 352
10 360 637
388 53 611
151 310 914
141 126 457
358 303 595
254 99 867
26 58 612
3 236 779
100 308 867
39 400 221
229 150 750
289 99 998
88 240 681
363 355 855
250 100 285
288 258 731
206 123 450
115 241 776
262 274 96
26 291 350
279 14 624
307 121 781
141 115 557
322 174 974
166 67 42
93 62 958
158 180 422
268 72 283
384 338 969
10 359 923
70 140 31
252 287 234
120 323 266
201 400 214
187 107 357
156 222 929
391 292 730
137 308 697
114 348 795
140 69 698
262 64 637
31 392 337
56 336 330
323 344 720
307 233 324
43 117 779
18 1 110
75 126 42
44 38 255
277 4 157
57 121 25
198 397 17
56 123 876
218 199 41
343 250 129
44 267 805
393 71 394
280 118 542
320 243 971
335 244 195
333 34 859
390 237 537
195 123 835
144 313 841
231 128 240
337 178 413
119 78 722
223 233 433
78 32 567
61 135 269
114 398 939
32 28 55
358 30 895
314 44 63
64 15 974
243 296 668
94 50 158
56 307 228
214 355 962
223 389 863
60 158 836
336 30 156
120 310 370
65 102 758
395 364 92
71 246 888
368 63 384
43 45 245
185 88 496
102 94 706
327 105 380
127 253 418
170 15 52
23 42 636
240 361 715
342 235 470
154 194 642
47 84 413
398 86 406
85 0 565
186 37 114
261 217 304
367 285 76
111 80 391
104 141 70
225 61 257
168 102 156
203 68 600
42 210 993
392 305 859
300 70 450
319 202 204
317 278 660
174 396 561
380 2 429
125 113 824
384 198 973
334 381 487
102 146 343
135 181 860
353 302 609
313 255 197
274 253 446
250 88 485
371 267 382
353 164 420
264 78 213
223 211 936
160 133 883
169 197 181
30 136 958
382 370 374
122 145 70
240 312 564
105 223 95
18 28 266
53 278 901
167 274 276
39 309 954
240 67 797
270 226 472
314 138 769
95 399 560
135 294 492
36 5 387
305 254 272
120 173 348
378 243 378
176 175 119
331 194 284
92 32 472
195 342 787
366 293 975
132 180 663
246 175 829
106 317 524
281 258 752
335 392 386
191 34 38
366 170 640
248 202 666
101 281 549
219 262 344
256 115 463
391 178 118
248 128 552
142 108 585
297 51 850
315 282 496
313 338 581
79 259 279
93 10 624
265 258 583
131 195 343
50 234 168
367 147 480
127 338 491
112 380 362
74 324 856
334 86 537
227 211 195
91 397 522
186 261 277
99 394 136
90 288 742
296 28 655
105 159 171
307 182 618
361 167 506
13 66 566
266 379 285
33 137 276
256 109 918
52 124 380
399 230 131
49 378 170
387 65 292
112 165 557
275 62 821
186 97 502
101 280 787
393 342 523
1 30 425
170 91 402
66 8 977
342 356 285
151 114 232
169 317 881
82 259 300
10 93 448
335 365 590
202 154 631
222 170 17
139 248 948
240 217 684
92 237 695
381 275 661
9 300 22
203 194 956
391 241 372
251 182 403
316 30 734
13 40 48
225 140 555
31 26 415
154 286 310
215 290 519
351 67 858
257 301 733
288 290 852
22 358 122
202 117 149
28 64 928
316 355 935
26 189 981
353 76 817
333 185 601
164 394 254
253 78 456
239 279 875
79 320 966
397 381 767
123 259 882
104 186 617
77 7 233
187 144 844
259 82 561
376 387 477
357 79 2
243 107 371
197 21 105
203 314 380
8 356 157
92 168 320
144 328 912
370 318 60
138 383 242
6 119 131
356 87 549
231 350 637
99 155 586
72 173 384
319 210 318
35 392 25
191 26 555
174 120 395
168 28 295
179 206 733
272 22 322
284 279 223
352 178 840
300 166 18
141 286 431
287 327 698
337 20 540
339 337 114
75 107 171
391 21 832
178 354 300
217 334 617
163 62 680
67 260 641
256 238 848
356 189 752
339 215 437
77 206 699
298 210 324
59 153 877
327 295 841
234 120 173
107 371 424
256 325 749
24 47 629
140 362 240
31 238 643
358 397 451
210 162 574
109 216 625
128 61 146
340 264 66
276 151 400
195 79 73
218 267 71
64 282 913
200 235 380
343 39 141
83 112 84
65 392 48
186 113 45
1 381 427
16 281 669
223 98 788
220 395 504
69 315 612
63 176 689
71 89 52
348 286 816
330 286 111
341 223 533
304 160 656
223 81 288
225 228 648
96 262 971
297 206 26
333 118 512
274 244 879
70 199 192
147 127 217
151 104 158
63 124 207
114 251 912
193 393 820
278 211 730
331 351 240
80 257 980
122 306 354
192 295 671
291 381 509
394 314 224
388 145 83
196 97 731
226 283 625
218 252 837
128 272 489
265 51 125
222 249 902
141 118 942
119 91 571
309 25 944
168 296 143
397 325 894
143 94 143
247 389 529
378 81 240
199 275 914
224 148 557
352 3 518
13 169 645
165 30 464
390 169 30
192 212 612
85 370 209
87 219 532
15 388 98
322 161 925
154 65 861
303 290 70
175 312 845
207 253 480
292 238 44
264 140 498
207 347 739
96 197 354
138 369 536
393 149 832
238 209 381
222 330 557
68 298 449
339 295 734
55 156 21
28 256 331
78 106 342
46 368 722
205 11 124
113 310 891
190 103 403
212 305 459
165 95 204
91 289 427
293 107 647
312 96 87
259 43 408
370 56 59
126 367 872
106 24 267
222 28 464
389 200 214
134 343 361
390 260 742
239 236 525
51 315 91
44 20 626
353 16 951
361 239 80
135 345 987
115 22 518
200 191 979
165 21 455
280 186 534
206 99 192
139 5 609
28 326 323
187 72 197
168 201 454
228 130 340
263 69 860
221 375 383
166 64 605
147 20 301
154 245 778
397 151 97
151 336 845
346 254 491
360 164 513
66 392 427
252 360 128
373 149 801
311 248 338
120 364 325
131 165 289
165 95 568
246 236 668
375 215 121
86 108 474
131 24 520
318 394 271
77 362 879
173 90 391
44 334 91
83 70 84
229 130 734
29 43 601
268 352 951
167 354 99
319 201 50
372 191 148
284 269 447
169 249 593
320 272 220
85 253 408
254 380 242
105 110 466
33 317 264
32 197 9
63 228 88
360 320 169
60 78 101
83 396 369
254 197 551
234 114 537
7 77 533
167 147 747
380 285 820
331 116 239
8 105 941
292 26 283
221 191 127
133 234 915
325 196 631
323 256 250
255 57 620
359 304 474
205 292 9
184 349 174
330 117 530
56 112 51
350 31 401
72 326 359
146 369 651
128 158 848
225 174 571
273 95 891
36 348 189
328 76 204
155 47 549
379 192 817
240 186 568
285 336 744
182 359 966
358 240 151
323 278 227
7 296 935
136 395 154
326 78 49
214 97 6
152 135 290
237 21 370
346 246 5
353 309 818
335 171 88
109 245 624
336 272 912
381 2 646
231 13 397
253 304 931
271 66 753
97 81 82
132 325 217
338 142 435
196 302 475
256 389 501
145 347 69
314 101 813
160 400 836
382 82 739
270 243 385
259 21 889
231 294 283
78 74 196
376 67 29
145 178 51
220 65 331
319 196 127
176 354 851
166 36 83
90 320 371
77 230 815
199 2 717
219 160 197
384 9 699
190 35 6
106 97 542
243 74 138
253 373 649
208 99 273
16 233 721
222 156 659
183 168 626
54 108 144
35 24 187
112 56 465
190 257 823
330 244 631
135 17 545
295 226 781
380 182 829
292 78 370
291 277 261
82 355 498
100 37 163
289 206 976
98 246 789
100 232 528
258 256 581
279 3 854
202 225 823
368 38 718
137 219 753
308 200 873
283 300 614
248 377 936
178 79 392
122 168 523
75 372 450
387 204 158
226 348 453
183 79 479
355 272 210
4 60 112
215 233 183
39 90 961
65 92 470
264 219 491
177 252 632
90 381 345
192 18 538
91 310 814
390 252 509
313 15 1000
241 282 336
193 218 540
212 122 628
302 248 598
76 60 381
276 276 488
366 368 276
55 241 944
327 118 647
233 268 623
291 78 277
302 242 14
65 53 949
251 34 566
127 29 873
60 389 486
264 75 608
109 305 464
152 303 503
71 274 542
178 393 667
362 342 193
3 184 277
49 208 892
5 382 446
308 365 575
236 179 214
64 277 220
277 314 510
227 24 488
75 82 362
271 295 429
60 154 107
223 241 892
82 334 907
365 112 601
31 27 69
185 204 175
145 177 591
208 193 37
162 68 282
67 110 980
247 68 158
205 112 322
275 109 351
198 353 751
67 232 633
0 86 891
395 285 535
393 66 106
345 199 539
281 210 974
134 399 146
258 200 138
175 305 533
95 331 82
368 170 127
332 290 49
160 48 655
73 178 469
153 67 313
391 257 584
29 317 615
269 173 376
197 208 34
318 379 905
92 357 856
213 258 923
384 101 897
343 340 580
98 385 207
77 67 578
276 307 596
84 76 260
178 290 266
1 70 14
341 366 792
235 224 14
74 247 778
320 310 762
25 321 264
185 182 51
400 50 496
121 246 651
379 348 32
224 20 298
147 62 793
84 283 698
281 159 518
308 89 800
268 269 953
72 223 643
369 367 14
318 301 962
183 383 675
358 193 7
90 238 75
143 373 654
354 29 651
63 90 549
385 257 186
36 66 690
172 307 729
281 164 205
0 170 469
70 11 592
54 246 333
378 10 167
52 143 727
237 234 94
356 273 249
77 40 657
166 33 953
30 197 456
182 243 647
238 275 407
243 98 287
94 8 175
59 304 694
153 196 661
277 147 776
197 199 815
237 101 116
191 377 653
114 261 452
238 172 688
304 100 973
292 261 928
391 341 125
34 123 444
68 119 614
25 60 84
112 319 89
322 27 942
213 18 849
280 31 272
97 20 859
165 332 714
290 316 675
22 113 537
352 94 145
63 205 482
13 153 82
309 335 597
226 237 313
15 78 934
231 186 824
265 139 757
299 323 532
376 164 239
335 245 843
227 323 76
163 36 966
149 43 990
397 91 454
213 373 819
184 126 640
208 14 618
130 399 404
208 166 515
208 8 241
246 0 26
358 312 825
30 359 363
381 81 223
15 294 115
390 297 113
349 295 613
106 55 409
329 346 999
267 235 825
12 370 244
188 372 745
113 60 886
258 368 222
345 274 366
101 312 1
284 244 449
115 248 958
274 163 990
72 386 711
270 311 981
175 152 356
377 387 626
383 94 744
154 49 968
123 81 334
50 399 781
338 49 275
153 147 799
243 180 574
97 367 992
294 2 592
353 9 457
204 339 974
251 325 861
345 228 16
240 65 194
179 328 776
52 393 514
228 8 767
159 205 595
37 267 331
6 361 396
396 322 97
127 46 585
314 261 15
174 329 396
94 98 654
192 175 140
300 155 266
231 65 587
363 220 654
74 157 369
368 312 603
218 322 999
137 333 293
93 333 473
187 305 516
198 190 422
105 392 222
266 48 626
181 258 28
304 176 598
371 230 290
8 292 183
80 18 520
141 364 825
232 71 671
244 75 582
312 80 761
149 291 919
33 86 819
307 95 882
47 287 76
142 320 655
319 19 614
288 149 477
67 221 686
45 181 822
393 20 70
399 110 584
199 173 66
156 365 214
252 298 59
315 393 174
258 118 386
161 264 307
399 108 260
301 306 600
201 14 158
193 60 695
130 13 514
50 325 150
192 223 220
319 175 411
321 127 259
292 334 501
17 154 933
367 236 593
295 265 263
37 149 12
356 265 121
145 354 520
395 183 25
159 253 706
264 262 450
80 37 821
46 74 538
40 359 383
308 174 830
192 299 446
104 264 726
193 391 170
309 171 545
139 376 359
356 181 785
236 318 63
136 104 927
301 137 367
185 218 46
370 7 726
5 300 908
97 144 130
103 319 346
177 1 626
73 84 639
94 400 116
27 350 264
188 72 62
222 359 519
385 343 848
351 131 170
22 14 538
109 157 972
297 354 635
34 239 39
170 277 266
21 89 132
226 255 687
86 358 487
112 351 181
166 367 484
235 170 310
89 139 994
298 145 120
288 137 105
100 350 583
54 198 396
18 329 496
173 251 180
113 109 87
141 395 472
115 9 700
69 88 129
10 71 694
154 179 481
49 17 248
184 54 927
204 303 998
372 237 755
26 149 317
95 217 219
59 162 714
122 93 557
9 196 668
163 65 914
263 320 411
123 387 97
111 163 452
81 279 124
231 318 182
267 325 23
186 165 525
144 209 270
150 155 300
248 379 619
71 1 25
360 47 879
44 34 325
81 210 467
73 74 88
287 183 55
391 22 325
47 161 819
256 4 303
298 318 207
140 373 575
266 376 609
366 382 876
241 130 829
195 76 82
278 357 703
123 282 838
75 0 225
343 321 979
97 313 600
75 25 42
356 114 102
242 352 9
398 150 320
0 377 766
14 32 313
330 90 524
318 342 15
7 188 773
358 23 156
173 267 16
77 140 595
118 342 323
117 274 412
323 44 454
390 326 165
399 370 661
195 294 627
111 234 425
337 62 55
19 315 239
58 7 884
26 185 147
93 1 528
188 160 130
362 119 169
55 111 414
75 351 571
131 271 126
278 259 631
72 314 732
338 363 204
349 68 36
1 15 656
237 58 440
243 364 682
176 295 237
166 214 92
123 178 214
84 385 984
6 205 706
281 206 37
140 48 531
14 310 927
299 387 720
25 284 627
13 390 784
241 91 11
278 290 707
222 57 76
129 25 483
277 219 232
299 148 717
182 133 695
175 64 17
396 305 266
351 90 861
112 281 342
308 28 513
138 99 921
359 233 878
108 59 839
83 276 390
213 359 341
228 348 938
274 17 432
37 235 979
339 386 663
352 67 972
117 321 61
56 38 391
160 266 988
394 270 326
121 384 151
287 22 948
48 326 665
210 311 768
147 334 331
273 104 940
158 51 691
234 179 538
156 102 670
338 316 540
45 70 570
356 162 391
102 148 474
296 309 178
308 120 120
44 354 406
238 90 821
246 85 277
218 261 247
137 165 465
253 20 713
185 11 76
204 94 831
86 218 427
13 378 29
53 100 531
31 94 8
105 354 578
388 247 800
371 57 445
307 337 813
250 33 523
210 382 122
81 391 200
125 301 467
277 115 821
94 201 161
312 225 910
268 314 858
229 353 310
38 360 768
255 178 669
68 89 445
306 157 913
118 150 637
348 376 85
309 41 687
90 296 703
101 157 329
393 296 209
326 264 149
39 392 206
168 118 466
312 370 87
256 337 240
147 348 170
34 247 694
312 259 848
176 159 94
73 19 564
179 99 869
296 21 234
339 359 997
66 114 144
179 313 90
293 179 141
75 303 127
58 251 646
88 317 194
73 299 198
44 91 969
319 75 763
355 111 949
291 206 132
256 251 275
107 397 228
85 313 830
209 279 51
107 383 322
339 382 535
385 334 127
223 392 762
361 37 442
48 236 356
376 87 984
230 9 4
331 38 575
372 221 613
178 152 955
27 358 501
255 162 628
388 394 872
347 85 116
101 169 530
374 135 761
286 342 181
338 168 932
29 183 647
133 374 429
130 127 565
101 208 402
156 254 990
150 143 278
368 288 176
184 125 57
15 390 628
220 302 106
183 352 473
400 179 629
248 195 163
344 115 755
17 50 45
114 372 640
332 150 876
272 64 193
317 399 775
26 77 759
359 50 13
105 206 34
361 206 348
53 328 844
186 135 525
71 24 125
124 388 475
367 396 230
33 290 432
0 31 728
71 249 229
271 376 626
347 291 701
175 121 117
399 323 847
0 370 751
303 107 353
4 146 865
246 351 990
147 328 172
371 136 610
53 290 501
178 186 99
378 64 816
178 323 758
287 213 5
43 232 402
111 205 654
172 84 970
120 297 507
350 116 900
18 29 154
103 108 788
360 394 275
344 276 968
319 218 759
371 260 24
266 285 380
138 14 72
304 361 986
367 364 984
34 18 89
253 233 997
61 155 791
6 343 894
321 189 385
34 234 167
312 99 909
48 247 168
69 269 804
77 129 132
2 221 640
84 137 172
120 287 327
79 199 708
289 324 778
269 293 480
368 278 213
333 40 600
23 76 244
94 197 1000
134 80 35
254 279 304
186 80 343
274 231 754
71 253 998
34 208 281
276 13 50
54 252 521
34 256 966
391 355 772
353 209 794
328 253 909
324 344 740
241 66 988
110 46 187
392 241 769
70 24 885
262 72 957
147 152 619
79 253 682
311 183 202
65 212 628
70 384 316
189 234 542
43 299 520
334 253 916
12 154 374
346 222 288
69 303 885
72 144 415
234 6 637
207 177 49
199 111 864
127 294 567
265 223 18
391 271 858
195 48 780
398 51 917
272 239 198
164 30 63
212 390 997
170 320 290
292 363 523
241 147 679
32 268 543
373 373 806
270 285 756
224 23 662
308 362 146
210 214 643
92 178 190
43 359 664
363 376 254
86 120 521
244 396 867
200 274 363
280 38 691
368 110 937
105 16 533
190 332 751
135 272 946
75 290 632
7 352 901
380 28 873
296 384 871
388 175 317
237 178 67
106 169 950
383 341 125
55 200 113
4 180 151
286 386 7
206 15 97
56 206 986
163 236 109
295 384 319
365 331 69
255 307 835
98 249 105
167 274 507
203 305 904
389 20 944
214 50 144
25 227 110
314 62 531
143 383 203
67 177 406
9 335 660
385 268 92
150 365 165
61 355 316
185 293 223
129 350 831
55 4 679
219 342 325
249 349 792
86 287 385
89 395 211
264 152 208
82 229 157
34 138 650
233 18 567
106 193 722
190 254 196
53 230 679
24 271 803
179 250 811
350 163 463
373 349 496
80 234 294
342 155 118
199 159 187
40 225 968
118 60 216
265 6 306
371 162 5
384 62 788
341 187 379
100 22 87
378 326 817
364 81 892
109 137 988
136 217 125
388 89 637
372 291 911
4 221 896
207 349 35
57 211 621
1 267 733
90 326 981
20 393 267
211 12 491
83 188 397
11 121 707
369 341 955
278 52 723
299 161 289
164 66 806
385 249 372
151 366 822
84 77 771
306 201 238
377 3 168
39 79 55
109 195 307
20 229 673
81 8 427
131 147 187
346 166 220
359 251 196
228 233 369
354 152 478
227 274 490
7 327 348
353 206 735
16 280 745
319 110 762
240 57 192
173 396 78
72 399 294
117 365 193
230 288 361
115 247 547
384 230 57
373 251 510
329 389 830
30 357 169
279 8 150
349 377 403
119 396 118
212 64 161
155 209 58
86 238 399
313 359 316
16 254 378
242 331 363
136 249 282
324 66 343
344 336 252
282 55 842
162 25 985
318 95 118
268 160 665
349 355 692
26 240 171
275 276 494
129 35 993
96 327 214
197 392 18
385 374 905
10 152 727
199 49 308
127 206 773
46 56 457
54 105 766
339 224 277
66 18 542
253 132 232
105 376 906
335 238 474
343 212 187
49 316 90
330 395 455
376 177 320
250 38 842
226 24 547
335 345 586
310 257 146
40 266 155
149 163 121
73 399 232
128 251 509
128 294 217
30 195 540
276 173 830
156 40 284
184 227 578
66 354 833
172 362 804
99 360 823
151 132 675
323 364 234
172 138 286
236 328 713
342 318 560
196 340 860
131 213 378
306 292 614
56 103 960
35 72 273
327 229 417
70 329 759
225 104 383
3 22 914
235 102 309
63 270 518
132 332 85
336 6 488
356 1 240
94 90 287
348 381 967
50 152 723
278 26 700
225 356 25
38 304 595
131 249 658
360 331 581
153 346 647
69 207 10
18 207 44
380 10 839
125 54 412
168 370 26
21 338 876
231 166 500
3 1 615
89 294 479
348 365 873
117 376 133
285 291 915
40 256 885
93 174 349
297 103 672
287 49 420
91 61 799
301 302 612
1 290 60
14 289 612
196 366 639
127 334 572
106 398 79
137 341 531
68 278 141
22 61 537
241 89 690
337 135 359
378 139 899
176 237 154
136 90 22
265 265 558
48 133 815
325 304 355
38 176 587
53 259 124
267 192 905
12 168 704
39 121 873
218 21 234
325 147 861
249 332 772
318 246 400
298 304 343
126 216 442
52 157 384
11 123 643
156 96 583
119 70 941
76 167 377
377 205 246
158 365 28
353 335 288
201 314 992
178 53 994
77 123 365
344 322 677
348 107 778
350 78 404
240 13 983
346 134 3
160 77 966
236 308 490
120 79 647
366 194 409
218 368 89
273 175 85
126 360 417
283 346 502
216 304 916
216 397 475
221 231 862
10 250 757
259 339 931
198 40 222
111 342 306
109 88 576
218 65 349
384 142 0
76 224 604
224 342 282
51 314 42
103 24 194
179 267 900
114 331 64
264 9 78
296 381 760
218 276 663
296 202 281
312 60 777
396 42 49
372 78 897
167 13 188
290 205 678
61 286 629
228 123 195
339 241 139
311 290 793
290 302 165
139 111 912
347 258 480
40 168 356
27 105 428
269 351 361
284 184 638
206 303 616
191 327 550
141 269 484
277 234 283
45 212 375
390 378 926
310 94 657
375 212 552
292 15 690
291 283 267
287 184 72
399 7 924
271 111 403
233 273 530
14 14 824
209 133 48
311 110 850
76 380 439
378 236 82
385 256 702
343 127 386
257 43 88
218 48 114
181 154 271
14 80 227
45 233 499
252 299 501
343 371 179
353 128 960
76 33 308
103 272 533
391 156 246
122 324 45
4 389 200
104 388 662
237 192 714
23 400 531
109 68 554
326 373 232
133 304 188
287 398 337
24 166 604
256 91 785
296 235 287
178 74 599
291 61 408
70 224 754
251 273 633
329 115 338
11 178 430
110 246 917
373 35 468
60 76 406
292 208 714
345 340 153
246 127 896
323 364 408
346 172 502
396 365 193
348 354 707
39 298 586
318 51 878
17 302 742
213 118 59
279 129 9
40 235 595
166 296 996
210 22 451
65 87 152
190 344 404
99 239 440
111 146 413
64 360 724
62 202 667
111 225 942
58 15 779
290 369 404
398 353 103
394 78 61
142 214 69
174 110 868
87 104 984
129 260 856
89 140 686
273 348 256
128 386 477
292 117 787
254 83 614
70 30 27
276 238 69
98 345 567
183 217 601
249 165 776
52 281 436
351 324 523
161 57 678
322 391 937
183 200 405
246 20 859
225 275 371
134 252 404
0 320 804
46 222 103
180 357 932
368 315 354
75 316 407
85 60 20
376 68 858
185 20 959
368 200 651
166 140 885
343 367 879
385 382 100
347 122 495
314 282 679
192 222 370
349 209 809
50 287 904
179 290 361
40 127 971
4 311 197
127 332 876
182 193 443
219 126 135
263 160 779
168 376 152
381 16 948
177 283 952
156 245 491
138 363 799
341 103 683
74 219 693
369 24 627
267 104 431
13 275 941
191 104 733
354 258 153
67 253 258
328 249 887
303 118 189
394 8 978
343 51 897
289 283 95
246 51 202
337 323 685
399 291 415
130 182 632
9 54 733
384 382 603
280 286 204
288 364 965
57 229 56
67 126 256
167 398 623
384 356 68
0 388 492
163 346 183
266 275 555
43 133 410
267 195 300
188 217 98
195 63 287
122 251 275
38 29 456
159 306 294
168 362 632
18 215 907
306 191 859
92 286 535
217 147 770
361 93 678
341 114 239
90 20 546
194 319 530
180 286 548
148 202 321
239 111 828
394 179 963
148 262 567
26 342 450
232 117 656
263 212 455
153 268 880
237 398 639
147 33 896
206 163 976
40 156 209
117 395 667
34 115 317
72 199 214
93 365 94
239 250 478
297 345 692
347 356 233
186 135 960
69 235 706
226 297 271
16 236 65
117 257 220
169 243 769
398 321 988
99 361 777
114 146 749
259 191 977
54 245 253
329 168 803
40 287 854
111 178 452
383 241 427
170 331 190
97 158 167
261 239 133
222 104 867
69 361 635
110 381 217
310 275 308
289 47 283
18 325 213
121 70 123
4 183 780
237 241 15
223 250 557
336 31 317
217 227 941
16 381 220
171 352 528
161 273 232
158 268 773
276 339 912
374 122 134
15 115 695
293 357 677
171 193 109
185 278 107
297 63 147
382 14 8
264 64 335
380 207 727
29 62 242
63 215 749
375 108 649
172 375 502
301 301 630
296 205 942
145 157 371
387 380 754
347 32 830
186 205 446
110 324 387
211 187 792
98 238 961
67 227 361
278 225 553
53 183 963
288 138 288
84 122 543
398 157 593
49 63 955
70 294 954
289 255 794
295 97 304
237 302 628
99 28 185
109 69 391
70 341 307
389 24 877
241 227 703
354 299 233
44 271 800
271 291 186
148 6 859
9 348 735
175 295 789
326 267 896
63 295 47
0 364 773
66 289 533
45 394 308
147 68 84
195 266 845
357 396 523
3 118 57
309 392 637
237 83 238
87 138 983
111 356 108
8 238 844
289 297 31
389 1 664
307 58 978
67 359 528
167 22 519
96 365 57
107 190 964
159 368 930
3 180 641
299 288 228
389 292 913
219 117 432
372 66 113
196 67 400
290 132 994
248 181 314
366 292 506
42 134 419
367 85 456
33 33 779
192 5 713
5 281 659
113 91 334
177 350 465
252 339 128
13 72 850
315 177 409
338 281 6
323 99 638
63 184 693
161 279 748
254 313 332
357 250 776
275 147 710
39 193 331
52 67 584
185 219 647
376 400 761
56 176 86
283 143 135
63 275 376
325 65 144
55 305 721
37 219 941
252 45 156
276 395 713
267 10 274
255 116 29
140 141 50
386 378 532
254 338 675
266 83 547
236 379 457
68 256 620
145 127 986
233 251 39
316 397 10
17 273 974
352 251 928
81 331 4
276 1 108
197 240 155
300 96 230
172 105 948
139 155 700
370 129 461
299 244 278
375 209 915
187 292 660
164 318 997
385 209 686
347 359 332
244 164 285
148 336 823
107 19 811
139 2 588
103 156 322
35 304 715
280 274 827
150 345 296
148 105 268
218 38 636
31 6 232
228 313 644
120 109 69
194 335 388
17 275 934
253 25 781
190 395 930
245 189 577
95 283 668
293 178 443
243 109 398
185 70 921
293 389 107
57 48 499
22 223 272
76 238 204
226 318 814
199 298 287
386 260 548
374 145 970
237 194 261
362 271 161
229 105 844
292 70 672
226 2 313
56 392 160
8 20 775
228 69 762
19 393 955
215 21 186
309 160 656
291 187 483
181 247 185
161 97 349
267 388 181
199 83 399
262 317 807
219 45 599
166 4 236
390 399 810
144 0 894
25 208 431
74 133 506
250 56 464
357 29 87
111 323 242
272 243 295
53 329 433
318 370 857
152 49 459
271 112 899
166 158 161
291 4 956
138 245 584
220 381 17
70 184 437
291 74 438
347 294 139
165 31 146
354 258 691
111 235 522
65 340 795
220 315 40
265 178 468
221 372 432
84 64 699
355 243 567
46 173 203
13 66 673
197 58 782
127 53 769
220 361 831
369 66 239
217 101 507
219 91 206
333 285 429
149 345 41
210 146 416
92 262 802
272 71 18
109 264 241
362 335 749
317 398 954
158 292 903
84 201 363
201 340 505
316 234 276
65 30 618
28 191 945
316 203 709
330 383 954
278 352 505
354 279 832
301 58 432
107 4 587
282 252 190
274 62 494
394 224 172
178 1 872
177 267 186
271 362 247
11 39 836
232 299 161
365 143 905
203 366 748
107 386 514
19 326 428
364 183 512
219 214 533
94 359 529
156 209 518
43 36 419
224 390 674
174 255 761
396 67 839
86 65 643
348 236 488
319 71 277
82 143 601
97 59 753
350 221 595
2 282 649
394 112 66
136 70 865
124 346 592
67 130 924
38 148 513
193 275 472
44 213 411
10 62 331
351 197 97
307 364 879
76 134 860
45 346 964
394 10 957
188 345 40
329 209 794
386 198 936
389 273 922
51 6 818
191 334 492
138 347 490
23 100 455
169 167 324
240 305 689
48 60 277
388 266 361
56 214 999
338 27 431
41 204 613
144 315 696
381 83 320
265 18 429
366 89 724
13 272 302
170 5 262
190 170 941
313 99 550
263 27 820
397 63 198
288 128 653
220 384 544
111 61 255
0 10 458
31 255 952
63 174 611
188 81 435
369 196 784
110 219 324
91 304 731
378 265 823
94 20 918
395 199 244
92 230 632
217 198 755
301 285 128
363 216 318
70 360 728
72 289 700
356 93 357
337 101 258
179 228 403
293 276 639
63 262 957
244 182 732
400 304 704
291 49 559
356 311 601
28 46 588
194 173 695
82 264 141
73 304 658
54 129 346
355 228 564
5 62 841
309 340 176
235 298 684
134 168 361
324 227 262
367 270 824
5 138 792
163 393 522
176 94 497
272 363 188
88 98 959
303 333 763
4 303 543
273 289 18
151 89 234
54 139 223
179 32 981
239 384 804
12 364 383
310 69 954
188 173 451
33 177 226
263 201 945
206 225 683
262 386 945
212 174 635
298 30 871
331 380 129
281 309 272
207 130 667
8 137 541
61 258 63
145 15 943
72 58 609
374 159 625
50 166 381
248 397 737
40 47 492
352 186 640
167 193 987
249 283 601
297 267 729
362 397 156
63 135 507
18 280 10
85 240 662
124 201 487
58 338 947
3 47 415
193 381 501
232 397 566
113 147 26
26 21 913
31 384 158
268 162 675
118 295 379
313 358 909
295 317 570
168 71 364
262 164 50
211 143 221
336 329 594
222 300 337
8 270 758
191 7 528
271 194 63
290 9 174
155 147 15
125 113 503
252 25 492
219 7 8
33 308 404
73 163 822
82 1 791
241 278 641
284 382 604
12 52 851
255 45 12
373 221 395
393 266 433
294 203 678
327 229 497
21 66 710
224 241 749
400 382 474
245 33 852
341 274 750
397 272 158
156 37 992
375 244 735
82 54 802
326 357 164
21 288 932
131 59 682
55 61 303
34 227 249
38 255 29
249 287 669
133 399 307
225 62 227
206 246 35
185 140 718
10 154 919
162 274 678
211 206 19
281 333 368
219 394 881
192 16 635
148 143 792
193 118 628
81 256 330
281 396 763
313 10 846
84 18 304
44 109 834
246 305 890
327 157 95
273 91 142
339 245 444
76 2 4
295 151 559
102 83 869
280 380 889
391 334 819
398 113 602
317 83 268
17 227 759
252 6 852
86 370 181
89 39 343
18 246 333
334 137 805
227 173 647
3 136 522
56 22 296
51 288 750
380 390 581
335 91 715
211 239 674
235 73 762
319 224 558
316 260 453
356 141 944
270 364 639
398 300 507
43 35 649
189 97 241
191 6 906
253 383 850
44 82 740
335 226 234
38 203 876
214 394 343
219 85 482
62 266 638
39 120 39
254 39 86
320 364 677
66 0 190
171 135 249
171 8 397
35 121 143
280 214 368
49 148 543
96 378 119
379 340 496
56 10 780
281 13 523
60 394 5
335 299 337
6 242 755
212 335 183
142 244 752
74 122 866
287 327 453
377 356 452
353 174 336
154 29 664
221 336 944
80 152 331
72 342 490
390 129 410
332 210 605
77 288 802
135 64 478
377 190 239
222 99 878
153 386 28
310 266 502
245 273 359
242 39 641
18 262 184
152 170 785
244 82 75
322 182 970
367 394 267
149 64 43
247 212 267
30 145 892
284 135 846
164 363 750
257 12 244
118 250 177
114 390 833
283 1 952
45 308 869
75 167 4
71 54 199
339 64 479
120 134 301
276 305 954
304 320 922
268 41 996
263 127 625
55 48 215
172 192 370
248 196 261
336 181 879
164 371 108
382 357 866
161 107 444
398 280 323
93 294 125
142 28 610
319 150 854
32 10 792
242 177 260
224 114 909
92 223 95
32 373 181
235 395 208
27 97 730
134 247 790
264 85 393
152 241 978
21 132 62
392 341 999
144 399 542
264 222 923
344 372 514
181 61 398
94 354 617
203 217 569
375 93 165
76 385 206
236 362 962
367 362 431
178 188 597
272 90 448
165 53 777
329 61 285
112 189 421
48 297 758
214 255 98
132 126 81
44 241 414
316 254 11
281 330 977
30 387 121
323 188 592
350 229 475
102 338 306
336 185 349
22 149 835
96 251 436
258 142 231
113 70 200
397 31 212
239 389 659
185 70 479
51 301 558
143 60 314
379 272 451
29 79 816
7 11 21
334 339 655
132 100 592
376 147 920
38 144 142
0 87 258
51 305 794
116 264 307
361 289 718
163 385 932
326 331 269
277 271 722
348 0 749
141 357 257
263 377 209
150 274 534
389 386 882
250 359 485
220 206 2
85 394 259
304 263 287
293 279 421
190 238 741
277 149 998
49 85 492
365 275 247
121 109 33
69 323 573
309 322 402
168 76 623
347 132 605
25 254 368
189 221 376
160 399 914
89 283 174
176 109 837
387 139 164
324 301 222
340 316 886
59 94 643
281 369 451
277 384 599
53 201 710
124 170 910
119 69 276
145 290 341
9 317 592
78 299 2
265 289 901
129 314 126
126 389 157
356 359 533
197 321 681
187 165 400
390 168 68
275 28 256
169 232 577
290 277 408
209 76 633
171 283 867
45 137 626
355 281 377
218 144 208
373 287 16
128 89 178
389 258 22
286 34 50
96 328 599
288 266 502
360 378 894
328 0 159
321 7 151
92 384 936
7 127 296
125 59 70
329 316 476
166 107 525
283 76 588
241 228 455
158 232 319
393 179 180
297 177 410
6 299 750
351 32 11
150 140 796
354 191 886
150 388 563
333 321 896
243 34 65
350 332 312
295 179 162
108 169 244
239 10 890
306 370 876
346 211 942
207 199 458
225 72 281
110 169 916
3 65 347
206 336 518
132 109 474
25 212 517
388 180 179
348 63 703
357 144 430
302 139 528
7 54 683
296 32 4
263 346 292
169 256 237
104 170 1000
268 395 974
137 316 688
174 98 497
51 24 703
51 78 963
362 240 642
64 179 39
214 347 503
313 353 509
217 215 669
312 320 228
285 77 420
382 324 803
89 217 0
3 355 130
144 27 795
367 277 483
331 346 74
55 80 528
51 400 117
114 82 687
171 232 300
276 347 350
71 173 501
5 220 464
183 340 900
69 81 468
180 119 49
65 1 19
33 8 978
229 275 569
121 270 167
231 340 554
186 83 566
108 290 181
119 294 106
274 131 597
267 380 928
209 238 842
249 345 97
58 28 396
180 326 343
217 292 739
276 307 742
341 326 197
299 136 119
332 299 307
289 96 513
385 249 92
343 194 471
60 315 835
303 58 958
76 33 109
263 385 537
226 218 438
5 333 460
390 117 171
40 371 601
228 279 668
208 193 592
14 249 163
144 62 817
150 158 18
23 178 767
287 91 552
7 30 82
390 170 248
56 354 238
256 236 31
53 383 272
46 144 777
31 301 885
314 325 858
315 210 244
108 26 406
210 252 986
387 312 794
83 31 735
398 206 377
289 214 82
145 202 284
68 10 562
187 74 22
189 275 497
236 194 72
155 256 425
143 283 240
156 103 449
279 288 2
298 307 154
217 163 563
371 43 809
269 168 267
1 171 522
295 362 709
297 52 89
16 248 553
234 45 384
236 171 737
237 259 571
201 316 141
334 291 508
30 150 248
125 262 540
80 212 868
5 374 338
149 314 679
155 255 940
275 17 177
272 189 661
174 79 871
44 145 974
12 208 358
100 314 178
375 363 596
231 142 125
103 279 675
55 337 637
384 92 676
281 222 732
399 80 383
42 336 114
310 169 654
220 297 163
169 191 217
370 333 57
12 81 560
233 94 315
397 7 875
264 291 611
268 260 142
141 5 866
170 241 140
288 219 110
39 81 676
247 1 403
264 71 957
390 302 743
40 160 918
276 356 833
353 90 342
178 37 188
94 272 941
292 164 974
87 95 24
379 369 945
126 313 226
122 340 184
166 23 218
176 299 474
240 23 20
256 388 791
217 384 506
350 19 616
305 247 365
193 63 934
184 193 274
294 150 69
14 33 774
261 23 899
81 302 773
295 96 543
373 243 161
170 227 393
363 107 591
173 152 724
17 31 398
138 175 723
201 257 658
210 236 639
254 245 805
386 117 343
159 171 122
4 149 707
370 200 839
160 243 368
252 87 689
191 355 304
330 308 224
171 179 136
2 29 621
41 74 506
326 116 680
54 264 148
28 178 382
308 182 415
27 154 97
386 286 820
376 149 438
190 8 846
117 230 764
258 361 804
124 61 455
243 184 929
341 153 531
393 137 74
367 318 140
174 192 742
165 317 374
179 142 313
129 59 130
102 100 953
261 168 186
153 358 569
247 356 758
155 298 815
69 321 162
317 358 79
299 391 712
142 178 142
328 271 260
224 364 24
168 299 847
62 8 910
292 113 430
170 75 833
166 141 86
354 323 42
270 182 942
95 118 671
355 346 756
252 311 87
242 93 874
379 135 791
286 26 851
178 275 932
131 37 474
385 279 274
155 88 144
369 177 828
161 19 721
258 6 656
59 353 601
121 395 777
395 197 88
339 297 267
188 162 116
173 323 582
20 303 153
165 77 279
272 57 185
307 269 728
310 117 79
299 87 903
78 154 630
161 211 639
375 111 589
25 31 576
100 287 534
255 333 570
182 333 516
28 314 474
71 395 887
120 396 363
308 179 548
167 20 333
100 325 114
100 268 41
104 120 502
236 95 519
76 388 264
143 393 160
71 236 154
282 101 59
226 74 719
276 50 0
335 7 762
73 151 378
86 162 150
111 78 972
155 203 882
170 338 652
289 94 513
142 29 469
374 172 855
262 325 952
276 348 534
210 169 517
54 84 169
174 153 451
277 153 81
47 257 689
305 388 691
302 86 220
89 59 958
213 3 545
348 258 808
169 357 922
118 59 782
248 223 391
59 129 640
210 71 119
224 168 887
182 103 502
181 286 971
26 318 424
0 261 550
172 289 207
192 184 170
156 97 527
68 129 836
13 188 753
118 329 439
39 12 517
77 156 275
180 227 139
307 246 359
160 142 443
359 306 340
251 385 998
60 6 473
195 161 862
305 399 727
390 181 773
152 60 799
184 246 90
110 274 66
247 390 273
178 229 905
241 121 184
179 374 304
261 188 631
116 272 671
330 349 911
52 80 823
125 289 252
386 324 883
306 257 204
38 130 426
138 162 353
320 216 63
234 340 906
81 52 836
140 170 551
177 188 644
350 38 375
23 19 750
51 35 282
24 18 724
293 293 369
260 41 853
112 7 714
25 78 460
108 246 220
51 191 772
310 179 10
147 338 416
52 189 451
189 332 613
269 376 807
263 169 57
307 384 182
74 273 759
178 121 983
58 125 75
353 353 617
219 384 922
396 232 575
302 109 334
15 333 0
21 247 314
376 71 635
206 376 179
378 139 824
217 302 632
124 190 558
53 253 445
89 137 761
49 302 216
306 59 442
267 69 146
116 238 17
218 305 823
60 186 737
33 380 298
363 106 34
290 283 16
40 358 336
297 210 333
162 177 997
71 199 5
53 26 101
221 230 772
184 90 839
182 43 767
369 64 768
185 181 341
187 160 638
341 387 701
258 361 445
205 18 214
307 17 799
55 262 139
358 49 444
205 183 841
18 15 825
374 244 478
219 142 16
207 245 592
187 226 657
168 253 44
189 89 791
241 276 745
114 373 265
73 71 76
227 177 210
217 373 183
353 50 463
107 227 761
204 309 766
89 160 277
109 143 408
272 387 150
209 212 82
156 138 912
270 100 516
279 298 130
65 62 146
297 257 103
341 229 888
286 180 7
317 292 354
165 32 452
267 368 379
173 175 604
36 175 546
88 397 790
228 127 920
148 395 136
128 79 246
77 1 632
119 353 38
292 314 941
219 195 527
355 250 799
98 135 463
80 170 882
264 294 169
351 344 865
177 324 440
248 116 667
57 265 443
271 395 691
383 107 779
133 250 398
140 120 13
42 393 30
241 61 651
355 159 639
237 358 653
173 305 815
313 379 647
305 161 500
232 172 383
199 295 333
60 384 540
128 61 968
271 260 74
199 365 171
263 251 602
392 194 521
61 20 738
326 144 195
292 392 865
284 98 517
355 331 24
339 316 577
65 170 737
103 283 943
346 97 681
72 340 201
197 46 997
16 162 516
330 96 176
102 240 656
351 39 65
292 380 133
77 310 424
72 161 747
398 383 712
81 197 4
367 157 93
373 150 654
282 88 737
185 55 451
72 191 818
362 336 749
19 46 452
366 396 77
121 254 309
18 120 209
267 376 291
294 26 107
144 140 573
374 230 573
76 67 871
84 57 312
279 223 3
397 341 69
54 53 632
85 306 94
132 152 159
281 391 526
233 122 194
217 76 933
126 240 93
183 373 85
131 110 774
376 13 130
50 262 794
75 58 251
88 128 594
233 352 621
15 52 65
117 1 462
211 108 440
20 205 542
13 162 690
68 47 849
109 187 970
358 199 178
215 305 441
101 50 949
193 82 319
194 391 331
161 266 998
336 12 688
300 199 269
129 85 327
232 208 390
352 45 728
164 134 291
288 50 183
337 196 937
383 231 381
102 23 839
86 59 203
278 23 520
234 57 234
311 274 2
220 238 152
128 233 330
119 267 76
278 178 544
133 135 157
222 215 889
348 359 211
21 385 98
331 43 773
111 47 129
320 361 815
74 115 697
223 378 563
181 300 875
23 367 211
272 55 627
309 17 15
369 248 496
300 67 908
80 311 138
293 156 648
4 226 469
229 99 959
265 40 946
54 155 276
87 137 875
219 115 918
67 1 517
286 157 858
29 253 450
76 223 183
112 345 68
9 42 224
204 324 669
223 36 196
97 261 428
258 0 62
87 212 610
96 395 264
329 329 1000
54 144 712
316 294 520
124 230 52
354 256 297
316 105 658
366 50 366
383 100 519
358 257 286
70 145 742
141 149 932
147 344 831
312 47 986
108 321 254
393 72 354
242 181 131
336 37 926
372 198 617
287 190 995
379 317 412
354 63 795
321 6 843
341 192 788
151 224 665
96 58 160
372 363 864
163 30 478
309 192 463
232 126 0
29 95 410
398 108 390
347 76 149
302 47 937
364 341 742
115 311 436
30 305 50
45 120 927
61 371 449
243 76 731
125 159 234
375 250 409
369 369 762
248 278 265
394 179 770
110 118 123
283 169 923
182 177 857
18 80 241
321 47 163
6 331 748
266 370 368
98 294 785
312 355 117
157 246 784
211 368 643
374 242 757
399 111 772
166 295 25
146 342 324
285 263 854
288 47 380
93 218 672
28 371 683
297 316 162
80 251 206
191 47 229
155 337 147
386 397 458
170 254 895
209 176 830
294 287 207
337 211 223
389 316 123
322 233 523
125 191 919
244 336 935
249 371 637
306 62 195
237 375 151
139 0 425
366 334 113
36 56 152
375 238 594
31 113 828
32 331 627
332 158 923
173 253 713
332 385 120
263 67 877
15 381 802
111 300 362
178 186 163
362 342 56
198 88 219
182 7 183
237 210 544
288 40 631
351 205 301
21 327 314
383 258 458
185 151 476
101 271 158
217 246 822
272 343 588
145 121 362
296 291 864
392 105 704
92 317 821
108 156 995
371 3 651
109 266 654
358 350 829
160 284 254
220 66 795
80 37 435
216 254 261
10 53 31
248 306 56
259 307 149
56 323 553
10 366 371
343 256 991
391 154 294
41 277 390
159 313 966
283 10 250
292 299 939
298 207 255
72 35 528
335 357 852
95 291 857
323 290 812
70 242 260
376 257 140
86 11 295
160 227 870
193 344 542
71 194 363
18 121 885
302 159 972
119 342 740
29 188 173
291 54 240
156 216 736
282 247 403
140 177 2
377 64 502
8 53 5
61 311 415
351 195 610
163 129 533
104 39 756
314 164 259
220 318 10
127 105 131
298 293 401
93 342 349
246 226 202
190 314 570
155 35 806
18 386 860
129 28 243
203 93 916
70 190 711
16 370 433
368 9 970
290 152 982
112 300 852
25 271 125
324 67 558
112 343 863
157 179 366
4 196 906
318 21 242
302 301 542
220 27 228
303 104 776
110 171 855
60 147 565
96 116 213
343 125 343
17 75 943
194 53 705
228 179 7
359 165 5
85 235 395
8 256 318
191 9 218
14 208 311
64 124 788
320 22 811
245 57 868
195 263 740
389 218 576
124 46 409
377 197 270
310 16 614
346 111 832
164 252 610
202 396 256
386 189 796
48 37 298
245 343 97
84 381 426
57 259 386
394 187 200
99 201 86
223 204 349
68 262 413
20 362 240
29 70 291
231 310 133
139 97 611
280 186 62
269 203 660
55 23 20
324 90 775
369 45 592
38 72 466
397 145 628
22 23 911
316 5 759
235 90 529
65 339 633
47 12 942
195 152 666
88 64 894
111 142 568
229 58 324
289 101 258
38 50 50
252 24 694
107 38 0
182 61 55
242 347 903
146 278 332
218 136 34
280 371 251
166 332 9
20 174 875
34 285 155
265 33 352
206 63 695
349 346 152
109 292 898
346 43 511
134 297 996
101 117 712
52 276 460
265 225 904
93 324 375
119 34 266
242 213 568
337 234 606
360 129 531
201 38 586
27 382 192
115 333 217
125 172 461
56 144 95
27 268 91
100 175 946
43 86 387
302 110 470
301 391 970
62 351 633
354 321 39
63 164 443
359 107 206
261 79 884
57 387 284
89 249 455
259 334 868
391 288 785
104 287 853
66 48 664
257 125 855
297 199 24
80 138 872
224 254 111
211 277 169
168 200 554
30 389 979
220 385 730
171 251 354
265 355 941
307 85 856
272 239 670
187 155 423
153 84 362
104 229 462
80 91 550
258 135 762
26 84 196
0 86 16
10 138 276
205 376 333
176 222 900
175 25 75
190 216 729
140 228 724
35 254 198
123 207 55
390 0 976
400 342 339
344 132 257
298 213 107
281 14 981
288 341 969
333 370 800
229 204 495
166 184 113
122 143 461
208 102 285
264 344 797
356 352 690
253 258 788
367 177 989
157 253 582
275 249 873
211 296 567
320 327 489
302 394 350
342 351 443
336 339 0
367 109 434
90 381 24
399 10 669
54 130 524
198 176 313
10 30 47
122 362 291
60 255 883
68 202 694
113 321 213
127 108 762
283 155 742
195 27 380
301 81 292
205 34 38
167 299 410
178 202 38
172 75 127
107 320 586
195 378 329
111 314 624
382 139 964
70 133 544
389 126 697
266 384 557
46 26 414
318 81 92
333 157 972
285 222 735
148 240 615
344 326 397
96 139 160
377 310 507
47 132 268
253 155 395
65 357 865
57 149 846
375 170 56
54 251 8
32 229 922
34 109 249
231 179 196
128 185 137
215 27 370
1 56 684
201 102 571
309 355 205
251 281 866
197 299 192
24 285 854
305 325 948
78 39 711
381 162 385
359 248 648
5 341 942
175 137 161
152 400 52
162 18 88
211 160 633
108 314 154
336 50 992
69 355 232
5 262 378
388 67 352
220 117 35
160 304 906
16 79 174
301 237 758
251 167 116
0 148 837
189 311 984
253 160 266
302 243 302
103 17 799
234 247 118
228 364 525
323 358 353
364 106 791
46 252 725
240 391 974
369 252 27
48 149 40
102 282 972
261 355 727
234 278 20
52 13 496
261 37 9
353 305 914
253 52 902
20 127 203
142 376 631
212 400 482
340 316 587
110 97 205
38 51 525
72 8 7
35 161 623
141 298 54
242 169 270
250 220 677
110 55 401
206 227 456
359 354 344
300 292 853
300 113 410
19 297 457
282 110 226
104 230 891
101 222 677
242 366 54
365 206 40
253 218 945
46 323 203
265 17 603
310 217 530
114 293 559
18 184 823
373 302 811
120 222 909
364 353 21
328 377 201
94 182 238
263 373 941
96 365 126
289 175 278
204 229 68
298 33 641
256 300 418
91 3 993
319 353 39
282 63 685
116 214 308
394 268 474
312 54 241
349 250 84
49 236 548
244 257 227
97 109 66
7 343 520
356 365 543
65 216 991
216 284 359
389 14 556
213 371 826
36 164 856
117 385 518
69 82 77
68 273 142
288 71 313
178 317 660
307 324 372
171 213 97
154 377 740
256 223 436
248 147 511
56 52 231
358 323 841
239 189 838
385 161 718
251 329 478
280 118 521
226 311 106
77 121 244
121 82 159
191 130 199
141 288 805
185 166 942
376 178 127
225 14 73
58 51 51
286 175 268
178 316 730
142 246 331
326 25 673
142 10 165
50 320 510
47 320 901
290 6 221
145 382 703
237 114 550
353 276 402
108 190 506
158 206 459
240 331 167
151 9 170
121 377 690
352 365 940
25 138 747
73 38 849
356 339 373
3 361 160
173 159 759
367 354 660
351 328 429
45 115 297
256 76 445
358 173 845
83 11 320
72 300 860
110 325 166
393 322 471
66 148 397
65 110 217
144 8 731
184 86 228
189 71 924
112 32 695
60 40 299
170 283 938
379 336 907
107 14 114
3 279 735
181 395 73
59 85 661
124 224 860
268 369 8
174 3 777
77 297 248
368 172 998
173 27 538
102 263 988
238 226 745
132 97 231
26 241 682
154 318 127
168 200 824
132 93 380
397 5 479
339 129 124
133 85 393
7 217 272
94 290 439
40 334 521
120 72 835
323 289 573
286 71 763
323 201 973
272 228 201
275 142 991
63 7 103
95 206 97
261 126 587
173 1 734
28 35 201
205 149 657
19 201 365
241 47 800
304 116 82
266 187 528
112 284 974
334 274 900
38 246 168
23 294 338
5 295 848
316 380 684
253 302 906
391 128 695
381 114 398
130 351 182
233 326 763
64 216 80
143 105 517
5 205 875
170 20 441
18 250 190
69 189 677
191 254 631
383 43 959
57 57 217
229 180 917
230 315 67
365 398 313
368 60 599
25 145 654
180 280 381
17 400 314
21 293 544
120 67 566
148 383 286
197 176 180
88 53 305
99 382 352
28 310 532
359 91 291
341 270 551
395 52 640
132 37 908
43 60 544
400 118 783
358 2 33
355 205 810
212 163 428
177 184 192
340 353 36
338 192 189
248 335 5
180 138 715
36 208 922
178 39 981
226 372 556
16 238 665
93 13 64
144 280 662
64 21 386
189 310 655
156 165 371
278 213 323
177 240 475
303 204 671
326 206 923
161 131 921
268 146 331
161 283 812
128 5 701
121 204 575
26 155 36
338 11 714
59 194 532
124 156 917
194 296 871
245 67 230
180 389 543
14 293 495
243 257 97
181 357 898
235 113 162
78 215 81
390 226 540
363 133 648
30 105 362
161 140 969
287 258 929
271 276 513
231 53 69
25 361 177
298 69 613
279 388 559
363 127 59
125 138 764
382 355 374
194 102 918
126 367 974
212 323 24
298 273 838
168 300 71
13 331 813
319 205 161
0 119 86
89 368 832
398 105 405
163 212 42
13 311 983
9 77 713
192 339 753
310 208 611
296 281 509
343 81 908
333 145 539
244 289 377
243 348 726
68 181 500
40 82 935
373 183 218
270 250 302
240 189 822
26 264 73
164 140 939
225 172 278
50 330 28
260 22 902
0 148 942
251 170 736
360 8 381
210 9 772
54 396 460
70 64 779
245 103 271
393 304 612
293 396 101
279 160 3
146 389 791
165 364 176
32 316 196
15 305 297
234 297 298
61 84 928
241 77 669
141 324 61
61 17 538
274 372 662
142 54 523
366 204 278
352 34 72
354 194 489
351 337 742
25 100 446
307 83 281
18 153 591
29 81 602
90 26 411
213 10 464
231 245 782
342 351 341
268 285 951
223 110 701
300 243 211
171 32 155
77 75 859
344 141 507
147 67 30
396 383 898
377 60 55
358 334 409
301 193 605
202 227 529
393 48 438
290 399 226
339 39 239
376 64 686
103 9 721
307 209 612
343 213 17
335 92 236
97 0 185
78 16 410
129 146 780
355 225 72
126 203 754
261 272 436
255 129 777
168 393 609
144 97 76
27 17 342
371 223 316
136 38 635
338 289 178
240 61 961
13 257 402
307 13 279
396 143 672
365 276 418
7 296 177
257 385 521
69 193 662
228 138 546
25 109 423
117 83 667
18 290 979
43 221 482
327 189 292
251 193 881
99 59 272
65 216 10
112 110 409
103 351 30
133 215 197
217 342 394
8 13 979
340 209 496
332 348 664
303 272 423
321 128 802
310 232 520
108 53 427
48 240 792
61 162 931
124 338 354
113 228 810
121 4 400
385 230 325
174 327 397
297 74 540
149 114 154
48 8 329
317 78 65
267 249 322
294 97 679
382 358 619
79 167 66
6 117 12
74 282 52
302 62 793
120 130 248
23 96 25
117 38 197
182 335 72
28 372 635
238 51 230
109 216 271
272 323 909
287 164 79
108 342 961
13 392 39
326 17 495
122 281 735
113 142 727
335 40 856
306 189 535
251 24 899
84 130 515
3 252 458
41 385 852
196 23 653
136 146 343
325 38 356
221 156 549
179 62 358
163 274 523
197 396 722
326 306 26
41 185 185
133 336 718
99 168 475
168 83 697
272 44 313
386 197 812
34 293 323
84 324 531
143 184 66
238 298 77
136 363 94
125 183 124
224 380 500
124 378 64
123 180 798
263 350 872
398 356 584
161 329 568
76 30 559
275 48 833
44 315 176
304 368 940
232 63 727
74 217 59
21 243 833
113 191 406
356 60 439
75 360 568
220 144 54
161 213 688
301 321 38
3 321 312
371 337 300
329 292 678
124 89 435
345 68 232
77 122 50
279 136 459
336 195 480
72 102 893
189 264 233
318 17 491
194 153 675
43 43 630
371 325 352
369 148 789
370 302 445
182 357 379
106 332 449
72 376 496
245 201 809
194 138 588
321 122 792
62 15 887
336 254 147
197 372 138
291 226 208
179 22 650
14 243 460
249 192 978
344 6 296
99 169 885
225 7 428
222 242 391
388 28 238
169 22 706
58 266 704
363 152 152
373 297 319
322 214 903
338 218 145
215 388 310
136 173 59
377 3 378
270 25 780
144 45 600
180 358 941
43 228 195
368 243 896
18 291 525
16 104 718
60 344 381
157 52 68
332 284 389
339 210 190
135 8 947
331 213 192
32 135 289
355 234 808
5 305 757
362 24 888
94 43 606
184 89 748
100 46 388
38 91 110
375 271 346
223 78 288
90 345 453
16 169 530
356 211 139
40 355 589
24 75 618
292 97 118
210 360 711
191 274 63
123 356 671
214 213 923
242 232 698
183 305 112
291 386 719
268 95 77
361 302 535
50 117 264
112 261 392
233 20 839
363 34 52
132 369 126
357 400 250
108 50 835
113 392 60
131 336 840
15 263 651
376 361 765
152 360 774
292 283 831
254 107 507
111 135 528
287 216 412
119 21 731
140 58 972
21 75 725
359 282 276
213 290 210
384 286 351
159 186 741
247 126 930
148 107 286
201 63 623
52 281 854
258 122 496
160 309 44
143 255 484
280 34 981
0 241 798
5 158 101
270 265 357
173 138 961
198 176 463
206 72 438
89 51 269
331 193 669
111 161 614
197 113 22
185 290 67
337 196 503
376 44 271
278 201 462
228 4 681
37 269 649
78 65 258
153 372 48
393 15 569
287 108 623
221 186 263
121 183 659
153 285 908
363 42 995
94 55 500
293 397 158
308 118 889
172 142 636
178 250 903
32 127 475
28 30 303
292 297 977
270 357 27
5 170 141
82 170 471
205 189 678
369 273 777
217 211 582
381 7 764
7 396 320
275 298 23
141 228 70
326 245 244
35 11 100
116 304 639
342 175 373
384 266 981
75 318 86
131 310 324
176 321 452
289 253 506
250 203 221
228 207 731
329 382 462
25 24 451
15 43 788
123 31 815
348 64 169
36 299 882
190 151 617
253 212 296
382 209 101
216 201 377
235 200 136
44 48 355
153 365 581
14 67 514
258 202 448
52 332 80
268 245 457
109 231 371
154 121 91
2 293 702
199 116 582
235 380 30
156 275 932
164 204 310
127 116 425
281 197 29
370 94 339
263 94 429
103 57 237
73 191 97
228 341 124
276 311 405
147 174 951
119 253 102
274 253 930
93 68 242
173 346 47
136 7 992
251 317 642
171 336 61
385 99 691
92 65 84
11 339 793
182 248 483
261 204 870
291 262 111
159 11 211
50 40 567
181 126 276
320 41 255
97 25 151
341 286 555
385 291 736
312 110 236
27 120 849
159 122 309
303 349 136
194 252 758
142 267 27
20 281 223
127 195 836
211 141 526
123 33 836
208 154 35
381 261 597
220 214 931
241 334 599
278 194 782
394 338 44
160 303 461
13 281 620
244 57 669
27 395 279
195 96 224
125 273 404
18 392 5
316 61 976
325 334 294
28 385 955
207 104 911
354 17 866
140 19 872
116 119 384
324 68 183
318 38 398
242 256 961
315 380 398
269 227 26
327 199 13
225 388 406
239 291 866
58 271 425
75 273 751
147 135 590
334 213 704
237 180 751
315 298 437
225 150 505
340 59 880
158 11 78
102 378 199
322 125 255
143 87 619
126 97 419
68 313 507
273 11 883
215 103 557
285 322 711
391 134 911
304 19 850
148 228 572
278 172 647
214 330 884
89 315 949
68 152 635
306 298 358
166 360 478
342 356 162
348 30 139
7 255 820
159 346 927
57 115 847
305 25 84
78 192 104
205 145 321
123 287 735
274 94 540
347 61 642
250 334 710
155 259 723
116 326 413
102 347 369
238 102 770
111 226 160
123 130 624
14 336 887
183 210 911
103 278 404
395 229 90
2 377 282
312 303 625
314 334 102
249 306 380
240 236 827
39 150 824
46 62 867
123 389 449
145 83 185
7 3 623
287 200 136
272 183 551
292 15 69
80 273 340
294 286 170
105 248 443
221 285 792
182 238 545
275 303 700
28 2 313
360 95 918
136 161 228
42 33 339
353 116 502
129 381 111
93 353 571
192 39 440
104 265 225
210 305 450
74 380 793
255 55 805
349 23 422
76 374 290
55 61 57
213 162 427
265 333 579
93 32 360
95 143 18
375 67 617
368 0 264
20 255 915
45 231 774
362 118 762
110 307 177
214 224 541
397 65 840
87 213 386
345 56 789
60 258 783
217 321 765
380 113 302
196 43 519
88 326 729
326 145 752
358 327 267
380 155 994
337 122 554
363 309 533
352 219 543
113 142 64
213 19 851
339 121 868
69 126 303
76 212 807
17 328 156
336 288 572
49 62 992
29 245 893
1 155 969
5 76 35
360 316 978
72 269 520
371 339 484
249 248 538
384 211 447
274 272 354
74 143 161
64 176 387
209 81 428
24 316 899
5 70 299
239 148 576
206 374 999
294 222 154
378 337 437
368 184 567
260 10 542
340 96 26
259 339 242
385 397 414
304 238 66
32 349 510
279 290 70
169 387 301
59 27 152
266 284 599
40 66 956
0 311 822
352 202 261
79 209 231
262 268 263
149 325 672
38 382 217
355 306 915
337 200 15
223 270 749
350 49 471
206 95 770
338 117 142
40 183 957
35 334 11
34 86 367
211 145 946
29 330 295
395 327 805
350 298 67
143 313 901
130 167 936
284 342 23
219 104 639
147 243 369
52 272 26
302 262 498
372 207 856
252 165 728
378 282 520
115 165 162
285 153 344
68 103 550
292 211 227
237 375 340
337 166 123
320 91 599
318 86 99
390 178 905
360 315 83
96 36 932
111 322 229
169 345 658
380 341 53
344 112 665
235 238 930
39 68 925
257 139 767
95 362 560
73 23 449
237 374 895
339 289 813
52 250 777
265 238 171
204 175 152
6 132 636
397 278 247
118 378 41
358 301 936
36 342 575
48 396 920
157 181 704
61 267 757
160 55 414
392 363 808
205 307 403
321 297 530
311 18 415
171 53 561
377 71 668
244 66 562
371 290 631
356 236 239
323 254 286
231 276 106
265 372 741
285 55 261
395 217 84
198 67 202
131 291 124
71 57 621
179 146 179
232 397 773
218 61 95
9 394 70
271 385 795
383 108 384
174 186 718
387 302 544
54 88 607
7 327 537
56 333 32
265 149 448
312 324 404
346 43 147
55 329 73
62 128 693
131 103 680
389 109 589
308 365 806
310 42 782
384 95 369
250 35 444
381 217 484
194 216 507
380 372 588
340 220 413
102 196 784
38 180 52
280 376 78
354 274 323
112 172 392
53 116 284
196 51 407
62 81 870
389 312 956
260 50 394
381 223 659
298 12 41
382 115 678
250 262 738
371 304 955
220 253 403
74 100 818
210 213 134
143 80 915
323 394 836
148 64 611
80 232 999
90 144 319
372 375 357
387 235 106
241 383 691
322 120 790
156 139 557
170 335 318
302 170 642
204 314 825
269 163 156
142 342 995
109 298 349
200 195 5
130 51 888
169 72 479
208 324 315
358 267 545
385 184 106
110 376 806
300 278 742
262 192 348
362 221 98
276 193 596
64 278 109
106 146 908
68 133 728
259 226 260
143 205 435
333 386 151
174 321 201
124 381 884
183 355 859
270 260 913
136 149 930
126 243 510
118 186 197
354 218 266
334 243 395
181 161 602
11 368 221
132 126 472
30 111 855
89 86 32
223 387 954
313 265 409
157 246 455
20 112 939
133 237 171
335 214 452
124 390 29
169 50 728
223 203 343
48 144 785
250 56 685
292 303 251
113 106 670
261 97 577
68 138 808
92 113 146
52 163 896
1 140 530
219 206 127
133 137 663
365 308 261
264 315 724
4 247 113
150 152 383
377 219 764
129 60 151
268 384 607
259 58 602
198 197 486
93 356 279
307 275 555
237 390 31
123 181 65
10 303 720
90 243 656
71 387 848
190 121 125
168 79 998
371 358 594
379 159 546
111 105 68
204 322 276
356 291 628
327 157 420
18 153 697
349 207 20
52 33 404
212 291 397
194 372 117
20 296 105
100 116 899
311 36 720
286 15 451
140 242 77
262 377 400
398 84 751
355 127 227
188 123 548
231 315 512
383 67 782
126 245 330
76 167 316
188 346 698
94 83 33
264 171 199
153 83 395
127 172 804
318 33 205
157 275 913
389 180 225
224 277 552
299 105 18
194 58 932
27 30 936
83 291 181
138 200 728
187 206 848
254 227 100
256 36 841
78 378 156
50 104 67
346 335 20
243 169 689
367 244 345
390 151 812
6 159 903
161 125 895
337 194 926
248 59 391
220 73 796
272 63 738
40 105 585
89 297 703
294 234 542
159 127 667
164 307 317
84 370 375
34 344 230
46 368 927
240 247 102
61 299 260
290 279 974
184 21 879
233 49 473
181 4 162
330 400 985
223 396 305
50 192 871
390 32 105
218 237 124
251 292 122
284 156 497
41 105 261
16 33 13
91 397 610
85 74 493
264 187 616
342 23 458
266 341 172
284 91 798
25 168 106
228 334 590
196 354 938
158 341 269
180 286 385
301 75 744
325 197 3
299 300 562
308 37 616
69 2 477
320 74 673
118 166 141
19 152 901
142 235 17
351 90 278
27 335 991
370 340 106
65 197 335
18 12 25
217 150 793
298 302 145
66 345 942
268 217 242
320 255 280
37 291 456
277 145 19
108 78 881
291 234 22
88 68 298
101 377 933
395 182 142
180 121 443
131 227 214
60 259 235
112 172 202
196 91 440
190 392 11
8 162 234
373 50 970
240 150 328
189 113 919
232 250 918
305 347 821
385 4 926
161 84 617
22 329 744
357 106 911
145 205 557
238 316 426
101 173 379
176 397 194
292 342 487
202 308 768
27 196 574
118 304 197
231 86 895
161 398 339
384 157 542
13 154 122
27 85 485
171 192 186
91 277 705
159 201 739
219 243 96
14 376 424
142 372 603
125 25 968
168 203 333
131 128 689
45 175 679
343 303 795
193 26 179
93 272 724
146 131 79
263 243 158
393 213 891
352 52 493
28 319 384
111 85 496
42 181 711
331 13 792
37 351 691
217 303 225
97 368 184
172 9 548
60 348 345
60 101 711
382 295 385
74 190 452
88 274 852
19 240 721
186 169 686
374 137 670
385 323 714
376 160 951
373 140 51
5 157 701
369 374 322
335 160 7
152 0 370
119 68 716
188 290 86
205 351 840
271 109 299
180 284 273
178 259 596
106 94 618
169 151 816
61 193 393
95 154 666
337 223 260
7 294 464
118 395 43
299 70 970
376 10 100
381 255 788
196 40 571
385 16 543
79 238 858
85 282 578
325 65 875
257 258 711
120 317 504
392 178 926
126 366 486
186 174 534
249 92 290
236 232 331
24 10 19
110 356 532
292 349 987
261 64 95
94 44 260
184 89 106
173 116 596
127 172 268
224 191 216
198 210 341
181 55 581
282 4 3
278 146 744
378 311 522
271 65 295
216 242 155
38 246 802
329 377 745
18 303 710
251 400 776
80 3 57
233 43 202
375 107 344
29 77 711
370 346 152
43 399 57
268 48 86
261 141 916
55 304 104
141 131 420
353 255 493
132 105 380
332 224 776
149 27 533
185 196 889
116 94 343
39 25 915
199 114 594
169 136 907
197 287 664
300 177 153
395 363 659
103 55 61
230 32 668
46 9 549
280 369 36
346 172 735
108 218 788
131 65 71
332 138 733
275 47 719
176 237 842
173 329 740
114 0 368
293 100 992
67 378 668
202 181 709
323 167 980
123 376 121
130 389 984
232 313 964
56 33 733
166 74 302
218 136 539
82 101 987
277 35 865
168 383 207
98 45 690
369 70 964
89 275 400
58 211 413
185 63 84
106 84 913
386 326 159
152 221 721
280 295 360
96 291 410
261 299 181
204 162 567
139 308 277
126 254 350
292 51 376
231 55 576
55 398 827
310 42 916
322 47 867
168 249 223
264 93 54
315 353 567
274 38 27
118 63 633
145 253 545
395 113 514
58 254 717
211 361 804
195 144 174
27 314 276
68 288 406
254 189 127
213 245 716
239 334 779
108 128 80
17 365 352
193 271 62
294 190 519
32 341 837
332 25 537
267 383 611
274 108 548
52 373 133
329 209 502
253 5 242
152 25 247
165 120 458
249 353 776
18 99 499
212 335 881
388 84 794
234 150 439
72 240 891
282 57 255
90 35 313
55 382 605
342 263 391
310 183 721
167 147 695
127 196 651
125 118 15
64 77 73
140 95 955
119 312 136
115 69 372
182 338 179
152 201 138
84 15 309
137 42 261
20 154 495
272 345 775
192 398 768
119 53 926
243 294 67
266 55 356
392 1 878
134 311 966
117 392 324
2 207 365
33 285 452
40 125 570
320 78 252
48 140 446
23 7 817
378 53 387
118 316 397
47 152 67
201 240 314
249 179 833
294 87 609
96 229 382
96 171 797
341 237 507
177 156 955
307 158 406
378 371 113
177 57 791
383 194 57
64 77 723
134 133 865
268 212 30
391 305 898
387 298 838
8 19 397
340 153 606
309 192 783
197 386 855
32 329 610
5 226 777
200 48 388
241 360 352
190 93 500
251 174 473
165 360 759
190 201 346
335 276 322
99 180 458
103 298 380
374 211 834
320 99 362
32 384 558
21 97 554
154 280 448
257 23 93
134 273 549
332 299 349
300 276 974
217 167 396
286 243 708
8 87 287
317 244 385
126 366 208
177 229 454
209 331 760
266 323 929
165 355 456
184 209 617
33 163 680
95 398 315
102 150 665
342 23 235
46 185 278
327 358 9
293 201 879
110 257 334
342 280 559
352 139 871
267 78 96
346 82 718
62 188 93
28 14 867
333 134 397
171 233 135
58 71 12
365 106 16
122 360 486
184 24 466
142 75 451
290 20 574
305 285 926
349 322 33
22 289 120
62 306 565
197 69 186
89 363 484
98 9 938
48 277 976
121 161 590
172 329 774
43 210 374
22 2 272
244 48 945
198 85 145
306 396 335
219 226 540
130 369 100
63 59 277
363 120 315
240 171 245
339 346 339
398 318 674
125 93 65
72 366 121
202 338 141
115 114 346
235 384 369
22 320 202
250 184 117
165 97 164
335 347 528
257 267 360
187 107 474
263 200 162
183 23 523
59 34 944
148 266 282
244 301 983
1 134 436
338 259 951
269 98 567
189 91 421
167 332 149
182 197 904
293 114 653
184 164 301
115 395 401
265 116 775
124 151 747
354 88 577
35 284 184
153 106 549
89 217 569
79 41 471
22 129 165
37 102 679
312 1 621
231 163 137
224 58 488
80 360 213
245 69 271
37 223 318
315 90 582
277 32 913
234 82 882
350 218 656
139 205 22
269 8 647
99 363 779
249 252 591
151 81 393
146 19 474
268 21 503
207 246 69
54 47 8
309 313 724
2 320 138
280 130 281
386 243 87
67 209 30
351 314 168
194 188 631
397 346 145
208 88 67
236 292 628
356 310 244
64 237 295
2 57 868
174 175 295
232 194 26
327 34 143
207 168 38
166 339 945
225 225 82
116 331 921
47 33 311
209 171 216
347 313 161
355 248 929
201 276 28
127 296 460
276 95 851
296 348 626
107 305 744
369 170 904
153 280 490
112 343 807
179 99 948
309 110 406
340 86 312
107 88 626
94 326 306
285 143 209
245 337 195
64 361 571
106 368 554
195 364 553
315 261 443
159 61 534
212 250 351
91 138 400
283 246 866
20 10 739
37 255 830
384 68 774
61 78 559
135 270 270
234 159 658
87 370 249
332 123 915
8 17 375
229 263 511
23 149 569
224 264 349
121 14 435
302 186 631
181 316 925
153 67 845
31 293 58
64 371 412
162 268 806
384 47 384
59 166 775
143 297 182
172 303 747
271 89 846
277 78 165
305 28 33
123 102 523
292 111 357
220 296 306
79 252 482
234 277 167
333 291 618
183 49 555
345 113 359
50 187 590
398 367 771
288 175 545
38 51 356
91 330 846
178 346 119
147 149 717
23 355 603
398 5 426
50 287 246
39 395 155
275 208 784
187 148 547
139 56 487
36 392 250
204 137 560
237 207 653
209 149 182
315 328 965
57 160 274
107 108 830
242 132 534
176 358 331
312 258 275
168 209 303
90 111 627
38 343 785
24 60 868
37 349 624
327 351 183
291 66 498
177 394 584
186 367 300
358 67 686
102 388 546
46 257 901
64 145 348
196 171 460
110 238 852
276 90 394
3 329 147
386 36 246
121 375 862
334 124 624
203 202 680
351 25 815
191 336 613
300 130 387
186 389 868
25 290 931
163 89 51
18 150 252
364 228 422
274 177 115
14 191 979
348 93 698
212 209 979
188 370 655
186 378 880
218 13 327
200 293 732
157 303 827
151 176 938
261 385 13
194 238 387
184 392 239
270 60 417
23 301 67
234 145 978
173 370 686
287 233 122
271 316 171
381 143 455
127 140 376
6 226 180
353 161 896
161 47 261
79 252 452
55 271 835
387 276 303
132 315 664
196 179 139
249 359 395
91 40 574
27 218 24
327 101 693
21 317 459
126 263 206
93 41 223
326 311 878
327 265 821
181 380 502
267 201 711
89 263 378
153 396 756
325 220 587
50 244 129
214 70 786
153 15 940
177 379 853
387 138 651
11 34 576
139 88 197
357 359 12
353 395 395
99 231 662
22 195 317
8 36 705
390 270 553
186 374 911
4 218 676
271 359 888
59 54 833
318 142 676
77 3 629
17 173 679
224 388 61
123 228 745
139 210 111
351 0 839
159 392 736
148 331 749
182 129 580
136 155 589
209 183 385
65 276 770
129 263 756
62 315 931
139 108 632
377 320 963
153 88 853
172 230 956
164 7 392
380 247 935
194 228 888
331 2 785
346 120 585
229 60 470
26 27 0
199 114 110
145 257 894
285 90 293
302 343 27
162 284 380
15 44 837
222 85 397
33 207 425
133 228 146
326 13 4
21 319 278
180 45 559
71 41 903
216 39 979
66 80 693
7 366 117
160 66 209
151 114 693
110 184 761
114 325 76
325 183 153
334 251 307
110 57 180
374 315 296
93 112 664
139 389 893
247 18 669
243 72 923
249 292 619
167 133 492
175 387 288
115 103 132
322 68 857
107 54 570
374 2 313
23 214 252
12 233 919
63 227 949
186 334 442
40 278 411
252 251 272
158 166 950
296 301 697
243 93 857
7 91 886
332 133 775
342 36 87
15 392 345
71 114 346
307 333 346
152 301 97
329 175 599
274 11 712
323 73 533
92 57 391
93 140 102
158 56 541
227 203 135
320 298 331
56 113 470
189 252 589
211 367 575
254 220 84
42 285 438
65 1 664
373 220 398
350 55 735
365 254 108
328 81 28
393 267 966
397 276 613
250 105 301
210 382 867
209 74 537
64 299 878
198 179 320
229 177 659
197 333 820
11 134 648
25 113 307
370 57 845
92 111 52
399 103 765
334 91 879
31 223 227
170 268 13
35 122 466
194 338 725
380 244 36
356 84 595
179 224 231
110 345 871
273 308 937
279 156 843
178 218 120
150 385 599
47 51 556
203 79 644
93 50 336
147 19 310
186 399 882
184 386 88
284 213 418
290 370 277
274 36 117
267 330 371
265 384 560
59 227 6
47 14 697
212 259 329
141 160 948
78 292 75
254 37 634
243 383 849
57 298 729
223 85 692
132 349 346
363 222 917
134 111 502
25 277 389
16 393 586
353 323 963
94 47 429
400 240 950
344 218 335
317 173 149
204 282 227
136 181 605
52 124 955
108 267 549
199 125 818
107 58 320
226 129 897
219 349 100
291 200 632
309 279 280
154 205 450
254 362 688
193 160 175
102 378 776
108 222 680
389 375 242
311 42 885
19 135 447
271 70 392
9 156 201
280 362 181
381 99 418
206 248 526
175 278 483
314 111 330
281 328 688
352 57 861
197 298 519
13 201 746
245 320 160
245 173 527
335 93 653
1 384 797
94 139 244
1 361 235
185 77 85
265 13 196
90 176 701
320 74 934
214 312 775
175 124 614
187 116 624
136 103 838
230 242 102
23 389 291
280 33 511
275 134 684
318 14 504
385 323 837
29 83 592
369 372 165
131 349 314
63 351 93
293 336 303
310 349 86
33 340 137
360 104 767
388 218 201
10 73 576
62 396 271
74 330 988
133 146 121
36 364 966
96 95 709
270 111 724
46 310 315
290 217 47
221 225 976
18 102 825
215 226 738
53 46 862
180 53 789
118 26 487
68 123 274
107 178 315
332 68 931
241 119 888
147 305 941
313 32 58
101 260 232
267 224 720
148 6 927
48 366 719
119 194 599
375 349 809
12 12 179
368 41 7
256 387 374
285 320 283
352 37 272
33 41 243
19 273 778
212 385 999
4 259 560
194 363 49
396 107 512
311 274 630
113 252 337
382 184 38
197 179 323
356 294 466
153 285 974
248 62 665
174 195 834
239 104 411
332 14 827
309 34 234
226 202 318
391 77 55
48 111 554
269 249 44
339 206 923
264 97 204
42 52 869
79 398 113
289 34 382
326 45 797
236 87 810
254 22 260
183 209 581
111 169 597
54 127 106
337 95 369
51 273 878
234 14 558
145 388 781
189 62 242
54 236 438
239 370 720
217 269 872
345 39 609
15 176 852
20 168 998
169 104 248
150 286 796
324 5 108
264 225 833
363 83 448
326 369 871
327 395 240
94 97 553
318 327 816
112 277 494
52 59 100
84 42 635
219 118 58
32 106 664
204 390 746
252 328 630
234 313 952
155 82 164
91 281 32
117 380 707
77 335 860
5 310 686
252 256 230
26 390 965
236 342 886
173 213 419
151 128 561
67 15 27
314 278 429
391 178 699
57 193 796
346 101 304
101 232 121
195 99 191
148 147 440
400 244 577
326 371 395
57 214 666
306 89 55
291 57 326
292 176 322
104 392 26
170 44 747
257 274 851
257 256 578
189 268 357
327 22 852
27 264 529
76 287 280
321 379 708
11 91 974
365 230 108
9 290 248
162 227 425
287 331 829
207 235 947
276 253 256
333 193 691
391 268 847
159 133 22
147 208 251
345 15 770
301 104 535
216 79 120
164 160 859
79 75 894
328 325 190
376 371 370
183 394 369
198 204 643
370 11 375
115 274 325
349 341 412
296 370 255
259 371 436
301 168 219
275 131 368
182 349 21
305 283 685
273 45 788
28 167 635
79 269 158
313 214 976
22 9 571
137 318 277
47 386 215
342 219 309
131 289 249
182 136 626
368 282 185
41 205 987
280 224 766
281 132 265
337 11 85
120 181 719
240 269 54
280 384 472
18 23 550
10 183 306
76 249 11
189 185 994
121 172 433
50 161 492
303 189 137
142 0 347
192 247 118
366 396 949
310 20 300
204 130 509
69 176 483
118 241 437
165 242 810
233 226 761
179 332 267
85 22 51
248 375 40
216 232 518
280 396 70
43 182 405
75 363 729
320 127 523
168 335 645
283 175 583
285 117 827
372 93 775
349 337 412
131 34 707
266 56 866
339 97 585
373 383 197
260 231 494
41 226 567
39 300 64
386 72 586
100 251 67
158 155 102
287 83 84
262 112 732
4 310 704
278 21 503
278 329 784
31 264 777
54 368 390
295 46 740
254 265 259
190 107 557
13 221 594
275 104 386
42 258 862
352 296 474
364 343 125
82 188 917
202 278 195
183 35 226
184 143 774
238 337 119
285 291 664
121 55 648
188 26 40
72 358 603
110 345 162
2 171 426
380 45 73
226 313 849
265 307 471
363 74 538
334 248 274
137 369 700
135 204 739
182 162 283
370 31 224
369 110 201
36 113 114
93 133 192
293 333 782
296 331 931
375 79 459
267 48 360
119 99 691
71 394 850
42 17 965
295 115 498
134 307 50
388 260 907
324 343 945
195 342 944
98 66 383
112 245 710
379 79 979
165 322 504
13 97 707
212 218 451
116 37 712
147 43 958
57 400 139
324 29 389
170 43 856
257 290 530
363 98 234
198 341 481
363 151 412
16 359 577
116 295 393
18 370 829
317 55 565
120 268 107
263 317 492
67 84 745
125 58 624
390 319 298
20 390 384
127 226 664
192 334 562
186 376 779
365 310 780
79 325 414
190 113 748
282 192 641
76 373 880
70 86 941
195 94 381
397 176 97
354 77 627
105 106 266
288 188 620
160 277 887
351 390 263
25 26 679
329 375 306
89 225 774
75 318 542
129 153 781
167 217 864
187 179 356
198 70 216
385 255 806
42 188 512
340 5 342
76 153 90
245 245 167
154 95 935
397 57 59
360 59 133
318 234 188
345 32 129
394 318 831
293 92 964
314 232 65
180 110 791
40 55 410
175 365 237
221 40 989
268 225 346
242 112 348
58 333 286
262 11 273
114 64 208
194 316 159
357 150 975
108 245 931
131 158 637
142 243 270
242 210 407
309 126 898
93 271 602
386 359 543
188 194 985
251 179 249
349 266 499
43 171 150
240 344 470
284 302 623
179 294 285
136 319 288
290 161 396
319 332 461
189 57 282
292 350 647
131 16 989
271 36 80
235 392 466
60 266 657
253 115 757
37 250 58
70 225 776
134 292 510
268 337 256
331 178 683
382 271 547
260 269 927
344 387 69
115 385 642
156 157 576
202 264 726
5 187 552
121 26 260
380 328 249
14 79 687
153 6 852
261 26 840
122 255 6
326 377 101
239 169 2
199 261 136
127 144 276
82 272 265
111 122 195
342 188 493
382 5 316
95 293 975
322 344 953
204 386 589
120 311 253
56 294 144
62 47 995
269 219 104
341 233 224
142 372 186
280 283 893
374 254 646
146 98 278
259 343 806
394 173 440
210 176 963
244 220 206
192 291 316
384 290 673
180 349 811
71 174 760
145 357 844
201 23 458
43 80 106
305 205 887
171 183 228
147 312 755
6 59 284
280 396 173
32 186 440
96 69 273
212 140 585
157 212 629
43 310 678
142 343 819
333 107 104
363 175 933
243 74 625
213 311 31
170 261 997
66 36 582
150 32 945
148 218 691
89 40 266
24 118 244
95 36 50
224 212 586
347 65 399
83 257 717
205 88 160
328 270 368
9 105 490
69 393 604
133 81 981
128 276 687
142 33 351
224 319 291
130 38 131
17 262 574
297 366 168
110 370 147
93 343 976
26 324 536
210 278 946
365 306 836
273 381 358
267 169 164
291 117 270
392 96 783
179 54 140
263 123 715
127 17 530
46 375 547
165 316 765
380 27 286
309 131 818
295 189 36
212 111 875
247 29 269
73 25 604
231 276 122
300 175 514
120 76 919
351 247 941
82 26 573
305 74 516
323 77 117
140 116 280
340 339 692
122 366 508
31 373 337
235 109 659
131 91 352
106 211 784
150 152 627
139 268 125
105 371 960
23 124 56
394 253 39
36 382 254
235 383 964
314 61 857
25 63 758
317 327 4
367 136 892
386 168 971
107 187 261
170 314 208
193 47 777
355 396 84
337 381 67
221 106 655
343 192 793
381 319 620
392 209 985
148 53 368
248 35 14
28 122 787
26 156 473
131 125 89
67 37 211
374 175 255
340 198 112
268 46 298
15 299 956
32 201 881
98 25 55
213 243 80
263 220 744
254 71 653
65 287 222
57 376 770
212 357 921
130 127 214
33 311 382
74 377 179
352 72 680
222 243 790
28 230 958
72 52 9
308 11 668
1 279 358
379 132 537
382 12 792
107 290 624
70 215 747
135 99 943
290 177 776
62 367 644
341 70 849
358 397 316
54 268 642
376 247 272
81 322 319
260 98 86
318 353 709
226 53 691
236 29 305
322 29 996
33 356 802
235 325 513
235 7 185
82 321 160
141 230 663
326 77 19
357 81 841
267 297 35
23 325 462
335 168 784
39 342 920
172 48 344
132 295 618
321 22 174
189 24 644
130 90 35
164 42 112
142 40 596
389 191 896
73 328 530
125 188 593
106 161 789
169 241 176
377 217 174
375 355 230
207 111 663
95 82 108
336 272 110
205 249 41
37 201 883
202 349 338
31 150 585
250 119 835
56 138 776
242 159 264
53 295 36
252 326 226
354 16 751
177 377 443
308 364 297
327 21 776
132 83 240
60 226 517
292 60 786
258 155 752
46 264 795
156 92 456
28 317 962
114 160 793
218 311 626
281 103 172
356 121 610
335 111 644
212 144 817
136 372 454
358 169 663
234 7 825
266 388 450
162 272 939
149 32 772
306 257 686
116 347 874
117 154 781
35 157 26
81 368 540
179 316 129
135 63 931
272 26 84
354 195 95
287 315 278
170 86 157
271 130 475
253 212 704
341 270 284
103 117 51
209 358 412
323 256 965
235 239 304
88 102 25
40 153 277
376 63 557
359 146 497
193 4 375
306 367 898
28 229 665
0 219 107
188 74 710
272 77 115
27 122 768
394 53 858
347 113 347
369 298 437
54 79 878
347 356 796
282 246 861
200 211 360
141 17 684
383 218 467
155 51 507
214 55 800
333 300 330
252 184 214
132 38 261
356 118 600
370 203 802
262 217 417
241 362 611
211 164 161
394 325 280
233 20 965
372 86 777
81 152 3
199 70 622
256 272 79
210 269 20
17 329 736
231 137 98
296 208 743
170 372 830
293 144 696
201 123 483
187 157 720
187 83 593
106 222 794
265 81 527
143 243 686
171 143 747
22 93 555
151 375 665
399 298 230
220 305 527
120 19 371
161 339 351
119 219 860
283 247 396
1 324 384
40 341 860
156 259 808
320 200 458
170 132 327
135 244 225
286 169 502
152 250 821
113 389 492
288 114 949
38 97 107
91 115 503
169 301 428
346 304 513
68 56 970
368 252 282
111 274 508
172 308 101
255 208 361
157 91 250
107 170 611
221 337 497
247 66 563
256 103 51
335 152 185
31 364 290
274 235 775
368 152 739
53 377 679
387 383 616
387 138 551
6 278 793
291 37 672
154 348 408
19 37 449
298 95 822
269 337 130
394 253 872
347 335 253
129 221 549
184 232 533
203 122 415
176 9 874
243 387 744
294 361 62
1 253 773
163 248 522
300 391 935
70 213 15
40 24 518
173 180 984
73 98 710
249 397 278
119 382 421
15 128 104
375 280 355
116 358 737
105 139 23
217 117 665
285 18 309
110 71 496
287 271 74
366 284 899
166 25 391
229 185 397
9 337 367
159 359 684
135 239 852
30 22 619
286 136 178
194 332 746
126 208 224
33 11 437
31 372 907
173 176 363
38 288 387
30 41 53
56 318 39
350 183 257
131 78 570
159 2 426
217 353 661
0 14 405
196 384 514
16 251 22
150 36 180
212 388 445
251 143 813
4 99 648
245 275 808
82 170 368
223 74 419
243 244 733
262 197 370
170 321 386
137 185 123
323 23 908
180 300 66
388 398 282
376 113 604
300 24 104
63 197 764
400 111 237
175 213 137
18 128 419
349 61 459
263 333 395
15 368 370
195 298 653
45 297 993
6 277 475
211 281 79
25 140 701
168 390 186
235 15 503
33 139 36
45 163 446
31 165 967
241 151 471
134 194 908
186 68 302
377 185 245
372 183 336
105 215 156
376 44 430
244 56 387
94 144 817
112 316 380
318 11 825
239 398 127
248 265 359
86 340 419
112 361 267
208 328 697
256 17 475
326 66 843
50 382 728
146 398 996
252 93 520
187 397 463
390 237 374
16 8 192
244 48 534
26 305 82
57 274 985
229 333 660
101 8 816
221 320 826
149 348 986
196 325 980
165 373 770
49 14 836
268 2 732
98 130 686
398 115 365
33 379 897
210 348 487
9 308 710
245 256 4
303 35 462
91 5 107
74 164 552
67 151 679
232 368 916
361 326 920
137 297 207
90 368 86
76 191 296
51 278 667
102 92 189
293 369 707
46 335 382
212 6 174
43 298 437
202 309 871
152 162 564
244 351 955
214 108 128
179 165 549
50 345 718
171 287 788
49 81 262
207 239 134
165 302 481
387 160 28
104 42 529
63 170 630
302 279 207
86 347 847
64 360 485
144 323 42
131 113 467
32 319 257
5 364 59
31 285 996
29 241 327
8 39 883
55 201 957
1 97 722
202 22 290
162 327 483
303 381 28
126 163 783
160 304 776
211 230 966
373 239 400
256 301 349
178 95 742
207 246 1
27 84 937
156 315 869
305 47 908
229 245 78
175 5 232
396 207 246
384 210 880
15 394 305
328 286 276
111 57 355
261 359 221
13 395 55
57 221 609
121 230 295
39 95 244
394 72 619
262 87 225
213 47 557
249 330 168
267 121 245
282 47 739
305 7 924
0 67 833
132 56 929
168 378 107
72 223 418
295 155 655
365 204 782
73 174 877
393 339 778
27 55 695
210 260 110
372 380 52
145 191 484
138 329 392
62 288 942
236 182 306
19 292 703
71 356 161
357 10 883
125 351 366
189 367 62
276 66 39
114 277 778
96 305 657
341 42 649
340 98 939
300 364 792
349 379 917
163 345 245
61 93 793
280 83 559
4 238 877
331 85 549
276 35 287
263 145 955
31 68 115
217 357 209
338 344 644
0 33 221
224 300 648
135 228 319
45 127 135
361 53 332
375 327 770
104 393 50
338 196 970
110 369 802
8 253 565
269 223 821
235 105 268
21 275 618
110 363 324
376 311 714
0 104 436
213 380 588
10 79 260
278 304 400
39 167 436
43 73 860
225 275 344
4 183 418
92 47 907
257 187 281
54 96 577
86 126 902
38 214 839
383 12 689
319 278 405
228 140 696
279 312 385
145 319 457
24 77 149
126 45 221
376 173 769
270 123 849
117 133 915
3 305 87
248 145 171
342 89 255
227 189 678
383 193 848
185 117 672
140 331 369
368 345 254
45 48 103
120 150 582
44 235 314
375 28 226
10 320 753
110 104 828
351 259 420
38 266 93
373 131 414
27 339 860
265 84 467
136 169 708
53 207 459
267 259 487
65 298 230
94 136 500
321 58 622
45 187 250
199 260 324
221 183 640
86 177 947
65 128 569
358 362 303
190 255 144
18 147 984
259 372 918
169 86 786
146 383 633
291 380 179
230 397 910
280 247 833
70 80 196
367 276 979
161 250 452
251 200 7
85 363 415
346 285 691
180 327 706
1 355 480
364 237 510
339 268 580
77 225 714
274 152 824
130 251 843
36 350 88
255 141 996
168 243 368
282 46 885
7 149 727
342 249 725
298 252 703
385 170 663
321 312 558
344 374 207
194 386 645
202 64 869
281 4 714
64 327 293
127 154 214
395 172 194
307 49 178
358 60 494
229 107 380
304 192 511
119 333 693
96 9 95
324 32 233
237 355 208
347 149 844
281 391 955
257 344 80
269 288 43
52 89 194
372 297 332
139 213 468
16 400 353
32 270 951
131 158 738
173 243 87
395 136 991
281 118 910
263 240 506
238 179 82
186 80 840
219 254 695
274 191 992
289 262 606
198 21 78
240 260 544
233 151 639
172 348 112
357 117 342
171 118 269
58 282 743
155 165 923
128 62 749
175 215 467
294 260 535
260 390 612
283 181 258
354 107 162
54 58 429
57 176 693
20 305 909
235 268 785
137 322 934
375 113 711
390 119 25
207 119 365
200 288 183
393 89 302
43 386 712
192 334 360
190 248 364
167 317 644
313 39 129
335 44 760
5 201 284
350 13 88
300 389 275
202 343 692
322 218 731
346 143 542
140 46 603
366 379 287
213 168 204
322 138 845
114 223 437
230 53 717
357 251 11
30 255 535
177 158 861
87 209 541
321 82 992
239 312 137
78 330 604
69 110 568
335 102 424
184 204 277
348 312 190
290 153 461
396 192 802
113 168 391
371 39 72
102 296 696
291 263 997
305 49 467
349 190 1
8 228 230
166 74 596
59 309 342
94 35 610
34 295 692
13 248 304
156 329 692
316 6 942
184 203 205
22 146 535
332 385 4
55 264 656
159 5 239
166 370 411
51 399 657
74 41 601
144 267 840
320 378 577
376 67 311
218 244 892
186 84 459
289 30 983
246 370 366
69 296 812
381 151 884
207 206 399
398 170 516
113 239 661
370 176 338
61 355 794
241 197 974
11 307 20
360 378 921
7 375 871
136 92 858
59 194 322
302 359 13
15 338 591
168 287 814
316 399 964
197 172 607
355 206 11
127 169 794
213 341 324
336 252 126
342 78 672
155 224 944
305 348 581
339 308 994
275 150 40
126 130 689
296 9 752
45 388 884
371 261 511
144 163 606
7 186 476
249 43 378
94 86 435
292 216 914
216 113 869
242 204 95
102 176 203
363 209 7
264 104 991
25 235 765
76 22 374
150 282 483
185 331 637
191 352 817
29 19 622
54 397 607
357 192 324
170 103 482
202 245 683
185 393 676
240 382 643
297 396 683
169 189 267
244 54 210
349 347 674
173 282 251
360 62 953
104 250 345
382 123 765
52 323 705
332 366 741
325 180 724
98 291 401
250 72 794
138 12 811
298 95 758
131 113 75
36 151 294
33 153 154
264 67 561
218 273 548
285 221 930
56 188 371
352 308 185
290 286 815
111 193 915
44 41 109
173 202 421
322 233 276
244 108 995
70 303 320
227 131 204
340 318 387
59 191 771
301 283 752
350 31 78
285 24 540
54 379 239
103 237 427
37 183 950
269 248 87
326 228 823
43 70 584
259 157 269
349 34 857
345 12 49
67 305 101
193 333 153
322 263 897
108 229 595
197 394 629
381 172 770
388 2 423
131 380 615
162 350 915
27 361 132
21 376 564
394 292 76
226 250 393
363 341 758
298 32 261
207 45 673
209 254 68
277 368 87
384 323 867
313 350 486
89 159 983
201 152 741
77 139 48
254 340 508
126 346 157
240 107 675
60 180 720
327 290 537
63 226 413
376 72 505
225 13 623
397 377 836
197 18 111
347 345 860
253 186 78
107 207 69
175 8 603
105 37 97
91 88 319
196 173 773
161 110 94
274 349 130
197 162 915
89 275 916
316 160 187
66 357 376
53 192 78
252 270 488
263 344 762
167 96 767
363 209 870
298 271 280
310 322 760
162 109 887
308 281 267
309 202 651
76 170 507
340 184 860
71 138 61
301 174 519
356 27 0
220 276 551
74 289 679
327 227 215
281 292 773
213 201 922
278 384 219
19 118 834
8 31 665
379 215 241
399 346 575
332 223 8
208 199 320
107 396 368
25 381 512
250 67 498
117 222 757
329 274 610
255 174 534
18 324 361
224 296 47
8 331 278
353 381 18
153 389 90
343 392 354
381 232 70
36 382 86
290 252 38
190 342 120
10 100 836
128 244 578
79 25 83
117 74 172
177 173 881
226 204 435
120 199 480
145 143 598
116 70 860
241 82 759
361 388 142
286 384 806
76 191 220
272 9 171
137 338 691
108 33 597
274 141 856
103 324 627
179 273 599
367 62 30
49 153 317
133 14 803
223 319 534
248 1 2
157 57 703
192 319 966
78 294 914
155 211 312
107 76 456
339 243 514
121 41 646
266 154 641
261 191 549
270 355 238
266 164 177
181 122 632
126 331 695
292 315 742
351 57 310
305 21 634
296 267 382
59 193 852
276 146 379
295 126 682
271 395 988
37 234 761
177 252 613
371 361 515
277 138 913
258 26 150
39 24 854
340 141 302
96 283 986
217 371 118
179 72 959
155 46 811
346 162 557
343 395 645
70 111 523
304 122 866
360 293 3
194 85 403
182 296 296
387 361 361
11 161 353
127 140 870
83 326 876
286 106 330
69 171 327
333 255 787
204 336 558
332 387 959
145 267 730
132 356 989
217 80 280
343 310 299
320 152 380
385 126 560
88 38 976
213 232 991
212 230 592
136 356 522
322 113 458
210 4 417
83 101 12
310 58 473
246 193 357
11 114 34
115 260 94
377 383 876
31 59 892
26 371 594
206 48 214
360 51 453
233 128 843
22 280 628
177 319 277
263 163 305
271 316 391
40 183 120
153 257 793
59 34 521
279 393 541
391 375 925
126 352 339
117 2 979
47 384 207
331 248 24
332 180 254
31 336 630
100 24 655
285 261 264
356 234 457
39 245 543
5 3 621
80 287 993
314 5 916
63 71 195
123 248 642
11 62 682
168 388 897
356 170 389
225 131 242
23 76 122
318 208 411
133 134 680
62 251 314
391 69 628
291 11 354
159 299 255
257 234 768
198 255 719
286 64 860
252 107 122
319 134 984
343 317 448
350 163 130
301 200 477
256 148 669
289 177 16
130 167 866
259 386 30
86 285 320
197 37 955
395 176 38
9 130 339
395 200 968
288 265 652
1 297 521
27 239 883
271 270 849
279 240 1
273 188 399
367 299 984
250 348 792
356 258 127
330 387 972
120 13 997
194 180 797
120 379 159
25 226 744
336 258 861
264 233 838
397 230 391
302 271 774
157 258 242
172 232 913
73 302 325
198 288 132
372 24 289
83 162 527
338 392 535
347 318 899
366 102 346
43 286 963
23 118 712
203 331 263
273 381 34
381 197 468
75 85 785
149 253 833
137 309 493
368 312 268
177 152 330
150 37 698
312 201 733
172 198 788
296 54 655
257 215 909
74 358 201
213 272 912
369 163 439
74 124 169
262 215 715
108 134 88
48 7 743
32 382 859
235 9 229
76 165 851
280 388 332
336 245 864
373 374 588
331 150 685
79 29 818
244 364 889
190 362 582
39 164 3
368 92 790
170 131 967
57 328 69
295 192 0
231 97 29
1 2 68
250 106 211
207 99 295
6 245 363
13 211 31
142 69 228
253 266 299
362 145 546
102 299 198
2 347 959
189 264 534
189 4 399
45 316 708
99 243 480
113 62 310
362 204 774
157 105 676
48 388 651
162 276 521
47 331 264
20 345 105
166 348 520
39 34 611
144 324 886
170 242 720
227 221 837
163 271 92
322 94 455
352 302 397
34 34 831
273 8 11
268 381 341
214 260 558
194 100 675
96 360 291
170 133 434
28 70 40
294 241 785
335 322 468
135 73 725
216 372 799
299 73 482
148 100 225
63 36 793
203 388 64
15 115 913
20 76 429
30 32 6
20 173 606
207 261 503
291 201 985
300 348 619
349 263 2
178 43 522
308 398 42
192 190 800
77 345 931
238 205 456
287 71 323
234 161 229
334 159 230
91 51 66
65 140 452
226 94 37
270 269 197
297 374 885
381 326 733
251 195 912
162 298 854
24 250 694
346 344 128
377 327 42
53 333 352
67 377 388
393 193 488
184 381 444
237 245 368
164 287 611
155 316 500
333 294 804
211 170 695
32 107 809
29 312 317
55 265 309
348 41 166
184 267 226
365 17 677
211 150 109
213 173 13
380 290 415
76 354 730
135 27 787
190 347 594
332 45 663
310 163 113
283 312 747
88 197 311
198 274 776
308 341 309
16 163 514
148 380 120
86 54 90
351 18 867
34 81 4
200 94 129
209 336 74
278 233 780
18 32 273
355 186 283
116 353 67
54 224 82
61 145 208
235 287 195
323 333 383
276 23 68
374 114 830
113 156 631
124 251 366
99 175 223
340 180 792
377 204 549
223 357 391
224 138 587
327 296 410
63 50 572
79 349 153
161 131 314
265 258 844
134 141 289
125 389 857
275 362 779
155 320 793
176 206 346
19 42 551
234 203 108
337 315 590
378 381 682
251 206 360
351 299 879
338 339 13
323 160 17
231 220 647
335 210 996
195 323 182
270 307 368
271 212 99
366 99 737
219 56 438
256 58 885
7 363 121
102 17 361
208 62 419
201 343 995
254 241 46
349 113 49
92 168 995
240 275 7
379 203 657
385 335 997
22 118 478
98 342 368
44 0 184
161 186 853
212 59 689
341 110 368
81 345 323
139 71 34
112 166 904
281 71 583
101 129 936
37 16 834
298 355 830
10 109 752
17 293 837
290 69 528
399 2 435
331 127 700
296 252 648
116 219 641
377 359 64
330 76 414
214 168 155
62 152 231
176 292 745
171 291 275
209 395 882
119 374 993
355 238 863
231 172 701
383 344 648
147 321 927
265 205 35
167 230 210
49 369 61
348 128 663
160 37 544
138 75 624
357 394 725
278 8 794
317 315 904
301 212 295
52 101 778
359 335 892
64 356 849
125 24 472
400 248 187
53 379 767
332 300 246
137 174 434
115 185 962
367 131 151
273 199 202
338 156 49
276 132 550
121 276 883
356 274 506
241 333 498
18 66 382
253 35 3
331 200 390
295 157 682
182 397 741
223 360 425
119 162 835
208 336 841
203 61 303
243 37 516
222 257 996
179 136 71
384 194 485
47 223 728
272 74 697
131 253 67
49 79 160
4 348 301
344 49 630
272 28 92
386 320 110
383 125 426
261 226 491
79 173 384
120 378 943
8 325 709
270 236 233
361 155 108
40 204 494
279 78 46
25 129 308
329 134 322
13 192 721
38 291 285
157 211 686
215 289 859
4 166 286
143 174 638
255 117 505
361 166 706
250 106 752
47 279 289
220 222 522
297 302 244
94 105 903
260 302 65
175 224 855
382 362 143
175 202 792
140 190 369
23 376 387
343 284 450
83 364 117
136 256 163
366 200 365
299 196 111
229 177 336
176 276 464
312 209 846
31 225 72
363 155 62
264 46 115
263 273 697
283 62 78
3 155 932
39 203 751
358 170 846
182 89 476
35 69 203
73 195 544
333 335 4
100 61 258
227 45 483
99 106 325
233 103 257
353 248 641
139 189 758
125 29 434
306 65 814
191 18 306
273 363 393
124 154 909
315 350 649
166 220 39
86 174 411
300 219 913
166 394 985
321 355 898
125 240 635
198 261 863
105 135 137
208 108 449
239 388 206
56 286 661
288 66 431
31 333 251
250 171 631
205 244 893
388 195 15
364 297 729
371 293 186
42 205 983
324 322 149
39 287 444
271 45 967
210 75 932
260 221 337
195 55 63
264 215 781
235 151 315
385 382 759
237 15 823
345 63 620
84 364 586
74 178 163
381 219 827
310 341 145
385 200 273
382 192 388
348 35 814
26 388 830
81 168 632
346 75 202
76 346 598
185 5 39
338 98 234
226 13 508
248 39 727
203 10 729
282 106 736
252 386 478
102 222 453
167 169 935
123 316 358
101 309 814
259 207 772
250 382 367
319 235 986
339 179 979
286 302 933
169 17 948
51 170 347
232 343 495
143 339 63
208 6 678
70 293 435
192 256 23
228 168 745
202 327 860
345 82 601
329 62 425
131 147 344
88 31 44
266 140 265
374 184 146
281 156 889
154 296 459
258 150 1000
333 393 100
200 393 969
250 255 605
76 332 372
382 99 144
103 128 850
363 283 311
272 356 67
355 130 579
88 136 394
303 256 907
211 346 247
49 215 166
10 301 861
350 149 861
174 38 243
381 90 231
210 24 564
49 193 518
173 343 584
392 212 29
94 329 455
399 125 427
208 127 428
212 44 961
161 161 303
243 167 509
26 155 428
185 306 385
186 50 148
336 252 555
213 64 258
248 392 346
13 113 567
330 42 440
189 352 602
19 114 501
148 22 511
121 382 513
104 285 163
130 162 468
330 280 427
104 280 858
101 369 91
323 10 865
355 259 721
139 280 431
276 392 583
49 70 223
174 311 15
96 368 288
229 393 239
265 355 981
48 56 691
290 242 315
384 144 938
267 239 753
165 325 283
84 31 729
31 30 444
65 354 423
89 105 946
352 387 661
205 384 16
279 103 198
190 19 543
22 124 604
150 31 134
213 19 320
82 360 490
350 47 541
208 100 88
111 273 901
397 165 723
174 61 289
114 103 394
63 194 522
24 306 56
371 221 508
370 328 912
165 18 780
242 330 926
102 37 294
39 316 886
326 247 296
255 361 229
357 353 254
127 125 894
11 89 675
262 44 634
56 113 516
311 42 577
10 14 781
198 210 9
285 270 512
210 299 820
333 329 722
195 179 359
364 23 372
53 138 657
31 61 663
283 389 608
322 288 632
149 376 893
223 219 775
160 256 614
82 136 509
53 308 938
225 169 863
39 13 330
9 197 917
67 312 452
318 36 47
235 222 3
35 54 636
229 374 558
378 397 853
143 344 726
141 206 633
25 213 982
255 148 387
304 234 859
79 72 669
276 158 172
102 184 469
56 385 615
269 87 292
337 66 231
86 185 185
287 110 765
356 132 133
341 180 904
355 123 41
313 28 346
78 229 420
121 135 813
58 315 314
265 31 732
300 310 177
186 48 504
100 8 96
379 51 980
10 377 541
96 183 121
197 182 326
344 204 581
234 327 786
366 286 719
116 30 619
259 65 372
37 253 82
131 203 592
248 251 150
284 272 954
93 387 945
367 293 259
92 184 436
300 285 162
393 43 530
289 371 183
247 77 692
31 237 46
353 318 543
288 230 121
216 230 516
217 373 821
305 316 454
113 259 957
146 262 435
183 384 741
360 103 262
201 363 578
238 341 435
218 342 989
45 297 34
242 149 639
59 33 621
167 21 121
287 98 258
214 163 751
149 76 626
370 334 329
97 278 307
154 382 26
189 81 504
160 382 293
288 208 474
26 298 514
303 80 615
274 324 36
8 74 629
79 282 970
52 111 126
76 190 138
126 119 274
108 117 596
109 308 327
286 48 479
69 196 329
251 110 238
380 333 852
165 215 53
377 201 185
20 9 782
108 359 115
389 349 913
231 331 462
253 140 821
358 340 271
199 336 224
240 158 863
27 174 712
214 32 669
195 356 662
62 314 532
346 200 38
155 204 600
290 218 93
171 130 984
109 236 512
252 181 152
51 320 321
186 173 457
189 57 272
213 322 910
377 63 197
334 241 219
10 337 397
391 180 728
142 68 536
52 332 390
368 166 731
340 90 599
93 82 441
152 179 596
176 368 963
170 91 428
384 281 905
261 225 442
126 210 383
341 126 526
391 159 168
188 368 546
141 396 257
155 172 963
333 122 817
45 315 301
109 196 312
396 140 965
203 57 665
215 180 20
159 217 908
332 353 463
105 85 446
222 355 857
398 309 231
244 235 394
58 304 683
1 297 912
72 337 569
311 333 232
101 245 908
23 242 570
339 297 35
221 286 642
10 330 696
158 164 428
341 199 775
134 397 213
96 223 595
363 306 454
331 24 781
349 7 76
49 184 589
239 17 348
251 143 759
16 176 145
182 127 141
241 356 426
391 21 913
211 118 140
287 389 927
275 76 874
306 297 365
77 214 492
129 314 845
78 61 32
130 281 749
2 384 576
46 392 723
75 253 45
248 38 281
349 32 256
208 101 54
60 46 169
396 50 844
241 281 137
271 24 431
262 348 432
274 230 605
208 259 618
398 119 368
9 113 618
65 18 203
19 369 763
257 131 810
96 389 689
346 260 359
165 22 212
26 226 980
76 400 314
142 381 780
205 225 402
192 88 451
27 345 474
16 233 672
217 189 211
309 288 390
223 246 184
359 267 158
393 390 884
302 396 42
46 288 715
227 282 267
326 167 635
398 75 799
362 358 224
97 11 121
94 143 560
2 226 908
95 98 741
41 135 952
24 334 20
237 339 925
128 274 881
98 148 770
164 346 136
312 241 827
189 319 144
24 16 229
319 263 879
318 331 372
394 372 826
244 156 645
260 327 249
374 378 807
78 73 65
265 3 656
259 81 907
324 5 526
110 210 324
343 144 322
41 70 88
39 94 558
229 333 809
200 333 520
218 217 304
58 333 173
294 275 841
162 114 107
31 329 175
375 142 722
187 101 16
52 299 787
158 169 744
392 154 497
170 291 122
145 212 895
127 80 270
44 275 846
282 66 509
123 298 997
332 23 878
77 43 738
352 399 335
330 251 912
302 191 321
85 330 927
174 307 48
140 71 426
213 82 497
356 194 338
238 260 646
361 305 612
242 35 957
84 293 287
64 196 614
381 34 949
302 16 595
37 272 413
328 55 858
287 81 374
128 332 169
246 182 948
205 238 818
25 289 589
297 22 590
95 76 728
306 37 409
271 147 13
340 28 86
140 66 254
86 397 556
270 317 790
379 294 325
187 246 761
310 255 264
259 396 840
350 193 977
364 280 709
307 175 814
144 28 966
331 347 201
363 392 625
311 158 600
305 259 45
332 370 155
264 12 450
77 234 968
212 287 777
151 299 351
312 57 629
344 266 591
338 157 571
389 391 597
13 373 734
162 202 893
14 85 525
17 356 483
228 71 36
352 337 119
344 174 407
215 122 950
264 110 372
235 304 319
390 377 907
148 324 914
285 107 4
301 149 37
192 365 80
100 215 617
36 274 275
242 260 760
320 383 967
219 352 329
207 255 563
161 221 334
186 294 991
9 17 799
174 241 480
322 60 366
335 125 572
376 209 240
50 191 297
297 63 974
244 141 350
67 281 157
322 88 210
327 248 583
270 12 826
168 236 838
126 119 861
330 108 710
298 392 99
204 270 367
144 245 653
85 56 7
319 41 73
220 299 656
193 181 79
251 185 305
291 225 318
76 17 738
322 33 676
192 367 580
120 121 219
270 284 197
158 326 884
74 360 485
209 63 508
384 176 430
17 121 33
255 17 647
282 212 815
245 149 207
289 236 669
150 155 836
251 10 210
296 251 378
268 378 303
253 5 308
29 137 224
92 147 421
205 258 771
345 128 511
291 126 500
19 217 347
113 273 901
106 241 101
78 76 625
270 124 165
100 376 997
221 249 57
116 92 864
177 324 619
99 365 588
28 341 598
118 81 584
255 282 292
92 265 147
20 105 268
87 161 411
84 209 390
178 79 804
120 125 920
97 0 484
303 24 688
345 118 986
390 260 660
284 344 514
120 215 6
372 269 663
145 99 82
389 130 607
204 253 843
220 223 555
400 246 683
59 37 347
399 159 681
284 392 28
131 96 142
160 214 358
85 10 704
57 132 408
251 355 124
186 346 641
300 100 904
273 207 908
177 367 551
145 143 901
39 286 753
24 48 444
327 383 633
205 204 988
354 400 499
49 161 568
18 329 655
138 164 884
191 298 323
67 262 744
120 305 60
58 39 239
307 361 900
347 13 895
97 200 780
205 104 756
268 298 326
216 274 717
316 341 120
70 76 734
228 7 968
133 164 590
320 146 565
364 163 298
99 370 365
163 72 826
309 129 868
315 246 925
105 72 481
15 115 523
77 163 295
303 75 267
204 40 485
6 214 687
305 130 201
90 315 440
305 220 885
86 343 531
151 226 111
36 217 650
207 104 626
312 55 152
160 16 310
227 361 721
7 380 976
120 303 752
192 286 240
186 25 365
192 287 694
363 181 609
209 209 654
143 126 995
190 225 651
2 389 38
324 217 139
18 17 362
171 104 95
167 155 206
247 178 75
229 339 747
238 215 357
211 192 57
157 254 47
58 84 102
247 181 126
118 114 134
143 78 580
281 255 610
90 248 520
6 40 607
123 166 455
92 289 837
113 1 418
286 292 460
289 119 126
370 75 237
195 225 660
254 115 592
254 229 529
253 166 97
281 314 495
373 259 223
176 65 14
138 88 176
263 257 8
226 216 420
339 157 412
115 105 965
79 312 104
103 164 312
377 294 297
169 177 316
242 144 459
73 117 583
362 88 144
107 37 528
386 126 717
215 140 639
288 128 128
207 392 352
147 392 11
4 274 311
373 346 33
147 233 673
346 250 124
58 128 358
40 381 185
140 279 266
198 350 997
305 386 392
172 262 536
57 1 964
381 316 246
88 72 511
12 54 441
264 270 657
289 206 162
38 276 162
367 97 408
1 173 743
157 151 451
170 285 948
140 343 907
387 127 721
339 100 918
108 124 693
272 365 680
114 209 54
302 87 502
246 331 161
211 117 864
377 281 18
28 234 356
248 171 211
282 235 590
95 226 656
226 289 712
192 194 517
206 374 829
208 308 577
122 29 612
392 176 904
348 159 248
316 277 892
284 85 655
335 302 956
114 109 35
197 121 248
270 231 733
308 24 861
22 176 564
266 69 495
158 370 843
160 293 200
105 279 244
16 193 562
306 59 449
352 193 118
388 18 727
381 341 237
197 32 506
17 271 357
381 87 183
219 292 532
302 213 273
239 115 131
191 284 796
383 213 415
309 28 942
58 341 746
347 229 603
108 248 566
309 283 701
144 141 675
162 346 874
241 96 943
145 320 188
222 152 487
269 66 328
50 196 269
208 69 78
17 320 432
4 261 989
181 230 396
335 322 223
72 144 723
342 19 16
123 234 312
132 372 396
210 259 28
356 171 686
321 333 153
392 198 984
198 275 361
16 94 842
327 333 220
319 110 54
196 238 473
302 162 627
363 298 306
140 324 994
368 62 952
171 237 264
267 276 28
320 257 883
307 158 277
345 48 185
293 185 110
113 382 308
107 292 798
185 156 865
23 185 712
316 271 374
67 23 496
92 76 549
63 121 966
50 298 171
22 219 194
201 377 423
150 166 619
74 35 608
32 242 493
298 386 422
313 30 30
75 45 741
5 193 168
342 279 445
350 345 75
174 384 660
166 247 285
349 110 2
239 275 590
319 119 967
170 93 398
205 159 282
191 101 63
120 205 259
299 183 684
304 53 644
200 72 983
18 136 312
224 21 338
14 346 895
296 395 471
369 25 23
35 182 292
288 206 598
141 361 434
24 392 843
251 166 689
49 219 399
181 351 452
262 245 39
7 226 127
278 335 257
361 220 742
217 21 679
257 223 410
360 160 321
166 154 112
84 86 336
124 281 866
74 348 559
369 280 43
163 225 888
108 377 586
300 175 598
34 66 38
205 350 406
263 232 942
361 87 517
264 207 519
73 125 292
384 198 211
149 297 776
183 305 816
342 400 19
52 5 90
77 287 171
238 262 245
384 256 387
285 168 873
201 83 760
400 168 204
199 275 834
99 56 875
27 261 841
360 388 191
59 149 715
77 252 968
35 137 457
184 89 143
175 303 365
188 179 85
36 138 644
279 29 355
362 261 95
240 118 635
159 291 119
312 284 566
144 12 779
205 92 387
201 133 510
316 186 496
83 113 6
29 154 790
111 369 836
274 339 749
209 153 980
133 107 195
385 353 255
213 311 552
276 215 607
50 52 388
284 243 675
287 78 98
228 0 175
212 174 903
25 258 812
45 192 709
6 95 982
225 356 570
49 284 99
280 249 20
152 335 287
99 356 697
41 104 213
54 147 461
46 388 572
215 298 79
361 305 450
24 336 817
216 94 242
37 140 736
185 295 819
100 343 473
392 192 491
35 108 564
330 276 208
5 99 922
199 268 53
354 241 462
86 35 295
196 229 101
139 62 468
194 269 17
52 250 806
116 244 692
82 163 453
52 127 48
69 122 539
14 187 279
138 3 199
391 385 631
372 232 936
118 255 111
32 316 636
6 224 76
132 233 927
397 131 280
260 135 147
24 319 637
187 297 934
284 319 830
94 295 715
253 297 957
252 336 385
369 74 130
244 327 573
166 204 560
252 7 635
53 122 378
126 71 194
302 325 226
312 185 238
240 259 601
290 261 72
172 149 11
0 65 932
207 65 804
159 365 53
142 59 1000
343 110 771
399 270 624
282 250 448
340 165 226
23 378 41
134 343 290
280 128 366
134 217 430
129 28 152
333 48 806
17 384 377
7 285 142
19 144 661
251 109 83
75 54 997
286 124 748
289 72 736
365 363 2
272 297 798
99 265 351
184 234 59
377 87 977
15 184 401
167 317 16
73 384 541
386 213 407
157 115 51
61 329 474
242 19 281
71 266 254
181 192 371
234 358 302
391 46 916
394 337 9
137 275 979
269 19 298
179 220 759
225 259 974
0 7 744
57 392 588
374 135 42
51 323 474
368 127 681
137 127 809
341 168 545
352 37 119
107 36 205
349 366 674
272 163 275
195 42 906
272 349 86
77 249 276
160 211 80
281 259 235
29 72 709
62 391 416
114 263 730
29 232 232
203 124 120
228 92 561
16 142 791
99 270 699
69 275 671
174 337 531
85 168 548
366 146 939
384 133 361
201 313 437
390 152 956
206 251 811
203 10 949
359 398 634
326 216 623
174 16 916
182 356 741
124 21 856
157 389 176
304 286 333
350 34 643
397 57 758
66 74 243
148 84 502
202 23 917
99 91 895
183 341 436
239 189 782
212 132 747
30 179 897
198 157 808
199 202 32
376 196 122
317 281 499
238 170 297
141 74 611
151 45 740
88 192 518
327 30 32
83 153 364
318 374 799
163 129 690
264 186 219
366 183 158
65 343 721
251 90 984
380 176 586
67 368 485
286 396 570
87 53 347
172 342 617
370 215 252
103 341 218
382 230 511
223 144 512
82 35 231
109 124 132
66 284 516
351 114 69
234 388 54
224 26 907
364 67 918
272 256 750
216 278 635
225 156 190
280 284 58
128 103 120
64 368 77
178 98 801
50 45 595
31 135 928
71 282 847
177 39 731
149 375 760
158 307 409
255 173 226
176 64 273
259 88 691
116 388 299
253 164 597
381 314 49
46 241 823
59 369 341
61 224 680
99 309 911
241 70 895
143 92 244
127 291 265
88 25 476
141 42 271
31 133 241
361 138 375
250 280 797
46 394 70
391 322 489
184 338 762
6 367 374
71 31 732
214 26 545
232 305 864
88 326 530
161 394 350
156 229 618
55 103 225
236 61 371
37 83 483
286 160 634
376 116 129
338 394 251
168 329 634
182 148 775
371 219 301
25 315 498
88 58 325
309 318 319
45 245 564
70 22 886
306 189 522
251 375 897
116 380 559
327 326 957
286 34 236
391 154 659
370 110 727
184 192 538
258 4 878
42 187 129
141 319 199
327 183 833
147 400 937
385 118 111
167 191 661
42 376 809
379 383 800
151 173 366
256 61 691
339 304 952
138 344 990
47 374 565
213 238 641
230 52 67
204 216 896
261 208 15
212 149 614
189 62 65
86 110 778
46 46 722
295 254 280
106 150 927
264 293 217
24 364 514
332 392 243
374 292 393
121 125 570
348 280 106
57 190 902
13 351 509
150 123 226
244 39 609
274 38 568
334 296 573
112 192 34
268 151 775
83 113 693
308 277 390
10 104 379
1 226 798
46 210 641
212 75 6
128 349 343
333 286 362
237 269 320
300 149 306
142 21 839
117 133 164
192 10 716
82 88 323
213 254 180
400 85 270
58 138 353
303 53 735
115 237 466
176 50 484
195 256 445
12 166 625
68 369 394
178 327 707
211 360 855
220 202 780
66 291 463
287 373 192
237 238 897
360 40 847
159 170 495
41 303 754
278 145 811
72 144 813
341 179 296
277 284 268
202 193 214
182 110 27
397 343 50
207 8 51
342 358 348
292 115 663
116 90 138
318 394 988
36 197 336
131 53 775
285 349 705
56 87 476
332 33 169
237 255 186
128 235 152
242 148 939
97 145 320
360 163 334
20 179 820
161 215 579
282 115 891
334 378 289
282 69 259
188 74 119
98 232 857
237 308 835
175 378 937
60 133 248
190 222 536
378 302 752
244 360 398
271 334 382
9 298 21
202 40 624
243 5 619
231 368 94
225 229 664
76 306 909
61 217 870
225 81 868
152 237 809
189 236 127
263 181 134
328 165 31
230 284 963
330 69 520
236 145 801
372 131 646
288 105 48
205 381 119
240 197 18
272 400 151
348 239 32
264 387 70
321 25 472
296 167 432
190 54 223
67 289 620
11 226 743
248 328 358
25 252 245
313 137 893
1 249 527
114 312 829
390 183 105
39 182 240
307 172 387
322 225 354
378 171 683
262 299 730
330 82 559
3 277 703
136 300 563
46 45 973
76 208 421
40 159 354
32 353 674
354 150 859
142 143 462
242 84 650
301 239 763
329 77 339
240 44 858
85 90 589
0 107 412
389 364 403
302 167 436
400 80 356
61 228 36
28 152 591
130 289 466
387 20 128
213 257 414
242 257 65
281 188 647
397 65 573
208 103 494
196 261 919
67 388 893
263 386 201
389 348 548
245 0 488
257 122 942
167 290 380
293 49 321
219 116 181
81 368 298
249 94 609
328 386 913
378 379 713
182 257 745
390 233 34
292 367 407
93 85 549
162 212 778
285 95 483
216 223 469
250 29 598
38 108 53
345 309 396
321 43 175
180 178 844
172 355 438
330 339 702
333 394 23
124 356 32
180 298 996
32 322 493
37 367 580
159 331 817
90 400 688
298 159 433
249 100 239
115 387 567
394 5 211
263 71 334
106 28 331
126 24 81
388 70 160
248 356 871
228 309 770
4 237 689
178 227 403
83 118 908
154 58 907
183 222 327
35 13 713
158 287 285
111 191 897
139 337 344
193 165 735
304 202 613
349 180 311
94 13 932
214 139 622
197 17 765
91 48 942
289 207 109
91 105 42
382 373 828
32 309 807
88 13 900
34 28 696
362 296 249
204 156 535
121 242 40
355 70 991
196 299 284
384 204 439
323 106 560
93 348 186
106 89 498
80 359 763
57 366 140
118 73 378
286 233 542
158 272 869
360 213 238
5 302 988
314 397 204
21 355 543
34 137 693
242 12 908
124 359 687
4 349 577
346 69 474
88 238 289
86 263 836
28 355 729
124 349 965
24 291 387
303 151 736
298 391 473
328 176 743
92 293 191
269 217 956
86 212 514
111 313 864
111 338 244
18 349 278
116 163 216
129 307 191
74 18 129
68 303 969
154 179 903
316 199 774
213 119 319
316 294 633
230 287 523
148 90 175
71 61 215
167 76 194
205 68 135
71 218 235
310 72 520
190 252 935
302 279 250
344 75 128
320 56 989
74 0 407
355 234 862
238 97 184
360 53 653
260 230 1000
385 31 526
399 83 186
243 9 170
209 73 72
66 97 267
128 368 259
309 345 572
60 153 573
200 266 47
368 333 236
86 390 836
315 260 913
121 57 765
301 272 279
261 353 799
149 175 842
284 105 523
156 146 524
323 284 207
108 170 136
321 238 973
251 343 607
276 70 642
34 205 640
200 53 879
339 169 876
61 18 621
251 400 276
300 358 850
194 84 274
286 373 469
399 136 853
343 339 555
178 387 895
203 328 770
80 239 78
44 11 65
121 161 986
278 284 576
237 58 128
8 201 872
10 151 780
121 63 991
230 378 706
397 160 717
122 137 569
142 268 748
388 62 168
69 247 212
266 365 462
225 165 243
44 249 305
71 370 622
182 223 185
160 66 505
90 201 974
365 196 105
109 338 186
108 162 743
208 376 758
77 198 355
349 20 502
290 201 439
168 82 891
134 300 503
166 174 19
136 236 889
72 261 809
211 95 205
395 369 526
54 70 12
89 290 107
361 211 435
97 115 495
89 298 605
317 209 436
322 243 430
215 162 361
19 292 242
41 142 230
309 105 190
122 65 795
211 21 880
271 177 987
58 67 480
145 332 152
9 95 155
56 138 272
387 270 880
104 286 311
114 168 493
178 251 561
364 102 559
390 104 419
270 104 941
114 136 64
157 87 375
236 220 903
310 71 62
88 384 986
285 396 9
145 53 83
135 293 628
78 248 353
350 329 158
70 339 832
375 281 332
334 362 814
326 5 237
373 89 813
4 52 769
76 112 604
276 338 706
133 133 954
131 69 145
133 220 140
78 241 479
358 375 492
144 181 215
357 348 318
242 363 868
56 331 842
112 320 701
145 382 322
387 369 15
116 41 617
12 143 30
399 399 373
171 250 574
166 133 241
57 277 259
336 356 642
80 20 312
121 128 884
196 279 789
178 326 329
352 110 676
74 323 935
235 384 630
116 324 82
376 47 130
47 98 249
149 21 575
273 317 661
16 221 234
193 64 514
62 35 482
73 354 326
233 112 487
292 154 299
83 329 171
37 309 250
196 162 791
192 230 764
96 159 368
193 50 100
294 119 439
255 281 951
38 230 477
292 117 303
116 386 648
280 325 451
322 400 265
127 24 49
227 85 14
352 101 196
389 320 60
191 133 297
54 393 355
16 389 471
136 356 570
119 188 599
361 25 896
368 254 844
64 321 965
141 345 568
198 53 584
60 232 284
344 279 9
284 160 200
23 64 944
48 103 97
298 121 71
8 14 144
203 342 556
252 109 642
220 337 76
22 168 892
13 27 939
56 395 411
244 131 502
381 131 89
319 130 624
361 91 567
172 108 453
287 103 946
113 300 752
309 340 188
21 144 291
195 325 335
226 349 196
214 232 79
136 270 161
99 254 412
331 125 402
85 18 788
301 289 339
351 33 422
137 265 861
112 174 581
385 337 758
76 287 62
19 251 44
72 0 774
359 178 874
149 204 76
323 145 583
19 198 431
270 20 674
264 371 477
305 136 48
248 247 261
229 317 159
246 27 444
376 341 631
240 382 72
20 184 164
68 272 886
129 384 225
388 211 476
4 333 932
145 354 325
167 196 497
239 228 332
357 359 543
196 80 24
87 167 569
254 359 327
18 21 16
252 69 793
88 37 827
386 163 689
345 39 149
101 64 7
200 388 383
340 341 996
47 230 794
164 50 127
2 304 360
99 373 89
306 398 878
235 93 609
90 10 454
326 242 316
207 41 235
0 322 326
265 156 490
116 344 116
49 309 139
311 362 70
81 187 844
171 200 878
186 273 578
279 202 998
49 98 157
174 277 456
360 101 877
360 125 674
49 117 685
198 74 359
386 21 601
315 246 696
165 175 130
252 79 149
12 195 811
229 324 158
171 80 354
91 318 600
298 214 734
196 153 169
244 21 186
197 125 939
105 226 714
120 153 948
102 178 327
315 270 607
349 366 66
1 309 652
336 147 13
226 219 828
207 41 995
294 315 234
387 146 576
373 242 547
218 400 521
207 26 690
108 170 153
163 30 335
160 276 482
24 255 916
57 36 632
278 53 193
227 400 220
183 315 175
329 173 828
233 15 783
156 176 215
264 163 928
35 304 148
363 146 610
7 365 693
325 165 393
371 20 313
20 316 800
373 400 523
256 49 977
305 12 812
61 235 400
59 382 38
211 306 521
98 258 954
299 206 350
111 379 118
366 63 351
188 345 488
86 287 32
183 175 518
124 228 0
79 205 418
358 288 730
198 214 261
98 247 326
330 6 317
317 89 152
8 129 524
384 179 929
111 201 883
9 375 887
4 329 747
50 201 209
183 166 537
77 48 199
328 104 65
174 348 421
1 220 153
153 159 609
80 118 343
36 365 746
17 399 98
76 367 584
116 119 855
265 73 794
88 312 658
11 161 507
263 117 727
251 366 124
239 341 114
224 360 768
132 336 658
176 57 926
143 264 22
287 167 729
338 50 303
188 196 121
32 109 847
221 98 266
163 266 842
101 157 356
57 269 81
119 153 450
128 307 492
271 215 22
322 231 808
258 89 901
243 367 161
304 131 163
134 347 353
225 69 812
68 392 51
105 274 153
197 282 780
20 148 908
230 72 990
270 37 915
47 210 288
187 282 832
102 19 180
364 70 411
329 116 376
151 170 821
88 329 600
224 382 882
31 186 544
107 27 913
239 352 290
65 166 860
241 345 386
278 109 660
212 347 340
237 367 493
177 377 207
179 270 381
193 4 523
118 122 166
45 337 665
160 175 917
186 138 654
71 137 848
264 44 455
215 294 399
229 2 802
339 119 566
393 330 478
80 121 857
39 317 83
133 237 71
45 143 518
360 230 426
62 27 740
263 31 236
131 388 744
96 353 494
328 385 954
268 236 24
172 112 321
49 12 815
127 25 538
70 128 721
103 352 665
281 46 318
258 23 847
304 369 776
194 171 947
190 199 623
300 89 660
10 341 371
237 202 696
107 344 131
220 319 822
394 285 901
345 304 209
189 93 556
26 138 323
57 275 888
134 25 578
121 291 192
259 262 585
240 380 272
191 59 690
312 322 567
336 68 668
302 240 766
277 355 838
6 119 23
282 107 941
387 289 447
35 52 191
184 320 947
166 159 15
111 64 900
170 266 522
129 269 374
212 218 508
193 205 696
275 193 471
20 57 742
125 69 575
172 311 800
91 269 278
262 167 896
70 381 517
9 27 489
170 86 448
315 135 545
321 37 870
256 272 893
354 318 619
44 379 532
393 313 401
235 90 261
377 56 357
363 13 153
50 331 408
353 378 462
13 276 813
92 116 518
65 76 936
328 307 963
142 392 280
92 107 454
80 379 612
45 11 106
190 261 507
336 72 318
106 288 89
180 168 307
232 365 860
354 136 369
274 289 641
160 156 751
347 45 35
384 127 137
180 123 755
292 385 293
142 32 50
67 171 730
281 6 138
103 248 521
186 395 117
85 400 335
171 5 869
128 221 663
41 293 731
165 343 461
367 97 775
255 266 758
271 294 320
203 270 296
57 181 454
61 280 934
347 216 292
299 84 415
262 220 53
133 307 117
77 210 908
247 50 742
206 293 303
321 126 849
310 141 77
379 121 964
67 7 112
206 241 249
36 34 455
56 36 907
130 165 598
163 337 835
230 170 614
10 283 231
317 364 68
80 108 198
176 270 956
221 47 274
342 157 948
391 399 253
80 149 161
248 221 257
28 144 479
296 104 648
122 303 755
391 84 765
305 159 198
260 0 236
302 314 979
149 274 98
26 23 352
257 217 135
327 170 152
222 202 889
175 395 31
348 330 393
54 117 312
355 89 780
153 311 351
100 155 266
202 325 198
336 255 503
125 60 214
167 255 702
385 277 834
145 110 304
131 261 311
214 217 1000
203 201 752
122 160 628
327 356 253
310 250 21
141 247 243
0 4 294
75 282 132
395 80 907
364 281 350
208 105 609
72 116 864
106 131 155
101 70 511
185 73 731
85 73 373
357 86 487
28 250 681
13 23 658
139 72 301
91 67 752
276 169 949
151 94 514
218 14 268
90 365 581
325 327 981
56 229 793
170 17 408
81 188 88
329 14 940
159 77 985
189 192 522
221 306 869
274 130 331
341 399 383
87 365 444
160 210 94
167 3 630
244 150 810
194 194 775
315 14 10
220 132 507
299 244 901
224 306 838
165 110 309
185 167 185
223 240 776
246 42 789
351 102 807
377 359 424
154 80 807
94 7 462
279 212 732
178 18 640
388 310 645
177 122 120
64 49 353
4 230 527
122 242 113
210 9 436
267 228 94
2 305 910
205 311 795
200 309 762
100 230 711
104 272 74
113 166 774
67 26 804
352 113 540
149 47 985
213 63 649
145 191 493
0 185 910
124 105 767
158 196 377
144 10 230
225 212 895
262 346 379
340 214 576
264 200 556
213 323 653
361 300 544
135 264 515
221 332 311
197 374 568
367 279 775
207 212 967
113 220 649
130 380 30
288 213 814
355 340 711
143 151 50
1 123 463
273 131 279
270 142 573
260 193 877
366 22 931
132 50 717
101 96 185
226 87 285
263 309 95
126 51 954
69 179 920
88 7 145
376 248 370
400 103 396
152 10 650
2 54 583
362 164 89
301 50 713
327 193 300
234 24 972
92 390 997
195 314 258
135 312 27
326 52 229
66 225 519
393 82 434
114 228 130
262 260 407
174 160 16
310 272 21
395 84 820
325 265 953
348 178 89
71 172 995
95 328 273
134 97 304
57 289 428
46 236 744
398 70 698
183 314 495
295 176 152
203 196 918
36 351 167
14 387 310
132 188 161
136 330 112
116 151 345
225 182 756
307 93 599
229 141 388
304 344 159
104 373 79
196 171 135
183 113 167
350 321 927
65 11 576
373 118 829
301 71 362
122 42 46
294 239 71
214 237 36
25 40 190
296 340 496
113 206 947
180 50 700
360 75 367
186 207 442
153 93 163
74 50 393
25 126 470
53 372 90
378 172 8
217 70 884
245 275 862
369 64 984
208 39 862
127 253 887
168 127 78
266 222 278
162 145 690
99 31 121
92 126 716
48 292 843
72 332 467
225 128 893
277 55 501
67 382 559
51 218 343
198 157 253
105 64 933
224 152 231
11 218 632
101 166 812
359 154 880
352 173 727
188 107 872
347 274 156
77 189 537
361 46 740
34 384 402
238 137 160
109 382 330
250 395 977
109 350 111
88 125 536
366 342 85
296 56 487
274 227 603
370 343 435
160 272 237
199 218 872
303 177 381
59 17 605
310 66 53
356 388 265
166 361 486
58 365 514
221 178 438
336 269 426
288 304 162
132 132 612
259 180 669
51 253 44
393 341 616
157 103 777
220 187 208
322 67 373
12 13 982
192 115 532
195 90 491
320 109 765
164 175 217
93 286 317
224 342 461
239 209 993
61 85 168
76 263 836
160 186 488
189 234 53
283 154 609
91 395 19
301 28 90
125 186 335
37 73 220
106 76 809
154 252 695
364 304 255
167 189 99
120 218 989
371 243 562
365 151 135
3 173 969
394 153 232
376 317 976
214 140 78
282 69 147
122 332 922
139 299 73
378 109 10
276 189 644
286 319 211
138 138 645
112 390 275
269 202 229
262 49 78
24 223 982
384 90 883
349 112 973
305 13 326
174 24 316
250 384 388
393 241 127
214 223 471
167 239 582
383 319 951
139 289 69
119 25 171
62 107 96
74 379 721
178 345 696
52 35 57
240 65 605
129 226 598
96 267 501
177 35 159
301 6 311
210 313 205
170 4 551
170 11 650
21 67 408
24 256 306
74 339 399
238 4 368
392 131 87
33 150 657
324 360 579
357 170 461
121 13 996
241 146 875
262 216 397
308 93 107
301 315 399
203 333 517
303 82 492
193 174 221
28 284 569
127 211 871
207 136 614
177 280 738
38 25 561
309 342 959
222 338 259
286 145 241
338 289 322
132 300 296
176 245 260
22 24 109
208 104 22
280 339 244
315 220 996
38 67 365
383 33 878
148 125 64
8 374 382
256 255 312
307 389 335
278 324 64
332 390 885
134 286 224
193 95 67
163 271 723
374 63 962
313 206 0
9 13 14
318 165 320
228 291 661
126 104 486
97 48 311
66 396 503
261 159 621
112 343 821
398 239 749
327 12 98
354 111 888
30 52 132
10 186 188
42 220 224
63 171 405
54 104 338
224 51 988
368 238 835
369 294 159
295 399 708
361 285 382
91 293 359
99 336 446
29 135 99
48 99 562
213 3 488
252 305 961
180 25 958
176 226 749
263 249 131
56 89 403
127 376 699
63 362 213
265 264 517
25 214 828
38 62 72
5 256 175
348 121 61
0 177 426
143 145 846
164 220 830
52 114 852
49 308 111
306 137 849
150 196 140
296 218 617
371 269 544
343 240 570
112 152 34
139 144 728
114 392 415
284 194 98
238 195 185
54 292 178
279 326 774
104 4 106
181 196 806
32 276 66
282 234 364
207 93 527
283 52 207
38 250 630
292 356 547
82 372 727
284 200 318
53 185 540
386 153 77
371 219 399
327 19 757
263 48 346
259 58 179
58 14 249
300 295 913
253 162 317
398 346 699
101 379 847
51 112 710
206 380 575
177 217 343
99 32 959
217 345 236
202 387 966
275 97 323
369 197 892
80 22 668
207 231 944
2 42 335
1 341 719
72 376 241
0 272 733
7 299 514
145 371 397
387 300 428
158 92 711
83 281 521
252 118 271
34 151 16
398 95 194
321 305 917
337 380 155
190 200 318
378 42 384
399 363 986
310 335 491
189 386 516
86 239 825
251 308 677
198 27 677
126 11 869
375 237 401
158 117 513
310 369 328
56 83 663
337 87 130
315 301 150
138 196 600
350 337 89
168 354 334
237 1 510
228 185 363
386 131 587
380 88 760
233 181 982
16 358 438
229 264 989
77 58 667
364 125 270
234 140 664
377 64 988
270 127 5
381 34 734
45 231 584
195 15 250
379 162 950
26 181 188
131 391 301
7 70 137
224 394 630
357 56 606
27 59 337
64 101 629
244 154 726
121 358 551
210 138 44
359 80 404
96 132 901
186 85 746
46 176 120
252 164 725
240 197 198
292 154 182
381 362 337
374 222 801
367 166 68
398 267 733
184 100 996
371 366 163
191 3 766
353 175 368
214 261 200
294 380 51
17 339 389
141 166 906
296 383 413
250 130 216
206 282 107
70 341 462
203 48 377
327 379 707
147 99 288
119 298 845
10 207 824
11 188 544
248 148 565
257 181 569
137 359 531
4 143 657
193 70 82
321 14 899
217 106 165
389 99 485
34 186 268
186 145 497
19 101 787
281 366 672
365 231 802
75 29 944
166 282 416
317 345 82
208 357 993
211 62 749
118 61 311
147 319 120
299 40 329
54 380 286
12 112 953
250 152 988
269 79 538
328 124 986
281 181 552
389 191 64
91 377 339
383 132 874
10 14 469
225 249 305
282 254 685
208 370 215
25 52 867
207 283 349
45 2 468
261 71 527
261 391 839
73 267 518
279 203 35
10 190 16
147 104 927
21 147 944
385 30 824
153 168 897
11 301 112
129 171 121
53 371 406
397 344 49
169 337 797
343 67 465
60 218 273
189 165 779
166 386 720
24 335 67
197 296 671
295 233 768
273 112 233
320 282 55
119 76 190
173 121 202
341 211 895
273 66 614
276 86 32
263 149 126
177 155 912
314 343 976
192 339 620
217 12 785
77 307 8
274 124 234
327 269 891
346 163 906
206 398 674
183 8 438
321 121 427
209 342 538
245 289 591
185 78 343
130 171 204
103 311 693
279 55 954
253 86 804
268 93 708
291 359 368
249 296 674
394 160 509
30 266 852
32 249 254
178 239 134
202 394 717
261 81 49
299 115 402
188 317 883
147 65 2
146 71 574
5 33 211
297 3 401
143 234 463
370 354 482
316 289 707
376 221 915
121 321 840
37 343 80
338 395 52
55 148 773
364 265 777
63 119 197
82 333 736
133 228 273
161 301 590
399 397 719
326 82 34
88 186 273
231 347 248
181 208 452
7 136 433
302 319 173
92 184 594
319 249 29
235 392 337
337 186 359
232 359 280
159 368 343
389 162 242
3 370 574
200 369 729
115 256 715
208 391 952
98 147 805
132 296 705
0 311 879
382 135 93
174 331 18
334 107 606
377 157 906
306 162 358
1 27 206
68 263 18
155 321 928
93 288 33
223 204 790
67 84 133
222 262 794
349 148 480
303 313 301
300 19 406
18 341 356
46 251 847
397 29 534
152 249 531
75 400 751
359 354 214
98 79 963
84 302 950
116 109 507
296 182 825
139 112 64
360 317 747
26 314 533
180 210 169
165 36 655
301 88 346
275 285 431
82 205 530
274 250 181
312 291 555
80 137 9
197 294 358
76 284 507
285 82 338
51 298 487
204 87 176
217 28 208
304 368 836
165 147 485
305 56 893
252 355 276
243 369 197
53 270 99
89 195 428
95 9 624
378 225 283
242 340 20
356 304 562
166 120 928
135 11 339
169 184 323
247 340 624
200 162 807
390 98 695
300 129 361
233 282 348
311 282 205
231 30 485
161 57 491
382 390 309
108 74 288
84 158 544
223 151 73
361 393 246
301 281 692
383 203 777
97 371 798
246 26 392
53 341 805
17 122 458
365 187 253
320 225 808
118 223 224
59 140 605
311 65 549
278 247 423
344 96 630
229 33 84
62 397 464
31 247 415
267 349 0
285 199 32
333 34 766
385 49 559
234 162 205
330 94 364
383 315 835
202 100 844
6 162 269
171 71 393
28 106 525
170 215 504
157 13 195
82 253 591
137 35 997
297 230 49
354 328 202
326 332 665
309 38 980
140 232 264
7 38 920
173 357 554
318 93 491
336 344 76
225 273 37
177 5 15
208 176 833
157 124 903
233 209 922
234 199 25
383 235 320
381 357 837
110 277 979
235 89 220
199 12 232
360 338 203
20 87 396
66 250 758
75 335 646
32 260 260
172 234 955
293 317 183
362 216 887
307 240 709
159 362 142
224 122 0
366 319 932
35 376 176
199 363 534
300 121 674
299 390 568
31 39 287
15 80 100
333 304 922
125 71 818
77 79 692
350 105 120
318 75 397
372 400 922
208 87 496
316 380 324
133 281 359
19 47 419
274 364 331
346 20 108
125 219 500
79 64 782
176 91 742
330 45 612
56 79 386
136 332 461
299 3 115
251 287 355
349 117 708
327 393 825
366 72 900
275 130 218
208 23 937
368 318 661
118 200 317
393 192 225
98 227 784
258 229 886
225 275 626
227 170 559
21 264 400
144 71 249
147 343 873
43 215 613
240 304 123
206 385 47
151 388 356
108 314 312
305 62 525
37 8 928
84 149 275
356 253 40
367 84 369
374 222 990
27 224 206
115 199 760
204 285 758
136 216 305
44 79 363
251 142 510
100 290 717
314 3 845
399 309 519
338 120 889
25 59 589
21 273 134
127 242 647
52 66 592
43 179 361
206 310 407
195 282 959
322 332 911
181 333 685
274 250 94
388 376 115
368 298 322
65 316 81
145 71 972
324 37 262
273 70 78
35 195 976
37 241 657
270 97 290
23 25 302
106 220 296
350 24 367
81 248 954
396 304 212
195 353 96
19 290 823
43 30 494
378 52 480
227 218 493
140 193 152
358 116 321
21 59 709
271 146 972
38 246 313
348 363 583
208 107 448
3 142 737
237 118 59
234 163 379
29 327 716
190 119 868
169 111 630
277 170 968
105 116 402
131 53 173
18 148 467
352 285 903
275 44 601
178 120 161
76 334 558
294 254 667
264 97 623
280 331 521
320 327 354
62 18 48
193 186 336
191 272 754
282 368 228
386 281 491
333 389 422
118 133 164
84 49 113
52 166 549
71 327 34
376 57 326
242 114 8
50 204 607
149 210 598
228 188 66
240 322 257
249 248 602
78 212 735
262 125 702
380 139 692
261 263 664
253 87 554
52 101 490
234 255 624
367 62 262
138 260 162
188 150 731
137 319 847
386 267 649
216 356 494
36 174 908
58 263 611
19 65 394
38 299 872
355 267 357
128 142 675
83 83 659
53 13 385
38 332 222
196 178 460
303 229 752
7 210 649
137 280 955
131 388 305
20 112 172
311 371 241
320 200 133
324 294 176
338 370 780
111 101 426
33 390 132
108 135 793
7 69 934
89 249 552
330 24 262
140 165 845
193 397 851
139 339 678
178 374 381
164 338 939
361 400 227
223 200 778
306 183 64
153 28 84
277 270 73
27 190 407
380 26 826
82 101 194
81 296 330
86 114 148
34 273 335
231 356 562
146 44 423
151 178 88
159 95 19
138 89 957
216 214 495
397 376 790
59 153 984
160 332 57
81 292 637
390 117 826
337 387 686
237 113 691
242 202 856
116 63 213
386 336 571
155 46 150
135 187 734
52 43 47
292 393 448
393 150 243
156 76 337
31 316 385
112 282 417
291 343 534
48 148 913
266 163 542
241 324 968
354 304 804
110 161 108
16 4 630
33 180 781
78 295 101
3 380 555
202 307 476
139 127 92
16 145 133
243 354 344
122 196 82
254 64 869
229 233 257
270 225 181
92 49 73
384 337 755
206 164 709
106 160 468
219 360 104
96 289 324
90 172 844
299 247 813
15 76 51
180 314 122
376 103 799
26 191 961
85 129 542
69 114 752
84 31 625
370 104 995
17 242 270
35 260 340
187 219 372
160 309 609
336 87 17
64 320 604
93 340 823
327 174 264
62 5 312
193 50 839
387 347 494
49 311 785
392 334 422
395 338 296
7 248 945
110 235 378
24 227 303
20 136 350
220 138 430
325 333 278
2 299 956
277 373 390
291 124 103
247 98 373
34 199 657
336 172 972
163 150 763
391 387 926
145 218 341
22 216 627
65 138 531
94 283 198
141 85 548
330 155 637
53 310 231
42 2 631
321 324 778
201 29 82
79 291 743
217 103 236
131 324 531
390 226 858
68 100 645
315 349 253
22 302 683
211 297 223
322 12 975
340 27 1000
224 14 460
380 309 856
264 66 192
394 51 5
242 169 323
378 226 550
219 330 200
60 303 254
142 200 48
339 66 432
199 310 124
5 59 134
156 132 260
176 46 862
175 122 599
160 319 97
348 183 207
94 352 466
5 246 769
48 129 387
109 280 532
57 375 500
46 218 178
255 143 571
99 204 466
101 204 467
298 396 787
153 9 264
261 186 35
379 210 588
307 248 697
341 19 901
273 261 711
232 231 580
13 248 27
37 31 935
298 124 81
192 31 600
80 317 125
200 67 121
115 261 485
32 239 123
120 305 81
42 259 981
400 2 105
332 6 723
293 96 339
7 291 189
55 376 673
267 294 191
93 81 546
1 228 377
124 384 360
378 163 835
206 128 339
55 282 616
286 322 877
101 357 669
219 369 491
284 97 996
370 95 113
188 302 455
30 94 225
59 250 36
93 56 244
247 214 138
56 240 377
163 180 918
154 390 903
359 356 611
103 193 499
157 43 593
290 46 518
136 294 910
171 165 477
266 201 508
183 19 24
77 240 998
242 178 760
328 382 971
371 384 75
301 41 557
92 195 7
285 231 626
151 303 601
264 348 527
256 160 473
218 298 619
365 266 55
70 292 918
335 261 293
195 217 894
190 304 879
56 98 314
311 347 419
388 203 361
71 258 809
259 396 681
91 145 486
38 79 155
263 308 321
10 266 148
319 377 352
264 322 260
50 253 444
106 338 67
362 158 925
226 338 365
139 129 515
204 344 210
216 110 911
144 395 936
255 33 114
279 353 541
327 167 782
149 3 74
238 241 59
91 259 467
33 149 457
362 176 801
5 36 206
169 193 242
140 139 892
254 13 797
290 200 318
373 38 920
341 343 21
68 318 271
13 306 722
395 160 28
388 94 941
373 117 905
24 377 143
200 250 531
378 200 676
138 204 266
72 138 996
264 13 758
136 310 826
142 269 569
264 99 175
358 139 394
19 328 69
342 294 846
42 355 745
257 235 467
362 53 282
172 250 296
155 48 808
112 247 362
161 95 271
362 75 110
108 29 254
112 92 350
60 228 613
299 189 710
253 176 756
353 13 316
323 75 835
233 285 262
8 291 302
326 332 485
193 172 53
373 352 322
167 292 290
298 90 981
214 34 557
107 392 672
115 281 646
36 379 133
366 270 371
308 217 185
86 65 456
185 4 133
270 262 698
318 98 580
140 372 61
144 397 756
244 262 273
14 146 425
24 68 640
212 253 721
162 272 803
237 159 759
145 263 897
350 37 425
238 279 412
74 285 152
208 307 526
248 178 378
10 4 642
96 88 130
141 388 157
313 313 250
270 70 5
141 314 975
394 295 544
87 303 17
381 193 825
301 291 151
344 369 21
361 117 96
308 400 611
380 381 281
112 152 65
228 219 321
129 132 534
202 244 865
240 107 467
18 364 659
364 219 324
200 181 628
202 59 586
248 269 948
169 101 566
348 303 882
44 195 133
87 97 56
278 223 242
94 80 210
227 332 968
236 85 84
273 105 544
313 65 934
286 54 250
164 61 123
75 96 538
306 354 113
309 21 726
287 143 181
140 163 211
270 75 835
366 363 380
363 24 644
2 364 415
49 279 202
345 152 388
119 109 46
341 55 719
2 47 28
393 2 172
14 346 312
34 197 351
156 32 474
258 350 910
73 110 952
220 57 103
85 120 656
75 115 461
157 66 848
250 140 131
112 6 153
319 287 594
390 141 317
360 70 760
189 26 299
268 292 379
100 224 766
149 146 122
40 353 42
323 190 511
9 336 636
299 398 115
254 329 799
75 190 668
60 230 545
379 193 219
268 189 369
298 51 262
150 239 281
160 29 989
88 302 879
313 353 242
201 243 12
119 20 688
284 337 466
329 263 780
82 248 309
122 181 579
314 252 290
80 96 481
320 284 638
15 12 661
102 168 747
370 115 532
33 283 127
175 366 865
107 273 3
334 54 714
104 278 975
195 319 598
269 266 576
328 327 670
379 388 526
308 151 65
28 142 480
156 54 371
150 204 973
267 78 622
176 101 249
111 155 474
369 306 368
35 194 77
345 111 758
146 82 540
268 104 360
279 387 158
9 82 635
282 90 442
297 375 642
41 370 84
178 276 147
398 241 319
126 353 664
114 15 797
267 276 240
328 182 124
270 164 288
216 201 828
44 128 656
76 157 118
320 17 539
264 291 823
390 123 185
304 133 307
25 42 956
180 280 189
20 281 906
171 125 160
298 301 272
158 272 510
100 232 281
222 293 206
101 253 804
279 67 532
118 39 67
215 164 201
212 365 988
285 193 946
11 228 483
316 175 276
188 370 775
26 79 486
227 169 527
326 90 301
320 387 854
281 121 535
279 43 451
385 354 671
115 130 1000
254 152 711
16 5 903
226 111 303
259 96 225
61 375 574
119 70 241
386 319 17
69 114 279
280 290 806
332 279 328
387 202 307
299 92 568
156 77 360
354 137 603
388 99 970
374 389 408
389 118 69
335 129 2
40 100 598
145 158 542
244 219 627
364 295 410
261 17 994
351 385 585
100 27 889
180 358 885
326 378 954
397 182 664
103 130 0
172 35 317
337 267 298
313 258 430
167 324 102
363 306 328
28 130 797
271 67 380
185 55 566
282 191 329
91 237 531
172 42 650
329 282 285
381 293 75
29 154 193
274 101 717
76 62 35
150 12 827
72 323 847
168 373 501
107 274 938
107 61 590
188 180 625
370 213 836
186 304 572
52 15 683
199 203 902
333 91 206
74 240 266
266 24 844
243 85 744
34 300 152
77 307 141
273 29 543
43 364 950
343 270 602
132 327 474
218 166 433
379 46 293
226 307 637
389 46 37
135 68 157
351 217 459
205 69 14
100 3 42
368 78 219
107 143 37
65 255 537
60 365 301
335 337 335
303 153 760
33 321 941
391 147 696
200 92 493
218 169 195
127 202 58
230 79 384
261 382 503
173 108 8
311 311 892
127 319 92
391 274 502
115 211 723
23 264 885
18 151 940
319 172 456
263 1 320
108 223 277
301 287 755
220 59 811
348 52 107
142 273 110
105 209 1
271 131 677
205 299 440
35 177 11
245 105 514
259 31 408
327 351 611
4 242 659
85 155 112
278 377 859
29 49 399
46 303 284
33 400 997
49 12 5
63 85 790
48 164 632
301 319 736
119 347 746
218 27 922
222 240 808
331 113 565
233 199 405
172 249 187
317 148 102
335 273 564
129 98 781
222 307 423
7 162 777
137 360 68
213 261 492
348 139 62
177 208 572
43 11 935
26 214 839
103 49 522
257 292 164
283 82 984
116 384 598
162 36 500
162 266 496
76 315 531
140 186 282
269 38 464
219 323 774
269 198 35
10 121 106
190 299 222
306 181 385
301 245 945
144 394 450
39 186 701
242 209 529
256 114 44
285 251 746
66 398 322
232 131 754
220 132 230
342 133 219
270 239 869
192 132 109
279 74 967
272 223 126
29 257 634
106 384 508
333 99 672
332 60 309
86 279 485
367 389 225
325 374 577
250 169 129
99 272 123
269 17 452
70 359 556
50 44 934
337 58 31
325 173 792
231 22 764
280 73 707
40 368 156
148 179 30
170 158 623
148 309 308
46 103 253
330 226 212
198 119 450
206 243 657
234 238 706
327 84 558
87 323 112
98 24 312
23 253 870
137 26 648
234 366 366
387 111 753
277 225 212
188 230 988
221 155 239
303 257 407
292 173 285
283 379 671
393 22 180
149 385 374
141 121 674
73 310 329
342 270 251
161 352 636
155 231 599
155 365 478
141 142 100
119 255 842
335 82 878
206 132 656
310 208 369
125 377 144
396 237 8
19 89 780
220 326 121
33 13 87
145 314 205
316 40 455
363 56 974
67 260 874
209 78 91
286 364 216
194 135 712
317 217 59
181 153 974
377 50 532
199 92 921
116 111 527
57 93 290
94 15 128
36 46 844
346 303 40
13 200 286
110 103 881
113 174 466
61 159 494
340 83 851
93 149 927
75 371 877
92 259 907
81 353 198
49 17 94
50 383 48
232 165 730
27 274 420
262 7 577
200 3 651
16 256 627
389 221 501
197 139 985
58 18 623
188 102 867
77 232 793
380 143 29
377 72 722
185 66 111
98 6 235
337 141 552
131 214 757
161 398 124
78 75 274
347 212 937
219 300 681
265 9 524
257 258 933
261 331 431
9 65 669
310 256 673
39 15 684
120 133 156
189 202 5
148 67 69
12 187 288
217 182 318
58 123 154
123 83 718
307 357 272
7 249 820
364 166 198
145 186 815
201 154 337
113 193 306
348 108 462
361 238 666
226 67 57
230 229 526
366 121 836
21 368 916
184 66 880
330 356 530
56 284 805
111 203 694
203 320 890
184 228 69
209 117 267
296 251 717
315 173 630
170 180 307
387 330 157
210 91 394
90 89 361
52 74 489
368 203 881
21 373 963
69 396 849
130 153 719
392 31 502
59 300 763
318 214 339
116 1 345
193 358 268
43 377 273
181 248 344
382 400 298
325 358 292
294 207 614
397 398 5
253 380 991
5 359 919
3 379 707
358 94 739
1 349 485
199 330 36
28 188 508
380 146 964
329 54 199
190 399 705
136 297 65
45 261 561
26 26 448
251 360 882
342 345 929
181 119 197
64 284 756
258 342 158
285 81 997
367 182 129
308 353 252
312 379 327
258 24 550
374 216 68
230 252 140
223 161 391
335 221 493
101 79 324
51 274 342
8 345 581
274 135 502
312 71 615
154 340 442
150 5 940
262 314 991
400 7 902
197 60 278
301 19 131
87 332 906
173 306 184
182 274 742
117 298 559
151 307 296
262 328 149
148 108 826
378 78 49
151 400 793
157 84 936
316 137 173
337 121 652
263 110 704
152 355 20
236 186 268
63 155 910
392 324 665
211 188 681
160 297 180
212 22 406
396 218 707
211 315 220
244 93 228
316 103 872
81 173 742
227 395 727
261 209 973
204 381 684
201 214 249
212 294 957
104 319 959
22 142 239
75 342 533
159 198 950
273 228 473
397 247 659
96 306 220
41 345 540
86 326 86
321 6 581
90 393 143
246 296 461
191 349 296
47 336 124
297 295 832
137 298 209
189 61 690
220 195 929
242 184 261
52 47 693
286 280 391
3 390 380
208 25 573
17 150 761
15 371 688
284 88 749
102 44 199
236 279 118
29 105 725
351 58 907
46 257 208
252 45 767
297 150 348
278 241 106
326 350 256
349 152 125
32 365 289
24 363 259
348 14 355
387 396 907
216 334 379
348 230 703
38 59 228
109 304 505
352 269 6
78 143 968
237 230 663
207 365 411
53 82 783
400 85 94
144 269 377
277 7 791
116 143 75
53 292 477
293 381 874
378 0 594
84 255 268
367 225 491
331 317 808
193 253 134
255 383 960
296 8 403
142 9 319
320 224 377
363 9 625
2 86 542
281 122 322
63 140 210
110 313 207
326 57 126
147 92 268
250 145 701
325 164 216
240 25 989
243 269 427
233 338 639
226 353 635
105 250 834
55 175 211
363 73 598
40 323 433
161 386 120
384 400 971
225 150 810
213 8 670
152 136 496
391 78 792
319 211 763
142 169 155
77 269 63
47 188 517
78 80 851
69 118 510
372 253 72
106 181 868
5 214 596
185 129 174
156 117 167
265 114 308
386 306 769
227 231 861
34 159 583
365 20 495
311 317 668
46 328 752
229 208 872
339 35 827
4 351 326
200 361 288
260 242 69
386 242 516
140 146 585
383 387 997
96 103 416
45 165 181
313 154 956
26 183 754
89 83 635
181 228 183
241 214 252
318 148 228
77 139 358
85 189 927
25 165 256
347 289 999
145 237 482
216 130 730
167 91 699
284 99 643
60 324 65
111 242 888
106 350 132
288 82 376
56 262 188
262 323 783
215 210 339
359 157 897
22 171 823
186 226 757
251 143 90
31 197 276
339 396 114
400 100 935
68 47 765
15 307 561
37 216 626
152 37 56
57 334 102
255 346 924
145 394 516
73 149 178
47 156 335
155 27 332
23 293 505
303 90 786
375 384 588
146 106 899
53 122 94
21 107 771
388 117 656
71 382 258
13 264 333
105 6 618
395 98 470
186 287 685
48 174 4
292 287 474
83 272 430
145 394 256
205 41 374
128 92 684
285 221 395
144 392 331
120 115 172
357 331 192
97 223 181
109 340 717
138 238 692
361 165 847
169 186 223
277 85 841
179 20 392
29 20 126
391 346 346
299 17 439
10 302 520
31 45 765
67 109 596
240 381 683
84 178 275
115 257 845
343 335 335
30 326 189
323 17 637
353 5 634
321 81 161
206 241 145
267 291 311
148 62 748
179 41 103
279 352 674
190 251 257
234 90 809
142 109 305
11 204 80
285 307 895
299 316 403
126 135 710
90 52 222
105 258 740
199 62 68
338 399 781
5 352 326
356 222 368
183 126 20
69 138 948
60 171 163
169 40 611
18 35 429
233 65 30
362 371 874
242 110 427
208 292 834
245 223 467
381 288 702
3 36 386
386 161 775
138 239 143
283 305 67
205 292 127
371 83 879
273 329 238
82 366 796
387 282 879
250 323 407
262 135 30
70 101 230
100 101 283
393 114 931
81 210 969
284 380 313
136 225 534
254 95 278
266 218 908
124 178 988
192 32 836
204 179 549
27 204 690
232 296 927
123 276 277
93 203 545
366 349 945
136 256 219
343 270 895
93 46 621
188 59 929
155 244 403
14 5 765
210 174 783
171 24 569
202 116 562
317 143 81
195 300 830
157 356 450
171 42 427
135 10 152
268 383 440
101 16 762
380 226 276
45 115 321
361 366 129
164 345 730
207 276 143
151 220 971
154 259 790
262 335 56
114 365 479
256 385 575
309 234 868
250 167 343
323 274 574
100 309 176
285 153 802
116 277 793
379 252 579
115 196 550
16 127 584
232 13 717
91 111 338
84 151 326
228 219 638
144 332 133
63 68 266
74 148 970
96 166 819
7 146 784
194 42 565
396 369 370
12 74 963
238 355 428
353 174 152
4 352 798
22 298 889
27 354 37
228 329 373
365 20 98
384 246 675
228 200 960
142 44 973
360 57 848
241 245 590
19 8 689
339 73 547
342 352 459
14 270 501
34 242 647
19 126 729
326 259 909
394 156 66
292 65 420
118 66 789
269 123 82
357 358 962
247 157 890
363 359 919
256 244 764
95 85 737
296 394 616
59 9 571
377 4 787
254 384 26
186 358 683
109 303 781
4 46 639
200 106 869
30 337 724
349 158 492
349 355 181
275 96 420
102 285 575
83 284 480
257 375 35
98 96 76
387 284 83
160 83 198
388 99 965
96 29 678
106 368 975
262 90 274
244 54 230
137 149 736
16 101 878
31 68 824
286 361 990
305 119 397
245 332 619
400 196 958
336 353 565
20 202 867
10 283 73
172 288 264
391 182 984
288 48 579
248 218 70
395 214 139
393 106 467
35 212 880
182 298 649
206 373 716
369 184 743
27 135 10
340 284 336
94 174 999
250 56 286
21 232 645
38 122 69
372 283 418
141 146 507
66 203 600
142 172 185
132 321 749
205 341 504
257 117 450
184 345 244
41 7 102
385 167 872
11 115 226
85 336 952
274 399 227
269 5 430
136 396 896
89 24 240
37 177 535
298 322 224
147 195 469
178 110 457
82 75 826
371 234 280
170 383 889
279 67 937
22 287 218
314 102 320
313 390 106
104 185 335
386 109 659
18 23 409
76 331 837
151 274 644
188 368 88
321 130 988
263 3 467
324 47 477
376 228 785
246 82 292
250 82 394
176 217 373
318 303 500
157 17 324
220 147 14
278 72 329
372 206 451
38 158 789
164 97 108
306 384 33
312 300 512
135 399 94
126 83 480
346 63 452
174 307 831
87 43 902
340 364 363
278 234 524
46 377 915
141 320 649
318 331 526
226 69 329
7 145 610
176 201 916
94 105 560
187 115 381
118 194 53
142 299 505
235 351 521
373 130 631
257 158 570
270 35 313
189 121 684
362 197 783
1 181 993
237 205 927
203 144 986
250 369 139
370 201 563
267 276 556
365 338 229
211 319 216
295 228 70
385 81 667
220 262 359
362 90 73
9 353 600
321 394 820
307 173 307
35 184 782
253 390 465
54 123 761
74 55 952
203 111 0
41 285 833
87 57 90
111 281 657
371 174 286
62 91 9
381 165 353
391 65 337
162 386 607
326 328 899
322 378 861
22 110 7
235 390 251
387 364 794
206 314 346
40 110 790
204 199 728
336 124 6
200 302 419
341 390 86
353 397 855
367 97 496
212 371 864
167 392 165
142 247 180
160 286 257
365 15 295
273 370 431
250 63 612
279 1 917
16 18 604
196 117 31
132 296 30
261 208 159
222 154 302
323 199 472
99 364 47
172 128 1
294 16 38
294 22 111
48 178 692
251 89 239
124 298 487
211 213 366
393 253 941
321 26 531
369 46 512
114 0 454
319 248 682
36 290 368
241 28 736
57 156 655
290 322 134
302 349 452
104 283 840
5 54 25
214 162 846
34 72 540
341 319 469
234 313 276
264 284 835
10 43 147
187 283 991
389 126 468
153 219 253
76 315 229
375 243 758
388 272 999
332 347 561
387 246 135
160 216 431
39 252 114
169 78 945
51 309 587
320 350 994
336 111 881
321 398 156
381 83 688
207 174 849
127 3 799
149 11 868
39 200 69
340 285 706
140 0 254
12 202 821
204 284 36
340 214 753
135 77 903
340 337 249
34 250 796
389 134 729
194 161 929
389 197 719
309 200 247
251 359 203
371 321 181
372 185 599
149 397 301
51 267 408
24 180 546
16 286 730
183 22 519
49 45 370
23 15 754
348 31 600
100 258 769
156 81 855
375 260 35
51 113 313
371 75 711
128 308 374
270 204 514
129 294 887
23 280 745
301 185 365
329 245 127
137 124 87
262 270 157
255 181 635
168 358 442
310 21 775
144 269 227
339 139 265
151 302 65
340 376 290
345 16 974
240 149 560
20 81 333
278 298 473
399 324 494
8 147 284
347 72 827
45 5 654
90 332 544
262 76 988
342 48 208
230 57 544
127 163 116
17 93 468
221 371 737
172 83 797
159 314 556
380 152 522
310 363 540
75 275 904
178 139 794
250 228 670
291 323 239
142 364 421
202 131 290
354 221 868
225 211 190
105 114 468
128 251 971
31 245 889
63 9 244
182 113 681
97 358 467
197 13 245
304 344 184
289 218 747
362 245 869
56 31 418
12 172 472
101 388 570
167 158 683
272 193 228
106 140 909
184 316 359
382 54 76
117 331 658
81 370 65
295 304 274
191 136 328
40 172 641
268 228 648
8 308 836
264 130 259
366 25 675
354 302 69
79 158 376
220 377 517
59 285 710
37 351 66
367 215 319
278 370 364
356 302 181
337 103 958
31 231 173
230 298 352
397 43 493
164 248 576
142 10 403
183 195 232
337 90 520
236 346 96
384 24 187
13 273 944
208 297 125
331 41 935
48 323 860
380 84 798
340 144 67
289 192 474
127 223 616
214 123 150
89 328 588
92 9 541
88 152 942
300 147 359
91 102 613
14 179 956
189 114 384
246 247 826
18 197 633
268 132 897
386 189 131
201 78 554
345 214 400
215 247 183
193 283 507
301 2 966
324 31 112
115 101 652
167 14 540
74 58 315
77 309 509
211 338 598
322 14 273
369 387 201
131 248 543
183 3 631
177 355 885
338 69 174
33 170 198
228 4 292
389 191 193
400 195 10
121 149 877
113 272 183
57 366 404
275 282 388
185 18 627
243 276 266
226 290 685
319 313 183
139 330 219
323 59 751
119 197 112
291 320 798
381 179 905
328 388 139
36 196 242
86 167 38
168 161 578
344 369 282
152 186 56
398 317 840
44 243 514
350 354 520
216 142 544
321 309 687
141 50 62
67 98 256
342 68 900
338 13 752
231 188 740
372 272 985
364 38 5
157 238 285
285 307 707
296 120 667
300 351 757
178 117 388
368 162 86
29 156 693
303 320 519
191 214 340
8 10 534
157 181 701
327 104 718
8 252 173
4 306 778
0 240 474
47 61 87
158 246 666
80 152 648
189 330 40
342 27 327
359 148 936
256 333 990
208 54 244
243 263 291
384 275 749
122 54 269
338 143 596
199 302 698
172 205 8
339 43 853
101 189 441
160 80 477
161 122 71
28 256 273
359 62 602
370 180 514
319 185 228
107 365 606
363 17 468
303 331 446
258 383 345
292 326 555
140 127 902
10 1 793
98 55 474
147 309 232
253 226 178
144 354 972
1 354 744
131 322 989
206 83 909
91 239 823
63 348 420
199 317 830
198 210 119
61 364 825
185 330 246
340 357 609
39 63 953
243 14 546
114 169 733
398 359 450
182 15 61
115 261 43
372 207 167
333 339 876
375 67 147
7 319 954
288 63 692
220 47 478
252 11 320
99 157 488
11 125 191
107 30 142
29 214 915
91 376 448
116 205 392
71 238 719
8 225 157
240 306 419
362 68 483
38 176 972
240 68 985
274 344 770
387 332 686
20 161 88
327 371 193
26 388 744
396 239 295
400 176 276
99 151 818
162 159 402
19 378 937
387 370 286
327 167 689
325 308 931
47 215 118
205 291 1000
254 216 215
51 265 669
101 37 700
335 370 992
284 240 406
386 47 587
396 181 747
369 306 579
37 104 449
260 171 18
24 210 142
252 329 634
248 217 300
63 335 643
8 13 907
233 285 579
302 340 130
37 166 138
194 81 200
389 250 408
364 51 983
84 82 902
378 55 968
118 29 530
0 87 327
356 124 986
200 331 641
84 24 662
135 363 219
398 241 581
372 133 985
292 21 843
186 274 565
8 393 839
268 143 86
212 3 779
316 142 423
15 382 449
83 399 331
257 346 260
11 248 282
160 260 104
207 81 789
200 52 61
363 314 969
364 348 563
373 325 816
349 227 25
7 302 677
375 119 195
89 37 210
28 128 983
8 354 940
226 330 474
381 310 909
5 19 699
397 220 261
394 115 511
4 88 772
220 123 470
158 119 555
164 112 577
375 379 142
362 136 681
128 213 681
259 213 887
336 289 189
105 77 58
184 248 716
291 297 121
116 348 908
335 198 684
380 46 330
258 88 819
70 228 330
387 333 856
191 61 127
105 379 835
130 243 126
162 366 516
98 20 228
211 399 136
260 261 647
183 1 897
105 357 409
214 394 71
126 138 782
167 125 690
316 16 71
332 42 926
235 335 46
66 360 310
36 187 103
394 54 170
177 259 854
291 192 313
386 235 108
212 371 969
323 163 475
345 350 590
35 296 402
346 95 370
103 267 101
88 148 114
306 297 823
67 95 723
77 370 861
118 361 118
387 363 102
179 261 582
302 144 914
198 242 447
1 109 912
10 142 675
295 98 458
65 197 794
198 317 104
383 58 602
37 318 275
51 281 228
56 167 891
372 35 353
56 150 48
253 106 172
393 72 770
197 358 633
222 285 219
41 78 213
98 184 252
86 82 17
83 143 745
18 153 682
197 298 185
9 270 642
372 46 522
91 188 451
129 44 381
284 337 64
91 227 35
47 0 815
268 324 487
270 34 554
56 229 553
277 13 278
37 20 444
341 98 435
329 354 162
260 123 224
391 27 102
228 233 458
317 313 624
79 326 250
176 132 265
235 80 329
246 141 396
379 18 470
5 72 174
373 321 297
328 309 847
318 339 60
27 390 745
296 172 183
183 209 330
341 155 849
294 334 281
392 45 569
275 328 254
300 129 45
18 61 719
320 94 99
143 372 9
86 32 637
348 119 66
311 400 504
42 69 737
382 63 307
173 243 13
2 378 262
327 290 733
206 374 306
177 284 960
102 296 659
161 221 364
349 2 62
164 150 816
42 366 628
190 342 179
189 53 644
105 227 1
192 53 926
127 380 769
122 356 815
338 377 522
109 78 286
339 164 201
63 24 378
174 58 189
2 152 67
137 331 734
342 33 846
217 173 751
319 171 222
73 294 863
376 18 877
112 144 190
246 43 882
268 264 429
193 197 830
361 44 397
267 116 681
287 146 188
211 381 0
220 119 729
193 72 31
89 209 238
148 83 258
123 126 353
190 210 35
156 87 590
370 112 693
278 400 137
288 262 568
13 204 670
84 302 225
248 367 462
331 347 575
98 1 278
264 314 229
135 313 51
185 331 672
248 248 158
212 81 43
217 364 73
127 130 456
295 397 25
377 223 973
369 274 568
96 125 720
218 85 451
27 19 541
395 333 106
374 393 989
238 248 307
340 212 765
353 274 395
369 30 70
98 347 243
376 318 282
60 197 431
374 327 554
64 386 623
76 201 801
243 333 700
197 188 383
306 76 393
134 90 798
250 366 11
79 157 57
4 286 55
387 276 48
110 332 450
166 339 599
12 315 124
339 33 746
339 292 306
78 119 192
257 19 248
399 191 145
114 176 874
296 61 155
92 311 555
283 399 85
347 49 101
247 259 665
33 167 746
387 110 670
391 352 68
230 68 38
230 335 316
13 191 989
182 281 141
215 92 169
97 110 994
396 201 717
125 326 944
319 369 903
301 343 941
115 37 882
88 162 13
115 168 838
177 199 215
49 248 436
251 89 117
359 126 353
58 250 435
274 100 173
350 222 534
214 325 173
0 338 855
194 5 261
278 140 571
305 266 864
147 387 27
307 193 359
87 107 622
162 152 549
81 61 875
66 375 301
254 194 467
119 199 329
238 283 363
253 13 769
345 275 480
285 211 80
322 140 422
399 17 318
103 50 901
345 318 292
361 290 901
181 21 919
37 232 910
171 392 811
284 140 570
39 100 610
202 207 15
102 3 154
165 12 817
168 308 617
149 132 922
68 77 985
278 44 894
276 142 869
344 348 644
313 195 738
245 330 404
302 344 43
141 334 372
252 219 719
349 293 828
25 22 38
57 157 359
342 195 564
349 164 553
121 174 159
170 5 336
180 330 557
176 84 356
62 287 269
150 207 251
385 231 630
31 60 97
227 155 840
344 376 156
225 339 406
76 159 783
89 172 210
330 369 920
248 344 393
171 393 758
228 326 410
146 152 635
258 372 258
199 141 942
225 143 905
36 143 281
294 86 629
272 336 177
226 136 941
208 313 156
95 372 330
173 315 573
217 196 34
162 29 371
256 79 780
30 106 643
330 70 455
172 145 466
345 342 112
126 281 297
209 212 509
316 247 351
272 303 542
62 302 302
377 19 122
139 129 989
293 396 984
226 275 727
261 361 774
177 390 101
21 66 143
261 162 241
104 168 467
230 220 301
126 93 63
295 258 696
379 2 703
79 126 566
153 179 47
12 163 897
252 128 997
135 176 173
167 266 448
137 386 181
374 314 253
210 133 401
243 26 5
253 193 165
348 105 939
163 400 214
15 225 55
287 90 634
71 271 668
291 182 325
224 199 903
336 0 418
379 355 739
373 265 760
126 97 593
298 265 410
397 3 740
284 8 329
304 313 580
393 220 125
67 115 230
72 120 658
328 201 904
246 198 178
373 336 498
364 14 491
225 163 563
352 256 717
24 116 693
318 259 998
155 36 103
263 318 44
257 37 732
368 179 819
304 155 412
296 242 451
228 323 195
159 346 612
311 109 223
87 294 40
30 280 324
362 14 407
188 58 12
329 58 918
181 328 803
286 255 616
118 73 23
107 88 284
267 104 478
386 2 262
129 243 174
31 174 510
32 232 348
28 390 649
54 171 46
371 242 762
220 70 409
46 9 338
138 320 228
157 254 999
283 145 134
296 268 154
109 104 31
70 105 933
83 146 816
207 31 288
82 371 12
9 62 773
392 194 621
18 370 707
45 69 949
399 290 32
30 43 958
295 139 146
148 367 437
159 50 252
115 387 469
70 211 481
165 307 688
82 221 820
96 220 431
65 133 669
136 352 503
214 187 142
59 53 756
338 124 521
245 158 469
116 392 226
268 197 224
25 133 52
230 237 20
333 355 398
326 217 496
175 236 117
277 115 148
161 15 544
55 342 527
187 319 559
149 119 812
209 67 853
336 346 538
148 344 92
78 119 931
338 309 161
280 62 490
229 233 804
41 32 746
96 323 643
219 339 455
329 234 638
167 235 62
275 256 606
111 116 161
93 156 637
59 46 610
309 48 225
391 208 774
59 335 188
191 193 142
376 339 253
36 40 172
59 136 327
168 85 366
86 147 412
117 338 55
165 127 891
146 394 11
244 306 8
245 262 50
159 246 623
290 240 94
96 282 394
45 335 270
201 390 515
296 58 294
205 340 27
275 5 827
13 295 94
314 248 715
155 291 678
256 396 180
108 71 688
11 238 100
92 355 104
158 258 923
313 194 155
339 132 950
205 395 604
248 42 367
107 46 866
364 43 954
88 51 262
31 53 997
324 19 188
34 348 389
54 269 5
57 233 305
34 236 78
219 352 303
344 395 824
360 245 538
378 281 198
216 266 759
345 186 430
219 299 473
127 51 930
19 323 434
244 217 565
367 183 894
231 348 118
62 196 677
353 347 911
12 127 131
35 76 236
30 311 31
63 123 345
279 156 517
303 321 436
215 152 459
9 349 633
175 14 440
350 377 942
29 268 38
126 365 854
306 68 278
161 380 831
157 342 414
256 63 451
384 368 836
311 241 920
274 31 547
313 13 504
127 160 87
237 301 744
11 322 341
158 310 54
347 167 609
300 174 181
49 221 32
46 132 856
58 16 736
258 143 644
249 99 808
31 251 703
343 333 16
125 368 877
127 10 184
47 167 412
309 342 792
120 357 407
324 60 360
63 375 77
293 75 373
332 206 920
228 312 421
266 39 889
228 371 574
78 170 531
392 116 802
18 170 453
353 85 676
1 301 240
394 60 940
331 252 567
365 157 329
60 223 254
355 58 251
154 397 292
247 345 127
197 122 347
205 110 541
13 173 693
340 96 837
312 286 298
377 317 179
47 21 421
216 97 615
142 138 21
197 64 695
225 264 851
152 104 504
122 44 6
40 36 341
232 7 843
152 320 576
211 348 904
64 53 252
24 47 953
392 298 25
284 248 259
198 285 962
267 107 530
189 167 365
304 169 81
327 312 144
239 69 268
383 163 345
328 251 782
312 181 221
392 369 699
36 71 366
342 111 207
190 391 622
274 130 998
241 11 236
257 44 430
3 43 230
50 335 726
327 347 216
297 88 286
48 187 865
379 227 976
88 229 537
76 28 506
182 289 649
351 189 801
308 181 2
385 395 870
261 271 390
63 170 99
345 220 521
20 44 781
271 266 317
358 374 471
60 145 396
117 200 502
290 390 993
131 380 344
293 22 305
353 382 104
155 111 266
124 58 655
361 364 708
312 90 516
87 104 955
355 91 255
296 314 957
330 195 985
60 20 580
237 189 474
297 271 583
60 85 863
121 152 949
384 204 50
385 223 696
226 354 146
135 365 981
52 143 430
39 133 902
55 136 961
160 274 509
182 171 138
123 313 593
113 153 191
336 319 761
193 79 588
22 279 473
242 13 710
17 356 460
64 23 49
393 202 569
363 47 481
231 35 538
7 121 666
360 42 506
378 203 33
76 344 591
302 280 269
124 160 343
156 362 216
284 14 101
41 312 49
305 363 610
276 136 101
193 155 13
294 388 25
45 215 819
142 54 511
46 193 272
350 179 615
7 182 984
108 277 305
104 64 488
201 79 999
393 229 283
75 84 97
101 368 662
352 394 574
243 180 85
326 308 483
330 48 807
248 117 811
156 155 913
160 151 682
320 24 942
179 20 72
112 15 551
313 137 278
254 379 621
18 208 352
168 382 688
91 316 827
196 343 324
241 192 295
76 43 171
105 188 956
96 105 441
109 219 42
375 115 632
73 340 298
17 40 428
256 192 64
379 194 542
20 222 307
1 336 255
282 48 533
232 2 505
393 133 652
220 263 216
44 244 843
116 134 621
137 354 866
174 232 416
145 182 791
270 181 549
80 304 255
284 323 293
274 346 338
248 347 599
340 292 44
110 6 525
62 39 315
300 20 447
336 171 665
144 369 153
288 120 910
132 115 83
259 226 628
59 336 464
149 316 347
68 333 345
297 12 514
221 236 526
184 201 469
5 18 312
319 13 276
72 227 329
290 148 189
150 249 736
355 45 203
148 270 877
249 391 166
84 204 260
112 24 372
236 217 116
395 110 359
54 156 807
159 138 441
106 148 820
79 263 873
144 275 550
295 64 809
45 58 643
171 205 498
334 30 728
226 91 379
233 75 402
289 66 812
151 134 458
235 75 947
353 295 321
225 208 359
6 152 76
177 81 257
141 280 150
7 396 929
42 77 187
310 122 595
281 391 674
195 68 507
56 17 893
185 367 611
258 154 456
73 84 175
369 260 113
278 399 887
311 99 570
327 176 949
235 57 718
72 349 520
385 189 725
33 21 720
18 198 14
127 117 417
390 287 175
134 367 367
19 262 411
162 218 940
3 191 524
74 147 952
212 246 539
250 386 651
377 43 81
365 121 19
84 246 383
322 156 581
391 60 920
338 282 146
147 126 722
58 399 152
208 201 247
398 115 198
127 41 873
36 211 94
54 296 679
175 256 507
96 253 661
348 296 968
104 400 4
60 130 97
33 119 461
186 154 463
310 383 359
208 103 227
325 17 137
234 296 938
217 222 540
339 259 356
103 354 219
157 215 422
219 17 581
85 105 818
172 99 624
168 56 987
257 115 502
325 266 933
149 356 808
55 290 86
361 262 209
182 237 747
94 28 181
355 329 658
130 350 783
122 257 348
362 208 13
308 54 167
332 333 254
159 226 933
275 379 318
39 224 232
1 34 347
273 374 410
391 373 513
124 300 254
326 155 912
136 33 18
294 239 94
205 312 20
397 337 194
201 53 91
328 50 895
251 42 205
66 262 944
354 103 452
249 384 566
142 143 837
52 212 535
25 8 809
111 104 466
184 266 348
66 126 2
96 20 839
13 320 114
295 244 829
167 105 788
258 334 69
287 296 929
18 101 627
226 241 376
66 70 413
312 92 890
58 251 461
244 68 868
81 219 622
23 161 647
7 78 328
153 338 916
216 199 110
5 318 1000
345 75 557
338 192 33
385 254 70
129 74 201
144 253 449
300 324 372
46 55 179
279 385 258
20 29 725
184 327 404
324 171 252
121 325 813
14 279 476
281 228 368
218 383 729
231 300 997
78 146 639
171 233 109
57 63 174
368 295 571
21 145 315
119 264 165
322 35 395
246 161 765
159 209 93
341 350 613
99 185 775
272 161 770
234 59 578
281 184 178
73 393 632
303 296 292
226 291 667
2 316 257
311 125 772
39 110 29
354 125 964
352 392 879
326 2 917
11 64 549
301 76 125
293 362 757
354 189 831
77 148 144
84 182 154
21 23 862
114 8 290
215 103 212
217 384 988
394 292 198
58 292 478
56 95 703
297 21 852
37 307 945
159 231 994
174 336 549
138 39 240
286 322 578
120 303 453
59 315 770
379 163 450
141 52 530
254 235 122
119 387 764
188 103 870
384 336 223
331 23 985
263 174 526
117 237 937
58 189 80
296 0 800
337 152 752
382 23 571
27 268 810
76 46 220
275 365 1
340 370 716
162 266 483
368 270 842
271 342 596
37 274 994
204 139 198
360 253 400
45 293 147
124 120 578
86 66 756
54 276 823
43 23 409
296 92 758
352 275 376
170 96 251
398 104 110
175 36 840
273 391 804
387 78 68
42 298 397
242 286 342
210 351 488
120 362 291
398 379 500
387 140 866
96 344 485
26 105 908
355 3 242
181 329 681
312 186 3
393 357 166
162 121 158
68 232 303
8 118 514
153 291 144
347 31 656
380 7 5
51 112 478
369 44 425
107 101 956
247 314 809
49 265 918
363 273 507
28 325 515
147 267 331
136 192 623
374 347 597
374 229 593
385 246 651
19 283 55
294 235 129
246 220 361
321 80 457
70 168 38
303 257 28
137 214 518
201 362 154
326 390 116
0 314 13
389 294 382
109 325 619
25 86 365
116 234 76
301 376 572
399 336 290
170 400 808
370 359 38
97 261 932
225 39 656
323 47 522
127 105 681
15 7 360
50 346 72
223 389 432
21 190 381
378 227 884
93 65 652
205 327 317
190 174 275
314 241 739
31 200 494
343 315 692
333 362 668
231 256 205
96 55 36
182 66 513
41 114 79
329 153 69
262 52 125
293 156 194
65 0 407
30 174 427
166 26 799
74 184 757
1 296 163
396 77 749
283 201 576
399 388 126
124 83 22
336 75 14
326 58 243
358 72 521
101 52 438
374 42 436
295 6 235
79 112 446
338 277 976
87 299 74
367 223 265
67 1 736
81 115 380
166 251 925
138 264 514
256 175 430
214 108 395
164 321 765
64 132 674
290 359 791
32 399 181
174 354 730
375 7 663
284 198 544
179 224 808
366 12 306
347 173 224
144 204 871
207 343 330
70 53 385
267 108 193
304 355 621
193 168 227
229 152 588
105 187 103
229 91 87
270 28 942
22 242 886
288 107 236
320 161 340
184 127 91
392 262 922
61 186 35
250 337 241
7 309 334
147 297 360
56 367 550
63 312 744
210 373 475
262 155 984
86 355 815
328 9 505
113 268 786
263 212 665
331 204 761
396 151 258
208 225 671
36 28 915
108 361 750
239 133 455
312 399 37
52 324 220
15 177 483
75 382 627
51 205 450
145 236 634
184 79 63
299 162 915
357 202 108
165 93 305
369 172 507
213 333 135
134 49 7
107 371 296
50 211 42
303 4 233
126 267 688
243 271 583
85 214 372
132 315 494
73 171 366
219 22 173
59 62 49
289 271 822
171 250 799
174 54 601
264 46 809
83 51 883
167 156 728
154 13 65
357 136 981
120 301 258
363 95 243
177 310 486
120 290 897
112 349 952
43 115 131
190 226 106
132 310 935
171 346 631
269 61 458
328 43 742
192 3 886
230 177 185
304 377 900
229 307 425
12 398 952
259 198 904
198 219 845
337 263 672
245 290 893
175 351 166
134 12 238
68 146 284
66 5 430
262 357 172
32 252 766
75 31 706
75 313 293
1 371 983
375 386 24
229 374 640
305 396 245
286 373 683
220 211 812
122 75 968
168 133 3
251 232 777
114 23 662
259 46 690
80 394 297
317 164 504
249 341 893
224 300 447
152 254 970
98 108 898
168 90 681
330 327 16
124 348 894
115 72 19
350 359 987
18 148 994
191 212 99
52 90 592
383 269 312
317 223 267
11 271 522
211 208 220
77 34 913
26 240 74
65 53 449
369 22 164
352 277 485
297 10 321
350 213 816
311 117 634
111 27 899
217 42 715
233 277 739
238 95 308
250 370 654
23 314 711
192 277 380
292 245 333
149 263 217
285 331 925
61 211 811
241 281 737
19 149 381
286 232 353
115 159 479
345 320 567
164 218 431
228 329 737
194 113 635
293 366 961
119 396 952
175 342 371
162 175 993
7 225 327
31 376 716
343 351 838
351 165 595
75 44 220
260 396 198
69 363 717
243 244 629
220 103 189
24 216 915
147 312 634
64 221 540
244 63 540
339 114 281
315 204 208
274 361 262
115 209 61
241 243 960
127 319 717
352 2 510
3 40 241
373 198 851
196 110 729
51 292 960
226 362 550
152 87 344
285 286 132
122 307 502
211 34 553
65 43 857
93 286 926
3 160 808
365 158 397
26 144 278
96 77 956
345 140 904
3 5 495
179 18 972
47 59 366
115 114 821
370 290 409
228 245 437
347 195 49
282 21 235
74 339 311
170 215 875
122 79 216
337 281 996
195 55 765
53 332 605
68 216 787
51 131 241
176 351 664
381 165 248
19 288 467
248 298 847
379 335 890
86 50 387
50 220 473
291 173 169
231 9 910
400 273 865
152 335 613
115 226 499
18 362 890
57 157 953
215 50 526
80 397 67
363 367 501
276 293 999
371 75 9
79 55 844
300 66 891
83 11 195
290 139 672
320 103 674
400 121 863
322 218 15
63 46 153
71 308 31
339 305 213
63 76 230
193 393 96
15 327 967
303 89 665
205 325 577
233 354 160
42 291 698
165 109 536
313 319 777
77 286 546
365 352 18
93 117 435
365 74 746
400 331 867
288 111 632
22 70 369
184 110 702
380 154 675
276 183 595
56 300 662
97 16 129
32 60 313
95 104 57
169 89 337
398 364 821
121 312 176
189 327 8
170 150 323
376 59 901
386 353 303
171 125 830
224 280 100
349 392 169
277 85 391
38 11 700
365 137 758
231 375 340
8 137 337
17 28 743
92 82 781
224 75 699
31 285 507
306 125 324
312 66 158
72 306 651
241 379 937
384 114 520
61 87 609
149 94 373
224 261 784
12 293 489
306 310 622
98 279 967
331 386 883
359 180 35
275 36 631
174 286 677
104 161 957
366 158 750
22 369 678
246 198 697
1 38 317
151 42 960
40 151 117
88 367 121
233 192 42
164 400 541
330 35 847
188 388 880
301 237 952
9 244 225
225 281 824
98 238 808
248 270 680
284 2 334
151 32 69
309 117 915
31 210 645
348 276 544
184 232 256
122 60 322
111 80 412
14 157 47
348 282 870
76 31 856
292 126 623
48 50 522
280 55 968
300 372 389
46 186 383
95 348 833
373 26 790
204 113 890
109 369 333
305 202 964
262 133 891
118 304 469
390 23 917
359 153 961
308 128 555
155 352 866
321 127 991
166 25 57
43 339 723
399 367 964
108 188 786
217 390 512
100 149 838
263 357 298
263 310 98
348 72 850
154 157 12
119 238 495
349 289 149
123 260 892
254 179 491
23 236 0
90 139 51
56 339 939
342 170 128
131 117 343
33 367 49
135 171 517
103 386 795
107 268 678
390 19 708
103 188 921
71 316 22
157 302 658
367 392 65
172 386 705
155 111 374
146 145 953
306 190 872
287 104 408
174 397 986
236 181 732
55 6 814
347 263 370
380 269 350
103 361 555
289 111 125
219 239 191
174 257 1
186 269 139
138 192 424
156 276 903
270 246 868
18 342 782
221 27 414
362 223 572
176 304 287
222 320 617
209 188 140
242 40 622
364 395 106
64 238 49
216 314 960
57 90 416
237 51 963
367 318 341
123 379 150
387 49 251
327 262 608
8 42 359
151 132 613
34 54 731
240 290 736
372 138 167
15 121 518
207 196 730
344 72 500
323 309 53
311 331 237
290 20 318
281 80 556
219 187 672
22 98 927
145 384 33
156 292 105
273 218 24
357 390 339
44 167 363
37 133 712
64 60 875
255 320 875
172 276 547
289 197 634
328 226 873
325 365 386
88 60 700
116 129 315
358 142 291
4 290 418
17 54 729
265 311 838
168 256 28
14 369 748
22 264 164
188 291 646
364 312 300
195 6 827
243 365 943
326 166 24
166 395 126
44 251 115
36 192 659
334 93 230
168 204 704
235 83 882
41 227 828
23 179 537
133 301 89
54 248 185
109 390 165
231 147 779
394 274 860
154 172 202
331 311 304
313 0 754
377 38 316
92 87 791
218 272 922
165 63 578
116 250 116
288 61 794
366 227 108
114 22 352
257 366 609
24 110 382
160 168 720
247 385 993
25 291 489
325 284 468
7 282 453
135 48 89
4 243 769
300 100 873
381 240 170
30 102 271
172 51 126
208 178 123
275 69 648
342 80 802
299 273 561
129 44 136
61 287 498
168 204 768
400 298 872
400 143 949
166 115 798
394 226 574
56 316 101
370 119 971
48 136 903
345 380 304
345 351 213
259 31 315
385 63 697
162 318 907
201 71 701
181 75 996
139 245 4
49 311 794
162 388 787
125 198 855
294 365 333
322 93 457
263 269 770
195 354 297
384 41 441
278 24 766
281 400 89
364 391 193
305 110 30
17 154 552
48 272 416
400 213 814
102 372 539
235 102 318
145 216 314
345 329 67
391 238 662
94 7 249
387 124 852
102 271 342
92 114 312
129 41 183
28 95 825
96 318 256
242 340 206
241 158 55
168 224 751
254 358 763
127 353 412
316 38 973
104 201 910
139 152 532
44 104 493
10 240 879
322 221 980
272 266 620
172 280 162
219 231 703
22 273 713
235 64 868
271 338 120
314 347 509
76 144 309
390 144 504
31 45 987
215 67 933
52 167 66
216 71 920
331 356 428
220 18 947
301 259 418
22 280 478
274 333 255
126 288 644
9 90 376
292 387 285
93 13 320
201 364 300
93 66 459
367 329 231
291 189 279
212 206 901
245 37 978
118 124 586
10 126 257
103 38 63
46 75 48
40 5 345
359 44 121
31 373 482
29 364 903
167 129 128
323 179 50
302 170 89
318 131 861
355 152 941
366 20 870
242 290 142
79 144 612
219 26 509
200 332 420
352 344 892
201 328 965
349 212 225
280 287 608
53 30 233
326 29 134
58 385 903
38 390 597
148 308 104
326 45 217
31 312 112
14 239 841
132 236 113
238 122 574
70 387 983
196 145 761
159 88 540
4 384 696
395 239 32
230 89 356
4 165 776
316 135 945
128 264 818
138 315 843
17 113 628
327 102 364
37 159 282
11 356 512
127 175 622
333 64 819
325 277 97
395 360 775
168 320 177
243 331 441
278 160 350
278 260 673
127 154 781
161 271 788
159 99 631
325 118 384
113 35 695
0 266 470
154 179 241
82 88 408
48 125 95
150 27 912
323 0 732
65 277 696
17 2 98
351 92 489
75 209 87
206 313 766
397 163 29
351 61 92
121 171 231
32 310 507
391 95 59
367 86 79
118 136 539
263 20 449
261 153 154
352 352 555
183 146 752
141 353 793
242 31 300
45 128 996
9 259 314
68 291 528
91 89 793
253 298 134
247 83 957
134 100 525
271 385 453
221 26 555
298 88 571
125 353 833
365 74 884
83 170 539
388 364 31
376 185 884
4 135 45
391 81 298
321 388 610
308 302 164
344 360 712
51 211 807
181 74 221
161 203 454
193 330 971
271 187 371
301 194 63
257 380 806
301 194 4
373 5 972
237 44 603
370 312 40
115 50 339
346 207 735
10 272 952
298 22 310
190 83 910
140 121 832
393 313 57
95 55 474
213 22 852
371 34 517
354 141 479
169 295 148
166 263 294
268 129 589
15 227 918
5 206 398
117 276 440
343 20 89
211 35 237
249 233 566
111 102 415
266 312 678
54 101 266
244 322 407
235 348 783
284 326 496
347 111 594
116 95 485
251 287 290
212 119 215
273 58 788
224 331 316
195 54 903
43 70 208
134 42 13
70 183 958
393 100 5
331 213 513
276 357 408
280 176 219
24 92 296
202 180 859
385 255 859
31 309 380
253 293 764
347 388 415
146 248 399
58 12 106
326 69 652
62 334 562
325 27 210
372 297 392
205 128 980
229 238 616
180 270 868
244 235 402
6 292 240
40 335 928
28 218 34
341 122 352
111 26 562
168 233 810
321 282 742
160 82 319
112 123 471
318 322 373
156 140 595
251 130 410
153 54 908
187 238 305
217 1 557
111 160 158
114 390 473
157 227 749
89 268 474
21 163 865
102 381 834
343 59 389
164 112 101
367 338 387
347 184 844
214 279 984
166 164 206
386 227 392
10 353 548
288 32 156
21 184 373
113 152 753
128 228 354
170 168 164
26 84 562
242 65 756
392 390 829
97 59 173
338 271 592
287 219 218
239 50 562
312 92 261
298 191 625
289 260 497
105 214 584
380 29 636
116 315 490
152 84 414
102 61 352
386 271 949
134 304 31
130 253 511
201 250 455
246 174 232
252 370 977
331 363 697
157 166 952
295 375 198
127 359 231
163 104 858
333 275 933
139 114 662
124 237 51
41 244 169
184 280 611
339 61 603
14 278 946
64 328 268
47 272 538
164 145 997
3 10 292
14 66 981
386 36 740
359 349 533
284 97 132
38 104 493
368 203 912
267 142 265
61 90 768
151 171 580
399 39 859
319 267 419
66 248 309
235 194 799
216 390 319
168 88 392
37 154 825
266 387 53
318 383 827
393 397 347
280 338 918
27 171 222
223 199 792
60 184 205
61 183 856
191 141 513
202 248 61
190 298 687
131 314 607
388 371 216
351 16 122
101 16 114
103 38 315
24 5 132
387 135 481
13 95 208
170 196 856
291 148 610
93 212 475
136 323 855
47 221 271
378 226 299
4 353 257
303 175 915
287 245 190
43 190 409
338 262 497
286 4 191
12 393 818
96 155 456
210 235 407
161 350 190
187 183 173
345 320 504
260 237 221
313 12 766
187 15 591
354 192 768
302 349 101
152 274 890
24 129 235
319 255 980
371 321 848
37 385 972
140 313 219
294 214 806
296 7 336
165 104 356
101 45 778
303 307 921
233 29 195
288 378 388
263 120 73
1 338 671
143 216 415
148 237 648
82 245 451
219 22 579
142 199 701
379 52 379
204 314 794
152 211 228
400 336 463
65 57 290
69 343 274
25 162 452
140 263 650
185 185 289
369 253 239
7 102 919
50 20 392
206 222 84
69 10 887
10 302 269
30 301 988
63 43 23
146 263 27
119 119 28
318 334 607
189 46 420
56 19 169
17 135 602
368 95 637
201 303 212
165 101 137
154 352 482
13 274 605
312 158 938
343 361 986
297 238 100
267 163 23
249 93 136
109 198 475
166 266 894
238 132 568
52 175 776
27 342 224
160 389 664
231 120 960
68 344 13
341 61 546
207 205 148
173 91 392
2 308 656
393 156 601
81 152 589
201 88 374
382 155 40
20 156 383
151 21 729
9 333 895
336 68 970
396 29 458
208 80 578
319 173 789
378 17 150
104 11 163
144 51 19
154 304 490
289 350 641
37 285 611
327 182 663
157 76 164
299 365 376
192 130 654
6 106 149
170 124 51
147 242 452
257 281 635
3 3 838
188 69 733
97 324 782
157 28 423
333 164 750
69 283 934
203 123 467
185 175 272
337 360 306
90 72 656
198 105 335
322 152 859
49 19 501
346 103 554
130 59 363
315 272 505
366 9 562
310 56 154
130 184 100
346 340 337
337 329 938
379 130 238
28 301 338
98 291 201
205 324 511
195 53 614
89 64 96
19 47 641
284 18 114
369 9 560
302 370 460
310 51 736
167 343 66
353 66 827
24 315 754
49 386 974
219 210 932
7 165 946
309 222 333
283 366 229
386 96 440
71 122 800
353 332 64
106 332 56
295 353 119
258 340 193
23 174 483
264 325 182
31 364 969
107 154 687
9 273 767
354 335 909
352 81 137
276 283 121
172 246 88
218 390 463
330 156 550
170 37 742
172 158 437
64 39 82
130 9 515
193 270 884
152 295 365
300 368 181
333 123 535
384 189 676
313 189 273
201 307 976
383 49 734
95 28 602
263 213 802
105 238 56
224 364 880
82 94 521
196 248 379
103 385 978
193 249 770
306 320 977
184 262 756
345 296 516
315 169 485
102 380 189
199 331 885
275 319 940
73 142 570
20 388 355
240 90 262
342 57 854
370 93 76
336 106 430
178 276 849
9 258 568
254 8 887
258 10 276
196 112 347
174 338 889
334 191 652
120 282 217
342 360 677
116 199 257
102 154 530
128 315 655
127 265 652
203 398 466
326 235 629
50 288 451
67 379 400
138 205 736
104 208 880
314 21 587
320 259 775
89 59 651
152 43 534
120 330 683
26 132 565
94 43 759
289 93 289
40 372 933
191 269 390
4 297 775
316 319 443
267 172 234
177 360 546
241 240 362
37 80 460
104 175 119
253 122 182
289 391 765
325 39 28
70 51 728
146 379 935
78 57 244
57 206 424
23 151 384
229 148 122
25 141 36
170 244 862
114 232 488
112 227 183
53 194 580
299 264 776
300 78 874
252 19 924
123 45 693
82 392 63
394 85 12
341 55 187
344 35 874
272 322 857
293 326 788
85 128 500
61 174 523
389 330 107
105 328 438
83 48 200
115 242 377
18 378 653
181 259 467
274 141 975
204 46 489
156 196 719
109 108 482
354 63 564
20 318 847
289 70 880
230 102 735
89 240 82
10 120 978
66 233 874
79 169 650
342 184 754
347 235 367
43 251 308
359 98 290
398 319 400
301 302 330
319 174 929
213 115 883
19 319 555
111 395 628
114 178 722
326 78 721
166 342 952
37 145 575
303 285 983
124 23 555
185 145 451
125 346 129
183 189 872
339 60 590
33 59 905
109 89 963
368 19 430
389 78 916
83 95 823
7 335 547
231 199 508
104 373 279
277 134 966
282 215 546
192 26 431
232 318 176
297 388 181
155 291 181
70 177 307
300 207 22
41 179 101
47 232 581
98 318 550
87 172 418
98 130 833
392 143 75
135 243 443
327 365 537
153 215 191
242 174 185
54 303 958
321 222 948
169 258 660
53 78 137
257 61 126
149 259 217
46 141 389
80 252 614
204 39 838
52 386 661
44 321 188
93 141 320
395 113 845
216 43 702
299 227 517
107 315 971
8 279 281
157 59 711
164 223 745
304 325 263
154 287 2
157 182 862
243 16 143
290 211 534
262 129 852
55 344 616
43 335 534
64 329 850
277 378 163
361 164 17
327 384 359
328 91 480
156 111 489
363 244 741
235 303 942
247 140 642
126 193 453
155 383 708
328 124 450
248 98 533
166 148 912
18 247 468
387 245 909
365 53 609
215 222 607
269 102 774
170 134 534
148 291 901
268 139 946
60 265 609
105 129 584
25 206 81
257 389 932
258 224 119
398 212 178
348 366 111
151 307 303
140 166 547
97 217 245
333 399 675
37 109 845
131 30 790
149 54 571
244 290 850
245 216 765
151 143 140
42 200 685
383 377 898
337 20 602
347 324 227
126 356 529
398 294 673
309 133 911
262 88 168
2 139 593
253 109 532
384 287 754
56 58 55
153 104 646
398 306 262
17 210 869
152 306 902
151 35 374
120 110 952
311 114 268
259 378 640
32 217 459
89 81 980
188 176 387
73 130 175
210 380 422
368 81 42
108 297 957
88 354 897
302 90 318
288 297 726
312 104 309
334 212 344
210 177 132
128 353 343
288 282 583
50 146 18
30 201 646
143 200 545
384 271 120
254 306 54
272 302 365
77 208 732
78 257 321
266 338 192
339 147 577
259 259 418
384 232 969
326 299 267
224 34 640
276 79 476
49 51 888
332 105 394
188 40 297
128 153 326
216 44 47
116 139 847
130 274 257
76 87 186
284 29 212
4 43 717
310 169 585
120 14 886
29 87 614
166 121 811
180 269 758
367 194 838
212 6 896
174 91 557
364 1 124
125 359 225
370 51 338
278 149 740
289 7 150
309 200 567
32 131 944
34 355 547
400 92 180
26 305 80
130 125 618
185 216 731
125 158 131
238 376 922
389 342 391
206 26 703
252 130 582
289 96 210
115 192 282
350 136 219
184 105 220
366 363 318
14 2 606
71 380 457
347 88 196
9 353 479
255 101 271
156 131 999
341 319 38
368 197 907
37 209 271
196 378 680
188 43 700
380 247 57
18 166 942
366 186 785
64 261 520
290 230 598
251 126 345
309 91 148
328 92 891
39 176 211
373 279 130
380 245 982
327 177 444
34 236 997
126 400 693
70 155 552
326 304 234
376 370 447
179 178 536
93 231 937
38 89 641
317 56 971
318 386 778
148 133 200
75 142 861
232 336 919
176 292 2
302 331 907
377 110 110
194 118 755
318 358 709
391 85 742
8 303 901
147 328 995
216 288 959
237 227 854
331 279 53
155 344 540
121 301 620
64 310 172
315 356 516
65 53 208
374 199 2
92 176 539
139 214 392
88 284 138
382 255 379
235 200 471
315 325 173
208 129 366
5 382 151
100 19 125
83 241 28
114 175 667
166 224 963
78 75 301
261 352 703
375 365 806
337 198 193
381 181 590
257 194 717
356 353 425
125 394 918
375 89 503
115 188 455
202 179 445
221 346 348
372 214 883
343 253 56
208 45 752
136 10 373
372 187 685
27 208 837
168 289 869
296 56 513
227 132 184
393 106 862
80 4 796
20 97 60
99 154 61
294 290 316
30 220 236
180 227 684
343 234 63
124 329 439
190 294 109
125 397 507
158 276 583
49 125 744
330 336 893
304 171 401
121 82 319
303 8 272
155 175 189
6 126 75
159 197 886
350 390 63
196 241 291
382 4 245
69 158 571
346 53 412
336 64 600
124 224 450
200 157 444
333 165 365
380 142 290
284 170 514
31 395 156
183 67 177
203 40 941
102 361 587
221 266 419
168 199 170
212 124 755
111 143 91
183 85 680
18 359 717
233 102 371
155 84 657
259 214 458
167 267 939
375 53 156
104 223 981
127 342 617
105 343 784
225 116 608
280 347 77
2 56 853
243 86 229
307 64 677
351 396 522
218 335 967
212 89 812
110 330 130
376 356 500
106 81 298
228 359 472
357 54 60
140 191 587
295 134 551
204 80 956
235 105 794
93 213 701
115 240 366
323 59 764
137 251 943
124 343 136
193 156 685
396 146 65
164 176 700
100 240 726
75 157 697
65 22 797
398 354 139
350 20 384
139 94 53
137 316 133
291 19 689
68 0 442
343 292 521
125 30 399
113 91 706
388 88 781
199 216 880
61 75 754
331 261 227
177 205 959
217 330 169
12 49 63
95 366 753
11 95 532
341 376 519
240 321 381
231 20 571
352 214 593
166 356 562
227 349 337
52 75 655
355 280 730
338 314 536
71 55 493
335 83 115
108 150 903
125 377 519
25 35 358
205 96 103
323 197 842
165 59 570
25 326 452
54 183 890
187 224 599
237 130 84
70 371 549
271 148 923
22 157 271
39 392 48
343 264 381
84 242 273
400 271 1
143 71 398
276 378 376
331 324 658
352 83 76
64 365 977
135 250 952
89 112 688
256 28 311
15 211 999
243 141 528
158 364 115
315 348 561
395 221 213
172 33 897
289 150 664
386 332 327
323 237 264
170 205 150
104 68 187
87 156 815
262 76 375
248 205 154
249 393 101
385 319 413
235 57 32
276 290 687
69 75 262
121 254 595
46 63 439
362 326 136
48 14 534
167 13 598
238 389 653
386 168 71
288 211 487
312 178 459
311 4 182
393 101 511
36 379 339
259 316 304
112 0 737
305 211 208
229 23 158
19 307 821
175 258 104
214 264 7
122 388 210
3 249 900
375 74 898
64 398 981
280 116 202
104 262 922
318 142 116
289 110 123
70 213 275
281 352 680
327 325 368
8 187 336
382 340 779
111 14 115
395 240 136
300 168 548
377 232 563
5 3 986
33 369 111
73 287 695
14 370 256
338 337 971
107 120 614
165 11 174
55 171 832
95 11 639
163 226 91
373 177 172
139 143 212
18 387 848
195 259 908
206 142 599
354 40 553
135 43 488
224 268 328
18 302 605
291 192 544
30 46 245
57 31 636
198 235 485
196 332 43
34 197 2
242 27 687
97 310 813
98 248 224
186 177 268
126 158 951
332 102 852
90 240 386
58 83 704
124 388 708
50 178 694
395 317 972
215 337 623
20 136 940
125 377 678
83 352 145
383 395 834
244 68 492
158 14 305
158 31 183
121 103 449
137 327 630
244 86 27
214 188 817
37 135 929
57 67 839
57 365 155
366 260 911
34 300 804
84 361 535
297 13 430
40 286 221
369 263 453
156 158 637
180 147 901
8 16 569
237 218 699
137 162 688
387 247 177
132 98 224
292 141 960
216 190 198
234 61 332
167 259 300
349 176 582
370 349 845
219 151 711
46 194 612
306 181 774
89 263 143
277 178 192
116 262 389
66 52 573
255 139 427
24 214 869
134 73 9
100 307 808
363 262 907
233 44 231
244 168 430
164 316 715
270 150 48
130 383 519
58 31 744
317 82 184
214 331 688
22 348 674
278 76 290
184 86 199
99 134 5
222 151 223
53 171 933
213 244 904
37 140 164
273 63 328
208 294 279
161 110 532
372 290 576
22 224 546
23 16 330
139 49 549
84 13 302
200 158 458
399 152 435
93 97 415
353 238 282
332 167 449
318 214 215
110 238 331
268 81 198
23 198 917
309 233 821
371 176 941
386 249 243
157 237 231
262 78 423
169 292 743
396 124 727
22 96 507
42 36 741
355 344 87
117 128 309
332 286 544
92 15 335
264 196 111
86 396 208
60 50 808
306 200 199
160 195 760
200 62 807
6 311 997
175 249 240
2 59 704
99 373 592
39 40 672
373 53 122
294 244 882
347 126 68
46 122 551
272 231 911
146 318 485
97 159 545
116 369 616
206 143 962
75 221 349
165 60 403
213 62 441
48 31 471
3 48 251
64 207 771
12 50 25
25 148 697
62 201 482
43 146 635
125 236 764
206 20 767
222 320 922
338 182 484
362 305 139
67 81 6
342 75 193
190 119 628
203 333 33
232 338 62
298 119 764
61 206 5
58 187 461
306 27 973
275 231 958
392 162 28
235 323 689
31 276 474
54 11 289
330 30 735
28 347 217
100 116 96
164 242 79
204 227 425
119 355 626
235 25 319
168 196 250
365 169 585
342 300 161
94 303 409
119 293 733
170 10 502
349 389 360
350 185 747
201 6 667
209 237 840
377 225 73
326 29 60
272 125 189
266 312 970
277 267 949
204 158 997
278 305 281
146 179 796
205 32 4
10 169 62
159 70 353
135 45 114
243 124 74
151 68 412
310 2 819
328 132 5
126 81 23
165 336 105
384 371 573
18 141 164
145 351 111
340 73 417
352 348 174
100 198 266
176 283 931
27 348 89
322 275 1
216 38 774
13 116 26
279 47 527
363 26 451
27 20 865
14 146 648
376 157 478
236 341 622
198 340 190
270 209 820
249 370 40
282 235 148
155 96 60
12 161 143
277 274 966
293 398 22
256 154 301
203 279 691
373 289 101
393 354 948
379 34 348
41 187 235
234 251 479
207 146 922
106 397 324
397 96 602
172 184 338
275 236 344
334 233 620
76 248 728
364 271 734
187 73 322
83 45 616
205 302 221
124 389 139
159 244 494
319 332 944
252 336 454
257 126 130
23 279 592
88 307 23
154 271 804
118 268 580
96 72 376
61 370 598
115 64 966
57 388 128
293 325 244
367 255 892
317 388 936
70 161 434
225 151 348
139 27 201
33 188 617
263 10 880
95 388 994
188 236 368
1 114 330
5 382 160
270 145 629
90 210 414
235 137 900
83 112 914
149 90 738
155 337 279
35 173 247
291 183 820
212 149 488
340 95 918
214 247 887
49 148 62
288 203 291
225 344 554
12 63 520
249 14 857
73 365 424
89 310 492
7 136 917
152 231 651
232 328 316
117 209 8
104 164 789
256 374 293
350 31 273
125 301 37
356 252 327
25 95 301
245 62 727
3 376 316
362 156 811
396 215 759
130 59 840
295 53 37
346 330 311
262 233 426
67 380 292
19 43 705
183 187 559
221 34 151
121 250 402
51 265 831
184 378 684
275 19 95
400 150 949
217 270 696
24 73 553
311 49 856
375 156 83
15 378 802
15 34 824
86 352 818
375 338 377
250 114 719
207 64 16
11 80 845
138 206 905
149 79 432
206 265 468
54 9 83
255 353 566
234 51 445
300 103 123
2 61 599
21 293 429
189 400 984
192 234 289
115 24 754
83 328 4
394 106 301
206 367 117
308 275 692
10 349 247
316 380 303
161 299 910
63 38 451
281 91 594
183 389 870
146 344 514
321 211 265
362 57 655
219 156 868
347 236 867
377 333 432
24 395 906
375 4 428
125 229 450
69 171 426
238 40 901
240 363 481
272 238 187
223 209 987
58 313 778
270 138 547
51 139 54
255 28 155
114 75 408
253 76 224
13 387 931
353 102 217
243 71 715
382 380 655
338 284 867
344 383 555
292 151 391
208 163 416
294 379 370
215 120 449
246 147 25
281 57 551
302 137 13
126 320 363
358 108 472
309 85 72
177 55 436
178 186 848
289 309 224
329 146 872
360 135 582
348 64 804
85 13 630
63 320 996
226 188 277
93 255 935
319 234 993
211 99 15
96 156 779
160 309 796
67 130 68
159 65 304
327 237 364
248 244 920
321 340 972
49 358 909
251 176 367
294 282 568
31 234 896
67 233 108
73 212 145
277 167 547
184 360 863
290 216 987
175 17 690
313 99 22
361 267 565
137 115 814
142 284 726
260 336 200
244 16 29
229 296 829
215 247 38
116 266 919
178 2 929
29 117 454
40 177 279
361 383 757
343 301 257
384 66 124
311 142 123
0 7 243
258 135 875
302 242 445
316 386 796
63 175 813
101 344 274
309 106 317
320 108 737
297 274 333
13 323 549
347 59 828
400 198 352
370 266 824
138 11 717
194 89 858
219 199 230
148 69 201
167 259 587
182 269 456
392 356 72
61 179 244
101 64 806
6 14 460
347 279 476
197 1 541
131 177 245
317 200 727
188 108 801
191 85 394
297 199 728
50 161 470
178 183 803
93 172 811
361 345 845
391 193 443
349 85 910
208 109 42
0 381 389
188 315 593
163 249 74
177 41 361
361 1 164
273 28 676
251 81 961
81 60 75
51 211 918
198 351 637
334 76 707
33 251 6
391 100 230
35 384 150
210 398 415
380 88 846
342 269 737
211 314 802
95 3 711
174 240 339
102 94 348
237 162 332
283 67 815
206 378 767
343 74 92
320 308 156
108 58 210
239 183 375
129 318 208
193 116 199
9 170 176
176 309 963
160 265 760
72 195 66
292 19 391
125 232 221
244 234 1000
388 80 501
120 270 702
261 334 286
82 108 759
379 25 383
32 394 555
288 75 603
373 230 237
17 344 311
120 285 748
376 3 13
108 113 352
227 335 412
331 68 750
88 335 442
64 3 930
167 319 888
197 325 655
397 58 948
216 102 107
307 393 125
71 141 560
141 366 640
279 12 238
310 321 262
96 238 343
194 187 430
153 35 576
370 147 132
322 165 62
61 83 972
7 303 10
259 183 671
207 381 921
391 261 943
265 290 446
197 59 901
105 358 283
227 253 592
299 164 59
253 7 426
192 373 566
368 16 246
244 46 634
105 175 81
342 88 60
34 299 267
311 82 695
186 123 41
273 113 660
172 252 703
298 369 382
0 191 638
337 220 647
106 164 702
94 363 175
193 87 302
78 37 994
222 265 271
179 272 479
52 167 191
93 80 944
136 332 107
220 231 483
158 137 281
43 325 653
382 314 140
383 348 857
134 51 427
390 104 227
294 80 677
249 112 622
126 315 365
111 74 1000
238 94 752
342 14 337
72 59 395
398 268 631
282 250 132
224 147 363
44 369 772
151 72 725
185 143 713
344 399 104
274 63 773
381 136 869
92 5 153
245 292 337
85 256 705
195 389 918
264 159 52
391 303 94
247 279 253
186 143 663
118 280 122
86 125 199
261 317 273
346 173 240
123 340 209
61 126 494
73 274 982
97 226 975
171 366 643
219 343 715
330 202 856
285 5 119
271 205 231
332 310 65
323 215 970
156 300 391
306 333 8
232 317 483
334 25 735
189 160 163
203 209 750
244 37 653
105 375 746
134 127 525
110 251 788
275 152 877
351 386 825
158 25 183
312 22 412
370 328 250
82 150 385
137 325 446
122 300 140
296 31 698
236 158 705
337 112 104
390 373 576
65 372 101
224 149 272
148 357 404
176 232 15
293 363 99
312 257 706
117 153 109
299 102 463
48 100 306
318 244 249
62 301 675
274 78 559
194 292 357
54 18 293
214 350 261
274 22 97
57 298 586
329 264 819
314 59 699
194 171 574
305 146 85
2 222 204
186 144 166
289 78 344
62 74 694
370 304 417
54 209 945
237 337 197
186 42 658
5 126 481
197 98 995
315 107 97
238 390 342
298 379 627
254 88 620
238 14 123
28 328 424
368 83 458
63 231 225
228 313 233
229 199 550
300 182 249
56 337 445
342 116 468
296 170 590
156 85 362
378 317 316
7 106 514
295 267 274
399 249 166
62 72 855
32 172 995
261 94 709
378 251 498
352 276 357
81 186 138
269 183 184
390 17 711
360 122 794
187 292 591
178 120 576
302 167 883
280 342 124
96 122 424
142 157 519
152 368 708
153 297 710
299 212 482
398 160 19
191 323 664
158 252 918
114 231 235
99 280 713
293 208 550
363 257 841
15 130 772
318 246 775
304 366 166
172 99 195
65 223 89
334 107 31
359 23 854
374 352 348
328 379 560
358 237 875
134 119 691
205 16 292
319 284 157
16 190 901
247 267 691
313 236 741
317 375 11
137 17 930
202 285 29
316 138 392
384 246 830
8 264 719
109 210 306
26 137 976
365 312 460
158 70 649
150 398 639
60 379 136
75 60 537
90 317 505
258 226 772
397 246 621
392 46 253
395 156 319
187 218 849
87 246 98
298 345 618
240 310 753
363 356 982
316 135 547
172 364 881
42 59 828
14 291 683
52 360 112
374 66 722
368 31 497
152 369 951
259 190 439
375 35 861
99 51 986
383 377 571
66 364 117
362 377 321
286 317 415
188 107 973
314 187 869
12 109 650
315 335 211
217 132 354
164 113 417
131 277 508
53 46 69
119 0 522
375 88 90
78 49 947
82 321 339
393 212 396
25 344 668
60 158 155
244 69 711
47 291 406
281 117 705
282 0 8
306 212 69
394 128 235
355 145 802
290 318 262
153 71 897
302 166 395
146 96 502
391 101 345
264 154 768
127 281 416
132 233 869
29 175 213
103 274 893
219 89 709
101 293 361
208 400 771
245 157 747
230 339 920
372 209 564
248 214 832
338 387 65
208 264 172
383 158 193
36 396 976
47 317 503
71 2 362
251 108 3
113 133 55
203 267 816
116 296 736
133 319 352
76 51 625
375 235 902
74 270 344
313 0 61
47 218 805
186 247 674
290 199 427
272 118 278
163 322 918
375 92 147
59 342 28
298 386 243
82 382 616
384 95 891
197 1 741
175 273 108
278 271 178
250 21 818
389 79 695
398 368 94
358 301 493
86 345 990
369 104 748
181 143 417
98 42 202
289 147 529
26 100 204
188 339 949
164 281 379
186 301 702
382 224 62
176 58 115
384 332 29
89 151 684
269 317 273
345 173 756
24 288 169
112 279 869
125 241 186
35 91 766
357 82 615
39 136 533
169 361 804
183 259 78
127 103 121
93 141 885
13 33 966
2 176 862
198 185 20
31 15 596
201 293 228
62 310 321
6 49 985
12 2 740
40 117 7
113 268 420
273 174 905
73 72 902
311 331 603
173 107 394
41 214 366
135 300 535
10 11 728
304 214 163
14 165 675
28 64 311
186 140 292
200 44 76
99 114 980
205 287 523
173 281 574
348 385 122
192 146 518
219 341 687
398 305 86
26 37 291
85 130 931
10 74 617
195 155 281
48 263 298
251 12 371
149 11 483
149 14 669
8 187 700
227 60 989
301 119 94
313 45 2
52 40 133
102 197 504
125 42 400
351 108 694
177 381 260
190 178 931
181 126 355
108 331 385
355 163 220
50 186 687
157 75 52
392 91 84
219 399 451
131 313 544
119 121 382
296 49 926
19 200 346
281 169 220
126 82 86
259 186 344
375 110 325
285 345 282
297 257 339
44 33 903
130 163 762
218 373 139
148 266 364
325 398 399
305 198 386
265 214 292
111 23 469
172 233 34
362 366 196
272 272 81
159 383 992
386 248 174
69 254 964
399 98 362
378 22 410
316 240 470
341 63 843
4 203 739
143 29 138
234 121 168
185 134 683
228 264 59
398 294 799
239 251 479
377 205 451
286 183 954
63 337 310
259 377 290
146 282 105
299 200 231
190 356 465
391 247 970
90 292 189
319 31 280
285 167 252
108 387 580
111 386 406
31 132 341
322 54 85
300 29 27
171 198 797
262 317 49
372 216 384
94 249 882
8 380 482
350 266 962
193 132 166
138 303 610
230 202 132
104 397 779
17 177 84
123 270 238
285 245 77
36 274 393
69 255 912
223 296 377
233 31 158
238 59 340
344 140 948
369 356 690
277 20 948
375 398 753
22 66 998
375 123 983
173 325 704
45 261 285
276 47 918
176 243 316
362 337 668
196 233 894
3 124 920
75 176 863
271 333 981
9 29 12
195 113 278
373 318 976
122 252 676
211 267 754
373 353 677
124 128 94
79 99 322
5 67 212
291 201 340
38 163 87
380 198 519
108 110 909
264 104 865
199 125 351
49 313 869
134 263 183
257 212 214
91 28 219
314 381 521
204 58 687
143 337 522
112 341 10
310 248 905
171 384 384
101 333 307
136 382 655
186 157 795
272 388 464
271 340 572
45 179 369
178 367 964
302 257 956
198 208 80
275 188 424
260 239 128
266 289 505
302 220 24
139 312 224
28 201 897
307 2 547
239 77 911
239 27 316
292 232 979
171 149 172
100 323 970
158 303 383
369 50 455
50 309 504
15 165 452
223 173 451
195 312 511
378 56 989
5 154 480
275 39 547
375 51 787
164 307 703
6 86 122
398 346 109
398 251 752
43 312 126
265 61 228
43 147 740
92 333 179
17 386 22
76 319 129
370 85 531
130 349 139
289 121 401
215 275 266
397 99 537
272 181 771
163 296 327
86 85 151
22 202 434
325 251 306
193 347 103
147 158 899
398 279 214
366 150 677
23 29 858
123 198 184
152 380 649
2 122 319
87 381 902
167 123 86
269 122 275
180 98 395
255 73 309
269 184 257
202 61 935
162 111 630
131 15 923
179 103 716
207 292 332
332 271 844
341 324 132
101 44 539
327 361 609
225 379 689
319 0 52
56 313 673
118 299 280
310 33 721
165 156 253
153 147 443
159 33 849
262 122 694
130 271 775
339 166 981
330 369 123
133 328 481
98 115 688
199 91 876
42 171 154
167 139 682
217 316 338
351 163 945
303 148 281
70 121 216
11 358 151
163 74 210
397 177 624
368 287 831
301 378 852
387 236 93
379 97 393
208 295 648
156 334 32
163 160 254
347 240 148
153 88 205
374 33 204
86 208 482
317 102 339
64 109 524
9 129 506
232 359 644
185 278 291
128 355 683
302 312 158
167 39 784
286 168 253
89 347 450
284 130 479
275 232 542
42 365 988
56 318 310
29 109 448
358 313 561
140 115 535
275 330 634
22 114 45
201 369 279
293 186 666
287 21 882
302 277 594
216 247 29
97 142 187
178 161 472
140 59 280
368 326 205
365 295 146
313 343 284
77 125 18
297 150 7
397 276 206
284 59 623
93 48 725
275 67 582
97 101 101
3 295 106
98 314 618
12 212 265
5 240 930
342 32 689
103 392 191
69 107 221
143 280 205
199 171 107
337 2 404
352 227 53
358 93 325
31 10 332
362 392 522
138 343 407
0 2 720
49 288 314
323 352 922
45 47 895
215 189 652
281 317 710
351 150 573
140 344 675
373 120 978
298 380 881
131 145 260
147 119 371
337 211 115
207 329 391
156 69 517
107 38 383
78 161 45
197 125 562
168 226 386
132 166 855
312 79 850
293 90 189
165 257 562
364 24 804
256 127 585
30 124 152
300 247 661
57 223 586
77 111 895
169 21 310
240 223 474
375 265 454
171 309 583
164 301 764
66 83 554
172 149 970
186 146 472
89 26 178
63 57 849
154 336 189
389 28 570
346 149 177
239 245 469
28 36 589
260 306 524
43 297 282
59 351 217
185 367 831
175 119 832
117 387 395
342 177 977
238 397 319
395 340 352
129 344 109
92 147 700
279 28 71
204 58 318
360 287 719
20 59 815
284 364 668
186 209 523
315 322 975
342 0 83
8 17 177
17 186 511
161 398 20
51 0 69
124 136 551
184 383 570
284 367 38
378 362 456
331 253 969
254 332 995
314 383 501
133 108 430
50 115 320
322 28 47
129 21 295
343 66 156
172 49 865
94 400 273
389 107 126
104 216 327
341 183 179
17 144 36
136 190 536
256 304 783
313 59 691
117 244 752
177 17 249
368 394 51
276 324 351
212 231 727
312 356 762
81 376 324
295 191 86
291 398 842
111 114 689
175 378 902
171 234 486
28 290 998
176 295 77
59 111 530
178 236 3
312 115 618
113 287 594
137 39 328
392 316 305
376 127 136
359 97 930
334 101 150
130 222 752
138 104 984
66 133 318
338 385 882
400 63 67
356 81 365
139 297 52
307 82 852
182 292 186
246 147 664
165 388 710
107 268 860
47 219 66
298 30 750
160 333 593
143 279 749
83 188 756
107 3 460
8 194 919
142 255 376
148 134 872
47 227 531
341 24 127
274 392 978
212 87 883
290 5 202
173 345 742
60 216 490
243 37 660
153 20 465
239 396 6
31 158 253
235 23 706
164 32 939
345 233 830
400 352 598
109 244 344
117 359 367
116 225 157
361 384 253
28 301 102
48 168 837
125 76 502
373 222 492
314 135 574
280 49 409
122 168 73
25 228 948
382 383 266
299 160 984
243 225 377
323 268 665
296 80 548
302 228 70
300 282 171
182 316 277
149 378 478
56 340 800
54 61 952
155 91 146
5 270 756
101 76 41
341 83 798
190 305 235
1 274 366
172 179 577
340 156 288
55 45 985
95 153 32
306 120 260
357 170 636
298 54 100
59 106 707
89 281 829
376 107 697
207 159 994
244 86 772
342 337 584
284 41 614
221 335 680
125 51 982
100 112 663
185 43 927
330 389 240
285 316 676
44 305 854
377 241 413
186 287 935
100 89 353
76 48 512
155 314 316
247 169 533
276 374 803
392 370 524
375 332 320
224 349 382
222 98 981
208 68 426
141 120 104
112 10 546
286 320 275
249 85 744
353 161 881
326 368 595
99 127 868
394 62 833
372 224 239
133 150 232
22 148 220
390 3 2
351 170 580
192 274 229
365 192 382
99 83 285
35 76 243
73 359 704
170 282 261
179 52 507
176 74 514
80 94 936
123 119 469
120 27 196
195 209 900
73 15 579
72 298 220
173 135 864
259 296 174
194 360 56
24 73 784
133 6 634
372 292 668
7 284 6
18 192 196
323 134 24
61 294 754
204 11 586
36 354 228
237 304 412
315 175 998
100 92 340
310 335 326
4 263 438
135 335 136
56 103 272
352 364 900
6 276 65
80 112 565
51 276 89
345 387 819
18 344 154
65 344 223
227 329 71
294 227 980
312 20 159
48 190 289
97 358 516
263 103 244
2 85 968
205 327 638
107 193 545
226 349 917
71 45 382
273 27 293
4 363 988
395 135 637
293 245 125
177 397 789
258 304 454
109 186 68
349 273 309
280 341 755
298 312 706
19 123 727
229 341 409
138 50 278
78 157 200
145 370 225
270 378 238
156 86 374
219 131 42
51 143 285
26 122 914
115 29 707
186 320 14
161 246 971
108 236 307
117 229 227
91 367 281
144 122 813
56 357 493
378 339 50
232 41 348
139 336 123
349 261 558
282 172 525
342 41 98
385 140 441
21 369 256
105 351 150
239 384 695
206 148 320
70 236 416
268 201 620
34 264 513
263 204 253
329 286 887
43 147 982
288 123 609
8 296 545
305 366 401
117 134 36
190 374 119
378 33 16
20 366 890
24 184 13
146 34 290
30 25 496
156 315 925
38 130 258
264 390 152
350 310 378
56 203 768
25 42 868
101 192 947
326 84 531
27 163 375
100 380 618
289 108 286
201 240 2
388 338 856
229 310 404
99 232 753
133 272 743
166 341 810
392 22 649
147 232 755
157 225 529
393 183 331
358 208 258
168 351 802
75 60 818
250 101 778
381 159 187
348 132 771
260 258 537
249 365 659
174 55 407
214 363 23
338 163 499
132 307 719
279 281 356
16 400 395
27 99 794
342 192 964
118 261 835
328 184 507
108 275 13
323 282 533
28 231 432
140 277 907
251 344 94
311 136 49
194 259 969
164 85 212
9 310 370
379 17 643
265 243 514
337 320 3
382 198 670
302 88 138
199 329 41
352 149 280
152 391 713
77 256 883
246 174 195
35 226 535
208 142 875
367 169 536
216 9 755
136 334 151
342 227 99
34 129 746
36 78 107
307 48 568
189 116 218
164 261 318
80 373 292
73 87 227
162 144 46
308 342 504
250 95 334
190 343 740
32 85 681
227 386 632
262 133 577
255 125 588
46 396 500
131 32 65
262 151 125
131 131 820
342 366 716
59 373 371
143 323 846
30 202 866
142 210 919
360 309 590
161 100 101
160 255 734
98 375 17
319 262 455
325 179 654
174 73 350
373 93 658
381 259 945
397 336 955
76 361 13
59 230 28
67 395 822
11 106 60
3 1 816
300 99 117
88 53 440
132 377 734
127 222 523
376 52 761
55 242 587
72 344 684
55 202 581
236 323 821
83 46 17
213 217 461
149 13 892
33 79 533
99 186 658
27 170 481
44 195 419
291 60 41
38 338 629
266 217 715
391 337 954
144 348 47
99 211 235
297 108 512
151 354 334
10 243 150
389 266 586
267 36 988
31 125 975
114 297 936
229 197 657
213 347 431
134 332 446
247 69 496
283 250 85
129 198 196
35 235 624
283 103 439
375 294 472
266 46 40
142 153 896
278 214 209
332 167 652
289 107 630
40 224 44
399 2 671
341 377 228
99 112 881
301 352 270
398 309 678
230 251 96
344 295 644
290 262 817
174 151 590
291 53 909
362 87 468
278 369 668
362 323 195
126 252 724
285 179 559
353 325 61
260 188 627
249 44 203
259 24 497
203 113 201
30 103 180
170 352 478
209 123 755
151 235 962
308 6 867
262 339 106
180 266 503
210 351 60
144 194 38
66 331 494
305 198 924
328 374 590
379 91 47
390 352 860
350 267 951
346 199 996
200 171 867
78 283 531
220 249 284
0 211 748
115 69 134
213 236 387
182 113 209
296 183 179
340 79 464
117 96 515
302 33 400
312 313 405
392 327 195
236 169 587
378 129 816
114 340 885
109 90 79
250 85 819
297 77 679
250 368 704
7 369 728
352 257 651
274 296 330
27 88 159
248 266 505
254 143 354
246 126 693
319 272 202
111 328 752
70 75 24
106 348 891
41 341 292
345 19 911
109 112 640
117 161 647
102 125 884
292 399 568
32 345 540
323 53 854
265 145 119
339 209 692
42 271 343
194 266 437
364 80 171
280 113 340
256 87 754
324 286 736
356 114 696
113 297 452
105 22 950
66 95 587
182 321 253
301 339 709
79 378 435
2 300 826
122 141 417
359 40 906
184 329 236
388 297 74
199 385 939
202 326 73
12 183 460
121 147 180
92 0 941
127 134 940
261 199 206
114 306 383
260 270 213
309 390 203
243 332 135
176 139 200
244 348 632
254 233 987
133 216 651
214 334 935
185 289 211
43 388 539
303 350 804
262 272 251
338 139 338
236 59 814
29 3 916
227 165 846
52 186 660
299 259 498
359 395 646
311 325 609
85 138 546
60 56 690
298 355 933
30 331 742
289 204 385
336 76 365
179 164 944
319 317 647
377 273 854
57 23 492
3 37 50
388 352 541
24 65 297
116 303 984
303 285 1000
307 34 165
273 188 283
238 395 702
289 273 624
67 61 424
261 363 525
322 338 675
398 42 253
191 398 624
87 391 58
66 227 541
48 98 617
191 13 652
17 109 213
82 97 853
74 291 477
264 124 633
171 133 792
24 37 613
228 96 294
398 280 636
14 326 161
378 25 202
53 335 521
90 16 745
231 233 196
82 121 374
226 283 329
11 150 27
123 20 138
284 354 938
137 224 105
117 260 414
182 330 712
58 124 212
189 73 112
204 182 658
390 207 854
109 203 295
4 329 549
244 152 851
233 32 667
263 115 385
129 352 919
355 38 442
58 124 636
215 95 792
329 1 814
198 64 511
299 161 909
210 334 331
290 138 141
120 104 216
274 54 192
199 163 326
203 157 988
330 92 885
16 35 714
140 274 99
337 207 877
64 324 642
11 375 395
322 220 340
31 130 181
364 33 111
278 74 455
207 208 19
32 94 682
98 226 988
83 398 977
28 141 388
228 350 636
251 352 527
375 131 134
356 6 12
393 316 154
131 83 73
39 269 240
181 125 616
149 82 368
334 400 615
399 201 259
340 378 979
298 152 706
292 121 823
4 254 960
388 64 150
303 329 603
25 53 713
250 183 666
155 105 552
115 75 116
255 352 530
375 333 928
261 66 281
331 384 504
130 91 954
390 112 408
177 68 943
86 324 895
275 331 147
309 154 400
69 218 706
99 256 1000
164 362 95
387 59 916
135 8 546
201 371 192
91 201 228
366 351 603
72 63 517
324 235 652
12 283 277
267 44 397
65 208 6
359 326 778
26 374 172
21 128 560
272 51 869
248 277 294
7 279 610
66 250 183
136 185 550
155 108 271
107 68 815
154 335 975
176 79 893
173 218 571
127 289 201
287 128 999
305 145 688
50 393 543
43 1 749
55 134 972
341 154 244
88 131 14
333 394 469
356 279 679
25 198 920
366 59 585
239 225 658
84 16 53
156 80 315
250 234 882
145 265 691
350 34 781
111 392 243
130 382 299
158 62 563
295 255 904
47 335 375
366 53 576
196 122 92
310 355 755
44 101 818
127 312 918
91 339 301
263 33 272
1 11 776
4 63 613
209 254 642
324 132 825
252 320 683
243 384 761
287 188 907
179 235 549
134 76 372
395 69 228
220 79 511
258 7 851
360 17 73
263 306 500
48 84 419
305 180 429
84 399 751
250 325 299
375 250 151
189 370 520
163 328 470
42 319 438
47 287 232
228 366 572
246 161 443
326 189 72
241 322 636
171 1 156
294 7 336
59 375 512
59 245 235
103 392 980
62 236 321
279 382 953
143 8 241
33 397 903
272 120 865
206 111 394
341 110 613
209 376 123
4 354 87
344 183 974
91 298 980
398 93 196
262 107 132
314 355 459
28 195 751
148 188 771
166 122 31
367 169 48
339 214 387
52 304 104
120 137 843
247 287 762
26 114 960
365 118 736
282 121 275
156 236 711
359 318 820
323 163 614
251 43 268
232 350 593
2 202 478
334 94 400
288 172 284
42 171 49
112 248 910
73 151 260
174 141 416
154 378 853
229 251 984
108 224 652
125 43 296
146 107 594
56 123 425
187 214 361
96 78 740
83 79 210
184 341 345
288 286 707
198 99 627
170 137 746
59 172 693
124 204 523
364 295 45
302 80 878
269 207 911
340 38 59
48 175 101
293 297 630
393 232 131
237 244 985
40 75 718
13 313 953
324 165 938
124 211 63
6 154 531
179 130 194
63 223 398
59 152 510
54 277 494
178 13 83
258 221 949
170 112 731
1 212 622
64 272 760
103 347 533
63 371 125
6 253 602
235 38 701
352 121 239
353 385 253
155 321 808
294 146 256
88 129 324
231 310 544
134 288 412
227 152 852
123 245 277
378 214 842
379 81 87
284 176 659
136 166 328
384 208 683
385 249 995
80 100 553
207 236 947
140 235 841
194 104 139
351 232 697
154 108 786
340 315 361
394 375 54
186 108 44
38 267 589
199 133 44
148 244 923
303 97 88
278 373 413
141 188 773
9 243 423
176 265 406
56 293 111
20 179 182
109 310 582
325 165 365
151 203 531
171 399 210
173 301 819
262 216 134
310 275 794
33 220 7
0 293 757
310 236 298
7 31 889
396 42 213
232 10 562
249 319 706
229 248 583
101 14 585
87 373 639
40 297 426
300 155 777
386 0 219
334 316 426
119 381 727
386 392 989
15 129 561
80 338 108
19 100 138
271 168 483
343 274 230
171 246 467
247 203 1
242 249 617
374 130 263
7 378 20
135 1 240
308 229 27
30 281 187
201 361 69
192 83 875
175 16 971
366 100 287
284 308 958
66 287 774
336 5 775
251 291 406
222 117 613
324 66 848
285 348 860
354 220 848
67 298 213
273 22 284
73 31 500
0 225 121
179 123 467
123 232 840
283 255 373
198 0 391
224 6 824
128 108 967
67 210 900
4 228 790
120 400 410
17 341 495
258 257 433
108 37 5
11 119 406
344 214 945
248 310 610
59 75 867
121 46 594
71 324 692
124 266 967
273 289 453
310 344 444
15 363 67
337 174 150
162 123 852
176 83 787
1 222 66
323 223 3
4 147 680
191 226 738
371 161 634
339 319 709
380 55 55
92 327 567
264 56 566
329 235 471
17 340 882
89 347 380
296 126 676
154 355 404
122 33 701
263 12 526
147 168 130
169 74 208
247 318 143
305 232 875
286 200 136
193 221 618
16 330 15
268 249 314
214 224 991
353 215 52
271 165 887
189 210 249
330 287 101
36 371 820
269 207 434
154 191 564
394 350 905
274 187 747
77 282 11
5 74 988
195 48 809
390 17 442
118 246 176
233 296 139
291 397 46
173 43 331
90 219 35
7 369 873
230 124 925
170 390 346
39 58 873
388 335 779
148 378 468
351 398 24
14 103 484
153 136 777
379 76 959
90 54 243
190 284 127
186 59 522
27 183 975
57 161 137
56 363 553
19 319 899
20 148 25
161 110 107
400 368 125
96 155 48
29 282 169
51 225 410
87 86 634
120 83 893
329 383 78
144 203 774
260 166 961
72 85 389
210 211 207
10 375 277
100 330 895
26 44 190
317 173 663
271 301 1
167 174 486
318 47 628
62 141 239
255 343 531
242 387 79
7 57 110
41 46 909
375 389 320
387 200 206
145 83 20
99 43 886
236 337 587
232 159 377
343 396 177
60 100 312
342 234 1
47 272 919
388 280 698
204 160 641
125 380 219
178 167 439
2 206 141
171 34 911
334 173 693
241 49 515
57 150 234
182 224 153
288 233 359
353 103 406
222 365 889
197 213 713
76 306 864
268 129 653
256 103 812
255 222 666
79 197 798
77 56 386
380 274 319
39 194 907
149 19 8
16 51 973
59 357 501
238 385 495
311 188 762
236 201 308
19 12 144
21 370 359
297 185 872
315 202 998
234 226 281
309 27 875
235 207 700
236 117 232
285 238 171
93 385 998
74 380 167
339 391 684
157 345 475
75 256 39
201 96 462
41 161 394
215 4 528
37 257 289
387 304 709
331 298 352
390 381 874
338 200 21
284 210 962
110 28 700
56 213 782
138 10 552
100 368 79
390 356 612
51 113 220
267 41 378
347 127 704
238 394 704
213 306 502
395 373 762
295 195 408
154 32 506
358 232 911
143 308 296
242 337 280
42 157 249
305 305 296
107 165 701
370 273 693
206 243 915
14 302 543
214 89 262
117 109 932
89 285 769
199 275 732
157 164 811
377 14 986
238 151 222
364 385 202
197 295 897
367 364 688
28 154 239
348 381 902
385 104 619
250 390 146
256 8 679
87 159 619
236 379 810
235 57 353
112 190 506
69 160 184
376 335 263
173 112 884
347 180 602
33 346 251
11 16 35
322 119 234
90 76 702
386 281 251
347 303 435
212 278 746
322 192 698
56 115 503
189 267 960
267 30 711
143 273 997
320 278 658
320 345 997
305 279 70
237 375 732
341 85 144
60 115 374
150 13 281
137 95 618
262 237 742
345 121 96
234 267 880
380 73 840
98 91 1000
336 367 19
227 16 203
195 184 477
361 234 379
196 332 757
137 117 218
235 105 102
317 89 795
242 108 413
319 238 909
81 201 790
21 156 114
23 223 940
31 202 766
228 106 305
200 91 68
351 389 171
370 83 865
292 12 780
152 242 786
310 292 55
290 79 1000
113 316 750
215 256 557
191 31 662
125 48 759
54 328 243
178 6 780
13 103 681
137 206 157
212 244 192
79 382 875
383 287 82
298 6 130
272 382 998
29 216 160
29 127 608
207 392 293
219 88 126
5 210 793
223 209 737
134 332 838
236 55 958
363 283 587
88 90 343
169 262 462
248 376 986
52 276 53
115 74 521
73 390 633
129 140 243
365 43 526
115 378 99
390 32 204
264 202 72
127 189 44
129 68 204
49 191 748
175 323 334
67 23 136
148 245 715
79 127 824
216 309 263
153 151 303
131 50 766
366 391 185
336 255 766
279 246 585
118 133 293
308 48 258
271 95 965
149 144 40
139 335 77
346 81 416
306 36 212
11 390 67
209 71 18
104 249 107
283 102 311
28 188 742
210 14 25
242 195 751
41 1 178
162 236 475
120 290 121
248 238 236
123 200 953
280 221 878
101 8 996
380 291 120
135 360 691
149 186 456
318 297 414
90 354 533
340 323 74
128 336 50
36 207 618
201 181 811
90 32 847
325 272 915
374 23 596
89 227 635
74 283 817
35 391 335
378 6 133
187 284 187
111 49 300
167 191 647
51 325 867
93 201 71
259 144 897
51 105 982
348 317 25
68 214 26
131 201 925
75 356 386
363 395 801
274 208 584
328 14 625
156 351 45
377 316 865
143 328 361
181 222 783
121 324 717
52 220 485
276 159 355
271 28 311
285 25 672
219 286 242
389 148 327
221 146 619
29 400 210
362 190 76
377 53 45
105 55 910
195 134 814
8 381 199
260 185 668
217 128 176
397 214 505
160 375 859
280 65 160
352 77 999
91 308 840
152 14 833
126 287 716
371 329 743
47 131 585
248 62 505
321 116 975
349 394 96
220 238 802
89 398 201
181 377 293
11 102 869
326 26 646
200 361 91
324 94 77
282 149 833
108 75 196
329 387 586
151 255 132
144 345 792
72 70 931
373 229 277
269 134 760
43 14 717
391 203 382
134 267 378
335 81 484
57 208 512
344 39 608
138 170 790
253 1 358
3 235 227
126 197 637
107 110 202
263 348 614
194 274 127
219 125 522
176 235 169
180 376 418
363 23 786
310 47 119
154 247 721
2 332 558
157 90 965
109 338 514
278 269 432
22 12 568
130 128 148
379 307 125
18 93 205
125 389 631
291 298 510
99 233 971
124 226 791
399 71 778
177 136 240
101 19 327
238 126 817
393 22 954
377 148 506
361 357 710
87 87 208
106 361 412
162 139 235
1 236 908
35 11 914
162 104 737
92 299 742
12 296 402
53 208 6
51 320 665
114 386 37
98 338 794
359 237 925
146 307 118
27 113 840
16 265 878
85 286 25
16 287 41
198 127 507
338 253 319
144 230 634
382 43 138
59 93 967
311 18 452
144 39 847
9 167 183
223 183 176
117 116 964
140 377 426
143 307 945
111 239 947
116 213 762
23 144 538
84 352 167
310 297 607
52 38 33
40 380 198
278 45 651
48 388 646
20 80 127
306 129 301
395 23 529
397 189 596
370 316 873
229 21 327
247 212 35
309 206 558
352 134 393
101 377 516
391 259 259
176 159 671
385 255 191
164 161 743
54 104 996
346 102 579
151 29 379
226 65 206
163 381 437
62 74 522
13 95 665
291 275 28
216 157 956
376 24 799
227 180 216
331 102 338
161 99 908
273 182 935
221 187 11
339 389 497
307 15 958
63 111 935
397 38 419
179 85 939
75 172 696
159 22 218
232 257 377
91 53 172
295 48 456
197 318 366
118 354 820
262 264 157
229 211 750
137 97 568
352 206 368
97 339 146
268 378 583
130 159 42
268 219 600
95 125 804
315 227 781
400 398 210
372 332 150
70 375 588
259 375 524
77 390 470
141 187 587
400 154 348
163 136 324
150 135 612
224 282 396
80 154 275
334 320 721
141 70 13
257 279 610
65 263 815
59 189 730
188 131 191
227 239 131
74 207 248
200 348 120
334 221 758
61 147 701
312 315 400
137 171 422
368 131 895
246 338 274
366 260 65
164 365 126
232 311 365
400 38 488
185 234 298
315 128 751
26 204 385
251 271 233
70 294 993
220 87 695
31 198 458
241 103 404
276 338 340
12 112 586
233 301 705
291 249 133
345 204 268
322 158 908
90 280 168
279 21 365
380 269 917
151 378 787
223 246 232
136 83 241
188 236 216
331 393 158
291 256 959
372 190 207
378 382 361
390 237 772
158 223 685
21 87 468
7 293 13
318 274 966
248 172 94
126 365 660
111 244 991
297 63 60
28 146 369
67 316 239
243 106 993
202 235 655
253 242 364
239 311 456
147 356 936
51 275 186
384 335 259
324 114 223
227 100 738
336 361 733
39 367 397
254 107 940
0 62 524
358 167 197
56 125 593
128 269 216
277 246 11
228 188 456
250 96 979
134 58 179
123 164 979
59 209 927
45 161 317
151 261 846
71 312 557
34 111 117
54 127 59
284 50 30
32 386 187
133 199 804
96 282 848
184 249 167
31 174 107
45 0 506
121 138 497
355 230 98
351 120 266
239 6 833
188 257 511
104 79 956
119 322 785
28 58 799
74 246 717
52 17 899
235 329 51
149 52 946
13 116 244
156 249 330
75 162 616
400 208 868
205 310 661
307 270 119
136 338 361
73 209 748
206 127 370
200 6 653
188 66 935
170 62 234
343 102 485
248 189 538
33 141 286
209 44 53
166 215 712
158 34 495
154 68 820
323 379 540
393 204 771
53 138 189
68 152 60
319 316 433
220 285 968
104 81 970
227 127 393
141 55 690
52 303 934
242 200 633
172 90 119
279 94 760
4 13 535
375 213 957
97 234 242
216 179 784
254 207 578
391 317 760
20 200 149
390 20 982
14 114 737
313 388 896
16 152 304
385 112 340
298 123 76
102 290 645
146 66 218
341 363 772
19 271 152
231 350 515
10 124 813
226 207 144
373 199 893
360 241 953
240 178 247
252 280 582
260 356 506
328 140 689
273 106 791
63 279 560
175 216 926
305 22 142
55 392 418
365 314 466
264 143 901
124 368 632
157 197 238
91 237 193
198 102 906
244 105 168
183 83 356
319 317 955
288 395 73
162 343 277
247 157 969
195 301 204
40 148 681
38 94 242
4 218 827
84 154 142
19 63 811
264 339 582
265 346 222
104 400 484
272 51 95
65 134 839
4 361 593
380 313 572
3 143 200
240 375 703
51 157 723
87 231 807
342 300 88
37 283 259
177 74 375
300 273 334
198 296 193
367 235 226
353 392 198
145 357 394
350 176 274
311 98 1000
277 301 605
72 110 582
252 360 356
284 246 758
95 147 712
323 192 105
136 204 279
249 328 358
265 287 405
161 86 57
385 74 739
113 332 528
281 234 306
52 18 879
316 398 283
221 359 827
168 63 150
314 38 284
298 153 162
123 83 461
234 341 341
138 61 271
336 274 916
359 289 325
255 44 447
128 124 949
147 132 638
52 170 407
109 33 151
304 241 307
127 335 591
24 61 772
316 26 36
217 108 618
96 303 478
121 387 376
99 278 261
56 363 12
274 294 208
286 334 493
354 148 453
199 249 504
179 266 902
242 184 542
266 243 236
46 388 883
383 2 712
183 119 73
215 43 357
91 187 893
120 312 106
286 346 258
2 292 492
120 229 570
307 200 513
161 158 774
303 306 204
374 108 832
312 18 283
342 385 184
137 369 531
201 280 787
362 397 874
360 255 341
153 112 939
195 164 868
65 204 10
377 248 137
51 129 556
288 2 27
378 329 256
261 170 380
369 258 968
106 398 212
46 276 590
38 87 324
111 20 452
355 110 33
140 224 956
246 157 304
321 303 289
97 213 932
68 123 411
154 287 134
261 386 169
265 174 582
84 312 14
299 189 304
348 156 548
58 353 355
263 80 993
103 100 908
249 183 327
141 293 202
190 349 313
7 106 198
342 311 762
70 218 829
395 394 172
66 136 697
344 258 714
387 354 400
106 10 215
279 332 980
349 219 414
132 291 174
361 334 465
384 284 157
271 348 412
25 157 189
290 369 280
36 87 401
156 177 745
41 167 440
217 318 362
9 5 718
295 13 114
222 128 47
128 274 803
352 35 62
77 205 947
61 230 245
43 108 577
21 386 56
377 26 171
305 267 164
72 309 345
109 18 562
255 1 630
87 101 384
169 41 578
2 226 842
358 108 689
295 95 731
224 84 392
135 87 269
179 227 760
160 98 359
169 13 959
101 157 561
155 339 620
374 375 155
142 93 213
246 60 329
283 144 535
39 38 88
62 19 433
56 222 126
4 287 389
349 391 732
63 127 441
96 321 34
353 53 178
99 159 714
298 181 403
141 229 270
54 319 954
323 15 665
225 257 846
316 92 87
78 27 78
358 123 780
170 256 46
35 7 252
188 240 126
394 102 388
166 298 229
227 253 888
52 321 497
337 355 933
222 301 727
47 0 969
208 133 658
281 167 634
4 177 697
209 18 538
366 378 137
171 98 275
344 163 521
175 360 378
236 115 326
347 266 723
87 3 820
155 188 592
250 325 532
58 192 316
179 322 755
335 18 524
322 233 157
308 53 343
301 385 969
289 173 285
320 100 976
201 155 671
376 278 711
246 107 813
224 379 767
163 373 379
327 235 6
219 16 215
128 254 213
141 341 949
200 140 261
276 373 2
261 110 500
337 185 21
400 316 994
268 117 952
32 156 986
193 24 350
377 237 551
265 275 772
64 5 315
287 136 758
33 231 643
179 167 71
73 188 308
217 48 78
271 268 16
160 274 378
182 324 306
192 380 665
261 149 976
90 248 138
212 36 212
37 134 135
92 352 549
73 138 507
153 3 800
291 234 104
358 218 859
195 332 711
132 108 370
19 50 296
218 320 367
393 6 2
180 263 360
244 240 16
295 27 907
13 366 394
358 57 177
362 341 467
89 1 639
270 30 609
21 74 477
229 349 559
348 122 104
323 148 779
88 150 232
310 182 111
352 186 28
58 389 211
22 280 755
114 9 204
46 172 119
56 180 96
345 20 225
346 282 595
212 311 782
97 244 386
306 318 832
28 385 157
316 343 463
153 91 47
114 288 532
329 262 57
284 208 616
238 229 101
274 341 114
272 361 396
193 168 155
168 166 688
71 12 470
350 361 104
146 79 738
208 146 695
182 207 749
24 231 409
273 39 891
121 372 87
339 90 975
291 398 46
16 323 45
147 55 109
327 373 412
136 331 168
257 30 384
359 220 272
339 184 141
374 4 650
347 278 540
202 43 748
103 95 901
237 80 641
54 46 668
122 150 864
60 258 464
269 320 116
341 110 137
382 354 127
224 191 484
243 380 276
27 87 425
135 26 642
345 166 666
95 158 754
320 141 111
107 321 571
280 266 262
27 96 487
233 135 204
325 63 924
48 251 966
204 33 568
149 57 761
114 76 613
274 223 1000
236 213 255
376 137 521
22 375 169
229 19 407
11 275 429
154 292 405
85 208 546
215 36 835
124 309 996
47 361 271
112 163 956
364 123 52
11 244 847
94 124 435
314 283 428
63 22 728
292 267 946
261 85 644
336 228 103
224 275 113
108 80 299
178 207 321
87 343 418
311 64 92
248 53 566
221 397 205
14 312 576
82 273 920
131 312 713
191 9 667
197 218 756
207 107 146
113 101 323
265 76 860
214 286 402
267 95 321
36 284 575
282 65 318
192 16 462
322 285 288
320 366 333
387 126 993
26 135 189
253 106 75
46 291 483
292 306 928
191 305 898
201 13 943
126 52 327
290 175 114
268 1 961
13 358 90
98 227 772
298 12 20
280 234 573
128 102 302
167 268 584
131 164 724
350 241 331
236 37 9
102 279 687
244 54 908
379 134 701
346 337 748
35 271 262
154 332 239
59 193 744
138 51 368
380 2 578
55 126 37
296 244 268
189 156 323
385 266 221
346 98 288
361 129 856
370 69 927
360 382 890
317 277 641
96 345 20
212 71 475
345 90 36
208 118 757
141 39 804
125 131 815
45 65 926
41 299 967
193 396 820
182 290 246
35 325 95
170 270 544
170 47 800
381 350 121
61 242 685
345 136 104
73 57 235
57 208 561
150 369 742
168 99 536
30 260 722
17 11 348
345 223 985
151 105 537
105 47 123
255 73 351
6 56 395
381 138 300
30 78 967
384 396 324
347 349 114
60 270 281
46 250 78
334 75 926
359 355 636
361 16 76
207 11 916
104 94 292
304 168 460
11 191 368
155 174 975
266 9 863
71 342 23
394 337 879
221 272 394
202 57 736
196 354 82
159 360 175
4 179 429
220 48 664
98 4 452
323 96 792
166 58 715
328 43 164
306 124 690
367 184 852
387 365 275
313 236 506
312 364 81
140 107 692
299 173 567
335 236 358
54 223 82
140 177 378
27 394 33
277 46 207
4 183 693
175 108 452
117 41 668
121 201 295
232 222 47
225 305 621
8 202 373
215 204 829
226 140 514
349 4 605
136 108 899
7 220 830
190 82 478
79 313 854
57 133 491
78 198 182
192 24 882
134 187 910
302 299 96
365 198 308
351 374 338
107 216 327
262 246 0
180 347 614
338 224 133
380 361 106
130 328 332
400 256 123
190 187 224
383 28 383
288 104 812
383 391 370
240 312 350
21 159 838
339 32 78
227 167 536
103 8 906
177 393 1000
208 100 584
85 386 492
335 256 291
295 225 998
343 300 588
80 387 6
246 51 538
289 270 324
212 288 812
388 1 439
325 74 373
297 351 342
28 285 253
291 233 286
24 38 900
260 243 444
215 352 239
157 120 222
288 215 189
358 125 825
117 165 182
375 386 147
79 199 592
224 381 711
161 346 689
154 293 761
243 228 700
198 89 9
374 90 845
116 279 552
166 31 142
329 325 691
163 124 648
321 152 967
370 346 361
350 346 476
166 99 679
68 364 444
255 328 671
331 136 563
106 284 606
298 336 797
198 374 633
10 311 795
80 73 159
390 329 206
172 366 154
122 250 84
211 258 970
231 232 772
376 84 169
249 386 883
133 48 477
367 95 819
302 2 781
285 213 11
39 161 302
338 120 745
99 399 104
213 168 961
28 291 697
345 284 997
72 200 589
134 131 791
102 200 276
239 184 266
16 22 916
356 276 696
73 172 912
244 190 437
105 73 822
55 32 151
68 319 327
66 274 80
319 0 211
137 242 580
160 321 407
47 344 354
128 359 986
241 170 995
305 111 858
40 82 57
109 152 896
8 358 448
383 178 600
199 24 691
121 77 551
71 339 653
162 173 362
213 227 616
83 50 903
320 356 377
155 350 361
256 274 28
159 352 30
292 237 427
365 194 456
48 100 171
300 336 318
29 83 246
245 44 828
193 115 529
68 44 432
399 267 487
98 248 994
391 352 67
360 190 421
49 315 293
153 31 929
349 315 620
27 153 160
241 364 326
45 292 665
288 205 374
74 369 538
307 224 526
297 338 426
107 31 729
150 164 381
278 78 129
262 132 357
135 105 770
311 288 402
72 390 420
89 291 484
388 342 968
356 308 389
10 310 523
378 360 314
260 205 950
272 36 307
16 26 848
348 293 437
11 368 629
166 223 182
38 271 886
108 273 722
217 242 351
113 258 292
166 18 831
292 353 798
114 157 35
368 182 940
192 178 827
153 357 705
347 7 858
116 234 208
132 229 843
261 218 788
78 365 772
124 236 87
363 395 332
187 26 988
364 255 965
53 169 167
204 188 38
145 86 482
258 248 253
182 208 503
122 260 696
326 224 300
215 113 400
321 366 642
209 195 305
354 271 141
368 185 635
232 121 796
305 172 621
50 306 716
69 116 794
279 2 322
368 397 709
208 149 739
85 353 584
327 125 42
71 385 421
174 293 877
145 308 101
113 66 356
244 137 47
205 46 912
87 265 330
252 346 381
38 295 725
175 246 675
150 340 814
286 66 323
16 183 407
205 223 528
336 275 13
387 394 244
283 59 893
248 369 484
368 149 744
242 24 287
228 325 744
178 301 183
242 375 546
336 391 867
55 243 946
185 10 608
74 232 14
1 150 431
394 27 461
400 96 583
63 281 885
230 198 198
161 12 579
347 171 321
131 348 627
62 302 517
143 149 514
239 393 587
36 19 897
170 327 815
334 242 538
111 166 297
307 246 931
383 38 144
51 184 726
246 198 338
216 38 81
148 254 373
282 270 413
208 379 740
27 112 315
57 5 175
236 71 189
168 141 849
362 168 704
290 335 915
116 183 825
236 191 992
327 150 891
45 232 902
105 53 822
231 359 112
14 152 445
250 64 185
28 196 940
311 200 406
2 102 150
211 228 133
215 55 309
34 386 351
371 169 568
55 213 772
215 169 736
218 50 303
75 151 690
12 398 101
347 122 399
71 331 830
231 137 408
349 7 272
390 220 590
79 84 778
266 325 988
325 253 550
37 386 121
71 348 251
233 298 530
324 138 353
7 296 154
55 191 844
400 278 571
237 202 270
97 180 3
232 51 734
284 30 569
23 164 651
35 253 540
64 51 220
90 201 684
235 303 734
237 292 346
245 5 880
226 7 569
357 225 110
215 197 126
305 387 294
220 338 851
50 91 296
242 312 243
293 277 269
306 20 172
263 218 557
199 373 48
377 278 776
315 76 524
68 392 334
16 269 304
55 7 200
94 148 330
125 173 616
43 116 216
155 93 977
21 74 380
282 224 525
203 360 675
346 107 774
165 392 355
19 305 304
263 291 248
151 261 862
145 158 971
170 163 318
43 395 354
273 398 16
231 60 251
388 300 762
42 243 343
128 206 945
65 223 554
187 301 367
373 12 465
209 268 508
32 47 394
50 153 768
146 357 842
285 220 697
99 27 819
145 100 273
50 66 669
48 272 495
176 248 734
32 378 531
44 237 590
59 297 69
20 340 649
386 59 4
36 367 641
68 185 746
140 188 162
14 130 233
191 218 644
189 125 619
349 267 353
229 137 772
386 351 385
101 271 571
271 148 831
6 80 926
286 377 936
82 130 298
172 82 899
115 290 969
397 290 981
301 32 333
349 357 190
57 274 830
215 267 717
376 0 950
321 31 655
318 56 105
125 398 462
297 131 704
220 0 898
145 75 221
94 188 43
70 243 110
116 6 886
250 190 594
369 68 978
262 168 564
211 399 684
335 150 378
397 116 79
12 28 606
346 353 174
370 220 971
242 398 744
196 279 799
336 40 244
328 137 731
199 353 459
154 292 998
381 41 886
220 83 93
275 279 677
196 326 763
340 341 893
223 394 809
6 214 240
129 359 776
183 294 604
84 103 190
155 18 143
24 229 202
43 239 104
196 272 663
96 42 559
322 303 798
271 123 814
337 227 310
227 69 219
81 195 830
19 164 235
201 0 405
164 194 346
334 146 181
8 349 228
92 266 489
84 337 270
228 370 868
335 248 175
395 299 93
278 155 136
142 219 61
56 109 263
50 307 707
138 338 208
46 245 838
73 31 841
95 221 441
206 185 459
184 48 426
72 5 740
190 162 792
116 10 143
10 38 494
100 61 759
165 106 705
23 383 937
289 237 441
101 302 247
386 214 462
195 372 966
271 198 127
66 374 784
201 86 899
296 95 492
222 327 725
30 250 57
315 268 194
71 56 245
324 301 386
88 287 873
92 394 734
354 12 791
72 170 364
76 323 912
335 314 246
24 65 118
274 266 147
397 89 285
388 108 316
366 207 92
287 21 145
250 201 109
166 191 802
137 354 153
45 96 124
79 90 891
384 164 916
229 362 612
142 194 735
33 318 537
225 224 674
103 190 34
168 151 10
160 197 129
332 88 429
322 75 884
355 266 4
52 120 936
49 327 436
249 76 730
26 172 730
348 319 336
209 298 138
67 270 462
35 398 385
319 234 164
162 287 822
6 107 46
252 256 208
359 39 476
113 213 987
276 211 143
106 330 320
345 369 565
260 59 502
63 174 62
305 187 28
131 81 658
90 230 741
115 269 743
72 334 177
239 287 744
143 215 880
279 130 991
35 121 625
183 4 983
256 291 811
391 370 847
287 395 616
75 148 26
38 149 12
105 3 666
98 256 437
195 314 923
107 273 561
229 70 802
259 228 711
32 243 501
169 323 915
159 206 514
161 44 598
278 126 511
73 384 487
180 349 102
76 352 322
395 28 693
133 320 396
125 287 29
330 119 909
234 43 543
369 163 846
274 220 877
124 87 380
112 83 601
27 243 757
160 93 376
207 33 941
123 17 877
189 106 281
50 143 455
215 216 956
246 369 84
132 153 419
342 318 904
290 358 538
24 308 15
159 108 235
108 225 163
62 152 969
365 87 208
256 178 367
189 167 795
208 133 649
193 55 584
259 224 304
82 46 109
237 37 571
389 384 670
336 160 856
210 195 123
169 120 582
263 211 854
38 161 818
376 232 500
331 221 342
293 383 253
180 214 661
384 324 204
217 273 953
197 201 72
132 133 526
284 201 708
311 375 353
20 340 376
330 399 322
17 190 693
21 385 1000
76 119 281
258 203 564
355 33 897
271 28 578
21 328 171
371 276 578
375 17 218
191 339 770
47 39 92
212 332 273
260 344 287
179 229 622
37 372 522
45 320 262
188 137 220
63 40 851
24 100 717
18 34 573
133 388 266
333 156 943
265 308 83
136 70 785
91 188 478
229 53 774
388 348 672
157 88 803
319 91 730
378 263 244
73 342 828
37 252 241
181 128 936
201 139 494
308 157 88
170 232 768
238 197 495
312 42 29
264 320 676
309 292 865
23 216 500
247 30 326
129 349 319
379 127 619
56 387 907
197 306 356
41 95 20
399 122 269
215 167 317
289 275 135
129 7 80
351 227 932
9 340 407
276 308 708
200 273 374
160 243 278
331 294 102
321 108 70
272 336 324
195 133 516
349 395 529
49 6 252
40 124 277
21 160 906
91 131 478
43 352 266
317 61 99
101 28 146
227 69 709
280 173 509
199 216 966
225 313 154
106 82 619
45 28 718
265 131 52
127 67 620
224 272 560
70 278 40
176 339 593
349 126 838
271 358 219
232 177 672
206 396 546
241 113 684
96 25 77
323 367 515
368 236 57
167 94 150
34 41 604
286 30 970
234 305 623
277 62 210
234 245 890
169 270 496
369 253 571
353 132 953
324 48 789
19 353 237
322 24 445
164 7 254
44 318 635
145 202 968
364 300 717
371 289 678
386 325 946
161 228 209
315 213 186
373 155 591
27 71 912
25 288 944
353 194 671
58 45 482
243 154 914
280 225 92
323 45 517
265 51 117
50 286 234
4 240 834
265 131 464
184 300 3
59 294 45
350 275 245
321 243 215
32 336 751
179 186 828
254 89 455
302 54 38
254 124 853
294 361 777
323 52 755
255 195 528
382 112 59
369 294 426
204 73 612
292 214 817
356 258 946
30 95 499
129 38 831
124 52 101
246 5 545
140 22 632
71 252 832
100 5 759
305 172 994
24 13 820
389 251 24
53 335 363
14 361 84
47 362 732
131 274 190
170 213 530
232 212 460
56 200 513
256 348 747
341 71 336
52 297 290
206 30 142
302 82 653
219 103 561
79 366 703
299 23 99
178 80 829
122 147 703
361 189 656
249 92 798
259 336 689
174 310 551
355 323 541
234 115 587
98 84 831
57 77 448
151 384 485
385 332 289
308 363 97
5 329 904
14 146 403
177 119 188
115 88 533
115 126 667
3 181 307
162 189 727
185 55 770
228 341 88
288 42 541
185 315 191
281 286 295
203 58 731
302 197 638
296 239 733
55 34 56
91 214 574
285 152 981
62 34 622
54 137 40
87 273 774
243 135 13
107 126 165
115 43 308
200 282 271
201 223 590
400 272 645
377 189 225
263 303 455
287 326 186
245 73 324
121 89 901
365 197 961
131 147 253
229 181 218
38 98 532
393 315 985
318 110 754
182 246 764
151 84 200
345 102 665
256 187 641
41 146 16
34 288 809
230 103 746
61 271 121
143 36 694
262 243 430
332 301 365
86 360 597
100 20 934
272 285 614
16 365 660
59 171 576
6 307 262
48 130 552
244 152 506
143 174 339
173 299 744
362 73 819
10 147 4
324 207 626
396 33 281
205 88 898
99 204 377
58 326 94
208 141 108
331 238 199
7 335 102
344 94 883
231 318 902
317 331 559
299 380 329
261 145 173
270 248 675
203 150 156
259 193 359
377 93 912
4 117 776
233 225 48
159 206 938
128 104 268
24 357 807
104 398 377
366 83 259
213 12 984
132 151 164
95 96 566
2 64 478
14 192 275
369 133 387
56 151 515
6 376 801
8 356 836
69 137 752
303 132 627
309 182 388
228 370 323
127 60 9
41 382 445
105 66 726
11 176 606
52 338 828
203 51 985
363 122 261
170 239 720
347 306 661
162 164 897
380 84 180
111 129 509
335 366 399
123 146 225
240 239 501
232 378 441
384 390 120
64 46 442
225 176 534
381 54 44
201 219 316
241 300 519
64 234 199
287 388 585
147 308 868
319 116 864
392 182 900
116 341 729
167 281 559
31 385 184
359 346 281
94 147 85
358 166 206
179 63 913
137 210 383
330 315 468
30 98 493
171 306 894
333 152 84
74 235 231
151 287 347
160 177 345
260 169 608
265 308 629
251 15 969
27 301 388
177 56 483
81 181 3
242 33 591
165 385 76
243 87 968
179 323 127
70 324 529
360 265 493
121 373 768
218 169 183
253 314 390
387 357 615
35 391 812
83 384 870
149 178 746
357 153 720
337 13 844
360 362 861
92 342 642
233 282 243
80 250 23
207 203 917
391 286 258
331 6 123
261 221 418
391 161 428
169 185 934
105 289 776
47 369 804
385 251 936
36 259 31
400 105 40
69 349 723
142 96 101
313 324 83
303 284 261
248 332 947
3 99 786
27 331 127
46 400 892
2 278 607
398 351 382
79 352 858
79 3 33
393 278 25
54 6 757
391 285 681
197 225 211
212 394 344
230 191 589
249 282 944
389 64 355
305 344 622
118 175 126
362 137 384
396 323 540
307 348 253
20 33 944
62 130 763
80 257 562
44 9 5
240 7 700
47 146 836
384 164 652
87 71 79
86 332 686
97 128 532
110 92 86
8 98 262
265 10 922
296 224 17
27 224 164
49 248 740
298 237 580
48 353 30
275 40 560
330 282 723
186 39 396
326 359 990
218 311 400
132 381 735
51 350 900
284 340 932
382 184 470
378 172 334
314 43 512
104 215 823
82 15 919
103 197 900
285 348 872
300 354 756
63 44 836
384 398 640
25 320 899
286 324 168
46 191 997
25 121 637
145 190 105
25 45 397
200 20 59
27 223 327
255 338 834
361 74 297
328 140 464
191 217 551
9 170 405
246 184 584
184 194 820
196 160 367
256 226 536
172 49 997
341 338 767
153 224 65
130 231 547
276 42 760
268 308 873
178 219 229
40 69 324
71 319 239
114 54 972
166 393 630
162 129 331
147 216 845
65 227 786
384 157 894
271 317 682
125 171 256
96 105 217
41 109 835
342 153 210
149 241 851
286 106 922
161 81 283
377 388 48
193 151 26
343 397 396
321 261 556
269 177 943
15 316 390
368 276 606
170 320 876
180 85 367
350 90 392
201 353 766
205 210 258
62 221 717
126 119 376
358 141 718
230 370 584
218 252 34
113 359 960
234 82 343
42 179 124
334 111 561
373 242 528
280 376 408
398 69 431
208 306 96
46 13 709
352 357 356
69 160 222
296 119 286
276 118 488
358 351 904
131 256 807
87 117 492
33 205 833
55 129 415
284 164 164
163 15 428
253 224 747
223 241 751
143 289 592
81 120 419
81 318 170
340 345 749
75 56 450
121 288 978
188 18 118
65 210 828
350 227 851
178 346 912
16 396 691
306 96 52
175 134 738
40 285 91
54 263 100
60 36 389
315 195 11
58 108 599
190 341 826
253 30 638
239 144 742
159 212 621
32 208 899
175 55 710
123 230 705
60 326 480
166 255 382
60 64 742
314 393 677
74 299 764
386 344 837
24 240 993
78 237 268
398 65 94
313 61 458
41 2 799
358 97 736
281 345 657
129 205 515
5 391 103
122 153 243
377 239 536
241 206 770
123 24 235
289 24 486
398 107 390
250 339 348
66 67 401
187 349 408
90 247 45
217 125 810
192 363 585
371 141 5
345 353 988
65 327 213
16 123 558
62 189 861
128 239 234
195 60 501
379 125 644
67 352 455
317 109 173
341 315 959
90 228 576
246 270 542
141 285 750
35 8 424
91 77 997
331 258 168
389 154 905
355 289 755
333 213 236
385 165 277
398 287 930
28 179 723
141 20 667
133 26 858
153 293 402
391 267 367
293 19 434
369 124 35
195 218 505
136 262 14
218 316 549
150 36 860
333 134 975
98 237 55
257 13 374
271 342 510
133 365 90
129 185 891
220 134 75
374 43 765
34 186 405
176 242 99
377 95 5
128 340 12
348 345 120
251 0 319
87 343 476
280 289 238
76 14 2
355 388 487
58 51 600
312 38 335
56 261 505
181 26 220
22 22 754
255 303 756
120 161 242
361 159 581
86 283 279
21 280 998
344 308 427
250 90 416
126 291 848
79 226 218
262 183 668
307 344 19
101 263 67
270 112 315
107 122 58
126 105 784
253 72 492
89 373 175
201 263 549
362 131 456
350 255 602
121 351 404
2 289 738
117 103 136
375 27 528
5 261 752
290 49 969
29 345 858
46 63 128
68 365 46
282 69 57
149 9 281
349 246 614
213 370 931
230 76 669
126 213 729
69 99 816
249 281 679
399 137 887
114 111 405
208 100 835
393 41 140
276 111 568
35 78 462
144 74 290
192 394 424
82 306 92
296 166 507
207 265 818
186 192 850
93 204 422
196 130 341
150 391 468
260 203 917
252 200 707
337 341 389
124 336 421
80 375 380
205 133 695
183 342 357
30 161 748
101 43 929
44 205 792
206 367 633
0 77 754
297 230 762
23 80 874
393 9 567
249 233 684
25 136 365
20 169 277
147 48 96
352 283 971
71 113 992
17 6 127
252 282 405
276 155 400
22 100 145
91 266 244
347 158 355
111 259 220
115 382 909
185 11 599
56 201 848
159 35 28
264 382 223
3 356 506
90 105 340
378 35 241
265 389 846
126 369 795
146 101 94
398 207 658
262 282 933
310 159 508
30 76 653
400 324 662
62 311 995
66 10 479
172 276 212
178 330 609
10 298 114
246 349 328
232 223 866
25 247 929
106 333 703
100 66 982
181 163 743
291 303 795
271 363 867
350 321 705
291 11 933
7 232 179
19 178 293
33 299 837
35 317 979
400 209 170
308 21 254
1 390 714
59 160 57
322 360 573
43 50 33
111 17 526
67 12 413
301 45 530
127 48 38
354 370 353
25 241 624
346 7 408
231 149 817
242 145 532
125 229 287
268 280 581
61 188 152
197 134 155
8 270 795
323 6 503
46 241 727
146 292 53
11 341 132
256 184 670
186 303 750
42 387 296
196 261 67
286 291 455
66 342 652
322 33 564
14 392 43
97 152 793
278 354 810
176 134 664
398 356 887
56 261 347
367 235 449
339 381 106
2 315 107
92 371 271
61 108 517
196 73 493
361 233 655
164 77 208
171 292 468
128 364 786
294 184 636
235 390 348
342 23 231
346 106 784
340 109 864
331 165 321
339 10 898
51 130 595
392 198 40
226 211 413
117 16 815
78 42 69
224 121 794
302 207 482
253 203 893
220 130 978
291 42 432
3 57 14
48 251 351
151 19 971
376 211 306
275 161 110
239 130 807
310 303 971
211 47 709
34 153 663
197 182 457
198 375 803
388 155 185
380 154 820
315 310 124
259 298 485
269 63 312
145 143 363
247 105 327
325 231 989
274 82 581
362 204 525
353 390 965
192 67 9
308 267 453
215 235 665
317 230 296
80 21 417
212 24 43
161 325 914
45 147 624
227 263 401
42 39 43
194 367 782
366 224 915
92 245 305
395 192 763
268 61 498
284 79 61
136 226 870
182 383 816
127 317 699
187 326 481
108 391 765
240 13 767
309 156 455
224 54 170
393 208 819
325 1 537
26 361 311
218 185 145
37 66 440
271 310 704
135 58 928
269 188 783
212 248 674
390 61 846
347 11 889
5 161 761
270 92 548
296 343 395
310 251 689
2 377 587
375 194 328
321 290 377
172 389 418
203 64 46
38 145 496
71 15 524
265 313 100
166 210 311
36 245 744
317 3 68
325 280 273
104 6 86
243 327 222
243 180 261
339 322 26
301 145 597
117 347 31
176 349 747
367 127 469
61 36 437
196 3 253
294 256 963
111 174 733
114 99 845
42 395 1000
274 373 611
183 238 540
66 301 381
164 125 378
400 278 956
2 221 684
43 180 702
225 177 112
184 118 520
156 262 180
357 157 606
159 16 545
320 122 495
131 92 178
45 270 320
46 87 807
206 203 980
277 138 64
338 263 567
382 232 595
99 300 713
180 202 820
188 354 403
175 348 530
126 298 708
136 372 541
169 315 50
0 111 234
176 291 757
40 319 870
308 85 670
293 28 348
222 128 624
163 5 888
194 325 646
121 359 553
26 88 285
91 29 7
51 47 206
258 352 73
3 318 876
54 342 867
197 53 143
47 382 881
229 234 685
282 184 954
211 126 536
392 349 479
381 254 787
210 186 345
315 156 822
356 183 418
29 187 2
296 219 22
130 100 744
23 337 49
353 237 498
209 238 766
200 344 799
367 229 899
140 114 877
111 221 28
314 367 981
130 266 410
2 196 722
262 116 546
160 219 105
102 100 370
137 338 75
258 226 792
228 113 908
325 25 56
261 100 464
169 100 575
97 94 786
353 315 553
121 315 155
324 191 853
195 42 400
128 147 766
331 25 605
381 258 329
7 232 556
325 32 303
319 80 483
115 187 922
246 87 921
364 234 133
237 354 169
235 307 750
16 137 646
174 283 544
205 25 857
237 349 276
358 352 781
216 336 50
103 295 99
251 304 90
317 163 888
43 237 566
281 42 492
55 275 727
238 88 864
188 234 545
84 38 194
50 341 139
211 324 119
259 264 914
177 203 583
46 318 967
12 23 20
182 231 554
331 238 590
377 233 253
327 396 788
180 153 620
187 311 133
114 43 866
198 374 248
283 197 945
127 257 321
33 216 936
224 364 122
385 214 865
183 259 912
382 58 375
264 25 180
387 130 542
267 246 683
211 116 777
92 298 622
344 259 518
277 318 183
234 96 585
119 69 966
207 187 110
227 144 843
32 143 518
230 335 572
170 102 285
239 153 71
352 83 769
390 221 610
166 118 472
20 200 712
55 328 679
347 330 923
387 170 694
369 163 990
266 258 93
91 166 301
27 236 130
330 125 473
56 76 497
11 386 119
273 141 950
219 52 891
300 393 62
18 245 576
2 196 780
369 376 859
219 149 626
30 8 188
275 165 482
321 118 567
311 313 498
258 366 873
114 37 37
358 149 77
388 181 747
164 292 566
215 0 898
196 239 69
148 216 601
183 135 964
252 278 415
147 385 682
20 76 97
223 204 854
305 160 973
120 204 449
288 295 879
70 135 252
218 57 508
107 188 818
11 25 925
374 382 963
97 206 621
109 271 116
18 146 725
279 111 129
366 302 556
194 384 393
234 355 65
173 358 702
229 144 686
211 130 850
33 164 227
2 11 493
241 56 231
48 182 819
243 69 112
146 388 339
334 310 360
101 263 373
343 322 218
341 67 792
358 251 366
24 7 836
42 216 459
95 77 571
193 395 871
97 337 452
239 361 579
276 94 55
236 113 764
20 292 663
74 24 515
301 332 213
221 200 602
287 318 853
378 175 232
248 228 377
39 335 880
172 109 892
98 274 292
47 156 864
81 152 593
41 203 60
89 354 283
260 174 758
248 287 105
330 149 959
20 205 753
260 5 89
109 238 842
245 43 713
153 261 701
116 366 535
239 277 352
261 366 786
344 176 211
256 178 661
11 265 290
250 56 611
185 233 838
271 243 360
350 28 941
111 349 123
119 190 179
272 141 156
222 251 93
173 18 284
289 130 36
225 323 209
88 55 417
297 328 122
98 96 912
114 399 581
158 242 685
302 98 473
164 204 429
91 394 944
139 311 183
11 22 857
13 58 854
130 333 837
379 271 966
81 123 599
331 167 812
147 56 169
301 35 774
317 150 73
122 325 883
87 0 820
30 293 168
131 140 939
371 268 406
19 331 2
276 120 639
249 181 639
187 136 431
388 316 506
104 230 314
86 25 392
99 96 661
327 87 547
326 187 623
280 242 899
103 119 197
51 219 329
277 261 318
14 7 255
240 381 628
123 67 277
165 49 581
263 239 512
339 23 46
345 147 210
114 94 18
217 389 206
209 54 757
41 207 338
148 392 431
341 137 421
263 179 246
286 40 516
166 326 451
400 281 835
7 126 755
398 34 432
94 154 368
223 36 900
116 5 980
131 237 809
51 294 514
329 131 532
42 319 1
275 27 302
170 186 263
272 168 917
124 34 669
327 113 691
111 290 694
205 151 836
337 227 994
353 395 905
110 102 334
271 329 401
253 338 929
309 275 634
20 196 468
280 116 845
47 45 573
331 301 958
385 222 726
170 130 314
339 246 135
6 69 562
153 12 389
148 394 9
108 283 914
137 152 981
304 30 272
238 164 511
316 86 544
274 328 53
244 103 891
377 229 625
246 313 203
272 274 848
179 111 469
275 12 367
139 216 193
349 319 990
382 342 109
129 293 229
205 234 268
213 104 116
57 125 118
298 316 522
86 397 871
287 395 227
95 66 823
108 147 33
122 320 495
217 9 747
293 375 447
397 385 508
331 383 507
258 386 464
358 326 482
372 357 197
339 345 218
132 292 859
39 242 408
275 266 753
294 223 133
44 137 650
127 293 158
383 378 53
338 228 184
168 153 123
184 245 390
114 77 554
11 248 463
153 231 940
169 162 745
102 138 560
232 368 411
225 270 981
256 127 868
59 135 323
172 4 565
342 8 455
100 173 103
228 96 313
400 310 368
128 196 853
203 72 697
366 230 93
34 390 512
129 325 951
162 177 943
55 4 122
360 108 307
138 276 662
158 247 13
299 389 943
127 309 15
70 328 186
34 158 359
105 246 618
236 92 545
375 179 769
58 296 693
22 310 147
252 257 955
350 195 425
85 351 704
306 20 523
92 16 75
70 190 625
211 89 928
324 118 603
16 223 713
272 400 229
377 93 98
60 15 366
152 26 293
130 199 871
380 86 810
57 100 331
170 74 628
128 379 468
56 80 799
246 345 427
385 334 820
216 190 517
228 123 586
119 112 146
300 258 87
278 318 960
350 379 914
252 320 112
301 242 907
120 9 675
136 104 759
384 114 99
390 380 577
109 309 420
135 244 592
222 194 894
56 5 344
318 367 705
26 384 232
290 37 977
173 172 206
246 336 559
317 30 870
206 392 121
237 93 818
298 174 700
20 145 573
168 241 645
225 141 308
174 223 92
399 352 184
157 387 112
243 165 859
80 63 337
325 243 992
14 229 355
133 179 72
301 292 770
72 177 535
218 245 298
73 66 646
296 233 284
192 310 350
309 112 888
348 24 722
64 177 635
211 310 921
362 233 296
15 358 586
94 124 840
142 312 588
153 73 267
303 309 467
286 353 807
35 345 844
309 223 14
175 361 384
51 302 786
137 246 984
322 97 185
397 97 148
287 60 30
47 136 164
309 200 557
262 97 532
47 311 458
89 12 538
237 209 180
101 214 313
98 103 796
288 65 931
71 97 921
0 160 660
263 318 413
364 267 293
110 358 295
371 221 390
155 94 942
307 107 286
133 101 563
227 124 881
120 244 388
87 200 611
235 288 215
45 183 154
393 272 520
206 296 555
36 364 235
80 89 82
213 203 644
226 112 772
196 169 819
87 165 622
386 334 701
207 82 827
276 121 888
293 120 407
84 22 464
113 166 350
81 371 861
106 389 195
187 359 311
373 248 949
168 382 732
167 335 682
108 269 980
181 306 718
171 223 422
379 332 908
230 385 146
97 389 600
24 234 809
271 204 520
339 217 519
335 70 371
275 153 128
91 144 768
67 135 622
82 306 759
118 13 547
279 81 695
22 178 551
35 42 323
118 290 316
179 176 240
171 160 359
166 343 362
276 297 337
275 6 900
132 140 229
120 141 469
117 320 535
258 156 155
95 222 167
59 248 114
76 234 137
358 161 876
354 120 289
61 277 115
283 126 425
276 198 975
400 396 639
102 379 227
122 306 740
349 326 979
227 73 651
203 30 524
187 84 880
292 113 655
76 303 777
37 163 496
74 187 889
377 47 473
18 316 76
139 45 644
129 72 865
69 278 789
212 242 756
82 51 807
302 10 839
12 313 798
329 18 4
261 166 513
392 337 963
145 178 68
80 152 529
224 326 424
253 78 808
65 390 251
26 388 714
150 51 418
391 28 159
306 209 319
377 148 610
91 375 316
119 13 627
217 197 127
304 191 165
74 374 241
224 237 183
386 87 395
302 56 367
77 126 441
277 307 741
95 108 40
169 88 560
319 126 525
184 227 712
130 121 219
276 330 608
325 319 706
171 68 129
67 177 466
216 328 111
281 348 894
248 95 156
157 355 857
261 55 935
317 106 600
81 104 117
179 353 666
57 125 910
119 179 853
74 53 709
144 227 835
355 316 390
259 233 859
337 120 193
251 81 896
328 222 842
58 70 854
231 396 48
355 102 779
115 185 695
154 323 486
292 278 153
63 388 260
281 52 724
41 156 477
312 368 120
339 115 432
144 103 599
240 364 229
304 35 812
297 392 710
310 216 639
205 140 755
386 258 266
108 337 788
240 242 646
312 124 40
249 305 469
240 357 214
189 84 976
389 384 36
331 28 787
377 214 875
289 306 933
394 368 687
1 136 84
322 328 663
247 356 208
220 127 310
96 356 476
331 201 479
398 283 343
6 275 730
202 379 83
219 44 149
339 100 607
298 236 300
358 144 619
32 286 959
15 332 439
362 173 240
88 300 667
50 272 137
73 103 653
113 151 879
108 111 681
236 13 838
153 367 297
150 298 912
368 304 443
124 280 955
93 315 516
164 371 11
120 64 143
373 65 982
159 393 132
336 168 621
333 313 993
104 134 622
325 291 863
143 272 628
10 77 173
126 223 503
81 68 83
47 259 686
234 93 452
217 84 878
281 356 49
97 132 927
148 171 804
240 236 121
5 385 794
75 93 1
94 8 390
273 242 315
96 134 104
238 236 894
38 81 274
248 214 124
297 202 222
117 118 480
69 211 927
86 361 113
226 224 160
75 19 532
266 210 675
350 12 261
162 273 612
300 137 296
10 342 175
124 355 802
23 23 645
362 237 364
145 140 799
195 108 966
370 307 967
326 51 933
126 62 296
250 360 801
343 362 110
321 79 213
375 130 381
400 79 253
286 340 872
276 18 680
139 318 839
93 359 646
355 206 356
107 313 344
2 95 966
221 62 800
200 320 233
110 224 25
310 169 39
152 368 237
205 54 85
232 62 71
25 76 445
136 107 349
240 42 484
234 62 486
368 257 292
281 369 173
303 30 814
118 78 457
46 129 181
80 39 610
241 164 490
159 288 502
27 370 809
377 276 808
210 112 613
103 210 313
218 168 20
390 168 881
146 192 9
269 364 787
395 386 948
140 263 617
172 180 766
326 319 405
76 163 832
359 99 123
252 253 87
359 308 814
166 314 581
80 130 393
371 1 299
186 346 369
88 242 620
37 304 501
215 245 10
46 289 999
197 8 443
117 145 463
185 47 11
215 134 995
69 259 90
50 3 813
152 6 292
188 265 330
38 380 225
392 398 462
5 326 421
101 179 976
255 75 506
94 138 604
155 102 683
193 32 843
380 76 546
303 91 706
372 165 973
328 277 945
238 13 766
171 143 773
149 43 245
71 32 805
358 76 490
306 346 341
40 347 133
17 281 673
390 304 456
329 85 79
157 264 700
178 290 591
312 365 9
133 221 103
260 233 954
376 313 199
360 238 170
276 21 338
62 279 882
47 90 685
8 20 747
377 323 974
215 354 969
85 139 277
252 157 998
135 322 199
266 122 974
230 294 440
61 163 176
306 361 31
186 18 897
236 118 718
84 243 487
286 170 865
41 53 780
141 129 625
372 206 234
341 390 335
200 0 10
125 133 33
391 347 174
385 187 879
121 247 345
51 313 600
20 373 506
88 235 435
2 262 95
125 209 471
17 22 906
120 269 41
377 27 480
151 191 136
37 53 523
231 322 981
155 288 445
223 374 68
19 122 945
187 324 139
19 320 235
274 309 315
247 7 202
318 96 499
395 237 107
213 300 618
295 85 489
91 91 987
11 394 21
116 272 549
147 164 178
272 68 933
25 85 505
295 75 731
48 292 51
215 91 266
254 319 785
141 321 44
141 189 786
320 5 357
110 358 261
397 287 173
288 152 130
281 368 148
181 373 12
50 115 294
285 247 802
2 310 980
25 63 458
318 53 428
164 381 337
312 230 966
179 354 867
222 275 940
62 71 332
366 296 246
186 233 915
299 300 229
58 212 380
369 111 465
40 212 254
149 120 655
236 383 785
332 22 316
114 240 63
151 171 794
49 385 916
299 2 137
118 262 961
390 297 857
152 286 546
235 317 421
390 119 541
395 287 756
356 93 376
35 213 857
32 6 690
49 152 328
194 92 833
62 176 498
345 61 198
83 374 493
171 49 704
134 173 135
263 369 540
41 136 750
294 80 629
169 50 550
29 88 834
241 17 215
301 246 190
237 340 860
70 90 342
57 380 628
38 386 792
241 375 385
261 88 650
386 127 340
153 26 443
268 317 73
303 345 671
47 303 195
102 324 278
372 261 25
208 206 281
5 144 856
136 391 860
204 23 402
266 249 184
270 329 182
245 132 825
148 359 940
301 396 961
294 334 787
48 222 329
384 62 599
260 376 527
39 222 616
100 265 880
74 57 590
76 8 635
196 60 764
27 202 420
369 238 686
370 334 31
372 118 45
397 75 276
97 224 248
356 156 941
305 36 51
161 173 948
64 354 299
215 320 82
1 36 520
133 380 658
197 244 69
198 372 492
226 317 81
9 5 6
1 45 286
41 356 431
79 222 446
18 179 159
389 388 364
132 248 126
9 126 348
286 4 664
46 97 533
110 218 453
112 256 817
88 185 777
325 32 481
55 157 195
296 321 343
289 264 76
48 101 139
355 199 904
388 153 840
152 270 995
303 66 834
285 99 366
29 248 526
200 5 935
225 128 256
395 91 56
338 218 948
20 69 582
358 173 860
345 332 703
311 6 945
95 172 932
327 312 879
101 147 639
283 153 180
189 324 24
387 66 25
240 394 343
316 305 99
23 52 844
18 372 108
253 253 215
346 125 626
33 308 223
361 290 671
365 274 527
263 295 836
141 146 238
118 366 210
119 54 953
89 144 357
28 240 657
88 367 27
156 133 291
388 253 203
71 218 524
36 54 315
267 315 242
135 307 741
210 306 494
296 101 541
214 80 846
40 13 681
263 269 940
229 77 469
293 166 124
364 256 196
189 223 258
344 102 522
109 372 916
347 174 439
69 225 971
236 89 134
257 304 906
205 387 846
62 209 985
161 74 677
356 387 142
26 306 163
8 15 39
71 38 749
169 38 940
313 12 941
227 316 682
285 226 820
227 96 719
73 5 134
175 322 528
133 228 330
299 297 186
332 343 152
246 60 968
116 116 201
119 91 902
131 116 954
266 337 522
295 388 316
312 105 123
61 92 895
135 330 695
118 119 828
63 360 680
387 172 246
26 76 155
72 389 382
137 41 404
346 379 710
112 393 606
257 76 790
104 156 564
329 263 305
260 297 682
212 339 484
50 345 725
223 396 513
173 95 796
359 146 675
241 274 125
77 299 185
35 15 950
288 240 814
164 171 412
19 375 592
195 110 894
38 15 661
18 312 274
325 104 67
366 309 355
329 320 303
313 172 227
176 170 266
60 304 282
246 358 519
385 390 176
347 268 654
121 341 329
117 277 799
182 281 612
117 121 704
293 231 56
254 292 341
58 195 241
395 135 651
345 143 907
326 175 859
218 80 738
141 137 999
80 239 980
27 39 552
212 193 167
262 347 481
127 70 111
205 50 493
256 351 301
213 352 832
194 191 341
279 330 831
311 236 443
157 326 375
387 14 398
170 92 675
137 4 175
267 251 921
297 304 203
69 347 965
74 264 46
139 191 889
46 41 724
4 143 725
223 151 974
185 35 983
252 219 591
178 1 849
135 351 947
298 87 268
0 58 298
218 82 345
145 109 798
373 116 160
253 29 780
175 186 621
38 389 667
195 373 489
322 0 946
197 181 649
250 260 453
213 280 671
45 245 288
308 15 474
82 186 564
339 242 837
303 112 895
180 335 415
278 42 734
161 113 219
93 327 277
5 39 467
324 308 608
287 253 471
189 315 255
340 324 209
163 376 83
306 295 830
84 366 357
296 204 363
151 157 910
251 35 658
115 280 47
267 381 815
149 337 909
53 55 681
205 230 316
179 162 716
296 240 665
375 318 898
229 85 121
334 266 156
387 294 797
384 312 786
370 191 942
38 15 374
262 140 692
36 82 587
385 38 646
207 198 337
355 96 795
359 295 750
180 130 801
170 163 867
93 187 33
164 225 99
301 185 7
29 391 602
5 248 586
358 15 529
308 144 600
29 84 594
275 189 704
127 83 339
352 269 185
282 170 62
217 260 442
178 42 164
344 318 177
131 89 115
181 69 458
372 388 709
318 343 978
346 213 967
23 78 750
34 55 501
19 234 277
129 232 99
23 73 24
91 181 736
380 216 711
387 156 762
303 139 703
389 338 270
380 102 208
342 290 169
248 266 265
163 236 216
126 73 476
33 89 947
152 305 403
276 316 512
126 373 286
374 121 229
269 345 233
228 216 731
352 10 687
60 359 849
342 321 567
189 37 600
109 98 834
31 332 159
92 148 726
171 388 447
139 141 58
358 147 225
384 206 648
98 202 141
386 390 391
137 3 564
34 65 122
265 189 907
299 14 384
358 58 523
45 261 620
142 152 802
265 254 506
197 203 513
44 65 340
111 27 861
308 190 968
29 314 939
319 196 570
45 349 977
389 347 68
47 55 838
67 205 30
67 141 977
379 375 218
333 265 804
356 77 122
110 39 75
50 37 373
286 362 250
384 19 51
274 118 676
184 384 958
325 13 874
64 48 784
231 32 654
356 241 77
323 189 226
228 46 17
284 343 261
205 109 924
348 5 920
366 143 658
284 13 513
381 262 553
111 285 616
188 69 845
310 282 128
343 42 363
366 368 488
221 387 723
228 161 209
26 289 104
313 347 919
63 82 999
183 316 928
88 125 938
14 380 502
377 281 830
139 154 339
6 330 926
219 365 269
137 355 267
4 322 162
209 129 319
9 102 733
154 292 195
363 81 121
307 224 983
399 5 493
259 366 631
96 101 151
226 372 303
172 217 784
158 70 468
11 366 784
242 272 861
268 284 299
35 178 940
216 392 325
79 238 187
319 145 190
350 23 488
324 330 88
216 229 100
83 21 624
226 246 819
82 312 570
307 71 253
185 144 272
399 63 69
247 311 742
253 17 497
303 200 40
122 296 32
283 167 66
226 95 381
288 370 949
385 320 383
337 212 652
124 304 721
189 313 683
275 82 301
135 82 461
155 282 500
230 206 882
74 238 945
289 266 534
341 371 145
397 372 406
292 195 884
276 375 122
210 323 359
57 60 720
117 109 356
361 336 901
36 342 13
255 328 245
349 204 231
369 266 111
147 6 511
12 209 375
4 370 224
295 41 668
82 230 686
244 199 279
376 360 550
195 8 136
89 43 886
61 106 132
146 86 405
370 23 135
257 148 476
17 343 900
303 248 159
270 251 205
236 156 795
338 110 849
298 78 293
381 12 208
385 105 790
116 87 394
261 383 956
394 52 717
29 365 637
34 4 895
199 28 446
78 236 938
367 19 66
347 226 450
328 112 127
186 281 895
65 65 596
261 383 532
94 376 560
387 152 692
229 139 462
116 264 103
275 43 965
42 139 214
55 151 460
374 133 434
283 21 966
1 152 190
271 14 363
312 130 220
291 283 74
135 30 52
123 215 346
372 77 625
271 318 779
109 19 655
382 312 110
354 183 161
67 247 174
395 23 922
39 74 9
203 70 218
160 319 313
197 345 356
332 64 833
384 239 710
229 168 725
315 179 806
268 387 903
359 61 227
3 74 458
104 108 613
283 180 438
273 68 495
53 148 221
396 63 766
253 112 413
194 175 26
326 303 450
148 97 331
247 194 917
387 160 852
353 239 543
306 126 770
271 309 956
379 61 331
67 116 590
357 283 186
172 219 278
337 332 986
241 173 106
184 380 227
315 276 605
147 49 963
217 365 710
328 394 993
45 230 501
36 174 1000
135 310 62
313 115 415
189 38 221
192 122 67
115 232 238
186 28 998
316 148 908
98 144 278
370 56 488
83 348 368
78 250 76
146 45 570
295 378 724
195 346 259
324 102 693
188 273 949
119 334 764
7 226 499
101 202 699
78 111 399
179 327 312
322 234 536
36 289 933
250 15 343
245 313 859
50 142 437
14 173 883
246 33 332
198 376 509
286 276 939
34 79 430
358 328 443
118 278 377
139 161 447
381 214 429
38 32 2
227 0 215
149 89 342
23 324 171
385 11 828
236 318 606
238 195 936
137 104 654
315 155 723
145 332 574
289 149 470
309 366 832
153 106 116
223 326 465
34 379 31
21 77 215
356 391 273
14 177 828
306 191 28
204 349 430
337 4 667
343 119 558
265 217 431
104 220 272
239 72 370
34 383 822
197 75 326
97 155 639
114 359 139
1 42 350
367 9 414
173 199 650
238 224 812
375 194 279
269 162 834
372 101 682
231 60 399
318 282 946
124 252 211
296 174 29
258 169 264
78 56 463
286 365 493
25 301 539
217 81 517
369 85 153
367 294 635
52 360 517
95 158 197
361 351 566
273 292 791
128 136 718
100 169 759
225 172 792
133 229 171
7 4 310
107 132 518
291 300 584
153 42 608
127 307 450
308 334 925
18 371 719
99 362 140
52 8 72
392 377 890
25 233 624
116 343 476
190 29 693
400 16 911
100 74 625
236 167 765
76 13 79
2 270 27
112 270 548
342 171 203
117 88 571
298 376 20
4 308 363
105 321 37
119 251 482
376 386 731
162 40 886
308 39 648
182 280 213
374 140 779
191 389 631
371 120 15
175 91 52
324 364 608
101 80 645
176 106 815
85 301 343
19 72 603
47 148 511
373 97 211
387 55 546
199 273 981
371 149 880
138 243 645
222 314 600
135 254 853
142 50 496
254 377 85
194 204 714
76 398 264
353 318 834
186 294 343
200 308 695
166 292 265
14 103 853
363 117 239
272 71 508
318 24 612
99 89 901
150 329 542
327 234 44
178 183 45
302 383 964
17 246 204
18 221 81
102 290 326
28 272 99
327 261 380
361 317 200
239 31 78
56 280 361
154 68 867
328 344 844
149 161 857
130 169 313
185 1 245
129 241 535
62 245 728
14 108 159
167 399 790
254 219 181
352 108 154
34 217 751
297 330 756
333 142 606
275 386 673
310 219 930
169 312 941
96 378 429
256 388 651
74 26 933
397 10 602
391 383 884
180 171 118
350 326 169
168 214 781
67 130 472
251 368 271
86 122 453
347 261 128
171 228 879
19 138 152
354 373 464
13 296 478
153 178 110
358 52 383
155 370 15
164 48 803
32 289 866
371 1 974
122 231 606
185 148 876
48 52 727
357 45 826
160 140 627
72 32 58
278 30 338
113 80 370
375 26 527
5 333 853
6 391 2
371 18 227
226 223 569
127 170 494
63 357 654
334 308 104
226 306 917
349 360 524
1 142 267
273 148 426
372 327 102
290 250 965
366 218 664
216 19 603
172 292 565
226 224 829
169 281 417
308 155 244
314 51 293
379 265 175
339 301 734
157 31 477
222 246 15
350 325 136
2 214 941
259 323 852
114 151 449
26 214 418
48 104 149
105 361 778
21 134 89
173 256 798
300 237 671
352 302 809
220 262 141
121 52 183
327 69 168
79 320 824
366 124 707
246 63 510
162 287 406
120 106 563
303 159 87
70 224 780
392 347 958
102 331 288
159 377 554
62 101 625
297 58 733
228 294 986
363 388 949
172 273 152
36 311 554
12 85 82
193 264 189
199 116 481
145 258 224
371 288 391
344 259 44
131 57 576
272 390 344
261 353 294
97 251 668
123 160 135
386 192 402
115 237 938
79 17 604
206 254 89
41 166 46
301 346 436
259 99 808
66 365 290
214 36 200
223 334 450
161 67 763
51 90 253
116 319 887
218 320 561
18 364 601
104 244 152
273 327 668
192 400 669
93 191 981
169 287 622
220 79 12
37 394 130
247 366 101
172 362 174
286 65 638
182 15 678
165 182 616
138 285 332
135 10 523
371 56 374
231 216 818
277 12 787
171 82 988
365 81 793
273 191 128
128 23 713
204 176 490
340 81 301
345 87 524
143 168 963
141 315 97
279 257 353
65 106 664
71 110 611
202 279 437
176 282 145
179 126 41
9 71 768
252 329 258
293 51 737
182 279 778
188 44 812
324 81 316
21 384 734
179 39 633
393 223 420
171 341 309
24 170 51
11 31 254
141 248 14
20 241 902
146 116 11
86 5 202
371 77 205
251 177 215
153 115 158
187 26 759
217 362 64
127 37 9
95 294 95
14 58 752
204 351 469
298 120 492
98 243 26
345 291 467
365 224 304
204 321 985
318 235 336
165 30 552
138 201 26
112 308 523
260 300 760
21 218 246
318 40 470
196 211 943
184 46 810
40 386 528
61 366 946
118 62 179
209 380 403
375 219 764
105 256 832
234 393 263
341 234 922
312 290 109
275 138 594
38 69 265
338 165 957
36 315 950
352 79 299
233 332 274
256 311 428
153 171 243
211 358 643
273 149 801
195 362 269
361 227 989
107 351 256
141 340 376
296 212 165
371 133 601
176 284 578
251 71 112
122 6 259
23 17 771
260 165 405
394 86 639
95 187 776
244 366 8
94 278 608
203 161 106
242 269 851
398 264 577
15 85 75
182 293 126
204 182 676
91 328 858
268 284 443
207 371 1
3 191 150
146 350 547
256 354 294
191 201 970
348 233 558
367 78 235
266 60 231
216 346 514
202 214 914
277 197 544
344 57 583
168 392 752
60 147 945
207 392 91
226 348 460
364 71 172
34 339 284
67 95 991
79 256 193
386 72 721
343 281 361
61 379 751
123 289 104
320 229 437
177 318 576
323 208 314
356 206 116
334 340 312
272 343 667
374 65 916
322 26 11
231 236 224
243 90 746
73 40 598
2 169 392
236 184 125
297 31 533
241 131 432
210 109 33
244 207 342
218 315 820
396 384 469
392 11 359
292 13 406
266 395 412
174 362 374
8 75 911
275 27 394
383 43 466
195 352 703
22 212 214
237 189 345
86 164 668
246 10 357
388 309 689
205 88 731
214 171 44
117 156 405
300 373 242
151 156 53
168 331 445
105 54 587
28 355 569
366 201 101
245 116 33
241 113 534
167 130 992
21 375 326
144 228 431
80 60 372
290 140 922
215 67 850
112 206 262
327 93 425
156 30 986
105 6 503
355 45 858
4 17 40
260 41 283
308 100 500
148 114 892
110 212 126
104 312 434
122 11 158
28 66 797
85 234 799
124 244 431
5 384 956
228 323 391
103 27 280
398 232 266
238 140 929
148 83 494
184 154 754
344 242 14
383 237 794
123 51 10
128 359 515
221 260 898
279 216 875
56 118 952
370 213 8
124 245 587
250 210 326
144 300 480
92 176 959
324 63 101
38 297 222
267 65 306
88 243 270
186 36 86
143 84 575
238 146 892
225 17 722
179 254 403
235 62 616
15 155 216
119 169 274
270 367 203
140 19 94
253 310 125
1 258 961
317 365 419
40 42 904
35 162 201
312 251 655
70 228 701
163 354 663
31 236 193
244 76 467
266 223 558
106 365 94
332 147 358
174 349 805
278 14 718
55 271 710
332 365 103
151 322 430
1 185 473
22 292 650
188 283 904
95 185 280
257 264 900
167 246 157
164 52 539
138 118 719
201 384 260
150 236 720
56 397 923
94 317 165
56 62 911
350 105 745
372 55 484
333 295 62
353 147 407
200 376 785
392 361 972
245 229 306
34 323 399
6 389 296
266 340 690
381 208 911
258 306 337
302 16 554
172 64 713
213 57 215
109 363 460
140 25 441
157 24 590
344 217 817
13 54 619
159 394 705
80 266 382
299 150 586
186 153 189
348 389 47
225 305 38
173 138 947
189 318 163
377 152 35
26 234 861
154 346 766
209 134 790
334 298 964
280 376 659
324 152 672
327 292 576
220 103 767
299 98 111
272 400 746
199 213 3
298 304 361
272 372 178
145 182 940
357 323 724
60 125 119
257 376 152
299 378 124
273 288 882
83 203 599
0 298 734
266 65 166
189 186 469
163 165 337
291 137 607
394 1 162
285 125 529
288 205 853
212 133 392
78 256 648
355 276 546
365 140 934
354 81 765
295 177 670
381 334 700
373 57 679
139 81 779
218 300 955
144 26 308
134 164 374
151 234 731
399 230 376
331 357 108
374 228 41
173 350 24
336 283 695
66 40 784
349 10 902
326 319 193
400 239 148
198 372 652
229 247 516
65 254 257
339 230 645
127 126 516
26 12 154
304 92 618
209 268 615
251 39 81
245 393 963
148 33 725
390 27 153
187 40 885
18 281 735
39 362 339
250 342 877
316 397 597
254 219 953
226 314 885
258 227 571
364 2 456
19 269 976
173 76 623
83 352 3
51 145 648
306 172 149
163 198 149
280 394 980
92 104 472
89 289 762
43 190 209
22 283 744
103 213 120
123 131 943
17 55 841
134 8 0
296 199 815
110 322 645
170 332 334
279 162 265
127 90 183
125 366 707
179 135 443
179 70 575
80 366 641
366 201 253
346 369 465
37 75 279
374 396 516
156 26 440
373 332 592
123 203 391
66 238 389
392 38 394
363 81 539
210 71 591
127 150 544
221 342 33
92 205 979
77 268 97
362 240 240
254 392 419
235 276 888
175 58 146
51 139 192
198 319 283
97 20 444
275 184 653
96 285 920
268 249 500
348 366 263
271 253 910
178 174 829
378 217 152
253 130 345
72 279 445
36 163 252
75 235 213
21 337 412
349 85 628
364 26 697
252 306 762
68 37 970
255 334 733
208 73 812
247 144 10
325 227 278
299 275 207
307 311 197
335 67 265
177 39 828
320 325 252
354 244 700
291 4 842
224 46 932
345 116 887
35 256 234
138 92 298
208 304 385
7 211 241
350 246 957
151 283 72
299 382 770
347 308 968
271 31 264
298 188 863
300 362 999
104 219 713
211 316 691
35 374 524
280 384 859
160 109 519
153 100 299
48 368 625
296 280 428
345 135 410
276 237 335
237 55 329
351 222 380
398 59 759
99 379 198
122 77 14
188 378 668
163 120 689
69 192 931
308 373 484
269 158 69
13 0 560
10 160 789
180 225 536
341 7 288
119 323 15
364 267 666
353 310 680
99 132 747
45 381 446
332 185 441
247 40 602
118 314 749
356 41 303
195 365 404
10 163 5
37 101 119
61 124 681
349 148 146
239 267 576
362 351 791
58 48 306
342 70 764
267 163 793
264 380 578
23 28 866
93 367 306
20 374 707
343 140 296
265 240 143
396 344 890
31 61 271
146 19 255
358 109 295
225 103 494
105 253 245
55 298 146
380 120 598
94 95 386
217 316 322
181 28 899
208 212 126
335 98 512
50 229 602
318 294 574
211 91 212
150 215 814
196 21 720
10 102 986
186 33 785
311 254 846
150 175 136
264 394 225
221 180 988
115 16 134
143 282 371
312 177 856
385 14 102
10 235 220
148 319 122
262 46 781
337 277 163
341 333 110
241 322 367
91 377 52
383 229 182
285 74 990
388 369 353
149 27 109
334 127 639
176 100 491
378 162 188
317 295 108
98 237 298
261 299 977
173 58 209
191 368 799
246 365 910
179 337 457
50 155 136
186 195 564
35 168 397
134 68 17
21 219 964
107 225 501
132 311 445
9 136 888
385 351 913
279 286 636
203 213 145
54 238 599
255 354 732
93 24 623
339 71 772
111 367 57
300 102 714
315 238 291
5 257 451
378 97 276
196 332 986
142 144 89
327 108 768
62 153 408
153 336 944
218 256 665
314 175 383
93 327 221
165 107 563
225 154 313
305 176 195
165 298 169
139 203 121
135 109 904
242 367 717
147 81 559
384 86 952
360 37 484
362 273 290
271 27 836
399 306 700
62 140 248
350 6 141
355 128 988
338 79 894
313 79 231
34 2 803
359 145 776
97 110 762
348 384 881
246 195 493
104 77 962
165 307 726
171 277 291
344 211 385
251 40 541
274 25 271
381 273 425
154 247 111
33 135 654
167 30 872
178 237 502
278 285 53
283 356 772
154 26 792
196 161 828
83 144 417
320 363 516
376 216 290
209 168 270
325 0 245
123 377 298
245 156 501
1 266 47
119 227 430
1 243 794
211 79 653
184 84 128
231 131 243
62 261 158
59 85 234
260 122 889
183 74 42
211 185 704
97 378 82
295 226 790
123 83 174
399 153 750
45 343 633
176 173 833
246 125 902
148 290 496
303 191 2
126 264 760
382 169 188
158 311 795
175 2 322
63 208 652
314 187 487
183 301 570
261 253 806
241 17 140
397 106 650
343 173 188
74 268 989
135 308 516
28 4 962
28 49 291
136 159 365
199 194 902
173 98 544
229 46 39
374 147 151
269 334 105
350 312 777
174 301 46
66 198 446
110 269 980
351 276 146
345 101 405
325 23 681
383 252 171
86 87 730
150 224 985
24 328 455
189 340 688
223 63 984
130 14 824
109 228 556
63 342 952
94 381 860
154 157 920
250 343 348
5 374 527
113 374 609
68 93 679
186 341 612
81 299 374
377 348 111
123 300 244
242 7 540
222 137 595
275 118 21
130 106 600
366 272 619
18 114 199
137 169 712
208 265 88
25 181 950
59 84 329
370 36 973
273 50 109
352 30 394
17 371 437
275 228 447
87 148 757
275 46 618
398 228 881
193 25 339
372 359 204
153 324 705
258 382 307
144 98 830
330 12 637
217 209 744
347 63 452
35 392 146
168 359 660
202 95 505
251 84 763
23 14 329
237 307 48
48 384 255
210 380 999
366 203 50
158 369 892
121 248 465
43 60 223
150 177 747
115 95 377
202 335 874
228 319 855
185 36 317
96 10 51
247 355 914
179 30 212
282 163 636
182 61 838
195 356 699
139 133 201
60 331 167
94 235 783
130 177 751
313 18 635
196 388 711
384 355 898
109 303 766
284 5 921
129 119 717
77 384 750
284 256 683
173 192 149
224 321 415
170 214 635
282 123 119
255 358 886
224 102 813
89 206 929
156 123 533
131 6 773
173 341 790
300 367 437
167 26 637
204 317 602
184 132 967
19 83 340
129 107 988
153 272 255
137 94 556
126 243 128
16 172 791
15 108 573
203 273 489
317 138 757
15 204 337
8 331 320
297 354 14
82 221 477
350 322 402
308 344 690
25 295 87
154 347 890
4 126 439
138 311 221
301 372 735
216 78 34
187 385 115
0 39 960
151 90 830
148 224 538
258 16 824
309 174 201
248 331 223
192 268 311
140 39 223
323 26 529
347 345 666
81 5 49
334 326 50
34 138 486
283 83 767
326 172 923
82 264 217
90 358 909
275 2 52
161 163 23
376 52 376
196 86 575
366 281 930
60 29 921
295 352 621
270 167 260
184 195 698
127 44 893
30 280 559
318 58 422
221 93 782
202 59 936
190 328 592
86 387 161
195 0 25
206 59 781
45 339 658
227 309 986
222 279 6
138 203 37
94 288 789
99 316 392
250 24 63
100 192 400
214 37 796
398 154 139
325 342 915
337 84 906
288 0 374
218 17 526
38 346 460
111 323 955
387 49 854
26 98 430
241 47 532
140 141 9
83 331 408
1 392 728
180 271 243
34 217 933
213 284 130
279 272 48
67 162 703
254 133 343
30 389 66
195 224 387
379 19 973
126 321 9
284 112 132
10 167 100
157 204 644
262 72 25
269 193 902
373 198 677
116 304 585
4 120 962
50 339 667
208 81 951
327 305 739
256 45 49
283 86 436
97 36 279
3 273 856
148 59 133
136 213 542
118 56 744
55 303 201
238 189 735
365 369 616
269 245 497
387 310 628
3 266 865
189 196 16
95 258 201
192 297 586
200 51 677
357 204 507
79 20 340
122 376 575
371 258 565
26 302 802
290 124 206
390 34 658
123 329 397
353 125 447
364 25 249
204 350 949
122 337 320
107 185 347
336 138 770
56 267 868
72 199 270
164 389 766
190 265 973
108 8 693
40 4 922
12 255 537
314 304 865
84 180 488
332 10 399
274 280 860
169 219 816
246 351 98
328 300 597
17 41 129
385 333 480
356 37 687
383 74 108
216 344 810
374 190 41
46 306 854
73 99 154
37 248 306
305 63 971
21 94 940
139 208 85
342 14 313
95 289 607
292 31 581
98 76 539
340 25 37
146 4 370
267 34 125
296 374 61
126 277 535
300 270 967
147 112 52
105 48 288
148 62 834
304 49 905
250 346 557
312 44 23
172 271 626
173 60 261
134 179 64
62 250 710
343 63 88
133 148 403
213 290 23
290 104 366
20 229 38
45 98 358
238 184 431
34 28 493
159 336 135
208 85 527
28 321 968
373 73 644
265 80 240
322 181 662
353 98 369
267 239 274
223 0 711
280 321 386
55 72 411
282 112 962
36 307 389
118 260 643
64 394 931
379 108 643
106 236 229
134 347 415
294 399 148
357 284 598
365 213 552
145 304 581
315 51 858
395 233 457
266 256 41
166 286 880
74 81 924
46 82 965
163 163 304
298 261 492
142 394 364
77 228 533
57 200 601
184 81 995
242 388 249
68 189 14
68 372 288
308 58 511
92 223 877
316 13 516
61 195 863
291 49 101
263 5 342
292 107 873
142 85 345
177 321 784
310 100 599
107 121 535
376 259 11
10 392 59
388 10 563
262 114 945
357 239 739
304 173 316
349 262 298
222 52 532
37 125 623
317 6 606
108 290 715
322 130 796
364 190 307
240 15 624
32 200 683
3 303 848
362 282 562
304 265 567
105 128 626
13 24 704
191 133 184
75 381 515
178 160 413
129 325 278
368 186 375
132 46 697
68 91 6
88 71 469
73 217 384
392 174 176
300 17 849
195 236 898
287 103 717
102 83 49
246 268 103
111 193 709
119 86 543
162 247 166
206 287 489
305 37 442
175 76 736
96 259 36
13 350 453
394 92 124
9 196 932
293 355 120
286 242 760
73 105 162
25 145 623
323 1 846
382 91 417
57 264 167
153 287 711
46 232 634
318 13 637
104 208 441
268 382 860
239 189 957
45 270 155
19 356 146
325 172 148
333 350 50
154 28 242
81 326 93
268 63 543
100 30 581
321 375 579
58 243 642
125 396 462
250 397 515
248 363 954
310 156 297
58 318 880
353 249 96
77 183 848
123 398 668
192 285 436
370 235 326
375 58 970
80 158 696
190 40 866
48 368 392
359 253 593
316 198 211
142 353 814
249 307 636
146 21 505
67 260 799
88 152 428
338 161 391
200 333 108
92 224 316
62 328 916
312 86 120
337 150 15
330 321 772
374 229 795
288 308 574
229 339 521
10 150 8
376 108 481
170 318 144
381 163 656
170 355 831
172 233 662
260 217 383
99 345 151
66 295 84
195 369 600
242 109 931
360 222 112
296 59 79
232 329 180
38 124 979
197 213 430
56 334 809
346 342 576
330 100 694
157 86 444
51 117 773
349 215 140
339 131 878
61 158 183
235 156 919
243 222 819
69 16 581
358 273 148
52 29 697
179 22 232
143 23 879
360 163 522
244 372 596
51 178 308
69 40 865
74 357 361
372 176 333
196 355 263
222 379 335
180 24 755
95 83 931
70 348 566
371 97 102
120 100 636
305 154 976
361 399 807
70 90 760
319 278 531
139 258 45
99 250 272
274 381 271
1 389 911
279 265 547
374 45 200
309 335 705
60 301 440
109 264 219
342 367 711
4 243 85
299 316 335
70 281 657
9 390 622
63 16 822
173 51 425
358 311 734
191 323 406
169 102 118
35 282 427
50 322 853
115 307 174
221 228 665
394 184 192
369 292 515
45 10 60
162 113 636
208 189 6
316 310 219
366 334 654
130 383 995
231 295 769
36 189 303
171 381 59
140 269 955
330 250 225
191 263 433
128 33 799
287 198 378
325 294 779
350 176 593
221 287 436
88 336 720
33 148 678
12 219 1000
385 201 387
158 262 470
264 262 109
252 361 360
105 45 83
116 211 983
332 280 423
164 351 819
69 134 495
170 358 912
328 40 123
20 304 680
209 56 481
247 158 825
147 128 570
311 85 587
19 340 835
230 366 903
265 218 694
153 256 428
80 346 442
171 246 886
41 161 33
116 138 824
248 346 284
0 124 721
399 356 631
293 317 966
145 50 713
88 5 344
296 264 465
301 333 759
296 111 851
284 105 856
323 107 339
390 303 111
250 221 584
88 166 676
162 383 911
166 130 745
19 274 590
111 309 897
366 226 144
263 90 451
363 64 618
130 242 100
369 335 77
326 112 516
32 133 385
90 219 295
263 200 657
318 107 275
189 154 841
178 44 682
307 253 532
27 197 692
234 373 297
240 46 298
186 257 912
339 382 247
298 207 902
129 91 903
92 376 959
347 324 725
353 388 245
55 197 122
371 216 991
223 179 955
284 141 76
340 285 546
7 73 173
281 275 360
208 57 517
313 250 706
103 127 801
14 182 470
29 261 905
207 338 586
181 337 563
391 384 689
40 355 561
251 241 503
275 222 136
245 81 567
211 384 245
35 103 294
285 244 480
269 195 835
377 374 103
259 287 240
180 143 664
95 235 346
267 71 125
45 235 44
168 293 780
46 329 546
250 103 28
209 49 658
346 285 942
156 329 313
224 160 655
305 363 992
355 196 694
277 216 480
289 59 302
181 109 942
154 153 921
210 247 590
213 217 321
323 222 740
312 346 799
348 375 7
281 88 872
197 146 117
75 53 487
184 395 164
331 190 475
215 85 421
91 187 622
169 167 882
135 325 850
117 79 771
384 303 512
57 162 381
68 245 201
362 65 270
291 156 601
246 303 890
20 248 334
153 137 633
13 195 557
221 220 928
5 323 556
269 246 589
77 111 448
18 360 938
320 329 689
101 392 410
123 39 434
84 111 20
387 337 1000
400 244 73
118 391 155
225 340 326
287 122 637
338 183 858
119 346 18
263 122 967
168 65 604
106 77 279
147 249 920
175 272 478
291 275 803
49 320 343
334 342 330
338 12 199
30 337 73
267 157 902
39 213 629
293 31 319
186 122 709
18 378 811
104 182 359
226 362 365
125 311 635
238 157 711
268 36 320
113 358 254
51 396 735
184 129 646
118 106 411
259 399 151
350 392 924
273 246 750
361 363 828
312 311 374
230 208 176
32 19 828
276 241 6
398 218 348
88 51 274
348 245 452
236 281 181
5 28 31
37 71 627
350 293 532
230 302 188
387 341 153
235 71 444
156 207 596
90 345 77
318 218 853
147 338 45
160 145 192
391 177 174
97 14 697
265 32 849
78 372 59
66 342 893
312 366 248
249 295 55
13 82 385
374 353 307
240 2 600
91 240 869
350 27 175
293 87 222
206 51 854
2 369 535
313 283 384
262 99 984
143 3 485
379 205 627
130 348 259
130 357 878
184 157 760
347 38 608
388 45 573
213 29 336
282 350 652
91 30 842
398 131 935
198 69 905
239 292 656
330 293 34
63 215 675
132 196 466
30 328 538
268 316 41
113 393 332
213 229 6
198 112 709
396 170 15
74 251 998
18 104 552
128 27 420
148 318 138
297 346 204
172 362 365
298 386 957
300 108 370
124 336 96
159 38 989
90 181 314
15 167 81
291 165 579
95 296 429
358 47 883
44 173 220
161 347 192
222 177 578
347 354 927
355 89 690
182 266 686
127 344 348
65 81 291
228 147 359
18 268 780
131 20 311
392 76 447
107 316 156
208 276 751
81 193 24
120 386 106
299 232 329
282 244 493
203 100 355
240 363 125
324 38 542
329 235 255
206 262 268
83 300 806
185 233 494
59 320 952
325 338 842
85 96 569
174 278 836
209 264 842
72 4 110
50 49 561
41 88 655
228 142 957
138 2 793
74 218 294
204 122 74
213 362 74
360 1 469
400 14 948
210 246 492
378 221 632
390 199 475
186 297 600
213 272 83
40 46 247
378 208 427
349 271 991
25 272 255
105 158 462
296 36 258
146 72 100
224 273 792
128 41 592
253 295 203
95 366 748
385 154 731
105 79 201
91 105 786
28 338 670
228 193 713
198 10 478
243 256 725
208 158 278
133 32 666
75 13 823
194 323 380
294 345 212
270 253 23
142 60 18
68 210 369
215 124 791
149 127 691
24 177 921
383 224 601
112 311 888
302 396 544
251 255 942
337 126 627
242 366 443
198 180 775
65 288 936
179 92 775
396 171 581
372 378 693
152 303 59
382 264 751
204 191 203
340 159 722
75 55 215
314 24 274
49 20 834
239 234 420
13 279 388
34 132 493
145 338 223
79 268 855
277 308 544
321 54 217
338 252 532
186 224 796
102 80 369
344 275 699
306 211 419
228 84 945
188 292 924
130 334 414
350 394 769
112 211 757
196 375 215
310 5 383
362 93 209
278 220 98
83 150 982
321 29 145
129 327 311
318 209 321
210 274 664
106 355 954
159 13 579
145 38 490
160 56 151
100 169 933
1 253 227
215 14 825
184 292 602
152 2 813
130 354 554
69 369 896
323 286 443
102 395 195
202 146 413
65 110 735
314 390 848
192 212 959
140 273 629
96 16 985
347 370 977
243 367 648
24 390 508
36 387 522
284 339 483
171 59 829
239 61 560
71 43 50
58 86 528
75 237 409
157 64 840
207 117 687
202 233 251
283 29 668
277 299 981
164 152 482
23 24 147
95 318 474
144 38 945
29 20 591
236 35 47
67 83 290
45 340 178
187 350 55
11 145 212
247 58 79
198 173 686
247 319 664
333 380 955
53 177 877
387 64 690
189 191 192
172 192 720
307 266 393
218 109 947
336 345 893
108 327 797
260 198 320
284 141 659
238 226 594
286 220 747
165 288 305
162 302 495
398 353 762
266 355 103
261 159 51
259 366 96
258 15 477
45 99 117
72 64 636
399 318 273
134 379 72
372 388 244
284 10 588
318 234 934
393 214 360
280 137 679
40 198 544
98 67 935
274 294 297
210 384 796
105 14 855
273 40 735
154 127 945
96 310 611
284 178 827
14 128 355
299 79 789
284 77 846
240 25 984
22 170 336
191 384 191
192 233 72
121 245 660
243 279 638
273 52 214
214 77 729
193 314 562
78 60 355
304 208 378
86 323 433
73 136 554
208 392 242
193 9 868
222 87 255
142 335 428
213 16 966
197 114 254
45 260 675
274 110 289
282 329 936
359 183 900
49 330 658
61 216 912
368 144 697
262 143 388
366 123 916
148 260 283
156 75 609
245 3 557
120 82 487
111 37 67
394 330 4
126 125 118
326 160 875
387 223 258
324 264 147
365 229 131
195 267 676
60 61 553
284 373 875
50 219 297
39 213 80
138 336 546
396 169 349
215 171 262
159 110 788
310 312 635
48 255 111
319 91 98
305 173 439
278 304 641
273 50 337
190 36 497
259 7 500
220 329 141
370 37 216
266 145 547
113 84 659
358 383 743
170 69 768
145 342 246
280 310 921
254 293 332
3 65 300
309 142 645
115 109 394
108 29 78
75 369 935
220 100 732
244 188 626
207 194 416
346 153 889
11 345 158
132 181 222
386 342 620
12 322 91
347 370 923
232 259 747
15 303 393
216 252 529
80 129 703
17 66 997
250 226 682
289 67 679
323 382 883
313 113 610
20 107 925
57 246 409
268 117 495
396 58 826
325 134 510
298 49 236
231 188 820
360 291 824
260 332 231
235 359 103
144 199 891
365 209 123
111 368 874
236 318 630
98 113 808
302 320 378
272 219 863
62 118 306
377 348 568
277 193 382
58 339 499
373 252 327
321 319 591
366 130 431
172 362 79
165 142 5
43 298 614
244 190 38
252 287 703
57 234 164
315 390 56
221 40 354
291 246 120
313 375 5
30 208 917
213 308 845
117 42 673
187 315 117
76 167 177
75 384 701
367 377 6
219 380 31
323 224 233
297 7 14
256 25 845
310 201 23
95 196 602
370 34 912
32 109 798
394 284 443
371 156 911
247 67 101
245 156 686
286 159 18
83 314 881
166 158 401
275 305 606
124 45 478
68 88 708
223 49 94
396 306 487
390 55 575
313 234 457
229 166 128
381 210 930
2 0 491
230 330 372
294 27 426
348 31 209
317 309 733
177 93 862
308 199 581
356 63 595
242 3 745
99 309 383
75 244 682
278 37 848
315 148 950
213 102 384
95 358 196
168 170 962
220 71 275
259 396 218
357 14 418
369 284 565
169 379 161
53 72 979
375 228 862
36 174 462
77 325 215
305 259 448
272 60 684
284 201 598
199 284 633
215 368 10
196 39 75
14 279 104
225 394 594
249 399 256
344 391 496
64 289 102
319 383 221
291 283 560
399 188 520
362 23 655
297 2 220
108 37 884
29 318 57
336 81 127
34 111 235
33 4 605
252 102 448
138 319 320
234 114 297
318 322 183
247 39 265
282 110 644
28 160 722
320 228 730
88 87 459
54 253 680
47 0 776
118 185 236
189 173 460
331 221 357
9 196 686
127 32 509
345 24 277
22 314 343
326 73 304
58 73 124
335 309 156
64 217 27
270 218 782
235 189 125
335 68 215
345 19 282
334 26 316
266 354 56
173 359 281
40 344 622
160 299 605
365 246 672
322 117 82
31 331 995
55 90 937
400 62 869
296 387 517
315 26 40
335 182 421
143 327 327
266 336 868
356 66 479
323 262 27
255 280 48
123 201 25
400 281 51
16 19 155
381 281 418
1 33 779
375 295 1
369 279 493
28 252 722
6 23 95
156 181 149
269 289 277
347 252 444
381 74 555
99 320 878
201 229 736
341 198 900
236 345 730
24 60 972
116 122 298
43 115 35
23 230 464
79 321 695
185 178 505
357 182 281
296 165 118
386 59 874
167 140 778
351 352 315
246 155 772
177 87 833
53 50 686
251 374 950
173 375 11
392 75 820
201 184 116
316 249 143
80 129 299
313 363 888
304 300 668
392 175 556
321 207 584
6 289 637
339 364 233
288 370 209
126 66 306
3 99 973
66 354 65
298 352 912
157 55 411
1 72 986
221 201 246
95 12 638
118 64 398
383 345 401
378 326 460
308 235 497
400 243 620
30 16 908
389 332 906
252 378 875
27 11 540
135 258 242
246 24 391
149 360 67
200 389 652
193 344 543
118 230 486
34 88 663
196 374 266
109 259 504
77 189 395
263 158 401
162 43 288
28 118 334
345 271 906
298 3 923
110 59 215
176 303 473
41 327 714
221 373 956
278 225 808
230 317 526
43 106 527
310 85 99
219 90 532
18 117 360
86 143 289
20 153 820
295 372 793
120 274 224
280 141 272
47 385 32
129 93 760
191 192 864
302 145 961
23 96 259
145 246 505
108 395 924
361 144 268
33 243 516
144 195 643
217 320 66
28 329 111
146 362 581
125 364 381
294 100 824
279 44 297
222 353 668
175 328 661
86 368 501
21 65 118
228 218 202
56 196 923
89 79 387
98 56 781
219 237 634
29 44 908
153 336 881
211 152 97
366 239 172
28 220 602
362 177 522
354 67 422
22 249 268
103 104 808
370 105 769
309 56 408
160 349 116
31 198 512
386 214 283
165 45 148
180 139 530
67 189 563
156 170 310
302 279 568
81 390 251
349 261 819
139 143 653
169 189 296
252 214 243
162 68 664
238 318 337
256 33 474
19 326 289
229 309 585
5 222 100
192 323 86
234 206 793
176 337 2
282 366 873
333 61 874
4 309 525
255 370 739
31 155 322
17 105 7
90 50 5
176 397 537
205 340 617
142 290 321
340 94 597
113 95 822
368 14 643
365 57 567
193 119 517
22 252 226
382 303 882
312 102 328
288 8 339
27 269 613
202 40 22
290 348 468
386 387 542
335 5 178
349 63 148
350 186 756
319 363 778
294 181 350
23 150 182
78 388 678
372 388 641
316 169 269
374 399 990
281 83 345
27 136 296
23 215 468
279 394 127
198 342 476
18 150 617
298 273 442
122 216 761
5 5 760
356 118 804
144 280 199
83 356 942
166 29 708
167 79 433
380 95 455
65 347 810
326 98 112
60 186 721
320 213 491
211 167 427
241 353 427
258 379 158
301 389 446
90 394 695
289 121 931
134 48 122
37 8 326
207 373 240
287 121 233
194 230 344
156 295 793
133 238 803
48 382 533
53 129 66
311 173 511
192 287 233
103 199 626
123 104 497
147 280 356
163 366 696
29 393 904
207 342 720
277 88 748
112 359 363
345 207 343
9 37 593
284 200 851
351 262 126
367 241 828
336 367 115
263 290 634
25 35 742
139 184 308
97 241 498
190 365 371
223 49 183
375 245 751
28 89 739
343 337 308
376 256 781
18 161 797
226 364 636
0 303 463
191 187 739
41 367 189
102 116 898
125 224 958
277 223 217
13 53 440
26 203 999
344 25 802
53 247 701
134 194 107
245 315 990
257 296 651
308 175 40
217 169 374
99 38 609
197 4 368
238 258 858
269 186 898
302 261 873
116 367 70
13 28 638
387 259 487
324 10 266
131 216 915
8 335 835
241 238 355
319 111 382
167 17 45
149 75 409
16 204 372
163 351 684
135 91 889
331 17 451
126 249 729
342 225 607
98 169 637
353 333 27
339 67 224
76 93 966
98 154 435
149 295 364
229 255 904
123 240 707
328 183 289
390 106 211
328 47 66
381 38 586
105 27 560
319 201 703
280 208 567
165 175 240
294 213 779
212 256 832
149 206 286
343 1 72
275 318 128
367 34 349
358 309 565
125 93 155
313 163 706
350 1 229
285 105 12
1 396 666
2 298 588
113 80 1
393 143 581
182 255 623
255 165 664
399 286 119
144 211 483
229 379 12
346 378 688
354 96 747
159 148 90
132 291 52
348 121 704
17 146 802
19 48 70
150 52 757
183 119 185
257 293 939
288 146 341
18 381 14
313 357 753
161 341 257
309 114 37
206 159 72
46 331 63
279 185 951
280 304 234
298 18 275
94 289 435
213 348 336
172 73 806
50 297 230
112 131 89
317 263 396
242 116 910
331 88 411
244 185 24
136 386 123
49 398 774
36 350 392
311 236 976
77 37 717
61 291 553
263 199 985
199 279 617
26 320 834
293 235 673
249 280 374
140 395 140
360 34 167
242 357 310
358 230 281
237 145 462
214 151 501
328 211 770
377 132 819
149 87 844
225 3 93
147 332 985
83 389 87
165 387 478
51 73 968
393 356 158
230 161 36
204 234 880
136 101 17
134 322 60
273 170 162
225 179 266
236 140 717
143 209 23
219 160 254
159 354 496
210 162 603
383 89 300
38 101 669
160 0 872
281 124 726
158 150 511
178 83 196
161 16 544
107 195 250
113 196 633
371 75 988
319 159 598
254 211 593
59 216 10
138 245 2
144 310 681
4 336 228
79 60 306
158 69 423
6 293 185
100 272 739
60 360 668
71 185 379
266 53 225
224 108 869
32 41 430
10 299 279
31 330 90
302 330 278
115 129 547
6 165 161
354 337 628
235 395 995
339 253 740
46 338 488
281 262 10
44 317 141
139 26 831
128 96 454
371 305 103
179 213 667
266 272 114
345 269 173
221 376 251
107 307 970
225 41 760
299 126 311
25 224 28
112 257 175
317 22 968
217 14 566
10 119 978
110 63 414
1 278 672
41 363 620
217 332 125
25 261 287
167 127 844
11 36 493
72 298 983
208 156 972
294 246 458
129 217 7
59 28 983
41 326 963
227 222 448
103 63 666
241 5 301
386 118 905
108 196 706
363 103 637
317 188 350
20 205 574
202 334 454
349 19 736
195 229 174
283 289 588
208 199 841
352 104 686
206 373 535
174 337 27
372 78 334
391 385 560
182 329 401
48 399 406
107 212 0
126 170 602
253 360 401
388 25 801
278 140 726
256 249 368
106 241 455
116 392 92
322 186 897
127 287 487
179 347 667
85 209 15
396 84 607
359 82 272
134 345 949
240 98 875
360 159 785
178 105 358
117 164 509
28 121 436
107 68 833
270 202 170
306 274 358
29 132 815
184 243 767
199 201 171
297 15 160
41 165 385
328 251 826
139 394 166
125 395 271
297 382 271
30 327 360
286 195 363
41 246 97
123 237 622
44 226 36
20 213 813
231 354 980
85 343 593
10 162 716
329 154 274
63 203 736
58 387 135
220 194 592
134 396 780
57 17 87
229 308 735
273 376 117
239 357 670
147 61 199
314 324 783
151 72 608
31 196 581
158 246 825
132 330 114
78 37 528
177 364 48
27 246 323
228 21 232
43 267 269
29 96 476
348 148 972
165 382 49
370 134 449
377 263 872
99 341 943
311 391 217
225 351 565
133 201 928
85 306 880
391 347 51
172 110 68
330 27 704
305 355 522
79 300 64
71 250 664
309 250 636
348 14 688
4 311 229
331 374 995
37 270 409
194 190 602
19 296 152
356 169 801
394 373 9
89 73 500
94 163 640
118 82 709
317 0 273
338 261 532
281 101 704
95 199 679
270 253 160
12 333 693
308 249 617
380 144 22
194 142 529
329 53 750
57 151 597
361 228 178
49 352 77
310 107 703
324 374 41
388 140 55
143 267 96
72 341 66
292 168 749
88 91 71
211 53 278
269 111 54
280 83 583
335 213 372
147 312 211
97 82 163
276 384 850
378 350 497
347 116 279
76 50 352
266 263 215
341 115 893
79 268 114
333 46 589
56 40 129
6 138 239
21 216 186
197 28 223
18 383 115
156 6 207
31 336 65
161 130 742
242 351 106
2 124 485
12 70 29
269 269 501
56 189 141
158 396 124
170 361 144
304 205 144
160 272 580
32 396 741
119 147 320
278 57 292
238 224 782
200 248 116
389 34 29
265 321 656
202 82 25
308 304 914
114 50 312
178 165 60
233 293 307
31 345 994
381 7 429
213 215 815
394 237 491
300 50 823
364 9 597
212 372 402
279 148 748
326 281 735
77 198 851
139 314 147
72 137 258
385 188 591
376 81 156
201 392 756
306 363 749
124 255 995
147 396 428
395 366 15
362 126 901
15 297 506
18 70 361
300 330 770
359 353 97
127 373 311
282 297 170
337 32 734
396 224 675
0 184 692
0 127 614
247 263 313
312 117 630
2 19 378
303 104 402
194 296 960
217 179 699
233 65 714
343 80 340
25 14 546
139 105 785
282 14 872
18 107 396
375 370 472
162 44 308
281 365 471
165 95 414
268 91 533
162 241 270
333 395 497
200 44 937
266 283 483
159 331 362
279 57 815
275 141 983
21 207 608
109 221 57
231 109 258
271 203 105
119 238 715
380 167 459
134 365 901
216 184 920
227 148 578
229 280 210
302 208 309
225 95 270
171 218 655
43 393 33
359 253 32
352 372 545
334 207 48
363 397 335
169 20 693
330 327 891
367 167 800
63 239 3
96 176 167
4 184 994
215 259 451
380 38 150
290 362 22
11 296 953
368 291 948
2 3 524
395 242 445
80 398 531
275 154 516
6 37 30
77 70 738
130 326 270
11 144 273
118 197 191
91 155 285
182 391 302
15 7 426
74 167 863
71 297 216
240 129 7
46 177 620
308 115 88
62 273 94
195 26 565
101 399 51
8 233 545
181 366 753
147 205 773
123 230 318
89 13 576
326 318 57
218 263 516
78 203 256
244 32 568
353 275 391
346 239 18
172 340 988
359 252 80
288 202 976
259 339 219
31 188 582
203 123 826
308 306 102
140 235 116
256 288 668
342 59 383
323 374 88
39 7 907
299 358 294
20 136 876
84 266 918
71 375 560
36 118 106
338 191 32
191 110 350
53 38 520
33 334 887
332 161 762
102 67 941
190 260 464
186 30 494
394 107 543
308 182 972
366 389 212
61 345 597
234 155 271
326 16 573
365 137 831
58 109 492
166 46 914
75 213 226
377 89 13
264 382 255
164 306 248
174 202 663
44 385 790
28 187 785
162 119 639
102 284 851
318 125 301
318 383 895
109 397 99
131 330 2
212 372 492
152 325 675
180 359 313
180 305 341
281 51 85
327 245 961
31 214 46
361 24 956
257 295 455
168 286 904
235 127 304
330 82 86
257 202 292
109 96 557
354 127 662
346 78 916
331 55 114
56 247 591
215 383 222
59 207 135
270 40 473
124 248 872
251 271 509
5 256 825
381 83 150
243 274 945
315 30 848
156 134 953
108 67 239
17 170 228
221 220 550
158 116 674
214 249 76
148 78 69
51 316 493
116 204 446
295 105 115
308 269 155
76 45 247
392 302 991
17 352 770
364 326 684
315 379 634
67 45 598
226 157 27
44 330 507
264 20 828
25 27 242
174 379 68
366 99 165
196 134 648
101 301 57
122 85 550
322 9 953
45 372 851
384 253 564
232 321 974
43 308 106
386 206 13
366 262 53
140 238 185
226 2 632
219 90 707
60 122 244
85 201 895
298 60 607
17 252 973
191 57 848
359 222 524
29 304 856
260 192 634
208 195 731
155 111 815
397 87 54
58 310 335
39 50 599
49 155 524
176 239 286
106 243 119
75 293 88
289 221 349
12 87 589
0 53 357
383 203 387
289 239 337
10 70 464
386 213 683
164 139 562
182 293 560
82 34 338
77 146 80
86 264 568
40 21 975
146 43 598
66 280 517
66 135 342
397 158 208
382 315 284
152 259 277
51 67 453
29 36 974
390 311 944
252 146 872
339 171 985
331 388 373
296 266 32
35 178 165
49 367 993
270 208 520
356 117 749
311 242 945
262 39 113
375 185 503
245 164 768
392 68 19
217 1 951
230 112 595
22 18 182
99 349 976
186 350 817
19 126 736
270 162 420
325 114 102
75 350 541
240 265 592
252 331 2
366 139 347
35 112 925
210 18 487
304 146 663
198 135 974
220 305 155
112 353 989
336 147 989
276 38 810
194 268 123
93 186 456
5 307 419
240 5 274
175 191 113
382 74 61
182 85 701
226 51 87
219 326 283
287 313 839
174 202 805
106 185 596
107 289 84
103 269 201
294 264 74
76 171 222
224 15 885
101 129 795
46 108 888
101 258 773
214 144 197
262 103 804
241 164 640
235 24 324
8 89 675
265 235 197
369 390 537
239 112 681
80 204 666
50 242 200
227 224 350
185 37 297
334 340 239
355 180 559
376 26 374
364 1 542
366 21 279
193 375 605
117 374 413
271 130 421
311 384 302
100 397 721
16 221 776
393 188 201
224 266 970
338 327 809
249 279 187
172 92 878
146 334 469
386 337 947
369 398 633
82 85 22
357 192 518
372 384 27
44 2 685
354 123 340
315 259 215
141 70 985
17 240 587
65 126 780
97 376 841
30 159 230
312 232 15
308 172 636
91 222 128
126 307 60
5 91 220
352 207 915
250 61 623
32 199 76
376 342 342
196 7 662
12 189 272
212 76 391
119 229 905
232 109 101
25 137 650
101 231 255
278 149 715
51 245 257
214 306 353
385 347 501
191 47 474
169 19 715
76 251 55
72 346 57
226 330 573
39 97 91
278 358 923
306 344 329
116 224 537
206 83 848
292 301 633
65 8 60
223 15 821
115 63 807
96 43 13
123 130 95
274 170 986
62 98 497
397 105 609
299 348 285
313 349 802
202 25 327
114 114 973
337 204 844
39 351 590
154 208 308
278 220 691
229 141 564
399 341 109
376 228 94
396 75 367
255 232 524
21 69 399
18 235 130
222 64 1
344 109 464
366 370 211
21 90 983
275 41 907
369 199 234
243 176 972
12 271 405
118 70 533
114 345 946
100 379 517
178 249 609
223 211 731
345 357 836
383 273 543
346 266 47
293 327 5
107 212 818
367 73 380
212 153 570
260 358 112
103 103 780
213 185 979
309 149 461
63 295 801
379 290 588
193 24 104
45 144 603
188 93 384
260 317 993
353 321 551
30 91 509
190 44 535
297 361 983
7 400 77
55 372 971
256 365 876
317 374 756
134 131 176
295 219 741
11 23 912
223 326 462
121 199 938
196 163 233
340 43 88
110 308 817
348 40 908
192 151 343
162 84 452
28 199 132
268 297 341
299 75 129
62 310 859
22 252 76
69 22 190
147 105 926
91 334 26
66 154 807
71 3 12
26 279 882
11 280 899
56 233 288
57 351 837
284 286 569
212 247 222
396 247 345
28 105 82
65 197 892
174 62 349
323 338 736
309 244 797
354 381 867
130 135 787
372 217 626
148 163 491
160 140 441
192 19 618
48 67 112
271 60 402
359 191 282
298 293 925
318 24 386
219 311 248
134 184 168
281 356 484
33 281 863
5 69 590
278 347 995
304 48 941
171 170 615
194 360 714
213 102 34
72 162 931
118 269 127
142 273 968
298 4 653
241 295 513
364 377 370
334 98 64
47 77 94
353 162 843
161 119 724
66 34 280
382 323 578
346 322 529
91 284 199
247 277 792
238 173 861
34 58 777
99 338 400
397 168 962
250 236 500
96 285 953
85 340 684
171 52 475
222 123 475
216 255 667
68 318 278
202 272 285
351 234 252
303 393 48
206 277 181
392 157 780
85 267 779
123 68 997
392 111 381
139 77 499
68 383 297
183 42 136
86 158 146
65 340 471
342 233 474
255 6 712
312 208 880
202 298 729
152 82 335
82 297 417
173 260 59
117 136 4
296 191 677
15 373 708
17 162 688
338 294 467
302 295 836
299 323 908
257 343 143
59 253 309
259 313 58
302 108 723
8 295 751
184 252 293
133 399 655
242 7 927
118 384 179
264 391 589
216 328 55
48 133 456
296 336 150
43 27 428
34 40 628
258 143 405
178 265 962
126 85 225
251 263 977
373 224 55
260 308 978
227 207 603
72 119 153
379 306 582
79 325 970
159 48 683
208 210 115
58 2 345
229 213 632
201 353 86
6 1 401
278 300 821
288 309 538
181 252 523
279 3 164
101 105 85
101 114 58
258 213 444
309 385 19
335 13 88
304 296 175
251 347 665
127 90 407
140 112 630
82 7 50
150 235 533
66 247 774
277 88 81
337 140 167
152 207 16
121 80 903
180 20 640
237 275 350
365 229 280
291 147 234
367 279 266
300 366 879
171 149 548
49 170 913
94 212 993
328 125 544
201 213 896
322 333 38
71 86 969
345 392 130
50 132 39
28 56 889
208 133 174
393 168 864
138 221 443
116 275 23
376 39 356
90 81 86
42 300 63
381 339 992
143 16 314
394 147 484
360 68 320
280 78 452
47 86 570
222 396 265
8 261 408
199 362 1
78 225 764
114 144 514
215 175 364
31 152 396
204 127 468
348 163 445
67 196 427
398 344 334
252 107 242
291 203 745
60 4 380
356 13 945
152 271 236
266 247 413
246 244 717
221 326 55
122 278 93
240 144 198
216 92 544
273 199 764
219 219 288
365 299 573
157 353 663
194 234 479
346 309 406
348 256 17
349 18 790
396 92 395
303 245 171
32 313 502
203 343 422
140 339 870
168 122 446
359 215 534
58 321 811
21 94 168
194 322 735
142 150 486
201 230 409
265 82 779
13 161 830
367 9 332
327 56 607
307 201 54
106 230 785
348 190 459
100 86 198
82 32 784
55 360 62
341 64 540
363 185 838
349 386 27
323 246 731
56 160 720
357 255 795
74 321 246
343 187 73
31 145 57
38 391 939
168 189 737
29 330 565
154 17 268
208 256 261
245 20 84
229 327 82
163 337 558
382 345 367
389 202 174
258 157 535
7 78 14
21 372 913
114 363 848
35 34 270
225 99 629
359 78 75
230 231 401
232 7 923
179 64 599
274 303 164
202 124 781
7 133 597
126 66 262
250 361 531
227 67 519
400 109 580
298 372 845
342 216 408
120 196 704
134 322 545
160 367 173
201 249 620
141 162 382
397 363 194
194 215 731
4 245 83
157 20 11
358 137 966
157 307 857
84 361 69
41 92 898
135 167 922
318 371 650
345 319 653
278 264 204
236 217 419
215 81 861
220 115 409
280 292 211
229 27 782
100 216 66
36 144 115
80 148 889
119 127 911
244 317 47
263 85 314
310 395 245
116 40 678
64 106 436
393 236 344
167 228 425
210 24 744
165 203 932
167 284 494
124 192 543
121 361 906
102 15 367
322 77 903
340 60 367
268 25 424
396 171 755
103 277 353
70 98 33
78 16 660
13 185 534
65 180 332
386 184 300
135 119 94
11 220 394
271 240 261
85 146 158
345 298 666
45 155 912
115 188 652
130 225 310
87 79 644
165 33 860
8 262 792
84 45 925
224 62 103
123 171 730
5 154 174
112 121 641
252 340 266
222 317 266
136 112 710
160 54 220
14 246 285
158 125 299
58 270 152
372 18 258
58 246 26
378 52 647
288 197 724
218 155 539
273 330 505
373 319 77
59 392 145
246 261 241
384 51 190
156 166 728
391 7 402
7 37 834
181 173 855
128 400 634
267 274 130
159 21 147
368 85 677
32 255 199
333 288 124
142 109 318
238 119 156
85 215 371
173 349 676
253 148 938
17 372 260
241 382 282
298 362 949
11 32 2
141 148 954
191 297 881
196 68 878
361 112 588
398 284 382
92 318 899
345 82 51
106 258 211
5 374 428
173 13 588
88 365 510
240 268 166
326 251 292
207 367 412
175 272 680
304 365 192
167 356 44
290 313 664
205 321 646
231 46 373
251 79 245
284 247 952
365 182 321
37 121 360
237 71 896
171 51 77
351 371 724
249 246 551
38 300 437
99 8 487
70 128 258
79 67 282
384 80 183
270 19 758
141 106 44
234 88 634
359 306 766
333 204 413
315 287 260
198 101 395
108 215 55
277 193 549
284 195 276
294 84 157
268 267 631
80 134 431
398 112 607
202 54 857
324 100 207
180 66 175
172 234 54
205 222 759
63 289 789
292 106 365
259 302 506
332 173 823
139 6 623
68 175 356
92 222 910
122 153 455
195 170 812
173 65 863
201 195 264
20 191 716
361 39 114
333 220 639
51 49 150
336 204 878
353 400 965
237 33 75
298 80 446
160 196 219
327 247 657
41 252 622
169 238 353
109 384 407
299 191 208
392 27 396
43 278 712
326 246 41
154 337 207
105 84 392
119 86 439
141 87 867
204 60 650
133 346 339
362 223 757
319 357 257
299 37 437
293 152 749
348 268 909
329 59 48
380 245 30
171 39 657
396 376 902
207 307 507
211 116 265
66 165 616
49 356 420
324 280 964
305 128 497
373 178 378
323 1 174
333 347 879
342 331 80
152 19 226
332 396 53
202 4 520
291 57 692
240 161 939
354 162 281
70 114 728
56 362 460
238 287 433
133 122 901
120 10 374
73 372 704
353 274 904
350 330 587
244 63 450
277 264 282
31 343 906
304 264 106
291 17 92
201 332 793
42 49 389
136 245 691
103 34 612
215 148 54
4 104 447
316 0 571
129 248 826
52 38 79
242 370 422
129 136 614
59 176 519
287 263 48
58 196 34
59 152 129
399 365 478
125 17 723
52 334 395
25 99 876
33 34 622
54 274 624
210 22 463
241 365 46
185 199 7
166 132 965
250 271 943
57 110 716
94 145 268
363 77 473
281 35 85
196 102 637
72 110 68
371 75 397
380 368 264
172 264 3
335 251 718
34 388 917
62 299 995
243 43 986
244 123 785
251 237 283
111 369 900
349 51 866
173 178 192
261 244 296
355 327 285
364 70 104
20 32 775
102 21 753
179 342 443
143 219 419
343 131 378
341 134 6
207 90 29
8 119 882
195 72 631
59 148 56
9 75 526
70 314 624
288 72 373
74 173 293
73 209 226
361 340 905
153 87 674
399 260 679
204 248 966
253 112 746
228 351 501
388 167 819
298 169 302
338 294 94
164 292 333
325 390 991
238 335 886
296 88 526
388 87 891
324 275 17
180 127 715
316 279 696
63 145 198
250 110 483
260 180 225
191 211 47
123 292 949
377 55 661
205 233 495
116 391 757
45 23 226
30 256 39
181 79 293
201 18 475
364 200 971
199 70 692
218 136 355
103 249 52
123 74 800
56 121 356
7 165 253
103 56 530
360 244 614
311 74 207
228 400 730
280 235 720
9 344 196
287 273 53
318 362 663
41 228 562
341 342 819
39 356 348
387 291 315
141 57 95
120 247 31
292 227 937
396 82 800
193 372 564
322 201 626
88 192 766
213 114 258
203 68 40
135 356 937
214 267 480
58 235 138
385 245 796
277 52 887
7 367 15
208 72 186
214 151 17
82 237 965
320 353 976
224 23 286
25 122 349
205 110 680
400 238 938
7 46 706
272 29 95
265 348 900
233 141 306
236 182 547
302 330 117
372 263 101
34 186 462
52 327 66
87 181 886
42 8 195
57 292 389
350 353 188
394 295 501
365 200 67
75 75 860
38 345 487
306 0 943
341 216 588
391 218 788
303 212 637
50 61 766
178 50 918
248 116 381
91 343 651
208 395 75
64 321 77
136 326 425
216 366 466
238 206 932
253 10 249
30 158 646
89 163 332
37 165 105
293 369 355
135 383 959
229 22 913
22 239 661
245 71 736
25 144 527
314 285 168
178 148 681
340 306 902
276 181 209
118 366 908
238 197 812
259 222 298
223 36 442
227 220 117
358 138 808
263 30 136
212 244 431
352 175 450
174 280 517
15 240 36
294 194 209
366 3 278
266 199 276
267 356 157
61 87 255
243 200 171
56 375 543
349 277 346
166 116 447
393 302 554
113 198 56
33 173 48
288 255 772
252 90 298
279 390 640
4 312 28
373 357 62
273 91 928
58 193 663
320 372 850
41 342 414
368 322 737
65 320 865
324 239 623
170 136 775
33 174 270
131 169 430
264 314 448
180 339 849
119 115 435
260 228 109
299 338 196
41 265 347
92 266 150
395 181 658
143 198 725
297 386 839
253 175 317
72 397 492
43 48 766
379 182 702
88 44 556
325 83 136
251 235 997
398 235 591
173 357 940
153 117 470
138 141 870
305 386 428
365 162 117
47 123 639
212 289 897
155 328 562
291 253 894
21 199 375
39 269 341
144 80 860
6 151 903
326 59 863
186 281 452
173 156 540
17 273 864
304 190 808
215 236 588
40 70 460
343 251 359
222 104 613
208 56 534
95 193 489
321 118 688
43 365 426
79 95 507
5 307 816
269 258 242
391 85 585
282 171 394
53 300 96
305 123 547
280 174 486
378 277 702
253 346 310
40 253 828
361 361 534
104 83 954
385 213 376
229 1 4
75 185 52
274 289 917
287 224 975
94 360 913
43 143 838
129 296 983
300 113 167
183 319 464
193 21 70
9 26 341
241 19 481
69 201 340
65 304 601
37 339 533
75 336 263
209 18 107
238 77 406
191 164 682
255 16 263
162 216 522
336 119 567
308 379 113
339 167 743
25 400 300
8 74 290
379 254 232
231 244 260
385 36 678
387 289 165
389 370 451
250 199 618
385 222 700
192 197 996
314 36 184
254 392 358
113 116 246
188 97 328
149 9 285
108 161 994
52 322 756
88 181 919
244 254 766
194 131 156
46 204 971
237 328 619
323 337 305
375 130 333
344 58 76
167 113 503
359 82 319
49 26 874
53 29 469
98 374 610
292 18 382
219 6 214
131 240 383
306 204 935
277 346 88
69 258 998
273 383 183
9 384 715
240 162 51
303 298 108
85 284 233
329 47 895
303 100 727
185 334 820
253 209 295
42 329 974
260 64 826
114 44 809
348 394 406
57 312 640
44 394 707
42 300 628
268 386 58
270 131 288
249 0 356
348 187 307
241 178 358
64 100 289
1 16 703
79 68 936
22 37 293
345 344 593
283 180 883
276 82 639
321 137 725
371 247 305
140 281 174
153 164 551
245 226 678
95 357 987
276 343 449
103 35 525
47 75 898
4 192 709
182 144 205
370 378 615
120 251 632
273 184 671
115 222 137
370 384 812
288 146 333
303 333 25
337 28 109
400 22 547
198 328 227
81 277 844
181 79 351
52 164 336
354 235 828
266 345 394
271 24 919
212 351 935
124 233 316
126 141 727
200 115 935
43 387 88
262 389 92
276 249 618
310 13 64
169 306 90
335 241 673
169 135 369
352 106 349
35 107 587
389 388 911
180 256 916
352 264 935
115 311 188
161 225 589
38 256 791
306 370 560
287 77 457
77 223 506
221 116 307
238 41 0
64 185 929
42 346 985
28 99 144
302 229 480
253 271 365
179 2 811
237 126 540
137 51 396
62 36 369
117 30 969
82 115 358
160 261 693
363 355 216
197 9 415
16 161 404
345 189 208
180 346 19
333 95 67
123 90 711
261 92 187
306 8 326
367 87 951
376 252 260
48 338 9
222 99 611
271 148 781
59 91 772
397 172 578
305 25 380
221 44 982
198 101 761
266 398 833
241 213 280
319 30 16
201 42 45
135 102 944
274 228 244
221 267 843
12 248 139
79 353 197
23 50 936
293 230 371
255 138 636
266 68 643
0 101 444
254 31 804
53 291 837
240 256 775
14 239 988
171 82 777
174 335 369
316 212 766
303 229 564
122 5 335
321 193 96
176 209 483
309 90 579
211 349 423
384 316 736
281 333 127
323 68 170
142 194 389
291 92 734
126 2 433
385 296 627
182 188 791
56 309 280
72 331 17
269 190 219
159 10 531
81 156 545
286 269 406
82 215 648
175 77 137
265 387 969
17 127 445
390 163 759
221 308 14
54 152 678
217 198 733
63 74 439
126 180 292
56 43 76
187 270 716
365 90 683
201 179 679
128 172 984
177 0 745
225 193 295
384 389 777
236 112 81
152 284 967
306 394 797
252 214 888
2 202 909
381 207 482
261 261 686
324 370 629
39 102 493
254 214 233
19 187 237
112 395 660
115 300 14
192 277 462
107 8 840
140 71 714
30 129 266
239 84 94
279 106 927
301 192 864
275 303 104
219 1 394
385 26 199
213 321 468
179 208 636
128 309 959
191 33 951
251 163 645
394 305 146
255 48 751
392 126 784
316 236 829
237 8 126
371 326 605
153 330 464
247 77 183
229 308 168
53 101 48
161 276 37
360 116 98
5 37 5
16 233 877
100 240 534
160 42 227
97 174 931
273 53 819
160 253 942
102 79 849
242 236 480
269 12 33
191 144 598
235 342 467
252 353 312
359 396 228
42 215 155
170 339 71
329 342 415
99 362 117
175 115 300
121 28 264
392 195 195
51 95 807
386 202 384
15 18 955
8 144 301
276 270 643
167 233 903
36 163 875
238 234 219
185 129 477
252 190 405
129 219 152
167 125 349
19 233 651
330 397 985
208 115 423
274 61 309
73 183 32
14 33 224
243 168 587
332 226 181
379 170 204
293 255 240
364 128 127
25 286 211
287 164 188
61 278 142
340 180 793
334 369 524
344 138 980
122 41 111
340 279 797
59 216 125
251 53 370
343 59 417
100 173 262
383 291 542
339 243 312
389 344 600
255 400 314
79 207 250
263 339 507
62 157 45
378 144 62
173 182 321
319 391 394
339 308 864
96 309 382
334 226 375
12 205 749
359 220 473
64 72 355
85 225 730
169 354 167
337 30 733
281 69 801
342 48 376
170 107 539
327 357 788
203 311 657
38 128 520
2 352 429
124 47 584
202 393 856
206 365 536
362 305 848
376 167 980
295 392 483
174 109 58
47 38 781
37 76 259
292 10 237
69 130 415
185 190 236
111 243 332
353 82 406
285 238 796
308 191 836
41 14 173
322 83 94
167 344 339
266 38 415
169 377 253
351 132 853
281 212 263
93 156 270
16 178 546
174 297 447
60 144 669
15 227 247
38 14 737
34 94 725
239 84 937
322 98 778
150 279 414
307 132 351
89 211 590
178 2 157
254 285 842
55 26 385
353 263 723
400 128 102
267 335 64
361 256 762
284 348 406
159 235 567
249 351 27
58 251 703
110 175 689
85 180 191
86 124 677
156 330 155
258 149 820
363 265 526
151 299 4
361 8 458
62 175 432
339 196 988
304 284 881
119 332 747
315 309 677
69 34 264
210 14 36
236 180 684
203 320 30
232 359 723
342 316 624
16 359 430
159 49 63
141 333 95
340 339 812
331 73 86
307 139 833
374 284 452
364 284 401
153 0 150
177 54 116
91 171 244
101 338 772
330 132 734
269 180 774
125 148 302
53 144 350
209 295 486
165 336 917
367 241 936
61 368 115
180 256 41
360 286 499
224 199 957
169 219 258
145 351 164
378 31 927
41 168 295
77 222 465
5 310 679
272 214 156
24 349 372
341 65 675
172 304 188
223 55 282
217 381 712
282 272 661
67 311 471
301 21 693
209 5 131
31 18 788
130 22 396
38 316 656
243 115 61
213 21 790
103 372 939
209 392 10
345 78 519
380 24 381
96 124 219
2 219 212
323 274 399
353 54 589
50 386 286
323 399 502
381 55 994
396 13 538
218 330 6
183 119 590
93 38 6
176 326 11
74 89 894
197 238 436
126 255 553
244 4 287
211 353 105
67 75 540
389 320 385
251 335 500
42 315 409
186 247 137
79 294 546
28 211 568
225 170 108
159 166 610
398 328 771
204 148 716
296 255 343
37 327 138
318 4 997
97 54 647
46 186 677
316 281 612
336 241 647
90 134 996
91 264 891
364 87 789
174 40 106
184 77 400
172 35 535
2 357 168
335 382 143
27 147 564
358 106 493
379 354 262
154 29 876
216 19 128
22 123 664
143 7 388
108 344 980
290 203 575
44 107 491
375 214 546
15 132 12
204 388 763
386 383 71
393 280 657
248 193 383
286 197 455
215 378 433
208 75 708
190 190 967
39 45 278
258 35 420
386 273 437
159 208 979
192 70 936
99 263 585
274 70 21
346 6 329
32 331 299
226 53 798
306 387 683
21 92 72
324 110 709
218 334 4
390 311 790
44 109 195
33 22 251
372 232 756
273 72 677
97 64 818
82 163 372
73 227 728
43 284 630
84 23 147
323 67 741
352 33 364
237 165 308
207 31 15
32 221 418
153 198 453
162 322 985
299 188 832
342 51 543
34 128 859
189 196 536
323 283 560
51 341 392
71 33 759
380 47 487
103 63 238
259 146 358
165 222 639
8 142 803
9 239 190
236 239 423
349 2 396
29 195 289
322 267 892
310 367 462
267 173 692
292 326 334
80 386 558
320 261 263
60 145 683
74 25 212
315 319 600
72 339 154
339 197 605
393 311 102
90 198 826
369 15 708
226 323 241
82 67 342
179 364 889
344 83 806
110 238 292
62 3 575
13 230 784
76 31 187
265 324 664
280 382 87
165 236 336
250 5 9
351 127 716
243 177 87
295 198 859
281 256 584
198 81 420
166 363 321
129 253 644
374 99 30
280 194 372
137 363 355
314 3 661
147 17 628
90 327 714
147 337 484
72 25 587
285 213 712
79 235 567
392 118 74
192 57 909
267 338 934
172 221 271
319 35 765
61 17 787
147 113 13
10 42 614
33 184 659
333 128 838
348 233 462
258 366 810
394 130 98
317 74 175
194 233 965
19 319 431
368 252 575
151 129 237
374 287 625
257 339 634
170 207 18
61 41 748
26 17 867
62 23 902
288 199 861
329 161 521
14 248 601
188 51 189
262 25 360
115 36 632
383 178 428
271 305 780
212 198 510
202 364 105
315 60 598
335 312 828
345 359 859
279 8 262
93 31 367
73 185 904
259 251 287
9 16 687
98 292 509
147 62 600
127 140 657
14 278 237
339 364 233
119 346 756
124 79 603
178 283 133
77 217 538
369 178 84
133 110 278
37 73 719
124 296 643
317 113 83
396 327 619
266 230 130
69 305 802
94 337 428
313 350 544
97 92 284
289 205 130
328 207 421
255 239 616
6 283 898
2 348 292
258 102 176
58 132 835
335 217 154
0 223 49
266 278 544
4 342 545
67 125 451
392 108 837
246 332 647
363 396 676
330 339 862
218 180 929
118 10 326
377 50 27
261 210 132
299 5 91
251 80 281
36 73 467
51 347 560
216 164 846
22 13 984
270 194 225
171 398 254
268 359 221
205 400 744
316 162 252
123 323 148
355 107 196
69 307 700
308 63 813
118 0 324
374 241 308
158 49 791
356 177 752
82 126 96
38 320 502
104 367 619
354 23 869
344 149 344
373 384 213
44 115 784
247 393 966
341 207 293
191 258 698
13 255 724
224 200 415
272 155 438
15 124 861
216 322 245
82 233 981
294 79 667
44 286 585
378 114 482
186 214 303
302 382 725
111 230 15
21 99 232
224 291 999
372 384 31
389 357 379
219 260 544
91 386 499
76 250 92
48 345 865
200 373 558
304 61 672
78 17 60
353 358 751
318 140 967
310 163 822
353 362 265
106 371 48
104 399 893
261 343 827
300 400 37
77 318 29
234 14 981
115 128 654
30 105 200
179 333 543
336 298 943
129 163 250
265 232 676
128 135 359
122 348 526
273 290 816
152 89 846
330 10 625
157 25 98
236 125 188
33 221 392
6 159 128
318 92 797
398 270 223
126 296 638
30 179 435
24 193 811
79 205 674
286 370 311
135 128 903
266 320 229
211 325 221
327 371 993
185 340 758
339 71 214
226 219 812
181 46 548
75 195 273
247 255 770
4 295 676
148 248 45
7 215 180
128 376 658
67 264 319
121 10 447
290 82 71
257 37 802
302 42 780
10 383 855
374 289 796
169 294 868
35 100 866
339 358 880
328 80 352
58 378 444
310 31 757
324 340 98
87 17 695
99 151 148
212 159 801
267 76 46
25 219 983
174 113 313
100 270 557
0 335 740
389 210 768
105 107 895
159 357 353
235 88 241
42 250 97
320 82 267
277 334 85
311 101 187
391 313 925
183 27 923
97 172 630
56 243 615
222 348 842
4 237 983
272 130 28
150 128 606
322 89 891
183 389 471
302 79 209
145 97 793
302 321 217
392 278 879
277 194 116
177 259 701
184 242 731
8 34 967
358 375 416
30 281 585
30 315 887
353 124 672
110 378 276
128 264 499
321 394 38
338 231 436
235 45 180
91 205 402
245 334 975
201 16 346
146 162 864
199 363 453
356 48 497
77 172 396
238 254 876
176 127 484
104 165 626
3 341 641
199 115 135
119 255 761
26 189 379
73 205 212
325 229 606
311 59 712
54 372 912
205 75 319
114 44 864
66 376 120
315 24 506
84 353 713
337 50 151
267 214 368
353 181 251
378 289 67
324 130 35
64 38 547
73 265 303
152 68 715
108 199 161
110 318 626
6 44 299
32 44 80
233 387 532
48 38 649
346 65 421
223 276 443
241 71 760
85 155 589
119 245 630
21 335 626
43 6 482
192 241 903
254 365 930
152 161 638
81 11 643
53 335 370
400 67 955
0 141 239
295 55 739
398 326 760
314 378 569
349 114 214
59 314 474
289 336 62
358 384 259
137 150 280
257 173 152
274 377 272
39 45 604
301 264 2
123 182 232
34 14 213
16 185 334
22 136 785
200 308 250
62 254 352
156 180 87
216 25 794
362 193 567
212 278 333
214 354 294
24 229 616
378 295 951
50 357 910
165 340 3
34 266 152
169 223 880
75 366 630
94 32 2
278 161 943
78 286 536
236 19 775
17 159 96
346 332 899
102 261 6
245 200 268
160 19 965
331 50 187
228 60 634
346 189 680
90 155 545
42 122 345
32 394 790
29 17 307
359 363 406
254 39 443
213 216 136
260 385 677
350 37 916
285 23 961
107 1 373
289 209 45
268 339 652
94 266 811
345 276 938
155 334 97
5 79 244
337 78 299
298 129 341
400 72 219
96 267 237
113 283 451
370 71 68
329 285 352
295 256 524
80 258 745
385 73 966
197 172 718
374 381 741
248 268 454
29 79 557
294 382 568
10 348 338
22 178 973
137 126 890
45 226 145
282 145 685
195 13 194
384 338 825
363 167 770
289 43 287
359 251 592
362 339 859
84 275 643
159 207 139
205 40 602
241 67 580
366 39 693
220 175 518
41 2 365
189 307 476
302 254 323
12 108 422
1 274 997
8 216 558
273 157 687
81 165 875
200 66 74
323 6 373
3 270 809
46 330 93
42 48 132
103 302 590
197 42 86
257 197 554
107 321 668
125 205 870
396 300 826
363 34 307
395 309 836
243 181 283
321 188 426
294 35 434
245 145 748
31 394 87
192 258 484
187 250 145
228 161 871
181 108 660
387 203 417
4 359 635
291 112 61
240 275 817
289 333 958
67 90 573
37 123 371
313 329 18
36 276 588
11 151 836
49 308 1
348 110 277
353 349 947
243 196 440
145 147 81
128 258 948
161 180 273
153 300 912
76 262 127
381 92 93
327 21 792
294 389 10
297 292 508
7 11 148
319 265 629
2 295 892
265 90 907
128 327 645
390 148 171
51 112 361
4 242 675
250 400 554
364 283 339
241 333 898
330 341 697
51 191 980
169 270 688
182 60 195
139 204 240
313 193 86
342 23 217
350 275 32
368 246 812
261 265 80
26 84 280
291 54 931
114 213 609
133 360 952
251 21 94
144 37 771
4 309 80
221 98 635
209 126 464
247 367 472
369 392 281
54 81 539
290 336 956
323 304 813
0 70 81
178 296 841
213 74 296
100 130 796
195 151 636
153 258 705
202 390 758
196 100 77
270 18 307
48 130 466
133 35 81
278 68 26
174 118 310
48 227 377
147 217 792
241 215 927
170 20 273
142 279 188
284 385 372
45 333 664
91 261 412
13 153 409
265 173 247
9 313 181
82 123 251
94 344 692
258 256 965
303 127 137
199 206 657
352 20 368
243 53 530
87 255 433
216 20 111
100 173 505
364 237 957
146 47 853
237 306 38
15 105 887
394 380 10
370 320 972
338 341 837
276 138 580
134 6 606
400 338 948
324 219 236
375 300 662
285 346 159
370 342 978
33 319 694
236 142 128
37 45 826
16 117 517
296 263 935
180 91 303
291 333 297
357 327 500
77 313 652
375 167 455
104 224 520
110 160 271
190 319 491
77 297 440
285 241 865
334 158 796
58 280 379
238 390 403
296 372 632
20 142 137
352 297 427
57 326 329
308 390 116
292 215 916
390 296 130
12 116 877
319 48 626
178 295 426
23 230 597
68 189 976
113 151 680
372 163 671
186 359 663
316 376 748
392 103 198
389 247 290
354 57 816
201 207 775
200 99 69
32 33 319
112 248 278
109 287 389
214 28 647
248 126 975
356 236 14
339 36 714
142 81 363
37 320 298
58 185 378
77 81 518
380 265 552
387 92 568
386 374 850
112 273 246
208 332 371
29 163 905
225 332 600
360 354 994
19 136 190
292 11 449
99 362 333
222 18 969
71 31 996
233 190 927
232 299 239
292 76 264
283 66 870
292 270 102
273 26 619
189 200 902
329 57 963
307 319 229
227 3 979
275 66 284
192 194 297
103 203 738
37 270 443
243 324 883
122 349 529
43 313 191
26 122 974
200 160 481
49 157 585
141 284 912
63 309 853
326 240 347
393 300 601
101 378 114
137 391 432
377 331 277
27 129 629
17 122 694
308 180 626
9 26 46
105 91 546
92 186 355
328 174 497
171 5 825
54 166 687
375 283 880
281 79 738
117 207 447
368 354 438
79 108 573
208 258 680
172 363 531
224 223 136
155 107 626
153 382 627
387 252 753
210 20 63
245 364 332
100 277 547
206 174 277
70 26 655
33 315 902
163 334 78
93 158 896
320 319 133
300 130 305
321 72 400
24 277 476
249 377 953
277 53 389
126 135 331
15 106 506
104 54 527
28 185 578
29 256 342
148 236 906
274 273 394
26 372 275
388 83 236
250 272 30
15 81 46
352 383 515
327 228 791
167 93 1
40 302 505
80 72 495
345 12 7
384 233 112
212 122 287
250 8 290
134 322 528
81 55 866
75 290 152
322 225 462
279 147 798
227 286 86
88 112 859
32 101 341
53 110 817
130 38 759
224 295 863
126 85 797
354 386 222
75 66 907
124 64 491
39 338 884
148 196 34
277 40 866
238 203 730
254 260 509
134 42 718
64 8 723
49 90 406
35 10 108
324 62 108
242 252 549
194 104 206
119 2 988
225 155 496
315 22 808
335 47 73
332 161 201
23 185 741
30 44 336
322 355 375
284 47 5
395 308 970
133 238 225
7 170 461
351 346 962
102 205 111
122 14 991
55 72 754
216 125 249
8 400 872
169 12 10
399 343 241
89 320 87
170 114 962
364 178 612
291 19 362
215 213 136
84 159 933
126 0 13
210 350 270
18 221 391
208 12 94
302 100 988
142 87 319
183 322 971
174 74 147
328 78 963
107 201 45
217 177 857
32 67 997
27 363 777
291 210 711
59 225 670
39 122 314
253 332 38
230 399 363
40 74 356
282 4 312
167 118 366
297 339 297
348 220 868
256 194 227
315 79 213
165 23 703
343 28 292
32 199 829
156 339 106
219 371 14
166 204 788
90 188 91
207 374 177
189 127 960
319 212 760
242 374 0
231 222 134
225 25 777
324 382 756
369 50 450
65 16 47
210 250 216
156 111 303
28 263 127
127 76 892
250 99 946
186 55 759
368 257 222
156 364 993
121 118 894
345 210 150
179 231 407
74 378 731
278 73 318
326 264 641
21 48 851
171 23 161
245 14 301
25 303 998
184 94 678
283 309 368
298 387 93
358 376 616
377 47 377
290 96 793
239 167 811
83 368 99
142 269 130
336 41 769
232 362 459
157 298 297
235 126 853
307 247 3
180 88 554
357 350 616
158 334 853
62 260 900
89 368 774
386 33 628
184 85 851
145 179 103
145 281 673
165 142 876
83 121 813
355 174 705
37 399 341
383 277 645
272 174 338
199 32 268
400 19 494
142 289 242
243 226 97
291 364 62
123 114 707
189 385 397
189 45 751
48 90 868
377 253 6
331 80 137
379 239 195
277 266 737
232 321 578
391 327 53
171 212 275
190 56 766
165 376 816
399 376 488
277 227 779
47 335 686
388 140 475
91 123 820
297 257 519
382 49 882
109 228 435
331 342 679
147 228 194
223 111 765
113 296 394
122 261 611
106 14 106
395 349 771
235 252 209
316 379 651
201 362 961
32 66 132
325 16 507
84 129 725
273 298 96
382 143 202
270 164 841
169 254 242
149 90 397
268 343 893
120 132 278
185 22 72
165 187 643
104 47 824
196 89 32
112 334 955
76 33 914
144 285 499
257 361 215
400 154 292
277 319 156
16 90 793
358 9 490
210 353 630
358 44 649
369 8 930
196 365 173
156 362 775
389 245 362
317 298 382
310 198 213
67 186 691
115 4 402
129 176 516
278 18 638
258 378 109
136 396 482
235 54 273
375 185 317
205 337 914
196 299 864
245 233 614
108 139 840
283 288 400
295 397 482
314 395 35
82 24 214
132 58 747
73 117 48
247 277 434
258 160 897
364 365 797
383 124 25
172 39 160
286 210 619
120 267 973
146 277 402
127 255 545
377 262 856
166 123 758
336 382 82
362 150 672
323 17 351
1 349 505
174 149 620
327 344 429
358 2 703
381 381 443
107 174 525
246 291 262
100 369 178
126 219 267
130 221 61
205 172 5
2 188 360
181 194 482
103 123 790
70 310 142
278 359 660
62 335 164
271 276 422
185 34 467
258 330 736
95 123 615
140 60 930
138 342 855
384 339 904
191 70 153
325 321 564
56 50 947
352 261 717
392 346 918
126 13 682
259 394 474
262 47 989
145 62 233
56 44 764
289 361 93
54 303 325
310 209 458
241 60 592
141 332 268
205 192 906
105 221 157
244 192 831
333 387 964
187 145 113
125 73 591
124 237 280
357 232 839
214 245 839
366 80 16
90 265 428
263 349 870
300 38 508
375 304 623
276 195 915
264 321 306
136 374 498
134 294 740
152 212 65
193 364 915
16 108 1000
372 237 816
118 104 411
203 171 632
158 36 103
92 354 142
107 304 436
17 274 206
373 74 204
310 47 360
63 274 300
323 122 905
68 19 294
379 39 924
125 222 42
85 305 120
194 283 996
335 83 148
262 13 509
268 199 731
34 331 494
289 210 133
129 192 20
348 43 322
154 314 142
79 42 533
114 340 472
178 281 663
133 379 13
157 168 841
255 80 918
169 62 283
58 296 929
178 75 768
287 87 848
89 103 390
370 197 475
52 180 341
76 27 388
255 395 987
258 67 969
383 142 294
14 351 284
330 309 808
197 295 988
195 97 551
57 228 648
172 400 661
38 213 410
111 16 782
216 295 390
280 6 83
136 291 346
176 41 440
184 96 28
380 38 371
395 246 837
257 235 440
106 253 947
179 196 87
362 302 924
220 304 938
182 82 472
207 228 456
9 45 282
262 78 808
310 287 637
302 58 135
125 172 424
226 21 918
352 83 690
201 242 501
326 258 813
285 344 198
53 52 496
64 164 522
394 301 428
367 269 193
289 73 630
155 52 375
315 27 855
34 128 299
337 189 786
175 108 814
152 40 249
372 269 932
222 268 672
100 174 379
48 119 359
126 83 844
393 375 560
96 241 122
287 59 395
162 109 533
133 368 776
94 131 288
382 189 73
300 43 590
331 373 672
91 356 789
142 201 919
15 249 652
48 302 923
363 147 199
305 291 562
54 48 965
340 336 923
96 241 613
24 243 323
386 59 624
178 202 1000
124 319 20
144 174 489
13 380 428
95 266 169
81 259 616
202 386 421
141 230 779
305 247 687
184 96 402
355 148 646
131 78 157
346 222 422
178 58 521
315 330 166
179 179 529
375 339 473
39 111 160
194 186 163
282 79 135
90 120 175
45 6 279
180 162 854
79 71 291
9 254 111
296 69 664
31 169 689
276 219 701
273 2 78
48 15 781
370 104 414
198 340 441
351 148 244
205 64 721
400 254 607
26 107 642
85 296 722
352 100 388
85 345 845
119 165 671
354 193 166
374 186 554
158 76 400
95 263 551
158 329 550
400 151 830
378 41 670
147 361 698
139 354 496
345 361 840
28 224 253
145 159 997
354 193 218
138 379 320
47 219 376
156 386 105
224 14 144
388 43 496
17 75 324
120 239 897
289 91 817
325 352 555
158 255 903
285 184 180
354 391 327
128 307 974
97 95 690
90 41 397
159 154 145
89 72 200
225 307 649
345 244 539
102 85 532
203 124 60
323 98 596
345 357 144
201 249 54
160 393 536
196 13 525
337 142 386
375 140 815
319 129 339
346 303 694
189 157 251
57 183 119
5 22 334
204 366 145
357 31 426
191 76 961
240 160 586
22 108 943
284 23 95
64 137 13
283 262 900
56 140 814
130 235 741
57 332 94
187 87 610
225 113 792
281 265 485
157 329 544
55 53 577
123 81 374
143 281 689
287 112 707
261 88 558
165 254 252
34 148 679
249 39 141
64 98 837
143 42 951
395 125 636
265 338 178
323 10 632
360 191 872
324 49 594
290 382 288
254 202 436
104 361 131
266 324 430
269 10 99
28 319 688
138 31 811
357 95 440
150 379 98
128 389 550
98 183 938
181 272 453
167 127 789
204 370 277
13 36 892
254 276 150
75 392 158
213 232 494
307 78 413
53 197 186
244 254 934
159 143 180
251 80 659
106 273 784
400 121 490
243 195 433
194 283 299
110 114 485
186 148 778
220 56 205
31 321 121
250 227 207
307 62 405
54 300 34
169 199 999
160 121 897
99 248 680
327 73 939
346 313 159
176 371 749
203 67 315
158 15 731
267 335 746
14 19 144
375 390 295
42 181 85
90 63 69
101 252 737
265 306 924
60 110 573
271 294 590
245 266 477
283 88 389
246 242 695
43 176 556
141 138 868
218 379 255
341 330 544
261 167 560
59 53 86
398 250 674
264 12 395
56 119 21
31 153 727
170 208 153
43 5 700
364 21 333
61 54 552
385 322 192
93 40 58
143 30 235
150 88 725
232 397 468
118 272 764
272 186 889
61 333 336
188 210 670
263 356 95
55 21 553
231 132 621
124 264 9
104 355 806
325 6 340
97 296 427
177 65 50
381 89 535
153 207 377
389 339 406
334 320 525
267 144 744
309 31 145
132 267 956
131 227 870
268 358 251
79 365 438
171 369 17
45 138 228
257 117 662
302 378 486
281 245 429
87 182 22
114 10 983
135 357 192
266 205 878
73 177 999
58 22 198
211 299 857
220 150 815
283 307 771
138 219 178
303 381 609
340 303 360
56 399 610
33 59 339
165 255 539
104 168 669
395 158 459
6 217 956
263 256 895
387 394 625
339 329 518
242 351 851
75 386 216
3 163 957
265 255 506
230 82 509
264 199 40
60 302 674
118 322 826
317 380 232
363 372 224
106 105 921
13 250 862
52 215 761
233 83 599
264 353 672
156 27 14
257 180 267
134 170 680
75 370 691
330 335 674
8 337 768
390 249 493
356 367 168
9 28 676
43 335 443
203 156 742
50 127 698
174 282 266
244 50 113
36 3 594
106 43 207
361 278 33
72 67 767
108 16 90
283 38 115
1 399 547
298 347 856
126 128 302
307 77 312
332 45 455
139 87 960
302 261 707
179 39 793
316 354 302
93 15 645
199 128 833
317 287 587
167 146 767
186 262 997
251 246 381
204 169 531
55 221 937
263 267 403
130 140 288
281 264 14
238 180 759
166 134 3
92 100 771
155 250 697
363 148 690
45 267 121
120 203 542
220 269 552
98 85 986
192 326 885
300 304 856
271 292 997
248 102 625
359 12 749
64 230 559
263 89 281
217 67 240
249 219 765
216 284 977
161 146 981
395 118 505
243 103 163
392 144 877
300 68 357
261 117 780
222 128 656
167 33 441
104 230 35
114 307 75
138 43 999
119 215 15
131 340 262
390 241 221
7 400 640
24 247 435
227 345 687
30 76 782
271 3 866
114 32 798
255 149 497
353 5 952
89 292 447
297 18 379
91 267 596
377 128 952
295 199 682
142 198 190
294 280 790
153 104 138
293 187 21
79 194 337
22 105 559
384 212 854
295 20 26
386 104 356
14 192 298
45 1 35
228 366 67
125 21 168
199 229 791
365 211 337
172 21 828
282 268 202
221 80 720
100 312 558
76 172 331
71 253 868
68 246 294
11 104 828
336 246 869
6 274 105
102 48 813
218 191 256
134 29 5
59 95 111
45 301 314
274 206 998
381 311 95
185 188 490
380 158 295
352 196 922
188 329 423
41 365 678
139 369 88
340 188 330
91 86 979
28 70 413
175 393 758
124 338 864
86 352 130
256 25 631
192 317 515
336 16 454
234 394 83
364 104 105
85 387 488
50 216 885
168 151 231
379 120 629
60 367 2
110 43 976
366 303 68
372 260 826
398 237 842
36 174 214
395 55 242
141 229 725
390 87 210
74 212 270
150 170 840
258 51 895
305 17 27
387 221 83
259 172 759
365 331 533
215 353 808
103 79 913
226 21 335
388 208 489
24 189 518
373 163 538
290 228 170
394 312 885
93 196 793
374 209 579
39 310 409
58 73 717
361 177 624
105 355 580
77 93 49
389 149 799
42 185 458
134 240 688
243 19 953
350 275 468
93 84 109
230 209 13
12 391 993
273 248 994
7 329 85
327 15 73
389 184 937
45 282 907
103 215 99
5 42 525
153 162 62
107 193 64
299 378 763
350 273 529
220 371 1000
167 70 157
102 142 382
229 249 101
399 33 160
230 312 849
184 234 911
262 316 475
295 276 314
146 321 272
328 309 333
392 311 909
334 98 37
221 333 239
11 368 512
366 336 617
303 210 174
27 148 833
331 221 232
242 72 137
206 153 953
202 332 433
69 228 185
31 369 73
299 339 215
345 20 786
186 344 874
372 56 40
380 140 305
190 373 468
128 341 862
210 62 519
258 181 727
386 62 324
29 209 131
337 55 19
206 301 691
111 46 655
74 97 616
332 396 528
129 114 238
100 270 718
38 324 168
218 354 469
260 324 839
191 1 280
279 38 288
183 276 134
356 385 608
43 90 686
280 396 54
96 278 160
28 91 207
108 292 98
163 362 968
301 159 455
352 37 151
39 201 562
218 96 214
397 235 417
45 363 561
295 87 253
184 299 517
256 236 677
151 26 831
94 76 437
262 251 224
42 268 526
222 16 888
132 205 333
351 377 507
395 312 303
62 148 987
377 309 851
142 76 144
227 87 638
133 113 701
186 372 68
349 179 56
160 27 116
294 21 499
129 361 253
16 394 236
91 153 561
369 151 275
76 66 116
331 370 413
326 295 717
133 263 184
88 370 677
199 134 309
91 244 908
3 198 28
339 308 796
333 258 329
146 364 785
187 220 466
177 25 78
279 382 400
375 164 591
185 146 322
138 228 581
380 385 474
225 104 558
124 57 162
1 213 544
115 310 208
38 31 161
336 366 651
212 195 542
81 224 877
225 57 789
207 336 326
30 234 645
8 399 838
177 172 336
114 308 105
162 30 768
267 147 621
75 392 89
347 220 569
226 104 800
195 4 409
150 239 833
6 370 831
369 16 293
256 38 729
65 295 908
52 92 737
231 34 648
0 320 494
367 125 816
262 74 244
143 172 217
375 380 28
310 382 15
167 111 13
393 300 991
324 70 956
212 154 55
400 316 174
252 309 136
188 94 52
284 217 159
229 82 417
129 333 181
108 120 208
34 57 7
359 384 798
54 174 451
118 129 828
17 30 271
123 227 36
287 258 556
381 137 247
354 241 878
341 259 247
137 199 169
292 57 41
163 282 167
166 304 582
168 254 630
359 343 848
30 238 960
70 33 910
181 158 450
45 301 662
321 381 393
245 101 765
30 284 418
353 40 827
179 211 461
387 110 135
347 290 852
201 379 614
205 305 578
204 232 779
213 231 924
144 26 131
142 350 124
327 22 701
197 177 638
314 13 115
247 179 127
129 338 189
301 367 263
394 9 339
244 58 112
356 198 995
316 190 303
90 366 88
65 168 802
338 169 48
332 239 909
358 300 393
204 332 25
86 83 744
258 79 311
24 295 798
291 309 169
287 29 679
245 296 751
334 149 987
194 93 4
56 336 502
26 271 664
344 294 391
95 272 50
42 270 908
306 324 885
320 175 118
378 385 633
99 339 777
372 155 512
128 355 41
248 189 396
360 0 876
299 95 233
273 327 121
281 31 903
211 385 531
227 69 170
255 338 556
359 21 742
389 351 991
34 101 558
251 324 833
226 307 429
18 318 133
107 101 730
83 105 361
269 384 407
4 47 668
363 55 415
347 58 229
304 26 65
215 282 582
199 369 846
163 395 602
285 164 948
348 168 612
178 123 553
98 331 258
149 215 268
200 396 439
84 190 718
334 326 8
324 115 547
341 23 510
121 44 751
293 335 509
8 169 940
124 91 714
72 1 763
7 232 285
183 314 892
350 62 764
257 252 952
280 27 225
394 160 689
50 33 336
219 136 419
26 205 243
274 387 574
378 302 712
359 26 906
65 253 625
236 355 732
46 289 907
213 275 284
318 9 300
326 347 499
12 1 865
156 247 908
142 242 371
193 334 92
30 326 21
89 170 740
30 388 605
112 330 568
182 21 885
287 189 762
154 236 427
391 24 710
180 355 146
231 337 265
27 283 989
160 220 294
393 105 462
268 379 384
231 295 531
236 280 467
71 61 286
0 340 899
75 376 995
227 130 195
398 354 516
263 107 493
49 81 634
397 154 711
332 181 846
335 336 397
94 25 540
139 396 191
17 81 489
219 385 503
131 177 793
77 117 732
362 40 699
387 34 736
212 128 894
313 321 732
30 239 52
8 359 647
350 193 412
270 191 975
263 331 415
0 77 387
45 52 712
391 287 687
337 31 778
296 179 445
229 141 938
120 118 911
382 150 393
74 306 289
69 344 252
100 151 918
392 182 71
70 365 738
30 124 616
141 46 178
193 1 30
231 234 898
86 69 809
0 193 43
216 180 77
309 255 953
198 369 922
109 289 37
76 63 896
277 226 475
8 51 995
233 203 47
308 273 321
288 296 272
181 388 871
70 348 382
346 28 370
20 106 718
213 34 276
29 366 833
303 259 366
334 49 551
2 34 835
259 58 172
18 143 999
289 225 929
392 359 433
256 122 931
185 279 668
380 313 695
193 288 143
234 233 378
258 71 909
60 309 407
63 45 676
4 139 270
166 17 789
244 183 490
126 315 45
246 340 697
308 15 566
339 237 10
272 115 733
135 98 516
231 128 895
81 76 387
109 168 336
9 184 237
17 192 529
369 261 109
220 182 139
340 16 881
292 269 372
243 78 301
321 103 939
245 7 68
140 163 264
84 307 609
49 177 804
30 198 855
325 64 251
117 163 383
126 333 355
140 257 530
10 114 830
146 308 634
82 326 350
163 180 346
8 30 149
254 271 142
337 377 713
276 115 90
190 352 485
238 83 491
69 303 356
65 138 521
240 237 39
392 224 366
113 142 131
60 12 838
297 265 740
206 315 385
318 246 697
384 346 262
93 37 233
26 324 206
126 199 448
77 223 361
400 78 239
357 103 57
275 110 221
75 194 255
26 192 440
377 124 805
248 8 140
227 177 154
255 248 957
184 363 893
341 25 706
70 259 817
320 155 458
102 212 938
268 31 470
1 336 407
108 331 444
212 378 129
99 168 525
224 215 66
220 71 738
170 205 422
271 91 814
163 99 628
67 268 639
311 144 808
203 391 704
15 110 828
144 231 202
122 202 549
34 393 417
71 43 771
206 188 309
155 182 218
102 320 551
388 248 904
296 235 854
386 172 224
270 154 361
323 342 878
117 286 147
85 242 894
39 138 749
201 146 477
219 22 133
297 204 22
273 95 897
188 221 632
319 149 209
88 172 127
17 98 690
324 276 61
399 116 904
294 197 479
387 21 90
63 359 453
309 30 434
85 1 298
207 159 799
151 264 231
119 203 234
340 119 800
317 287 968
118 37 318
158 66 786
22 267 620
372 180 105
290 57 559
338 224 421
27 60 294
174 164 894
257 278 303
177 65 790
26 336 812
250 387 94
131 139 82
359 24 430
120 200 585
35 39 285
360 107 760
284 76 755
391 89 683
270 373 875
260 101 547
45 5 749
151 305 196
130 351 520
387 244 828
184 30 489
195 193 895
76 154 560
179 250 551
131 174 428
328 221 374
241 184 584
166 283 759
368 78 849
365 122 782
40 266 658
367 182 733
260 184 415
157 149 877
261 350 987
333 50 883
359 122 27
260 300 164
153 330 561
119 161 985
237 138 30
330 189 840
339 380 399
160 201 582
166 378 524
278 171 970
102 15 151
26 188 757
255 93 308
219 341 554
236 151 87
262 223 346
195 156 556
368 300 449
259 2 669
232 227 865
16 232 448
394 259 933
151 138 973
306 118 782
111 23 430
374 397 166
349 235 198
153 221 997
96 304 549
385 180 866
310 399 189
108 202 779
309 133 264
294 231 823
248 62 776
106 288 713
391 31 391
1 349 214
282 72 319
65 193 119
385 94 612
91 37 503
94 167 155
19 18 716
93 71 246
214 348 1
254 252 679
47 114 424
345 339 570
279 217 330
24 255 758
87 103 930
366 310 659
308 333 646
9 1 331
130 294 38
400 132 833
133 164 914
297 160 739
335 32 271
153 271 350
200 260 416
309 206 496
120 189 741
145 37 808
38 63 286
88 318 582
282 25 530
48 281 313
186 45 352
320 220 113
151 254 851
5 238 338
323 147 775
13 252 685
71 354 701
158 167 167
280 237 157
174 286 261
277 365 673
53 109 182
207 141 940
58 126 87
224 243 672
397 356 768
234 36 827
340 299 328
378 325 650
393 298 983
261 368 151
108 38 529
378 136 226
51 324 557
379 315 703
8 18 496
317 130 452
361 120 574
352 119 548
125 32 971
161 231 877
123 177 722
213 100 436
357 268 156
280 261 764
182 139 648
385 239 841
181 212 581
257 276 459
59 103 359
311 187 375
140 26 606
152 293 261
95 149 985
375 118 173
254 122 530
139 293 735
284 191 559
275 380 552
147 188 300
207 194 179
26 207 931
271 303 276
39 124 779
93 37 971
18 356 624
102 191 762
206 390 841
333 39 203
80 132 968
101 12 979
283 262 396
393 150 79
393 99 872
83 3 126
383 182 205
48 144 375
330 389 965
184 175 516
329 57 883
216 399 186
260 330 432
117 156 667
222 115 319
94 6 883
160 95 443
232 177 302
175 310 878
95 224 453
156 57 512
322 103 29
11 98 512
53 27 138
100 362 123
198 247 358
142 104 369
304 213 911
267 140 374
69 237 988
317 283 724
310 264 916
145 250 994
40 181 436
52 140 814
243 352 660
52 132 147
54 151 771
300 173 841
220 23 505
17 46 693
197 176 574
53 144 843
313 286 337
80 189 89
371 14 151
198 30 843
131 385 957
352 20 888
330 57 71
22 117 939
140 110 918
252 238 324
67 172 582
201 315 697
303 390 18
355 166 267
352 69 137
235 232 520
238 285 906
321 337 237
361 300 482
201 238 996
95 181 855
391 86 225
333 105 337
61 80 424
340 45 809
50 82 532
45 151 613
58 186 294
205 371 586
215 344 524
107 284 194
350 28 143
382 279 986
369 211 299
66 161 360
182 337 823
158 42 862
81 248 490
173 109 982
159 296 719
183 75 1000
268 110 250
308 349 335
120 237 994
380 189 521
347 297 932
182 4 349
284 145 143
342 372 625
369 63 633
88 341 866
96 297 161
62 219 426
30 148 9
77 364 620
129 33 433
239 332 278
322 205 361
84 95 861
274 13 966
214 103 975
22 308 409
270 79 59
222 53 824
177 390 50
249 372 628
150 238 246
248 96 845
400 80 539
372 171 604
345 227 156
38 317 29
73 138 78
92 72 789
273 276 519
261 120 248
7 394 254
364 278 736
257 329 749
37 102 784
364 4 85
295 227 262
219 153 958
108 39 612
68 35 110
236 12 13
204 162 307
83 382 389
186 29 170
347 267 118
193 241 938
102 109 991
135 340 69
317 41 730
89 375 519
104 246 695
346 100 290
314 362 952
137 248 421
350 380 853
114 20 369
281 22 360
111 40 889
91 278 768
90 352 80
313 157 98
298 212 885
8 331 588
135 354 249
261 112 636
197 131 921
176 245 331
53 141 308
261 281 771
123 39 200
261 317 957
157 186 216
356 233 355
308 365 752
227 179 38
33 309 704
243 247 954
395 293 657
192 285 642
149 94 721
323 205 757
91 166 669
179 343 798
261 107 689
106 30 396
127 361 818
109 259 837
299 339 275
75 95 268
68 274 542
362 97 459
2 372 535
229 219 363
55 145 892
88 210 73
284 62 439
126 47 310
379 92 559
171 391 770
35 145 803
354 128 48
312 94 211
94 125 378
193 191 612
52 337 486
284 26 234
83 389 994
182 247 449
52 347 871
385 43 790
165 389 994
247 25 931
285 13 780
390 20 265
71 12 489
314 137 167
98 347 32
139 72 965
0 35 168
368 90 214
398 137 614
244 370 552
160 181 380
22 286 440
317 313 964
74 147 227
146 395 818
178 187 817
208 240 396
354 226 389
137 101 5
12 65 767
13 3 914
92 188 892
224 102 993
340 266 381
167 169 586
232 160 123
17 373 819
45 271 580
338 207 664
216 391 608
235 364 137
81 192 455
269 58 248
263 395 290
176 314 487
290 364 8
23 229 441
291 260 80
67 80 471
376 23 315
47 37 20
37 259 273
292 78 466
300 3 519
189 357 10
108 222 619
379 160 727
391 91 505
294 218 249
357 294 518
49 64 636
301 300 799
108 105 722
361 210 545
264 176 547
71 376 965
84 370 566
207 339 671
184 172 328
171 320 743
140 350 131
332 249 57
240 127 63
52 383 449
122 78 720
362 319 57
230 39 948
277 199 426
138 60 595
148 220 453
301 279 636
56 323 241
179 72 729
39 306 654
176 41 763
56 207 870
59 81 730
110 352 195
117 348 667
98 179 789
233 35 929
244 397 917
238 224 946
359 57 360
334 33 359
232 97 169
305 339 613
227 319 582
149 322 350
157 124 456
15 349 79
120 263 327
112 246 122
7 63 161
69 226 816
398 367 757
32 49 38
112 260 584
177 341 281
150 395 279
396 374 401
332 123 320
344 248 806
227 394 293
67 91 581
142 286 89
163 337 532
154 77 585
75 275 415
352 252 591
292 305 878
299 269 345
58 268 575
68 306 181
335 265 11
176 248 45
282 223 169
262 46 821
191 238 550
216 316 293
356 207 633
302 232 855
30 237 131
67 109 116
343 132 658
84 8 163
15 310 687
29 158 606
338 245 742
137 138 459
391 103 295
42 264 1
365 111 281
11 69 130
164 216 979
223 238 235
287 165 20
23 159 283
255 42 646
322 170 292
115 122 404
216 31 596
207 371 337
216 168 368
331 321 814
279 58 37
339 368 255
143 224 646
217 84 833
219 388 528
279 268 317
374 49 659
137 296 27
234 275 211
44 9 764
217 143 969
73 60 174
303 64 799
283 64 83
101 29 564
393 259 253
79 324 504
319 63 277
45 176 512
227 284 654
248 348 788
209 325 64
63 400 62
38 172 96
284 195 244
208 270 806
128 130 789
286 158 307
184 28 827
356 99 814
271 160 801
61 72 171
93 83 642
211 325 347
391 233 631
227 386 673
194 291 854
56 203 224
391 95 88
306 227 119
103 352 371
247 378 980
361 267 428
145 30 581
380 213 720
314 58 259
208 353 783
167 281 775
356 309 661
56 114 320
293 203 877
99 365 329
203 307 591
289 242 658
249 66 846
243 390 347
88 228 345
48 15 748
126 379 636
136 366 626
32 356 355
310 253 772
264 148 131
397 305 238
115 98 995
142 329 845
0 317 939
237 150 72
257 58 126
107 78 249
400 117 504
165 280 32
107 170 323
253 171 347
343 183 282
125 269 386
389 138 338
376 95 327
330 324 518
41 3 283
84 131 846
139 92 122
164 243 694
283 63 120
394 19 432
140 46 665
145 66 191
186 161 125
234 336 95
5 376 832
207 156 346
228 167 826
361 312 511
219 355 150
276 390 139
331 178 558
330 71 598
254 383 962
268 366 741
61 380 714
358 93 650
225 383 840
231 168 994
254 328 390
195 245 442
396 311 901
219 18 754
303 172 473
151 22 203
276 80 783
357 344 17
224 382 680
382 305 200
249 207 91
266 321 918
299 14 404
336 279 425
88 96 785
33 267 430
38 153 708
169 85 631
374 347 651
224 333 928
343 183 118
203 250 116
9 240 583
184 97 785
95 207 815
37 357 589
30 209 574
197 353 62
26 128 905
157 267 504
190 21 363
17 382 297
113 89 366
24 301 956
285 378 78
267 168 863
41 271 296
245 198 854
150 328 893
395 94 524
193 7 915
137 396 978
128 356 869
177 172 623
232 366 197
76 373 789
233 284 759
105 141 477
254 208 354
119 361 499
74 18 857
140 63 710
282 254 956
33 240 258
383 388 510
51 65 185
175 383 279
70 33 688
121 35 70
321 290 206
154 98 411
115 329 712
275 309 34
106 385 373
145 220 189
149 99 189
355 250 564
27 37 376
344 11 139
200 299 317
358 121 379
57 370 723
169 331 734
386 103 821
145 163 850
309 354 966
330 277 519
242 156 852
204 123 659
342 32 865
271 330 206
252 337 52
159 299 569
358 261 427
257 192 190
227 125 464
397 280 919
224 80 71
138 287 191
97 282 788
281 282 916
124 347 525
177 259 577
181 276 801
333 208 297
272 120 841
64 301 5
93 257 15
151 212 32
218 177 44
303 3 653
334 389 394
111 325 958
367 30 358
123 398 149
75 169 237
243 195 405
356 108 661
81 143 614
268 94 433
233 276 847
121 280 684
66 295 861
302 154 842
356 24 74
184 195 877
380 76 420
87 294 39
66 192 825
178 334 774
51 49 138
245 331 850
72 60 74
202 302 948
214 219 729
10 377 130
326 241 24
227 191 800
155 142 958
2 376 824
321 98 836
232 262 401
151 186 135
199 390 83
162 42 491
210 143 662
221 87 313
360 283 979
236 248 566
115 138 669
340 148 128
313 130 26
163 273 157
179 393 861
128 150 97
69 152 765
12 190 341
388 252 307
163 326 131
352 178 957
79 276 36
309 51 209
179 399 685
133 37 907
250 240 178
212 53 151
176 40 772
232 172 476
220 351 816
101 60 141
81 2 850
29 222 888
60 260 680
110 327 32
139 65 81
188 270 923
204 204 454
328 230 545
10 200 24
390 98 747
7 291 327
202 164 708
44 280 152
318 132 270
384 154 534
1 184 646
302 387 554
258 238 322
203 295 479
253 244 404
176 286 551
1 388 8
50 280 347
43 380 928
3 193 115
88 254 893
314 186 522
371 31 786
133 140 124
16 264 632
87 53 197
215 75 130
127 186 68
47 117 712
347 385 22
165 216 149
26 19 461
61 272 320
391 224 184
243 273 882
131 207 443
7 283 280
383 284 256
289 31 411
263 142 516
286 109 549
49 371 581
140 52 648
180 34 381
307 324 958
166 178 5
320 265 927
137 112 476
58 260 554
191 170 545
151 246 812
10 269 402
35 379 10
126 263 604
252 251 146
37 336 968
210 229 24
141 64 912
111 100 185
233 391 779
134 151 307
70 46 621
142 14 696
324 37 679
314 307 75
57 336 20
92 192 194
213 242 620
293 385 503
308 369 15
137 241 805
216 316 809
115 394 139
227 208 577
5 79 959
339 49 551
273 363 87
59 216 735
354 248 382
202 180 316
306 192 717
266 82 283
56 372 279
345 352 479
154 392 774
260 102 135
112 358 358
200 90 362
66 281 632
160 262 319
316 336 1
359 148 825
322 309 85
88 267 523
124 271 60
276 263 930
386 278 239
71 184 733
42 349 167
123 132 678
269 294 242
168 391 579
397 208 98
337 66 840
242 98 803
308 347 251
392 223 987
12 398 111
238 389 908
177 398 579
255 23 950
100 186 951
58 295 769
198 320 504
43 44 356
231 185 87
137 53 510
4 292 993
161 180 783
141 283 338
267 54 397
261 387 208
322 269 901
207 376 607
45 392 17
1 111 842
7 40 110
285 120 531
319 99 207
61 348 149
164 340 908
23 163 643
101 357 477
372 287 18
117 24 936
307 342 550
223 289 772
197 59 11
2 115 317
74 288 44
51 327 348
48 4 212
75 362 936
77 370 622
360 333 585
274 0 950
186 273 261
64 85 54
387 363 712
37 318 841
311 100 528
136 198 545
277 272 569
339 336 630
241 338 105
327 250 877
399 12 15
262 13 590
47 219 634
52 3 198
65 55 412
91 102 429
300 256 10
175 53 714
152 240 773
287 48 823
209 300 627
389 288 9
307 205 540
339 350 54
220 130 240
93 395 840
304 159 2
370 226 238
163 43 668
323 16 683
274 227 973
188 345 328
337 118 572
343 170 967
36 167 678
318 66 720
18 194 184
113 279 193
52 59 942
107 141 14
231 346 948
134 41 377
157 73 194
98 232 411
19 306 67
148 210 820
360 137 929
71 357 967
31 312 51
102 134 97
222 265 945
77 69 422
374 262 484
191 339 570
386 269 395
146 111 482
363 112 967
277 330 535
215 217 619
332 174 53
220 39 611
34 182 882
71 370 304
116 171 102
207 174 374
37 328 122
181 100 399
214 123 522
246 287 615
77 18 260
7 300 10
386 134 618
80 11 659
212 209 273
249 260 126
152 93 722
148 109 406
216 267 668
380 326 402
318 227 767
188 299 347
62 314 839
378 37 710
254 176 648
33 165 444
3 344 889
299 141 433
131 187 409
318 131 977
260 312 982
245 104 389
27 179 616
143 75 935
97 114 289
227 114 445
336 330 618
341 291 991
30 114 956
153 232 273
48 230 244
155 189 840
146 297 567
94 191 871
105 362 90
9 291 30
246 158 763
79 255 578
159 177 52
52 222 112
171 52 484
33 305 208
382 29 934
116 285 413
188 268 955
184 376 460
18 227 414
68 281 699
227 372 98
144 320 217
335 378 22
335 290 436
169 371 311
396 93 486
67 125 455
117 45 13
257 127 439
198 294 839
1 167 82
232 341 29
192 357 889
98 373 312
357 97 483
259 386 871
165 220 634
189 396 472
206 75 746
291 366 86
377 26 259
187 366 856
367 34 433
225 61 350
43 260 789
318 204 57
115 310 667
133 250 848
92 179 272
367 274 349
395 313 665
14 142 837
24 171 795
94 210 26
387 286 148
159 382 948
74 19 79
211 340 744
307 343 595
70 297 255
353 165 746
12 43 846
149 148 255
215 368 683
75 204 183
205 241 628
212 252 31
83 253 788
381 229 107
77 96 568
80 260 170
352 26 739
351 312 550
203 378 809
330 350 31
243 8 428
151 218 942
76 307 163
105 289 696
120 59 252
73 170 721
315 355 606
168 174 72
181 210 245
399 112 425
321 35 271
69 316 439
250 145 915
311 274 351
380 358 53
203 283 551
294 360 362
52 389 117
163 214 786
234 163 264
351 180 983
168 2 429
394 327 510
78 175 793
16 195 523
387 242 741
382 303 316
100 118 12
121 216 520
99 233 341
320 44 638
57 170 942
217 154 856
119 186 401
350 299 649
330 68 353
171 313 558
347 351 47
64 124 801
354 231 602
290 333 729
338 11 709
50 81 303
330 213 172
365 183 438
174 272 642
33 126 187
145 264 569
129 279 136
355 240 992
394 261 746
382 352 562
225 387 125
39 385 105
1 52 966
40 2 532
188 72 610
317 140 837
219 73 570
260 329 675
97 221 551
156 177 644
308 141 65
80 47 209
159 272 814
204 84 842
286 13 960
400 314 92
83 324 565
188 254 881
216 262 670
68 109 902
380 106 627
188 5 276
239 167 468
337 182 426
297 392 605
201 67 157
131 244 469
304 368 758
272 71 242
206 189 570
125 336 383
92 92 652
228 31 739
197 198 797
311 197 847
220 319 868
283 78 872
292 91 636
305 205 723
162 169 605
267 234 619
149 245 864
100 164 147
106 338 680
178 377 429
66 172 312
86 204 295
284 378 226
353 74 708
89 186 869
153 64 363
196 170 519
24 319 474
78 147 149
5 352 671
112 143 879
185 120 115
317 362 202
241 80 885
217 288 396
273 108 159
180 109 969
363 227 541
183 5 837
256 33 205
126 61 555
169 168 212
399 236 139
255 367 583
376 46 338
18 122 936
338 329 132
328 337 605
166 248 573
288 212 173
279 48 380
301 203 871
349 42 215
382 39 991
378 136 263
375 190 536
41 56 274
58 164 810
275 128 774
368 177 597
282 139 489
395 306 891
192 101 132
49 115 747
34 186 726
346 56 799
209 230 671
124 176 296
388 175 643
5 48 353
63 32 629
356 238 168
23 318 764
315 128 755
115 253 655
38 19 66
389 14 508
33 167 630
115 91 507
72 252 310
275 375 147
304 277 259
234 157 240
0 89 280
261 261 352
91 349 3
321 193 798
361 389 650
139 81 937
16 373 573
377 165 589
261 43 344
194 89 96
103 268 52
43 146 878
242 209 63
356 388 415
289 106 444
256 268 555
81 46 78
139 351 505
53 178 749
373 136 575
210 292 474
12 245 38
184 84 295
149 163 706
33 160 746
345 94 779
217 341 383
155 369 273
85 284 517
213 276 678
83 72 462
305 44 941
346 38 849
160 128 332
90 202 724
391 21 915
18 60 347
251 129 757
260 235 283
301 190 553
340 368 603
274 19 476
146 400 336
316 225 731
122 211 361
391 393 76
92 364 130
338 288 231
364 47 932
91 29 509
344 380 750
170 242 805
47 129 758
92 119 947
344 184 87
291 169 316
161 158 439
151 108 525
305 389 994
93 392 216
186 128 23
76 334 275
126 30 855
277 191 230
322 369 824
4 152 376
96 150 42
23 399 85
209 204 844
227 99 487
52 69 714
48 269 608
207 71 593
153 165 765
288 13 755
87 268 825
329 325 298
167 24 757
77 207 788
109 184 809
266 182 964
196 4 886
347 195 627
194 385 915
288 229 458
101 10 829
108 229 830
338 305 547
330 338 288
369 129 784
36 319 318
318 375 779
346 395 47
72 203 496
337 159 941
294 89 506
392 47 857
243 54 177
395 170 211
7 185 262
15 60 669
190 218 348
171 287 779
239 24 578
342 318 168
370 347 343
338 302 497
167 130 335
289 167 454
26 346 512
368 58 600
187 83 162
314 145 151
372 373 490
99 267 756
237 162 907
208 36 58
95 323 93
288 337 999
303 42 985
360 96 523
180 81 365
307 95 665
307 223 431
88 249 868
156 387 606
36 386 10
134 254 685
368 341 122
44 399 676
209 351 570
119 240 744
177 268 173
52 124 127
157 164 360
76 76 96
224 169 684
71 317 298
298 175 118
127 311 81
398 62 159
311 242 59
109 55 660
275 237 426
371 313 396
281 223 319
54 227 322
0 333 317
23 132 607
64 186 968
57 235 567
324 40 395
201 364 196
337 29 210
161 376 144
283 183 565
389 148 883
9 174 533
116 290 153
391 391 498
99 232 218
62 326 955
230 152 676
267 322 412
30 319 740
195 400 263
166 269 717
354 62 969
354 208 227
326 162 336
335 239 803
174 349 775
281 180 97
152 273 504
337 224 955
49 49 660
263 354 170
147 323 47
357 117 658
91 201 186
396 221 96
56 47 175
312 146 882
280 1 993
93 84 307
383 136 322
173 62 671
190 286 904
218 386 628
163 293 107
52 169 77
400 106 398
32 158 579
324 383 454
346 221 948
336 141 1000
162 58 627
85 268 379
56 161 12
292 200 198
270 191 146
231 156 903
37 275 127
379 115 279
308 184 669
352 299 472
331 71 137
358 208 141
371 220 309
321 13 163
212 176 139
197 45 357
202 211 363
190 96 387
112 341 572
381 194 925
368 117 491
89 92 470
322 295 203
316 86 213
80 91 509
254 320 630
63 254 239
119 20 175
68 122 663
71 282 743
110 8 825
273 358 113
289 74 74
177 169 730
208 162 361
393 305 333
103 24 206
79 24 391
335 174 972
188 207 263
154 394 709
5 133 480
136 295 657
177 198 311
205 365 398
235 372 818
16 171 957
367 115 651
104 158 375
391 191 151
83 90 227
277 131 646
63 134 966
252 292 64
342 115 247
31 17 205
360 122 282
229 158 901
178 219 809
63 329 605
293 159 150
184 200 638
106 17 61
332 336 234
317 240 653
154 393 216
263 90 121
315 99 29
373 83 1
213 39 790
387 294 10
86 33 115
256 181 236
131 223 975
262 85 740
172 385 787
319 131 333
96 349 921
249 366 847
114 331 941
113 253 600
294 134 318
218 226 451
21 221 693
220 18 915
85 6 345
28 180 195
269 366 445
90 394 680
51 368 790
329 322 998
312 167 94
24 163 983
225 137 2
271 20 86
172 27 195
22 256 831
333 264 984
174 248 476
33 64 893
219 332 179
295 49 271
301 96 170
259 310 992
303 147 738
235 29 0
186 5 122
123 249 746
290 202 36
241 200 880
187 33 395
361 267 623
173 397 366
273 112 211
147 142 892
313 164 444
67 237 188
262 65 1
70 41 664
305 24 487
232 73 816
154 274 142
251 362 381
36 277 545
45 79 737
113 20 984
329 153 803
167 344 902
380 197 978
71 398 966
392 326 757
232 283 128
137 120 883
305 384 378
17 246 22
373 124 6
290 336 739
279 91 601
182 335 504
53 116 163
279 116 510
97 28 578
210 119 649
20 74 262
338 37 365
336 243 6
86 343 80
30 248 130
58 391 835
27 204 395
218 199 871
60 280 166
3 179 386
149 26 852
5 348 30
8 244 899
383 296 729
151 25 436
302 268 767
252 272 910
214 42 930
217 43 959
199 14 488
308 211 139
349 85 882
141 56 552
265 346 475
352 51 672
368 317 892
208 49 520
385 104 42
353 383 413
347 348 363
290 268 748
26 234 89
228 166 760
396 333 76
306 269 136
210 55 616
12 345 505
344 390 664
140 203 540
18 221 477
302 377 232
206 105 205
246 381 519
368 27 38
253 287 496
212 384 756
16 43 751
186 206 875
86 72 326
251 385 539
115 149 707
120 8 599
183 398 119
61 352 92
280 380 91
5 330 202
126 1 747
292 270 464
62 283 106
18 193 597
184 51 641
80 314 341
386 387 389
293 186 172
337 1 739
42 251 872
192 167 823
203 55 923
383 81 779
44 199 315
32 351 138
288 252 844
120 33 8
109 328 142
254 80 123
61 149 64
369 321 202
371 140 406
226 242 652
81 138 950
304 396 248
181 17 967
355 111 952
327 156 51
48 365 147
333 108 69
323 324 456
330 198 792
276 257 525
30 225 981
207 301 74
227 124 651
158 246 907
286 59 936
335 206 272
64 54 839
390 373 202
122 399 980
399 334 587
169 53 550
262 298 406
36 223 155
69 202 925
177 128 875
95 296 130
17 308 6
399 115 567
136 191 176
248 343 855
233 62 868
356 78 787
398 295 55
286 130 148
165 398 245
337 345 284
346 270 985
313 194 858
376 204 932
94 101 691
135 23 5
137 344 725
387 136 770
353 231 522
83 266 671
150 160 994
89 380 335
290 303 393
318 148 520
230 86 293
238 138 476
122 18 655
99 245 282
76 194 686
67 105 90
23 18 71
128 153 164
374 335 236
81 393 814
365 244 327
317 348 368
235 117 562
26 200 579
155 361 859
145 23 778
113 15 112
36 226 135
262 259 182
101 122 231
141 269 898
7 180 697
163 150 646
11 17 671
327 93 893
125 115 822
21 184 278
392 121 884
158 252 520
100 135 162
55 161 260
353 213 466
184 91 840
369 208 162
145 24 869
163 261 273
153 72 724
385 388 842
1 215 417
261 378 102
112 19 360
157 278 746
254 266 560
84 149 242
394 383 704
366 92 919
374 310 195
280 64 877
1 44 703
323 38 447
373 319 57
167 208 283
70 108 46
232 202 940
8 262 926
82 224 357
400 170 657
343 253 701
36 346 14
322 245 557
319 119 107
317 136 212
348 238 511
317 381 477
37 43 662
18 122 861
104 111 535
20 335 381
397 247 131
138 296 945
168 70 540
137 326 361
192 268 310
217 87 279
335 286 934
48 255 635
369 80 666
353 29 930
34 51 231
157 60 782
57 220 806
216 22 718
3 153 365
119 354 930
116 106 402
225 232 485
386 66 158
88 395 940
122 297 537
257 70 137
197 125 794
321 116 975
218 167 578
202 260 334
182 211 256
336 182 100
151 39 587
77 288 105
202 98 249
391 398 555
119 260 533
157 179 369
356 373 53
340 67 637
341 111 52
220 311 377
345 134 29
302 111 217
142 76 112
113 181 350
21 215 746
252 126 356
365 21 787
188 294 201
18 175 770
111 217 81
58 342 805
154 376 226
235 221 793
6 234 512
215 145 976
342 203 133
171 397 865
237 154 862
56 46 590
207 312 442
358 114 993
229 14 575
316 377 84
355 176 888
25 276 13
371 282 672
43 321 793
133 312 752
205 86 794
200 2 433
118 61 811
127 291 153
239 101 330
259 394 809
238 82 912
93 127 720
332 134 374
206 149 983
68 117 536
289 43 41
355 281 158
235 32 862
332 161 23
396 257 764
374 382 91
361 42 9
225 207 788
3 203 440
254 244 770
96 353 271
263 324 787
245 218 803
165 218 652
287 362 428
29 198 88
220 299 771
179 326 970
45 188 621
30 51 239
305 350 435
191 32 221
102 372 20
8 205 758
4 103 820
344 321 223
232 364 541
85 167 870
310 131 409
236 180 938
102 341 549
221 245 506
174 177 103
255 44 272
177 217 379
104 145 501
392 26 608
261 93 237
83 112 111
119 13 125
227 325 829
148 212 414
268 395 557
355 19 880
367 30 377
343 53 426
283 18 525
232 254 665
326 212 873
271 155 427
109 11 13
257 16 239
251 267 473
381 331 97
332 317 414
94 44 275
261 129 312
125 9 163
339 326 204
102 321 606
281 147 520
34 336 838
220 38 487
0 276 454
235 281 928
131 52 921
181 370 463
68 327 930
20 382 841
168 28 961
225 243 185
6 48 813
16 304 497
54 174 17
386 288 823
7 111 319
90 48 768
27 357 254
361 104 677
183 106 237
231 308 247
200 91 59
379 345 523
111 312 142
147 105 175
318 297 644
43 316 299
7 208 787
85 270 925
70 284 890
221 120 439
259 278 703
271 83 132
252 353 821
151 54 131
330 2 623
389 152 192
357 109 812
48 164 799
8 67 829
359 204 456
257 114 270
290 398 567
166 154 43
351 358 836
361 64 700
100 82 725
294 40 352
241 51 751
230 63 444
303 217 217
382 153 439
129 174 495
276 64 256
214 190 127
183 41 271
278 400 723
241 399 403
194 203 440
111 323 899
61 230 92
344 211 48
250 329 994
45 283 286
175 354 274
172 326 238
160 248 264
382 376 592
302 346 355
389 54 354
384 51 894
20 208 226
330 243 665
361 148 11
216 67 137
84 46 502
119 369 144
164 295 150
83 95 202
166 187 725
370 381 827
260 204 454
316 194 648
293 323 195
83 81 477
205 324 39
334 316 271
124 368 99
163 306 919
214 387 421
327 174 107
360 141 494
203 29 284
131 184 430
90 309 106
103 296 534
234 68 311
276 57 197
383 371 661
66 69 450
7 199 283
387 40 567
107 153 218
149 86 795
166 45 414
302 361 486
293 7 211
99 19 640
360 2 429
352 345 737
139 262 64
362 313 14
214 373 383
240 139 419
248 12 656
50 245 229
323 170 847
201 142 215
5 271 157
190 86 63
241 86 701
321 75 635
33 94 192
219 325 793
343 103 368
195 337 640
26 324 381
44 49 537
370 313 763
179 147 760
266 5 458
95 363 204
380 212 236
21 236 597
386 95 750
306 51 105
377 396 643
51 178 882
353 238 959
194 373 404
155 26 144
342 21 261
51 152 528
156 17 586
282 244 926
74 241 891
16 337 302
88 52 664
297 361 260
65 262 888
10 326 858
103 69 2
394 45 184
290 194 228
310 38 86
91 186 902
42 47 792
9 288 555
270 224 172
358 384 846
9 186 340
96 253 916
363 179 301
323 130 558
87 150 737
193 60 718
164 255 883
245 70 520
115 187 224
331 147 823
169 163 610
253 3 48
213 36 302
120 96 434
272 24 61
347 97 922
244 334 22
247 213 163
343 194 993
151 27 76
196 8 838
73 154 611
398 90 786
274 305 784
22 160 484
392 133 276
13 120 532
303 170 663
83 155 7
159 376 205
343 106 255
227 53 444
29 290 339
187 123 674
23 153 584
220 342 817
195 283 573
234 336 460
59 199 41
323 19 45
174 320 516
294 133 20
348 178 898
338 107 70
83 113 65
170 109 907
108 108 329
242 155 167
6 108 734
207 310 948
208 150 167
376 72 176
245 356 875
319 321 130
82 274 144
267 362 788
375 17 58
201 36 534
6 139 837
79 377 318
196 207 887
311 8 929
72 265 183
185 366 137
17 338 119
69 356 323
278 64 86
94 389 705
131 19 183
239 101 817
129 302 142
232 187 974
122 145 24
150 245 671
81 252 659
92 205 45
69 170 237
253 1 430
230 345 192
337 191 562
2 135 691
343 355 554
258 146 593
227 201 850
359 285 620
29 342 153
138 45 231
346 139 825
250 231 389
100 26 854
373 328 559
28 361 66
26 52 252
223 321 633
341 163 887
265 379 30
280 119 537
133 238 450
190 96 976
239 180 92
11 183 340
186 298 852
233 120 536
96 95 745
163 104 650
314 251 500
286 317 418
259 285 439
383 149 870
83 371 191
146 351 504
8 194 649
176 186 982
248 2 557
365 294 651
385 265 270
240 64 947
106 212 326
21 339 768
358 184 63
74 252 785
27 343 154
72 342 827
174 187 156
174 78 825
96 113 359
1 263 203
83 374 133
158 393 89
150 385 582
249 106 970
87 221 71
318 248 611
51 74 571
364 342 917
371 136 650
263 190 767
309 266 795
316 80 58
47 379 60
28 142 251
238 98 887
266 30 322
298 122 878
11 267 245
307 231 132
354 304 262
362 113 879
108 75 792
369 100 863
60 374 623
376 132 642
113 340 4
15 65 503
225 310 937
377 282 394
106 81 114
115 224 836
52 296 407
203 352 537
227 307 178
70 262 521
328 277 664
334 375 981
257 355 306
335 186 749
92 59 424
273 123 777
4 25 653
149 176 256
259 96 341
6 247 767
235 235 979
321 149 734
64 187 155
86 78 601
258 32 785
168 260 611
324 249 15
28 89 104
327 187 293
92 207 187
6 31 41
35 296 563
126 257 802
175 219 870
100 259 725
56 169 103
54 391 951
188 17 89
177 235 930
220 284 20
85 79 61
274 120 40
108 292 28
91 287 572
34 263 709
320 77 465
67 108 284
351 323 701
338 6 135
374 81 193
279 307 272
270 372 953
289 216 547
114 95 5
205 81 156
52 274 604
93 18 344
371 351 951
343 297 723
118 224 892
309 321 55
279 396 520
220 48 343
94 77 781
300 372 103
16 185 755
124 13 662
181 354 263
47 25 715
108 307 118
340 126 336
188 82 647
105 286 148
177 270 567
229 92 433
13 2 924
186 128 841
368 381 780
172 204 923
282 279 444
93 340 558
182 182 329
30 3 5
124 226 369
330 142 922
3 221 538
26 130 427
174 317 274
148 121 359
311 42 362
384 85 956
113 367 279
115 173 868
180 252 653
21 90 535
322 250 249
217 359 528
121 193 106
278 13 898
13 88 4
106 3 273
230 99 35
341 327 23
179 204 458
267 203 359
268 280 120
197 321 27
146 267 881
90 17 933
275 112 214
100 343 386
199 396 213
236 347 965
271 141 797
18 40 986
13 192 663
98 234 550
344 309 829
63 399 446
192 113 843
115 184 301
235 83 117
207 197 457
285 158 822
209 335 633
354 73 800
269 248 473
106 196 715
316 156 466
151 32 59
234 388 330
53 230 130
224 352 664
223 243 418
187 298 965
376 73 463
219 287 807
356 270 460
7 240 682
53 32 110
317 33 513
280 153 645
98 292 342
367 274 925
49 14 632
139 268 989
386 393 20
289 183 569
113 109 771
107 49 762
238 26 151
119 70 246
280 302 192
105 175 816
37 86 474
194 102 520
269 210 137
29 370 59
31 195 551
52 205 479
231 19 736
194 182 211
188 95 391
208 299 553
7 381 701
28 289 215
260 383 652
183 81 277
244 75 166
234 341 202
255 378 678
109 247 325
60 233 302
153 109 7
340 0 156
139 361 457
191 360 897
113 54 605
363 61 864
285 374 92
99 280 920
108 223 686
263 56 111
285 66 289
96 197 707
110 319 120
370 281 681
375 268 641
63 270 607
207 332 175
104 102 702
93 55 496
204 62 900
50 150 127
263 205 286
95 278 136
337 268 748
331 332 504
174 147 461
231 16 538
285 61 546
295 129 181
37 248 817
159 177 728
162 21 139
376 367 659
385 30 459
373 131 236
295 388 621
274 273 348
2 346 50
177 397 884
140 329 113
265 91 768
44 218 815
270 196 723
258 312 453
70 357 104
319 350 558
270 139 873
366 360 815
71 283 918
0 200 185
396 123 624
223 178 211
316 285 669
81 324 325
78 398 812
372 152 618
114 31 989
73 178 817
38 291 867
85 94 404
82 36 711
315 399 973
239 378 779
198 361 82
84 387 363
357 91 322
131 363 665
115 321 500
380 173 903
307 136 538
250 200 619
227 71 474
367 313 281
126 354 1
35 394 312
20 343 687
51 125 105
110 244 83
313 150 543
216 332 166
373 376 960
183 57 628
121 23 969
183 247 380
168 125 962
36 392 834
44 178 146
15 120 249
295 196 388
345 372 123
284 137 743
99 119 234
99 348 585
377 117 242
360 374 971
142 251 102
235 390 462
288 291 287
261 151 337
399 70 113
370 18 970
396 53 932
96 286 159
95 372 26
354 132 631
53 274 767
78 150 224
217 132 668
303 365 123
344 17 98
160 324 841
341 197 995
302 134 424
50 133 528
397 11 844
343 359 169
332 190 608
212 334 955
250 182 912
336 133 753
60 169 229
113 253 855
175 147 780
124 324 651
94 338 457
291 58 821
41 90 668
300 116 702
128 33 758
308 115 646
326 387 887
65 212 513
75 66 463
17 124 80
364 118 936
291 57 397
333 264 455
116 394 533
202 25 931
215 233 21
113 333 227
142 397 915
149 179 748
12 305 132
275 393 55
83 245 316
106 230 290
324 363 903
249 167 692
226 217 568
382 239 584
114 65 798
264 298 390
267 241 566
101 93 260
228 194 129
285 354 696
383 88 220
143 107 907
109 229 104
305 84 675
318 283 897
239 349 172
340 370 984
115 257 15
240 164 845
186 201 481
180 202 553
210 322 607
104 308 565
140 230 952
104 9 275
211 106 192
257 232 801
137 127 135
230 5 495
335 51 260
160 332 288
347 291 911
232 209 148
66 68 75
22 30 406
308 308 939
365 362 875
28 296 566
118 108 963
223 0 425
62 142 138
23 294 327
192 185 254
261 99 41
185 138 581
342 87 400
7 175 920
310 398 941
96 177 499
303 161 729
56 65 689
127 275 621
310 186 957
17 269 963
177 42 440
8 27 186
63 171 476
137 397 355
124 321 590
75 69 442
339 306 462
120 161 68
392 284 721
355 334 897
271 8 405
130 280 260
124 323 504
329 133 571
235 359 246
157 358 95
8 393 583
90 151 462
322 47 723
138 178 485
157 261 594
276 15 83
119 332 655
287 33 681
107 153 77
77 68 771
31 10 178
319 385 573
328 274 977
111 18 43
131 8 460
160 229 116
107 93 861
362 227 469
159 38 617
41 78 325
132 284 153
359 384 541
8 85 837
356 318 794
81 99 585
153 112 999
6 137 758
156 244 282
346 124 193
138 397 111
150 23 15
63 245 825
143 362 260
239 254 748
288 367 232
387 103 21
236 86 649
303 160 470
123 273 845
102 389 961
367 176 956
70 368 728
88 135 6
276 357 82
368 141 170
163 374 838
156 59 963
210 361 693
252 390 740
400 380 814
43 112 650
121 215 284
181 168 216
322 40 405
60 218 938
371 108 675
390 152 845
7 104 983
204 299 746
298 97 606
58 356 623
364 304 398
134 325 600
287 121 324
129 244 699
63 398 239
271 81 142
368 104 792
364 245 23
190 366 307
19 259 704
305 287 978
232 91 250
12 398 432
243 388 942
32 242 238
337 10 18
301 390 622
300 270 433
70 262 522
89 299 783
390 57 422
270 257 320
237 100 399
388 120 600
94 52 461
253 217 359
27 220 314
366 29 612
233 215 477
146 387 355
26 296 918
252 256 788
164 88 929
245 302 621
28 16 975
380 233 996
350 203 44
45 286 516
111 65 408
184 84 743
173 160 370
130 114 3
331 362 80
293 216 909
57 105 536
342 148 948
57 57 429
237 146 931
353 5 614
321 19 254
387 19 387
283 199 234
223 200 706
48 239 418
388 126 971
231 148 145
123 240 160
93 336 819
55 392 339
83 373 121
194 384 630
193 355 478
6 94 406
300 30 462
263 225 357
27 293 524
349 114 162
109 349 348
163 74 131
289 63 567
291 149 920
183 170 740
266 106 132
61 39 386
84 269 287
43 355 756
69 192 218
208 66 584
390 4 662
30 326 246
210 212 3
366 274 729
237 347 825
356 89 62
5 219 822
178 8 387
175 122 144
240 291 453
25 308 774
305 66 753
109 191 340
88 399 811
174 33 597
120 172 598
249 262 915
369 56 953
75 339 364
333 163 429
76 318 219
60 374 932
191 251 625
386 200 600
273 374 869
298 144 888
248 244 341
31 202 553
190 121 41
166 207 868
236 155 304
140 75 470
223 125 801
397 64 160
242 363 171
91 271 579
204 399 162
87 9 842
395 329 622
191 1 726
73 41 773
154 151 257
199 173 862
121 84 600
80 275 418
345 143 168
296 93 694
195 301 695
277 287 289
80 174 491
373 193 279
207 268 577
205 391 400
77 399 624
349 60 109
262 204 695
64 129 425
68 203 540
82 236 492
244 39 462
198 175 796
316 263 255
114 115 615
365 253 776
372 208 721
199 24 665
28 119 828
151 380 903
150 145 567
354 355 345
43 153 31
195 242 63
366 252 591
347 200 787
365 399 505
232 137 11
282 160 162
238 107 299
299 61 65
210 299 609
339 173 522
148 73 687
0 111 402
77 204 879
358 291 467
65 346 103
107 398 93
31 2 879
256 61 885
118 64 196
247 375 457
223 196 75
387 217 570
331 247 914
308 321 698
39 327 664
1 211 506
104 121 928
222 52 22
250 173 433
362 77 175
68 300 479
331 195 900
24 5 233
93 282 695
132 313 921
354 68 385
228 191 974
135 63 661
268 59 497
296 318 492
226 128 712
215 197 898
88 353 998
218 179 536
196 226 663
167 187 29
385 301 743
327 168 484
257 266 721
135 277 259
329 81 592
29 200 349
85 346 579
293 225 895
236 336 417
314 244 716
38 249 359
54 376 172
208 349 138
80 98 971
10 77 320
375 215 496
288 380 599
183 299 704
332 349 269
91 245 760
364 198 462
4 233 937
400 29 443
217 344 541
179 206 672
396 232 573
132 263 456
1 171 575
192 379 568
302 345 536
94 381 475
379 182 419
26 160 630
38 316 49
176 349 455
147 217 785
168 104 442
7 13 538
92 347 1000
299 80 419
25 129 77
293 64 694
365 361 290
354 29 155
363 158 284
238 38 636
294 212 404
100 127 671
59 146 47
162 352 179
214 303 519
143 399 906
400 238 995
336 362 358
66 47 482
106 299 354
392 47 900
317 86 512
112 84 350
308 219 635
122 380 97
125 267 152
172 224 515
68 324 72
126 257 417
68 305 119
370 118 421
140 86 953
208 136 900
115 218 116
254 343 684
257 296 785
355 298 823
122 11 75
373 393 55
203 398 267
64 184 211
359 155 442
28 383 482
33 351 656
249 293 383
380 237 950
142 282 74
294 12 616
155 324 90
307 306 683
94 313 501
360 16 72
15 350 45
114 337 0
242 43 106
239 224 195
24 363 364
194 291 894
339 215 73
352 245 441
101 291 89
392 364 311
304 354 593
302 123 936
80 3 838
275 6 221
297 312 356
199 399 413
111 255 594
66 52 210
51 291 958
73 303 357
120 390 889
367 108 482
376 252 666
37 180 259
380 346 35
114 13 814
95 193 124
294 306 543
312 32 793
218 108 221
95 184 185
141 120 291
287 273 872
214 254 106
332 326 565
299 199 659
368 360 785
333 359 905
10 247 306
385 49 201
357 333 361
135 282 418
43 44 817
81 232 969
239 349 320
278 159 544
267 316 81
97 53 422
327 382 712
101 55 738
365 368 439
276 16 727
293 223 178
201 131 729
78 340 106
286 28 66
118 297 40
309 8 622
21 353 556
208 319 193
233 40 716
295 310 865
227 355 389
4 39 233
118 309 618
323 220 362
135 41 224
19 80 95
370 135 348
71 93 394
145 140 691
315 399 413
100 13 338
355 342 817
119 292 386
221 57 965
109 233 271
122 282 878
139 3 437
11 180 516
83 208 39
83 370 453
24 202 117
73 336 265
253 380 400
275 225 24
345 376 317
52 349 909
117 322 380
256 57 483
314 30 363
300 262 747
342 139 298
182 16 670
104 309 972
229 298 861
50 49 522
316 189 792
36 269 561
22 138 196
250 258 321
391 336 37
382 325 797
64 80 845
76 255 390
303 296 366
392 351 416
47 378 281
367 54 974
177 193 48
77 157 678
182 279 986
207 307 573
20 346 69
20 128 286
195 101 462
257 298 462
354 20 428
355 314 393
84 346 965
161 339 924
149 169 434
219 92 420
175 26 681
201 276 303
204 274 739
375 320 604
220 316 500
107 216 83
57 215 188
177 248 157
56 127 410
163 321 695
177 319 455
383 390 395
6 36 367
345 390 764
342 49 731
9 227 99
255 270 875
274 112 726
81 282 10
378 302 752
304 322 868
62 341 888
28 208 324
22 222 825
263 220 342
398 121 495
171 233 518
51 108 870
115 400 247
399 202 516
61 359 158
106 387 649
361 130 45
165 105 706
230 243 292
10 272 256
346 291 982
195 138 455
377 45 337
277 109 666
138 368 955
326 327 617
88 253 563
285 78 791
283 373 904
333 218 750
246 273 298
182 343 617
174 305 430
333 187 300
101 11 121
289 341 94
34 130 200
326 78 232
237 232 245
168 40 821
187 31 426
24 16 398
313 233 91
28 295 250
383 237 39
220 339 616
285 266 491
121 63 540
112 25 654
234 225 612
144 155 550
207 46 38
185 188 996
1 200 297
10 23 124
122 348 134
289 13 791
189 273 177
382 236 638
382 320 514
85 131 692
255 205 998
334 278 936
41 159 517
168 60 987
18 392 775
164 147 607
202 396 439
227 97 805
258 178 166
393 329 761
290 207 275
362 181 195
264 57 59
288 23 27
362 220 214
131 180 519
129 227 982
233 284 768
82 355 863
146 393 459
3 220 895
46 87 370
294 254 350
211 74 634
235 322 839
165 277 378
72 99 227
300 130 937
121 335 461
70 13 576
230 276 179
175 208 237
59 90 110
96 341 250
360 49 776
154 55 310
61 123 177
257 262 840
176 55 688
335 305 911
27 207 455
266 32 765
91 292 436
170 128 880
138 132 88
62 82 942
327 43 994
179 190 280
353 59 927
45 217 499
66 72 180
247 0 652
244 256 105
364 18 334
206 67 647
105 253 487
336 235 473
111 12 848
311 37 751
111 275 38
83 45 748
37 104 777
313 16 398
190 119 28
145 27 233
50 220 235
350 26 956
47 96 93
103 60 973
115 276 84
16 127 262
278 194 49
272 143 940
196 281 846
399 358 272
168 370 173
349 328 769
238 124 136
331 363 711
112 244 483
366 171 818
212 364 92
124 62 250
213 152 521
213 136 74
34 29 776
329 365 921
147 368 232
238 281 357
340 383 851
303 339 101
100 384 848
77 218 954
4 25 94
5 88 153
181 97 951
325 113 998
29 42 64
112 374 441
212 283 249
75 353 757
394 400 316
292 279 491
300 116 104
241 220 397
32 130 929
162 249 713
345 340 421
62 179 73
299 199 791
119 78 27
121 203 499
259 318 855
328 59 834
238 85 368
153 182 609
36 386 433
132 383 269
87 367 670
360 13 509
232 373 654
316 167 782
256 360 925
239 47 702
7 232 738
221 58 751
293 328 757
82 324 866
217 322 217
247 197 480
204 364 400
363 117 169
210 147 969
183 134 731
290 309 343
354 2 65
188 315 826
185 90 760
346 185 615
373 33 682
346 96 199
145 350 266
279 162 103
335 231 556
357 344 854
201 46 256
358 106 357
376 274 171
116 321 1
370 31 734
74 32 951
51 210 866
385 334 917
284 381 522
251 214 934
178 287 474
165 278 267
352 159 437
377 383 836
131 82 368
388 153 757
296 121 111
375 304 920
393 157 411
263 130 782
320 345 0
247 50 293
31 128 404
165 263 198
329 278 70
287 146 700
327 383 847
128 361 12
222 393 95
370 387 519
388 262 805
39 152 900
288 136 777
381 247 796
17 136 250
233 217 794
393 59 861
16 257 625
283 346 772
379 40 255
280 387 757
290 324 880
292 282 410
393 220 247
157 152 421
239 296 478
124 396 643
366 276 330
318 317 294
311 206 817
385 257 386
248 133 226
159 145 430
119 20 373
240 337 274
101 272 940
337 78 838
73 306 932
166 378 489
111 95 238
242 338 985
369 155 765
321 178 57
137 204 232
20 34 762
108 370 525
84 293 511
202 97 24
10 273 609
399 310 737
102 349 744
295 371 818
371 156 658
307 189 835
292 82 779
350 298 638
108 9 651
310 353 840
65 236 234
256 62 938
82 340 998
38 259 263
268 222 457
211 193 488
282 119 324
202 116 784
147 75 114
69 6 621
230 217 431
240 37 655
212 184 656
358 336 245
377 174 642
88 400 127
205 384 183
342 225 840
326 388 503
302 85 229
361 275 594
284 215 120
209 303 67
21 372 97
101 57 378
296 336 870
202 297 72
197 181 779
252 88 930
56 365 695
260 75 965
149 110 378
365 352 286
237 190 604
248 50 291
359 111 371
384 17 691
74 29 297
227 29 424
161 134 8
250 5 979
355 21 631
310 358 951
256 100 81
363 98 600
307 207 913
178 232 56
201 349 826
144 23 674
130 183 498
253 397 112
70 325 529
46 90 793
113 44 335
79 369 702
354 247 289
108 191 687
23 78 405
304 383 621
326 271 352
210 296 428
269 347 771
331 270 316
137 99 509
163 228 816
141 12 810
210 262 936
333 37 724
39 183 502
391 306 696
108 159 678
215 34 634
36 286 678
133 298 138
171 318 792
266 177 983
195 356 326
77 280 918
45 357 283
305 147 41
354 232 62
51 72 648
267 233 912
54 389 656
331 331 14
264 250 508
115 334 379
37 71 895
67 78 237
289 113 419
372 96 482
157 77 68
253 372 351
70 184 404
217 326 200
77 213 113
58 232 550
135 367 628
209 398 854
258 289 566
172 75 84
93 54 437
35 329 275
283 264 355
375 49 704
67 115 686
290 156 357
229 314 413
229 214 997
390 228 369
247 382 303
41 262 914
225 72 563
341 94 18
209 152 192
376 94 669
328 316 834
253 118 10
274 202 471
297 18 41
62 57 671
170 206 227
131 334 857
78 362 146
338 211 411
77 289 536
340 273 833
69 190 452
237 6 666
305 206 709
94 244 568
242 321 610
326 45 978
258 377 592
193 294 517
310 124 622
83 393 724
69 377 392
188 57 440
297 187 661
184 102 449
351 86 550
295 168 753
292 55 132
376 132 822
208 242 352
343 11 510
314 328 542
372 346 922
87 19 895
197 108 653
68 207 371
147 346 219
18 355 587
317 88 757
71 289 437
42 159 587
253 165 889
18 132 953
293 58 419
145 174 203
304 351 1000
197 129 825
15 299 768
211 113 960
188 259 969
132 297 420
171 276 928
104 20 922
60 317 19
75 381 220
316 312 32
287 315 974
265 198 685
389 252 313
370 93 84
156 326 188
311 97 120
44 262 962
115 25 311
13 80 133
379 298 348
368 297 270
380 233 979
142 195 28
327 257 220
22 112 800
198 200 116
19 303 729
289 12 653
223 92 657
91 98 148
92 11 999
109 393 216
323 261 269
269 89 116
354 122 987
7 282 367
24 150 52
268 360 375
373 260 778
248 67 451
353 390 63
163 165 654
334 287 883
240 40 812
341 399 63
269 219 409
357 187 883
41 17 189
309 165 423
185 257 176
290 14 396
78 126 382
127 260 612
120 90 928
399 303 910
344 344 138
56 255 337
245 187 355
279 238 677
94 3 931
25 302 871
129 295 348
64 70 187
304 66 480
35 346 754
359 187 392
311 336 313
165 294 321
9 269 634
95 110 958
40 368 236
258 265 309
186 352 123
220 264 487
85 60 141
119 126 834
265 19 924
364 264 490
283 201 172
19 360 380
174 258 715
214 202 437
266 317 329
308 341 198
191 213 396
146 223 298
62 15 290
198 26 216
226 124 356
180 188 281
125 88 569
167 229 385
44 212 501
295 227 484
159 375 376
147 141 73
272 334 822
158 97 779
40 135 930
151 153 882
28 394 225
377 263 669
53 364 462
168 39 781
233 59 55
394 126 558
397 264 62
376 184 814
386 260 651
385 3 969
151 224 223
24 336 467
74 323 837
238 302 399
235 229 620
287 124 860
311 221 731
394 374 576
48 358 968
58 374 403
288 77 522
304 166 814
320 202 738
224 136 533
290 11 466
18 225 676
327 314 684
177 110 372
7 181 249
221 135 883
30 86 736
219 126 995
133 319 13
59 64 54
271 84 12
145 109 797
388 255 458
396 335 945
334 102 184
58 169 764
284 395 680
26 351 742
396 217 871
390 309 818
8 133 355
26 13 937
364 322 301
213 364 267
23 226 24
198 107 58
82 138 1000
359 330 640
80 356 96
57 201 180
294 32 146
33 10 888
50 272 521
111 51 177
93 111 833
207 156 296
41 129 931
266 108 311
380 315 582
317 358 864
219 203 643
359 371 286
306 124 717
124 82 126
331 58 505
319 310 305
165 75 297
311 261 858
169 145 805
186 1 481
337 214 242
34 15 767
64 391 260
308 148 6
84 59 308
315 237 384
312 56 402
313 52 906
369 300 453
10 208 221
27 106 703
198 104 449
342 307 732
148 61 607
143 363 684
141 257 917
183 160 849
367 100 126
49 184 619
226 296 285
258 131 963
66 360 206
200 92 645
251 217 964
363 204 173
232 33 523
144 251 728
27 185 683
23 180 594
4 98 44
75 222 442
56 109 582
51 172 962
132 279 470
375 200 77
212 55 811
250 75 847
276 151 873
109 1 788
331 161 642
30 60 579
257 14 219
185 270 394
343 288 27
124 40 331
125 285 346
352 134 655
318 169 931
209 352 304
311 393 529
89 183 19
13 325 644
358 23 494
379 139 205
219 151 379
141 285 928
56 137 589
96 132 95
201 266 357
71 125 996
134 296 964
159 309 121
36 166 584
159 99 609
295 360 604
207 169 858
10 292 455
167 75 905
292 392 429
195 341 719
94 29 800
393 206 988
160 240 897
370 33 400
36 365 94
138 110 186
318 369 182
315 16 866
322 106 887
314 71 395
168 121 46
277 214 785
178 326 58
336 338 75
268 313 213
311 286 693
211 19 526
270 86 289
46 46 808
122 346 992
380 236 452
246 53 798
338 148 73
199 64 508
216 250 519
227 218 429
71 183 170
1 73 187
350 88 135
17 122 798
191 169 927
279 231 842
19 151 520
162 127 694
64 75 193
366 389 927
365 288 976
326 156 548
24 22 27
240 339 154
323 396 162
152 126 817
13 128 250
158 241 808
233 358 56
179 343 333
110 234 504
393 217 586
202 198 27
256 259 996
386 20 532
289 312 572
272 379 315
354 193 359
299 68 645
351 52 186
33 308 530
123 301 144
178 396 422
217 181 637
107 101 195
151 48 783
7 160 123
370 256 600
104 281 304
179 281 869
355 119 602
299 11 818
213 381 251
151 256 440
200 262 317
189 2 322
132 220 951
91 262 163
237 57 600
103 29 870
385 31 475
240 289 95
297 187 915
130 77 564
319 53 805
371 194 905
81 64 339
80 115 723
124 297 180
318 210 20
214 4 387
192 94 479
362 391 589
235 314 11
220 137 393
375 200 104
275 126 282
182 33 751
287 235 343
101 350 651
366 345 929
341 73 360
320 327 112
5 37 319
307 397 346
30 181 594
82 321 389
134 100 742
381 45 60
231 67 164
357 262 851
392 374 924
110 377 433
184 280 137
245 393 987
269 146 167
120 134 589
320 156 499
297 261 104
39 346 329
199 307 296
118 149 630
340 130 121
131 38 475
50 121 142
152 212 817
216 365 148
347 285 217
181 120 116
330 354 830
297 22 141
139 17 701
287 204 488
280 225 220
120 325 677
327 318 97
284 23 618
324 375 16
100 100 379
333 229 298
272 96 371
47 264 554
149 111 1
313 364 484
246 346 222
308 270 69
189 159 366
296 59 305
257 174 725
27 165 980
365 188 688
378 253 202
392 56 489
148 176 215
129 89 893
45 123 293
77 141 360
136 312 654
107 389 7
354 353 704
262 60 547
364 281 957
36 109 603
293 55 651
89 324 944
206 395 30
376 152 398
245 382 779
293 164 234
134 35 743
308 346 352
316 1 67
1 196 899
52 12 393
378 287 498
338 163 873
322 64 860
117 11 612
388 113 237
271 5 364
5 299 283
224 383 656
155 160 769
299 73 829
188 32 985
332 28 509
185 358 801
190 12 110
171 245 311
146 127 403
89 171 514
335 62 193
51 170 581
378 124 717
177 307 341
320 394 449
121 176 971
280 270 320
278 179 709
166 208 416
186 24 363
182 331 732
275 120 761
199 380 266
127 259 611
13 327 438
188 36 760
45 261 884
258 339 283
311 386 27
104 13 332
31 251 413
203 332 8
244 325 749
49 39 67
92 24 433
174 365 690
142 202 282
174 289 446
37 102 83
72 248 543
216 399 434
384 52 129
298 356 178
38 294 356
87 225 52
27 24 258
43 97 820
182 231 135
29 387 756
135 75 874
29 198 595
88 104 461
20 267 948
97 312 945
297 298 471
142 0 838
82 349 297
113 323 265
91 19 676
216 152 566
141 17 38
260 272 184
137 64 360
217 14 512
22 23 616
357 313 160
209 365 968
346 229 154
93 340 821
14 188 417
30 258 303
368 264 492
380 26 856
31 18 43
264 360 652
370 388 411
135 253 660
24 215 18
137 286 174
305 44 624
195 347 588
341 214 151
73 182 846
131 327 100
235 311 465
145 131 781
159 122 526
309 214 348
185 115 211
316 393 356
12 361 107
129 188 653
131 257 967
104 365 296
173 146 222
367 249 654
95 165 736
43 92 945
385 333 330
301 274 355
318 64 768
252 304 597
177 332 946
389 136 781
144 300 815
192 395 352
10 200 991
18 150 408
56 283 414
55 248 378
74 93 50
14 36 761
9 88 988
57 0 861
49 26 639
12 388 73
35 143 877
10 316 937
222 281 483
215 189 633
367 304 788
107 248 771
181 314 969
0 389 689
193 280 627
130 398 623
67 357 632
275 121 562
366 399 582
241 339 930
56 175 355
279 1 433
314 278 828
95 20 821
323 106 7
118 263 714
349 348 370
127 250 223
246 189 367
42 301 874
37 200 774
312 154 253
80 10 719
261 352 891
279 184 686
152 144 135
237 262 107
85 63 257
295 37 189
201 244 850
15 364 540
31 40 433
108 371 268
202 112 275
101 148 0
238 34 120
363 263 886
296 224 129
149 45 780
254 64 317
390 101 136
179 338 885
199 209 9
255 217 898
247 215 660
4 35 106
397 45 659
237 377 523
170 32 148
349 128 857
57 148 944
227 278 676
376 193 727
109 348 748
92 21 97
178 6 249
196 331 676
68 286 954
223 343 211
57 248 530
128 54 248
76 115 40
13 320 673
197 225 600
100 69 6
11 256 228
118 353 754
278 28 363
157 63 704
218 111 774
70 160 974
67 270 967
263 23 714
237 5 606
42 285 642
144 310 78
339 288 880
286 138 32
342 59 576
166 258 653
124 50 509
19 11 328
393 199 784
128 140 472
142 319 164
320 297 717
88 281 567
374 156 663
166 18 670
237 5 356
44 321 304
260 18 297
175 112 896
46 125 487
146 237 827
206 198 631
4 157 616
263 333 98
183 54 523
146 12 36
296 190 273
360 292 329
90 191 850
307 351 757
334 147 636
398 371 521
191 200 565
97 23 123
395 321 209
260 317 840
170 143 862
299 377 996
234 143 57
165 195 581
50 58 540
73 343 319
188 108 36
318 65 878
132 244 818
30 64 433
297 303 151
137 95 147
186 199 64
319 140 231
171 90 811
11 57 667
153 232 21
97 324 322
128 14 616
160 311 915
175 284 372
397 137 554
49 305 30
103 310 844
178 63 326
57 399 549
173 53 573
273 397 708
26 325 700
152 364 717
72 315 949
39 158 174
52 383 9
293 160 970
378 179 349
132 21 712
381 67 392
46 54 670
232 26 853
31 44 45
339 153 924
134 178 682
359 55 945
43 334 814
294 82 36
56 303 741
5 23 683
28 275 981
378 142 495
361 315 656
23 310 422
231 284 793
320 45 140
140 175 6
44 213 994
316 294 217
197 349 326
309 50 761
84 34 368
49 269 701
147 59 30
273 59 843
54 357 164
120 367 854
212 331 979
30 324 362
183 144 332
233 131 576
190 344 533
124 143 211
364 111 626
382 24 557
335 345 333
224 312 206
181 253 826
327 233 14
288 109 648
77 394 509
92 375 883
333 81 320
86 209 217
197 370 598
206 344 928
158 180 81
257 226 59
315 98 909
229 15 928
254 7 563
341 109 265
229 312 427
366 323 769
24 89 401
48 93 374
134 23 554
20 79 368
190 383 55
46 28 937
394 221 436
21 271 739
313 328 521
235 109 118
27 318 119
285 116 8
190 352 408
220 249 778
118 334 822
91 293 750
236 93 314
51 148 286
5 179 164
255 200 900
146 31 544
293 116 632
73 99 838
81 256 27
20 157 85
282 78 888
79 111 259
278 199 931
58 389 677
92 292 467
137 280 685
4 318 570
115 81 853
347 143 261
201 271 998
18 267 184
132 93 422
44 115 417
148 71 84
307 375 317
365 193 498
200 178 222
140 306 274
239 116 16
100 301 561
331 205 547
120 233 500
327 145 133
23 206 465
135 55 695
43 6 256
287 72 194
336 270 969
140 135 218
363 320 172
157 63 782
246 318 666
37 278 573
54 201 786
299 15 319
106 241 406
259 141 790
80 357 679
53 289 563
319 386 517
132 367 193
369 186 786
54 177 188
375 336 873
136 45 775
14 357 498
111 36 30
359 123 685
10 154 967
112 31 142
248 320 548
188 99 122
52 110 232
381 22 858
141 298 555
368 211 537
286 133 172
59 36 927
223 331 535
397 139 369
316 388 883
32 304 335
298 356 763
375 7 393
391 305 644
153 358 102
70 93 686
399 76 189
93 229 664
72 349 983
212 353 118
297 25 260
15 20 73
338 280 352
257 72 881
393 395 0
224 346 595
140 205 337
37 61 178
200 297 594
341 59 625
41 270 268
211 120 707
237 125 358
296 316 868
14 144 473
387 136 428
2 188 573
324 260 921
150 272 202
284 266 232
310 340 385
10 363 294
384 336 514
262 95 265
269 323 1
356 246 401
13 199 398
268 314 844
236 216 609
31 202 198
157 263 652
221 127 869
7 231 210
112 330 10
324 86 670
56 318 44
273 13 568
130 340 152
310 107 536
90 272 601
250 149 793
328 220 278
384 265 148
167 178 593
384 149 567
52 115 320
232 245 545
325 191 489
399 279 517
26 61 722
307 122 279
362 163 819
307 257 114
170 201 646
229 300 112
396 376 134
357 323 545
47 394 548
386 31 739
73 235 256
106 89 932
206 21 630
303 340 887
344 192 909
137 229 720
42 122 402
394 312 705
8 342 969
112 293 392
238 32 682
190 240 741
291 258 169
112 145 733
25 32 247
75 352 396
71 62 677
162 347 722
357 275 351
48 358 966
400 296 271
289 228 46
286 235 199
90 102 938
97 106 406
192 361 387
27 57 392
68 381 996
237 41 277
244 48 113
83 287 167
293 368 626
210 104 881
76 232 629
55 261 893
395 330 66
219 191 333
70 11 9
268 198 16
159 105 812
33 289 774
241 239 154
316 94 795
85 139 468
303 283 540
2 274 863
259 338 425
18 300 271
190 157 180
1 346 64
368 322 157
28 358 391
352 398 897
142 255 908
40 325 206
48 305 717
220 119 399
184 396 162
69 15 450
254 271 44
11 54 79
375 348 809
153 87 882
111 136 529
291 141 72
201 131 610
41 3 647
369 298 417
352 92 788
279 392 888
254 200 382
221 148 772
305 166 882
199 215 310
198 183 813
53 325 372
161 269 455
329 191 561
253 254 796
12 78 848
202 30 186
19 103 84
309 79 25
29 175 51
383 131 709
395 329 808
107 73 479
244 327 664
199 71 513
178 95 805
372 137 644
24 287 432
289 229 294
292 376 387
353 320 525
182 143 31
284 121 608
29 342 263
212 75 569
133 340 699
4 244 450
325 5 896
139 184 854
167 140 931
35 34 765
385 123 399
353 310 270
283 217 947
109 67 826
31 5 492
82 344 321
110 26 169
163 26 145
364 173 581
299 86 262
308 293 62
306 350 436
177 194 958
14 258 788
53 171 40
373 164 869
211 1 77
1 136 444
43 25 352
121 10 554
54 104 828
257 84 873
212 231 787
183 166 929
55 4 483
265 30 532
101 294 545
280 182 790
269 80 585
24 309 626
120 186 745
149 66 555
184 315 334
17 166 661
144 388 638
393 323 73
93 0 769
382 309 787
363 194 234
184 276 228
309 164 105
243 381 222
187 31 957
305 4 359
288 132 257
141 100 179
70 244 93
388 51 921
218 342 303
270 349 29
335 310 647
253 219 801
137 340 42
136 289 924
276 107 884
250 398 70
375 6 448
55 72 4
283 189 928
252 169 936
334 170 530
327 111 878
92 311 17
218 166 63
78 395 758
317 111 707
142 251 385
144 49 561
91 365 397
315 276 802
129 323 567
183 281 501
302 224 89
203 119 235
232 195 191
380 227 218
384 334 341
224 134 992
320 46 173
64 227 30
306 85 175
116 191 372
353 326 715
120 314 691
257 17 640
201 354 405
244 152 18
176 197 293
228 112 578
321 130 340
76 347 480
245 243 591
167 33 583
21 299 176
64 281 688
342 333 734
186 297 434
156 139 732
324 77 829
231 279 382
197 285 586
359 313 247
118 392 174
2 382 444
4 148 531
262 109 873
53 46 436
181 170 1
207 144 988
266 386 161
28 197 192
380 314 111
4 388 748
346 193 269
294 383 174
268 12 68
206 43 901
311 87 639
192 261 407
300 261 794
41 318 986
396 21 220
276 46 158
274 175 900
399 184 706
86 195 654
43 313 952
178 78 114
349 186 794
143 331 728
361 145 330
206 67 644
383 321 873
356 262 622
228 335 801
187 232 883
157 91 982
214 380 208
129 260 108
187 75 901
314 264 820
213 255 566
181 199 505
196 85 577
168 286 2
2 222 271
170 269 206
45 164 561
100 395 831
170 175 626
62 329 527
313 271 221
108 143 94
77 344 402
82 76 751
151 400 590
150 338 504
183 217 552
134 45 261
39 311 711
97 178 513
169 166 407
316 104 628
76 60 368
140 69 104
349 76 169
164 310 863
256 241 103
351 269 459
389 99 160
192 47 155
250 300 766
350 11 876
121 88 127
216 178 83
100 250 406
102 45 15
266 200 707
81 96 896
288 82 244
313 363 752
376 11 321
232 332 484
41 372 62
395 173 674
89 17 178
305 92 295
141 54 421
22 248 495
250 291 685
340 33 737
400 178 384
89 187 529
193 371 21
234 211 970
355 393 937
157 338 129
123 286 62
79 230 398
394 289 63
68 374 350
4 124 939
354 276 447
204 169 229
216 349 279
139 238 886
233 302 643
72 143 309
155 235 250
290 73 316
286 0 293
233 238 949
274 379 516
61 321 438
331 7 8
175 338 945
400 295 933
87 381 130
141 75 170
397 65 516
351 110 726
84 378 719
182 53 315
350 13 792
195 365 746
108 5 117
5 127 300
61 92 119
0 234 498
353 386 45
18 94 845
304 358 242
361 269 877
52 230 919
128 312 835
374 309 748
275 163 456
283 113 322
31 285 789
76 322 918
277 7 125
372 145 172
67 308 411
65 381 95
204 347 217
303 394 535
13 59 890
22 268 893
209 380 532
134 309 555
148 208 761
311 220 632
267 146 463
90 256 661
241 26 779
19 96 167
245 163 654
224 357 424
25 129 81
234 82 639
318 274 495
385 191 814
126 161 290
159 43 473
372 355 21
203 17 830
184 205 779
280 227 293
130 65 481
114 18 49
23 5 763
229 265 493
176 228 148
29 337 191
189 183 42
18 346 433
2 108 181
275 273 543
180 149 528
206 3 124
366 222 726
50 285 101
324 15 316
211 395 217
247 400 364
118 37 842
191 202 343
348 386 279
339 313 852
336 93 695
373 238 617
163 14 2
209 235 761
205 6 783
170 93 308
141 253 876
93 55 225
102 182 987
319 170 862
269 189 465
72 333 596
17 304 921
366 51 453
183 114 880
322 336 562
124 134 362
231 251 431
80 306 336
360 91 39
245 129 157
229 317 766
183 101 772
98 336 585
335 255 242
188 137 479
348 117 450
123 264 721
56 143 273
347 108 114
65 155 555
29 47 817
129 236 544
376 308 441
162 190 304
173 97 92
241 241 538
185 327 811
358 363 125
275 301 684
369 163 640
4 388 368
269 70 387
255 173 712
98 246 219
332 50 359
180 357 252
252 332 317
17 258 775
343 281 632
308 127 291
384 150 784
383 45 673
357 264 541
136 285 218
394 125 65
299 366 27
237 21 370
97 322 660
4 302 128
16 356 830
240 209 537
349 201 576
231 336 355
310 106 85
37 302 674
224 24 660
78 9 859
224 220 154
239 339 741
187 310 271
339 345 334
314 202 65
394 272 715
153 38 277
218 266 556
369 51 874
395 52 37
378 75 236
116 202 84
268 304 962
57 272 194
388 90 74
191 236 950
284 230 124
310 73 360
311 223 926
41 355 780
115 135 608
123 133 804
266 384 521
305 378 110
329 228 428
305 295 726
389 166 202
392 38 196
361 205 736
36 177 325
54 3 98
168 325 17
238 39 376
378 362 525
54 237 547
179 297 225
20 204 197
391 212 732
128 319 344
199 167 653
328 336 946
317 366 999
297 189 785
109 214 38
55 321 604
170 173 497
372 232 371
26 103 851
369 175 308
238 253 710
255 152 49
16 230 60
179 174 557
106 22 786
124 13 338
207 174 889
319 398 968
257 280 438
329 133 720
237 239 108
24 353 327
146 61 386
389 125 648
120 11 517
76 143 18
180 107 544
316 39 734
59 109 634
222 4 376
63 186 381
311 8 968
320 98 478
300 380 850
367 31 292
290 217 152
49 200 9
205 399 650
273 53 964
106 122 680
252 367 399
114 74 331
27 55 762
190 75 686
206 305 726
187 218 465
19 303 801
204 335 33
32 64 712
39 59 206
369 281 409
107 106 494
391 130 356
179 43 201
64 66 865
212 357 304
232 80 513
395 0 129
278 136 251
210 375 975
121 135 172
52 32 631
234 10 585
84 213 644
136 321 784
194 216 127
398 364 900
287 165 520
390 32 462
250 324 537
319 343 76
204 364 804
372 224 344
8 298 321
80 272 538
262 70 944
30 61 891
77 298 743
337 111 143
362 271 376
271 32 948
24 187 205
278 214 692
81 392 912
36 174 706
292 317 19
387 210 66
18 45 496
267 331 464
389 17 507
324 396 876
363 369 253
30 50 380
77 177 980
295 229 955
215 350 211
267 348 161
371 327 46
242 228 816
46 295 831
279 80 951
137 154 177
25 167 736
5 179 395
321 49 447
24 208 201
125 389 964
213 343 623
236 189 612
218 373 158
395 57 176
226 42 851
362 29 454
248 165 120
331 87 963
298 149 488
99 121 988
112 196 666
265 200 895
3 152 685
27 390 567
110 362 301
281 195 962
329 382 302
299 311 887
379 37 478
168 13 625
386 257 377
271 399 876
245 277 469
182 367 421
275 238 38
303 79 696
23 101 425
249 1 654
348 25 154
80 352 154
87 295 748
20 329 515
17 223 697
136 339 987
203 361 935
332 130 876
247 264 125
172 23 986
221 393 275
249 298 668
258 208 74
168 388 179
70 251 949
320 181 265
48 0 231
307 34 943
254 21 740
99 139 326
326 316 55
65 87 831
143 62 640
398 32 397
117 147 417
120 261 844
36 26 627
129 400 559
112 216 200
320 119 171
211 203 154
322 335 1000
10 234 847
139 366 456
377 366 494
314 172 226
340 81 244
44 246 532
64 160 744
65 188 828
384 155 743
199 180 578
178 94 918
378 171 481
212 290 232
74 310 706
253 336 276
312 275 30
376 229 396
362 374 370
103 359 922
215 61 526
373 301 54
55 233 295
1 126 336
311 31 942
315 34 302
20 394 670
355 400 785
36 327 620
329 217 304
354 187 688
392 47 334
331 89 576
327 323 44
156 249 795
127 400 654
373 257 212
183 41 862
123 232 901
359 9 517
263 15 853
343 16 756
37 22 594
254 274 766
302 341 619
29 35 189
257 130 331
218 8 537
267 342 514
234 396 330
347 162 948
201 237 632
161 391 397
120 364 479
80 60 999
63 63 441
339 360 1000
145 312 456
394 256 263
5 390 873
243 68 217
13 341 203
83 320 551
351 8 726
59 54 779
274 109 935
237 18 833
120 276 67
230 258 698
180 263 937
121 158 634
274 220 93
233 333 927
96 44 117
179 365 604
122 234 22
269 15 66
128 315 395
139 371 800
287 311 436
132 272 259
399 46 72
376 135 170
196 346 566
34 302 71
148 93 239
357 8 262
174 354 63
297 322 865
87 63 497
42 74 878
193 253 849
177 369 116
331 308 352
342 167 708
1 193 935
85 162 467
246 89 633
282 94 690
49 224 203
278 321 957
365 244 270
18 304 513
312 219 241
47 125 996
135 386 589
385 233 385
91 335 979
348 255 357
116 89 82
307 53 433
330 213 600
241 303 881
30 197 977
115 85 226
177 43 757
169 2 563
127 244 739
29 232 891
191 396 834
47 31 107
231 107 217
18 363 783
311 264 588
316 217 191
207 232 462
188 338 884
14 77 115
293 142 7
224 308 506
78 207 771
38 374 968
284 366 857
251 314 685
236 23 766
391 76 977
90 213 922
111 198 553
323 258 940
312 336 520
353 195 854
265 109 109
244 196 601
4 170 376
335 301 790
124 146 1
350 188 53
85 85 821
171 102 91
174 339 7
225 8 316
223 27 876
45 383 500
217 376 84
353 345 317
251 232 2
292 171 368
228 215 747
364 158 220
361 319 753
213 238 82
16 348 134
8 147 192
204 241 35
88 6 706
397 86 675
156 22 456
98 79 893
31 310 185
291 312 478
211 170 761
254 339 789
7 243 341
14 138 761
134 285 991
399 108 551
266 2 235
195 4 136
308 73 24
125 304 464
381 348 578
105 5 590
331 374 816
258 223 626
346 169 181
372 74 324
2 217 161
177 316 223
76 10 433
246 110 33
42 291 202
242 378 801
263 79 586
273 363 733
80 392 996
324 90 183
170 287 50
131 383 446
14 299 40
207 387 772
261 96 721
223 219 926
290 342 858
345 11 608
362 276 45
136 386 859
220 53 887
29 141 934
178 346 30
95 144 785
4 9 105
152 357 438
151 143 891
243 25 310
101 229 967
9 289 702
347 276 872
360 204 867
262 108 919
371 145 311
106 1 43
183 3 892
315 205 795
356 67 406
164 247 549
0 171 558
230 260 376
206 231 82
81 353 878
255 395 830
393 120 225
300 359 137
384 388 788
226 118 94
384 9 373
133 300 560
91 327 115
393 309 540
240 365 304
303 206 455
376 105 83
153 393 700
325 23 670
89 22 612
125 330 530
194 336 26
369 171 483
170 399 667
154 308 264
248 186 727
360 161 852
307 195 58
144 297 361
272 180 925
71 193 896
102 368 373
392 363 32
198 316 839
198 112 872
7 9 771
189 9 845
37 106 96
61 394 728
380 169 563
205 50 390
349 199 880
99 133 250
240 224 690
12 191 668
376 388 75
260 279 698
9 20 343
386 84 437
326 175 557
27 257 553
397 375 241
360 334 351
179 14 828
180 42 587
352 398 869
16 381 909
288 161 33
265 204 904
286 279 397
77 373 986
353 94 902
156 25 987
221 267 291
124 293 830
112 381 184
133 212 31
209 349 132
119 212 124
116 232 76
363 364 709
78 28 292
288 145 900
52 36 868
325 153 885
64 232 450
172 73 808
104 208 496
367 128 801
158 278 307
205 153 806
363 365 229
12 93 755
48 177 850
332 357 660
356 189 910
195 277 586
240 360 328
372 267 586
353 79 899
268 346 250
105 65 246
282 186 580
258 116 172
195 76 293
203 64 723
183 239 29
352 290 901
304 81 144
204 124 672
324 261 902
372 386 12
312 203 483
363 380 637
274 297 953
185 327 460
263 356 121
265 101 570
184 101 138
141 127 702
191 240 491
119 242 511
19 123 938
260 16 300
78 344 628
48 78 559
55 91 513
389 81 32
183 308 257
258 184 816
228 9 747
238 170 95
142 63 574
36 53 780
197 163 993
0 205 687
122 259 638
287 54 109
122 157 580
391 313 229
237 249 48
232 150 927
49 9 687
274 375 220
195 283 120
328 396 29
129 264 213
340 259 94
266 128 306
383 259 726
9 346 904
148 357 804
193 198 931
41 370 955
333 54 40
151 248 971
12 14 960
186 353 494
195 170 897
84 13 419
248 47 77
374 20 60
40 13 763
268 134 794
232 345 257
174 81 560
119 97 389
188 6 170
13 241 477
306 40 687
211 279 161
236 140 973
228 290 847
255 270 826
265 294 243
93 254 513
387 262 117
57 91 532
296 222 152
210 54 104
368 94 216
363 381 740
346 359 955
274 144 188
53 27 834
50 269 77
198 386 312
248 334 650
395 21 910
210 48 950
212 140 171
380 300 428
20 223 657
187 202 706
92 205 12
127 13 992
26 380 52
383 50 614
55 82 621
320 132 434
29 128 288
57 335 921
44 249 604
34 121 405
142 361 994
332 7 186
310 248 149
201 76 807
56 281 401
13 270 628
293 18 541
365 288 657
144 9 863
113 233 529
303 339 936
370 25 43
1 276 184
239 268 747
156 177 456
241 263 86
334 75 814
274 349 721
52 237 945
205 216 562
29 302 417
223 53 599
187 179 862
227 344 521
336 128 571
106 130 651
389 146 440
327 196 936
286 212 866
95 68 897
207 162 461
83 395 909
307 210 351
387 389 903
164 208 21
306 142 284
103 175 849
305 72 514
98 47 963
241 168 370
112 248 949
361 328 725
220 95 959
177 213 108
63 263 467
151 155 261
57 31 530
298 391 847
13 165 4
234 371 630
334 183 30
361 355 364
202 194 304
311 381 9
185 80 776
387 262 853
119 132 92
60 168 258
351 239 426
4 190 359
20 103 58
31 290 526
59 221 445
89 92 805
6 59 750
394 206 661
4 232 280
136 80 860
97 212 616
105 300 72
89 176 840
5 9 202
12 282 619
65 77 47
42 375 867
90 354 815
62 219 745
300 207 275
159 126 965
312 107 546
56 396 75
60 215 452
393 14 646
64 33 752
368 303 440
302 112 674
177 243 180
268 53 229
69 383 512
227 282 207
187 55 66
207 240 351
187 138 78
164 195 28
375 21 469
162 264 551
124 332 580
385 106 464
210 345 156
39 193 236
155 135 417
41 372 900
71 363 889
36 299 535
293 360 926
250 382 202
137 89 166
181 41 6
341 24 497
273 122 122
29 263 119
140 132 627
27 319 183
232 272 250
371 183 129
381 79 846
179 133 47
154 115 959
317 154 177
75 345 139
314 300 191
119 384 866
304 176 261
82 269 834
360 344 8
89 269 184
19 122 312
350 203 240
185 38 649
168 239 350
118 214 49
193 244 888
155 361 292
342 95 618
220 8 709
388 276 345
114 88 766
32 290 438
16 366 966
310 384 536
177 23 454
123 375 282
331 153 755
380 152 248
80 223 205
114 186 47
179 322 677
264 261 208
13 29 100
66 373 233
377 23 858
272 61 804
4 275 994
277 170 134
358 141 466
387 87 807
30 366 90
280 136 329
229 250 131
182 227 446
162 251 654
336 44 273
384 366 868
336 154 333
117 197 58
327 78 13
72 353 671
87 386 956
171 337 15
397 152 968
392 21 24
102 33 968
18 119 932
368 243 842
328 117 121
197 30 722
344 32 861
331 221 805
275 343 896
293 9 456
20 185 513
159 67 367
391 319 488
10 306 682
260 336 993
132 259 539
375 302 500
304 341 857
233 183 806
323 22 959
55 184 945
255 201 220
141 85 902
323 113 714
376 249 187
269 308 607
219 126 773
24 247 113
75 326 161
387 226 87
273 325 581
390 290 885
168 30 814
374 237 835
341 278 543
79 196 174
109 190 398
51 75 217
84 305 964
88 2 738
52 161 700
219 74 955
225 365 281
6 197 737
204 370 603
80 181 672
144 299 638
348 386 706
42 46 730
165 398 967
168 400 882
46 394 633
198 77 281
309 366 857
175 367 268
200 369 987
272 271 543
82 290 930
115 151 801
0 129 817
98 257 563
344 149 941
48 22 665
357 204 544
327 392 77
176 223 991
208 359 833
277 261 422
341 259 691
117 397 501
5 35 514
20 368 241
304 38 964
360 93 677
142 206 277
396 88 944
220 35 83
123 84 837
15 295 561
317 244 837
99 233 517
229 97 164
283 141 649
226 204 891
346 362 296
255 319 908
241 387 68
123 383 479
190 142 167
240 261 602
34 2 892
246 226 284
221 180 191
5 88 270
242 277 456
205 314 896
387 360 871
267 248 188
104 250 526
261 198 421
243 340 129
312 221 765
296 105 561
302 139 487
204 143 280
63 1 494
267 253 751
314 169 57
129 157 550
54 212 252
255 219 884
266 396 613
27 296 951
58 56 904
179 84 159
275 156 77
166 260 216
360 250 624
33 274 254
35 6 796
238 248 796
342 364 559
296 228 886
169 41 462
36 259 61
398 94 147
49 62 377
400 138 885
237 190 316
172 27 701
365 126 665
32 342 225
314 93 859
172 132 446
313 190 223
185 34 156
381 16 885
372 165 709
303 162 16
52 268 492
390 227 817
354 18 53
199 270 209
64 46 803
273 111 873
176 387 599
218 130 468
80 42 357
216 158 95
230 175 126
137 162 53
5 340 600
166 109 791
128 344 537
281 223 822
18 14 368
213 26 813
214 164 368
70 186 643
324 30 818
342 270 505
30 377 717
111 278 326
47 117 556
91 202 866
321 194 890
366 103 465
330 198 352
245 226 216
67 79 923
49 135 989
145 208 416
173 62 554
288 36 966
362 24 606
390 190 407
223 324 662
84 330 845
201 45 94
349 130 715
41 118 902
263 169 443
115 27 562
105 101 744
385 198 402
131 277 187
28 286 162
17 49 781
166 157 399
256 399 786
158 193 872
203 367 734
302 118 904
226 376 796
75 298 181
96 89 338
5 359 942
279 298 730
349 156 228
182 93 619
367 157 434
219 290 105
244 271 764
314 299 493
56 49 522
367 176 606
179 349 83
96 94 360
137 63 305
236 137 198
309 14 458
366 343 856
259 41 639
371 246 877
161 389 242
291 317 17
27 172 448
142 114 846
250 244 146
242 254 645
183 375 675
21 292 914
170 151 420
262 284 134
326 348 402
129 288 310
227 176 885
204 39 567
122 318 536
57 311 184
302 82 785
51 103 213
120 61 700
373 106 115
275 275 609
280 103 959
360 149 322
381 304 655
192 338 447
48 26 757
280 94 261
259 397 200
332 6 66
182 359 902
31 212 699
57 398 321
19 12 191
337 0 892
270 198 28
369 393 139
225 266 691
123 7 977
156 141 917
302 121 441
1 187 619
335 316 420
391 116 828
353 170 515
123 222 668
119 26 490
384 41 267
271 56 650
269 74 700
384 77 970
375 318 827
249 282 952
205 281 374
164 142 196
73 170 402
318 92 319
372 115 477
189 168 694
54 52 225
253 175 120
392 149 500
119 234 138
75 366 791
87 22 172
46 344 793
317 356 732
125 12 237
300 395 897
274 181 330
224 164 211
226 68 648
56 171 597
45 387 456
175 6 941
94 369 829
77 280 479
370 379 462
184 231 826
267 239 792
322 156 57
225 109 914
223 327 591
258 162 476
116 200 657
175 379 361
311 336 727
147 230 166
189 67 974
160 71 307
342 130 577
301 191 795
75 66 672
117 215 118
220 270 587
102 59 632
222 217 515
117 49 537
165 256 961
112 392 268
27 65 302
256 314 159
43 398 967
125 329 263
52 154 795
200 393 916
123 252 674
161 66 868
301 255 629
82 386 358
142 82 34
57 246 639
110 338 442
382 226 578
20 81 671
338 355 517
186 2 123
0 179 262
206 99 618
379 143 105
334 143 739
248 329 111
101 65 198
171 307 166
335 223 735
164 195 348
319 123 474
240 278 981
231 378 953
284 202 248
187 80 719
281 114 496
84 151 234
324 206 217
145 96 955
200 241 154
374 83 465
25 181 850
221 29 965
223 286 968
47 45 645
277 220 573
311 95 471
81 63 115
68 172 856
31 217 410
311 198 191
200 29 982
6 91 549
300 138 155
239 194 15
264 209 170
71 304 721
23 83 431
369 107 424
244 304 352
29 315 710
364 96 670
271 258 575
206 169 140
143 134 815
74 325 369
214 88 367
83 373 636
372 147 692
398 330 285
84 245 448
321 176 654
219 326 207
305 49 36
362 99 767
252 263 875
358 323 355
131 19 748
12 251 507
206 198 255
152 400 240
111 58 561
400 116 412
231 24 995
338 324 252
313 29 622
304 278 308
178 133 658
96 54 211
69 163 459
181 321 646
324 184 220
116 330 396
67 20 471
338 32 883
288 159 225
153 273 556
352 107 367
392 180 21
218 329 754
75 273 531
194 26 584
38 96 887
341 110 530
160 383 107
211 144 493
17 164 820
312 259 632
357 368 308
65 33 518
368 389 945
328 348 954
89 391 626
113 218 993
344 326 792
365 22 829
327 73 662
7 233 25
384 379 920
320 27 118
217 33 514
95 400 744
80 174 879
131 246 437
307 391 583
55 268 942
293 170 574
119 48 804
242 313 197
306 95 368
228 202 543
350 144 994
183 77 252
123 260 900
149 164 124
134 293 892
319 380 923
28 228 237
156 86 134
23 16 577
271 116 332
339 34 517
125 52 533
356 231 426
290 357 610
213 374 544
399 388 119
218 237 522
371 113 400
219 40 323
253 188 600
7 90 893
156 283 323
260 379 959
178 33 280
367 186 361
80 195 639
62 254 419
300 166 269
287 54 801
92 337 371
143 289 531
143 268 121
131 188 687
7 26 395
160 229 486
206 215 164
373 271 867
101 47 453
360 234 136
27 395 640
178 137 369
155 141 541
107 352 785
177 3 79
370 67 385
324 148 679
197 257 196
212 158 29
365 17 162
342 327 708
383 356 278
347 358 341
367 145 579
307 292 588
216 247 320
382 13 729
349 124 710
246 232 740
140 187 828
251 204 532
100 256 604
133 381 382
256 276 543
35 18 305
200 13 473
92 191 368
200 6 820
301 318 721
179 381 815
169 216 474
8 145 618
40 188 310
88 202 329
127 281 69
316 6 423
323 24 984
321 156 330
356 97 819
56 78 910
147 219 367
194 365 610
255 336 560
109 51 867
253 252 235
342 261 958
84 177 867
250 113 322
329 62 141
314 9 267
35 284 744
187 231 694
149 48 195
9 210 52
73 74 250
202 40 586
292 234 630
77 99 481
29 154 850
252 279 590
369 287 817
293 115 657
368 57 867
244 342 886
111 120 955
126 283 826
185 219 356
335 71 791
267 251 935
208 178 258
308 82 913
203 121 73
233 173 248
359 85 494
156 340 466
281 263 341
146 222 411
359 359 203
327 276 867
262 276 717
8 134 155
268 185 163
328 377 218
173 143 707
221 311 214
355 25 883
278 66 39
145 213 464
170 38 782
147 303 192
281 284 696
192 264 107
200 85 523
90 58 865
319 86 458
308 214 979
60 132 455
337 287 619
274 242 891
284 183 260
42 240 929
120 175 913
374 84 274
339 281 937
56 358 796
158 42 593
90 358 817
136 259 703
272 384 188
377 31 62
116 174 820
243 13 726
135 58 703
128 303 995
268 366 308
196 327 564
240 361 600
38 101 928
0 177 594
347 301 888
343 342 74
216 313 731
37 71 791
362 243 186
358 233 987
368 394 355
104 24 410
97 330 625
388 62 470
255 209 355
158 22 264
186 254 636
109 303 845
1 280 394
4 131 532
218 255 240
215 302 18
50 11 270
103 283 975
229 239 733
359 234 827
208 165 935
340 176 416
360 170 147
20 282 197
120 367 972
2 162 16
301 154 338
345 346 583
204 251 987
327 9 594
392 243 367
111 153 370
18 24 545
388 140 423
86 206 121
280 22 56
289 399 672
247 146 277
174 384 272
297 78 139
68 142 601
140 48 295
276 59 62
343 300 274
359 348 562
360 200 745
220 228 325
169 32 913
234 374 547
283 388 432
165 164 804
323 387 845
19 161 793
188 38 971
22 48 11
17 217 783
319 164 614
237 167 103
215 197 106
316 232 386
158 175 853
302 104 198
88 164 261
176 155 723
336 159 764
43 15 347
141 380 911
218 368 981
292 283 483
107 57 20
63 51 979
53 349 621
313 84 303
184 221 955
95 294 457
316 13 144
193 236 279
77 217 18
30 323 949
107 252 371
96 161 617
25 252 153
39 138 22
363 261 424
39 217 237
180 370 859
279 150 116
379 140 791
311 72 925
129 219 858
175 337 62
102 152 858
301 40 291
302 204 862
354 9 46
207 281 621
12 54 776
205 313 155
144 380 61
250 195 402
139 368 648
245 256 882
367 128 5
369 249 61
144 11 135
264 174 650
255 344 67
292 290 952
88 72 924
30 191 274
337 230 228
232 301 841
46 159 398
320 162 576
64 183 31
355 94 42
279 315 947
173 295 373
152 36 763
347 300 348
17 298 283
215 384 706
160 83 554
134 29 412
356 61 198
89 375 977
398 346 283
108 186 939
103 156 954
237 113 884
82 115 885
13 182 139
160 90 9
348 102 803
385 224 431
70 299 541
290 251 452
353 58 434
344 71 146
51 263 422
153 79 623
213 281 652
204 371 801
393 80 152
389 298 372
299 336 513
127 359 498
65 43 29
369 318 920
57 352 706
368 275 612
357 280 154
353 350 358
320 233 972
25 239 855
38 166 917
123 146 933
360 133 647
96 54 482
3 293 594
110 203 553
246 92 84
162 68 111
386 60 885
270 268 64
222 70 599
352 322 809
133 89 58
22 251 156
207 194 775
388 22 660
67 183 450
300 286 623
400 347 312
134 51 524
269 224 553
202 300 328
43 201 565
253 279 215
354 120 643
6 65 986
65 70 427
210 204 615
353 329 854
130 343 68
311 367 962
160 295 17
82 184 806
379 368 602
240 16 478
314 147 367
349 34 648
364 208 282
317 67 231
78 211 637
144 309 67
270 70 78
115 156 568
303 361 252
365 252 589
145 210 413
58 327 570
46 244 37
328 64 461
314 46 9
124 35 781
76 174 48
345 192 61
291 95 509
209 368 240
311 270 392
114 98 937
268 51 106
113 345 921
204 399 566
347 322 499
326 264 242
358 389 88
272 211 423
192 386 35
207 3 107
389 153 395
63 251 941
337 291 247
393 10 780
396 182 584
62 339 702
236 273 970
322 150 244
210 167 200
122 287 259
280 383 632
235 380 691
149 352 882
49 124 300
21 83 116
227 228 200
99 217 76
55 392 898
169 396 919
344 108 352
193 84 581
307 158 151
340 6 935
6 20 938
130 110 610
263 33 12
131 0 746
391 336 702
307 250 380
193 340 697
64 382 335
194 368 917
399 57 531
360 67 644
194 127 465
363 287 497
34 30 265
181 84 926
248 47 135
329 213 635
315 108 286
160 215 262
389 31 653
377 343 693
127 238 257
274 390 138
189 51 182
8 208 221
154 201 481
259 190 438
271 167 725
283 22 399
365 348 725
377 245 551
354 396 918
299 77 501
217 292 895
370 114 86
109 41 434
323 31 792
307 254 517
122 331 246
98 205 339
120 288 510
149 268 367
353 83 977
240 364 879
4 354 648
372 322 51
4 111 348
198 275 663
73 171 298
276 204 717
205 58 117
246 127 2
204 89 847
217 251 67
78 318 337
311 195 414
365 29 104
267 356 686
394 170 904
23 182 395
128 90 457
140 276 654
223 242 878
78 123 628
194 144 309
278 19 477
229 97 226
50 13 203
27 217 299
379 187 672
387 212 592
199 307 581
120 44 189
16 275 57
230 316 308
1 163 746
138 234 626
204 155 341
272 22 232
255 78 912
22 136 280
357 61 910
142 209 944
368 64 490
258 216 62
360 370 895
117 5 219
217 44 383
96 196 334
61 298 41
234 29 65
342 217 458
296 388 215
317 79 906
321 319 662
219 126 367
24 309 798
297 371 576
351 350 274
342 271 571
302 216 841
124 229 242
297 266 42
7 242 987
308 209 911
41 110 216
113 132 220
242 382 965
14 285 325
354 395 77
259 72 84
394 382 872
234 302 663
155 51 234
55 380 131
57 210 345
238 68 8
191 305 450
345 250 689
276 391 245
338 52 275
339 22 838
316 90 520
312 284 377
38 172 551
29 273 248
302 94 5
385 76 584
98 95 338
258 250 178
334 311 894
72 178 442
213 48 976
336 251 695
349 150 205
319 164 667
35 85 747
327 71 928
298 100 761
303 316 904
289 36 774
75 190 129
44 193 845
44 324 891
0 358 897
184 208 950
173 300 693
102 60 472
343 158 515
255 157 66
319 180 533
80 57 816
391 274 159
99 245 242
222 328 27
240 138 179
359 148 916
276 128 454
82 389 769
300 222 539
26 88 596
285 296 409
181 161 36
181 132 620
367 200 62
169 286 655
12 356 379
136 266 704
316 68 241
395 185 23
242 188 561
361 387 386
185 96 177
111 30 611
172 224 916
30 41 234
211 238 376
54 126 101
46 73 570
239 193 945
394 366 249
336 158 863
29 210 84
124 323 491
141 4 571
0 43 887
99 45 846
288 65 67
146 388 93
379 236 145
70 53 210
223 358 877
100 0 243
314 162 795
59 5 421
52 87 239
246 381 385
312 322 913
69 166 124
93 15 787
91 209 198
81 62 859
22 127 267
188 353 429
241 339 430
71 362 527
217 310 156
50 248 103
266 270 822
8 275 256
100 369 159
262 41 272
98 255 742
72 216 866
246 333 93
227 211 987
84 267 15
135 80 111
1 118 126
74 389 803
381 27 469
360 337 968
224 58 729
303 344 230
302 380 759
343 3 758
22 361 412
309 158 646
266 222 947
3 24 424
376 76 884
360 149 663
101 317 17
284 238 472
343 66 707
79 363 608
290 173 823
143 335 823
20 32 994
231 372 465
293 82 53
228 21 877
200 394 86
215 226 159
198 38 95
253 102 924
46 111 452
173 31 486
195 4 654
269 269 691
147 282 748
14 0 989
263 276 411
127 48 997
201 119 321
355 112 977
184 345 654
143 269 133
223 330 539
197 182 375
321 76 628
341 42 847
99 194 887
320 374 781
297 78 440
88 163 174
351 332 814
48 53 905
127 152 599
201 229 961
37 81 30
319 72 568
344 281 493
385 25 845
301 380 439
275 110 898
324 316 286
205 52 969
186 232 683
255 313 287
226 321 359
361 164 19
177 174 443
368 33 30
70 287 392
234 36 844
146 250 70
244 62 33
296 50 536
303 309 796
187 318 689
347 63 215
342 188 224
87 257 261
286 239 74
305 53 340
209 46 2
257 142 885
186 54 709
362 334 891
239 326 51
242 300 989
301 322 284
61 258 173
210 137 60
267 99 481
197 153 343
151 314 692
106 250 733
69 165 611
199 12 560
44 77 568
152 101 61
150 377 208
313 264 495
325 278 414
166 100 60
257 167 648
223 55 498
390 205 288
181 21 225
271 52 321
42 170 500
35 99 315
22 307 574
301 148 783
118 390 303
202 229 720
122 325 694
380 102 403
138 365 736
9 300 253
208 106 778
136 127 47
164 60 273
350 372 0
69 73 270
273 136 107
110 16 21
169 339 194
151 380 406
393 380 516
242 352 193
127 349 170
12 30 859
170 33 712
130 331 178
191 325 543
58 375 987
312 146 318
128 385 379
47 289 511
129 256 571
78 304 973
184 14 149
116 119 360
68 14 144
105 395 981
104 294 812
191 252 637
326 170 854
238 359 529
302 6 650
218 248 453
100 10 195
216 347 439
97 314 317
328 146 690
32 350 206
21 373 328
90 263 408
199 131 993
5 121 4
226 203 521
18 337 710
286 214 666
254 16 219
364 105 831
97 110 764
202 333 511
100 391 349
309 169 131
235 233 801
345 272 346
278 59 71
356 111 239
182 175 400
235 97 270
253 303 622
353 388 603
18 342 2
148 172 788
234 389 14
18 345 214
67 207 807
274 177 702
398 161 906
224 59 390
110 398 207
305 201 773
28 75 911
208 79 850
274 353 219
385 384 47
64 365 749
169 98 250
89 32 902
109 64 892
17 356 468
348 332 406
44 291 737
190 304 537
44 364 259
0 156 997
299 119 351
363 196 316
79 1 552
0 341 4
232 298 648
99 58 657
324 239 965
274 258 902
389 0 346
168 288 493
46 327 515
191 270 79
365 23 407
23 296 762
171 24 661
165 63 987
61 173 825
22 165 630
310 235 909
54 135 456
220 109 696
34 217 652
135 94 246
252 3 731
191 176 998
218 130 416
350 228 362
135 149 997
47 277 398
121 324 401
182 213 154
184 187 56
384 1 846
188 127 534
357 379 434
120 332 358
53 350 831
62 251 571
375 43 194
134 7 415
330 366 618
17 189 604
392 378 500
192 327 740
360 21 751
26 114 314
197 57 377
258 242 289
379 143 550
394 61 430
293 368 554
180 2 320
237 339 726
22 13 617
214 233 713
126 102 642
260 253 333
217 166 83
159 18 868
241 83 111
156 87 837
64 175 652
398 262 439
235 355 355
208 359 660
174 158 281
337 233 512
201 230 568
234 149 420
381 46 586
3 12 384
197 215 125
150 238 160
379 41 607
399 193 463
342 101 684
27 80 549
170 282 952
342 368 36
260 269 264
320 123 559
58 34 911
305 370 161
276 195 910
64 391 834
366 364 693
375 367 204
385 227 63
171 124 123
262 45 993
316 400 344
41 332 759
28 152 622
330 251 206
173 334 634
78 395 84
253 337 293
60 31 360
201 141 52
288 104 507
109 399 333
292 144 703
390 379 172
52 83 755
21 202 530
248 134 252
231 380 512
175 306 988
229 279 349
310 269 251
301 279 902
251 384 987
104 197 165
126 288 598
301 201 547
116 96 826
342 236 625
219 382 859
294 315 545
217 70 36
394 116 981
46 176 160
5 40 798
308 40 86
339 101 646
340 43 711
31 86 612
332 383 6
237 211 300
4 298 360
388 160 828
115 32 881
14 259 194
369 319 723
250 162 256
5 95 196
268 42 750
86 41 408
260 69 390
159 124 285
308 237 577
29 398 108
350 64 120
364 97 309
78 179 347
178 100 450
309 132 285
179 340 156
12 198 388
342 213 479
343 259 862
220 152 977
333 363 978
187 326 721
100 124 595
227 355 637
313 208 754
197 350 864
396 311 893
305 100 516
384 244 476
108 112 393
206 69 323
216 159 973
340 242 861
173 218 669
146 298 381
189 393 75
28 21 639
161 321 34
90 88 721
205 76 956
142 265 870
311 343 391
277 88 114
11 95 56
2 148 429
220 331 748
196 265 939
21 1 982
164 230 989
42 284 696
264 76 725
317 65 244
169 242 131
59 362 59
240 243 631
0 8 875
249 33 537
322 177 965
365 184 791
174 67 701
238 126 902
174 110 995
71 200 187
346 291 675
201 29 38
346 340 912
193 243 368
306 288 352
88 57 695
209 400 461
141 87 873
88 264 175
319 318 272
107 289 943
131 102 944
347 133 951
209 131 808
102 154 965
50 325 994
335 255 847
7 57 408
225 245 989
168 24 289
118 64 981
56 291 415
177 55 909
319 376 572
50 95 363
50 364 717
129 41 479
192 357 109
225 301 584
69 220 54
152 36 258
342 89 183
40 84 270
63 359 150
350 169 300
266 212 85
400 143 873
300 308 186
184 288 240
141 56 507
90 195 777
341 257 380
239 223 579
253 377 58
201 22 716
92 181 110
377 362 954
180 218 585
135 315 505
47 84 47
62 283 523
231 294 847
159 155 666
162 376 226
370 196 399
356 198 549
54 349 663
189 115 215
287 149 499
16 221 572
201 28 267
144 74 744
360 301 114
70 220 510
129 132 334
173 368 870
25 250 543
366 336 299
275 262 210
173 154 627
123 374 239
219 51 936
39 294 312
185 361 722
33 287 41
0 255 918
366 400 425
94 69 586
224 5 183
139 65 543
350 245 413
246 109 692
196 271 554
298 253 462
152 384 947
66 314 119
61 201 702
271 66 579
293 271 80
239 275 690
208 229 954
198 181 819
93 109 779
211 0 66
327 397 900
230 319 103
166 3 658
361 101 277
331 195 130
304 126 913
276 145 423
396 376 12
233 262 950
312 179 344
364 84 746
228 352 41
304 66 557
336 326 926
215 276 205
188 77 19
75 153 24
252 257 78
136 304 931
311 9 43
30 144 886
394 211 69
209 85 746
202 225 337
129 155 672
393 291 175
57 393 168
213 165 749
155 235 969
234 106 150
25 138 122
58 123 868
70 310 283
148 6 800
16 348 518
134 83 871
136 183 845
271 162 498
114 394 736
146 255 300
228 63 203
89 141 675
123 250 797
235 252 108
268 212 563
36 219 509
386 240 388
148 318 420
57 273 491
109 194 967
279 376 925
186 176 117
81 170 988
144 22 802
326 194 76
18 365 561
49 330 192
78 389 567
17 184 494
104 288 488
300 304 17
261 263 947
88 209 213
210 105 222
12 103 126
132 83 816
142 134 800
22 34 682
362 163 680
126 334 868
78 137 575
1 31 299
336 250 860
233 59 326
72 72 788
161 317 891
118 341 166
389 395 34
190 385 560
219 335 29
383 297 777
369 204 47
98 141 608
381 259 925
31 315 183
201 133 205
211 393 670
205 151 674
0 84 241
360 137 977
379 383 42
209 268 719
200 278 735
14 121 67
194 5 996
391 366 465
36 71 990
191 65 51
31 244 48
246 371 667
397 47 532
388 171 259
247 367 890
277 144 216
4 60 79
235 55 454
265 114 558
241 170 187
373 297 81
303 114 916
223 360 464
130 210 97
369 211 622
250 256 302
115 141 33
146 333 414
144 190 351
116 317 218
112 170 243
128 274 408
311 15 349
100 286 734
305 212 140
124 319 604
118 180 84
96 329 376
148 108 95
214 321 936
117 37 147
396 4 523
7 352 491
17 383 301
359 302 970
389 191 254
323 111 16
180 109 73
114 283 860
375 229 172
76 26 779
329 387 527
105 23 13
258 121 944
39 61 849
49 284 774
61 210 862
249 188 794
379 305 285
135 121 739
362 121 486
283 100 445
132 220 958
164 325 33
109 244 663
23 121 89
271 180 904
387 39 829
31 97 687
361 212 881
330 305 393
112 176 249
308 381 660
22 237 681
331 280 602
385 156 16
286 373 409
308 223 284
143 334 346
281 123 136
35 191 637
48 51 108
95 300 936
262 162 332
341 393 461
163 210 335
31 237 648
230 22 755
135 281 821
217 268 307
260 5 785
399 140 451
216 395 760
160 58 552
196 81 183
46 137 815
108 234 126
272 373 327
269 156 534
112 295 983
378 277 300
318 144 28
243 169 265
344 118 109
238 362 715
53 335 650
43 223 816
146 335 287
268 74 670
21 379 846
242 199 873
66 326 506
279 286 505
195 205 570
188 333 868
183 263 365
69 71 516
157 371 764
362 60 171
15 280 727
367 33 677
179 169 469
369 243 596
191 278 119
270 373 499
268 76 990
269 313 587
62 323 825
41 286 944
156 270 38
396 211 871
349 1 777
62 69 600
27 90 744
103 394 353
120 179 152
131 200 908
298 368 693
265 355 681
95 308 26
371 95 926
18 319 615
367 307 451
19 25 635
294 354 62
353 303 781
257 183 828
210 183 109
236 259 804
38 234 573
185 397 377
360 278 164
86 312 985
322 254 84
25 356 462
67 138 205
231 314 355
31 298 512
46 106 1
281 125 321
152 305 343
218 396 600
50 199 795
254 153 604
237 284 862
319 115 960
353 166 863
394 245 347
30 278 210
386 245 651
3 7 569
174 323 908
278 4 582
134 387 663
260 313 326
193 108 977
213 5 113
382 110 447
278 335 291
304 119 407
117 94 13
260 400 402
159 152 204
142 285 937
262 170 154
267 311 429
300 368 842
315 366 778
124 167 757
219 46 561
206 61 694
384 193 59
189 163 775
71 52 762
202 8 518
190 337 536
345 380 597
388 70 755
90 152 42
256 229 313
225 150 931
388 381 344
308 186 963
21 238 741
260 324 562
70 371 592
46 208 916
66 299 30
44 396 548
111 216 710
4 258 574
203 51 456
400 377 332
323 203 130
162 134 651
148 160 619
113 19 335
354 20 518
54 169 786
308 4 151
179 131 585
298 144 248
46 127 696
77 388 688
80 114 915
144 15 512
310 31 487
346 126 745
105 321 123
322 381 20
16 111 85
226 106 767
156 107 546
95 215 914
65 375 780
6 55 351
183 134 428
89 213 566
227 222 568
377 0 587
386 85 546
387 207 995
73 12 791
116 106 702
112 361 628
138 391 616
0 84 131
119 22 418
344 85 840
258 172 915
199 150 750
16 360 521
18 67 651
394 360 440
254 305 599
156 184 118
262 14 541
121 357 470
85 113 679
151 304 577
126 355 392
215 52 344
71 278 658
377 212 341
117 2 823
356 314 402
302 257 14
42 332 633
61 290 72
42 214 141
211 131 893
374 14 209
344 317 281
281 244 398
78 215 306
310 97 981
32 303 717
167 279 361
263 191 451
23 2 240
124 214 363
270 284 60
274 351 564
63 235 132
180 125 518
267 114 104
196 224 163
225 286 399
317 253 135
373 17 542
104 125 871
82 360 540
120 57 810
70 261 802
104 296 183
153 375 524
314 65 876
65 218 187
347 229 513
231 262 285
260 67 78
236 127 407
320 31 981
70 169 974
349 372 404
199 7 954
210 71 680
57 195 322
12 27 193
320 304 969
146 190 201
340 260 48
349 316 433
244 155 352
302 311 752
300 12 916
58 194 823
236 179 560
10 62 656
120 71 778
46 342 668
326 117 87
197 79 356
76 134 216
336 344 101
4 44 921
157 201 474
107 295 235
388 122 398
92 196 84
52 96 758
324 82 652
18 308 45
115 400 250
69 225 25
320 357 883
192 354 600
268 288 512
169 354 406
380 72 825
346 258 869
247 189 908
166 282 255
306 201 119
288 173 648
113 117 82
399 187 391
337 94 738
7 134 388
224 139 844
259 384 412
247 15 323
318 274 242
221 306 631
231 209 300
378 167 240
145 231 104
298 178 654
238 161 797
164 313 968
291 218 376
340 85 65
241 36 649
294 51 410
309 97 806
198 62 542
58 294 896
302 331 687
286 395 938
192 12 860
341 270 72
227 303 248
202 18 676
60 260 75
262 161 664
219 66 88
144 362 356
121 385 883
291 314 140
360 305 784
295 168 152
107 134 535
240 57 930
108 32 123
59 302 510
318 41 718
13 280 978
183 209 744
72 186 261
348 153 783
85 5 267
27 23 858
55 140 9
55 118 175
117 310 228
79 142 54
212 378 949
120 117 913
54 222 792
198 263 372
63 319 143
177 169 817
238 4 957
395 149 934
307 239 813
378 330 8
273 276 296
294 256 846
25 74 17
115 166 141
72 247 984
1 330 349
7 79 871
387 88 189
301 205 822
195 19 899
396 219 39
64 178 563
43 189 449
386 10 748
298 280 470
319 152 138
54 174 762
21 25 980
62 51 639
353 338 136
154 46 128
335 371 5
11 372 666
228 232 647
290 356 940
115 388 151
78 126 956
238 368 218
90 82 3
291 172 916
43 390 284
355 71 225
293 68 636
300 51 686
106 391 383
305 303 229
165 232 978
158 289 251
258 71 17
141 192 449
164 254 817
194 244 974
308 394 101
332 94 5
131 94 400
143 278 88
39 376 414
21 20 882
331 327 427
360 19 888
344 321 641
348 72 725
106 63 820
284 337 734
66 330 305
34 294 925
371 53 661
215 233 944
183 39 34
388 58 594
54 81 658
255 300 887
45 38 826
46 3 787
24 383 370
161 371 802
10 36 218
143 262 689
170 289 101
10 57 281
289 147 747
6 180 95
343 199 537
29 330 772
74 66 413
390 81 555
166 29 762
165 113 378
121 156 431
167 148 478
355 34 743
162 257 156
36 231 494
75 145 431
133 38 924
35 269 941
312 74 172
277 290 311
75 337 8
225 41 593
107 8 117
249 69 265
389 355 955
252 180 779
233 355 246
306 73 328
230 180 482
52 301 512
55 214 470
240 243 842
291 132 684
325 307 536
84 359 250
207 143 899
333 206 652
372 384 687
19 279 377
52 202 505
88 34 522
118 217 844
155 325 992
156 333 864
201 362 472
252 231 527
87 200 526
64 313 145
209 375 603
187 109 218
17 57 135
254 330 459
37 56 793
358 327 409
239 296 840
248 182 76
65 355 75
377 92 574
90 209 94
143 342 596
311 347 178
353 175 91
386 260 4
62 268 353
294 307 847
128 202 849
291 338 617
29 327 78
73 17 879
387 35 591
266 321 158
77 201 328
268 359 64
28 135 344
228 316 323
122 47 283
170 29 168
170 107 462
237 175 485
5 305 933
241 228 428
82 356 315
387 208 365
361 306 439
292 284 982
207 310 954
122 330 338
395 59 759
178 355 65
186 371 441
167 139 924
34 4 255
306 9 792
244 295 749
201 336 578
363 309 286
269 286 17
177 26 80
75 202 281
245 235 329
109 116 883
165 131 660
306 75 184
128 150 34
83 249 58
225 129 753
58 192 25
356 127 315
129 22 250
270 370 964
39 32 910
7 35 380
105 254 223
224 157 64
377 97 418
208 237 647
291 126 932
366 132 693
62 155 774
167 200 550
126 259 977
289 117 701
334 49 264
90 54 639
181 311 907
167 107 370
172 200 688
248 188 895
387 94 630
265 16 787
359 333 959
76 318 336
273 378 633
369 275 141
28 90 321
115 268 553
177 55 704
117 125 624
187 377 307
67 131 631
174 213 949
267 180 651
378 271 658
317 297 265
13 294 138
128 328 984
207 290 875
307 323 109
276 89 988
294 384 887
132 253 685
112 349 916
349 361 470
108 95 509
298 223 506
269 369 441
72 154 29
379 217 48
99 135 277
255 75 164
105 111 402
225 236 516
346 219 896
102 343 964
355 359 130
356 318 64
267 118 167
174 7 119
260 189 47
205 191 468
250 290 626
291 166 781
189 120 286
239 95 607
332 175 365
156 111 639
249 336 929
188 23 88
203 182 454
142 90 905
374 77 777
360 395 343
127 133 221
246 320 537
280 23 163
56 377 478
204 319 713
121 154 12
396 216 585
287 287 473
256 74 292
341 112 962
266 138 511
392 272 786
371 100 405
305 97 42
57 95 282
29 57 32
72 293 845
159 265 541
376 57 10
203 279 549
199 4 575
325 214 504
350 272 978
155 136 693
130 35 803
241 340 647
85 66 502
142 102 826
33 113 506
91 295 3
274 240 299
91 373 914
312 184 650
56 317 664
125 6 326
263 1 229
329 392 923
295 152 404
294 182 726
337 357 403
83 269 838
103 354 556
121 159 593
319 9 844
109 276 206
226 66 464
223 72 865
307 360 880
147 392 93
122 235 707
311 386 812
127 212 124
49 207 584
377 363 560
123 101 171
276 26 207
116 6 901
215 312 334
67 15 709
82 307 154
213 149 93
153 400 357
218 46 469
257 343 382
363 202 183
165 392 55
260 48 663
176 188 273
340 97 448
107 311 243
260 102 780
91 225 435
366 24 150
395 398 749
217 283 267
160 156 224
116 186 878
397 302 653
112 150 126
37 28 814
251 7 17
21 157 560
261 203 351
133 55 325
21 173 475
366 234 353
395 79 578
155 234 783
155 80 716
138 221 10
246 102 744
185 76 208
277 90 505
126 148 772
329 1 925
335 242 365
214 4 576
156 17 577
280 56 575
170 395 190
192 89 53
377 83 933
15 242 182
5 110 396
206 62 14
293 60 460
347 70 477
261 197 743
218 325 433
125 350 64
80 358 215
109 181 934
52 126 447
58 293 876
210 277 350
148 6 460
310 172 74
77 86 152
131 105 138
168 218 347
9 233 785
299 392 11
43 44 888
53 196 914
118 172 464
73 32 222
363 18 735
358 307 627
185 148 695
154 243 166
365 145 819
13 294 879
305 201 689
224 33 157
63 251 269
72 46 246
312 396 554
167 103 890
34 5 7
329 84 819
73 186 261
206 45 567
59 321 652
114 90 569
52 185 415
82 101 288
43 338 257
211 345 502
90 94 293
209 385 652
55 6 6
326 328 553
380 216 880
248 278 364
305 57 800
54 36 247
161 326 211
330 232 980
245 239 353
53 136 580
152 331 993
388 210 229
155 204 855
249 260 579
319 122 849
223 288 802
383 49 513
177 216 748
107 291 987
95 30 889
257 43 101
204 142 286
15 100 708
254 236 72
350 138 337
267 173 177
229 399 136
170 47 430
238 222 146
93 252 973
171 341 559
334 269 97
71 123 606
330 12 97
230 49 978
384 315 185
334 84 685
390 259 883
177 148 848
230 300 833
353 256 878
365 273 127
349 233 898
344 220 782
97 193 511
9 302 72
331 164 466
348 356 702
232 59 561
128 9 356
17 138 565
23 89 722
344 367 962
73 224 746
52 378 799
15 58 853
101 168 552
342 373 650
116 49 629
277 248 623
295 302 15
393 88 955
377 232 48
67 287 488
349 166 205
183 109 662
399 79 950
20 234 574
129 179 324
34 9 861
381 10 940
351 174 802
396 28 977
185 51 511
192 334 6
16 102 0
330 397 849
43 322 513
86 362 791
381 112 581
251 183 260
26 254 955
19 183 573
187 137 780
61 354 454
130 236 829
96 316 650
144 138 513
52 104 830
107 336 445
199 10 203
238 36 94
70 231 353
58 41 443
297 319 112
44 333 738
19 102 980
273 103 186
196 116 379
213 162 133
115 347 453
304 60 281
181 66 651
357 182 868
335 288 751
399 18 991
218 308 55
152 264 206
122 256 282
99 315 283
101 23 56
210 9 46
273 18 981
311 37 447
8 178 792
178 159 567
262 254 185
360 110 492
297 247 364
79 324 862
23 233 574
223 53 733
70 48 570
244 395 113
213 90 727
207 349 95
80 17 119
34 138 563
221 148 628
158 188 409
247 197 510
76 94 365
298 65 18
38 211 773
119 205 747
335 111 875
200 326 48
105 1 969
351 377 378
39 157 622
193 247 155
17 294 415
22 200 7
96 173 4
82 154 744
74 144 245
130 231 167
138 190 995
5 288 912
235 238 730
89 163 903
121 37 815
76 360 894
342 48 295
187 25 468
1 18 976
277 156 55
166 53 594
198 205 598
32 372 861
387 230 526
267 200 339
257 18 521
122 37 60
126 63 850
165 275 277
74 378 349
105 330 994
165 212 488
368 379 643
165 166 795
81 247 831
227 74 682
75 360 190
17 162 355
328 275 701
167 214 949
143 398 144
303 107 171
221 220 233
26 138 219
93 361 872
384 248 984
69 296 540
349 15 592
384 98 708
176 131 367
142 319 822
385 127 163
31 277 119
68 84 919
51 277 720
103 218 232
174 143 209
254 122 343
139 354 925
9 61 329
359 249 291
226 342 837
199 245 263
311 171 285
7 370 761
164 3 468
111 346 698
115 231 526
281 369 117
92 134 901
196 347 136
255 338 195
376 349 178
320 210 883
115 254 807
261 374 975
273 248 78
399 297 291
337 119 234
398 24 669
298 128 812
222 212 886
382 400 969
25 381 219
21 269 737
140 51 649
217 101 32
235 256 361
246 206 409
22 261 98
376 188 887
234 139 820
138 217 544
1 199 228
198 380 566
364 370 839
375 322 941
185 308 844
56 35 466
362 313 66
126 205 153
261 336 951
296 142 495
155 136 587
324 82 244
115 206 57
96 228 164
30 211 35
359 261 104
254 345 543
311 84 337
340 303 550
318 41 421
369 70 441
154 16 9
202 340 489
312 276 686
258 246 913
78 264 422
62 336 911
356 228 735
256 20 589
171 43 416
119 56 793
157 287 253
249 146 330
164 227 663
74 347 746
226 360 883
99 366 55
387 66 809
249 142 273
267 303 78
236 215 953
195 84 193
339 196 963
361 38 65
202 35 170
231 296 291
212 112 826
140 57 178
237 357 167
151 285 149
375 68 881
117 378 973
127 359 666
368 163 275
210 285 667
24 139 685
260 103 483
366 389 46
109 190 355
244 264 650
123 73 119
18 238 727
108 299 607
326 179 623
276 243 824
305 336 517
312 210 7
289 278 319
233 321 635
327 219 641
379 340 579
148 285 345
396 155 260
325 373 487
37 31 209
135 339 399
181 213 635
6 383 972
59 308 359
72 114 586
282 215 166
170 58 667
19 358 219
70 63 747
12 159 698
135 319 441
23 151 829
285 253 497
356 304 914
342 378 925
341 156 5
267 302 658
239 194 318
261 37 193
396 313 674
29 49 357
47 275 109
166 150 113
374 197 886
206 235 954
65 281 815
279 193 815
194 363 806
77 351 362
257 87 105
227 37 423
259 111 482
28 362 757
152 89 824
320 77 529
396 384 145
90 81 818
348 295 607
219 269 835
283 306 385
274 93 709
345 161 18
294 384 255
165 42 366
364 244 946
135 382 143
243 125 269
160 53 956
345 54 666
224 245 412
10 178 660
208 385 674
190 221 912
20 180 204
159 382 3
243 272 350
343 265 625
155 236 240
285 319 779
44 128 79
317 283 985
247 137 775
121 117 818
310 156 414
330 210 978
257 313 153
262 18 985
25 255 720
95 75 459
83 324 223
171 18 851
148 367 604
364 168 996
392 134 366
244 380 505
252 45 51
349 148 398
378 0 548
78 283 18
170 374 771
205 223 249
151 105 516
199 187 636
375 50 435
179 88 807
106 290 426
291 192 482
71 228 992
152 152 176
365 159 98
373 34 663
379 200 645
69 333 3
247 205 710
208 275 710
335 166 982
250 219 853
144 390 506
150 26 440
140 278 576
119 44 582
154 64 871
110 362 734
243 48 14
104 349 567
212 58 614
334 293 409
7 225 153
389 188 401
66 335 939
109 204 95
160 84 946
248 227 739
346 50 266
233 27 388
382 36 804
154 70 95
225 339 150
94 351 47
357 143 37
313 315 976
61 243 246
184 163 452
226 241 530
237 22 248
12 296 11
223 339 956
399 153 746
84 294 95
71 111 170
251 53 828
359 394 546
287 313 659
67 64 556
329 192 102
169 166 667
245 7 113
156 250 179
76 198 242
230 190 359
120 4 622
199 91 992
316 393 190
238 351 360
222 214 350
20 110 942
147 214 349
394 210 840
208 392 425
357 23 137
85 298 425
339 99 637
114 352 582
1 87 425
326 216 790
250 303 927
341 48 93
83 246 555
163 276 30
42 113 813
334 166 538
102 79 524
94 325 463
312 238 436
50 238 267
366 383 449
284 123 58
168 146 255
248 38 73
108 333 277
328 260 340
151 15 830
316 307 225
324 388 846
373 72 911
239 282 228
236 395 730
264 326 276
168 284 812
126 112 678
77 210 296
295 380 790
399 242 456
42 102 725
153 65 834
130 255 159
196 97 802
375 1 117
277 354 51
217 18 657
180 195 946
5 26 225
352 349 84
180 279 695
218 91 181
2 397 925
321 75 357
185 197 80
302 57 928
31 295 297
18 196 909
374 33 912
384 93 714
331 168 159
215 47 162
140 56 494
264 239 636
17 176 735
212 10 485
59 5 266
394 394 819
205 5 435
30 207 437
232 134 849
371 288 642
203 4 727
42 83 724
22 299 158
63 290 207
370 104 935
369 139 580
137 89 863
375 35 137
144 59 949
103 147 99
161 207 166
376 314 538
258 362 554
28 115 837
329 73 660
339 152 563
275 380 495
359 142 928
341 290 359
130 244 761
379 220 514
346 106 287
299 64 862
188 3 659
140 372 123
44 35 199
356 9 742
282 160 797
312 19 218
346 306 33
267 371 307
76 245 108
187 95 24
152 75 302
67 126 116
52 158 135
371 266 577
99 252 49
271 49 310
213 369 608
276 71 527
308 173 300
239 282 260
76 148 12
103 64 693
71 111 8
172 364 928
55 261 733
156 139 829
333 26 484
357 299 505
222 165 201
122 260 755
146 128 145
156 31 146
286 341 804
208 393 498
287 59 132
31 259 706
395 173 721
315 370 486
160 13 702
232 129 534
45 110 506
242 46 767
397 114 207
312 41 221
303 115 543
345 305 537
75 353 180
208 353 22
352 352 829
250 16 777
218 91 764
187 127 139
277 269 554
272 147 318
214 263 633
252 150 92
88 310 39
378 217 870
365 230 226
376 216 422
319 192 47
283 104 169
150 82 756
52 323 730
61 293 223
329 374 261
238 70 20
143 245 74
394 166 121
60 360 482
299 134 766
8 244 305
191 244 134
130 329 224
60 201 75
261 59 624
249 16 435
319 222 144
129 384 230
244 251 991
370 231 754
116 4 115
5 205 11
301 179 375
163 213 862
68 310 338
208 262 268
62 99 826
99 287 664
90 334 385
83 126 172
269 370 451
341 278 678
258 330 558
108 103 413
145 20 556
297 53 578
339 52 260
345 25 857
325 59 140
297 217 550
188 268 672
180 73 444
29 190 661
222 38 732
306 223 308
4 157 602
10 196 408
24 262 272
335 113 722
266 128 356
115 101 741
223 309 226
349 330 436
320 179 342
222 347 454
23 175 324
224 54 111
219 331 341
273 71 356
97 383 772
43 319 920
357 2 782
390 298 229
140 219 606
94 296 953
390 237 745
139 388 844
229 274 324
377 299 659
42 284 30
244 367 93
24 22 675
89 354 77
307 73 936
103 186 516
394 110 905
134 29 424
77 211 244
52 162 221
302 121 240
271 28 781
266 396 395
45 73 521
231 148 177
155 152 403
139 342 158
12 86 25
314 289 345
114 91 600
265 315 318
248 324 909
350 374 314
299 357 769
313 365 490
143 266 676
249 106 211
89 126 364
352 141 757
49 279 452
315 284 139
224 269 15
24 310 804
148 105 28
352 214 494
321 257 468
290 277 712
65 24 638
131 337 275
293 332 357
397 302 144
314 361 796
310 163 833
327 131 741
228 346 941
108 107 945
215 345 152
398 90 207
174 294 266
103 209 215
245 283 355
196 9 283
124 301 370
3 364 804
335 110 571
394 44 96
322 190 119
84 171 377
173 202 392
171 270 324
338 297 864
260 397 252
142 219 372
280 253 140
15 91 593
99 146 370
137 86 804
284 370 344
12 208 204
260 337 436
207 199 195
384 72 16
267 67 443
3 386 121
326 366 46
120 325 754
387 152 560
102 278 135
286 38 601
177 261 12
269 184 368
355 271 958
101 396 18
28 90 807
157 172 980
364 21 856
367 147 434
26 60 964
195 350 471
312 322 915
1 325 534
189 42 23
270 62 724
237 315 356
286 70 249
214 194 261
62 356 203
171 375 212
224 68 749
374 249 963
58 176 891
0 25 361
344 396 181
189 221 952
9 102 743
365 369 784
122 52 329
248 54 912
281 259 664
101 174 145
282 48 646
14 251 809
205 216 549
305 244 846
350 378 210
13 135 423
339 40 937
208 102 902
351 4 814
68 254 518
340 123 421
106 367 838
302 362 920
222 192 554
170 4 189
120 23 441
60 25 720
110 13 644
253 305 845
37 21 290
94 170 585
329 198 511
295 28 343
131 129 274
112 19 969
103 289 249
343 21 483
248 266 583
254 59 603
127 261 156
77 283 767
100 227 100
71 156 97
255 308 2
200 62 677
254 139 207
10 105 135
80 346 561
217 132 984
322 244 662
277 109 938
389 224 962
36 67 926
379 372 906
349 237 487
43 16 979
18 86 243
204 85 134
4 268 36
25 289 268
154 59 705
366 392 341
113 283 506
90 141 592
232 286 145
36 93 626
204 393 91
27 59 906
123 182 675
11 194 279
255 345 506
298 350 713
379 189 712
150 121 839
161 372 617
100 243 970
124 62 166
105 317 485
100 293 445
21 119 381
12 213 749
34 153 716
335 329 741
268 59 300
91 253 206
187 380 378
194 238 687
337 47 409
