50000
251 615 260
109 447 308
600 247 408
156 216 738
686 414 497
218 498 647
253 163 710
134 549 452
438 337 356
642 525 497
644 190 446
642 298 794
450 558 698
632 583 753
276 474 685
406 284 24
65 175 44
449 94 988
429 311 580
611 547 213
487 664 397
650 345 130
595 553 121
538 4 829
655 403 84
646 656 319
178 153 522
519 572 157
434 522 708
321 348 763
314 481 50
515 497 99
680 568 488
478 491 401
541 395 813
450 302 782
28 530 943
41 408 123
231 636 866
464 77 668
148 64 863
23 666 654
338 403 637
16 381 802
562 79 90
438 166 817
302 0 853
643 240 421
364 317 311
436 228 445
201 387 40
297 161 219
332 122 913
266 451 995
285 359 477
382 491 585
485 239 354
130 250 348
77 493 434
290 6 24
139 135 190
391 65 832
268 272 641
158 445 300
463 67 436
148 292 903
542 675 735
112 202 959
353 656 132
10 588 695
196 145 673
7 169 350
518 327 807
92 80 180
677 377 56
665 328 69
279 317 267
428 449 495
457 235 515
74 440 392
330 172 245
672 45 512
210 414 287
289 99 572
41 240 490
204 634 987
205 437 373
698 112 622
19 651 389
355 431 639
350 250 955
292 439 120
183 562 484
195 678 607
618 561 976
174 405 110
240 109 799
497 527 156
285 296 774
677 400 589
432 292 979
470 385 87
104 571 520
209 667 518
202 658 977
104 555 487
196 589 864
438 89 527
94 359 790
529 5 197
187 479 202
257 513 990
262 427 484
493 417 424
494 63 376
694 497 977
362 689 67
76 48 779
536 1 594
422 304 22
444 638 85
545 502 330
65 483 459
524 694 461
269 635 727
543 474 899
583 347 397
321 700 655
232 363 993
509 319 494
302 250 279
503 406 864
107 66 244
16 344 111
295 157 666
162 222 999
102 581 87
549 510 194
423 263 426
218 682 716
647 268 218
537 457 985
620 532 47
402 493 380
681 375 193
194 272 128
282 206 741
56 241 95
420 64 43
98 269 892
402 207 197
564 487 203
437 350 327
55 17 835
229 257 45
627 571 53
511 553 593
397 679 185
609 355 315
86 642 626
225 249 331
577 282 196
144 645 912
510 656 953
458 492 975
561 310 684
312 212 757
303 698 851
417 441 613
364 207 672
394 222 20
588 685 909
195 134 104
422 287 84
596 547 259
654 669 900
453 282 941
435 41 310
690 443 298
624 381 892
475 73 218
81 613 614
47 325 482
106 691 415
196 556 819
472 248 40
4 532 866
142 66 316
300 476 1
595 630 727
359 698 82
368 470 904
502 341 632
8 689 314
538 88 849
569 237 395
615 97 649
70 429 714
326 63 729
200 276 780
91 173 268
552 134 970
587 224 659
21 653 143
544 73 51
679 145 582
211 88 734
546 399 18
295 664 240
519 444 544
597 391 735
485 154 235
101 616 955
385 647 719
88 362 643
138 517 112
447 293 252
107 424 851
446 419 595
20 362 986
581 576 258
266 149 187
218 241 199
384 409 960
264 638 505
615 163 146
622 88 638
58 349 658
414 605 389
642 256 863
427 274 367
297 214 4
632 34 323
272 101 238
506 575 951
112 294 175
116 295 578
45 330 783
452 342 842
396 592 417
247 201 421
230 236 370
538 592 227
173 693 727
538 74 442
7 262 176
550 632 988
20 131 649
296 286 423
210 188 845
384 248 135
420 278 208
465 562 817
5 266 77
115 569 639
557 79 833
344 210 16
586 129 600
592 336 172
526 238 963
250 677 486
76 231 230
579 258 174
390 419 12
35 103 941
122 175 155
142 312 982
27 205 146
529 291 371
132 272 623
197 171 155
76 194 8
479 365 26
293 405 957
398 63 488
102 161 828
385 0 739
499 180 550
76 143 483
181 291 676
126 220 750
9 344 389
685 9 622
70 640 290
360 292 574
501 468 107
634 685 72
142 157 360
541 690 55
621 684 915
383 504 749
316 476 722
700 403 733
79 350 469
561 289 748
385 200 466
62 594 461
353 295 34
660 465 247
142 310 31
64 137 193
67 450 107
101 443 613
257 677 256
661 610 633
558 294 881
461 677 617
189 222 313
279 550 727
440 263 319
659 304 760
683 565 554
106 307 367
623 639 26
518 360 589
78 208 562
347 22 295
497 616 374
245 567 358
59 339 495
251 665 780
463 467 952
674 311 560
598 135 575
151 357 300
88 491 50
400 373 730
168 298 494
342 285 621
347 159 914
351 667 664
253 132 324
334 363 303
580 659 209
308 546 340
114 379 570
497 661 584
548 510 748
688 550 664
219 519 802
546 607 67
18 529 743
17 333 132
619 533 779
21 423 411
578 639 100
278 409 156
276 635 185
149 675 150
282 236 300
648 230 655
567 327 561
631 358 165
592 634 138
627 469 751
166 185 496
499 406 317
644 17 598
697 590 575
580 253 156
571 321 587
479 216 870
433 96 650
27 646 986
446 669 614
65 34 883
524 152 324
242 641 448
620 168 105
10 403 30
258 226 683
574 26 223
258 627 503
410 553 653
571 152 981
376 41 505
567 680 979
468 644 338
347 571 397
36 505 120
34 180 197
109 110 450
80 508 981
529 326 22
130 272 612
285 200 21
219 133 490
517 235 352
265 531 285
83 309 172
522 416 609
129 53 444
467 86 728
198 164 655
140 33 389
390 271 820
189 222 541
484 298 784
121 500 515
294 109 768
589 499 687
193 134 233
338 618 503
590 360 302
573 502 896
24 515 602
294 230 332
268 295 853
364 233 771
157 287 926
528 468 833
32 108 890
224 472 665
645 319 549
571 602 960
387 649 151
407 560 964
263 305 101
384 639 291
12 545 712
622 14 576
558 193 446
404 409 822
359 453 728
433 60 33
682 469 193
341 534 573
302 123 965
284 420 230
315 216 277
413 67 457
420 646 295
198 344 702
660 676 317
181 108 693
42 423 25
52 508 637
301 424 634
673 6 331
301 542 341
151 17 589
438 493 66
405 357 179
439 556 233
111 76 264
586 559 591
102 350 369
248 616 906
73 471 723
298 230 24
448 112 157
695 94 478
675 453 44
436 245 911
248 411 700
104 319 287
598 159 94
594 352 485
77 606 800
122 213 784
97 617 782
446 511 621
324 204 437
522 154 626
278 246 734
429 308 297
525 479 853
283 670 976
401 311 906
500 208 968
385 488 846
333 97 248
479 276 494
486 473 890
198 368 11
340 402 599
176 302 974
396 346 451
63 547 420
653 416 515
182 57 996
688 380 957
172 265 378
168 579 139
419 663 221
242 35 657
415 46 296
422 294 67
589 531 808
612 682 482
150 258 748
421 299 384
410 560 402
17 677 478
557 340 178
520 197 623
405 539 292
698 187 955
65 248 436
251 417 5
91 401 500
576 405 775
491 453 518
192 230 131
667 549 541
300 23 784
118 407 757
406 389 989
672 118 787
616 578 155
154 593 828
161 182 740
504 533 198
404 513 337
231 105 4
346 342 875
121 214 437
352 474 449
608 94 408
522 498 636
457 550 182
205 550 984
292 285 6
321 210 987
538 355 316
0 120 196
26 569 734
92 231 731
299 105 160
330 410 992
466 521 151
464 95 31
429 3 69
390 19 818
180 171 746
634 232 843
120 529 969
458 73 107
132 138 200
330 6 41
351 616 446
230 388 460
352 183 173
650 520 623
620 386 444
699 217 426
286 199 779
645 169 26
408 511 276
606 287 277
454 89 471
163 600 169
507 72 556
191 397 494
657 300 630
354 442 660
436 94 181
373 174 438
651 392 340
508 30 887
84 12 155
564 466 975
568 409 312
576 79 897
616 484 132
65 310 285
174 164 986
381 187 435
354 23 129
666 464 644
415 584 577
404 464 480
272 143 578
88 627 624
98 623 613
652 180 342
536 29 890
485 366 393
376 75 524
623 284 100
290 635 189
200 651 418
505 579 257
275 114 588
435 286 80
137 388 724
529 96 400
219 331 910
0 36 756
347 208 634
330 430 349
148 472 595
234 504 832
27 453 369
143 663 404
104 34 133
552 410 749
288 31 219
352 646 819
164 301 10
319 455 251
537 324 909
25 30 881
421 29 453
223 689 998
657 694 479
646 161 809
250 120 436
588 187 276
536 692 362
32 256 34
272 621 347
211 637 163
488 350 214
137 56 68
666 234 759
547 378 826
665 534 243
648 304 400
194 315 512
243 373 21
146 534 307
464 539 337
616 274 253
554 476 751
19 629 587
316 263 797
205 9 966
529 192 893
424 432 888
177 285 319
510 494 345
441 431 148
409 290 657
273 18 249
676 285 154
179 188 759
659 679 848
12 479 893
75 105 896
596 606 113
255 509 949
429 654 68
179 143 997
61 668 914
471 441 856
340 465 792
248 243 245
274 672 983
614 303 298
19 635 613
571 688 755
346 654 47
640 432 641
513 688 68
306 231 726
220 364 131
22 615 474
545 342 174
142 1 460
57 655 339
479 259 246
352 282 650
33 71 954
285 364 451
82 235 514
35 181 505
197 30 771
615 237 700
308 273 265
498 101 134
611 19 807
214 352 149
669 651 461
653 38 868
51 468 314
13 166 422
326 492 911
388 634 193
368 28 261
292 528 964
572 164 298
171 102 204
520 232 773
628 437 129
118 664 200
507 621 119
612 398 152
475 45 14
490 400 923
555 6 485
173 136 516
186 603 424
560 408 828
665 251 114
0 558 465
625 288 194
633 580 703
117 5 436
422 447 228
677 496 281
378 484 558
381 655 117
160 347 974
427 684 246
614 287 110
591 595 393
473 360 896
423 168 842
205 247 643
680 0 54
84 597 894
670 432 981
113 577 929
186 440 29
274 499 134
315 87 618
549 92 61
53 455 424
551 586 147
25 87 262
668 76 547
275 173 339
428 249 805
343 545 56
388 224 544
250 635 287
184 672 386
679 281 818
429 199 444
619 378 86
170 366 473
44 14 260
631 372 675
102 465 154
630 655 235
51 198 110
513 346 960
495 79 779
346 30 927
189 537 834
268 458 867
246 250 114
116 374 729
207 238 397
328 331 566
272 619 417
447 174 356
226 390 714
115 350 353
108 674 735
354 109 902
412 246 859
347 166 268
279 54 456
689 158 214
267 372 327
404 134 999
688 72 840
454 229 484
395 362 650
274 536 884
38 548 107
659 341 801
162 550 32
446 86 239
610 551 258
571 581 569
606 100 798
563 3 277
524 486 912
630 211 687
360 477 352
457 121 840
197 190 775
189 187 60
437 563 871
635 281 304
680 341 297
28 470 313
383 371 740
266 687 245
439 483 107
243 175 283
553 259 223
197 689 553
227 206 657
670 277 719
309 494 703
629 460 352
398 436 864
306 475 803
24 230 522
602 485 92
279 660 764
215 133 317
420 401 917
445 545 567
95 258 325
617 329 89
435 259 690
393 150 778
475 309 271
12 571 909
344 165 562
204 596 65
325 189 846
83 153 286
212 573 908
22 183 910
693 230 211
282 247 456
118 625 190
403 13 266
363 618 179
207 607 163
115 197 994
557 451 163
105 636 273
221 309 982
616 429 80
367 396 393
184 208 319
607 562 530
391 3 568
175 677 133
697 65 86
474 588 779
97 123 81
51 496 126
95 509 661
383 414 9
431 182 144
418 473 787
439 108 263
680 262 609
493 685 154
128 30 165
176 334 400
73 602 560
170 572 34
361 202 837
370 52 938
362 60 525
129 512 302
177 283 298
428 490 164
37 637 404
485 200 563
655 87 254
295 441 599
401 324 381
132 375 867
442 336 388
440 428 697
252 326 425
52 129 569
510 155 434
436 39 780
296 187 890
239 463 576
254 208 953
344 16 377
374 129 738
146 221 228
494 277 10
412 22 772
542 275 334
370 299 436
249 518 820
581 546 215
356 340 834
276 292 128
105 431 177
214 6 658
695 110 766
175 301 940
270 1 768
536 369 469
95 624 861
623 531 969
457 586 723
355 650 705
283 560 582
437 583 411
431 491 138
51 318 322
196 136 382
506 625 776
526 390 453
532 693 49
431 680 957
669 664 503
245 289 784
694 671 278
389 369 577
21 643 638
560 57 226
65 174 473
121 695 248
539 457 179
647 72 306
189 457 488
644 686 253
689 662 111
158 339 337
88 622 40
54 673 599
36 154 31
683 677 715
591 18 445
186 135 311
303 492 118
201 6 579
187 277 409
368 611 616
158 678 550
240 376 606
134 475 307
629 535 388
475 154 577
49 68 126
223 154 71
562 331 429
464 118 724
454 320 530
343 53 674
448 263 201
494 297 86
283 526 415
386 174 525
153 663 577
528 65 253
135 574 794
401 168 11
268 602 155
391 167 909
64 565 455
700 459 53
553 68 287
129 111 474
36 699 246
648 243 950
121 700 995
466 637 754
328 232 513
345 61 538
38 129 503
122 560 426
248 503 145
32 535 483
248 222 145
303 4 570
450 545 825
475 121 785
665 426 814
167 477 40
292 0 877
237 690 642
309 588 7
439 587 754
85 650 795
143 672 90
23 464 505
321 269 343
131 455 3
284 32 1000
514 585 359
398 367 88
116 649 523
612 421 495
522 344 625
644 235 636
599 416 294
98 256 79
593 676 583
71 534 173
137 620 523
171 436 72
321 192 967
464 308 579
78 484 34
102 627 648
573 638 587
586 351 564
330 186 367
314 9 490
303 24 461
9 304 19
299 513 786
682 497 750
401 366 987
595 491 338
187 527 989
64 494 182
83 235 625
527 482 202
150 279 93
203 455 405
528 264 986
653 624 874
424 607 770
357 667 931
6 582 597
271 184 685
521 496 434
44 363 688
76 186 46
386 577 787
620 41 328
475 177 544
581 572 920
464 323 280
46 685 43
86 350 644
660 348 714
456 159 229
388 142 585
284 623 223
388 13 830
236 470 684
135 335 975
53 655 644
509 639 169
225 438 93
563 260 504
195 179 320
418 265 127
686 490 956
550 541 44
227 163 210
351 423 938
152 137 7
692 290 949
559 550 828
270 69 605
359 206 520
641 453 966
653 48 577
544 21 402
443 178 938
265 91 181
661 341 331
1 295 977
395 216 378
618 304 604
168 7 280
650 471 269
126 286 512
550 647 982
564 546 284
582 136 760
60 379 720
104 247 639
688 203 612
5 665 289
263 145 860
571 216 773
228 103 517
114 273 580
590 466 272
662 456 675
682 692 413
39 408 213
39 533 496
210 594 822
273 149 605
53 60 973
467 127 332
399 260 107
672 223 434
391 620 749
340 581 170
632 550 628
464 611 639
303 676 996
219 497 403
165 312 458
290 207 546
501 637 815
193 421 771
376 56 333
221 151 464
666 258 281
543 37 108
613 428 762
628 627 740
420 431 306
251 219 188
575 246 90
399 136 201
546 314 161
427 604 8
130 313 498
132 587 401
458 461 828
591 27 493
382 82 753
516 13 399
444 211 901
83 297 596
447 395 199
113 1 874
545 185 555
477 584 981
321 611 333
604 165 3
653 526 584
364 434 337
373 637 419
314 632 744
307 42 940
122 530 434
692 279 813
326 317 454
694 462 501
403 417 367
35 591 396
520 416 404
217 585 467
621 354 122
374 657 670
298 488 572
103 422 455
582 614 778
324 422 680
671 21 599
638 29 775
197 294 3
524 281 471
615 338 274
266 249 350
667 466 966
255 165 691
17 454 643
228 686 179
612 225 315
440 314 896
609 115 566
665 76 545
456 606 981
122 27 135
674 320 619
463 653 30
170 93 86
587 323 403
372 548 149
163 239 558
246 12 708
285 69 898
625 353 237
139 239 484
687 383 880
389 56 746
206 379 44
559 538 393
456 363 274
95 295 731
112 199 540
67 179 579
63 5 919
676 431 226
557 643 204
58 27 367
155 674 180
270 314 769
552 154 523
43 314 627
246 545 611
319 143 928
15 230 585
527 537 740
273 122 670
338 100 583
168 596 967
320 94 207
493 194 12
81 464 963
593 674 405
141 264 920
635 393 339
441 320 649
330 6 680
464 82 32
60 613 453
686 641 738
250 423 693
452 180 328
413 207 206
260 445 29
236 244 660
389 555 951
486 172 884
92 442 856
153 131 898
22 492 365
453 336 753
672 496 752
696 172 235
215 170 713
564 618 183
209 325 646
413 197 555
440 601 103
544 11 599
409 23 694
165 565 971
239 440 304
235 313 242
469 589 294
282 565 784
253 284 253
182 343 788
224 266 581
619 367 673
436 424 388
545 392 379
359 467 184
652 29 715
611 487 679
433 465 833
575 313 931
532 425 143
148 633 416
245 195 544
641 74 105
73 555 76
349 83 822
533 123 279
75 602 992
535 581 920
175 449 635
341 464 97
60 216 309
7 437 34
247 98 415
633 102 123
446 356 455
34 676 427
611 60 493
366 528 634
214 23 143
476 112 390
194 587 832
197 396 592
382 66 941
444 222 819
297 353 67
194 361 342
394 503 577
379 36 21
626 463 711
371 510 119
448 134 876
413 174 572
344 71 65
103 53 587
31 674 752
476 518 739
90 39 29
10 695 575
655 601 297
214 515 465
174 75 270
118 339 228
141 193 300
386 558 123
227 270 646
450 517 60
450 93 275
444 692 683
253 538 630
578 297 736
553 281 259
418 544 295
365 169 625
455 643 653
679 114 494
686 449 342
676 91 229
466 463 430
280 157 598
206 100 342
575 244 333
297 175 921
390 439 7
644 514 515
392 679 186
604 679 39
408 491 405
421 691 254
565 232 813
396 537 612
8 405 969
37 574 573
103 318 238
88 555 873
613 484 28
51 595 990
466 442 62
321 532 595
29 340 613
376 117 27
397 556 664
65 194 739
218 293 5
574 553 973
525 576 112
578 522 523
275 508 999
265 116 826
630 678 833
146 482 242
191 368 76
60 31 810
654 692 828
91 621 495
2 107 834
168 554 100
470 39 900
271 222 197
90 178 690
641 470 356
136 181 629
391 314 626
453 208 701
409 560 826
205 682 169
282 109 962
491 506 959
437 70 170
472 513 370
306 699 372
360 446 533
57 589 660
63 555 344
663 325 566
117 585 196
266 359 862
51 341 442
643 503 118
594 406 203
232 482 229
167 669 681
274 594 565
218 565 395
158 625 72
635 325 425
523 218 127
134 98 563
650 99 999
616 599 929
183 303 80
414 23 86
354 49 666
213 668 859
699 399 608
68 114 898
360 53 535
275 498 952
587 385 390
348 536 128
517 104 976
3 9 62
242 275 658
687 615 531
493 278 425
612 78 69
128 385 238
336 36 204
119 190 137
632 339 553
200 383 801
567 41 623
450 70 366
481 185 147
144 35 849
270 508 897
79 692 992
559 549 678
573 346 261
303 261 571
327 259 408
590 13 936
370 274 827
35 463 781
68 609 11
161 176 607
60 329 116
337 494 377
316 166 572
679 541 676
400 296 616
416 684 649
507 668 782
481 659 164
107 322 425
305 37 869
482 693 42
592 233 687
397 497 123
548 6 366
577 346 706
64 179 949
254 599 776
325 183 416
363 122 821
220 127 692
82 195 173
381 303 157
243 90 310
60 464 862
482 132 308
331 410 63
37 299 283
580 650 924
387 521 716
520 108 132
86 2 230
159 489 934
454 610 85
76 97 933
231 604 2
503 64 496
349 485 483
21 360 877
41 681 641
643 297 535
563 69 741
428 74 494
305 521 347
585 435 285
97 592 362
671 212 679
629 80 874
62 534 448
267 661 794
379 91 529
362 373 525
430 467 507
294 216 735
583 611 314
610 318 606
410 45 462
411 267 864
221 499 765
300 160 844
143 271 96
7 281 906
50 335 811
431 481 696
33 221 577
532 489 662
72 10 352
479 312 180
234 548 284
57 587 150
671 372 63
390 338 138
460 253 545
684 66 739
527 144 829
449 287 211
248 388 742
513 416 803
232 361 348
375 693 517
286 316 448
48 302 518
296 101 889
122 582 687
125 524 491
386 434 518
322 279 28
444 203 490
381 159 530
560 138 513
649 558 196
423 429 636
514 321 819
174 346 833
672 450 517
370 334 854
23 579 259
492 453 530
240 660 42
622 586 462
361 270 24
230 156 477
61 294 755
84 522 433
673 377 789
662 296 171
666 127 403
495 551 301
402 408 723
151 323 507
44 34 29
210 435 307
510 643 286
597 108 17
408 150 504
158 235 121
147 507 642
122 248 790
218 96 621
213 425 723
529 340 504
153 120 660
422 535 157
490 324 536
648 356 644
652 583 291
570 257 689
109 303 262
165 697 501
386 93 461
533 367 618
148 191 13
471 21 647
229 691 238
1 434 208
586 531 705
626 360 568
684 323 425
657 565 536
507 64 431
278 136 444
462 643 302
649 548 483
392 212 981
691 16 8
386 167 819
428 657 247
578 507 180
500 158 910
197 618 274
44 362 886
305 697 554
577 327 581
176 696 761
35 278 776
225 221 949
431 506 658
683 428 210
342 140 346
84 478 436
550 653 362
522 285 300
571 528 405
138 334 322
590 285 732
366 6 957
429 132 369
123 646 267
408 135 48
364 523 771
42 42 20
643 328 576
124 624 864
283 138 856
232 113 476
62 371 607
166 104 715
597 546 126
34 358 852
566 37 398
635 399 111
297 577 245
287 681 474
646 289 561
174 504 659
150 571 114
302 517 843
334 95 999
367 19 820
64 576 927
370 461 367
677 256 13
428 493 871
469 623 989
294 360 275
360 153 934
659 358 332
258 502 589
12 193 386
397 74 992
691 596 412
497 541 155
490 428 509
429 296 438
143 405 485
574 77 848
77 594 209
332 488 213
531 566 986
100 163 17
587 669 567
546 46 554
690 516 68
335 633 211
61 337 533
348 63 701
292 301 143
179 356 334
503 199 0
210 440 665
193 209 435
662 43 700
680 685 711
496 179 464
491 45 190
655 270 783
335 203 681
203 316 798
139 173 572
543 345 239
294 670 370
519 253 320
242 224 986
685 60 930
357 69 195
231 46 65
656 69 394
334 207 858
673 378 13
461 540 193
360 159 419
63 194 435
617 45 27
224 306 665
161 671 73
147 446 371
134 689 414
421 130 426
7 242 415
497 42 680
209 388 320
672 401 802
384 317 791
174 443 693
494 397 872
62 659 127
528 102 883
439 630 468
73 425 239
395 637 787
683 273 778
593 75 31
29 615 884
639 546 621
246 583 917
190 454 49
575 469 696
120 426 126
528 434 807
460 30 968
75 673 495
458 92 336
164 76 99
647 225 771
367 65 700
34 94 997
164 322 426
483 64 229
151 456 417
535 438 240
226 231 219
696 514 480
172 60 19
208 451 221
498 690 373
148 25 444
202 416 229
243 471 834
352 185 342
12 353 944
441 235 744
257 450 792
328 526 638
500 606 755
285 79 120
478 315 704
493 263 42
232 367 749
194 305 664
472 178 478
126 44 812
425 539 588
305 231 580
452 610 963
440 487 983
279 294 299
457 674 783
54 262 157
478 470 336
473 16 9
138 296 484
529 687 621
282 354 278
405 300 88
598 11 906
354 203 527
131 572 135
335 545 714
442 414 579
172 160 7
205 313 247
584 106 97
609 248 550
450 130 916
94 578 576
400 40 779
682 99 900
445 663 132
9 117 713
595 125 194
443 690 18
517 687 154
107 151 208
0 37 902
92 91 760
74 242 707
517 517 273
8 35 115
325 273 183
424 504 281
138 9 85
543 386 963
631 353 352
187 433 243
93 698 213
326 467 475
65 370 309
464 120 350
330 43 756
685 548 65
92 433 407
167 636 167
35 534 707
499 480 508
27 486 674
39 86 553
151 350 522
503 451 922
589 395 16
294 359 732
150 360 151
143 465 634
517 687 165
206 162 806
679 479 794
168 133 976
229 354 609
340 665 822
543 252 465
58 431 640
238 633 96
600 314 172
15 620 731
235 147 34
543 110 430
516 303 405
521 177 223
122 683 990
540 164 479
268 330 45
169 340 274
450 600 433
642 170 663
647 537 435
569 573 719
189 124 443
90 361 271
350 246 580
575 35 501
76 469 780
371 233 992
618 211 109
615 166 913
430 294 487
261 491 721
132 520 717
211 272 311
637 83 626
514 284 352
354 219 218
610 261 257
176 395 553
696 47 345
448 322 406
285 529 565
373 138 787
351 354 917
55 234 622
387 424 373
444 566 890
31 406 197
552 631 216
604 358 456
461 547 894
134 698 985
529 401 1000
161 215 877
473 338 525
330 41 156
695 62 157
197 314 838
169 446 734
540 310 966
260 285 456
284 398 785
122 448 820
389 663 705
174 216 923
543 488 652
251 422 748
443 615 751
297 583 550
214 440 222
2 300 85
684 100 258
321 437 220
566 532 252
680 284 994
137 2 233
244 534 582
195 653 438
48 481 926
572 279 540
180 499 86
226 75 59
207 627 635
125 488 947
480 18 14
3 624 921
290 238 180
317 11 276
13 194 840
217 575 987
694 272 744
572 36 414
100 649 706
164 542 891
592 483 83
354 351 249
63 251 782
23 476 359
122 75 820
545 200 450
200 260 818
650 555 114
495 347 575
12 422 11
6 223 842
489 269 118
655 343 534
544 386 400
226 233 58
341 189 354
682 38 487
294 179 266
457 413 787
640 571 454
203 271 872
76 306 810
221 125 910
545 497 421
313 214 136
248 564 844
87 259 626
62 113 873
109 421 954
563 602 218
211 118 156
658 138 22
189 163 53
548 558 791
310 53 139
562 167 103
572 124 153
502 160 796
468 103 740
83 486 885
99 161 297
232 410 403
137 162 640
653 480 561
609 257 566
132 490 497
668 95 557
356 479 839
422 373 937
572 308 179
139 492 170
692 36 766
36 386 217
249 331 552
103 350 806
397 502 895
364 634 488
269 369 410
40 439 235
383 458 133
491 524 54
368 260 587
161 577 861
84 164 299
172 493 104
41 171 286
426 587 144
221 361 566
489 662 822
35 586 679
443 87 313
618 273 152
696 268 572
687 191 115
453 346 36
583 412 971
541 445 346
215 630 508
95 479 622
142 181 505
328 116 288
620 457 566
90 304 67
594 451 558
263 27 754
544 12 770
11 112 656
333 292 640
211 467 83
240 163 407
581 338 290
304 665 925
71 396 870
251 73 118
556 189 105
3 506 649
180 175 832
596 321 247
595 138 146
138 122 347
394 131 535
560 141 668
105 67 326
275 471 447
500 611 77
646 631 322
125 259 696
309 313 33
64 15 42
632 240 788
698 475 667
10 80 217
432 253 71
242 564 637
389 218 311
88 497 745
647 162 732
436 164 681
530 518 485
581 276 822
59 233 941
426 596 705
178 259 792
15 316 588
501 477 87
217 326 850
356 170 465
333 437 893
156 99 53
644 294 599
120 526 478
61 155 838
3 173 278
28 24 714
315 266 225
236 131 105
225 640 797
560 614 510
338 444 911
212 532 100
189 201 430
112 485 369
54 360 470
664 60 828
69 75 493
314 667 830
45 199 566
672 264 517
178 328 659
334 499 949
59 33 20
137 136 507
606 350 52
600 381 897
3 4 666
265 304 223
28 89 221
521 321 491
221 434 522
211 332 796
257 258 831
375 157 353
347 409 188
129 443 24
279 486 525
32 539 868
420 593 859
66 145 773
580 475 117
146 679 155
276 594 356
55 439 632
594 517 476
327 259 303
460 62 558
105 592 393
475 213 359
609 303 209
8 17 376
422 461 474
476 55 606
545 123 636
404 153 932
659 101 738
142 622 955
263 517 79
26 366 419
16 413 149
458 213 492
145 14 364
195 319 439
646 421 529
641 88 291
193 423 869
358 101 493
580 460 599
69 300 534
551 122 578
77 390 13
408 448 890
688 530 433
682 313 294
576 153 187
553 376 246
276 119 896
549 509 939
271 379 529
234 351 653
487 602 507
554 344 13
420 508 999
321 623 646
127 589 387
365 194 757
343 433 47
98 680 226
189 221 921
611 262 763
157 95 724
577 456 376
431 171 118
344 419 278
276 671 81
334 237 879
241 249 149
23 198 761
84 480 170
36 69 381
56 401 149
243 327 623
169 69 247
280 592 586
144 550 423
145 514 422
509 390 565
304 466 49
219 17 844
121 12 246
94 335 595
264 168 227
396 643 555
162 582 736
132 96 681
109 14 940
477 39 114
683 47 735
472 299 531
21 355 657
225 679 785
221 195 789
357 415 854
287 112 470
456 73 922
96 333 533
51 168 905
284 534 464
1 143 52
142 321 696
106 262 434
219 485 331
147 545 959
377 687 926
682 27 612
385 86 181
645 351 616
168 446 256
604 104 345
400 71 366
90 446 937
405 528 540
38 359 143
546 214 239
692 561 60
311 344 760
374 260 435
366 263 782
531 53 772
624 588 298
640 583 574
328 316 952
109 4 683
279 463 218
610 135 814
349 396 313
574 244 524
616 579 81
159 165 675
37 307 275
302 398 441
593 151 669
389 432 451
608 60 575
567 59 579
258 416 491
600 115 43
272 43 307
34 130 735
607 561 788
680 465 282
517 492 78
631 369 549
195 477 126
224 569 520
452 551 332
258 124 328
309 462 92
323 570 707
440 482 357
352 35 947
428 396 10
465 672 828
162 189 836
360 369 421
584 381 771
392 455 51
216 606 287
683 424 270
354 470 998
327 56 936
325 693 220
367 219 966
77 242 901
64 592 602
685 694 430
199 129 374
427 358 156
562 413 391
555 596 471
3 108 632
683 571 911
588 555 584
220 62 909
246 225 276
246 13 444
424 73 352
244 139 996
141 106 964
259 664 982
213 411 273
153 624 553
124 160 266
390 192 449
29 109 546
44 130 592
590 584 161
285 352 597
145 216 1
466 218 563
127 476 784
676 454 432
391 8 715
673 567 668
476 149 547
265 566 367
38 673 511
405 145 359
224 141 161
232 73 118
562 159 620
646 595 542
581 135 899
219 523 188
545 32 832
105 444 413
477 146 279
659 124 819
69 466 854
275 403 80
38 397 465
31 218 956
397 567 114
274 597 123
121 618 44
181 117 571
631 682 509
331 534 82
214 257 574
451 376 878
413 683 214
517 175 345
73 313 768
5 329 326
519 102 41
156 306 611
544 160 363
614 89 675
633 188 105
480 125 4
647 167 101
298 516 869
370 232 66
673 609 654
103 491 173
30 20 152
177 541 981
10 679 65
627 559 163
399 177 475
469 270 853
200 232 656
343 350 365
393 70 310
550 492 430
441 26 253
365 458 300
482 491 287
361 428 203
579 369 776
19 312 54
333 104 997
449 505 282
394 370 377
178 245 393
251 96 468
216 671 618
556 479 715
572 206 236
68 686 900
66 228 381
215 92 418
248 48 27
337 30 6
197 538 801
97 14 508
322 26 638
526 115 388
103 594 393
316 662 314
297 149 745
152 395 405
465 182 328
233 557 987
98 264 809
30 625 482
459 79 145
180 289 360
626 151 16
447 473 864
315 367 593
503 39 302
613 393 141
598 210 9
473 592 577
692 331 258
330 471 273
138 307 536
339 30 706
616 47 775
680 70 899
614 214 992
381 319 970
658 475 978
237 542 82
359 636 728
635 695 488
196 510 808
607 135 358
191 144 226
471 55 759
386 350 1
603 692 147
176 245 437
271 110 854
183 85 401
348 644 749
606 99 163
236 583 483
117 54 259
138 607 706
546 300 170
448 246 607
17 414 569
130 267 969
411 248 648
39 514 295
681 447 118
435 674 480
126 203 744
433 675 919
525 673 563
426 596 311
72 430 163
119 604 851
232 592 52
7 406 267
458 385 643
135 356 466
418 633 563
524 592 966
425 145 799
224 7 10
185 597 401
628 603 272
225 235 245
90 458 821
168 565 707
578 64 741
468 221 611
301 56 907
268 608 189
414 676 801
492 279 216
260 277 733
309 213 449
240 209 612
145 510 30
220 308 941
588 672 887
24 509 167
636 113 111
13 19 232
575 494 288
598 634 555
74 616 113
386 647 668
184 81 967
306 466 465
353 180 606
193 460 701
525 416 492
509 441 23
428 30 533
394 382 925
31 355 274
335 7 724
603 481 626
267 51 878
415 402 425
669 697 540
252 567 670
83 263 44
146 81 293
111 634 741
244 263 993
462 195 788
257 86 944
613 499 305
127 564 96
631 496 908
86 560 986
663 285 392
382 373 398
71 55 719
194 25 556
606 415 908
645 493 453
529 692 568
180 282 168
293 296 492
321 420 35
308 539 735
0 178 683
115 462 751
112 575 771
206 181 556
455 242 513
461 208 941
580 511 275
140 257 597
545 349 850
501 43 171
482 124 258
376 244 443
200 177 516
588 358 837
152 606 274
376 3 868
690 58 771
416 355 304
216 448 368
46 53 690
677 94 141
656 383 86
537 284 947
321 10 255
7 137 281
119 683 824
441 40 985
350 604 590
101 228 587
299 20 870
669 458 84
252 559 786
65 558 139
510 143 802
105 164 757
139 533 611
422 375 874
500 233 526
604 84 627
519 401 13
626 277 905
377 266 425
392 471 81
2 501 791
444 429 673
189 470 627
353 497 51
628 455 877
26 134 729
477 3 652
293 119 388
527 277 422
601 675 386
170 155 511
635 647 694
372 168 917
252 226 932
195 568 208
160 450 242
364 506 496
24 694 216
432 124 751
410 250 304
501 207 510
693 629 732
1 333 682
698 279 718
697 414 454
51 216 118
170 465 807
562 430 870
658 120 916
230 235 421
417 698 586
474 612 896
516 515 798
195 615 986
36 18 245
214 628 473
31 687 133
144 573 629
551 187 464
363 699 201
143 105 177
649 336 260
201 325 268
479 547 682
368 7 297
198 533 778
634 120 36
602 206 176
57 461 311
578 35 417
296 181 76
143 128 366
395 132 779
233 380 315
133 391 507
52 468 313
235 572 561
622 316 520
664 586 901
13 560 463
318 11 683
685 329 781
637 544 616
575 641 903
635 636 358
205 110 490
133 539 211
417 322 913
549 477 703
306 204 63
424 544 880
381 467 488
679 280 598
315 237 334
452 207 848
440 195 754
624 110 110
29 534 124
274 561 356
454 96 296
270 629 948
555 127 712
111 87 400
410 477 972
191 288 781
489 664 676
224 280 65
236 81 183
317 445 494
533 438 748
312 189 95
88 336 622
389 446 897
596 547 731
526 571 747
88 567 58
103 133 669
55 50 303
135 507 164
194 407 942
15 277 976
550 198 121
595 320 167
153 654 504
410 169 0
285 524 971
219 289 202
589 556 247
512 667 57
125 625 538
465 84 526
235 229 579
51 341 702
310 519 232
535 527 966
591 416 642
680 291 409
315 698 629
657 305 53
545 692 98
61 454 539
458 187 45
446 438 370
73 234 201
575 626 133
96 627 996
457 673 233
563 556 530
424 551 922
477 356 391
649 276 292
681 175 120
603 408 308
436 137 821
211 171 155
394 445 642
139 359 827
80 251 633
453 209 644
17 132 450
313 2 617
565 663 136
423 685 161
687 329 633
363 334 412
467 571 913
399 342 107
518 474 190
655 374 671
157 371 923
463 375 753
495 309 395
644 656 131
237 259 685
201 120 82
10 263 603
567 621 107
203 15 385
294 503 256
590 487 830
310 118 282
44 198 163
672 127 175
424 74 428
449 13 885
231 660 999
352 564 83
437 484 233
221 389 162
546 14 161
123 606 288
255 156 427
60 12 18
33 352 143
479 235 32
101 53 813
507 170 259
551 623 554
690 412 910
526 353 918
157 248 775
312 260 91
353 455 68
286 657 764
697 369 781
391 461 909
450 658 203
332 525 567
360 361 47
50 221 221
261 30 512
53 272 983
432 345 608
131 366 268
288 58 24
329 248 967
199 58 218
294 409 570
658 670 748
363 407 82
326 326 730
292 386 895
273 535 49
333 466 476
252 340 289
447 607 54
303 574 934
69 116 704
288 135 833
570 490 674
634 202 420
695 484 645
245 662 780
122 244 955
535 225 199
612 94 126
589 271 281
109 258 610
678 17 808
322 212 252
201 213 336
560 0 404
18 565 949
18 467 36
612 74 762
340 186 699
165 217 552
451 331 876
97 516 747
37 147 491
648 343 783
63 142 444
275 358 118
132 221 100
494 411 735
591 542 28
284 527 463
88 32 510
186 14 685
311 148 805
464 398 275
531 207 877
171 190 363
557 65 766
318 274 10
593 149 459
642 491 978
522 304 390
53 561 527
119 535 724
184 136 977
310 384 699
376 189 289
323 258 167
12 522 949
677 492 315
170 572 653
618 295 671
280 192 106
221 197 349
641 592 641
458 24 887
289 337 962
230 694 169
540 131 780
365 109 793
562 473 152
348 178 636
24 242 557
288 320 628
368 671 28
128 691 365
533 512 16
99 489 612
382 3 150
142 291 124
696 283 209
624 485 261
309 662 631
667 350 451
496 78 614
229 648 464
587 466 206
398 459 140
493 482 507
14 134 215
271 226 213
394 316 421
493 317 532
639 272 986
650 63 44
506 66 377
684 466 548
295 190 655
697 576 415
267 301 631
70 103 585
177 241 705
685 64 932
619 666 488
97 672 406
359 659 883
177 283 7
153 617 766
141 2 567
595 109 8
236 80 433
555 637 893
613 549 755
402 319 105
646 650 694
421 458 963
570 664 434
613 65 141
152 625 102
328 569 923
191 690 517
582 521 470
545 402 799
241 228 655
371 392 319
242 192 735
283 329 689
564 554 770
79 499 998
0 195 966
363 454 43
328 531 179
515 504 353
35 641 383
34 603 456
219 386 573
9 193 347
667 428 90
177 249 880
258 293 769
488 665 231
320 198 711
388 261 53
700 478 40
423 85 503
422 524 183
423 127 592
595 47 1
489 187 959
358 296 288
399 458 381
496 415 123
689 272 992
207 97 297
110 57 138
539 99 221
689 364 513
372 216 825
160 486 303
474 212 500
464 655 959
308 68 706
507 268 257
313 262 993
258 418 91
615 225 138
451 352 928
106 650 161
63 456 656
527 551 447
408 482 758
481 378 313
232 675 600
576 341 43
118 159 70
513 365 633
147 38 202
411 417 64
396 537 646
444 13 911
161 330 912
205 60 398
338 623 836
314 265 442
348 287 510
376 312 290
421 680 755
259 175 333
593 56 543
696 392 876
540 547 530
202 435 494
89 487 71
338 323 39
496 75 78
584 241 548
510 610 223
311 65 103
477 569 634
207 318 87
134 342 621
319 640 33
517 160 587
24 210 134
309 7 847
188 241 177
547 397 105
20 602 459
251 510 605
183 278 533
385 76 887
422 84 479
673 381 3
653 680 634
485 102 971
336 163 482
371 420 482
582 531 886
287 20 210
31 207 961
159 370 234
86 436 17
611 656 361
56 303 757
240 648 967
533 499 851
390 672 643
150 324 764
264 135 416
592 258 721
434 28 467
666 292 144
594 0 287
256 648 368
101 292 36
341 448 603
150 697 822
345 274 193
649 556 302
20 399 788
121 99 205
241 594 312
16 600 875
362 1 487
260 185 918
153 282 205
626 327 369
366 478 188
572 133 729
464 198 475
121 677 436
40 665 484
605 541 289
72 698 0
229 469 385
677 472 355
227 164 103
570 696 360
94 229 282
55 347 199
458 97 193
225 268 229
690 190 364
664 263 262
43 531 971
138 391 480
551 448 689
429 672 548
132 414 924
353 140 430
364 295 507
329 668 252
577 130 825
54 372 675
549 520 124
600 470 314
481 644 775
581 137 75
103 310 801
98 578 973
565 676 402
180 115 238
229 624 249
84 486 510
50 588 322
366 513 661
268 232 555
449 498 743
222 503 2
121 149 293
553 92 303
76 580 857
590 367 822
225 200 1000
644 337 528
305 329 71
367 50 573
258 198 241
481 308 504
311 515 0
109 146 725
509 557 483
434 8 759
317 508 464
453 505 621
260 456 150
254 231 986
314 257 684
597 600 638
537 173 611
680 494 267
105 487 70
29 145 174
276 672 724
457 57 468
610 120 46
162 573 869
578 674 52
236 399 618
210 47 131
629 74 440
135 326 982
26 190 516
579 480 607
72 87 178
341 90 880
224 592 299
172 150 2
114 591 898
192 599 149
557 415 768
55 672 891
430 696 61
376 275 641
539 106 737
383 361 656
582 421 513
644 274 360
418 378 211
187 489 859
106 286 247
440 461 986
511 65 968
359 146 607
234 199 405
330 673 169
216 346 371
303 91 890
307 197 188
113 93 261
116 110 257
373 434 890
516 433 558
524 188 806
525 193 33
214 28 901
631 499 82
471 452 611
360 473 582
383 310 669
455 683 768
181 226 250
643 477 744
41 575 536
267 115 123
57 353 832
520 479 421
171 207 311
410 603 418
429 208 417
408 389 568
218 407 309
217 271 789
237 631 574
587 144 627
328 86 658
531 682 407
585 662 319
42 214 978
519 554 58
288 292 596
535 467 788
179 447 37
323 17 940
292 172 515
402 147 758
476 444 57
641 76 507
161 154 791
163 148 901
261 36 117
88 551 184
68 285 493
692 393 367
451 438 199
452 419 473
146 524 605
200 7 563
468 606 712
210 93 438
415 695 574
595 643 724
555 226 209
89 62 42
246 559 647
332 278 461
103 88 485
453 288 505
34 320 647
228 602 319
539 319 573
185 229 786
357 393 206
469 96 574
384 521 208
247 222 239
182 51 75
102 336 292
563 4 414
156 288 559
11 334 929
139 428 352
581 188 566
292 429 977
381 575 601
295 161 736
140 496 594
189 181 270
43 133 927
663 151 728
431 102 466
361 7 7
54 160 99
532 451 661
611 592 350
567 431 291
363 463 920
330 498 379
160 67 396
515 421 979
315 332 689
58 242 32
491 31 612
570 172 93
106 337 734
381 311 474
548 20 31
697 574 149
231 239 568
321 458 790
663 180 485
604 325 700
531 338 12
484 308 699
144 84 183
339 500 532
267 157 185
232 137 542
25 503 360
344 72 254
215 372 712
477 390 531
532 398 355
681 363 990
248 607 895
577 389 458
504 441 305
641 455 583
167 324 405
362 689 700
341 183 664
499 136 11
60 158 634
162 298 614
259 530 647
523 374 173
416 284 256
516 469 33
521 68 62
60 249 459
169 403 517
2 135 887
574 254 101
453 614 762
342 11 167
264 396 679
226 41 286
663 679 893
69 356 723
687 153 548
77 96 486
498 400 584
228 575 665
641 663 268
487 404 114
499 264 287
166 570 928
603 142 905
523 14 595
332 528 188
509 306 316
246 38 586
31 428 422
585 13 332
518 124 911
257 548 557
0 18 95
174 648 269
637 562 35
402 298 250
647 24 552
661 372 853
349 11 29
473 237 303
359 595 71
98 405 481
668 242 417
51 238 288
413 396 427
433 657 366
525 661 755
95 674 828
353 680 71
347 499 464
333 47 259
288 342 73
390 679 705
551 433 227
402 192 796
154 688 616
517 61 183
273 172 307
129 71 95
265 383 710
475 146 145
574 28 462
21 659 403
375 609 475
272 310 586
676 259 793
674 318 731
388 548 7
148 314 740
654 362 559
694 435 566
539 173 840
526 516 741
211 308 616
11 122 2
513 694 432
405 88 845
243 518 682
105 130 451
442 260 670
100 199 406
417 534 821
162 102 493
236 156 860
657 417 443
581 129 867
61 476 106
434 131 34
644 10 807
620 26 430
496 547 297
519 379 656
161 318 562
27 414 967
574 178 984
618 253 238
401 96 266
399 418 163
686 30 565
657 242 317
5 235 519
151 434 771
275 536 417
4 484 227
699 271 89
8 145 622
283 286 903
79 396 469
414 158 521
370 669 182
309 122 771
445 409 253
629 653 639
324 458 201
240 265 773
682 16 983
419 265 322
90 642 756
219 369 655
226 682 141
41 309 360
487 286 34
683 161 391
600 617 999
554 211 552
448 46 360
33 89 637
508 591 424
546 470 441
696 202 206
686 78 142
37 305 536
369 455 58
629 504 755
287 49 338
354 501 610
375 188 699
394 614 764
54 420 22
435 571 100
188 61 953
700 358 38
526 110 825
535 657 412
40 410 542
173 485 851
568 40 964
620 460 858
558 230 829
676 129 207
11 262 837
528 345 396
491 674 747
65 440 977
355 168 451
341 335 861
680 186 419
525 542 890
432 409 525
261 336 926
91 79 514
290 296 800
575 576 80
557 208 451
635 209 962
567 452 977
362 681 251
53 325 763
190 573 448
502 15 597
487 58 466
573 540 49
566 197 405
9 55 868
255 252 620
28 59 469
460 325 600
309 565 200
22 558 249
580 465 636
455 340 960
191 644 602
94 621 137
460 66 53
531 298 340
164 622 95
140 344 436
421 504 962
304 266 37
440 364 621
423 197 210
70 605 513
204 231 922
169 209 723
547 255 971
111 518 621
38 195 598
495 446 920
621 140 843
461 433 864
279 158 652
606 418 584
354 302 765
342 551 466
275 580 30
235 221 58
227 315 659
251 185 331
586 5 687
325 506 786
347 380 438
0 85 788
466 100 908
683 384 1
99 18 216
128 183 286
681 634 918
513 36 654
3 256 653
105 77 584
58 403 114
91 19 586
418 522 723
83 27 432
24 47 163
489 133 909
406 61 135
472 596 674
663 534 577
557 1 364
42 396 68
46 397 68
667 179 802
555 210 146
37 311 458
351 589 30
322 544 812
104 31 926
504 483 781
266 689 62
192 167 918
412 185 435
666 277 791
417 166 833
483 306 738
652 403 512
335 644 627
349 33 746
296 377 124
320 485 148
59 517 610
546 140 985
293 430 240
294 349 365
89 537 458
569 604 591
549 174 513
660 380 260
607 5 763
489 317 294
77 250 980
203 612 768
300 622 941
515 673 819
191 659 241
156 157 686
633 279 282
175 696 851
516 590 283
317 683 822
695 294 976
480 239 813
134 394 631
685 202 824
135 617 49
392 559 27
507 251 150
396 231 75
111 344 340
443 404 324
52 247 354
427 172 678
520 420 416
630 440 525
612 222 383
18 509 404
536 44 387
313 18 767
6 562 315
340 674 754
672 316 4
45 71 445
627 267 476
136 339 311
375 568 580
37 460 527
183 236 576
685 153 707
454 654 671
546 627 956
556 493 533
506 139 375
639 278 207
93 380 704
576 681 244
489 29 720
238 223 965
454 306 496
434 459 981
661 434 767
282 578 358
207 358 561
540 202 899
500 12 285
238 513 281
672 539 822
674 377 746
438 1 741
288 47 679
288 540 911
253 154 894
355 694 790
316 50 669
342 190 20
356 349 556
228 640 705
325 243 864
471 244 198
319 116 946
33 325 88
336 447 894
575 659 381
322 460 600
345 613 722
180 511 27
582 588 186
18 201 666
646 59 693
119 689 587
233 617 587
249 529 959
511 314 559
451 76 659
507 695 593
291 549 354
356 267 652
351 300 150
567 383 21
401 562 214
514 508 731
505 122 705
677 470 786
297 679 385
633 447 434
587 579 154
599 463 37
559 680 397
330 111 588
47 17 869
3 451 507
315 428 190
483 426 964
582 243 607
101 134 876
216 114 234
171 594 582
638 213 813
148 24 197
606 619 787
400 177 71
573 578 455
141 268 215
31 362 215
517 82 458
544 627 318
80 253 181
121 290 283
52 602 209
449 71 607
307 142 386
249 621 710
84 687 555
51 509 418
93 142 201
575 653 144
333 395 489
213 213 980
317 605 289
134 66 170
98 391 655
604 387 264
88 339 897
528 673 416
133 159 320
45 611 943
359 367 916
115 350 783
13 578 86
684 133 832
6 605 397
695 345 914
460 251 770
515 428 419
137 452 259
594 683 358
200 91 891
103 227 633
291 278 496
309 96 202
27 462 3
573 13 561
332 87 82
508 239 279
660 109 215
56 146 1
417 567 930
45 552 838
508 367 5
149 316 137
576 200 539
126 487 786
67 98 24
84 15 676
692 204 560
114 608 463
256 575 693
237 315 22
256 584 980
338 439 810
610 371 933
592 107 5
70 102 725
391 193 571
205 259 927
682 627 129
611 146 307
477 219 481
632 15 777
531 308 560
579 13 956
68 522 44
117 160 129
44 279 345
138 374 712
686 251 683
53 628 234
123 472 648
458 548 843
519 612 983
411 315 511
30 306 686
537 680 431
668 105 711
600 676 45
316 413 689
25 503 377
37 54 757
318 528 666
343 147 169
539 133 412
478 13 472
551 38 423
541 450 683
363 589 570
358 640 434
676 80 434
635 700 582
422 385 75
243 237 652
363 102 757
97 143 812
376 516 97
388 398 265
633 640 87
415 384 209
202 486 719
590 393 377
441 483 219
381 422 898
135 118 341
84 270 733
393 110 820
59 205 603
74 578 570
2 257 505
153 345 284
674 166 330
302 232 86
302 346 257
353 456 381
312 96 991
453 684 374
229 140 952
204 412 863
423 428 240
386 424 768
674 552 24
178 693 458
390 31 116
35 472 147
667 57 948
421 179 85
268 541 198
297 305 414
599 674 636
685 44 256
601 55 311
379 104 4
660 190 333
473 58 808
246 625 287
489 238 301
435 95 548
358 439 542
653 439 63
676 423 904
476 341 694
131 107 422
671 687 984
485 133 28
376 552 357
194 178 793
659 522 733
470 528 901
7 366 598
682 576 719
296 78 743
654 44 944
355 513 452
602 660 945
357 175 934
687 204 36
212 590 724
253 471 609
367 350 471
382 667 373
321 501 286
495 618 568
536 585 324
293 546 697
431 81 463
358 286 542
138 135 218
429 232 876
408 36 209
346 429 272
297 635 309
371 59 68
345 70 691
212 199 823
274 79 364
333 500 850
101 189 949
511 579 443
601 169 270
558 117 654
236 323 83
365 326 926
540 485 634
368 531 818
75 320 369
516 688 943
697 608 737
341 671 45
123 569 478
202 163 872
564 31 181
381 131 69
100 627 445
92 622 379
446 436 558
335 639 277
519 468 46
497 545 812
74 322 561
431 280 619
276 513 508
364 423 155
240 553 732
602 130 684
221 371 328
422 596 792
333 290 736
606 373 520
678 638 889
487 317 596
251 380 657
523 555 960
101 435 833
341 600 988
17 118 831
123 371 346
332 692 533
572 11 785
564 357 869
256 587 255
273 106 249
42 333 199
499 352 628
596 544 47
648 349 798
582 426 784
116 467 243
606 163 544
156 404 766
495 227 344
307 496 382
327 680 610
209 157 897
437 604 887
417 378 68
617 47 151
426 535 599
70 435 89
556 465 244
439 635 143
21 398 734
443 261 484
568 488 574
36 157 648
615 236 7
323 26 411
183 123 860
150 696 18
159 598 659
611 630 524
601 678 382
14 54 482
209 464 586
48 490 789
406 304 15
675 676 825
6 297 258
38 537 413
119 521 983
45 534 838
320 31 538
60 244 323
390 594 141
574 264 448
600 606 739
345 164 922
224 71 126
91 359 333
270 201 343
499 536 923
690 533 326
473 95 706
166 403 132
200 205 959
361 28 481
293 572 593
681 104 629
267 469 275
505 149 875
618 185 728
276 484 304
602 218 281
593 226 303
59 222 348
563 403 924
608 106 155
4 107 709
367 464 329
581 154 357
668 271 60
455 431 749
98 11 972
613 648 619
498 95 874
61 181 703
317 559 702
214 115 863
28 675 856
655 407 649
350 669 150
241 153 699
463 264 591
591 29 135
412 222 492
190 322 876
223 407 218
277 300 720
451 202 804
479 27 475
2 45 659
356 334 592
497 13 352
314 673 864
472 24 319
374 290 527
516 620 787
327 511 1000
86 679 899
372 368 620
628 313 701
272 663 177
145 477 721
304 668 62
409 551 842
421 519 190
299 407 516
699 42 630
565 668 378
53 429 287
382 325 320
184 413 199
434 320 455
541 411 550
92 113 943
70 260 981
97 370 320
248 199 128
681 439 340
246 509 623
580 361 876
512 64 672
279 594 129
193 583 495
555 3 953
255 488 506
455 464 586
185 501 631
674 491 108
337 535 597
517 55 188
346 620 125
178 379 770
197 655 215
45 532 358
271 106 245
358 571 169
406 236 444
531 322 606
382 134 736
436 205 75
189 38 723
509 420 887
114 330 440
203 671 605
252 538 441
187 283 729
461 462 830
505 627 483
696 407 168
469 348 96
43 143 245
543 242 363
684 533 609
235 163 672
618 121 279
11 373 251
209 617 972
645 621 427
359 412 276
498 387 295
223 444 373
252 653 727
350 391 560
545 82 83
437 64 236
618 693 109
186 431 441
15 309 72
88 423 224
542 267 125
322 319 987
642 182 289
484 561 639
41 233 474
628 62 832
577 441 5
333 169 976
104 635 405
223 348 796
482 697 868
548 560 3
435 450 153
506 695 479
472 123 212
572 145 202
298 603 261
409 183 361
439 349 352
424 545 276
436 386 701
54 27 20
369 362 591
24 592 760
466 189 120
639 350 894
40 391 595
565 59 516
83 391 21
190 371 596
319 422 294
587 149 704
319 366 187
663 546 551
225 300 619
194 494 65
552 108 13
227 63 929
4 473 532
367 429 99
392 264 326
346 593 133
46 552 365
417 552 644
407 600 973
435 253 574
1 395 315
3 57 240
579 656 544
338 38 636
225 26 838
380 6 910
475 659 66
47 496 561
28 15 614
23 286 317
552 173 602
293 351 481
683 690 997
558 437 639
589 277 298
265 178 260
460 247 657
536 183 535
523 329 813
234 556 931
171 529 361
295 659 170
659 582 890
385 151 225
693 289 77
517 212 195
535 387 291
201 433 815
280 580 467
160 169 507
437 465 970
589 182 782
552 682 190
530 535 139
81 651 597
144 402 319
45 669 54
521 624 759
413 165 187
247 127 251
438 149 672
445 94 555
376 228 398
259 288 160
388 220 869
179 575 892
307 224 855
481 639 556
608 229 216
215 99 74
264 503 218
598 591 805
194 267 971
12 370 126
20 393 204
189 494 955
173 602 722
210 261 159
146 522 589
672 227 767
440 84 762
18 470 713
306 378 546
471 632 896
543 320 662
450 347 948
144 409 564
463 481 262
87 123 782
384 517 70
610 485 354
467 423 44
290 616 859
471 544 750
510 509 770
333 434 188
16 166 63
304 556 654
295 682 925
200 50 357
431 174 570
127 15 440
305 630 619
532 384 512
530 574 205
426 454 979
43 130 687
599 103 730
75 685 902
74 463 712
700 94 298
521 0 754
208 285 823
231 446 81
409 561 242
228 193 536
101 357 900
375 458 795
104 650 780
32 126 320
508 540 723
271 623 988
618 62 349
381 15 830
228 692 214
101 272 735
691 401 386
595 123 686
302 257 905
234 455 841
346 635 43
597 76 681
118 28 345
149 576 786
154 35 804
619 480 963
53 258 373
638 132 357
198 412 214
29 570 718
447 446 535
217 688 859
554 179 661
139 646 198
522 519 108
364 482 816
295 371 579
280 124 395
189 141 682
26 495 317
691 300 740
302 388 959
237 585 633
265 391 237
277 421 708
130 698 229
455 112 540
485 130 679
558 168 31
470 432 530
438 225 485
548 189 85
515 633 1000
516 105 216
221 142 308
700 428 234
309 158 540
532 264 259
26 438 635
434 673 415
567 160 780
279 571 281
406 297 608
471 256 664
669 605 278
680 451 156
181 253 198
451 344 735
225 539 518
393 105 69
121 351 176
385 605 686
435 438 261
430 675 629
274 579 97
172 598 852
552 137 243
201 566 622
315 169 93
120 390 986
195 651 570
439 644 633
461 218 24
186 301 127
606 125 960
198 558 794
355 64 600
462 606 536
87 565 917
153 395 645
502 478 217
300 302 340
164 308 943
182 95 864
24 120 781
280 263 682
21 168 267
440 168 878
334 366 655
395 231 286
28 420 481
644 584 642
379 313 595
560 494 283
107 109 297
126 643 280
371 468 864
21 63 724
614 358 777
548 459 687
303 542 219
656 310 399
385 284 528
671 405 466
318 335 597
595 179 311
109 423 214
361 348 804
182 537 200
157 349 876
66 333 757
361 185 559
254 376 436
234 107 865
525 289 420
183 621 788
235 556 102
480 695 535
180 70 894
567 587 992
578 86 256
22 280 564
423 134 222
111 653 909
683 361 329
370 213 361
687 476 193
543 185 814
700 481 116
374 87 694
196 0 369
106 375 336
45 579 283
470 500 72
84 482 320
558 672 716
462 15 751
442 401 544
524 169 434
270 155 924
354 312 214
133 696 104
378 411 856
158 103 209
399 409 991
42 209 2
315 116 291
302 649 290
309 339 240
172 194 27
219 633 73
156 78 867
410 406 165
494 231 201
509 442 46
477 409 127
65 334 886
226 648 673
73 151 330
277 195 506
651 125 18
458 531 388
572 665 98
656 262 188
230 644 554
108 422 377
447 640 104
402 125 224
55 595 393
372 56 400
181 166 999
116 423 285
276 71 756
591 104 661
490 601 81
634 277 855
193 448 288
604 355 705
449 118 469
465 77 473
665 523 847
255 281 911
4 378 313
321 593 181
487 474 805
649 19 340
251 17 868
396 114 205
384 118 366
350 394 912
616 194 158
396 371 64
506 179 139
380 80 472
656 587 609
71 279 114
424 133 959
382 375 306
116 667 463
240 331 923
60 351 888
1 232 658
294 666 646
478 606 500
453 24 589
387 30 315
29 490 322
179 295 189
615 585 499
594 407 205
418 376 823
202 644 207
430 80 237
346 231 913
141 366 788
297 540 327
556 633 66
565 81 685
435 645 799
350 365 921
381 391 327
682 103 482
522 169 734
628 6 174
216 630 297
369 191 200
538 14 876
554 422 244
414 204 315
174 429 419
442 694 536
331 566 296
473 186 356
222 188 260
346 55 129
24 560 426
210 213 404
349 615 518
539 356 637
454 626 181
11 221 75
548 443 582
628 237 461
421 245 985
383 82 344
81 402 719
699 119 152
238 592 246
51 645 189
293 207 356
152 63 346
311 549 783
34 421 18
286 362 610
134 264 220
501 372 791
290 294 568
21 184 927
514 333 747
98 69 86
59 609 45
467 322 130
544 173 832
441 596 923
459 259 413
502 172 696
327 436 555
333 531 423
295 418 869
387 586 555
584 296 602
421 145 588
335 58 90
16 509 213
634 683 844
647 226 899
196 246 72
315 324 286
397 317 258
97 493 729
459 549 472
378 673 83
195 275 394
487 53 500
502 213 314
505 81 873
164 370 756
567 694 931
132 260 858
613 586 556
202 118 454
291 416 765
39 506 345
277 509 289
566 6 110
435 307 275
522 238 821
373 446 832
175 272 903
519 578 594
278 339 125
420 457 912
471 677 399
277 522 624
544 226 760
530 640 189
238 575 315
607 342 570
106 526 536
42 457 629
2 247 507
44 360 50
650 38 393
48 482 724
177 127 594
490 313 198
287 26 653
633 135 450
537 551 910
319 488 997
661 676 212
557 438 681
303 199 716
466 187 741
51 357 766
467 405 735
381 382 377
595 248 403
580 406 958
115 118 556
358 424 925
205 167 74
239 307 278
549 256 91
13 271 382
641 630 655
72 308 183
486 493 897
224 691 830
78 372 673
24 40 506
400 673 186
140 530 881
659 31 212
105 671 666
248 310 798
313 32 870
592 577 207
268 583 632
475 296 840
97 522 716
589 288 914
697 325 173
41 36 377
299 246 954
419 247 91
658 613 57
491 651 579
472 242 558
378 71 251
227 77 563
17 637 928
333 543 133
15 510 836
72 210 806
624 560 564
280 262 634
500 284 207
158 343 772
424 263 577
514 119 423
137 158 419
399 612 179
114 287 520
153 69 402
15 379 165
640 403 431
453 564 914
425 483 257
14 573 38
188 173 755
38 430 44
131 357 64
572 595 630
77 64 594
61 532 200
434 48 63
125 141 642
620 296 675
212 327 960
466 127 813
338 131 457
692 366 609
91 9 985
109 226 761
233 596 510
249 471 924
215 297 63
386 6 579
640 144 657
85 651 199
498 279 610
558 313 977
386 341 866
35 283 950
631 527 814
63 237 198
682 441 142
337 279 118
562 374 89
634 699 495
240 151 698
72 297 544
259 124 134
502 187 325
204 138 939
359 178 315
584 502 131
670 669 368
693 402 979
135 55 258
340 450 190
105 67 377
477 293 739
387 3 388
146 538 477
571 166 739
218 112 983
7 511 713
99 177 432
325 637 258
537 386 170
230 63 681
478 81 440
100 402 481
693 220 518
180 594 539
458 551 198
428 209 317
358 350 61
155 217 906
80 660 811
126 424 986
17 394 268
414 159 887
248 691 701
475 171 959
29 202 319
162 515 812
211 235 20
506 507 488
429 619 381
340 573 537
489 651 770
374 144 792
3 206 193
614 206 746
29 193 659
536 438 920
307 160 342
319 235 33
449 581 912
670 389 373
619 127 748
189 335 925
422 397 16
557 410 171
166 53 428
120 536 604
634 699 274
571 366 357
644 602 277
409 523 372
620 468 637
610 195 533
10 432 715
427 468 209
212 236 13
484 84 254
268 129 295
597 664 340
137 342 430
342 246 355
75 526 211
293 480 547
267 256 994
508 569 722
482 427 146
249 147 395
137 522 231
630 593 79
664 55 321
644 171 701
101 596 391
497 339 917
437 84 10
41 47 417
250 310 814
262 448 557
104 88 321
533 61 92
356 451 837
253 211 954
176 260 602
458 140 725
435 309 235
122 437 22
584 535 475
243 433 756
228 269 98
249 25 94
580 39 137
259 355 424
506 355 543
271 396 609
146 378 671
332 328 120
673 264 831
306 7 911
152 111 33
26 202 815
210 186 59
312 119 530
374 5 866
154 314 169
523 63 937
143 408 324
501 423 76
74 41 174
668 160 367
193 249 815
486 202 217
619 346 843
648 426 293
621 252 236
318 264 444
507 249 439
345 270 439
85 126 44
281 432 289
572 525 469
298 296 72
408 91 441
294 356 246
470 67 327
430 525 344
153 537 298
671 4 806
383 489 971
428 641 27
215 637 34
604 191 613
523 280 418
242 610 550
80 631 480
423 490 166
616 528 518
226 544 255
82 129 293
262 340 0
360 352 68
572 95 206
298 320 125
77 266 232
431 98 415
264 441 407
433 73 286
35 237 377
632 347 456
129 159 69
438 674 987
50 242 752
268 306 52
39 11 124
473 657 921
585 63 550
569 357 638
38 631 35
669 63 763
644 338 335
484 573 817
3 407 144
538 21 873
510 154 452
558 366 901
552 269 779
231 689 236
642 136 689
669 356 90
194 684 22
674 489 667
462 110 385
116 379 587
251 537 165
613 419 98
320 490 518
398 600 553
139 46 147
658 577 215
220 491 509
544 518 721
574 486 281
202 559 762
259 159 510
316 397 73
325 92 260
656 78 942
483 382 232
147 302 316
547 681 939
682 556 685
445 227 607
30 97 322
5 122 675
502 601 560
432 204 42
459 306 108
230 632 43
509 677 498
247 498 358
554 356 772
448 546 167
87 256 755
555 114 174
456 432 518
326 575 669
693 20 937
500 129 230
106 615 685
182 18 952
308 60 513
480 302 114
477 149 635
444 325 156
11 437 633
197 698 276
569 23 279
255 341 565
86 511 842
185 348 738
219 138 4
383 299 910
143 613 464
562 518 42
440 237 68
93 35 680
169 450 602
652 256 735
401 80 449
509 597 76
254 540 242
110 193 416
665 96 311
365 332 561
630 580 496
71 465 436
402 65 378
383 652 443
191 322 386
85 580 364
280 585 693
692 439 771
511 561 68
161 188 948
494 58 206
687 414 754
509 546 963
534 309 869
564 457 560
559 224 17
274 401 899
169 15 247
537 298 124
245 318 598
97 203 505
44 607 827
445 434 428
301 330 641
465 661 916
596 266 643
675 537 299
620 541 805
473 401 57
670 29 234
218 50 159
31 426 117
160 583 308
563 444 259
1 647 193
126 464 872
257 573 624
458 461 78
578 53 345
503 673 20
637 564 746
579 484 759
295 660 850
271 148 703
186 115 316
208 336 75
636 597 735
510 266 196
210 181 417
597 245 435
535 531 362
113 133 897
404 105 88
415 394 874
493 546 732
683 540 769
501 540 851
554 608 181
535 280 834
18 685 107
263 268 221
64 38 540
297 216 812
664 136 580
439 678 749
109 166 81
134 326 116
14 443 198
177 618 209
86 273 663
603 432 910
80 91 565
578 239 449
580 580 49
276 397 596
17 318 673
340 59 1
499 626 529
404 434 855
389 452 911
224 396 566
543 235 602
42 646 233
400 397 315
253 56 248
63 261 552
628 341 924
182 517 441
120 360 895
255 37 200
207 240 322
450 219 805
599 299 724
636 31 997
350 653 475
265 227 118
175 151 726
627 175 155
150 126 235
313 473 565
635 502 741
657 699 718
504 16 258
358 173 247
126 28 244
307 470 215
419 366 798
559 506 372
586 390 2
683 394 629
331 246 603
490 485 921
592 107 362
356 542 143
515 631 532
174 266 369
10 543 631
166 184 64
125 374 41
56 605 816
1 146 655
219 501 258
303 408 36
329 549 568
599 606 841
494 550 269
495 281 29
462 439 513
536 133 568
243 324 570
35 659 975
118 580 874
256 595 293
199 314 564
381 353 544
567 113 916
549 19 816
404 48 754
101 17 186
368 525 865
561 681 739
682 290 45
341 416 351
79 14 230
480 213 931
437 260 761
57 85 243
640 465 147
38 442 236
630 129 733
503 448 968
631 677 366
0 598 421
355 138 126
493 302 607
540 607 994
225 46 928
485 449 794
547 312 860
214 613 70
220 660 906
510 513 381
218 232 577
70 694 148
22 88 381
8 494 426
111 424 311
629 607 715
0 224 227
315 169 396
690 331 690
294 265 875
201 296 886
186 544 415
486 383 161
25 85 752
183 191 528
138 394 673
163 528 956
275 558 984
394 226 420
457 320 249
611 371 730
212 458 452
155 296 593
119 236 683
230 698 264
27 591 227
219 435 325
658 468 630
562 217 459
35 86 241
218 60 163
75 59 494
540 402 779
418 557 16
437 35 742
135 207 253
574 217 129
281 683 931
5 415 278
333 622 342
309 28 790
337 530 194
213 461 163
60 23 429
187 566 125
645 46 861
651 360 44
147 173 159
559 250 317
191 182 510
522 222 656
598 396 460
664 379 571
69 126 603
55 543 115
472 56 693
616 569 569
310 618 907
289 359 44
406 586 497
379 430 527
432 339 274
213 1 229
273 238 360
440 180 862
366 413 905
79 450 605
140 166 260
382 659 73
357 20 791
82 320 574
336 378 231
447 511 259
145 509 186
294 38 284
116 599 623
141 239 780
160 220 498
80 239 37
241 42 232
102 409 754
249 318 340
331 399 835
273 374 888
581 203 831
402 215 302
33 493 654
447 149 365
356 158 555
261 525 931
242 695 369
621 458 243
561 245 303
531 134 501
21 445 446
28 613 580
279 130 136
418 665 203
196 304 828
328 24 855
380 47 802
320 36 399
254 172 152
108 192 250
513 277 452
328 158 302
14 639 136
695 610 724
660 603 129
274 676 764
336 97 22
561 21 962
592 561 191
657 539 289
46 86 442
319 564 250
38 435 83
604 348 18
499 142 997
663 114 134
622 128 641
254 596 856
388 277 686
121 281 142
360 460 370
693 489 718
213 584 763
627 135 49
613 470 582
457 222 365
220 407 20
511 74 488
496 387 280
489 464 382
265 340 971
349 668 120
664 420 562
376 68 673
24 21 30
190 634 283
290 25 749
581 93 364
544 456 659
118 206 967
185 75 541
432 271 523
514 454 646
599 157 595
93 297 308
383 255 931
142 679 783
163 228 373
384 195 431
308 453 794
684 571 244
105 562 507
180 361 693
223 121 30
416 681 535
598 664 888
269 631 276
485 693 468
577 210 826
20 385 777
14 222 73
168 581 398
111 655 736
536 646 660
110 461 274
120 9 992
156 408 131
226 24 300
655 550 809
383 297 979
200 557 728
328 108 17
622 556 210
264 289 657
472 151 13
584 63 229
435 196 872
521 357 750
28 687 535
90 75 111
550 234 846
643 383 909
166 669 659
638 13 103
479 447 775
472 149 214
179 341 478
76 295 198
367 49 717
33 502 312
415 141 800
546 108 214
292 489 366
143 434 174
259 253 283
482 256 155
318 187 249
274 246 473
414 339 83
402 264 561
621 346 473
288 39 297
617 144 926
68 82 415
588 374 968
81 196 755
248 381 139
619 412 100
615 530 725
147 572 806
699 496 517
314 676 287
438 678 528
443 10 217
557 287 712
15 680 982
663 141 705
231 361 546
308 126 357
492 147 479
181 574 351
216 585 455
467 643 127
469 638 923
168 654 13
218 168 210
4 641 394
132 46 812
259 545 960
670 474 232
566 296 662
650 539 999
578 599 344
611 674 350
420 684 610
241 68 667
278 126 21
179 223 981
463 658 344
54 213 945
619 425 211
573 649 781
157 435 989
637 67 355
319 601 237
176 666 927
591 102 183
172 441 268
46 522 506
465 332 396
543 621 509
434 529 475
166 535 849
89 109 940
198 565 233
154 71 80
72 486 721
575 622 785
82 591 621
290 365 69
559 199 325
16 203 964
457 109 355
616 689 788
255 55 472
526 356 986
209 32 129
36 270 442
421 163 763
490 360 98
53 180 267
581 351 753
649 34 429
367 556 877
561 609 996
475 306 449
478 65 20
615 312 606
540 428 113
507 163 663
333 542 527
259 38 308
283 611 843
638 614 267
263 473 5
16 39 831
388 296 355
153 240 356
99 114 722
274 75 447
198 242 605
643 597 964
640 443 146
330 379 54
110 32 275
648 169 276
502 345 86
223 257 49
25 249 658
5 371 635
0 202 791
618 405 18
182 307 504
225 482 695
559 143 2
586 149 212
680 278 638
690 476 349
16 163 363
102 163 371
659 307 493
3 245 220
119 546 274
436 471 801
246 340 959
307 374 325
353 225 744
627 211 949
220 54 544
608 397 638
35 497 80
239 34 173
476 297 972
366 621 176
53 177 600
343 348 798
449 272 360
265 387 96
371 455 271
362 505 920
46 156 158
69 530 593
414 1 533
677 330 492
341 107 758
523 355 166
20 266 726
633 497 555
613 301 791
403 231 649
136 593 331
427 69 371
369 653 765
459 238 110
343 531 512
19 122 118
101 485 575
547 489 785
291 88 23
363 360 871
290 539 317
461 317 857
226 109 78
698 477 532
240 478 56
617 464 529
454 149 138
579 295 899
621 184 335
699 524 493
70 218 311
260 310 529
193 20 736
693 115 466
74 564 685
524 566 87
683 502 975
174 304 221
421 319 161
75 476 252
629 692 825
47 138 829
123 647 969
690 667 577
683 383 693
490 147 627
441 591 579
684 13 720
14 460 732
408 481 342
467 443 136
439 162 824
206 438 559
523 654 832
149 320 298
28 282 887
71 207 237
589 228 298
116 558 414
56 389 816
693 351 664
352 548 473
421 640 688
264 576 674
525 547 751
54 487 91
378 587 380
486 205 217
100 309 210
427 299 92
385 674 172
670 40 101
37 514 744
442 254 813
217 365 886
596 313 950
469 460 656
508 388 386
618 573 126
369 664 524
662 50 973
46 318 842
345 339 541
199 288 82
63 668 823
497 268 490
489 403 149
692 464 173
622 572 756
430 533 111
79 677 364
292 586 846
58 309 567
56 128 678
538 186 748
409 670 418
50 429 966
281 452 370
529 410 668
677 176 849
602 238 924
102 496 205
372 151 313
282 165 594
656 293 110
163 361 772
510 227 393
547 507 755
0 291 113
505 280 419
683 583 959
311 619 311
120 679 496
406 189 674
211 690 999
61 325 648
461 317 958
540 225 704
161 620 485
115 403 902
50 565 673
574 97 545
439 599 165
419 172 513
344 264 524
448 578 343
273 407 91
397 230 554
429 33 299
367 631 356
548 618 276
490 361 174
106 346 577
600 156 979
323 651 215
217 159 788
149 631 148
58 240 39
604 92 511
637 320 625
132 697 356
558 426 329
539 386 939
503 456 30
291 445 917
411 165 400
87 581 285
195 388 979
394 294 721
181 67 729
456 513 373
405 674 141
620 381 747
637 478 298
537 652 646
10 53 909
660 6 413
114 471 390
146 139 113
669 433 258
125 396 237
287 433 919
262 534 213
686 369 928
6 546 560
331 678 825
248 603 361
677 106 881
594 340 15
313 607 519
508 458 818
279 263 42
392 306 886
395 186 131
394 480 78
316 520 20
495 678 232
353 511 424
687 553 278
620 373 686
11 243 567
583 541 1
458 460 92
376 424 99
314 525 25
275 197 780
224 568 553
633 436 693
114 435 724
625 392 593
348 531 317
594 161 393
66 484 843
348 61 643
393 17 160
314 238 35
435 125 434
542 344 755
192 147 443
180 456 527
520 104 214
680 99 6
256 664 443
235 372 735
134 335 213
85 321 864
540 10 167
640 242 772
75 434 378
233 107 880
252 90 857
96 398 188
650 593 472
609 422 531
273 354 949
510 694 230
186 318 544
331 267 730
595 35 672
352 624 281
654 91 758
207 489 404
32 395 727
55 27 524
630 63 933
438 120 354
8 31 889
382 162 997
407 256 969
559 560 12
58 164 74
415 112 564
462 115 957
367 458 849
505 190 967
142 659 800
276 238 467
256 632 129
24 481 301
31 196 356
119 250 428
651 95 559
178 119 381
141 283 826
543 147 444
657 442 495
25 304 846
303 601 201
82 396 8
107 128 845
118 52 775
517 365 595
285 686 545
365 626 527
471 687 187
461 430 690
162 328 256
174 697 65
85 323 497
494 504 363
635 685 197
654 586 887
528 392 105
59 173 571
594 252 40
64 370 706
314 170 675
265 534 644
210 280 370
39 137 965
599 682 906
521 601 352
628 55 788
290 66 414
512 265 345
216 74 310
216 402 460
447 347 786
654 270 751
417 274 749
577 368 514
105 621 201
426 166 370
85 243 136
154 180 995
111 552 340
229 457 610
317 656 369
90 569 421
413 166 650
295 499 177
133 582 690
93 467 330
675 381 471
295 310 237
634 565 858
59 138 427
511 653 46
428 635 573
7 20 508
472 106 489
679 698 627
551 468 33
581 564 100
182 624 652
339 54 516
291 344 95
108 521 243
198 64 66
231 623 787
587 572 727
589 558 38
348 296 564
285 236 94
288 515 287
398 412 496
697 279 511
213 513 429
212 109 229
202 617 110
452 534 571
4 183 359
15 157 178
689 205 26
176 466 595
467 366 111
306 670 216
392 249 692
144 396 790
80 269 703
1 393 18
578 409 205
695 199 548
330 632 622
165 380 473
448 184 647
170 120 277
653 504 165
2 26 702
111 116 648
503 315 593
637 626 687
253 396 139
145 699 585
688 362 435
600 116 291
220 421 26
661 367 746
195 477 454
392 267 306
278 693 125
315 58 461
98 333 47
380 616 159
459 307 684
49 592 973
433 9 738
538 20 254
669 4 111
268 44 274
536 196 530
47 118 100
633 637 117
195 240 622
26 333 187
393 284 861
316 602 714
115 284 943
660 698 523
381 25 164
330 444 825
139 564 356
43 352 511
510 501 419
2 4 412
78 13 579
443 32 807
36 318 409
128 108 802
248 305 995
388 552 467
53 586 562
257 673 615
36 624 465
159 224 310
499 470 493
253 55 438
271 25 604
341 506 357
428 397 405
146 525 547
181 47 210
444 121 85
115 5 333
443 198 60
434 606 503
660 482 652
252 7 96
382 576 289
34 128 108
570 575 967
45 257 210
226 453 136
310 7 472
281 596 521
667 323 814
70 25 600
285 349 269
671 202 781
653 548 353
375 212 86
603 172 408
489 29 763
147 509 367
97 678 764
155 401 443
212 448 372
189 428 23
663 675 580
446 593 746
534 659 566
302 397 272
697 188 839
272 239 540
316 131 589
53 515 371
480 580 279
50 687 103
209 11 95
149 53 321
639 66 696
177 163 43
402 337 629
343 54 505
566 263 658
596 329 612
522 49 292
549 265 898
218 296 231
262 528 349
2 386 695
435 647 730
143 422 277
213 82 750
68 689 95
312 126 873
643 247 935
577 275 33
502 145 190
394 689 449
565 79 898
186 27 356
145 219 522
582 544 558
70 229 12
0 284 197
127 187 566
545 295 223
595 398 405
402 465 187
530 251 768
519 12 632
55 292 592
53 585 621
657 40 746
258 389 364
593 27 470
208 284 924
471 457 328
403 81 611
234 416 121
57 579 756
564 300 942
460 178 984
232 278 49
331 343 571
644 150 494
630 504 239
196 539 917
462 24 214
354 425 876
451 538 344
190 150 93
169 482 731
691 601 668
304 664 225
68 50 6
373 507 399
153 562 839
379 389 680
598 352 724
599 664 844
498 461 683
285 363 463
619 14 295
188 117 590
620 501 480
627 163 458
284 602 820
407 29 857
335 670 319
17 486 523
676 67 706
355 251 221
359 287 349
194 527 505
176 264 888
431 461 147
330 217 255
200 253 937
645 221 575
171 142 632
347 55 493
6 320 21
368 10 736
687 304 421
401 614 247
119 270 464
607 12 473
411 65 211
402 191 542
546 91 434
304 350 0
255 178 581
136 574 944
605 477 808
500 390 987
22 606 604
603 677 364
305 5 171
660 684 737
97 482 16
360 458 294
369 609 78
673 577 263
81 123 425
25 325 781
198 299 279
636 340 278
69 479 478
647 639 525
492 340 115
361 383 509
373 342 116
692 600 339
342 36 386
423 347 149
599 667 509
274 15 904
3 562 793
540 388 687
113 430 894
306 318 812
213 382 835
651 255 858
451 321 328
335 431 724
217 488 255
692 135 455
229 191 238
27 271 585
639 307 837
337 581 829
313 348 559
599 206 73
160 316 786
518 470 720
293 604 476
576 136 900
225 254 62
104 166 640
670 492 280
450 637 916
617 75 176
591 79 257
396 619 633
264 440 664
499 412 527
176 193 520
586 211 423
545 264 973
304 242 683
506 376 473
209 667 550
38 386 532
124 20 487
189 484 543
384 412 836
271 457 819
503 337 653
465 231 634
639 517 731
425 572 749
506 664 149
698 600 529
533 81 108
160 511 778
45 90 146
420 610 25
139 555 383
246 679 548
597 371 106
70 135 432
604 230 909
254 222 895
328 301 665
15 501 821
144 568 791
308 475 338
465 58 930
699 195 902
211 93 215
67 111 60
118 106 956
374 478 651
667 531 847
109 317 33
97 343 864
224 240 169
559 276 889
156 23 608
662 453 450
66 99 439
21 243 509
608 269 796
380 645 794
474 450 33
196 381 772
146 292 213
573 136 27
491 354 96
283 39 791
610 100 534
493 573 907
143 36 569
569 229 621
98 118 806
474 346 778
228 421 426
525 538 130
314 301 339
208 354 181
148 209 78
376 676 582
17 465 658
415 623 739
238 269 303
57 245 388
457 544 44
457 6 277
667 625 279
133 605 422
210 385 497
695 225 927
352 138 452
552 411 931
565 233 675
131 77 416
336 509 525
9 289 73
262 558 810
331 683 839
354 554 708
367 555 482
449 215 147
138 514 891
3 31 302
30 562 78
142 277 709
161 499 389
459 553 978
375 359 789
289 4 496
371 652 702
363 80 731
480 199 653
312 237 297
193 262 448
662 646 191
377 38 494
434 327 689
116 263 28
11 439 510
119 90 464
147 36 278
22 319 620
443 165 783
285 398 97
27 419 590
150 630 632
565 489 457
78 616 283
555 486 619
311 283 846
82 462 142
403 55 884
496 423 391
129 420 642
183 63 852
139 691 734
489 691 165
376 580 536
366 644 958
210 58 392
663 122 492
256 438 533
641 580 989
386 352 377
599 588 996
552 269 820
686 235 571
454 37 64
600 143 216
427 128 704
484 360 886
152 564 248
435 518 117
680 591 599
319 148 280
203 655 469
113 224 502
104 446 454
613 536 514
347 420 863
13 323 111
568 429 727
676 58 896
245 587 266
559 120 170
310 609 965
620 171 445
155 382 286
199 123 380
571 70 330
70 359 326
145 337 234
9 152 930
646 361 125
37 76 96
650 286 845
426 378 232
145 357 269
575 435 417
317 66 302
351 403 866
479 439 167
297 464 787
319 155 152
686 404 119
84 123 536
223 182 42
236 450 355
135 195 600
255 413 844
169 533 286
216 700 163
536 112 187
541 289 868
135 362 450
39 584 888
251 243 72
424 170 361
225 343 911
428 44 260
579 431 160
198 281 678
592 151 46
95 439 367
90 607 452
664 663 917
493 395 835
397 92 288
176 102 86
250 349 612
566 34 979
83 657 464
168 365 117
153 684 73
620 581 64
557 546 632
674 38 790
395 414 218
557 28 901
33 85 723
64 342 361
543 476 229
647 377 259
67 674 891
204 258 758
591 403 811
594 515 388
174 510 872
323 265 129
508 429 931
11 644 794
350 184 601
686 505 27
641 301 581
123 88 572
279 66 980
111 28 116
615 494 43
658 565 758
293 180 353
191 275 627
371 534 498
439 379 493
61 527 79
421 40 60
27 48 265
316 53 90
528 460 212
685 37 876
341 638 826
464 541 273
528 259 663
52 480 880
69 80 798
362 379 181
363 538 949
314 84 992
380 505 494
95 607 361
525 451 615
331 687 110
430 226 357
528 602 507
65 695 679
103 513 204
417 263 454
429 460 664
607 263 513
386 125 641
129 532 39
662 468 775
684 618 101
529 15 462
444 449 215
252 99 497
606 52 935
538 698 738
44 113 245
500 16 29
122 365 697
311 403 720
143 541 304
328 80 465
409 105 79
279 543 624
271 114 24
126 336 816
670 108 375
411 581 956
661 184 914
411 216 565
529 430 532
683 508 724
118 309 514
212 302 944
214 468 760
598 690 402
315 110 660
576 524 841
195 559 315
599 60 305
651 318 188
429 481 181
270 108 195
264 32 572
332 5 298
217 243 428
500 408 18
212 434 321
34 389 610
391 156 542
284 640 321
611 376 784
611 402 140
480 90 651
677 201 862
682 201 869
82 666 391
593 608 623
238 339 615
122 356 909
49 32 722
455 485 30
208 294 655
304 691 289
44 440 919
368 194 161
38 185 561
350 365 296
143 409 208
404 557 705
609 264 959
446 86 605
657 263 984
261 481 920
688 210 601
135 537 117
625 599 764
544 216 586
217 662 875
178 141 459
342 95 474
127 660 690
437 108 684
339 347 45
337 286 923
140 612 176
461 44 438
262 191 934
529 94 969
473 72 437
561 240 585
442 339 60
338 683 629
81 578 12
625 687 371
629 197 521
81 561 534
172 512 236
387 209 280
506 46 340
446 267 226
172 428 635
246 592 582
464 576 7
653 137 360
631 147 666
489 368 318
276 151 449
538 313 729
469 648 190
291 264 75
168 467 317
596 305 338
661 229 376
483 684 639
198 372 960
697 453 651
131 105 490
485 614 293
67 453 374
31 20 172
212 618 759
24 6 188
553 509 97
373 313 858
302 59 470
387 34 126
258 360 670
541 518 480
120 312 770
329 352 458
584 79 545
658 507 678
605 380 71
422 637 425
17 359 715
632 611 130
210 579 176
565 655 101
290 587 611
641 149 825
406 564 877
147 222 694
188 554 248
175 501 104
243 91 150
294 452 296
656 196 860
59 7 19
206 67 864
282 340 148
418 41 119
431 122 806
289 122 954
344 570 968
202 48 123
483 22 986
380 622 979
543 520 928
380 456 595
543 280 547
409 251 101
69 378 779
533 505 951
300 451 773
601 351 880
343 649 364
430 611 167
391 481 315
211 214 684
503 662 79
569 79 497
694 432 228
673 339 482
573 570 515
337 169 737
552 299 168
315 332 765
396 2 771
577 613 197
404 448 500
351 507 209
637 424 70
671 141 246
139 598 896
608 99 624
583 283 120
516 341 561
78 151 717
636 605 188
287 63 614
46 497 483
98 475 857
223 460 742
249 536 398
74 541 78
72 10 725
341 18 850
416 56 626
147 279 799
363 464 722
339 589 729
357 629 342
184 277 817
690 97 984
501 600 110
371 541 780
239 232 651
138 685 773
56 439 588
144 492 338
179 230 701
160 468 695
675 186 269
689 185 664
598 425 26
586 624 970
555 334 414
568 331 256
519 60 924
195 273 83
388 315 399
555 543 733
675 83 215
346 396 507
294 462 698
233 113 967
282 246 613
532 499 951
635 691 366
198 138 508
668 85 497
209 490 168
480 596 212
69 254 831
38 242 638
251 100 391
178 451 724
565 571 571
621 342 547
651 310 797
391 468 282
634 283 955
73 671 929
204 224 810
510 185 895
165 9 435
585 230 344
431 268 821
36 172 177
193 550 644
620 53 994
393 482 197
145 335 130
173 451 737
475 47 369
315 53 738
296 539 90
669 126 667
121 310 614
296 423 460
590 244 901
176 679 388
404 509 193
315 295 692
660 27 70
509 443 169
361 668 441
456 636 153
19 210 254
513 687 556
573 538 464
587 297 743
83 663 433
196 0 42
192 562 17
203 599 628
664 91 623
662 300 618
13 685 669
259 668 403
119 681 342
676 276 477
265 54 867
193 84 128
293 321 66
600 466 636
31 377 878
516 407 656
198 496 497
445 262 172
85 22 326
492 62 69
64 251 891
395 512 850
431 346 661
679 131 366
393 637 426
367 272 637
291 403 976
469 378 788
143 444 302
161 453 403
466 147 286
207 313 230
622 300 459
162 334 249
144 175 92
34 60 563
603 365 75
245 57 794
459 141 545
374 192 163
58 173 58
427 253 627
193 102 683
105 82 393
584 87 613
341 363 105
517 259 621
568 192 724
1 570 271
645 176 896
89 43 210
190 454 188
615 651 200
298 475 810
50 653 849
62 464 127
590 41 731
466 243 186
680 29 19
29 481 20
344 53 92
83 181 924
297 610 338
549 579 947
467 3 267
51 344 372
74 457 37
471 523 686
351 657 558
615 649 859
514 144 414
527 129 839
8 127 122
84 375 11
692 186 923
127 583 141
383 179 848
266 461 399
114 283 867
360 196 181
28 350 408
114 423 374
451 382 329
173 313 583
138 622 511
453 604 46
401 652 216
267 371 533
174 459 898
629 573 838
150 309 495
228 665 678
406 292 213
413 692 208
88 551 192
484 407 75
155 240 712
367 304 655
482 214 588
606 485 444
282 187 144
334 143 641
37 102 153
249 142 878
6 537 694
626 57 305
677 318 797
661 137 285
450 658 246
314 342 537
193 244 38
254 26 594
357 635 927
57 314 393
592 281 217
211 617 164
80 337 50
90 538 0
441 459 868
375 171 435
174 474 77
309 470 395
648 16 260
14 561 984
419 391 838
98 455 910
207 408 514
315 383 94
492 111 469
473 41 503
142 645 785
346 348 231
576 315 931
630 467 872
238 632 931
13 166 507
225 177 373
487 417 159
148 294 271
318 192 144
376 127 580
203 349 568
63 372 631
459 6 168
118 688 73
659 449 963
505 610 321
603 349 101
330 44 389
19 132 729
583 613 676
393 274 848
123 167 554
628 329 783
381 570 171
596 475 116
518 250 623
317 353 388
447 694 738
500 495 679
255 156 608
79 132 237
600 278 572
686 23 323
659 594 514
346 460 782
558 563 911
55 448 18
58 192 37
495 24 679
240 6 716
562 331 819
258 600 344
331 377 433
24 542 345
175 153 131
690 198 298
614 419 155
216 251 980
328 445 421
325 291 4
448 410 816
395 660 322
591 472 186
201 652 636
303 367 551
198 218 738
686 480 618
207 131 933
138 234 947
265 547 820
175 632 155
139 198 28
8 448 882
504 276 378
126 412 609
611 247 780
81 436 163
598 581 986
227 628 654
84 122 245
180 651 361
57 478 377
244 572 608
691 100 635
368 222 961
127 178 58
698 497 286
538 689 672
363 331 559
292 176 442
164 241 951
267 214 329
24 319 45
325 660 771
249 209 713
256 101 961
601 352 840
695 642 312
8 260 725
373 540 930
651 36 439
135 631 700
420 92 921
670 282 938
398 115 633
127 462 558
301 330 83
611 146 149
491 274 547
282 531 342
351 146 273
482 30 175
461 459 822
639 629 816
673 614 487
344 191 664
116 32 936
262 574 852
23 290 555
154 265 77
378 259 135
599 252 123
578 604 524
327 582 201
244 398 917
356 132 851
434 580 639
132 25 971
491 199 543
343 328 181
303 196 127
408 281 653
674 151 729
85 40 385
407 598 524
471 244 829
690 547 929
4 667 83
271 435 855
44 161 957
538 654 304
607 404 475
218 7 324
183 548 194
100 48 67
683 390 739
201 225 902
522 422 746
30 627 771
195 585 206
94 329 574
227 271 412
329 519 694
376 614 305
243 546 496
383 354 279
186 117 370
597 563 171
613 633 801
260 223 700
584 39 494
177 675 44
425 567 259
63 104 69
197 671 830
43 233 214
528 402 282
52 122 529
472 303 474
534 266 652
522 395 445
47 484 890
564 357 859
115 481 514
293 238 939
549 543 480
692 287 689
634 411 47
23 649 627
176 62 114
62 690 826
443 85 450
181 641 869
85 229 284
189 73 820
443 240 798
209 387 36
564 593 370
428 367 254
372 430 582
282 468 578
593 297 171
167 573 742
441 457 923
649 215 913
556 169 502
184 116 563
78 265 57
654 531 393
601 72 366
157 263 628
159 167 942
365 619 157
360 693 522
207 400 3
213 388 188
38 63 729
382 541 601
253 588 64
455 528 955
159 497 795
160 186 720
299 437 723
260 514 932
425 412 759
506 526 186
211 350 408
330 93 809
151 584 323
56 249 993
515 587 796
137 506 674
143 356 427
362 58 660
409 79 461
45 454 390
105 544 109
496 231 749
524 584 572
549 356 436
578 129 308
679 267 272
422 596 310
34 100 950
1 24 716
410 427 616
153 464 492
94 254 978
93 561 501
306 423 940
213 494 907
563 353 519
679 508 483
610 444 572
6 660 797
436 495 344
314 685 986
611 397 619
139 509 128
142 475 234
476 157 493
380 334 96
588 569 108
199 55 92
602 472 786
47 69 3
63 185 210
655 451 600
576 640 438
73 592 30
690 641 15
440 506 718
659 692 308
678 402 131
283 666 95
327 596 465
507 683 544
249 437 274
251 695 866
409 23 553
184 147 21
387 433 877
517 452 640
370 327 353
74 633 951
552 435 794
217 500 997
221 255 191
197 516 335
64 525 62
600 474 489
697 388 589
632 93 543
70 207 420
429 73 914
76 671 712
673 113 396
219 633 196
667 170 80
174 491 334
165 667 11
129 263 445
521 579 436
413 677 806
184 233 175
409 282 82
409 5 642
593 443 601
264 506 4
352 430 558
203 136 624
628 340 249
386 79 900
445 543 710
373 691 923
449 310 571
7 596 655
216 392 395
124 333 148
210 280 548
63 558 501
685 359 321
385 89 713
55 339 18
641 582 931
225 235 506
316 32 910
369 254 854
277 453 207
212 19 212
619 480 611
105 624 223
341 426 267
225 189 763
585 287 218
623 364 239
170 83 131
415 648 538
529 431 865
405 269 689
223 32 59
613 517 734
124 302 198
498 459 175
675 380 366
507 515 319
172 564 131
102 215 812
73 514 606
320 494 15
434 607 945
467 550 925
275 27 573
44 151 740
29 460 640
162 18 653
212 647 499
190 688 861
131 66 672
627 101 538
80 187 177
668 408 669
447 563 146
94 626 615
621 0 782
26 528 202
286 580 958
487 309 698
620 651 574
667 159 529
314 62 218
105 41 432
473 234 943
215 571 868
541 477 417
530 261 974
132 160 264
567 549 291
292 624 52
74 60 755
168 433 886
580 583 876
47 91 939
693 545 439
364 97 403
75 525 544
651 279 270
518 131 594
446 271 389
672 492 545
142 286 982
14 514 520
553 187 994
203 320 563
167 617 81
374 38 42
175 257 810
103 93 881
176 386 633
600 629 299
100 468 471
578 309 241
268 428 327
689 159 178
344 628 735
531 264 823
602 145 106
280 271 52
251 669 131
228 489 533
146 490 718
132 253 982
438 657 663
146 609 775
194 497 24
507 296 913
137 200 248
285 588 341
322 230 10
611 164 339
437 539 327
57 276 732
601 458 394
400 101 116
381 640 134
514 574 496
178 286 401
212 659 970
8 384 825
328 82 331
303 302 383
658 256 183
322 313 723
382 515 932
664 75 836
464 560 790
684 558 11
695 156 121
445 513 595
652 440 14
657 345 559
63 335 404
677 379 987
120 146 583
446 33 862
23 210 881
588 328 562
137 255 365
598 474 584
501 265 28
264 266 588
431 60 892
239 431 42
59 271 971
2 589 590
603 172 279
547 214 496
170 488 942
374 57 770
583 372 812
516 349 18
27 134 436
492 242 143
62 167 817
146 433 354
502 688 572
535 95 192
476 263 48
88 622 63
615 201 740
247 160 195
123 337 446
365 293 320
516 52 435
135 573 72
83 328 570
561 171 295
342 259 200
397 656 640
188 419 405
370 202 644
385 52 868
592 626 874
331 587 404
389 548 204
224 343 476
171 631 697
69 334 121
175 617 968
336 514 27
73 105 315
228 382 869
634 385 54
692 506 127
354 619 839
404 549 603
96 664 782
73 637 367
274 488 837
159 69 484
444 471 760
112 197 786
552 304 48
487 301 11
603 323 201
633 357 187
687 436 908
600 206 686
684 409 862
147 147 311
588 191 939
423 629 133
496 28 574
547 98 879
136 262 907
247 444 470
417 282 44
566 236 703
200 479 529
504 141 340
606 330 787
644 35 660
72 538 205
97 365 824
541 350 715
586 176 314
280 653 995
38 495 641
216 216 405
82 151 238
449 77 875
133 440 113
510 443 43
220 589 398
131 246 607
220 432 157
545 495 925
438 512 386
347 366 405
449 507 319
651 237 210
272 568 912
671 342 4
164 326 508
51 179 891
458 276 285
647 536 949
542 450 696
382 693 447
124 149 19
496 558 774
39 78 921
36 610 200
128 597 795
492 424 579
680 393 6
343 103 708
393 171 975
12 530 422
306 546 560
197 617 472
96 79 878
185 432 75
581 16 987
2 437 135
681 60 198
201 425 784
52 0 756
174 326 347
319 562 117
6 690 589
272 638 796
34 304 615
572 635 162
556 526 715
318 3 964
288 510 795
24 14 301
256 136 892
590 394 173
690 352 670
220 631 916
128 302 714
497 324 602
655 688 268
624 520 563
657 591 703
441 458 704
559 95 357
607 379 947
385 92 635
243 340 990
103 586 587
314 253 457
516 690 297
594 597 235
644 55 219
181 369 908
150 524 941
32 68 61
467 197 762
181 468 275
398 699 960
586 180 652
499 568 128
330 452 916
621 568 692
434 181 211
628 692 820
596 656 19
269 506 137
567 565 852
620 18 549
548 505 287
679 454 644
584 418 559
511 29 159
283 60 641
510 125 920
643 476 716
396 422 212
382 155 156
561 85 20
673 158 152
176 379 163
234 35 590
50 222 420
68 470 795
588 287 293
279 699 829
655 10 424
100 420 679
496 246 453
297 568 231
95 109 617
188 511 393
396 518 448
167 466 99
570 330 286
558 57 170
41 262 16
696 502 99
266 307 46
12 28 176
131 695 75
98 70 941
186 401 702
166 244 452
27 88 359
227 213 126
575 209 126
591 508 990
176 550 818
59 611 99
428 383 525
368 396 449
692 399 284
479 603 151
595 135 359
486 578 412
429 519 443
489 572 258
140 414 824
98 225 313
86 100 217
233 474 737
618 174 939
517 696 199
674 463 745
604 323 709
633 105 281
435 215 647
575 415 664
365 245 417
505 609 685
202 231 895
230 553 714
367 199 246
584 476 606
20 660 156
99 2 306
652 605 857
228 379 192
239 588 676
608 47 761
13 379 113
198 592 133
49 439 301
112 284 151
505 11 335
170 312 449
147 669 214
330 530 435
362 431 596
289 556 911
61 388 104
97 504 481
578 455 328
666 491 266
468 305 103
461 223 326
603 192 985
227 436 297
36 207 742
384 68 535
55 140 422
403 23 717
665 304 388
2 603 77
33 428 67
303 180 335
405 442 313
7 113 749
79 461 278
638 422 742
266 503 428
163 664 804
289 184 94
472 396 803
78 512 443
188 193 586
70 220 535
650 517 279
28 294 303
677 239 877
435 626 85
450 385 904
585 298 42
249 326 961
114 415 620
287 599 929
526 592 515
251 506 16
415 26 120
518 33 87
552 153 920
667 581 949
582 674 239
374 497 752
360 0 325
433 378 845
95 525 128
488 120 940
393 102 161
501 374 120
410 699 149
237 241 577
502 48 890
61 527 532
667 140 769
434 603 96
451 274 771
428 137 131
594 282 122
230 444 626
265 135 979
473 255 999
196 191 225
423 561 992
454 209 349
399 148 885
1 238 378
665 108 580
74 607 764
584 179 386
109 540 278
62 299 830
343 386 516
71 436 42
551 670 810
277 215 480
155 591 771
199 399 793
140 355 612
13 656 834
496 36 492
156 195 872
620 632 188
501 358 197
46 474 188
495 612 684
184 144 175
692 496 114
350 547 616
498 468 311
112 696 697
550 279 42
71 680 949
642 269 443
628 556 407
263 119 774
125 643 802
111 309 189
555 313 970
322 571 448
355 171 782
616 19 926
156 662 662
540 287 124
425 604 954
132 287 142
531 156 21
420 510 580
525 602 647
211 656 395
394 32 70
613 421 518
504 131 569
429 79 675
146 403 318
394 74 678
513 148 377
286 126 175
246 358 287
318 70 131
269 221 643
243 472 817
254 440 532
25 294 123
389 617 804
209 108 491
482 264 706
482 573 488
438 97 371
215 242 593
681 424 320
304 618 111
375 482 672
391 252 483
697 544 883
620 349 456
353 256 502
48 681 919
594 572 260
410 74 31
381 306 49
287 493 435
231 88 764
370 353 186
227 421 335
690 485 695
414 226 526
462 258 474
477 455 32
218 32 427
683 459 836
301 109 107
612 189 259
372 155 634
684 534 13
568 340 833
639 283 178
341 12 149
309 339 486
419 668 837
388 560 956
233 93 136
199 341 77
390 559 111
6 357 228
2 529 610
591 538 40
308 224 357
288 389 41
476 12 623
244 426 632
312 640 744
271 49 327
612 429 424
183 399 451
207 561 200
228 650 994
487 160 190
5 204 828
665 181 353
333 342 732
290 243 687
384 282 144
504 489 567
44 454 360
660 547 741
278 613 898
697 310 926
246 663 275
253 323 795
614 113 123
92 262 458
326 514 642
235 444 640
125 629 637
210 246 995
626 586 32
100 152 348
152 378 824
420 129 162
45 151 442
630 113 561
492 217 507
679 530 660
507 329 441
314 372 664
620 414 365
506 468 642
129 646 160
526 449 520
664 340 626
616 74 928
288 512 785
66 685 235
502 625 377
116 490 997
355 658 895
362 51 287
89 546 858
110 469 895
589 509 833
610 28 378
427 264 313
71 669 945
92 343 50
609 680 781
517 598 466
179 475 755
420 512 249
16 522 508
619 9 205
384 535 105
383 200 514
129 383 619
519 161 597
168 471 5
456 208 74
145 380 100
454 588 95
542 345 257
110 419 539
545 26 605
470 155 331
60 610 603
363 193 460
258 507 28
18 629 576
371 510 803
369 654 612
512 398 883
217 209 60
316 682 985
146 169 492
247 154 469
198 172 100
321 361 736
53 47 852
466 84 868
597 91 199
345 556 317
666 22 301
194 457 452
645 426 316
264 125 266
164 402 251
605 638 506
574 101 882
298 566 802
546 57 824
84 182 60
99 364 847
71 181 676
413 5 331
2 324 506
282 697 687
68 157 500
495 417 739
257 531 855
6 86 45
499 576 257
325 678 793
518 619 114
185 103 619
44 431 192
567 639 400
559 369 919
581 8 6
295 360 654
31 336 953
190 344 406
310 634 585
469 557 205
363 313 610
662 247 287
291 139 726
681 664 73
685 244 614
169 605 448
8 554 852
317 189 655
248 166 315
375 223 436
651 528 692
467 412 982
566 321 93
479 307 410
325 91 380
660 37 983
247 42 842
44 62 755
297 574 326
435 558 367
118 76 924
277 282 754
257 2 788
168 394 424
300 639 217
305 615 235
254 127 143
222 307 552
67 254 42
329 624 200
412 183 187
606 68 291
55 550 254
274 540 242
313 538 634
119 327 773
522 476 676
678 389 476
62 25 459
34 340 853
237 234 360
149 642 679
77 90 712
188 1 507
238 26 609
105 21 124
341 664 331
324 212 548
139 132 149
175 568 285
39 437 151
98 462 626
435 248 294
244 263 272
638 211 469
631 587 251
517 226 891
123 540 303
130 378 733
250 16 80
152 250 478
46 264 81
101 327 242
441 423 596
364 682 429
431 232 122
71 452 915
66 499 402
517 219 293
368 0 219
142 382 758
83 313 526
457 314 920
2 588 538
307 567 656
550 646 789
468 315 279
315 112 379
388 329 658
511 308 447
463 485 148
551 290 812
374 683 708
681 18 496
50 357 159
403 100 688
475 308 187
534 431 367
593 594 195
192 520 732
179 598 967
159 315 699
91 195 909
402 172 337
54 108 474
567 386 224
171 321 0
199 548 546
521 59 602
417 46 659
103 204 720
390 373 945
53 320 40
55 212 107
500 588 915
157 138 832
659 556 146
84 3 50
376 519 304
428 658 32
614 697 303
365 671 842
577 148 880
468 353 539
95 150 455
615 389 418
162 102 702
97 270 923
356 278 910
41 692 728
571 213 331
686 248 186
24 411 490
229 267 973
671 207 464
497 130 244
689 551 910
287 106 511
39 589 581
622 402 692
103 284 985
2 601 720
57 89 977
216 692 148
692 684 462
299 385 263
610 158 677
73 352 507
32 275 920
480 230 246
295 458 671
589 215 716
98 76 854
499 530 232
239 382 161
165 274 70
324 321 694
192 418 468
408 326 538
220 314 932
627 107 524
450 211 619
269 524 31
86 409 884
516 387 3
138 638 265
291 392 883
206 273 732
165 523 844
680 489 693
686 561 485
644 672 668
139 412 257
50 284 194
646 98 978
389 569 713
52 564 855
694 514 163
231 181 646
34 532 990
24 153 904
128 698 370
284 297 317
339 30 177
162 33 101
352 401 899
554 468 635
126 359 971
148 94 715
274 664 173
652 183 290
252 485 509
346 585 298
611 582 360
626 239 481
434 388 130
214 305 944
428 627 866
565 376 220
345 415 65
381 131 724
672 571 409
566 470 603
249 72 598
22 393 277
175 91 460
305 178 699
262 140 37
554 253 280
560 98 375
281 600 302
64 493 977
575 105 702
518 174 987
164 581 485
646 344 552
267 78 429
477 332 749
42 283 948
608 11 518
426 148 93
79 198 494
195 451 271
240 50 636
507 301 421
3 62 507
343 147 418
328 298 985
544 475 180
319 367 12
64 170 191
160 49 998
503 352 110
349 259 425
620 278 478
600 415 840
355 367 35
167 414 133
154 474 978
25 534 524
170 459 923
585 554 879
20 152 656
66 4 106
302 12 620
40 386 214
9 161 319
231 259 64
281 634 867
559 197 648
385 17 584
47 39 126
147 445 555
186 126 852
223 389 688
469 324 112
357 604 94
592 155 369
24 405 851
406 248 831
348 492 461
381 557 771
441 383 488
356 66 802
535 192 552
579 251 281
530 635 715
270 249 812
200 534 23
408 7 517
64 50 426
637 401 778
156 623 271
144 145 387
293 566 947
416 35 876
668 352 320
130 259 322
478 133 652
516 384 532
378 622 319
437 22 630
149 527 770
259 44 717
381 66 427
508 219 957
387 199 341
320 406 651
667 674 655
670 222 711
68 170 374
660 585 552
314 158 402
453 425 14
543 548 64
123 284 125
368 682 482
600 603 631
388 539 132
205 404 601
273 202 129
695 518 715
454 9 613
309 691 684
373 263 595
629 111 651
465 469 297
612 334 354
425 542 996
168 574 933
633 469 412
245 310 873
156 415 652
618 566 745
570 445 67
15 88 33
125 256 105
153 550 992
579 13 624
450 304 57
330 404 783
543 179 353
115 428 909
131 352 789
504 229 648
428 549 656
314 239 891
293 290 872
208 85 96
152 521 800
202 557 512
176 395 998
488 357 992
266 471 849
376 636 616
201 617 208
504 118 472
302 318 855
499 526 744
255 471 732
438 426 341
426 107 498
606 170 129
58 478 429
414 489 205
285 686 311
541 159 849
664 557 287
234 657 475
199 314 20
528 627 566
151 332 627
458 86 777
241 557 182
16 209 764
605 502 709
619 179 669
216 57 538
159 383 323
550 86 632
363 121 535
287 149 99
302 19 108
472 335 703
594 693 984
85 689 902
168 330 9
259 567 70
515 19 363
36 118 253
32 552 391
354 560 986
510 439 56
468 564 618
176 304 281
684 373 44
642 371 420
87 326 126
266 190 30
572 454 57
300 54 553
317 394 398
673 664 154
177 51 917
179 572 91
464 482 369
596 173 905
55 151 106
328 67 265
599 642 561
231 133 936
560 31 877
468 531 70
227 550 399
68 9 968
298 684 51
143 476 418
609 192 494
346 268 196
150 351 619
213 531 132
464 31 340
685 618 130
322 310 411
476 431 993
436 285 795
523 378 635
355 469 199
585 256 75
358 524 529
607 485 465
564 397 377
288 447 866
89 555 842
575 55 408
615 149 391
543 652 212
108 129 809
260 471 726
313 206 410
584 274 583
531 606 959
267 126 159
30 339 195
325 95 399
436 495 758
603 256 276
392 32 287
535 496 803
198 84 508
146 185 226
600 630 622
553 537 960
32 106 698
488 344 59
52 484 917
260 697 35
242 622 64
359 656 630
165 658 267
242 48 415
638 326 577
379 405 822
242 475 182
80 571 312
233 364 836
34 339 234
300 272 28
38 94 391
225 48 831
696 255 334
222 344 155
533 203 926
345 278 89
40 60 147
140 688 851
501 295 76
260 468 386
270 172 63
383 681 330
504 284 757
240 570 130
678 370 967
309 113 232
398 360 827
256 556 417
527 160 462
591 407 300
371 106 150
439 683 908
535 513 119
509 334 319
516 190 700
506 112 739
398 407 440
325 359 408
687 649 913
586 344 678
41 534 637
672 695 140
206 216 588
464 577 994
59 356 296
38 448 436
144 4 721
513 129 822
27 86 45
623 551 965
480 86 475
58 346 875
318 36 723
232 300 788
439 524 323
446 254 296
495 569 499
27 272 642
112 402 430
513 43 842
228 652 37
576 270 692
468 251 266
213 302 249
590 628 230
133 541 470
271 199 587
611 43 701
424 206 757
374 336 792
507 186 762
475 381 757
658 83 726
218 629 157
578 329 433
574 436 828
621 489 970
233 339 459
686 111 297
76 109 775
640 419 109
503 289 250
58 533 708
458 161 624
389 372 901
43 201 572
226 122 66
8 507 819
419 363 471
619 126 33
428 627 718
82 457 253
128 81 756
452 351 875
170 100 727
575 527 346
22 494 998
391 273 310
173 521 771
325 68 823
388 670 48
203 191 77
672 52 209
594 207 328
649 397 518
592 433 516
2 205 964
429 436 966
564 525 988
451 483 401
339 181 344
229 488 158
12 48 750
262 229 455
211 334 783
5 291 940
617 684 959
685 124 602
137 537 466
356 373 184
102 44 343
414 357 901
529 90 448
306 2 530
48 31 612
133 588 939
418 101 700
142 88 983
298 427 677
233 137 824
600 217 815
270 460 91
298 204 981
10 339 852
222 668 31
675 574 537
586 75 138
58 616 177
348 627 678
101 548 419
402 235 301
364 641 283
326 108 287
90 356 808
339 190 670
47 552 397
146 231 840
673 260 16
368 376 726
594 479 661
470 292 72
700 252 942
509 14 474
400 378 630
668 92 862
653 194 586
21 29 352
322 430 32
112 681 136
169 13 616
101 238 954
164 154 829
373 668 390
186 484 427
231 387 898
414 128 54
78 279 491
463 428 993
200 525 391
64 367 454
162 692 203
43 457 853
426 465 652
658 590 646
529 459 940
244 213 192
415 122 39
279 385 847
412 322 980
387 588 267
242 381 72
266 366 755
366 321 977
558 539 684
616 103 152
80 522 598
446 642 4
75 375 640
591 131 31
158 325 573
180 254 585
334 187 360
414 547 872
168 417 805
11 610 732
591 145 582
57 127 23
467 425 36
321 120 531
87 190 762
20 582 242
637 261 184
54 565 835
588 655 769
276 447 705
388 258 836
337 444 949
375 220 343
87 331 538
153 448 54
298 172 152
625 44 418
182 401 55
264 34 663
463 253 643
412 546 486
31 384 316
669 421 326
566 82 86
367 104 889
511 443 750
239 527 295
322 328 421
91 43 312
638 41 70
204 505 601
102 42 778
471 3 64
245 326 307
95 416 353
234 269 489
541 45 12
79 94 505
511 581 947
546 96 358
631 2 882
237 117 296
344 245 932
521 573 144
385 576 277
406 393 360
333 466 662
208 180 905
186 505 890
36 339 42
45 297 799
679 576 643
264 648 791
329 240 799
183 293 245
253 59 764
301 218 72
51 585 113
429 243 360
145 379 85
376 461 379
457 669 691
607 282 101
176 574 165
67 537 571
118 669 587
409 253 0
434 643 877
628 267 850
164 237 333
521 455 247
214 374 191
460 641 148
134 280 128
685 284 767
698 436 730
65 111 678
403 97 201
237 247 195
214 555 919
611 588 290
6 681 503
317 296 845
176 64 424
537 356 330
400 19 564
555 230 140
563 374 521
393 408 740
121 54 259
485 103 407
699 531 234
31 646 894
0 664 241
659 126 809
264 186 793
471 64 725
577 412 545
111 112 780
581 669 957
249 607 856
688 447 674
284 299 37
314 510 534
292 502 438
514 54 911
217 443 13
610 228 906
132 490 983
201 331 278
396 252 233
472 71 116
85 98 566
321 393 506
692 658 77
203 91 977
210 597 641
614 534 258
299 400 350
185 474 602
269 350 628
509 377 311
482 208 669
230 217 822
180 125 831
341 204 892
528 696 532
248 212 803
215 192 121
404 114 262
20 69 911
196 83 3
20 698 270
499 638 171
238 459 685
553 203 949
307 333 298
15 595 978
126 402 168
75 668 195
377 442 211
409 88 755
302 174 105
553 284 689
204 236 657
133 52 157
358 512 737
390 326 466
662 32 842
339 624 386
498 652 807
45 418 957
206 51 988
366 554 351
479 439 564
583 240 973
117 10 446
219 302 996
218 271 860
446 367 429
437 133 115
291 652 909
233 36 449
488 109 844
273 415 929
217 594 561
370 531 434
479 71 531
82 62 402
421 353 357
488 381 19
35 36 486
15 231 829
144 688 360
375 569 514
23 627 567
175 632 351
239 338 336
509 292 95
483 648 748
114 139 849
175 347 74
671 29 166
692 34 80
556 129 56
23 367 854
362 519 631
686 155 462
176 296 934
458 293 710
602 295 934
666 242 599
345 5 391
155 13 830
194 575 557
527 157 357
536 148 928
66 77 739
76 617 620
134 330 996
203 111 843
593 447 312
444 626 398
13 303 314
120 474 686
559 134 868
272 55 200
648 315 513
534 475 420
222 220 676
220 625 793
294 303 170
34 191 288
167 66 245
545 224 582
581 550 773
540 681 575
182 328 998
548 364 53
92 290 16
677 179 882
389 188 186
400 152 683
138 461 999
45 614 773
429 639 752
13 574 633
257 483 682
297 45 714
547 253 372
467 571 475
587 376 122
391 665 233
2 141 3
6 647 383
574 81 16
212 97 433
483 660 132
467 226 274
122 21 21
531 572 250
419 508 370
120 212 138
585 672 919
129 296 916
74 206 65
453 190 809
110 648 847
500 539 935
134 241 723
488 573 619
312 443 129
278 151 394
353 238 422
58 54 123
339 575 729
304 404 176
347 149 215
11 291 824
648 196 485
620 462 998
675 362 873
536 94 19
308 134 855
192 277 876
524 197 6
186 452 274
445 564 842
199 673 401
673 582 661
652 666 479
574 545 758
90 425 513
176 444 836
132 524 541
515 667 982
226 110 875
7 605 874
97 314 157
157 34 802
493 307 757
530 32 323
530 254 71
295 241 900
270 483 455
148 68 609
463 321 495
263 45 868
110 527 536
492 41 523
683 243 189
501 454 781
117 533 619
398 237 969
517 257 184
19 622 389
563 114 310
230 353 600
220 556 630
201 462 510
468 700 786
440 192 459
46 70 954
85 269 268
507 194 201
161 444 176
449 625 636
642 245 868
13 661 568
190 133 600
160 318 705
519 91 892
694 640 375
455 155 809
675 574 908
193 310 337
89 603 576
392 622 820
386 196 94
681 376 364
86 532 677
632 653 588
135 267 39
130 193 336
445 459 402
644 66 243
564 348 202
312 591 545
82 450 881
197 377 467
572 699 815
405 411 21
540 50 197
139 193 3
596 291 363
489 324 822
468 86 337
654 244 374
222 121 70
252 262 171
553 475 791
289 211 634
686 356 599
351 463 739
302 621 1
412 428 695
615 693 249
567 480 819
150 474 629
599 658 894
577 429 848
651 666 33
621 346 175
386 16 256
135 640 10
497 136 383
45 5 37
157 186 894
0 257 403
453 126 893
18 594 690
122 298 12
574 368 200
237 320 324
444 131 421
23 213 98
344 558 855
470 12 817
109 5 24
429 344 543
154 189 267
391 243 725
640 95 111
87 291 988
592 516 884
444 663 148
107 17 870
232 392 410
74 260 781
411 236 474
378 502 562
43 297 988
69 544 659
132 24 491
440 320 767
117 638 635
141 76 583
654 646 788
600 236 402
492 187 690
678 588 725
394 450 642
32 372 652
158 514 743
90 638 10
8 625 853
41 551 565
155 651 210
158 496 251
272 229 149
313 110 323
431 684 950
25 397 134
16 269 24
553 513 142
0 691 467
538 305 799
602 473 530
673 422 473
158 309 177
622 448 325
497 674 574
296 217 238
461 65 94
614 4 952
668 41 236
155 99 876
368 312 939
148 215 172
314 116 624
212 412 699
176 9 544
688 522 588
677 16 951
454 47 897
420 84 419
41 100 201
128 458 398
404 71 339
577 606 626
427 56 650
325 659 473
424 635 485
360 86 343
580 688 881
270 131 439
52 569 419
191 547 586
593 167 929
536 519 842
518 531 986
299 629 288
386 270 177
334 493 262
264 631 820
402 113 805
38 563 744
324 125 396
397 134 596
87 546 750
33 327 954
629 75 576
527 360 711
670 56 77
78 135 559
675 529 746
244 192 88
481 332 542
557 536 898
644 300 665
88 479 158
632 533 77
428 480 22
515 539 585
220 656 780
282 621 547
103 290 63
527 66 302
433 354 288
653 657 519
172 564 69
401 299 987
394 396 352
360 675 481
479 21 465
502 659 983
692 393 618
682 632 20
43 351 139
480 389 386
242 93 102
62 139 582
266 564 53
670 648 28
109 626 665
565 325 285
365 35 711
123 282 898
391 210 855
492 491 109
449 537 360
458 77 669
402 558 786
638 197 834
180 406 69
637 649 840
653 436 4
52 277 650
414 131 380
352 683 566
221 634 64
186 673 529
318 435 452
215 417 425
653 318 346
469 83 466
327 425 734
445 11 654
543 491 485
60 163 621
576 66 357
449 115 281
175 596 771
220 679 92
231 640 241
476 588 690
558 341 167
576 533 741
618 690 939
390 318 944
520 93 926
321 309 606
625 356 260
565 317 610
516 190 110
530 210 232
218 400 861
249 424 533
323 503 900
420 264 295
223 318 694
515 348 133
12 162 998
534 470 418
84 533 719
675 131 832
476 530 526
694 683 504
416 273 646
215 97 92
108 606 901
418 22 92
497 289 932
286 378 208
673 502 521
604 515 931
232 211 392
193 57 317
106 623 897
340 28 301
259 289 124
260 386 854
524 101 855
330 341 169
625 573 369
478 549 719
270 460 545
227 606 272
275 283 493
152 54 505
699 388 260
346 659 558
623 221 488
411 179 190
574 96 651
160 598 783
90 114 713
681 338 312
175 74 389
541 573 428
670 525 284
164 41 910
439 74 264
527 503 41
422 181 661
168 566 436
471 94 716
196 419 946
225 164 187
144 17 311
484 564 554
396 634 128
591 426 662
418 529 382
376 552 265
323 308 417
601 111 163
327 464 550
660 91 482
90 395 761
257 215 132
530 151 804
479 94 376
408 192 476
330 515 377
361 76 799
363 465 497
481 546 243
676 652 413
8 5 896
638 318 723
613 184 761
47 372 171
640 150 216
661 10 982
45 109 753
433 537 842
522 589 338
598 247 390
411 77 68
643 112 824
613 369 504
658 94 607
429 294 489
461 364 246
400 577 868
171 425 289
385 81 720
148 613 494
468 500 824
115 472 697
330 310 877
336 211 820
637 222 635
698 342 431
471 211 822
144 448 953
344 584 742
632 85 608
176 418 82
112 617 264
627 605 305
677 153 298
459 681 854
593 579 489
125 402 574
345 108 182
250 691 89
242 308 149
166 69 929
249 368 985
691 653 636
619 355 370
458 414 204
43 7 401
16 483 233
99 535 44
69 81 812
204 683 505
627 226 999
201 416 976
569 486 910
680 244 96
672 688 837
36 252 799
514 697 718
307 530 599
37 560 38
118 451 96
425 678 213
662 296 471
96 120 880
645 25 651
12 687 685
220 161 922
1 668 393
509 435 498
509 652 101
596 211 306
370 641 485
143 700 183
29 38 818
133 367 246
159 185 715
420 497 327
182 262 609
230 91 13
409 192 533
135 554 264
95 11 791
641 96 638
312 59 254
519 613 681
469 174 721
225 471 246
256 331 595
513 309 4
48 133 623
505 658 181
250 354 855
616 319 476
212 342 218
558 137 173
241 643 14
500 98 2
352 375 67
154 323 385
101 344 192
645 637 740
290 250 350
363 207 61
464 75 476
385 581 674
376 625 446
588 583 899
386 665 138
272 62 28
619 440 441
687 100 674
557 79 439
83 266 321
700 264 972
287 695 461
404 64 701
612 473 225
435 353 16
634 659 340
230 32 302
71 668 844
351 219 838
142 330 388
512 193 747
201 528 410
353 144 660
514 273 384
415 516 147
558 13 239
87 580 782
449 216 446
226 674 635
411 301 182
247 73 801
394 610 682
227 117 19
0 210 445
281 131 551
172 368 748
496 540 343
513 165 846
325 663 765
118 305 822
207 451 460
224 268 65
87 249 21
675 48 116
335 572 345
293 76 323
4 596 439
244 635 472
684 494 989
449 358 804
437 488 312
301 244 862
85 630 712
470 150 555
646 38 145
543 545 863
75 210 353
423 242 134
559 418 793
700 272 643
81 8 303
631 595 788
445 209 295
124 1 544
502 599 274
539 645 697
694 179 148
607 529 363
187 310 823
79 216 587
530 44 510
290 653 987
691 387 48
203 299 352
657 628 800
229 458 928
700 57 314
508 645 371
85 393 656
419 561 20
409 475 565
403 629 527
302 181 514
451 218 952
73 681 172
329 647 427
549 149 829
516 73 372
165 71 497
25 53 376
82 684 714
51 417 467
361 449 885
163 56 561
37 614 448
21 491 756
289 471 615
324 692 26
259 647 849
123 178 888
349 376 834
682 32 823
591 210 856
366 126 835
465 73 797
693 582 278
565 55 251
644 365 573
339 16 643
308 617 29
261 613 307
449 548 534
513 31 682
18 126 916
333 230 947
393 286 8
431 471 640
681 182 123
441 613 434
675 354 472
502 175 359
423 103 501
537 629 532
486 197 372
345 193 3
553 556 906
571 179 720
454 105 680
552 159 187
286 390 420
651 686 332
572 455 159
428 624 106
252 370 733
181 176 683
451 468 218
13 15 597
190 78 410
181 172 870
145 37 815
359 125 540
326 137 808
247 210 129
565 389 150
289 60 64
3 121 187
660 491 312
524 524 443
5 289 512
371 503 768
94 40 634
333 62 717
230 363 757
390 108 712
418 660 646
14 150 299
324 386 166
382 661 425
363 142 342
456 285 291
623 614 970
342 475 712
588 54 293
559 588 871
325 592 475
418 359 257
499 79 882
191 170 432
513 591 43
667 636 957
689 488 619
659 200 852
215 160 529
309 235 225
23 299 32
457 306 559
129 158 839
548 602 582
412 62 811
393 16 259
657 512 478
98 429 668
501 401 999
457 437 489
644 72 63
662 589 437
577 367 564
688 631 715
63 699 911
117 402 631
545 147 332
597 417 201
581 15 861
470 258 412
440 678 721
618 343 263
632 548 766
106 692 87
410 448 114
40 101 24
481 456 222
136 107 807
196 15 630
279 285 624
24 143 573
74 166 272
418 448 333
30 394 839
530 675 914
141 110 114
612 437 659
18 181 939
139 510 863
148 42 566
452 428 280
187 411 948
605 347 86
592 234 458
259 286 817
557 519 626
450 222 818
604 318 533
483 295 618
311 286 847
279 402 329
133 226 734
271 579 138
260 665 324
154 507 327
496 297 324
51 112 534
552 582 69
32 423 674
392 28 980
501 451 70
43 50 155
46 159 93
234 540 851
44 413 883
393 73 591
633 26 945
299 286 613
524 400 468
674 320 433
9 402 564
297 51 698
469 698 453
512 20 192
649 97 317
685 39 995
72 118 912
457 406 282
235 227 498
600 200 652
237 162 280
135 80 914
31 145 991
349 564 511
276 156 778
581 169 984
511 96 614
507 364 800
270 638 356
443 448 381
529 455 578
535 618 325
636 532 616
340 578 543
169 288 70
162 448 695
632 265 783
154 387 305
598 642 107
208 262 819
257 596 949
4 124 773
448 78 874
340 129 253
438 488 598
541 191 489
288 219 346
635 654 558
156 404 737
700 108 920
599 202 115
447 545 428
270 14 998
412 345 919
673 556 297
342 159 391
487 94 652
234 88 836
258 527 732
209 572 843
503 577 953
492 386 608
516 383 289
60 350 9
448 616 403
637 228 432
395 157 868
503 546 901
70 11 448
608 211 280
81 313 214
353 306 185
122 463 791
672 562 475
403 168 516
272 0 132
399 251 57
185 41 534
556 361 693
477 275 756
240 110 95
495 54 679
17 194 985
230 279 28
669 477 57
464 626 359
137 300 611
273 327 45
527 323 832
623 342 819
481 303 745
127 608 359
401 198 68
204 5 921
301 58 404
602 655 38
416 139 253
427 655 734
360 605 342
565 524 257
383 544 282
552 641 340
360 509 87
488 443 301
511 44 445
198 143 533
41 612 63
631 135 348
397 195 505
518 321 483
250 486 367
86 675 883
263 429 661
584 630 301
184 225 238
173 457 889
366 647 724
110 635 514
234 621 569
8 177 445
195 277 472
607 307 880
97 388 188
319 452 374
334 667 834
435 472 988
22 150 399
494 419 632
96 67 955
225 298 202
398 137 379
331 317 831
346 578 738
219 152 363
530 343 235
257 285 169
139 5 14
427 272 475
374 327 835
652 606 797
584 212 225
411 163 491
443 647 792
343 352 219
40 275 971
164 645 497
86 492 609
258 42 27
377 80 858
37 294 611
473 5 60
480 553 16
309 653 67
599 321 713
328 117 765
390 42 402
309 186 480
418 652 158
230 208 144
481 375 205
525 148 174
417 610 401
441 130 162
257 55 196
273 107 478
332 170 751
60 210 126
610 660 589
630 240 339
6 250 981
579 683 608
158 514 516
608 399 354
82 113 45
684 342 800
188 591 123
293 599 335
330 524 581
268 363 788
14 231 379
406 478 388
196 453 811
247 203 792
470 201 277
154 110 827
278 561 33
281 667 614
131 658 431
248 351 552
310 129 263
499 381 20
231 73 943
83 479 351
68 628 972
123 602 712
617 390 39
391 593 769
30 615 628
349 224 229
32 279 262
99 526 836
319 184 681
664 229 49
351 324 233
173 2 353
492 627 708
266 285 95
176 286 156
59 676 417
568 289 125
148 607 815
109 95 474
331 456 644
456 588 491
365 617 463
77 185 906
273 308 150
138 637 75
599 340 199
408 598 387
190 445 591
220 8 119
601 378 596
591 380 746
686 2 778
6 30 693
491 24 345
160 549 856
249 431 496
113 350 592
49 2 531
455 330 5
65 507 410
561 590 399
479 164 738
68 398 623
159 658 772
139 541 651
45 209 124
222 530 372
174 228 138
468 475 536
547 371 808
50 437 562
166 446 21
49 180 94
26 419 53
334 238 853
545 670 983
184 15 541
453 241 399
275 553 623
499 425 745
287 341 906
277 168 939
1 22 946
506 600 811
531 366 208
308 154 114
278 330 606
231 258 75
65 460 479
62 66 194
195 42 447
141 200 547
9 248 50
484 314 556
282 427 665
427 543 885
163 12 367
16 457 914
700 188 937
648 366 173
329 273 390
694 41 597
585 340 433
513 503 258
568 496 934
514 623 408
347 260 301
510 413 660
299 265 277
608 411 404
653 681 147
460 620 595
16 397 737
616 127 471
607 367 76
548 439 787
151 17 712
111 16 925
638 432 503
191 597 10
279 164 221
631 343 829
179 198 392
22 263 757
496 45 786
479 255 264
235 595 758
487 570 292
538 193 488
31 65 594
43 12 762
436 525 175
683 2 488
212 290 9
94 534 88
616 175 297
82 678 463
184 580 2
318 345 479
531 536 417
131 398 112
442 322 691
11 440 123
262 629 533
26 324 362
268 694 354
507 242 998
497 682 465
616 649 967
501 517 392
83 88 419
143 400 445
437 455 48
189 427 33
603 363 704
49 509 410
432 406 944
476 165 294
359 27 867
233 341 35
266 440 37
31 496 600
439 35 809
588 177 813
453 647 990
578 220 259
516 519 498
576 18 672
590 406 36
79 329 794
88 529 126
49 313 30
654 414 452
602 371 720
10 397 421
425 695 510
458 8 752
382 644 200
172 23 553
73 403 751
669 70 868
164 678 48
205 697 283
260 341 982
42 690 370
0 421 106
485 389 326
323 654 467
199 586 744
30 5 623
334 657 287
259 212 287
435 249 245
105 282 598
512 667 217
269 527 490
317 73 239
186 94 967
115 570 121
657 529 845
183 683 387
648 170 627
678 14 932
341 3 223
52 306 481
171 619 316
625 307 772
231 345 240
191 614 616
498 247 828
300 488 441
71 505 9
603 137 462
397 105 10
379 416 437
272 402 858
26 631 782
383 292 153
330 624 411
461 457 214
691 245 352
642 462 402
266 272 487
633 467 812
188 334 264
699 624 563
406 677 372
407 115 423
528 88 29
225 215 799
598 497 524
81 448 886
593 463 679
162 130 159
188 177 660
693 263 912
435 148 789
38 172 766
514 680 254
607 450 218
168 353 452
265 540 171
409 508 566
623 483 830
9 63 358
488 296 605
155 425 86
447 142 1000
449 318 38
474 320 308
257 34 756
89 205 134
438 244 173
306 633 735
435 186 593
496 516 756
636 616 370
130 372 570
51 524 782
453 494 430
523 696 645
648 468 468
226 572 797
47 474 601
240 527 404
255 47 621
199 564 881
638 71 131
29 113 319
2 542 917
232 342 552
25 234 282
81 274 267
347 240 141
414 678 342
210 96 732
443 440 825
567 626 699
141 569 881
252 245 530
209 359 60
411 154 863
173 431 839
152 463 57
318 680 137
338 209 444
547 443 406
392 266 600
387 485 650
390 233 110
512 691 784
494 279 378
661 271 740
135 573 118
301 286 552
599 500 626
409 298 766
98 604 529
321 569 84
498 508 292
480 66 481
523 695 255
643 179 315
331 21 921
379 313 90
490 602 895
429 688 881
579 488 822
695 175 489
422 419 259
425 100 134
682 338 178
350 160 413
478 627 62
504 465 647
643 374 391
236 328 324
452 401 247
102 402 774
466 496 154
621 336 518
566 246 783
318 679 12
521 631 174
58 573 163
609 285 595
140 608 738
267 162 973
309 99 243
696 591 28
240 688 604
628 142 782
8 30 589
585 20 163
288 691 452
515 459 702
382 556 694
278 370 483
297 174 165
191 484 541
162 226 531
15 435 793
332 153 333
608 390 775
415 75 894
564 494 542
419 609 190
384 104 95
374 676 229
160 530 193
597 575 876
396 534 645
600 391 952
305 62 472
602 535 662
247 448 978
179 32 373
621 3 551
565 675 651
249 452 146
417 94 618
319 39 349
8 274 91
412 684 149
217 626 285
284 548 585
483 336 404
652 557 17
615 207 902
266 639 490
409 345 14
373 561 209
674 517 206
658 649 213
408 20 588
91 324 735
282 207 117
2 141 88
630 33 344
302 608 521
255 643 77
548 79 877
212 251 536
175 600 675
485 473 774
407 226 400
686 369 292
640 119 182
370 570 175
410 308 335
246 388 720
605 606 293
621 570 630
139 423 304
373 155 600
180 555 478
393 522 827
681 457 972
190 447 723
670 236 787
492 294 211
679 386 185
59 197 853
539 195 885
522 42 362
281 147 771
274 585 146
141 429 189
76 298 472
381 183 320
169 415 792
514 85 97
204 596 416
165 661 118
325 162 50
667 487 540
259 233 153
679 487 488
614 168 24
325 8 905
205 141 101
244 686 662
585 543 32
562 387 725
541 484 576
32 127 730
365 360 597
630 328 426
29 204 503
415 43 915
228 373 183
431 292 885
457 31 432
675 666 749
156 404 179
522 34 671
521 232 761
92 551 135
100 408 832
136 130 177
633 144 634
218 41 670
518 390 869
249 305 867
92 326 632
374 97 297
683 344 402
474 665 728
688 123 793
207 693 195
246 394 811
148 648 850
164 306 870
451 239 654
51 116 771
156 177 309
240 25 950
15 429 925
30 578 61
209 586 951
421 413 728
30 211 952
433 251 273
227 93 526
602 693 337
38 151 461
278 25 183
521 686 193
583 436 328
319 242 80
562 488 15
671 201 464
438 566 838
500 162 99
514 230 120
211 471 734
324 237 296
518 461 919
683 8 192
360 14 222
156 154 85
170 152 677
49 597 646
198 90 315
97 403 516
160 360 569
5 640 263
250 249 195
32 579 670
494 515 347
356 478 444
154 143 183
285 9 400
438 86 835
141 607 971
61 166 843
185 599 666
106 556 52
104 449 730
296 435 969
412 282 766
266 263 859
442 232 786
639 406 488
636 574 64
443 659 323
542 591 990
414 241 258
233 166 615
115 381 834
401 575 289
44 84 306
598 124 61
464 361 384
349 698 167
190 90 784
683 156 402
427 4 802
160 133 441
535 681 714
339 247 753
64 124 878
479 404 938
12 557 986
573 107 485
360 185 932
124 157 206
693 633 934
647 38 46
205 97 160
699 198 306
348 483 287
134 602 177
118 622 618
680 401 76
423 690 774
244 638 186
679 256 970
436 417 788
73 139 416
127 549 152
603 18 859
71 656 818
458 173 949
657 409 463
541 205 996
666 300 900
642 206 62
431 392 41
364 245 381
513 132 634
669 541 441
369 369 471
251 691 969
561 248 777
584 469 823
33 48 305
620 15 343
692 300 436
620 440 864
427 204 441
328 374 340
88 600 464
681 641 348
359 186 194
362 593 553
74 205 307
69 627 110
159 85 71
90 59 17
646 239 247
691 637 642
236 212 903
33 94 95
235 581 328
151 9 657
443 627 316
51 611 946
501 493 263
95 201 890
603 382 603
377 379 964
486 304 930
165 34 597
232 0 294
479 455 529
190 388 251
290 381 314
487 298 742
93 389 984
568 27 654
452 457 951
196 689 438
592 610 747
600 367 282
465 197 24
105 386 767
344 522 342
97 65 997
19 271 334
577 667 178
454 494 747
371 270 797
219 333 288
222 410 567
214 622 894
293 358 658
372 56 433
240 648 938
91 190 519
322 626 467
182 601 391
576 673 618
336 625 550
561 298 893
483 113 824
217 416 669
578 160 936
699 448 572
367 532 935
236 360 745
566 28 136
603 314 55
441 552 394
262 432 166
134 570 478
583 160 496
549 240 647
159 538 954
58 104 269
402 469 519
233 423 563
236 397 587
547 466 1
444 310 434
577 551 655
437 48 911
65 232 137
336 444 174
617 262 228
142 667 827
169 452 366
122 87 246
54 236 882
104 434 123
10 608 812
500 241 630
440 612 720
593 338 411
9 447 139
120 583 71
479 296 305
139 176 384
600 669 611
333 446 524
607 559 767
566 47 403
142 311 174
523 50 622
145 157 493
513 514 945
208 222 128
64 29 796
353 11 721
160 135 331
387 284 861
611 329 444
357 20 857
97 302 941
218 205 302
141 451 460
142 161 247
531 454 224
356 274 106
600 115 532
468 130 676
45 111 536
634 464 219
114 142 987
348 357 61
370 359 444
300 293 50
551 157 410
103 13 392
259 267 83
697 18 835
222 152 312
233 602 200
456 74 545
300 187 568
6 541 515
140 66 968
126 338 191
685 618 112
569 275 152
227 316 659
110 93 294
445 649 510
637 662 169
461 335 163
12 683 45
37 210 126
642 6 586
49 461 61
585 277 894
244 168 499
700 507 510
515 618 107
582 373 356
56 638 475
75 323 56
348 294 82
174 2 824
54 482 77
136 556 798
324 532 720
654 158 504
204 470 684
61 523 532
495 220 364
101 183 538
619 689 645
88 283 472
76 201 558
609 572 198
463 35 41
276 373 246
347 674 108
7 40 185
421 329 693
0 168 31
267 56 668
626 547 614
418 424 306
204 312 788
340 99 589
587 313 553
447 128 208
105 176 338
297 24 240
541 340 905
251 69 757
491 87 1
508 325 77
500 294 304
64 183 504
297 240 350
365 639 637
644 681 385
148 163 543
449 516 361
128 596 890
40 665 957
387 585 372
121 68 713
36 502 165
621 306 547
50 101 438
291 392 295
126 369 638
176 314 175
83 191 844
175 167 74
523 70 360
648 319 239
275 402 659
633 214 318
673 142 555
494 553 4
652 346 638
15 76 61
590 300 225
576 96 930
121 461 682
392 356 585
237 521 6
543 19 826
337 514 479
286 326 142
220 529 917
212 298 85
630 509 830
668 466 180
114 448 17
377 109 172
510 189 871
297 697 975
34 250 39
368 252 711
493 243 317
258 480 659
71 143 969
667 540 658
292 241 80
582 665 747
555 155 827
19 356 529
364 632 164
633 343 83
113 377 692
506 163 718
181 61 414
19 696 215
415 597 165
44 405 633
68 151 983
386 217 295
294 584 819
298 622 645
669 616 653
94 440 745
26 17 616
262 150 827
416 439 164
194 279 737
106 102 790
83 371 897
383 214 35
286 35 187
546 485 717
275 93 498
177 658 123
685 671 423
401 250 246
17 11 914
444 28 874
597 339 820
63 484 3
679 333 983
310 409 518
548 301 714
689 173 138
64 508 926
78 30 762
108 181 861
56 452 203
569 387 934
66 209 462
171 204 437
528 459 843
669 32 93
551 424 868
405 412 440
468 464 684
477 415 697
601 98 973
168 265 599
26 325 661
394 105 657
402 565 167
115 623 594
391 673 456
489 217 362
111 445 358
80 673 502
50 268 991
135 477 595
147 568 523
699 325 393
491 431 497
284 597 203
77 39 784
604 210 973
178 36 329
621 229 685
628 102 561
686 142 120
79 416 432
21 219 816
514 620 427
254 395 600
394 687 200
89 416 843
243 568 995
4 158 541
482 128 569
42 644 206
82 131 570
499 372 991
541 267 337
119 209 800
22 293 271
417 198 78
65 183 419
482 28 292
563 613 962
162 512 586
483 156 371
307 441 890
414 295 981
653 468 769
612 297 292
262 172 393
61 428 855
517 33 619
24 698 850
527 32 491
276 397 880
169 570 833
160 273 343
608 162 271
83 659 162
638 285 478
201 539 406
17 567 160
346 245 76
160 373 979
405 395 28
171 149 742
333 411 225
416 24 547
188 193 493
584 198 220
103 467 697
0 187 744
69 255 473
389 401 517
585 297 521
126 508 665
432 248 73
639 551 786
524 182 198
428 34 648
629 380 922
550 279 242
632 214 670
524 8 467
329 677 764
44 285 49
231 590 956
159 433 544
480 648 149
136 325 191
351 251 957
60 241 152
569 44 542
613 301 634
615 370 107
223 670 236
365 77 323
60 461 946
360 611 385
663 684 841
109 654 621
145 302 653
542 6 756
294 56 868
513 48 81
440 363 332
224 474 976
249 440 445
321 370 273
155 621 976
71 224 538
291 216 879
649 540 477
608 672 314
643 216 10
643 368 990
24 256 760
531 304 32
328 544 476
9 309 32
418 522 762
7 40 487
81 238 778
499 623 486
639 136 102
209 2 513
552 423 324
81 539 289
72 87 669
353 153 557
412 513 172
333 437 805
143 423 311
536 317 27
299 543 324
48 602 731
474 181 781
65 59 690
243 577 404
663 474 805
536 346 925
352 379 320
468 241 739
451 439 350
667 169 836
215 432 507
360 69 424
620 552 759
417 237 531
214 326 213
221 17 537
61 286 544
289 146 27
567 657 469
130 603 25
602 397 559
335 495 661
613 154 41
179 272 397
343 550 522
535 110 645
108 12 284
306 33 432
217 613 235
574 162 738
339 688 862
438 33 391
20 234 297
531 315 270
218 592 74
7 620 117
644 427 150
407 122 628
20 3 474
570 664 827
453 217 624
442 511 421
319 573 387
128 254 54
496 74 105
358 397 754
224 296 315
331 416 552
314 101 810
408 353 420
436 603 951
482 318 666
66 12 756
537 475 64
544 398 16
323 277 447
183 417 366
55 518 411
169 517 495
191 281 861
471 217 414
29 143 389
374 60 437
614 193 308
370 172 115
613 309 957
5 531 182
154 552 414
182 515 847
462 170 841
514 346 990
215 369 460
329 683 223
670 465 627
649 591 912
159 192 654
285 538 338
578 21 555
454 371 647
307 467 103
321 438 106
142 122 324
4 110 723
443 312 203
673 374 117
320 421 598
54 46 859
289 336 7
327 294 203
162 640 475
169 153 485
557 698 585
572 26 901
596 646 600
75 310 968
590 365 901
314 699 181
213 570 100
388 506 116
57 320 299
233 319 196
191 563 350
322 430 438
401 44 805
208 612 345
75 245 700
98 312 500
247 201 238
133 525 617
232 552 737
326 566 160
505 643 294
574 588 246
561 335 904
79 124 110
612 65 727
576 447 380
225 163 877
517 556 969
585 213 390
199 393 812
597 648 621
688 248 67
268 646 309
582 225 513
557 425 974
544 518 139
631 174 102
656 557 373
155 84 812
484 22 216
424 380 883
489 96 896
485 121 640
202 615 960
565 568 508
381 353 625
26 560 823
13 680 300
299 160 583
156 243 525
136 295 632
277 413 744
636 668 810
395 140 858
428 417 987
87 144 7
553 687 163
95 653 185
626 185 284
233 166 921
672 287 903
266 567 897
613 125 506
486 487 519
403 205 961
512 541 663
343 609 770
655 288 165
30 9 369
215 464 988
629 321 94
286 235 157
549 357 322
421 282 25
499 673 305
291 522 825
345 520 790
475 638 876
348 440 473
257 593 129
545 312 996
361 187 622
442 643 301
676 639 814
558 126 281
572 31 170
22 498 782
272 687 121
508 350 81
121 110 557
469 522 990
344 600 60
121 6 938
544 552 590
556 325 707
205 447 683
313 230 809
690 227 737
32 157 32
333 138 753
632 30 703
503 602 419
286 108 743
617 428 816
116 230 554
71 111 534
130 237 864
636 507 241
422 454 251
111 453 826
130 32 150
332 611 636
566 491 880
640 52 244
289 492 99
608 498 300
95 172 322
260 233 43
314 465 784
236 381 206
302 304 890
192 44 545
1 466 457
313 246 148
218 585 778
403 158 238
92 205 439
123 619 377
157 573 276
687 409 868
252 439 449
161 452 542
247 156 551
103 286 951
311 636 732
27 529 701
542 115 839
348 610 202
595 277 570
307 461 877
614 134 370
597 636 910
287 377 70
22 385 855
94 275 787
280 306 989
608 75 4
253 345 631
310 213 370
220 699 661
314 475 631
366 339 222
34 636 472
432 84 199
684 625 321
599 634 549
388 47 191
144 585 189
336 200 38
520 258 43
35 138 435
18 33 460
624 126 823
174 565 496
562 644 2
226 682 828
522 469 114
608 632 341
601 470 262
55 68 116
439 55 373
203 123 545
626 607 47
561 50 177
483 131 675
400 612 690
275 450 593
567 159 484
258 433 834
187 90 535
503 364 866
74 681 135
137 591 602
345 622 788
14 665 592
640 239 543
487 624 809
106 108 424
399 645 348
500 419 29
175 595 889
369 57 761
46 210 544
218 5 459
598 464 393
211 95 207
576 671 806
132 206 752
539 364 906
185 436 291
434 299 671
406 390 338
491 326 820
353 80 883
123 139 289
447 170 721
580 679 398
463 620 302
66 198 859
611 305 620
561 518 920
382 567 759
71 106 873
692 427 938
409 678 570
502 580 644
211 400 463
225 309 171
262 310 561
101 472 466
647 459 88
189 19 89
674 535 681
233 564 190
373 132 17
311 612 967
599 160 822
587 349 106
584 371 455
560 520 707
679 287 354
561 45 707
325 3 164
235 135 622
566 137 382
576 136 626
200 419 823
342 624 485
382 540 429
187 489 973
526 241 231
58 241 770
590 559 954
286 316 637
176 324 357
194 213 406
621 496 965
602 338 888
479 502 679
392 343 893
310 635 430
378 491 822
187 585 695
475 3 1000
207 490 829
264 451 563
211 600 193
389 141 81
649 244 198
662 320 202
603 20 852
343 469 534
150 440 461
196 426 237
83 591 17
402 555 365
247 17 718
417 77 140
546 409 237
74 105 53
392 103 581
477 526 318
181 497 443
646 476 926
344 573 951
646 55 280
448 428 426
653 648 932
489 461 169
368 498 281
139 132 677
355 260 179
241 404 989
153 492 821
649 599 484
60 522 798
609 190 3
114 107 741
575 698 622
307 430 670
160 483 768
396 215 417
35 252 166
114 211 764
22 689 981
524 8 283
354 242 707
239 193 504
257 324 516
358 266 131
654 37 521
115 333 930
388 685 686
413 672 130
308 208 266
529 64 668
144 544 819
83 50 746
397 234 876
67 94 781
377 456 683
407 662 761
547 236 901
418 525 994
318 669 328
458 318 716
692 349 732
647 351 807
71 307 946
481 284 279
693 221 174
630 512 432
361 344 664
687 190 225
638 32 878
639 496 706
363 508 800
305 213 260
161 481 775
111 284 208
686 643 275
203 9 606
100 686 239
381 648 222
351 414 960
598 593 387
664 87 24
54 528 350
34 473 83
169 402 971
30 89 958
423 404 469
323 140 334
257 7 744
154 435 592
518 699 678
479 144 120
119 244 962
67 427 955
129 145 831
350 682 415
194 90 743
419 117 557
583 293 94
208 30 196
591 318 806
282 369 600
219 451 640
631 465 48
315 174 122
511 187 708
652 112 618
29 639 230
36 244 622
584 183 566
143 232 461
500 500 465
343 148 500
352 465 57
629 571 136
190 125 114
644 590 568
363 54 569
37 79 355
335 180 626
126 631 959
53 67 245
34 458 768
96 479 898
491 107 759
426 671 552
419 72 486
247 636 500
188 449 640
326 226 292
498 540 323
115 175 215
340 617 248
177 402 967
619 238 300
567 310 53
102 215 247
573 567 42
41 495 514
324 220 173
501 61 517
441 547 622
358 48 29
89 430 99
234 349 214
107 683 543
303 252 423
624 384 571
71 400 829
502 641 476
608 101 904
627 538 78
270 567 947
547 182 97
574 433 826
427 691 113
628 600 66
643 224 107
199 670 465
529 88 204
478 98 391
379 516 788
657 509 211
277 553 70
476 481 367
567 173 327
360 54 46
478 287 511
620 434 321
116 414 776
429 260 403
299 305 988
126 13 145
140 295 350
147 365 250
133 386 580
362 361 229
323 558 67
562 48 153
609 229 301
27 325 600
482 73 1000
319 129 351
198 671 357
8 370 219
465 680 496
37 72 519
146 315 490
548 143 385
252 411 106
103 21 93
420 638 123
196 497 217
665 210 21
150 79 815
57 414 491
583 563 8
264 205 804
563 118 635
681 212 767
700 342 937
285 659 675
586 23 328
413 292 274
289 353 229
19 336 140
518 94 161
239 442 421
425 332 571
135 178 378
401 154 644
668 278 556
614 530 433
307 341 292
295 623 52
213 42 923
95 249 653
90 412 976
200 504 326
68 103 95
39 140 201
140 257 958
468 692 126
614 232 458
525 208 529
440 652 816
276 401 327
366 689 655
546 554 249
288 125 609
494 10 144
151 567 400
620 453 462
458 542 167
180 97 619
19 77 808
473 567 291
458 104 378
73 662 491
43 432 812
604 190 431
351 435 923
173 604 567
552 139 196
46 603 492
374 574 520
343 514 724
337 3 253
146 8 905
306 100 25
269 294 777
631 40 290
672 405 325
339 493 575
272 633 157
659 225 937
281 363 939
266 362 228
49 16 795
321 162 613
399 696 632
226 116 571
590 77 655
206 102 469
445 284 86
85 375 360
235 180 386
103 211 752
487 597 487
70 194 434
212 115 49
620 551 539
700 94 847
107 576 605
556 420 118
16 131 137
628 670 204
38 549 266
292 564 411
598 495 791
420 22 994
681 512 447
389 215 405
57 619 52
579 114 282
153 66 235
640 379 513
98 413 615
193 418 723
636 645 721
133 250 741
296 140 915
211 294 440
176 539 535
177 615 516
577 545 107
143 441 250
621 274 948
30 298 770
127 686 855
261 495 793
423 471 987
529 616 524
239 239 892
258 552 874
277 480 334
570 537 36
577 382 109
101 530 569
359 469 893
9 685 341
628 540 3
463 548 215
99 227 847
39 636 403
239 259 551
484 128 174
159 196 474
73 524 291
592 492 270
9 690 122
389 316 132
627 134 132
696 645 917
340 645 116
622 616 429
692 630 861
488 122 466
379 83 562
53 144 769
101 130 888
185 164 452
244 543 282
678 507 809
16 440 422
78 259 134
365 547 425
312 195 581
495 560 295
283 699 62
80 513 246
568 671 735
528 611 661
326 215 849
455 186 509
217 528 687
428 679 918
606 249 693
641 138 594
546 398 410
621 564 736
619 247 297
525 240 894
115 224 759
662 46 396
122 552 18
652 266 75
561 57 93
550 455 730
681 111 152
136 108 95
594 58 959
317 49 965
628 34 688
577 67 601
555 176 94
157 187 253
455 423 95
395 125 700
533 272 404
339 460 490
582 539 302
47 632 51
181 165 711
694 201 414
631 22 135
27 138 710
495 258 796
11 291 293
643 229 826
234 215 203
332 74 194
496 66 274
126 61 382
316 238 844
218 59 458
453 614 762
90 358 99
405 673 390
71 680 834
615 83 575
598 652 685
68 533 67
489 151 508
17 524 317
445 522 4
622 254 886
71 686 597
411 400 649
299 396 923
149 477 771
631 570 579
9 116 831
97 31 813
690 97 708
637 75 976
528 412 944
542 25 326
437 334 989
311 601 561
234 215 77
316 667 646
121 211 470
290 254 546
535 315 102
369 420 759
117 617 838
310 422 210
109 376 70
676 509 64
218 552 853
462 431 371
643 580 863
548 455 59
376 485 920
259 398 765
614 91 51
665 198 263
300 130 97
281 480 859
412 394 655
152 521 57
524 585 139
525 42 800
330 518 610
579 157 918
118 373 821
278 119 870
105 368 998
253 639 628
469 120 381
477 576 820
135 554 344
461 529 669
573 380 891
317 189 667
497 51 868
269 135 132
648 670 112
524 160 239
565 68 343
659 147 251
539 513 222
139 505 371
136 604 801
439 320 829
48 355 606
679 360 939
207 232 269
32 353 128
10 278 730
100 381 412
401 683 620
158 166 317
131 489 106
335 7 631
458 631 837
174 604 179
234 443 583
428 486 638
464 318 186
460 196 314
231 164 261
336 526 953
541 123 385
588 230 922
509 461 55
358 691 913
194 215 102
452 493 396
246 559 202
217 304 945
665 376 162
291 26 995
536 267 296
493 550 215
249 666 90
613 238 185
119 384 815
690 493 596
69 577 118
620 481 308
636 146 568
657 8 73
168 167 471
388 33 843
465 262 837
175 54 557
3 170 406
111 381 715
676 367 32
486 639 423
551 419 56
30 590 308
150 574 716
21 76 698
371 451 724
623 136 874
132 378 503
361 691 901
563 256 614
659 17 809
159 139 433
224 392 882
314 382 878
427 14 455
410 293 302
167 37 490
343 400 241
149 84 281
179 167 211
457 681 955
130 596 828
553 529 542
174 129 853
401 36 415
247 633 217
568 694 508
530 527 464
691 222 222
232 146 840
42 420 957
142 690 430
623 497 857
454 497 980
228 563 37
363 675 702
231 325 251
504 356 313
613 66 699
33 358 704
368 291 692
113 293 753
100 234 930
287 263 143
111 572 444
274 45 828
450 332 96
498 643 762
89 270 442
405 618 215
501 220 59
34 104 65
534 74 841
471 614 72
234 228 472
643 661 976
40 554 705
622 221 255
393 659 909
113 212 189
93 17 284
199 52 621
415 667 376
608 441 626
235 435 366
57 322 715
665 35 189
555 565 546
433 104 427
424 1 79
122 259 294
679 171 60
604 4 23
183 538 297
523 289 793
447 621 868
157 434 497
202 436 386
153 638 959
229 193 620
332 371 161
470 347 329
226 24 872
215 636 118
286 167 531
416 583 102
500 279 705
291 97 351
160 126 636
502 649 386
388 442 716
654 529 516
633 123 693
77 521 496
210 425 568
464 534 839
427 575 156
365 446 737
321 297 594
391 305 565
60 34 729
185 356 469
644 292 227
162 96 850
347 550 681
341 434 157
2 361 319
296 346 477
614 286 149
20 119 873
587 226 238
119 241 647
544 4 781
302 215 49
284 448 619
429 481 892
292 78 365
540 51 544
236 612 88
100 251 916
372 545 815
656 658 45
186 587 757
686 387 527
99 208 376
237 348 692
318 408 920
592 619 466
123 363 606
236 112 107
249 406 750
425 675 367
50 531 805
459 377 615
27 476 441
307 506 478
610 551 879
16 20 775
609 258 294
444 580 880
533 167 623
584 694 848
653 12 728
85 146 693
509 259 262
390 407 87
250 667 987
403 44 578
204 34 35
157 685 643
559 642 336
671 451 994
509 360 776
516 590 465
2 11 619
138 373 754
325 619 506
282 696 852
198 278 153
302 564 869
556 330 459
571 502 819
697 0 973
616 56 414
383 42 972
165 415 186
107 523 75
36 101 746
497 167 693
439 647 201
31 650 652
93 239 296
484 424 414
658 521 766
25 300 298
600 530 800
604 397 934
131 559 151
581 291 542
555 404 970
60 427 268
594 374 780
230 88 213
248 613 443
326 5 107
360 286 122
399 617 727
355 575 759
324 60 632
453 375 525
158 395 405
629 364 537
17 282 337
512 133 439
18 643 168
164 157 88
632 359 419
273 253 857
25 675 948
626 317 488
553 549 246
150 504 603
543 560 751
682 4 414
593 341 163
273 619 489
368 226 491
71 319 289
0 187 696
32 578 833
58 148 277
627 179 761
332 682 235
279 32 776
556 694 696
247 639 115
192 189 712
502 149 147
48 508 334
169 54 118
293 603 508
507 592 142
40 155 806
314 474 697
469 64 271
366 231 444
678 423 846
616 591 47
134 327 26
531 93 539
462 80 200
91 688 511
191 499 93
159 193 95
323 85 451
82 580 64
312 253 651
133 62 426
555 363 124
677 110 170
455 126 806
125 78 236
208 614 667
56 635 386
627 647 193
212 499 715
279 220 624
609 544 5
385 535 526
127 228 518
292 569 588
63 290 549
232 269 309
485 514 363
223 135 991
495 60 915
401 170 616
315 278 516
179 175 679
495 583 774
290 621 309
691 545 244
402 173 661
388 680 51
76 365 665
447 337 296
658 359 424
439 405 305
166 216 104
71 580 737
149 138 375
21 168 25
543 46 557
63 227 492
145 93 595
579 167 152
102 422 227
406 342 205
476 50 563
285 234 568
473 239 56
504 455 705
140 269 33
465 240 140
13 553 231
164 93 818
697 381 653
217 397 525
505 85 591
364 238 266
381 318 243
377 691 348
449 218 944
453 460 336
313 678 518
43 563 655
60 312 577
640 3 475
279 74 113
439 381 207
556 317 448
438 365 795
11 421 280
436 366 882
445 315 145
112 638 148
391 27 898
609 210 453
134 351 844
461 507 811
283 24 405
172 220 391
243 276 655
478 674 294
533 119 436
535 317 211
640 149 857
387 234 275
508 53 153
460 477 739
437 107 109
506 312 180
123 64 111
432 631 271
236 114 550
447 634 915
645 61 825
698 444 455
429 213 448
305 307 788
454 317 564
156 260 508
593 42 971
646 539 959
451 642 199
239 200 119
569 669 527
623 256 741
454 462 500
297 689 497
582 3 852
526 496 166
607 241 705
287 506 228
160 121 263
609 558 676
331 592 45
292 375 476
286 425 250
326 293 425
195 282 200
240 599 535
578 700 722
415 506 824
420 104 824
259 77 716
522 90 73
608 575 356
343 399 973
294 160 581
315 655 81
687 694 132
20 423 975
690 689 120
608 539 352
340 34 153
94 158 755
681 649 301
569 587 5
456 438 490
144 677 50
258 267 595
291 48 944
293 97 984
384 326 695
639 439 828
498 433 429
541 364 656
243 330 147
101 535 4
388 74 35
27 300 204
82 380 959
208 353 942
477 594 134
633 528 301
433 20 624
453 456 261
135 358 824
247 660 108
169 606 849
187 332 763
667 560 791
533 252 1000
132 209 225
421 49 928
48 627 63
452 627 872
688 669 960
210 129 228
80 158 326
590 359 635
208 172 994
690 584 730
349 139 350
37 350 767
153 321 541
232 464 603
76 543 747
250 536 240
152 273 25
427 179 860
148 422 511
324 272 209
152 327 65
18 371 523
681 633 874
606 200 427
16 197 752
305 356 265
132 378 3
519 230 641
631 362 240
216 300 102
252 390 958
501 525 637
65 616 967
174 455 398
159 140 813
423 496 791
490 339 590
168 98 517
545 254 422
361 541 167
199 274 308
393 148 955
605 664 711
454 191 349
249 24 821
612 175 80
195 178 420
696 611 584
365 469 645
40 221 707
491 380 612
113 18 811
9 278 794
674 590 633
268 612 605
368 228 587
214 374 940
699 404 290
622 501 226
244 83 837
94 115 977
342 104 630
185 660 840
549 470 68
167 94 746
46 503 159
323 173 394
95 43 833
507 164 308
233 333 301
64 166 437
333 479 555
609 43 404
633 469 13
92 223 466
535 493 845
300 221 152
593 601 985
266 488 787
554 335 448
567 222 43
36 120 40
491 191 89
654 171 112
527 89 110
29 443 544
208 354 815
265 119 893
692 471 697
642 193 781
260 11 998
679 339 41
366 316 711
432 499 576
418 41 851
240 510 765
230 509 699
376 115 422
367 622 73
516 627 49
319 331 970
144 512 572
583 409 629
191 449 560
511 139 240
176 126 911
545 144 227
172 42 787
175 100 438
558 262 413
373 652 49
84 630 144
183 503 110
650 140 754
530 3 276
302 637 161
564 22 198
28 285 810
401 2 715
546 90 745
573 501 132
660 552 9
129 602 878
28 124 391
690 5 6
468 463 126
93 514 967
402 623 529
127 578 886
613 592 306
215 14 77
190 37 535
352 115 885
185 497 222
132 346 222
311 213 184
220 502 796
537 473 832
235 572 127
208 287 274
441 667 969
108 1 486
96 568 219
100 493 959
506 198 188
309 340 877
681 586 756
26 638 357
420 79 277
567 443 841
161 91 12
672 95 216
89 550 811
21 273 169
616 191 806
197 321 232
293 494 232
556 614 332
680 479 784
408 469 532
113 370 200
72 591 317
198 649 423
685 457 639
683 211 159
558 60 984
642 470 487
661 691 764
611 360 106
33 266 162
483 237 191
195 400 737
479 343 709
312 641 54
596 433 24
379 367 304
579 129 191
389 91 383
318 41 769
324 181 490
487 505 736
47 662 622
336 1 401
283 221 350
594 335 988
566 345 890
140 427 643
441 430 234
441 139 665
697 335 933
532 225 328
579 407 527
660 21 303
379 645 35
161 140 748
118 334 380
175 136 950
389 338 208
254 103 131
18 448 909
471 439 107
519 344 861
45 238 109
277 23 322
416 463 755
224 181 696
469 244 240
43 604 709
402 504 943
655 564 843
334 157 888
253 399 900
243 389 523
28 389 672
545 242 571
314 626 270
95 602 817
370 656 710
201 391 724
49 497 185
548 85 55
675 539 216
207 44 494
486 300 913
525 212 376
592 261 189
506 664 480
306 531 158
115 596 294
257 396 657
97 310 973
440 647 778
92 231 94
281 519 441
37 307 405
679 229 918
554 84 210
420 621 695
259 141 953
383 128 223
637 553 997
197 155 602
1 593 608
650 43 257
503 240 855
445 483 683
444 465 65
670 309 600
542 565 709
50 90 63
417 680 211
113 26 147
390 15 215
430 50 98
207 269 271
369 272 554
605 139 151
447 47 991
163 167 456
8 655 969
107 523 321
471 432 986
106 229 367
388 0 575
405 497 30
681 281 196
363 133 765
334 514 603
655 111 945
435 321 79
387 222 621
479 224 159
118 277 100
433 602 222
127 136 852
147 409 483
640 238 870
598 624 99
20 580 53
114 171 191
560 315 427
692 68 805
353 219 902
672 315 973
81 145 872
114 620 354
381 3 932
125 199 211
408 382 15
591 417 282
464 562 608
198 426 159
316 117 490
213 42 714
419 220 442
535 686 79
304 661 698
499 362 48
631 524 975
500 93 909
466 53 754
435 463 268
101 215 369
125 261 50
507 240 265
269 421 799
662 501 400
603 501 690
227 624 454
407 462 603
162 133 435
648 455 375
474 557 257
155 687 890
600 237 139
351 547 597
619 0 943
566 386 664
552 691 391
306 129 125
46 503 381
45 311 828
406 319 645
323 111 264
177 679 819
41 304 305
355 314 354
161 239 342
542 208 163
406 258 36
177 471 763
661 413 710
523 453 272
89 616 555
95 654 966
606 71 59
15 642 261
655 559 844
175 505 888
593 532 552
174 114 41
690 216 987
487 213 628
239 522 202
597 635 280
274 502 553
123 186 443
586 279 370
311 215 765
209 46 770
171 610 446
435 97 996
474 120 312
207 504 138
680 344 824
517 553 794
221 405 600
488 64 640
371 601 719
243 213 227
643 559 436
202 170 619
380 62 685
220 441 114
672 390 135
39 663 820
431 543 151
382 340 110
89 382 387
568 58 704
13 196 653
476 447 222
500 307 873
53 146 136
354 120 136
586 90 235
245 543 904
295 571 67
72 387 604
492 74 598
372 609 102
37 87 66
656 308 920
223 437 945
501 326 790
525 84 173
86 688 373
695 537 284
622 677 305
71 371 845
698 276 227
99 659 865
533 599 892
633 62 302
373 467 936
24 644 582
110 436 689
204 481 770
520 513 499
138 9 978
397 318 783
663 623 526
300 386 757
289 347 581
537 608 607
417 301 834
167 220 374
581 376 395
400 373 735
270 291 312
237 27 229
57 471 484
303 472 809
177 492 767
303 14 587
122 528 88
367 176 146
84 375 721
119 415 843
626 270 651
317 319 997
271 304 866
280 627 93
564 375 561
51 675 649
337 390 878
660 49 138
607 485 535
223 598 777
260 395 578
558 553 29
698 163 176
441 24 653
542 585 149
178 167 550
489 617 995
299 676 853
667 141 771
137 343 859
585 327 476
329 106 566
243 267 101
480 73 824
462 429 316
100 9 806
368 8 389
195 96 672
339 334 195
631 658 722
104 557 545
374 210 245
645 439 747
432 275 255
136 677 19
234 254 304
249 296 296
284 693 328
125 362 412
294 49 633
369 194 73
99 460 450
174 684 639
679 612 42
99 551 497
400 384 380
13 1 142
501 81 641
1 402 211
124 277 749
698 507 450
84 93 544
249 540 714
473 553 515
411 566 582
545 499 150
658 502 889
200 369 315
695 487 109
164 678 261
592 196 166
519 52 899
8 530 885
475 20 816
131 523 392
198 189 429
470 424 914
58 622 954
215 297 622
105 216 596
309 375 207
690 284 898
623 220 657
529 694 22
353 166 443
226 238 141
366 361 556
606 342 901
310 603 364
68 224 840
349 472 261
289 461 445
240 528 103
305 108 457
120 322 343
411 485 739
14 203 95
353 610 521
141 594 988
507 242 700
463 59 564
540 77 26
660 645 519
418 58 949
83 234 161
351 515 721
557 180 154
408 208 463
133 11 385
280 546 882
53 577 771
662 46 97
78 98 319
612 302 584
655 641 216
55 652 264
416 18 547
136 452 531
369 526 379
415 304 797
395 616 448
313 233 195
131 658 240
294 168 853
196 551 58
242 516 486
515 180 921
382 291 257
700 647 280
506 611 369
21 334 109
232 514 202
638 539 260
610 494 983
516 320 853
614 625 651
356 248 724
554 148 411
506 474 87
438 688 905
508 459 991
583 2 318
643 379 606
458 153 173
54 566 678
633 81 453
504 409 943
483 142 258
335 502 499
305 367 145
415 224 451
682 115 780
472 61 963
252 597 777
541 169 219
580 328 851
35 698 286
384 680 537
130 54 569
565 566 435
677 623 614
467 10 983
396 440 273
238 498 570
354 171 151
515 322 762
614 648 889
409 595 224
157 83 988
363 211 76
281 270 759
434 672 409
167 366 916
381 586 855
573 154 688
123 301 510
434 428 516
556 405 623
155 20 791
31 402 307
666 547 510
626 111 152
63 382 602
697 452 83
522 511 933
88 595 30
510 7 290
185 385 85
645 505 137
562 249 428
322 357 84
626 589 152
673 689 772
248 583 541
260 662 475
142 260 489
123 221 667
670 415 563
629 538 110
65 64 404
56 426 626
293 699 971
145 416 556
418 128 694
698 531 610
157 37 356
152 58 818
638 6 322
84 19 598
236 616 217
619 147 686
173 84 300
85 459 482
630 621 316
472 492 890
379 551 193
23 114 802
81 340 905
566 444 427
341 15 663
391 618 562
669 487 715
352 337 510
192 14 665
622 495 465
638 468 567
408 241 187
587 678 70
288 364 130
330 292 979
688 572 838
638 436 886
197 288 621
491 443 925
135 222 243
427 393 954
74 332 422
490 1 169
538 432 142
452 424 583
665 476 39
562 173 866
540 15 768
323 61 12
245 691 783
668 607 572
63 439 141
531 268 433
518 576 879
228 419 711
265 443 444
241 546 961
471 459 966
13 482 418
285 227 83
106 210 916
156 394 857
629 328 828
8 367 592
672 198 93
283 188 677
318 466 785
48 110 920
585 179 190
547 492 701
545 658 980
386 93 820
106 307 330
95 248 396
331 153 702
551 444 48
475 566 97
62 103 566
192 128 24
56 408 261
168 476 56
448 632 152
414 113 563
605 10 452
350 359 665
623 365 888
429 405 856
446 400 796
603 203 675
203 289 101
480 487 706
90 186 979
424 635 720
159 58 316
164 95 101
534 63 517
246 667 364
652 489 981
559 475 480
664 492 440
267 548 218
426 383 948
50 66 138
341 216 162
319 392 695
118 85 94
61 617 590
525 413 143
235 170 902
443 61 851
355 452 90
579 331 154
53 464 769
357 134 110
498 306 396
671 40 78
432 274 176
167 390 159
138 476 259
350 41 123
151 45 179
106 146 614
425 372 166
531 93 327
576 377 638
493 177 538
498 29 205
194 153 731
30 182 575
648 274 815
618 436 712
601 357 667
280 83 7
617 603 272
14 644 31
158 602 636
387 661 260
57 183 249
619 477 460
410 449 482
88 360 302
10 417 203
449 348 613
422 524 151
336 297 781
532 220 603
588 523 870
331 604 272
396 239 335
424 156 99
660 563 958
62 334 667
389 680 542
275 124 359
193 411 917
196 405 98
609 142 841
172 599 384
441 474 588
134 26 903
190 258 338
380 657 942
536 637 631
642 302 816
686 533 256
256 40 640
453 158 719
537 657 956
650 1 796
198 223 30
188 623 858
102 357 644
191 453 362
151 683 461
600 223 811
497 679 600
207 297 570
305 66 739
413 235 377
0 606 281
231 181 207
346 74 830
391 418 211
596 305 343
650 479 402
42 185 746
333 155 680
539 680 847
470 98 776
292 510 33
157 540 438
514 334 467
136 596 806
390 578 792
669 525 773
643 543 296
395 484 429
262 219 551
682 284 112
277 652 670
372 190 484
548 213 175
358 659 563
199 153 306
41 105 823
508 147 300
229 574 106
342 291 3
163 525 233
300 216 272
28 58 213
589 317 951
267 166 137
437 6 982
356 100 408
658 154 849
475 91 102
6 12 173
278 241 649
520 294 67
408 5 824
582 64 437
296 322 433
339 570 311
291 362 409
216 448 282
260 67 184
137 436 586
616 639 281
179 572 926
27 592 993
234 604 684
130 502 704
91 316 373
590 153 637
573 58 229
510 613 192
328 85 384
603 40 827
495 445 152
71 693 95
439 373 491
498 73 510
379 525 950
287 214 334
247 431 807
50 438 553
635 37 288
634 25 292
195 684 205
289 341 180
658 691 202
28 24 460
392 38 749
686 205 703
661 430 677
653 588 170
684 477 654
110 416 224
339 680 421
330 352 782
214 355 661
631 521 200
253 503 606
135 138 34
141 647 710
283 627 686
124 404 401
514 488 567
255 67 270
179 642 803
145 632 235
54 621 193
660 7 466
156 618 844
443 96 762
435 259 250
338 426 888
533 506 766
211 343 662
109 263 506
552 324 741
382 518 576
106 158 329
237 449 591
696 71 770
675 504 138
349 265 100
357 49 759
92 160 897
300 340 301
10 491 32
512 342 62
441 67 746
140 215 385
480 34 552
183 541 620
318 596 311
699 96 677
536 467 837
393 108 430
132 234 67
505 444 211
390 175 604
395 157 125
290 486 514
504 357 812
20 352 698
104 119 976
376 355 295
502 202 95
491 596 19
520 385 847
300 160 854
126 155 507
275 617 966
259 331 374
565 416 204
496 436 743
389 422 579
619 548 296
379 625 17
537 526 443
260 505 576
59 585 189
418 257 42
178 254 535
189 621 772
515 176 832
505 29 284
63 452 277
647 380 792
148 30 544
164 22 419
221 511 518
214 623 569
411 603 287
253 574 364
62 643 797
698 382 694
138 372 0
357 383 563
492 258 648
681 675 214
252 171 463
256 66 611
602 593 519
675 424 777
470 200 954
303 324 335
386 414 861
282 604 361
578 280 17
586 259 916
497 636 871
453 657 437
179 162 116
126 66 163
371 340 273
699 115 193
81 397 72
246 43 609
96 83 582
106 79 316
75 614 276
299 662 660
694 417 326
508 59 320
456 113 694
13 504 534
486 441 446
480 328 709
526 682 354
545 321 846
158 403 370
571 320 339
277 632 507
581 75 58
514 299 169
115 53 871
214 300 676
165 43 161
337 178 260
399 321 314
572 562 44
338 257 696
173 632 407
214 167 550
307 557 662
157 433 795
643 134 393
171 313 622
150 577 962
452 543 849
557 25 662
695 680 826
157 576 374
510 394 387
142 174 158
422 207 208
677 60 26
320 629 980
407 77 316
494 632 552
26 192 691
391 199 431
205 444 906
584 535 967
612 75 741
369 96 479
601 589 681
573 94 604
212 555 538
584 133 925
385 478 461
373 7 855
204 145 682
366 539 144
493 568 209
422 334 262
290 257 47
452 609 742
254 207 646
639 323 499
249 657 909
89 183 668
21 108 233
410 452 307
651 380 136
132 153 450
198 309 471
273 271 558
88 694 893
155 208 327
587 422 253
92 533 35
293 186 949
483 267 575
555 565 462
270 377 0
143 18 351
515 608 226
578 522 774
480 36 738
91 595 284
614 263 883
531 314 357
605 264 855
443 628 319
661 307 660
245 139 94
382 495 298
446 673 993
173 161 544
298 670 740
699 673 479
33 370 446
196 293 572
249 137 937
248 202 153
160 428 277
614 533 871
293 229 126
280 105 293
53 632 466
222 408 823
430 476 541
486 377 668
232 643 954
317 91 213
221 645 386
381 43 867
4 238 944
104 295 655
237 11 216
100 445 447
467 257 52
386 416 232
440 147 961
260 608 159
25 510 818
628 328 366
162 600 811
144 43 199
336 179 959
326 470 766
167 396 486
292 275 555
227 121 760
397 645 446
669 85 151
209 315 892
11 405 259
333 285 218
401 503 693
467 553 893
574 619 225
224 87 958
680 68 185
455 199 994
562 478 322
340 188 998
139 299 271
479 603 637
669 310 522
447 139 26
289 220 934
605 165 954
495 291 369
625 244 17
683 417 21
529 429 792
575 540 824
81 157 530
31 305 899
652 612 605
305 527 87
172 19 618
567 377 705
366 542 962
565 626 361
607 364 995
591 673 108
511 456 197
113 384 174
421 283 276
655 513 282
529 586 197
222 122 138
502 169 469
372 511 734
72 369 164
255 690 272
216 112 802
424 554 172
533 661 108
182 278 554
670 514 165
466 234 121
308 367 706
136 135 847
667 103 304
543 204 375
83 680 807
241 217 953
359 214 805
166 62 725
290 564 611
429 402 279
525 604 87
499 382 650
579 450 383
652 274 93
37 319 768
73 152 806
106 113 766
313 349 106
677 160 409
476 278 183
661 535 632
292 554 167
291 177 736
98 177 971
278 464 110
419 391 160
233 427 886
278 66 216
280 265 125
262 513 257
562 580 103
100 87 92
296 319 93
318 533 938
382 137 826
332 132 272
655 159 306
687 651 370
693 503 723
674 23 59
262 217 760
628 276 857
497 637 711
301 507 952
54 390 804
241 680 716
326 393 489
308 171 454
232 632 712
49 75 204
153 680 241
21 135 956
691 594 445
470 538 956
89 502 37
72 294 894
477 457 792
212 204 362
620 353 945
471 592 738
188 554 506
583 679 128
377 235 757
458 682 881
473 492 10
453 353 794
635 431 961
371 493 857
372 602 415
591 462 542
692 378 489
263 528 858
251 512 989
671 419 763
78 340 139
447 389 345
337 684 220
55 317 76
551 148 451
163 241 199
683 190 604
48 377 135
201 187 784
429 142 26
324 12 539
17 614 535
143 355 996
527 112 349
504 13 951
481 189 825
109 644 476
52 113 859
629 640 261
245 162 931
196 182 176
177 619 739
412 4 719
569 446 284
239 606 797
4 446 233
494 268 670
421 155 868
44 125 240
491 54 981
431 208 927
246 626 321
302 180 139
178 18 98
543 202 160
5 590 898
113 506 26
412 59 125
307 700 632
24 340 98
258 149 540
657 534 988
389 471 203
277 139 144
112 507 213
445 67 98
106 144 34
582 135 845
33 616 599
121 107 193
595 623 255
140 345 815
535 122 964
672 90 953
357 631 500
191 497 551
648 118 192
367 651 675
626 438 196
632 438 240
462 461 759
662 581 944
360 318 48
648 469 596
33 81 456
604 688 620
132 634 793
645 39 921
33 294 373
118 387 575
550 121 139
610 265 479
244 388 394
465 491 253
351 94 655
528 159 605
314 156 553
469 205 613
547 268 436
270 628 623
465 183 470
363 249 905
257 387 423
96 297 612
288 458 811
129 520 313
612 456 180
508 37 304
533 346 131
610 266 606
107 85 519
412 675 83
3 359 429
102 181 768
21 585 112
371 151 503
556 129 803
353 202 898
225 309 831
282 452 75
234 18 932
24 537 476
68 86 34
7 574 764
365 698 332
603 534 826
42 182 205
272 97 104
645 557 695
412 27 858
580 288 888
663 213 372
118 626 531
609 199 792
31 329 397
456 680 632
456 632 544
650 126 784
47 230 654
480 291 318
146 499 364
661 418 804
565 374 793
68 405 639
366 650 34
207 402 358
335 415 962
530 670 233
283 511 567
322 278 880
250 208 28
355 342 614
539 534 483
101 673 647
313 454 30
256 465 18
447 301 794
70 245 434
115 369 972
595 286 181
101 597 232
450 487 396
674 32 32
454 410 458
268 503 959
458 358 998
110 50 202
80 23 331
594 610 568
576 276 526
450 263 210
400 271 90
469 288 290
326 556 16
200 642 64
576 13 265
76 193 226
88 439 350
696 540 758
131 608 692
510 149 96
647 338 226
500 70 129
534 170 669
686 554 624
16 619 992
275 185 807
394 493 671
57 130 44
461 516 89
510 572 856
136 50 75
305 617 864
456 153 15
286 545 549
123 298 766
136 296 12
614 61 55
288 138 839
145 268 376
645 577 299
87 503 184
431 660 351
473 324 306
527 139 656
189 55 133
552 280 856
402 586 763
276 612 164
227 677 128
296 514 883
356 268 443
484 485 295
84 573 304
35 132 864
153 195 478
488 88 81
317 416 333
304 504 337
15 85 837
536 131 294
257 243 41
509 38 523
30 508 131
179 515 26
222 312 30
420 512 99
244 123 836
609 10 594
379 51 376
190 24 498
162 287 646
567 314 344
321 262 391
252 489 109
610 393 198
584 591 344
596 572 539
666 199 297
309 452 387
301 626 972
531 287 313
149 288 416
504 458 859
266 356 470
9 430 869
547 446 331
568 420 752
97 293 380
504 369 858
250 183 214
603 235 793
20 449 289
117 423 254
610 600 796
217 450 692
499 463 260
215 269 835
244 514 135
329 501 810
59 143 879
434 665 300
79 513 247
149 31 504
683 111 682
305 293 525
4 217 941
397 28 956
547 426 628
242 168 545
447 150 803
337 92 780
39 252 569
668 521 16
484 461 34
483 610 428
98 107 779
33 419 321
67 280 244
200 294 823
356 106 849
420 662 774
483 12 689
307 93 93
175 331 125
451 182 483
61 598 174
370 49 622
618 656 29
133 540 873
652 301 669
255 73 52
638 369 675
153 428 694
224 357 960
50 463 54
417 79 865
443 347 460
77 226 283
425 468 135
486 287 462
509 369 168
544 290 282
122 561 339
193 325 487
390 491 984
496 257 300
336 384 564
113 20 63
241 309 986
456 626 445
285 104 744
182 462 986
161 160 44
287 432 963
645 632 371
310 78 655
526 514 403
375 611 792
390 471 38
454 455 169
41 12 647
679 446 821
641 30 677
547 19 222
356 452 447
469 95 687
323 597 931
77 278 115
531 459 270
633 629 492
491 248 736
538 497 463
247 577 577
521 385 159
151 51 321
237 305 123
396 589 915
93 336 244
33 590 135
307 589 873
54 499 723
245 212 707
0 665 45
367 613 939
199 514 407
47 21 31
265 615 17
74 254 517
632 231 571
523 386 367
182 355 466
57 48 665
565 29 401
479 121 749
341 135 756
368 425 883
193 666 193
580 7 965
443 314 424
354 250 408
88 208 790
129 424 421
270 167 1
65 453 363
251 522 140
207 432 799
646 695 985
12 359 757
403 527 781
110 672 978
632 538 112
256 534 406
243 400 617
606 124 6
634 120 103
624 246 990
417 354 455
302 38 562
474 499 103
312 621 729
226 206 147
570 627 632
373 345 425
231 5 877
306 653 651
117 409 905
226 656 553
200 33 151
582 2 200
330 417 297
606 310 203
54 643 986
7 662 83
274 28 473
167 226 172
59 689 883
187 74 529
440 589 383
456 613 892
162 589 309
106 376 328
75 273 984
419 92 721
491 146 892
316 476 374
658 242 670
153 511 859
176 659 854
314 16 586
649 599 451
426 364 762
477 347 457
318 15 100
582 535 187
685 49 903
663 457 653
107 198 491
388 391 923
14 557 719
351 1 305
303 10 257
685 571 777
587 477 798
207 510 79
165 441 605
532 365 517
503 493 911
22 317 421
215 679 530
434 660 876
35 238 499
131 38 454
159 461 670
164 655 770
191 626 589
496 284 571
629 73 319
246 85 784
469 410 454
163 318 788
484 637 741
34 304 849
556 89 825
275 85 311
193 680 938
197 327 727
322 409 329
530 527 711
384 58 474
391 242 734
616 552 922
652 523 843
425 51 201
612 405 298
650 492 71
673 255 301
123 5 370
137 318 548
592 359 335
173 382 10
19 518 861
647 150 779
547 673 316
200 49 150
474 449 634
653 119 314
334 561 738
505 436 155
369 529 374
70 572 834
594 477 273
529 143 78
117 463 846
572 488 336
289 411 798
586 196 622
535 125 264
547 469 940
390 336 204
0 590 791
494 563 882
51 423 976
573 32 611
414 277 248
695 676 311
395 643 196
30 374 680
689 8 396
62 344 229
264 197 473
582 23 8
449 478 281
134 523 951
648 552 309
308 371 514
91 4 766
14 51 144
432 458 240
152 423 373
232 189 262
582 262 72
130 113 460
56 598 513
204 283 919
615 282 452
606 555 97
92 156 1000
271 249 242
134 678 200
4 576 544
524 640 625
584 327 138
128 557 126
189 596 54
696 459 632
442 664 597
516 379 890
577 294 878
320 182 686
594 235 605
172 276 212
444 557 211
417 384 58
605 259 167
47 681 749
39 324 781
397 514 593
265 675 890
649 35 920
207 342 885
648 14 611
196 288 549
82 511 457
143 36 866
358 549 788
475 147 21
558 500 603
425 253 221
464 21 563
84 27 439
111 135 384
431 385 839
289 111 286
344 444 91
288 229 928
321 696 224
64 65 226
164 462 462
365 660 168
317 618 231
284 79 897
349 11 347
234 223 834
68 9 658
168 120 427
151 181 526
133 389 253
1 183 983
645 425 222
271 473 484
650 598 323
211 666 125
586 519 221
687 387 251
559 167 377
270 266 58
472 154 620
279 136 587
32 297 842
258 483 198
215 470 374
220 367 954
100 153 647
681 108 80
17 643 467
250 682 750
147 268 841
611 534 631
538 245 889
50 21 396
268 152 268
189 17 690
296 358 917
391 220 483
382 643 758
428 429 973
63 314 826
402 29 612
359 237 626
130 217 799
447 252 776
377 361 682
199 384 403
408 544 171
84 163 676
248 418 397
257 168 757
316 608 218
217 553 969
596 635 150
643 629 615
586 661 693
422 13 900
104 674 269
301 336 796
202 466 468
23 113 502
352 64 33
338 620 778
272 589 726
131 590 460
375 453 513
464 604 720
18 548 584
429 302 937
546 117 288
165 342 303
628 130 357
480 159 664
459 318 323
370 466 799
17 571 659
485 63 789
140 275 863
678 554 70
10 694 51
56 125 34
419 286 574
524 429 138
360 208 569
224 224 409
201 597 724
624 415 816
380 142 737
134 689 250
150 524 91
66 524 717
602 530 419
159 227 483
368 426 795
650 19 636
159 127 775
627 407 196
407 483 594
84 604 918
554 32 67
557 433 860
96 416 492
437 121 414
682 0 54
355 397 934
444 301 33
162 425 754
262 500 447
52 686 46
353 180 47
313 140 819
67 457 796
56 277 472
422 274 812
87 439 284
44 195 914
212 256 284
163 124 909
306 29 622
591 214 794
113 348 725
500 498 919
587 159 53
222 611 320
131 463 239
479 41 264
113 483 541
4 285 1000
124 53 837
475 269 200
189 582 543
31 136 141
351 547 840
476 52 357
254 192 377
684 541 781
2 91 552
408 679 791
214 567 854
462 218 679
546 40 665
359 546 555
325 677 729
650 481 726
107 269 476
564 681 829
56 341 702
293 210 818
4 682 304
285 459 863
531 306 235
190 87 862
467 141 655
227 680 320
21 665 182
486 574 908
94 153 672
512 365 717
517 395 840
63 101 537
202 89 120
623 628 726
333 471 660
497 232 445
163 228 346
593 527 597
345 266 737
301 690 943
635 535 75
647 549 214
478 278 209
351 671 315
89 107 227
158 640 735
6 175 675
195 455 79
466 165 84
152 652 797
662 33 246
188 168 978
408 598 664
40 614 456
354 671 929
670 536 235
541 612 108
629 324 639
185 674 646
90 89 932
240 493 710
554 562 854
567 455 241
540 274 714
543 244 566
530 426 101
138 72 518
434 113 167
527 416 496
85 401 39
227 37 109
36 94 559
62 213 882
587 34 643
592 100 545
642 146 614
321 477 773
446 287 856
302 388 727
620 629 668
700 428 738
435 576 918
90 139 545
171 118 308
482 677 445
75 70 464
209 693 842
180 62 336
492 194 873
183 193 838
35 614 513
647 69 598
326 173 813
302 180 180
103 574 55
192 539 990
494 252 734
446 64 352
196 478 637
674 86 611
562 133 914
416 554 457
160 654 595
549 674 867
199 218 612
387 9 779
555 36 867
68 688 221
60 228 750
606 116 998
95 401 681
218 312 855
273 287 285
216 599 731
672 302 450
296 524 776
317 536 96
316 59 350
677 17 624
42 626 781
28 585 557
422 195 974
344 6 42
564 374 958
210 226 422
203 598 283
285 617 969
324 63 923
374 184 31
278 547 234
293 577 266
388 248 214
474 540 357
18 337 929
12 404 730
364 367 697
529 698 795
554 363 698
534 645 637
269 108 337
273 94 330
637 408 720
557 536 324
77 74 779
500 194 110
280 675 42
265 374 255
86 615 157
626 482 25
229 332 17
629 318 876
600 78 41
652 347 129
162 158 805
314 244 394
364 650 542
264 408 971
2 464 195
363 417 859
540 261 537
543 184 835
299 83 841
509 440 240
668 605 413
394 489 722
613 625 433
399 93 567
105 407 269
90 559 939
693 193 55
148 413 895
449 578 63
166 281 974
6 212 668
345 270 158
415 329 228
490 28 962
63 342 863
2 327 836
85 434 156
327 516 370
433 44 758
612 619 92
107 520 888
560 215 384
316 406 245
664 540 496
456 138 706
399 574 380
11 473 418
340 148 52
621 590 636
57 117 715
630 360 470
647 272 642
240 446 413
209 495 406
546 175 565
634 130 114
567 354 304
93 172 76
0 206 391
450 596 70
641 84 257
55 2 156
294 244 600
89 171 993
41 59 859
500 624 450
690 24 204
307 212 660
470 97 561
134 378 429
558 392 824
45 546 973
107 497 487
28 115 343
142 636 860
471 25 609
427 349 197
367 313 446
448 118 485
296 532 382
402 580 420
616 327 213
241 363 936
554 600 883
97 665 181
427 300 958
399 218 374
344 640 70
429 597 564
54 697 95
394 187 266
307 388 901
426 476 276
265 196 954
258 296 797
513 698 472
697 544 769
228 312 560
282 476 492
100 52 387
128 517 272
476 470 348
690 476 378
593 401 119
17 162 284
673 153 472
134 189 787
249 562 975
277 529 663
344 21 829
603 69 524
308 75 752
592 610 386
199 161 38
196 277 640
468 426 666
510 466 549
156 272 344
212 271 463
174 579 118
344 272 552
269 479 585
635 137 850
253 96 496
450 40 581
208 65 279
341 234 624
206 686 583
262 25 343
275 592 168
194 79 480
590 116 491
330 264 362
688 483 856
212 29 537
50 259 195
683 330 522
391 323 277
18 554 136
59 402 742
263 586 655
481 629 171
471 96 618
293 136 506
339 315 566
403 663 285
106 482 276
205 24 918
119 159 380
350 449 131
601 201 170
667 220 292
209 464 557
51 193 821
552 305 502
533 355 787
516 582 523
169 403 425
256 379 402
238 499 977
298 293 285
150 510 232
318 90 881
285 15 300
216 487 448
614 519 590
529 373 631
514 301 17
536 297 948
202 592 684
569 377 695
568 356 661
45 279 22
260 394 956
58 96 372
422 189 403
648 679 734
176 295 48
196 311 555
505 129 415
349 428 310
259 105 519
192 427 858
538 240 733
0 651 852
33 516 122
117 201 149
351 95 928
167 439 935
623 282 981
552 320 817
33 241 601
263 10 254
378 569 456
542 40 875
621 674 966
105 194 767
388 475 882
92 199 617
211 126 233
310 599 844
138 492 561
390 112 477
133 509 2
309 450 371
584 556 105
424 625 380
386 29 157
638 537 320
212 153 912
606 576 60
441 613 242
329 326 131
451 321 549
471 417 637
144 77 586
660 497 384
515 685 318
393 111 25
215 40 555
384 324 395
138 54 295
193 226 733
260 400 322
55 194 223
216 442 840
372 700 18
191 79 431
103 559 698
223 218 540
210 665 114
94 119 171
335 667 832
355 673 300
32 261 617
277 285 680
602 3 641
356 353 848
469 563 752
368 599 437
78 205 699
661 617 324
37 243 877
15 679 841
430 698 173
512 587 424
210 466 749
528 667 629
390 457 240
92 189 643
45 223 451
544 157 574
158 694 625
348 577 146
475 229 66
197 431 400
675 3 73
241 700 71
579 126 913
36 614 380
118 297 141
239 499 84
589 319 48
62 662 45
98 475 427
441 650 669
269 433 788
77 382 504
692 438 612
189 464 689
276 650 52
99 696 816
690 572 111
381 235 533
14 609 656
406 624 288
194 460 648
542 20 971
95 542 26
97 648 512
353 323 879
367 551 192
460 424 217
526 610 158
472 342 207
446 92 912
189 59 820
470 486 730
18 49 240
640 314 980
493 186 354
336 264 671
430 654 509
224 40 224
268 276 83
325 595 731
302 548 625
449 515 837
612 341 489
417 334 125
11 229 902
167 67 942
125 344 571
539 234 944
149 326 143
93 606 894
379 642 143
177 217 529
169 529 240
293 507 914
395 123 557
679 181 518
76 379 645
151 220 464
653 88 30
267 141 612
356 475 209
607 340 532
336 541 98
382 276 925
118 397 861
254 505 70
201 33 845
495 138 480
551 70 44
462 303 498
380 575 739
172 235 354
689 639 536
230 0 832
505 588 381
472 80 557
618 268 449
17 100 734
533 306 21
602 347 331
163 356 342
673 410 722
20 360 124
546 628 891
185 80 403
261 61 459
513 142 204
305 33 427
202 371 647
30 529 87
549 155 408
233 213 59
324 564 872
334 525 267
542 23 464
470 643 214
156 488 361
322 459 742
605 457 525
25 675 91
337 212 626
18 586 951
638 378 80
400 249 987
671 367 518
353 595 979
428 295 455
232 585 534
12 256 192
461 458 609
193 433 323
593 455 197
377 154 454
225 333 340
531 192 860
471 616 383
527 102 605
680 632 301
152 367 778
635 497 97
529 603 845
239 197 491
365 166 513
521 255 427
154 142 128
509 500 801
453 625 338
54 251 325
384 1 289
605 274 568
588 163 668
335 205 121
434 432 474
323 459 520
88 377 271
209 24 879
231 69 391
391 313 91
52 434 84
79 239 734
614 372 601
102 62 951
162 380 99
358 590 50
363 599 148
252 92 447
410 305 593
372 644 220
559 153 408
144 250 242
426 316 466
548 516 264
644 665 9
478 61 88
677 379 169
465 396 101
626 11 369
215 284 551
654 59 537
609 293 533
114 315 747
381 313 820
4 241 239
499 579 941
580 112 283
304 447 127
181 12 915
306 459 631
21 244 250
414 436 620
92 410 474
645 282 9
370 655 174
22 20 530
322 101 51
134 527 401
474 227 359
49 561 651
606 539 848
347 230 571
310 482 891
70 239 189
133 513 204
161 123 549
498 100 817
569 209 568
474 292 744
636 297 966
183 576 151
519 649 227
579 360 935
147 71 154
676 176 49
396 420 6
583 243 290
57 698 370
141 565 5
558 25 818
516 302 88
626 238 624
329 679 912
664 11 646
155 502 397
91 202 931
130 464 753
476 322 82
351 127 217
421 219 435
595 675 475
660 158 501
109 452 69
252 104 813
342 40 836
216 379 739
391 526 385
95 228 889
185 605 283
412 406 196
333 225 29
88 36 51
125 324 331
605 278 127
560 625 851
665 404 83
472 101 371
438 182 815
671 206 717
608 77 197
347 179 699
112 15 6
456 370 542
96 497 138
276 387 649
367 2 273
433 326 721
578 612 659
185 415 626
89 513 144
184 208 187
143 519 465
429 317 823
199 657 631
435 605 545
86 419 781
338 577 829
92 504 370
30 687 261
673 574 498
195 181 163
381 413 976
42 425 789
365 96 528
393 573 581
99 223 854
510 284 823
55 38 718
475 375 753
190 496 873
283 319 614
509 332 936
229 628 392
623 480 523
69 195 450
353 675 158
83 137 453
330 93 479
271 75 210
489 258 112
507 317 183
578 269 961
633 628 470
392 356 491
623 264 632
350 101 345
524 314 538
510 490 814
355 273 509
376 49 1000
341 307 336
228 194 540
604 90 628
69 660 598
134 37 381
262 88 488
384 610 276
290 39 944
615 53 647
530 298 623
21 51 277
377 628 14
112 661 949
416 676 566
327 533 873
90 19 486
582 471 608
144 27 464
6 147 503
213 394 542
279 376 667
498 190 193
649 151 277
422 31 892
34 403 446
165 612 575
346 215 214
75 252 220
194 619 510
105 234 488
691 213 362
451 283 429
75 538 107
232 145 892
688 618 907
498 141 601
112 683 69
168 174 175
523 501 591
1 537 37
557 482 282
524 455 980
574 68 158
607 694 322
107 680 351
141 632 751
116 75 633
384 295 891
168 623 535
675 426 106
440 134 539
380 257 974
17 155 146
373 432 138
522 387 533
232 431 82
490 460 127
75 185 49
399 167 655
218 511 469
689 528 313
360 255 584
584 343 615
17 498 376
464 271 34
563 162 905
655 604 856
468 568 923
2 156 897
345 360 580
0 493 207
81 405 578
502 169 596
479 90 260
605 206 266
212 591 14
438 155 792
137 156 14
466 176 778
544 277 762
546 48 264
249 650 51
611 369 496
359 638 651
382 552 32
112 615 298
22 415 793
451 43 698
634 669 518
65 137 800
272 697 953
57 22 643
416 506 14
311 134 962
445 512 675
605 103 7
163 659 75
654 649 654
646 682 651
553 266 549
282 310 186
483 451 690
453 94 729
226 669 205
66 569 469
584 386 592
84 312 333
304 480 167
678 387 727
69 606 94
189 510 249
604 123 657
329 117 953
287 619 456
526 452 647
483 400 407
362 310 287
624 581 175
293 622 694
610 370 661
680 566 776
505 105 815
213 283 116
633 461 653
429 175 452
156 292 688
296 116 973
14 547 928
365 534 125
225 575 444
213 555 614
323 447 84
280 668 89
312 647 942
311 408 849
447 110 272
641 108 859
615 51 714
215 210 675
172 487 537
435 592 145
334 172 482
650 217 82
655 555 597
606 335 313
684 443 934
265 260 824
638 613 757
398 229 532
223 689 239
641 18 843
245 140 76
587 225 966
617 211 990
324 346 454
257 521 819
538 696 640
243 653 618
113 484 404
433 305 515
364 62 241
567 99 26
2 436 825
195 105 363
139 478 223
18 120 115
334 55 113
31 94 613
281 215 409
611 198 999
664 67 825
61 185 244
589 428 745
121 80 886
25 488 222
124 689 366
611 136 1
123 151 449
195 413 958
676 475 990
381 57 711
234 65 981
561 84 356
386 353 626
241 494 744
252 111 968
80 50 334
247 335 781
394 199 275
236 189 799
355 415 574
434 197 992
566 164 592
591 616 457
125 55 974
343 162 861
654 79 16
103 534 194
382 388 776
42 357 514
417 409 767
236 329 595
111 14 331
504 413 396
18 474 97
494 486 585
196 508 15
101 233 396
533 32 654
20 212 140
635 212 266
168 573 587
30 520 654
178 22 369
519 99 603
662 340 999
692 280 293
437 568 473
427 618 516
396 12 422
95 49 222
351 242 626
606 671 28
165 90 598
24 120 290
526 459 183
449 528 520
384 276 825
135 399 671
39 123 582
310 350 761
631 8 919
553 228 819
446 692 882
618 215 76
646 557 655
428 84 614
652 489 477
305 547 686
339 197 822
252 120 70
402 182 584
586 305 66
228 681 214
95 413 59
215 284 174
387 389 386
63 464 307
146 185 260
686 653 600
198 610 158
130 269 695
90 161 514
336 490 150
454 428 220
8 136 411
326 620 259
342 57 501
114 408 933
149 244 593
545 243 263
308 231 12
27 53 121
672 372 520
2 124 25
355 82 706
441 482 450
242 12 821
622 149 538
650 603 383
173 173 830
480 653 446
483 621 726
693 412 170
421 91 545
216 470 359
591 238 785
381 179 63
47 433 927
212 521 367
343 65 46
504 143 726
547 308 908
103 90 130
83 451 346
277 686 626
133 463 639
404 179 116
85 598 264
421 300 62
556 284 519
580 434 848
413 535 170
287 612 538
464 263 972
479 59 635
114 557 39
357 352 266
617 504 132
606 65 687
644 307 487
362 414 181
556 138 484
374 405 310
630 550 994
611 594 120
435 253 105
349 642 583
597 201 396
65 189 496
356 588 180
427 405 87
215 87 472
499 172 700
311 665 129
47 672 694
418 311 481
291 157 248
554 391 927
348 608 998
563 369 755
509 102 317
573 648 219
288 168 714
597 343 557
96 633 668
469 699 914
585 534 411
57 486 97
48 155 452
319 146 124
177 209 182
223 446 23
287 238 525
632 229 270
15 270 300
475 249 619
41 213 25
17 353 879
556 269 325
455 543 467
152 439 88
641 402 55
459 180 325
357 50 819
91 22 303
419 352 207
535 75 575
349 543 609
495 144 876
89 44 829
265 623 82
43 680 703
281 159 838
390 672 225
505 559 979
556 310 600
350 453 42
116 255 102
308 341 9
384 249 320
406 135 766
16 647 313
238 55 524
518 82 15
289 196 773
559 349 156
369 31 16
306 76 595
305 632 323
457 184 412
388 329 454
652 85 165
144 279 661
463 401 627
352 642 425
375 460 55
183 456 239
243 571 884
181 517 147
315 549 528
63 112 130
325 416 169
573 652 414
372 255 571
285 455 126
16 210 631
449 153 732
76 468 204
71 104 36
197 212 656
376 635 440
34 195 682
280 555 237
124 150 92
98 347 214
225 478 984
125 446 706
594 262 37
148 575 531
162 219 927
57 513 720
257 220 627
358 522 784
581 102 11
557 120 707
381 380 76
469 665 483
14 677 232
610 56 717
342 499 695
670 320 17
348 473 266
475 380 861
260 269 342
182 663 513
617 300 921
493 29 878
217 471 839
35 698 390
226 452 341
133 674 938
397 5 432
584 484 979
542 78 663
230 67 972
132 641 61
114 443 391
124 491 988
137 442 326
128 575 151
57 543 948
223 606 665
181 550 768
71 231 331
42 2 940
464 249 691
282 338 538
108 240 670
533 518 540
109 5 570
44 99 391
434 75 474
615 596 178
274 539 120
424 571 406
566 8 821
664 584 277
82 154 247
3 65 465
255 187 713
154 100 76
327 205 831
181 258 427
159 312 29
55 376 531
333 16 8
269 556 578
654 441 800
59 507 445
153 57 813
590 478 523
121 21 122
695 365 200
457 120 467
565 344 821
109 560 161
625 117 910
451 339 858
238 663 310
71 185 768
373 236 669
337 605 445
63 456 913
86 622 637
673 415 85
469 612 687
276 469 703
694 225 329
569 298 209
42 429 149
575 188 206
298 7 466
90 527 87
362 180 240
509 261 170
254 542 694
307 315 848
542 640 94
295 591 564
603 185 869
100 462 234
164 453 997
239 276 144
591 248 90
51 75 141
517 226 127
209 396 646
216 515 194
132 326 198
569 412 969
457 247 763
298 20 949
530 452 132
579 35 275
674 653 228
525 31 830
520 149 51
174 507 322
611 626 535
236 445 127
397 515 762
112 498 442
161 519 356
471 103 984
7 446 4
127 500 575
142 590 613
13 77 955
116 666 501
460 36 628
298 263 872
76 628 116
394 394 530
602 182 761
227 475 181
197 519 932
239 541 647
174 522 429
217 86 565
51 106 402
134 330 990
566 601 278
319 282 176
120 684 57
52 144 628
662 160 106
542 560 473
109 298 629
621 180 163
651 402 755
245 426 45
575 330 640
512 277 876
477 252 193
264 99 775
673 431 759
255 93 13
651 545 34
207 627 348
468 150 844
118 99 525
481 637 125
349 235 475
414 607 230
573 221 432
507 383 728
591 320 229
395 653 626
285 534 701
647 363 117
173 476 847
61 264 751
6 598 353
372 660 865
391 227 990
152 166 172
394 108 610
96 654 501
563 466 99
278 472 816
481 625 758
163 661 5
20 327 402
53 461 654
435 368 970
393 226 507
583 161 900
208 284 154
325 617 788
26 301 275
306 24 968
179 466 759
370 325 24
287 376 380
498 272 72
399 487 986
24 72 984
557 637 89
514 313 997
450 269 791
60 680 894
288 515 385
670 134 167
559 619 909
583 393 168
691 670 804
647 380 132
512 584 640
118 342 172
368 619 327
44 386 708
385 394 778
40 576 480
120 135 213
260 239 600
69 110 244
513 609 1000
355 448 35
296 470 304
217 361 343
599 212 754
410 98 998
408 638 281
615 539 50
220 5 521
563 56 966
689 653 772
101 66 794
100 189 909
164 610 740
280 409 988
196 460 187
629 328 769
614 506 885
265 100 957
680 540 619
596 66 682
203 546 202
633 103 628
590 273 316
147 103 542
300 525 520
636 611 916
82 178 374
42 60 288
507 569 885
65 288 415
569 305 637
559 610 49
608 189 864
695 217 567
426 88 18
59 480 858
152 309 780
700 602 917
545 689 198
262 246 63
287 291 997
604 399 290
199 264 523
456 67 679
695 253 543
443 72 806
626 125 756
88 631 662
183 686 146
253 436 643
550 667 190
269 462 664
565 247 254
425 6 521
229 213 867
154 634 363
394 298 691
251 115 937
577 223 533
178 377 751
346 423 946
420 531 632
56 256 901
75 691 873
19 595 871
449 307 317
515 634 67
88 32 950
120 463 125
666 205 113
558 519 151
449 686 7
139 461 97
491 469 986
10 677 109
254 559 319
291 225 69
275 323 835
272 614 105
470 181 507
603 657 904
22 349 944
571 557 144
136 288 110
363 564 531
291 377 203
43 307 406
243 532 660
190 256 92
32 569 165
420 460 316
628 412 223
258 90 831
56 597 679
42 285 325
465 693 792
451 178 385
9 72 211
182 523 208
11 129 157
240 65 650
323 165 567
159 359 722
350 376 196
45 337 679
590 564 803
286 324 811
433 659 463
199 692 496
3 113 294
546 405 118
644 630 187
64 109 968
664 65 216
354 169 306
281 646 5
593 310 788
674 123 379
429 682 87
269 543 817
128 104 892
196 172 988
228 98 125
252 419 637
700 413 911
596 53 896
47 367 35
463 186 621
345 605 733
17 372 981
577 276 267
141 84 491
155 323 397
497 494 707
624 675 955
383 121 723
90 323 289
261 628 806
78 200 372
323 491 822
565 483 771
253 201 238
513 572 168
282 7 55
612 99 307
221 147 673
115 583 427
9 49 187
270 96 220
44 336 196
641 450 369
682 274 478
275 130 490
29 392 348
268 271 735
344 90 745
35 581 762
196 287 192
69 391 78
288 620 294
180 513 193
164 108 361
175 300 547
405 57 57
220 488 510
421 173 830
587 346 169
603 562 150
276 99 403
568 551 118
122 282 161
1 308 58
667 634 399
32 271 316
83 445 378
511 294 363
283 186 282
130 72 343
95 263 252
16 631 842
479 574 985
685 226 118
555 327 665
110 523 692
149 444 171
24 54 494
457 405 993
229 55 214
686 112 18
91 573 905
633 591 727
201 183 308
640 465 773
230 518 457
341 616 766
163 113 277
36 479 542
332 362 232
451 407 906
157 158 474
197 634 187
579 665 90
77 582 455
475 100 320
605 524 842
531 195 547
204 86 586
495 70 146
119 21 155
15 576 121
40 112 232
594 443 509
580 160 217
300 112 540
270 639 830
374 396 284
250 233 578
262 92 833
384 298 804
184 259 823
169 544 675
49 664 234
666 36 286
46 70 713
77 196 560
134 161 860
54 664 378
623 613 614
659 404 960
683 700 273
145 245 417
198 297 759
564 282 383
535 17 914
467 320 309
306 452 518
489 641 85
56 47 488
644 442 240
597 125 287
405 669 967
41 437 723
488 681 700
613 165 25
478 434 595
430 649 658
656 504 581
660 676 647
459 197 10
649 502 44
203 595 839
312 500 412
465 377 26
201 695 876
39 208 500
54 67 615
605 230 479
3 625 873
391 682 133
108 659 915
109 200 885
178 312 349
537 423 672
365 75 420
351 318 799
219 389 612
685 464 60
18 199 612
190 60 639
259 98 572
298 252 79
475 299 531
17 148 141
294 101 537
168 569 690
488 682 359
336 178 899
293 472 154
378 682 22
683 420 558
553 27 815
9 67 355
133 241 587
110 135 124
633 13 905
682 495 704
633 355 873
614 431 234
355 459 861
112 400 772
396 636 400
294 36 343
592 383 442
400 69 384
96 543 643
599 62 583
405 214 941
521 433 377
438 6 246
362 687 28
21 674 288
263 384 992
694 41 994
206 309 365
51 6 677
327 7 778
145 129 404
322 362 983
644 587 3
3 287 966
451 373 490
420 142 647
298 470 409
150 243 89
461 577 85
601 283 417
444 600 502
151 628 916
445 284 475
123 241 862
162 574 757
338 541 931
270 544 222
444 596 306
286 607 576
304 63 349
251 630 0
98 266 604
123 294 282
352 323 42
597 190 194
369 257 900
299 532 64
420 455 78
452 201 760
392 387 663
236 295 281
470 684 777
559 154 49
337 180 897
475 555 188
170 45 678
93 570 629
300 575 195
597 203 139
97 36 793
610 519 165
1 110 912
442 421 480
300 114 356
164 688 428
99 256 361
647 21 638
453 348 616
209 447 550
503 422 484
346 175 283
208 142 375
32 77 926
619 84 657
2 248 552
192 691 690
533 247 267
601 235 72
441 483 924
111 301 403
5 610 530
385 332 824
98 556 48
517 133 850
380 77 439
163 413 82
318 43 702
185 510 386
232 507 88
275 102 114
669 265 271
637 605 227
553 238 499
308 33 501
235 603 179
56 649 960
641 580 308
437 282 533
12 308 246
175 381 45
10 252 200
622 518 662
212 257 714
336 226 531
661 327 554
187 11 232
602 590 188
267 499 337
528 304 604
252 149 785
498 10 287
150 415 599
130 290 408
134 579 754
478 322 633
101 576 338
193 487 430
127 219 917
262 540 468
196 237 406
217 551 714
452 165 153
551 588 896
211 683 408
590 687 502
505 123 193
502 297 707
606 454 586
540 559 878
9 147 742
77 192 59
117 663 9
121 22 595
543 44 996
151 259 451
642 74 152
684 212 404
31 95 440
565 343 413
440 437 724
575 682 667
332 51 942
105 422 779
497 616 404
652 443 103
110 95 61
670 341 69
288 440 868
563 398 984
564 97 856
265 371 686
640 479 256
657 441 477
646 432 787
545 98 614
325 189 27
396 338 69
342 555 567
572 545 601
359 559 776
206 347 436
5 394 523
322 210 678
57 483 937
442 107 405
505 423 859
67 188 371
296 91 404
12 589 804
82 179 103
597 462 932
578 218 354
670 189 407
668 50 20
648 97 858
216 164 959
100 61 651
36 617 885
315 342 879
669 401 100
307 554 495
9 456 679
494 47 370
174 125 809
396 185 904
408 545 361
508 635 971
626 648 197
223 268 876
185 169 443
8 279 135
93 327 779
458 379 152
496 515 948
351 351 952
280 566 491
486 383 799
124 366 683
322 664 693
424 622 627
37 552 431
212 288 941
417 360 733
183 156 153
193 410 258
211 307 887
78 188 189
524 216 978
366 122 897
473 199 95
667 607 202
208 310 685
449 346 415
410 581 632
481 330 733
667 511 603
469 488 204
80 224 965
531 275 56
472 640 256
505 282 623
240 198 68
299 150 492
626 233 183
219 183 555
69 534 410
441 549 300
385 148 98
53 16 287
503 108 275
674 275 456
86 560 294
159 136 632
149 380 907
274 537 859
445 63 535
513 697 770
159 370 678
134 435 239
625 7 546
499 662 530
487 151 548
153 408 321
491 431 828
284 520 963
641 52 567
93 126 450
655 15 656
696 168 455
527 339 880
278 483 639
643 667 896
666 343 976
432 204 209
45 449 667
97 556 317
488 575 214
83 95 94
576 673 478
183 84 692
441 401 233
572 393 960
65 87 706
263 34 271
668 543 65
315 224 220
610 500 769
326 113 988
609 331 777
374 673 749
199 242 977
606 276 253
142 289 803
336 586 854
385 627 452
316 116 427
212 494 190
317 467 167
7 78 133
242 505 867
600 159 635
557 404 217
340 548 308
157 67 283
296 193 213
218 358 123
30 463 780
558 345 15
680 396 557
347 424 317
593 420 941
666 564 220
22 575 528
183 182 232
296 431 773
626 563 912
182 176 134
568 624 695
214 507 677
239 346 109
530 601 107
566 634 147
605 241 8
434 464 335
413 681 727
179 658 242
5 553 749
700 265 649
2 647 502
316 302 630
151 105 942
570 591 371
101 471 754
453 255 830
135 279 446
337 100 387
603 641 792
487 521 961
559 87 361
549 240 553
550 536 963
482 251 288
599 527 543
126 525 593
206 654 955
520 498 954
347 106 794
354 197 304
303 638 628
538 455 185
57 675 391
17 213 307
335 205 877
436 162 703
436 462 233
201 226 800
666 149 186
624 620 859
442 19 735
378 578 789
387 656 896
110 133 47
39 556 773
552 431 533
416 538 308
396 424 84
157 296 845
151 46 523
316 599 57
13 243 637
596 399 238
672 577 983
635 600 108
606 368 844
22 586 31
329 471 664
552 525 978
656 182 528
588 66 519
190 177 57
695 484 964
69 79 930
212 615 641
344 571 228
181 319 913
346 153 432
109 399 113
79 395 400
537 627 994
632 223 314
500 620 506
408 631 419
273 175 456
94 557 779
515 285 713
319 435 659
355 429 334
196 407 465
141 96 128
417 657 850
265 374 409
634 307 6
200 627 638
237 326 693
114 406 748
483 427 332
451 38 776
395 395 710
15 111 331
230 606 584
152 22 647
406 593 761
552 646 86
346 194 135
142 589 376
540 561 144
636 401 721
196 556 941
567 169 156
139 494 713
352 70 274
168 93 29
272 632 50
464 271 532
511 471 675
229 625 547
372 416 457
177 353 620
546 385 986
180 189 39
455 275 10
439 460 974
528 371 928
365 241 4
157 666 108
556 332 155
21 218 230
531 425 948
142 275 700
606 516 461
11 334 278
371 444 915
503 31 660
399 664 997
289 273 686
264 297 332
90 384 285
527 204 823
98 222 811
470 642 588
164 520 322
133 77 715
544 608 827
72 29 296
558 49 268
357 108 636
12 15 232
379 693 644
630 6 69
374 281 388
349 211 934
172 571 781
202 317 930
173 331 577
455 606 668
176 653 443
409 439 398
128 322 921
128 500 107
296 17 499
655 596 272
435 374 204
663 582 814
96 622 287
619 312 548
532 349 970
94 151 261
652 105 161
387 482 844
90 537 672
478 267 313
104 429 160
459 279 775
62 539 762
527 458 955
218 462 186
401 624 656
269 81 483
357 222 185
367 444 349
239 552 181
629 196 399
181 637 807
308 90 599
51 418 236
633 675 810
499 50 894
289 641 431
33 80 506
381 210 464
334 675 87
444 270 242
189 626 295
13 32 433
19 390 857
694 617 459
373 500 899
492 104 161
582 316 956
163 458 584
362 389 17
111 40 437
481 557 438
438 631 139
475 645 146
472 146 691
582 640 522
242 490 795
189 413 40
263 228 468
89 6 432
269 44 699
204 577 567
4 156 203
143 605 673
473 254 782
199 546 769
462 300 831
74 435 239
12 292 507
41 309 206
482 357 429
173 258 41
8 292 416
509 687 802
409 680 18
436 13 241
295 379 749
528 178 954
692 91 903
56 584 363
361 512 505
561 498 276
353 71 618
30 590 945
263 407 709
414 545 954
247 554 505
673 367 832
681 230 432
555 630 587
505 240 190
108 51 494
241 658 172
571 462 872
197 541 186
90 145 247
442 687 836
670 532 161
550 70 905
8 304 748
385 287 514
63 465 428
223 85 512
333 583 533
277 381 529
149 75 518
488 680 419
553 271 674
350 681 761
118 641 839
29 353 643
299 529 488
553 639 277
70 202 601
546 557 753
243 154 595
232 380 649
75 493 66
330 138 865
197 513 592
527 547 924
16 595 513
345 299 472
478 175 411
67 498 331
418 588 97
104 235 879
621 660 860
426 497 964
355 149 957
49 299 40
516 316 794
170 62 936
122 222 922
18 195 818
649 435 492
73 92 490
579 204 455
644 72 324
495 56 689
551 532 277
311 269 361
16 417 999
256 105 431
464 681 613
378 673 696
500 11 320
231 50 429
425 246 724
174 624 302
613 413 262
28 676 941
609 302 550
663 39 820
243 695 198
168 691 653
196 184 544
557 87 255
246 138 458
536 377 952
229 119 611
258 125 435
79 609 784
653 10 324
177 367 731
238 411 823
65 575 918
330 42 244
532 89 632
620 67 755
448 417 128
233 18 318
665 365 728
365 442 700
8 458 357
453 525 258
548 115 403
508 128 639
503 686 957
66 478 732
11 304 704
74 575 559
626 609 601
48 263 588
15 160 695
700 655 141
571 95 658
314 103 346
497 325 564
154 567 841
628 670 176
434 598 684
334 168 361
107 565 262
463 552 824
149 254 792
375 200 522
470 163 497
216 272 188
492 582 959
194 145 763
594 640 543
683 152 18
249 671 234
689 626 223
167 30 981
10 208 804
52 610 383
480 499 954
592 353 451
441 50 226
436 335 945
22 597 683
437 624 945
296 220 635
92 163 871
215 171 129
502 424 272
520 499 667
172 452 541
74 553 63
236 561 943
407 658 609
524 105 625
303 340 381
437 76 737
469 423 492
256 543 640
529 340 987
448 478 601
562 265 729
264 152 156
193 294 507
525 554 10
148 177 662
406 401 487
11 232 947
181 324 415
181 467 501
350 446 566
476 318 26
235 409 913
637 432 158
140 338 675
287 25 379
62 574 909
618 364 570
55 3 364
528 358 50
4 114 221
643 471 594
372 582 337
122 331 758
60 288 528
254 127 63
655 683 174
583 421 15
227 347 503
68 673 492
199 368 8
151 28 404
438 281 822
631 274 791
692 604 641
308 692 604
198 478 851
431 657 12
127 487 395
388 250 433
410 82 678
311 535 497
71 441 710
215 145 749
435 621 474
653 44 852
412 298 750
65 641 158
131 699 992
14 315 735
515 192 802
578 383 164
226 606 932
427 626 682
567 404 303
111 65 249
249 66 29
561 542 669
171 280 307
72 586 227
601 456 35
55 157 718
319 57 919
376 288 678
172 498 19
495 309 368
649 426 881
360 699 635
392 124 792
453 241 628
109 318 330
572 398 763
141 57 846
426 454 304
266 539 834
297 443 890
523 564 95
653 87 142
313 473 444
402 621 4
191 247 559
70 352 869
194 91 889
527 692 819
279 412 602
386 548 268
434 456 759
315 259 852
426 395 181
81 168 343
330 376 333
563 489 805
518 413 647
261 408 522
697 446 296
328 396 750
417 314 581
430 438 715
164 407 674
532 494 762
477 108 558
532 638 453
268 136 944
186 589 639
415 555 507
532 620 649
176 669 241
516 437 906
447 321 850
425 396 740
444 79 234
600 290 876
277 94 343
302 307 482
460 623 638
642 279 39
138 634 86
71 3 677
4 680 190
491 656 249
93 402 397
104 522 143
1 586 368
644 622 543
59 566 119
455 119 496
213 423 780
627 549 523
380 398 5
241 424 337
56 354 755
51 534 183
140 113 752
494 443 866
112 659 453
182 478 452
276 41 336
245 404 664
403 184 944
402 128 331
325 173 490
46 216 410
216 284 605
625 275 802
161 16 478
141 107 239
45 42 878
84 174 28
608 194 502
654 507 359
71 333 641
418 234 184
240 223 785
227 5 75
13 154 970
260 70 267
174 434 43
387 76 267
400 66 892
251 465 846
194 16 750
328 548 244
123 501 177
450 624 833
93 684 952
697 439 869
351 470 4
82 266 199
541 468 479
455 224 301
693 678 954
77 413 922
639 77 996
111 652 625
348 471 215
327 678 370
438 214 261
279 433 879
436 132 108
142 337 866
111 10 444
15 275 323
289 170 125
589 191 610
692 395 854
475 101 792
405 574 260
419 163 909
396 615 95
556 203 181
95 60 208
553 353 730
256 269 790
140 595 393
65 375 978
627 489 62
165 425 999
686 512 542
133 493 923
282 502 514
256 122 398
394 61 617
397 575 569
543 458 165
365 491 206
153 404 962
207 507 431
692 232 597
398 663 448
43 207 777
313 672 285
355 684 421
417 287 758
329 169 98
641 35 81
51 577 414
4 221 11
615 556 977
109 355 121
541 374 592
171 27 475
446 461 306
267 106 349
150 408 835
491 252 436
508 279 231
427 202 200
4 226 212
40 251 659
27 673 479
372 670 558
586 234 314
7 130 451
410 442 816
533 390 21
387 104 655
156 553 592
385 47 920
200 164 142
177 288 258
684 144 794
227 197 307
569 208 718
125 113 932
367 347 269
147 117 722
16 34 749
28 235 257
398 278 209
465 187 534
562 458 882
675 626 485
136 342 2
613 203 259
493 245 287
12 243 421
626 512 741
3 63 998
58 362 492
454 52 247
557 422 33
45 208 573
110 65 402
338 699 623
542 173 605
334 333 368
223 417 376
694 472 914
3 338 174
163 140 837
276 212 164
497 604 222
53 352 886
552 14 643
380 16 451
696 469 599
227 217 710
39 28 910
229 66 276
544 120 341
462 212 592
619 285 2
488 506 901
168 431 126
101 470 157
402 424 533
14 92 681
5 429 400
396 321 68
198 142 256
528 460 577
632 92 408
669 658 633
524 38 867
569 254 626
103 623 377
435 167 208
228 210 16
359 16 178
191 47 22
587 129 50
142 493 599
262 447 502
624 264 894
59 250 159
637 393 151
308 365 936
563 676 296
358 615 70
514 2 476
491 583 525
577 39 588
444 546 455
329 602 319
658 10 180
358 482 410
239 161 750
601 638 11
146 38 796
89 539 886
486 654 563
146 604 896
211 176 65
308 485 312
636 450 162
607 442 244
675 138 890
4 249 876
239 361 942
524 377 458
101 266 281
671 604 916
206 310 347
296 360 518
247 276 474
599 369 517
286 214 179
218 325 703
48 272 430
3 555 528
182 470 683
320 262 4
617 173 292
517 647 237
430 363 1000
68 259 974
4 295 688
596 522 497
79 131 703
576 129 963
663 128 642
577 114 39
685 25 503
546 393 509
643 545 669
22 579 228
70 89 420
591 478 803
442 186 0
662 248 130
93 368 795
262 590 483
623 290 74
136 431 528
252 289 117
101 163 687
645 635 300
448 348 350
456 126 501
93 473 464
593 224 900
531 406 468
40 237 49
373 659 19
684 256 978
579 636 569
31 119 167
519 18 554
253 388 566
496 196 181
645 151 106
434 344 597
652 470 928
303 269 842
533 619 97
18 329 396
606 160 343
541 320 739
385 45 742
167 534 197
592 366 119
460 670 307
452 456 513
450 667 92
553 17 471
307 222 835
613 591 958
463 6 109
491 638 537
609 88 438
476 370 460
459 420 171
203 573 601
642 309 668
170 392 592
64 59 163
643 671 817
260 563 18
45 73 767
295 388 552
499 587 82
429 123 248
626 231 238
492 653 31
550 45 272
481 22 777
39 88 885
11 150 858
397 644 244
95 34 406
363 566 986
91 556 794
372 31 735
425 385 377
335 203 82
272 648 284
175 554 562
311 553 22
457 205 497
422 528 72
245 608 425
104 635 240
1 266 449
573 88 2
215 231 154
666 608 563
128 137 809
84 557 267
176 241 522
605 382 709
275 409 89
483 496 553
623 479 384
249 370 737
16 630 571
445 19 141
146 397 508
466 447 248
13 91 540
533 328 868
418 539 338
79 245 679
45 9 940
508 177 177
355 335 661
64 64 871
522 305 974
625 424 358
618 619 178
595 203 596
526 608 125
308 680 675
202 219 637
422 217 676
181 417 732
538 520 383
161 294 114
366 543 654
562 33 163
502 587 217
555 334 57
188 264 560
178 12 315
431 351 875
578 228 611
213 590 142
296 583 866
239 66 140
139 192 110
619 347 676
616 626 403
676 114 957
677 424 743
337 240 918
515 464 833
433 550 342
455 39 188
141 184 941
200 606 974
333 685 24
271 645 945
469 571 226
449 190 184
533 618 218
213 329 474
421 314 20
354 341 791
168 419 506
579 102 616
380 103 365
401 551 934
211 123 274
153 670 69
575 582 774
604 689 899
172 345 773
29 55 543
244 358 161
599 683 393
413 563 591
600 657 724
95 241 398
586 534 723
191 384 658
55 393 639
391 229 805
364 172 343
81 686 122
387 179 707
442 549 839
451 78 368
376 120 689
374 434 304
45 676 224
297 131 136
602 626 621
42 154 506
564 151 680
292 586 148
542 332 382
513 590 415
140 55 97
356 244 820
315 298 438
173 418 846
528 666 764
467 551 804
33 620 455
570 87 929
60 84 531
280 463 74
477 29 140
437 92 742
526 94 374
411 331 313
387 463 130
278 391 953
317 519 186
495 613 569
441 21 758
105 452 815
493 44 162
697 659 79
149 649 712
526 98 142
653 78 260
266 365 24
624 97 847
84 333 910
569 591 430
309 556 833
386 438 86
214 136 42
236 446 942
536 642 671
424 156 756
85 337 87
209 559 874
284 124 791
294 562 851
446 47 932
523 355 474
261 348 274
276 154 144
628 684 828
561 225 721
353 165 656
591 59 601
608 509 777
130 23 88
347 496 267
664 227 116
547 278 582
248 630 153
257 403 279
347 508 185
599 687 728
83 221 79
655 214 903
515 293 630
391 236 639
467 133 589
15 632 576
201 653 534
365 618 570
114 643 516
436 169 474
242 656 887
499 439 363
481 428 548
482 470 333
172 20 114
558 262 41
346 549 502
86 134 519
671 445 264
605 554 160
256 95 154
510 441 59
263 292 719
281 695 0
500 653 762
402 502 378
399 304 150
170 382 972
359 287 882
617 179 652
504 352 513
311 313 469
84 330 855
421 502 952
191 231 534
609 283 517
337 297 169
88 278 451
576 427 81
136 438 689
202 390 691
211 111 220
339 648 958
174 144 545
552 522 808
220 635 922
519 425 782
20 253 391
370 112 640
101 175 119
653 137 887
93 156 502
443 26 971
35 618 424
608 161 550
158 655 207
190 42 170
215 88 527
203 512 836
73 143 753
220 62 439
622 327 517
302 93 275
458 452 139
479 210 359
502 70 443
569 151 340
186 468 998
346 644 473
126 260 862
40 68 727
349 149 773
298 669 799
450 619 90
466 448 66
235 646 273
451 439 905
503 656 184
510 554 304
515 298 631
118 143 671
99 93 911
600 51 823
373 145 252
93 47 883
467 175 204
654 592 426
227 421 353
42 112 63
361 400 906
601 634 836
323 360 551
271 96 644
559 654 375
269 462 750
652 574 282
634 486 724
411 177 369
613 124 853
330 545 714
412 401 460
57 68 220
148 636 772
586 394 10
531 668 416
166 402 451
316 62 613
688 95 807
448 567 57
596 177 182
569 1 759
266 516 983
696 140 75
414 143 617
25 523 922
53 320 575
73 700 334
412 220 0
11 520 314
626 58 635
14 59 179
696 269 824
68 136 632
569 447 558
96 578 445
521 263 761
277 444 216
645 319 442
495 630 146
477 421 17
107 25 823
403 59 737
502 440 298
190 419 34
364 364 16
158 40 336
28 471 333
186 335 997
615 391 5
52 342 101
379 570 772
454 637 839
424 484 767
340 200 768
639 113 341
573 206 638
421 632 701
653 401 445
529 450 214
21 163 799
683 109 139
368 608 444
240 389 841
590 376 825
391 437 478
665 605 16
275 46 592
158 479 657
542 178 44
403 166 791
465 368 745
276 64 265
6 653 76
43 12 210
246 5 183
183 405 463
271 108 761
280 384 766
304 158 277
521 60 408
265 165 150
678 287 82
119 399 912
386 402 516
286 192 130
464 245 146
478 690 103
399 420 888
623 517 7
57 507 354
233 200 452
286 408 379
413 361 604
203 663 546
166 212 790
36 267 920
212 90 136
70 242 246
645 229 632
355 68 38
550 554 941
522 60 527
264 316 799
513 330 463
119 664 882
482 113 169
460 229 865
232 270 440
687 506 667
289 461 443
209 345 691
95 162 779
472 348 398
622 226 13
514 90 30
31 490 651
343 608 639
434 258 653
237 58 815
678 386 647
481 424 500
311 12 383
555 516 333
290 221 540
411 246 968
216 53 74
271 128 171
493 409 602
416 359 521
240 422 738
460 281 195
158 658 865
328 116 517
604 45 24
58 592 577
588 691 737
276 319 943
436 277 681
172 289 201
341 533 997
12 656 516
374 92 176
388 93 656
410 295 65
307 552 133
271 464 424
60 174 747
606 4 712
660 520 4
363 8 93
623 589 654
509 170 737
606 688 451
584 258 818
286 289 749
32 524 452
302 36 77
389 194 309
124 371 209
600 108 291
605 97 107
533 561 573
270 696 573
659 617 871
239 243 312
360 273 3
123 650 69
88 373 632
244 29 94
680 192 159
683 544 526
79 632 194
613 285 933
132 515 93
128 329 85
576 343 774
554 600 130
574 658 794
460 434 251
208 361 594
247 115 621
530 565 65
266 213 462
562 637 440
268 177 542
6 200 690
265 356 849
645 107 970
261 326 178
379 631 441
687 206 949
180 574 319
464 155 331
510 96 998
391 24 688
162 15 269
592 599 327
478 240 390
74 273 728
250 387 291
381 238 183
377 111 937
133 185 381
681 462 839
434 251 203
176 557 520
629 600 234
99 474 2
290 587 152
144 621 330
334 248 76
695 353 544
487 315 157
70 366 889
238 514 211
320 351 98
270 190 773
125 443 129
369 313 815
123 464 697
584 427 563
441 64 875
657 363 211
85 553 627
575 130 15
699 449 496
314 455 908
639 540 138
607 352 648
491 693 469
8 624 959
1 428 946
82 500 276
348 102 875
569 388 918
270 595 517
565 294 858
72 507 450
2 354 183
604 451 68
78 76 224
626 173 669
176 261 196
515 229 428
576 154 62
285 303 610
600 369 264
574 640 1000
264 100 712
278 207 520
492 691 52
589 369 297
670 127 658
346 595 366
63 270 519
320 406 286
271 673 742
9 277 932
238 86 831
462 344 986
582 498 254
613 317 354
300 382 131
395 665 926
99 115 617
605 307 995
220 592 412
610 297 795
451 177 843
631 413 788
665 466 665
176 130 160
431 561 864
292 408 478
610 433 463
63 26 0
537 96 410
122 435 390
401 187 149
401 440 937
411 138 742
364 150 436
285 320 50
499 138 927
102 555 449
25 68 731
671 583 234
212 399 409
670 383 762
25 575 265
243 259 770
558 316 123
153 663 923
197 616 857
531 475 241
239 519 163
624 313 748
118 137 368
4 606 785
604 654 117
151 354 784
679 319 643
428 514 757
603 414 772
542 272 25
115 425 324
592 254 854
25 656 380
216 434 672
318 454 683
152 528 162
78 296 206
320 429 229
457 197 147
421 213 458
44 436 895
500 283 830
658 217 207
207 356 223
64 354 123
428 6 523
285 189 919
270 445 935
619 480 637
235 15 195
188 307 151
586 338 425
13 342 113
355 3 152
309 25 594
157 60 828
173 549 627
307 74 923
665 662 713
628 610 120
201 448 877
65 295 802
37 57 362
385 588 163
353 117 56
530 102 219
359 334 183
447 353 544
95 506 631
182 125 301
234 571 314
120 582 458
578 264 476
11 294 158
552 165 822
635 41 588
503 489 362
410 202 864
114 480 704
443 516 821
99 23 995
410 210 651
672 76 654
477 83 829
227 377 254
95 18 795
415 153 435
46 284 261
296 680 31
84 349 56
31 335 149
414 273 553
209 279 371
555 85 991
483 239 294
424 395 390
539 630 966
633 441 250
431 165 939
72 608 255
200 169 528
311 85 852
552 414 857
95 318 812
77 563 260
651 639 140
322 324 295
496 343 870
487 344 542
104 261 363
550 369 885
604 88 972
561 184 740
503 451 173
140 681 240
364 684 736
366 81 403
650 275 2
463 248 502
468 208 5
690 309 415
523 311 610
595 670 533
65 164 756
430 421 259
524 333 10
467 57 131
690 609 401
426 217 349
353 247 202
166 350 570
666 72 806
406 12 860
480 363 243
26 345 916
174 533 711
306 141 433
467 214 970
576 507 982
196 634 852
261 525 125
460 526 558
118 620 863
254 347 366
380 483 906
213 287 242
233 669 542
601 384 228
595 563 776
99 453 855
656 230 565
424 409 213
699 22 343
10 638 943
635 4 705
666 455 7
145 454 5
196 373 395
590 210 318
107 80 218
225 56 311
214 207 788
194 294 811
353 309 868
449 383 740
285 481 576
242 245 409
556 144 270
25 226 614
454 628 832
422 101 610
115 282 256
562 685 796
282 566 298
344 190 97
270 567 426
393 89 386
506 181 200
471 576 86
49 273 349
321 218 413
514 446 240
606 105 291
100 430 133
274 235 611
376 89 62
448 154 660
30 305 20
275 583 775
641 278 592
430 433 466
241 108 628
627 124 911
306 315 759
425 660 529
464 468 633
81 246 942
377 498 666
333 543 894
334 162 568
664 474 324
387 238 258
265 468 50
224 501 694
63 334 0
653 503 55
697 408 903
488 588 332
180 533 34
42 88 251
589 16 9
142 657 875
193 211 155
338 478 352
384 600 695
539 178 152
226 466 898
582 273 511
636 633 996
552 470 712
79 647 460
679 581 904
645 549 375
135 43 266
184 188 568
172 25 606
525 106 531
271 67 586
219 200 192
149 372 217
80 78 461
399 370 95
20 534 91
37 334 946
632 362 387
158 248 470
186 300 970
190 380 633
611 621 39
302 260 443
452 108 206
430 346 884
136 270 284
215 633 455
148 535 868
273 628 785
321 552 853
654 474 664
604 90 855
615 108 24
395 325 872
175 608 111
626 36 169
513 39 554
533 136 979
483 446 730
224 429 354
515 29 941
92 207 856
500 596 670
660 542 423
611 260 362
644 361 462
387 524 550
110 298 762
307 337 196
358 149 16
433 376 276
259 60 333
181 574 900
585 438 75
577 350 729
584 251 724
577 317 198
700 420 55
621 453 976
672 607 339
186 268 257
294 227 107
429 84 981
317 203 969
666 129 800
77 458 495
276 180 113
372 556 461
57 168 285
491 6 797
414 195 690
398 278 788
696 516 989
40 270 582
233 134 873
167 692 567
98 151 489
609 695 350
286 368 443
691 583 0
15 254 434
44 64 24
383 432 669
131 378 524
117 494 313
50 503 47
272 263 291
587 510 883
500 334 694
431 168 213
407 482 762
447 252 742
359 593 380
289 180 292
397 128 38
477 249 410
528 462 38
436 639 127
244 165 586
181 43 329
359 284 624
588 391 964
54 217 544
245 542 697
321 623 557
292 145 414
646 190 92
673 665 972
231 658 735
253 115 615
115 438 397
534 33 160
242 192 507
16 374 268
435 57 395
118 380 865
450 346 846
136 365 56
195 437 8
575 54 922
14 270 249
602 50 196
49 518 137
492 218 370
294 679 684
131 390 571
657 90 205
61 112 866
441 554 192
458 170 854
195 338 948
251 416 711
428 376 385
271 157 648
7 474 942
566 502 161
693 458 52
242 633 88
570 389 633
71 484 154
584 268 992
604 58 232
450 315 378
191 528 352
628 10 35
556 394 906
516 142 174
372 149 758
0 244 116
46 22 837
590 220 984
274 467 266
155 428 302
52 264 799
509 192 118
334 611 525
504 344 353
591 434 791
129 164 725
690 83 974
303 573 27
589 679 40
271 565 972
606 304 727
50 40 20
14 602 496
611 540 9
266 571 914
189 478 902
321 309 203
639 456 631
257 147 482
571 612 587
361 117 205
175 226 525
337 632 7
178 484 623
10 37 54
266 682 270
687 482 677
349 203 401
666 582 456
498 100 344
516 94 853
273 586 410
132 261 457
690 588 226
580 99 891
106 311 677
218 182 54
630 75 40
365 616 945
87 486 203
422 155 603
349 233 530
0 437 559
433 469 823
676 449 811
586 353 909
142 686 21
323 612 201
52 357 238
152 350 941
154 323 126
115 227 278
17 38 68
668 86 641
648 488 418
275 175 993
49 101 39
121 505 685
318 358 308
695 275 474
472 88 241
92 653 84
167 550 548
282 605 227
468 232 66
652 428 520
160 670 543
554 114 991
536 251 359
552 313 556
689 511 826
396 649 856
109 81 518
548 96 77
8 635 142
264 170 313
29 317 660
94 136 372
268 295 97
504 622 740
281 597 436
9 686 511
689 545 231
430 441 841
473 412 838
52 272 718
265 264 478
374 225 521
404 157 106
594 52 244
668 463 159
441 302 199
552 584 805
390 438 942
391 328 127
600 613 73
278 158 51
410 666 268
451 502 730
607 253 331
159 223 673
25 218 165
206 418 510
649 456 901
555 691 221
63 34 703
302 698 550
625 47 402
262 315 506
442 331 459
158 608 167
600 630 170
158 544 690
646 35 940
99 375 747
243 147 849
559 115 373
474 649 160
17 129 759
524 660 660
622 43 429
35 262 297
296 255 445
228 42 845
679 135 320
387 635 860
165 340 166
515 252 471
581 116 397
548 360 217
216 558 731
560 658 228
433 320 924
607 445 695
640 364 299
538 281 938
92 640 907
321 167 114
535 366 735
136 345 73
0 551 661
165 413 860
605 651 8
473 266 777
282 507 248
465 653 998
30 470 538
366 193 988
325 95 745
255 690 231
330 606 682
236 404 127
663 107 824
557 672 380
275 581 479
372 385 124
658 623 393
629 660 272
300 439 439
366 184 521
310 545 835
367 45 573
560 691 763
469 558 973
0 33 201
499 164 991
617 558 103
94 168 97
309 45 587
256 627 734
203 670 201
357 26 657
104 312 365
683 690 800
485 618 82
286 638 528
274 127 974
333 256 900
672 699 168
136 639 338
21 185 848
258 91 684
41 323 906
275 244 695
78 607 398
145 424 182
444 258 763
24 562 80
218 180 517
6 342 875
359 124 441
100 199 190
375 381 677
17 596 631
602 92 959
679 69 217
483 509 917
327 196 67
221 604 313
635 414 599
313 667 654
425 113 381
96 401 314
515 260 544
350 69 566
194 144 286
279 150 180
375 345 305
449 458 352
77 508 532
185 411 291
427 206 551
477 42 640
273 351 908
682 524 544
474 81 783
353 78 33
89 383 810
315 25 428
668 548 192
327 153 36
467 13 189
306 469 5
172 318 715
650 351 922
315 256 981
309 358 556
47 578 665
640 416 64
296 41 662
172 545 386
407 168 655
106 462 371
182 137 323
259 481 475
84 509 671
625 33 923
289 289 921
545 407 331
564 278 812
668 135 701
256 369 575
294 371 36
696 266 714
546 464 532
660 565 917
677 29 871
416 300 230
343 66 543
236 513 495
226 444 97
158 370 898
228 521 162
408 47 81
44 205 540
511 441 648
515 415 362
615 526 969
202 479 929
529 25 513
35 68 69
4 253 177
685 209 613
617 492 559
550 635 59
528 61 764
182 103 374
482 73 918
402 64 974
24 158 24
104 267 838
392 41 71
99 100 813
537 427 161
157 109 86
82 587 832
141 648 405
404 181 42
696 190 983
415 321 713
405 216 753
158 531 611
403 142 509
536 406 908
602 99 539
460 18 377
240 78 726
329 469 500
227 361 935
175 594 218
619 117 302
34 577 822
515 131 73
142 510 939
323 538 278
640 448 28
677 154 902
440 335 942
95 375 736
673 239 381
455 259 772
292 677 460
86 696 779
28 469 271
566 148 612
203 44 101
127 395 3
484 407 791
82 571 176
675 426 196
680 446 297
281 610 298
144 563 928
372 156 669
218 102 61
204 36 538
280 131 662
402 467 523
629 593 278
501 597 72
558 352 489
64 336 742
11 691 446
199 580 281
336 50 591
645 246 602
200 422 411
248 210 464
499 501 782
7 7 341
277 159 951
283 636 701
658 338 211
566 143 155
617 212 859
49 492 507
484 526 30
361 426 898
61 525 55
128 241 409
191 369 605
440 472 529
166 252 438
558 24 226
455 27 239
290 208 686
555 598 721
227 653 612
514 74 17
98 416 236
293 165 185
67 186 410
675 174 780
535 280 72
627 232 754
200 216 436
60 660 777
278 234 609
465 213 76
529 28 342
698 640 316
356 639 635
424 252 178
360 152 961
452 475 402
306 482 279
477 678 672
585 72 418
324 696 177
428 613 521
185 512 662
435 531 546
45 226 423
216 620 667
4 503 979
140 498 482
65 348 292
528 520 881
139 470 272
60 195 10
152 360 409
75 651 30
50 133 197
368 643 394
396 665 979
278 443 496
588 531 664
50 163 423
629 129 802
281 639 520
303 625 427
372 560 792
403 632 931
615 361 354
658 537 810
119 295 400
145 635 325
8 229 397
490 584 540
34 414 154
165 278 329
216 505 65
572 260 322
2 616 679
696 494 619
511 352 66
472 506 12
377 231 52
269 355 793
391 497 248
158 483 25
193 269 197
507 20 72
599 79 635
536 386 230
631 659 271
587 657 909
274 299 79
15 537 961
551 634 39
136 119 495
48 305 735
534 305 727
443 465 856
168 700 535
112 89 899
626 574 515
83 534 458
623 674 852
698 323 653
126 507 343
290 409 356
543 199 549
328 293 358
647 213 523
657 680 722
447 682 26
433 662 185
234 574 718
587 229 475
383 148 697
238 316 313
479 463 812
145 172 323
646 433 531
517 599 66
163 491 77
186 494 94
470 289 124
690 304 500
518 10 64
283 368 798
209 313 872
83 282 584
8 442 568
562 455 559
386 166 833
670 653 176
38 228 940
562 606 727
47 462 59
563 247 833
21 623 406
254 458 439
406 668 568
254 114 54
168 455 688
328 635 38
612 240 312
372 656 300
528 621 678
332 86 435
558 469 232
78 411 50
83 428 459
655 569 480
84 682 893
90 631 233
118 560 491
317 593 675
165 319 630
537 491 352
579 59 789
575 67 445
250 204 379
585 196 449
182 277 496
45 552 809
395 81 588
683 647 792
416 442 887
29 37 147
415 22 138
394 175 208
64 609 650
439 365 460
176 537 978
187 326 296
195 386 885
132 610 428
300 298 391
581 6 238
386 264 706
374 89 704
185 438 152
647 411 319
514 46 903
433 340 145
327 394 310
30 316 59
18 508 378
77 64 780
494 631 600
660 326 941
587 57 195
499 304 896
490 527 525
468 343 718
221 209 381
143 397 68
158 634 389
616 655 190
311 624 947
509 571 192
123 328 289
302 270 808
258 369 757
296 227 888
235 114 606
426 232 748
466 440 388
415 395 110
90 607 346
34 217 288
629 118 453
226 526 530
219 647 139
259 360 589
122 305 618
628 2 118
386 179 711
467 45 63
16 451 671
18 684 923
625 599 698
590 364 112
686 83 719
692 221 77
649 120 535
336 97 264
204 355 392
639 291 839
327 357 52
15 545 126
22 35 250
113 122 835
64 619 60
33 9 840
630 388 651
27 72 765
26 234 774
584 411 831
473 364 507
121 57 528
263 266 412
453 583 731
654 103 972
307 284 725
553 481 276
217 218 210
392 498 351
342 379 741
364 576 930
430 329 286
534 681 623
499 362 854
494 317 496
76 594 44
450 579 484
47 660 981
362 151 798
6 224 101
67 553 357
441 378 961
598 146 463
52 600 438
58 250 269
528 166 669
576 63 614
359 114 22
648 356 67
7 294 503
661 120 271
193 441 462
478 350 681
426 335 649
305 279 258
139 187 48
144 65 569
294 344 623
246 90 263
585 318 659
64 482 908
317 225 995
10 89 500
522 66 158
678 474 889
641 35 636
631 404 903
187 411 475
502 107 303
50 538 977
10 151 27
690 448 141
494 311 471
164 437 678
596 219 777
115 27 582
2 31 764
539 99 320
403 571 23
362 600 70
316 61 244
129 175 100
53 487 639
616 245 373
155 217 981
77 131 86
633 396 324
603 255 452
214 595 506
665 523 221
55 436 731
109 646 462
429 595 451
682 491 788
640 363 815
330 343 169
530 210 882
16 644 617
30 645 296
697 3 101
561 345 377
91 677 136
630 60 355
349 568 581
430 127 514
95 385 448
247 640 80
437 288 457
340 492 371
271 679 91
6 11 702
516 67 582
536 100 30
480 100 932
296 283 310
486 470 425
522 534 29
546 223 339
3 514 429
489 446 237
67 326 97
329 174 124
513 407 405
496 2 951
163 309 102
294 271 930
614 337 242
458 27 47
157 494 992
302 110 642
233 68 61
688 102 691
274 615 84
623 333 793
155 253 483
22 475 870
119 33 111
338 249 211
303 87 567
415 606 276
609 518 255
545 223 151
285 83 555
640 407 736
60 188 236
144 459 849
203 315 309
70 221 136
142 587 758
475 326 27
651 603 223
612 290 836
304 327 526
419 497 836
139 465 35
241 562 597
618 83 931
241 609 599
51 423 782
147 566 44
414 630 461
269 178 620
32 211 669
437 630 279
105 36 224
484 84 404
666 233 5
604 684 976
385 660 294
107 501 955
301 287 911
583 384 866
74 390 872
583 578 384
183 64 183
76 498 398
145 609 961
132 44 398
446 540 26
681 200 13
453 596 406
205 69 866
659 554 425
20 293 751
245 660 590
4 364 704
58 299 751
605 215 437
177 231 505
312 125 880
316 416 78
522 554 199
292 325 255
360 153 619
61 554 419
366 358 507
261 304 883
183 653 557
322 214 711
319 619 911
623 497 850
372 134 572
509 296 647
31 2 884
488 216 949
94 235 635
482 468 358
252 542 478
74 457 162
440 407 139
4 293 820
550 422 927
288 524 847
2 513 84
162 586 104
664 314 321
1 309 735
647 500 540
626 358 642
533 638 710
102 214 723
275 119 413
113 217 369
467 413 770
513 624 160
378 599 624
406 354 887
658 186 911
272 93 404
614 137 90
257 459 282
214 109 625
589 381 102
264 574 380
27 223 827
225 425 824
641 647 867
533 318 449
555 525 185
512 545 623
437 500 136
34 347 551
700 177 69
544 645 340
159 230 170
622 524 443
433 333 792
307 500 545
688 222 700
219 78 313
691 338 918
559 250 228
397 30 339
275 535 502
241 522 111
606 321 571
588 569 440
333 600 225
101 339 450
402 530 793
157 99 805
686 536 422
191 506 290
483 505 57
692 347 427
169 587 579
391 680 360
430 253 18
79 697 617
64 246 264
688 343 915
432 286 774
224 332 762
284 170 177
256 666 541
455 565 840
421 580 386
398 463 789
432 123 783
277 124 765
377 297 302
151 103 519
552 230 729
138 492 752
378 335 267
86 354 994
581 314 554
95 583 533
551 655 543
579 260 64
348 284 851
192 457 868
421 237 303
681 291 807
635 287 156
294 145 572
362 522 992
667 89 893
241 71 969
438 442 35
649 535 978
295 332 520
79 443 484
580 679 538
440 521 447
625 574 354
426 109 161
633 515 387
133 143 428
62 501 899
42 204 299
600 409 576
399 485 999
573 93 154
474 506 437
159 33 567
115 111 542
207 94 26
398 231 242
609 677 414
101 141 66
160 453 510
82 560 70
137 466 301
316 628 152
76 580 599
295 613 956
191 626 822
129 185 261
261 660 231
564 607 263
298 58 672
62 92 217
515 104 915
441 479 15
111 222 749
567 301 471
60 679 770
640 573 142
691 235 957
250 305 11
367 20 367
540 324 946
526 251 295
615 507 805
605 418 67
354 512 901
431 207 936
258 80 23
248 104 639
537 166 369
599 349 26
508 431 498
546 598 856
511 507 728
33 473 520
126 592 162
435 27 344
137 180 550
666 22 227
569 132 340
490 339 123
383 118 599
607 166 99
143 427 905
381 530 83
91 259 932
471 443 229
489 27 658
49 493 53
65 34 665
196 538 930
313 605 925
515 171 767
303 294 560
494 662 449
684 98 895
169 164 813
521 355 777
255 54 171
437 286 152
88 122 636
111 221 247
390 683 41
134 414 936
688 638 575
16 430 920
339 274 704
48 493 757
126 87 414
224 535 808
389 292 403
94 584 530
242 517 415
49 77 561
671 359 668
665 322 562
542 548 631
299 543 239
421 203 286
641 463 106
321 51 741
111 25 261
392 259 84
88 446 202
309 624 124
248 179 621
695 223 179
75 382 773
494 367 95
396 128 70
267 653 795
365 268 384
535 274 718
547 287 544
680 23 607
350 575 537
252 319 32
641 25 448
51 456 404
343 690 147
236 414 73
610 127 693
218 491 680
333 117 589
51 170 806
675 656 782
430 434 369
139 442 444
628 7 484
177 180 507
277 163 588
163 244 413
614 91 784
650 229 52
531 434 78
117 400 323
190 458 392
639 577 284
88 396 407
336 143 870
564 358 956
20 543 394
289 207 659
478 207 41
181 455 678
150 304 738
581 408 955
334 587 403
65 301 818
138 59 134
367 508 915
12 162 836
242 445 611
561 475 999
659 115 319
580 33 357
302 393 106
614 16 691
521 235 790
549 189 557
562 17 318
109 20 642
5 493 825
441 649 156
681 435 995
5 199 349
344 595 5
365 139 888
92 642 479
282 205 315
653 379 545
307 346 106
59 583 806
429 214 742
408 385 348
339 553 98
316 612 596
594 306 109
658 0 908
438 264 728
483 574 260
90 563 435
436 265 151
355 254 201
203 91 884
160 125 859
525 10 913
393 350 930
330 556 510
35 61 197
539 681 266
676 427 395
420 321 602
38 448 221
589 489 472
330 71 855
510 469 32
636 594 954
311 190 409
35 341 455
679 285 939
551 18 171
203 437 452
646 585 29
319 296 728
533 419 343
283 635 785
654 438 685
294 110 251
334 376 670
649 94 577
222 341 808
56 5 146
576 244 896
139 648 530
407 490 127
313 378 663
647 482 261
251 666 724
65 467 113
112 150 383
197 638 764
538 495 151
653 636 607
686 621 602
68 33 486
328 363 279
31 265 555
364 557 31
143 217 65
338 630 720
322 188 656
577 14 848
442 505 125
254 578 998
630 619 594
58 669 546
371 366 68
685 11 276
352 327 628
15 255 420
75 468 697
11 39 20
250 489 404
662 631 397
184 626 117
700 637 105
442 669 899
87 555 720
367 261 451
16 195 77
426 164 400
559 279 751
180 691 227
667 514 548
137 244 512
145 334 782
149 69 330
650 463 316
487 211 698
610 571 33
374 266 199
395 275 395
224 697 804
465 65 205
672 254 913
480 67 225
507 257 552
535 95 18
0 272 932
553 26 936
66 39 181
531 184 728
691 114 848
384 444 100
186 356 841
182 187 156
181 95 67
143 88 20
142 166 689
526 321 345
649 642 812
683 373 903
313 436 895
421 609 926
658 286 391
576 424 796
288 139 738
612 240 585
423 641 703
149 459 542
448 438 667
627 430 317
417 401 375
542 507 230
534 288 927
486 420 102
205 182 260
619 583 974
429 662 879
58 172 473
462 185 162
606 319 985
535 75 305
526 42 871
44 531 105
510 447 124
59 412 122
600 620 497
506 156 261
599 403 13
405 290 610
101 157 493
110 663 616
359 181 458
181 449 172
218 21 798
605 196 106
182 246 590
329 3 938
263 449 269
494 144 385
91 572 744
109 42 3
356 2 562
562 538 616
592 357 477
463 441 673
152 619 141
347 191 901
685 364 17
147 212 278
548 231 991
29 467 106
440 248 335
394 439 25
405 87 793
462 529 145
254 592 942
543 59 242
477 530 280
240 10 456
485 163 19
270 435 881
330 286 22
400 543 298
253 665 933
259 545 142
233 504 443
108 273 214
251 266 235
62 285 202
381 529 440
117 481 11
475 655 234
389 634 970
148 156 328
372 548 919
662 191 918
270 458 821
694 548 926
498 314 617
114 603 744
325 120 911
601 513 557
265 177 426
458 184 379
638 66 194
518 375 487
475 152 768
89 608 574
161 432 197
616 578 895
314 289 339
424 675 542
275 420 122
406 227 485
402 684 186
73 602 705
662 228 739
486 39 96
105 511 424
354 295 603
125 441 968
253 434 333
404 350 689
632 389 679
139 644 795
315 497 179
343 133 724
624 470 79
101 658 158
8 365 891
561 400 493
517 498 384
463 483 496
348 368 711
424 17 792
559 183 691
368 460 225
43 160 184
0 33 548
696 144 345
631 584 711
414 537 385
402 688 452
153 558 852
450 21 721
114 223 686
697 408 670
49 593 714
355 427 951
397 575 51
606 240 701
320 680 322
96 161 7
214 155 370
318 354 716
55 42 86
648 207 840
64 656 299
548 300 273
352 615 596
312 525 618
561 17 816
281 427 393
278 619 666
594 425 260
344 54 464
569 412 43
146 525 970
602 151 100
387 250 788
551 566 571
625 331 543
662 451 858
140 155 578
547 230 875
347 676 711
128 480 504
10 137 926
531 626 486
47 139 534
643 186 290
142 65 331
65 314 19
695 4 532
327 79 987
600 639 95
115 654 260
411 225 106
93 379 596
133 138 268
271 55 216
259 689 341
588 643 581
13 225 3
359 501 744
334 564 522
693 515 295
292 399 155
483 552 802
376 667 745
528 682 710
241 244 776
217 446 57
303 583 202
170 73 344
62 91 711
269 696 152
342 117 57
640 664 86
512 364 916
516 87 104
330 136 420
393 269 493
89 408 380
107 555 776
569 348 533
17 79 889
392 100 343
319 87 915
543 162 594
436 699 907
264 610 664
23 457 153
364 53 659
415 383 61
119 255 668
475 509 549
30 119 36
635 436 735
314 87 788
72 655 71
637 665 733
500 528 719
432 299 842
248 573 740
612 334 368
307 429 992
614 259 668
479 694 709
624 478 980
683 6 121
352 43 984
163 347 964
483 450 733
318 36 302
551 400 539
693 333 987
222 463 865
621 404 207
519 503 690
440 470 964
162 75 400
287 187 413
124 252 84
96 334 913
567 367 159
8 699 721
236 641 360
44 524 410
364 612 181
290 139 567
202 210 277
38 346 350
651 317 376
548 303 576
638 43 827
135 415 916
660 557 867
629 454 223
672 464 54
445 157 567
292 513 27
594 95 633
474 683 545
163 128 514
413 521 717
56 146 804
374 102 174
471 383 276
51 379 406
208 289 127
293 445 716
305 575 779
523 117 80
604 500 352
475 664 62
256 665 519
669 122 837
298 577 537
546 394 611
495 180 548
20 411 133
287 146 502
663 283 242
44 628 247
550 294 458
145 117 776
142 483 499
580 198 881
629 389 794
602 64 439
159 249 891
455 607 255
204 580 313
352 596 605
16 37 391
122 20 721
194 31 695
387 542 651
596 140 15
598 89 73
599 39 955
665 373 136
443 317 372
293 680 179
523 194 138
412 204 309
31 304 261
112 662 495
470 354 775
513 542 768
387 393 926
648 410 67
287 106 356
418 330 878
602 582 966
246 98 324
466 468 365
500 117 452
391 442 570
86 445 252
510 41 446
548 571 817
176 500 387
622 0 397
177 337 67
258 93 314
446 255 833
247 538 609
396 70 382
34 424 797
214 274 507
285 157 955
165 484 406
306 570 113
129 281 791
30 28 57
65 14 723
177 690 865
608 560 30
589 315 898
556 476 838
284 172 397
417 320 606
124 319 783
680 227 855
143 623 610
181 107 777
437 373 388
579 250 352
306 270 500
176 208 473
224 166 759
438 71 346
507 553 322
68 574 458
360 146 380
486 175 834
193 20 362
367 310 558
409 380 554
650 265 448
224 556 93
451 381 549
199 324 349
385 288 974
395 192 396
531 148 708
334 555 287
358 480 385
157 477 208
491 28 454
434 64 760
688 352 929
547 579 456
39 259 617
460 310 680
503 666 315
328 236 665
671 483 235
158 72 278
42 642 9
477 439 879
342 202 334
667 293 559
246 697 871
0 261 96
473 52 718
519 68 93
72 182 867
36 688 397
382 291 135
252 166 12
304 312 16
479 7 486
43 142 466
155 46 451
37 417 574
185 316 926
106 462 33
345 271 120
418 368 565
102 230 186
221 649 484
129 173 938
392 568 976
225 111 590
113 98 774
44 570 374
592 630 272
475 627 945
85 638 145
653 687 335
152 586 540
109 112 100
132 119 277
490 593 315
191 402 245
215 229 339
228 399 674
267 541 65
69 269 121
251 353 141
411 440 346
517 108 369
589 226 202
684 529 117
40 546 164
453 174 528
543 113 360
428 125 474
359 582 162
301 322 523
664 283 944
480 304 282
89 567 983
524 145 436
109 105 951
139 376 567
16 643 421
217 73 149
494 326 904
262 239 653
448 26 301
506 316 401
450 502 775
218 616 747
76 621 577
13 313 184
336 618 549
54 70 569
199 24 471
487 253 165
177 499 679
43 336 621
346 106 137
616 469 488
604 534 213
135 333 271
355 260 318
132 17 582
311 237 913
255 510 882
121 228 656
672 467 22
501 149 647
341 159 779
646 511 591
632 351 393
396 658 474
677 560 503
81 372 69
529 317 8
302 210 724
8 212 138
157 152 281
65 413 87
233 13 30
386 626 168
487 96 631
265 32 145
428 694 67
684 676 628
218 395 244
228 164 295
485 524 868
582 441 295
164 292 26
471 448 143
511 267 38
344 15 945
592 62 82
361 628 921
68 405 311
524 343 216
115 122 161
232 663 929
631 513 28
192 275 460
267 439 851
221 562 626
370 425 744
445 223 904
361 338 490
244 341 807
354 15 948
464 639 406
43 167 312
286 653 626
234 447 306
190 390 209
85 88 195
515 94 571
86 188 554
0 482 553
105 472 443
525 282 534
223 324 351
22 400 400
537 188 866
157 16 739
418 203 830
1 83 774
455 258 559
650 351 270
68 86 658
564 667 249
587 677 915
4 122 375
324 176 511
687 104 569
488 445 349
466 434 435
263 461 631
588 87 925
664 479 845
252 479 58
681 153 412
554 683 806
330 382 384
301 128 775
658 350 182
426 620 747
130 271 846
189 251 165
371 577 33
460 603 523
6 105 357
403 277 306
483 160 482
590 528 167
365 28 618
519 604 555
634 50 359
508 542 590
618 245 771
594 72 545
509 343 356
344 603 846
176 546 119
39 175 717
143 598 603
368 468 426
559 40 246
522 556 155
605 16 784
613 443 547
540 674 487
220 466 250
21 78 560
363 233 653
668 330 182
651 29 965
561 23 274
216 144 830
582 136 534
263 416 331
416 85 275
60 330 303
376 252 627
599 244 785
618 230 868
124 23 624
189 459 183
622 444 498
223 58 584
272 360 300
558 18 686
675 528 546
555 656 901
461 254 348
192 688 460
513 84 852
161 267 394
632 158 147
80 444 246
303 49 862
598 361 624
41 642 680
476 343 815
65 444 613
12 376 387
421 429 868
341 195 931
619 409 51
238 668 252
421 2 422
244 316 115
575 191 979
591 641 698
282 538 979
492 29 655
196 314 880
298 541 327
596 403 732
135 42 827
427 619 938
122 405 13
98 3 387
318 669 239
455 582 417
443 97 67
398 38 978
469 348 686
40 307 122
223 607 171
31 442 455
700 390 376
117 532 180
491 283 896
317 104 261
205 214 452
526 502 835
216 451 303
645 530 664
170 362 139
546 52 395
32 690 574
124 190 24
172 619 693
644 145 459
258 28 206
279 93 223
463 406 878
4 513 821
407 364 502
470 468 711
178 125 378
609 691 756
561 656 587
237 678 129
531 414 786
224 232 940
556 453 853
631 516 651
18 214 576
390 275 197
228 497 12
264 403 395
503 288 662
419 468 317
661 653 705
67 308 553
696 456 911
329 232 676
204 293 888
484 242 833
625 611 676
381 519 629
515 440 679
334 227 61
602 185 745
297 233 111
390 290 839
145 631 736
35 256 749
383 680 580
269 683 589
621 358 385
481 356 770
656 19 756
65 641 931
196 47 632
278 687 963
654 475 853
690 456 956
54 539 392
240 105 935
347 452 888
677 184 785
129 109 585
260 348 470
195 389 0
365 665 110
288 619 894
566 212 293
63 332 27
668 69 380
547 610 837
404 431 397
111 493 425
378 622 146
655 404 4
685 455 278
387 62 559
300 153 903
18 286 979
505 398 693
242 300 117
370 532 209
4 573 693
549 597 761
691 216 76
372 168 153
157 413 307
201 413 180
331 478 296
145 399 664
387 266 893
363 363 669
248 204 923
372 639 619
84 248 492
147 599 288
605 428 132
538 451 857
319 54 570
236 392 313
562 100 252
369 562 919
52 404 949
150 458 442
365 396 411
659 256 272
135 605 950
373 144 697
528 323 857
117 405 886
303 607 775
685 387 87
658 498 345
500 113 346
619 10 346
645 71 97
72 555 599
622 388 712
491 224 533
134 615 391
97 168 102
643 603 541
531 120 135
213 161 331
597 278 470
269 383 589
197 496 575
499 588 84
493 431 438
313 534 664
88 88 398
525 155 735
632 546 108
649 24 28
453 610 966
493 598 613
368 65 301
433 296 867
246 347 537
182 220 878
318 509 320
447 19 659
144 618 820
151 603 648
238 424 307
179 651 845
685 420 52
403 498 765
62 419 879
610 401 227
459 380 13
432 532 466
369 481 725
695 46 36
285 616 595
251 123 231
183 687 871
399 19 937
392 348 843
461 606 120
483 65 599
301 362 556
333 91 644
264 143 336
194 30 310
559 20 882
651 313 88
205 342 418
51 133 277
73 199 117
75 294 371
38 633 560
447 329 6
312 676 697
66 698 329
54 525 948
289 65 75
518 313 634
484 550 849
212 156 729
598 182 692
73 688 346
348 140 917
371 373 502
678 257 389
537 395 586
403 142 963
532 381 429
145 639 950
291 99 335
648 521 149
399 534 227
277 30 605
649 571 955
230 327 549
250 416 818
404 581 320
370 236 897
598 628 100
535 583 632
58 590 280
238 176 450
615 48 688
55 136 175
98 318 776
578 363 680
73 679 242
340 4 885
199 694 447
450 261 392
231 502 201
218 394 181
180 323 418
30 236 526
246 440 483
579 572 330
646 670 688
522 325 861
631 621 519
581 242 746
316 409 160
146 76 527
466 139 653
235 223 797
122 562 244
275 327 235
512 691 85
489 58 196
518 468 701
368 263 934
147 226 775
341 484 614
634 36 624
651 464 838
488 596 102
519 535 291
630 73 511
504 395 684
157 511 504
196 84 837
593 573 592
342 86 165
469 410 314
231 687 93
628 524 303
556 263 86
263 359 137
404 314 767
202 437 201
557 236 576
296 557 271
350 599 988
665 119 121
602 501 966
589 672 709
650 191 724
370 559 315
560 622 47
164 676 976
62 543 825
522 248 738
475 314 862
377 590 789
435 13 487
258 667 274
233 480 315
363 317 931
438 101 888
675 548 941
378 75 58
547 548 232
659 308 720
352 323 927
316 521 719
227 612 599
318 253 809
163 347 179
637 657 7
391 666 374
215 39 283
300 42 272
180 133 243
536 603 778
413 526 999
243 677 560
405 402 49
7 185 512
664 361 630
593 42 337
176 627 38
578 524 323
8 423 466
620 185 974
233 272 665
462 209 834
30 656 411
268 12 827
297 93 234
440 289 318
263 177 55
468 194 554
115 558 44
613 646 923
640 148 204
605 160 869
263 8 113
638 162 382
461 153 797
343 425 810
130 64 260
529 387 581
70 689 597
620 184 106
151 121 369
588 103 878
597 594 558
174 81 781
55 124 242
585 7 438
505 373 720
180 281 872
11 134 609
616 411 852
344 350 998
93 696 248
9 66 796
222 425 108
103 205 833
364 134 448
122 250 871
656 95 240
504 653 553
290 531 816
695 436 494
259 522 100
650 384 635
530 484 58
467 275 664
368 408 746
116 83 630
424 661 952
320 361 164
288 490 32
198 402 707
298 117 860
274 513 686
566 239 230
519 647 965
656 437 886
130 142 419
49 578 561
466 564 27
148 436 429
696 556 699
684 95 796
649 404 304
184 386 121
577 150 191
104 356 440
60 148 577
632 558 395
389 653 666
581 11 55
590 655 326
579 200 322
479 288 26
220 423 747
326 123 851
434 406 578
5 226 357
49 407 852
661 27 529
258 640 280
16 17 708
691 626 974
193 696 108
268 94 248
535 464 425
207 67 829
532 571 947
214 106 256
192 69 691
360 459 847
681 12 22
390 507 251
642 465 770
151 157 535
467 14 120
50 454 859
177 152 894
610 52 190
655 403 370
360 108 369
507 72 643
507 119 375
515 397 325
371 169 412
475 636 255
307 94 436
359 331 219
593 326 368
61 177 21
568 233 685
38 316 788
485 4 635
418 582 158
277 163 976
221 187 571
46 281 277
616 588 215
228 251 309
264 505 249
579 134 626
545 654 185
299 609 987
596 594 766
49 522 265
160 489 85
475 152 719
100 519 54
485 459 472
668 217 550
157 521 306
72 508 11
63 153 994
647 66 433
144 193 492
377 458 137
85 372 347
43 211 118
234 126 949
500 562 300
55 127 509
658 656 483
95 514 437
1 353 810
565 149 761
507 343 267
694 431 51
524 295 40
228 251 518
513 131 70
47 628 405
526 367 729
582 690 523
578 671 645
283 252 583
359 95 827
87 619 775
213 107 412
356 90 707
599 452 866
647 58 585
616 85 197
468 412 494
234 403 567
620 549 64
292 321 586
572 675 67
165 204 102
392 16 84
327 7 732
376 291 704
483 549 503
29 436 784
190 256 777
402 529 390
643 215 740
576 615 259
637 468 557
220 258 594
659 180 386
144 678 862
603 26 474
632 150 125
574 464 917
680 473 195
452 609 226
266 501 774
238 434 119
311 250 664
151 317 648
564 267 40
85 221 603
652 612 162
42 509 426
436 394 73
463 423 849
88 271 471
11 248 538
449 128 274
178 592 700
576 492 739
76 150 283
124 523 224
329 418 201
445 41 114
24 12 192
244 65 782
198 470 931
700 355 459
663 492 360
543 277 691
491 171 850
591 638 965
650 409 498
27 313 50
49 72 907
449 354 945
92 554 944
581 107 383
153 561 710
156 442 979
154 402 504
151 57 707
406 22 451
5 61 712
688 35 958
235 539 139
315 490 389
211 159 856
53 162 530
55 626 234
178 148 481
157 623 412
414 240 577
85 601 393
185 686 829
466 482 565
219 56 107
98 515 492
376 439 745
263 379 624
234 613 298
497 376 384
128 145 664
326 97 562
670 333 779
98 43 780
561 503 414
219 586 748
469 41 641
100 544 880
238 261 941
2 207 381
667 540 97
375 521 627
666 594 266
131 410 620
180 178 887
149 334 263
180 231 679
673 53 306
68 135 774
347 290 542
339 204 781
385 331 864
600 31 356
569 28 216
627 218 806
504 419 512
103 42 342
54 253 90
77 123 167
571 345 935
13 144 59
612 407 133
510 247 188
133 141 129
436 187 831
309 626 964
288 517 65
685 222 791
467 219 410
43 29 237
0 308 989
364 440 346
177 79 348
561 45 286
649 499 273
208 278 208
348 489 159
332 689 975
373 470 931
222 692 637
276 159 270
353 466 407
341 442 898
97 363 602
327 394 543
362 14 985
409 12 249
57 547 499
589 311 150
380 421 470
372 83 623
21 46 285
330 352 288
634 593 396
494 441 461
666 434 282
591 388 647
457 44 989
332 457 80
200 658 466
558 230 657
417 436 757
142 279 58
546 287 776
159 470 510
143 542 256
92 540 683
79 389 547
261 375 927
207 372 69
522 151 642
86 78 576
133 278 726
629 155 552
494 653 260
637 167 249
680 215 687
633 585 852
667 363 840
24 130 6
662 574 101
151 501 2
157 497 136
183 278 276
25 383 265
595 523 195
514 18 493
332 492 316
606 597 975
114 39 953
696 468 589
526 415 253
432 272 144
498 333 995
326 267 104
414 506 224
534 101 186
437 586 893
428 124 646
494 515 278
108 547 806
691 153 440
322 471 963
45 338 206
388 389 316
250 439 673
414 295 811
347 60 760
430 647 844
163 76 458
303 475 106
441 270 887
216 238 228
48 353 755
223 700 284
37 609 173
146 41 440
128 34 273
568 384 585
23 122 629
508 302 678
456 58 819
34 293 104
31 540 933
681 430 625
386 452 31
599 473 997
390 199 582
226 38 945
293 426 691
357 147 266
461 152 244
527 173 50
147 244 586
465 677 399
445 550 717
142 578 160
401 19 368
166 191 490
336 551 604
281 83 981
1 611 687
191 491 351
184 278 291
637 136 131
180 315 574
139 158 168
618 428 147
597 41 976
618 358 536
324 223 946
535 296 836
641 640 358
346 666 164
239 64 270
278 120 783
393 128 140
491 40 715
562 466 530
314 105 547
139 186 765
432 193 286
5 400 818
337 597 36
455 270 875
496 155 269
562 497 604
59 199 122
215 416 514
578 671 919
561 267 941
270 237 573
580 354 516
569 571 117
691 675 280
426 159 692
70 77 508
106 433 337
630 266 659
635 172 352
477 384 784
150 610 627
195 314 125
356 283 960
454 177 56
429 667 39
361 154 254
409 124 964
403 4 857
163 149 758
161 527 4
201 429 892
196 135 971
330 85 261
76 539 208
108 160 777
309 67 84
74 693 67
77 147 655
399 279 793
496 163 620
578 49 985
608 684 368
629 217 14
590 60 787
396 568 473
691 465 89
432 350 211
198 125 255
368 151 112
208 305 298
72 539 956
637 447 881
359 466 55
646 552 80
72 97 744
72 514 653
444 407 222
252 439 770
254 340 921
697 332 214
600 666 382
374 43 179
200 537 680
130 296 790
68 360 958
14 457 9
165 564 668
165 559 358
61 440 537
558 667 792
108 692 624
502 216 747
647 433 943
139 273 776
239 475 644
51 6 849
242 62 316
612 89 642
594 379 272
324 503 319
656 444 86
151 636 709
399 153 691
621 635 305
221 98 996
490 224 802
176 607 513
693 352 185
72 309 160
369 549 663
328 537 19
439 87 841
220 623 35
36 396 462
10 406 784
594 656 920
315 215 344
590 153 618
45 634 174
306 121 644
399 442 35
316 72 112
191 24 596
686 389 896
323 575 530
662 313 593
218 529 789
196 503 176
278 179 174
280 157 230
68 111 663
241 313 108
502 142 110
472 351 41
324 116 883
464 251 338
160 448 585
695 315 835
79 147 776
558 421 264
88 253 36
101 675 226
121 234 751
146 583 443
681 175 297
663 546 776
619 647 240
308 198 517
492 401 786
570 441 752
545 204 795
656 678 456
203 8 962
29 449 793
299 686 626
124 678 172
124 40 610
580 463 644
207 329 817
342 76 454
505 255 663
115 647 825
73 176 450
89 414 939
197 254 772
612 203 686
387 655 874
400 664 781
492 128 26
318 117 540
134 574 129
95 160 931
154 355 84
207 561 95
145 20 278
181 539 157
570 289 475
441 162 704
601 347 284
610 571 51
286 8 412
605 492 965
402 316 304
664 467 25
229 564 277
49 450 557
97 356 497
253 188 375
392 235 898
153 159 665
116 94 107
450 239 710
659 145 115
433 277 768
494 85 858
57 217 347
321 490 437
299 653 878
414 443 796
523 583 861
668 235 360
453 446 684
75 166 467
590 681 507
179 651 800
382 311 330
306 369 214
217 179 261
95 454 600
441 207 802
651 143 417
562 620 611
421 20 161
597 627 280
80 150 965
497 241 777
508 482 3
118 514 622
185 189 79
41 149 20
43 345 736
399 55 98
548 509 743
350 325 830
52 105 696
445 660 483
623 284 720
420 600 593
347 357 794
521 545 527
697 404 686
426 181 747
475 436 555
117 104 665
585 72 230
108 578 527
287 155 371
300 436 351
476 111 860
57 666 396
412 603 384
303 691 860
5 286 808
47 525 458
83 10 327
216 220 225
433 53 502
331 698 821
597 190 492
368 527 949
102 660 107
199 10 503
8 107 428
331 220 513
177 191 970
6 466 282
491 665 508
30 364 101
67 323 361
18 451 250
177 288 611
338 649 497
428 433 563
35 169 51
502 453 185
60 141 290
532 336 775
258 660 739
434 587 679
28 363 616
310 469 551
282 432 793
695 349 672
503 181 408
95 365 449
306 599 822
58 558 130
595 391 872
399 360 253
481 531 549
370 580 533
660 377 415
680 354 874
432 503 744
360 206 62
683 115 773
558 226 522
591 607 935
677 579 15
390 208 518
71 235 984
8 3 710
533 370 278
529 238 421
338 406 104
368 401 355
572 149 737
346 480 23
309 686 665
601 426 309
614 657 496
594 637 74
440 119 899
661 89 391
408 243 397
391 40 367
612 40 684
206 245 852
390 10 619
643 406 178
341 9 746
145 644 224
442 144 437
570 23 907
584 317 363
119 177 387
628 466 53
275 198 39
543 125 257
649 291 570
425 587 426
678 157 661
491 269 405
188 55 514
182 541 22
76 563 180
364 590 445
611 4 813
519 332 648
80 637 808
5 77 368
278 435 419
664 552 733
502 327 370
184 608 386
194 433 123
572 412 908
695 469 66
257 586 282
532 466 604
225 275 104
657 216 764
471 601 237
71 563 137
285 124 419
638 301 459
293 384 395
695 86 370
308 7 653
679 246 993
673 523 475
172 108 79
626 496 701
370 159 186
24 552 503
83 125 36
640 335 446
397 156 967
555 515 471
128 383 908
0 406 302
39 66 245
351 634 336
659 401 156
314 665 430
657 524 387
425 585 817
342 629 380
15 156 825
330 510 127
402 219 359
535 589 419
142 285 267
320 612 697
699 362 475
692 104 843
516 190 728
178 327 996
557 375 520
29 202 463
471 143 374
294 312 192
177 264 534
663 458 82
1 67 985
673 540 660
51 386 816
409 309 826
397 390 986
350 203 980
582 588 770
502 216 836
326 181 732
625 183 686
152 614 365
305 590 897
356 587 487
592 400 710
592 531 4
453 478 462
16 152 107
279 612 552
109 119 679
139 578 916
355 22 920
365 273 207
462 342 86
648 377 296
80 53 667
129 4 189
297 406 707
125 6 382
427 587 174
501 355 437
150 346 871
408 430 564
247 608 955
328 699 128
388 138 549
83 367 718
248 429 788
629 330 262
620 82 134
37 454 481
692 562 28
190 484 529
126 604 630
261 362 207
445 535 847
475 293 485
621 237 42
639 284 467
284 638 257
485 90 59
500 667 996
418 447 327
690 45 883
617 172 957
260 170 722
495 132 290
143 595 483
572 293 28
134 119 783
631 543 776
694 579 966
30 384 400
569 465 349
156 481 742
371 396 1
557 243 937
471 475 869
549 65 908
319 379 78
636 57 232
279 464 246
459 228 880
250 256 305
359 105 276
325 264 355
206 326 221
94 510 55
14 389 609
170 423 295
76 240 244
199 632 619
575 394 225
392 227 557
635 357 168
75 627 245
118 497 739
582 43 924
550 331 833
352 421 929
256 374 107
375 212 418
193 269 655
574 667 782
496 593 877
545 5 778
446 443 695
625 223 110
79 517 52
25 283 484
146 673 392
464 177 942
456 441 306
251 569 703
292 443 161
267 307 883
699 532 366
310 451 62
222 420 39
219 526 778
480 526 657
12 590 649
132 459 939
283 9 792
374 552 917
577 157 245
3 501 793
453 191 559
414 214 877
586 419 549
63 494 287
168 170 955
646 127 115
637 487 209
653 203 644
292 176 221
530 407 648
353 544 319
619 75 135
221 529 332
108 233 770
135 153 50
584 650 970
258 498 802
406 191 565
510 281 821
658 618 268
300 251 618
664 219 324
555 270 714
318 338 436
78 500 588
370 88 260
324 592 400
453 401 436
142 344 860
211 696 344
550 98 418
413 517 907
326 4 281
339 600 577
506 386 902
119 671 839
171 642 689
584 243 405
196 651 696
239 369 385
64 686 457
152 651 149
466 25 221
606 325 769
341 138 849
385 445 915
42 660 87
353 217 171
151 699 255
393 208 678
154 122 848
647 481 672
586 504 369
515 138 254
159 281 103
614 232 582
147 384 314
542 389 226
361 98 753
436 376 828
336 178 420
323 550 93
555 77 414
654 183 860
133 653 467
566 393 708
665 376 459
526 386 487
444 645 230
31 252 500
646 663 622
374 342 250
269 657 324
322 194 640
23 56 947
378 47 569
625 234 303
649 681 144
403 22 984
387 123 918
433 466 786
593 564 633
377 18 179
402 230 910
46 136 833
483 137 196
699 278 979
368 308 452
268 140 7
97 86 415
300 594 691
220 20 706
191 374 480
142 67 510
469 520 580
55 322 714
86 224 824
203 147 843
271 280 88
373 48 996
146 628 368
144 50 885
235 211 727
233 406 725
697 288 703
618 77 663
300 359 558
319 380 207
212 376 645
170 460 869
67 165 714
480 62 293
312 381 214
459 6 194
475 18 178
524 493 494
653 443 380
546 512 511
495 598 693
381 197 95
321 211 233
408 39 208
47 557 844
220 586 955
100 270 80
54 162 43
411 4 194
561 99 332
247 239 468
55 102 353
622 45 951
401 137 738
363 92 87
411 605 991
607 604 910
146 211 506
328 1 82
338 5 840
560 483 695
95 293 992
179 647 606
627 172 78
404 152 544
533 493 639
230 225 112
533 1 342
446 271 269
57 158 743
150 72 923
561 17 749
324 400 467
249 201 535
286 332 612
401 80 258
506 75 162
635 540 429
564 60 693
106 238 909
671 324 785
325 553 934
695 662 711
429 256 25
623 628 365
458 431 183
406 282 302
134 362 712
624 147 360
614 668 364
317 296 644
324 28 129
92 38 760
299 487 284
162 264 88
589 474 275
68 2 692
358 678 731
177 680 542
654 57 603
161 625 287
413 378 204
611 235 845
382 186 437
250 20 717
700 541 11
377 614 535
524 226 861
461 514 541
45 190 992
161 656 137
610 686 604
132 548 568
190 217 424
675 320 277
679 427 190
23 463 461
482 608 802
316 497 391
180 632 72
192 229 696
324 208 997
593 83 467
636 328 1
577 553 230
107 665 596
291 177 342
180 137 610
440 397 692
343 190 304
203 689 692
508 610 942
293 369 205
73 673 535
401 603 4
227 640 656
496 289 239
539 556 411
663 581 657
625 131 601
61 19 840
151 107 577
201 88 311
667 695 892
108 658 459
463 325 983
150 581 366
688 19 812
164 389 884
423 121 399
531 389 516
588 287 661
561 491 338
204 266 794
673 576 974
36 662 20
614 431 921
324 105 871
392 442 858
338 142 322
353 288 13
90 229 591
594 690 814
19 228 964
209 308 607
328 626 11
168 652 794
84 352 324
167 90 126
181 121 672
88 665 944
14 221 581
203 47 994
323 582 40
301 157 689
426 567 752
423 60 884
689 319 511
598 95 606
216 551 476
418 32 378
143 495 435
516 218 914
548 15 869
201 416 95
127 355 203
442 450 7
502 78 991
331 385 765
289 668 374
575 206 483
256 75 637
64 28 817
41 22 622
690 104 607
182 365 324
622 539 482
206 618 683
53 579 676
614 486 643
23 466 683
88 399 267
549 210 210
321 389 674
684 368 251
662 640 953
91 384 345
101 456 765
277 303 705
269 83 741
350 283 724
242 62 401
137 103 794
675 543 811
635 254 758
367 577 75
357 332 294
312 354 154
693 116 561
299 372 548
578 200 930
99 428 371
9 184 185
444 628 815
545 28 915
470 497 109
549 249 421
34 137 276
525 675 995
576 386 320
245 430 204
256 400 387
146 659 771
382 290 752
576 526 78
384 640 540
682 190 239
272 662 427
679 494 950
545 512 87
639 603 823
666 568 584
286 674 269
485 529 857
420 8 49
575 614 101
170 237 153
288 386 897
378 80 595
13 495 629
269 388 770
654 106 423
474 375 615
400 412 915
421 379 132
166 322 564
84 165 76
404 412 393
273 660 758
198 383 261
247 370 673
411 182 68
533 262 87
596 63 867
42 288 486
242 638 983
307 6 741
431 360 48
151 468 508
359 337 157
98 82 675
305 684 720
490 653 537
616 13 413
614 166 505
36 6 623
652 417 836
559 231 111
512 415 860
578 168 78
87 151 69
72 85 603
657 597 97
22 202 319
164 427 773
528 598 94
677 71 130
71 492 915
472 699 916
170 443 187
523 258 376
559 467 78
463 673 488
97 476 762
380 628 767
357 613 870
122 268 280
35 527 760
581 470 887
213 598 267
149 330 651
307 480 507
50 345 860
465 9 61
176 296 519
467 88 0
208 513 551
174 654 679
631 534 215
506 697 773
607 450 922
210 584 219
410 420 834
679 695 665
606 308 241
396 655 575
102 659 8
266 225 320
656 420 368
67 516 512
459 350 498
294 652 757
8 347 610
534 658 534
333 286 361
570 158 47
449 688 278
489 515 18
101 632 90
375 639 354
495 107 70
107 173 86
81 333 38
357 425 120
354 509 836
99 322 578
544 509 83
155 280 172
447 594 881
561 235 435
574 539 480
385 323 598
489 402 860
217 275 759
170 508 142
174 254 806
595 397 220
500 92 171
545 337 691
566 119 597
144 574 856
169 84 627
56 401 599
185 679 30
380 525 317
313 40 803
686 598 534
258 233 2
245 650 703
497 321 966
157 84 914
571 56 312
629 443 456
268 412 514
381 355 646
374 327 641
500 397 549
361 566 238
249 569 177
617 632 632
603 357 695
278 631 742
673 468 310
654 471 634
537 275 382
253 407 852
567 280 379
22 122 682
533 474 988
153 353 761
581 688 613
155 132 515
389 634 913
547 455 150
160 172 854
350 259 302
540 32 986
444 394 118
430 103 959
644 485 811
167 413 557
164 587 645
272 49 523
244 334 866
69 562 3
648 605 403
371 519 296
212 629 361
535 537 353
316 317 870
281 99 876
302 675 330
281 466 327
626 79 787
313 659 558
244 577 959
338 639 730
422 612 989
311 367 280
557 554 299
270 170 380
442 656 560
17 510 976
186 275 991
187 65 592
288 163 522
149 490 458
546 378 417
327 581 12
332 639 473
591 335 357
451 692 34
245 443 94
71 155 876
135 155 892
674 52 594
551 642 214
576 380 453
201 455 843
144 296 628
458 588 277
697 137 305
691 324 391
127 360 120
18 113 793
495 652 521
292 244 541
534 437 925
68 439 339
104 644 979
604 117 207
458 433 24
317 296 254
651 124 630
46 137 655
565 324 264
67 192 457
176 651 543
162 519 621
596 672 993
623 355 916
23 115 195
549 590 642
567 504 682
15 63 897
33 233 389
311 675 242
274 395 122
65 620 411
141 315 680
37 615 314
631 40 628
630 204 354
529 49 255
116 75 768
414 583 719
277 432 860
352 306 122
649 292 984
44 548 448
243 589 130
446 194 477
435 635 669
407 109 16
412 498 866
119 668 30
221 339 320
34 373 955
52 569 38
94 340 339
424 514 968
224 531 652
330 456 521
435 35 883
101 146 849
514 90 1
273 635 399
379 592 984
64 469 792
375 43 127
411 481 972
456 179 997
48 131 797
644 40 159
0 622 744
342 54 861
679 639 838
19 662 391
163 243 774
375 620 242
43 405 913
617 186 325
23 34 132
435 472 289
81 630 527
96 521 535
517 686 899
648 352 346
115 447 963
74 144 712
480 150 263
269 392 34
169 239 468
485 408 785
79 594 833
229 257 493
539 691 268
393 546 330
102 477 698
155 596 733
227 268 788
676 430 655
115 28 909
591 669 201
92 606 912
555 467 439
439 205 169
25 670 715
665 460 88
108 420 743
116 140 859
690 330 229
182 104 851
1 271 332
259 551 864
102 128 588
694 641 685
397 276 818
612 684 889
294 74 582
484 223 3
449 54 790
659 274 967
426 560 69
255 492 0
425 214 29
399 192 68
36 213 211
636 63 295
201 603 363
193 499 31
17 109 228
90 234 299
689 137 546
357 601 198
337 636 959
389 451 534
252 614 399
209 597 708
53 278 480
219 533 310
504 287 774
109 295 676
315 50 651
68 543 521
377 10 264
233 672 105
88 694 520
659 15 611
194 137 886
321 418 720
223 482 837
316 407 92
493 276 455
229 136 397
82 427 831
383 107 11
12 683 341
596 652 558
206 38 675
351 128 291
4 156 434
33 139 40
663 424 785
515 256 468
689 124 725
413 421 799
273 144 482
522 521 225
507 271 793
585 10 64
372 494 913
627 294 429
210 73 6
240 642 606
92 533 503
352 260 985
386 469 619
666 118 2
47 2 522
175 48 42
318 556 800
244 649 931
433 283 456
615 109 323
193 646 229
64 150 230
482 507 66
90 249 452
449 97 37
121 233 197
247 277 885
511 264 733
28 174 912
463 328 854
134 179 694
451 653 128
311 546 42
456 263 352
662 301 388
586 509 488
227 411 444
466 512 368
651 415 611
244 553 500
378 420 804
248 186 695
354 243 809
320 421 317
226 569 309
579 120 166
488 43 226
368 109 677
451 496 109
623 138 13
284 408 415
289 9 730
267 560 787
436 343 594
230 180 663
376 188 113
668 122 747
183 543 311
697 466 776
454 269 309
327 145 514
261 393 120
599 594 90
289 594 867
161 651 4
32 167 129
51 110 74
641 412 780
593 369 273
503 105 283
614 14 67
270 56 82
632 32 208
598 570 195
385 192 383
433 426 68
296 407 830
574 359 631
326 307 366
39 3 223
511 95 792
128 144 549
568 245 391
532 605 587
510 468 410
492 406 572
303 565 153
15 658 314
676 48 844
319 329 289
79 295 857
503 238 779
475 658 793
196 148 346
80 376 551
180 369 108
43 585 590
663 389 682
30 436 360
47 429 879
689 490 13
106 136 17
377 464 647
177 286 996
221 62 182
276 549 368
19 536 99
93 546 737
577 332 438
523 409 885
211 561 121
285 328 361
667 147 419
157 416 995
658 46 46
515 516 49
645 434 995
457 534 7
506 663 657
457 553 997
376 283 478
684 71 368
461 11 184
129 489 853
433 636 689
467 644 368
94 279 323
136 286 34
149 129 904
212 521 583
64 599 936
85 499 834
653 278 830
684 612 752
446 681 837
110 245 528
251 699 435
52 376 700
463 475 648
81 232 641
589 267 64
550 286 414
491 175 155
34 583 231
562 385 745
368 644 275
52 592 882
636 411 993
192 116 863
99 499 701
99 571 648
162 379 927
175 36 35
116 45 210
228 254 61
678 319 663
210 70 544
626 353 624
580 413 725
610 595 794
193 132 904
213 413 295
41 187 778
504 443 892
591 19 849
11 588 472
379 657 187
699 208 767
388 295 246
658 607 434
50 392 962
38 305 151
230 90 202
529 132 49
543 365 550
313 379 883
248 576 506
600 480 498
470 527 382
284 496 3
563 296 390
603 190 682
643 348 741
480 10 425
621 26 835
52 125 841
574 457 303
127 41 516
624 597 996
26 81 71
186 282 485
614 283 728
210 335 697
147 154 67
646 85 160
511 355 301
437 304 630
108 309 92
575 599 110
287 92 426
84 70 491
527 166 384
288 526 943
430 18 709
51 553 233
588 156 108
15 576 494
443 113 46
342 271 308
338 343 322
156 650 721
229 583 285
657 497 686
133 542 859
267 180 286
160 11 638
93 229 505
499 107 706
477 94 752
325 216 289
651 578 522
475 222 244
450 460 903
21 335 65
460 224 855
105 632 143
102 313 792
432 424 369
562 386 387
635 690 450
71 270 117
72 648 163
500 560 365
270 127 111
545 143 336
404 351 464
64 106 846
195 182 72
495 258 62
49 237 115
642 6 697
35 209 78
488 697 932
386 62 751
375 534 846
259 26 476
396 468 203
260 2 544
364 266 4
455 302 258
146 276 483
471 540 325
433 219 257
126 642 641
143 399 758
685 504 434
394 27 814
399 561 306
572 463 393
674 95 909
552 173 649
213 533 39
311 238 411
137 533 913
85 208 985
487 685 898
35 482 635
644 257 863
575 542 137
601 399 449
640 299 206
497 685 661
236 434 431
79 621 251
378 75 631
474 614 893
415 679 15
330 185 729
612 609 186
652 377 983
235 261 149
481 439 444
203 514 967
237 284 932
323 575 337
186 451 63
143 366 781
293 389 315
322 642 759
671 347 823
592 0 620
43 356 586
398 78 163
294 209 827
696 472 145
428 598 273
554 601 388
663 366 814
227 13 830
498 516 632
194 242 202
465 212 598
76 452 39
130 73 234
70 604 508
323 264 727
394 184 729
291 241 736
575 379 478
456 370 453
534 153 935
429 676 358
495 200 814
273 610 772
651 258 367
305 406 986
618 617 979
550 43 933
229 339 948
16 199 347
332 88 495
257 582 63
700 187 678
394 656 435
651 423 23
404 512 745
50 244 860
127 40 601
565 475 425
58 278 344
397 636 44
448 324 265
396 331 146
303 286 889
267 430 459
586 595 1000
152 129 100
452 194 969
444 539 605
70 178 372
388 417 144
222 419 850
53 336 311
544 351 67
687 126 579
282 185 394
148 15 907
303 196 247
204 697 166
28 427 861
601 403 861
177 305 243
362 296 231
545 471 564
446 131 518
559 683 584
137 664 29
411 682 455
340 665 427
73 56 428
450 26 961
635 201 303
655 261 509
282 457 428
450 147 385
586 149 148
613 408 555
83 547 258
10 1 346
656 529 567
243 390 440
479 518 602
286 131 501
131 401 511
61 170 513
575 501 163
8 695 468
173 627 427
291 519 858
406 611 91
448 476 865
559 550 721
425 157 431
216 494 583
146 91 223
436 322 15
267 345 288
105 329 239
405 509 981
151 130 691
113 654 315
695 173 938
333 302 753
446 686 283
154 157 729
269 692 444
240 153 423
322 78 946
567 683 661
226 540 16
621 335 198
625 200 543
618 105 604
420 285 134
309 455 320
13 186 490
64 577 541
218 553 88
128 639 901
513 616 723
652 569 289
220 37 394
358 645 522
19 412 56
276 690 508
24 71 912
580 226 780
141 651 926
54 399 294
462 300 886
92 26 296
282 397 229
19 221 254
680 399 894
303 46 675
378 86 634
160 233 516
366 281 577
159 348 781
451 389 9
144 43 512
304 39 820
256 231 722
591 27 359
85 295 372
47 371 657
33 1 663
337 391 608
507 342 632
4 18 893
270 23 775
269 686 614
27 125 509
294 560 938
214 209 863
390 681 330
81 56 917
161 625 452
35 77 47
686 699 3
530 198 636
212 500 558
411 312 853
46 182 726
593 309 633
562 106 982
58 539 387
151 68 859
461 274 669
333 626 172
526 220 469
104 37 615
342 16 292
403 434 231
279 89 185
424 25 765
295 383 133
247 622 904
388 585 41
111 282 346
180 43 420
537 97 813
37 406 314
232 555 732
548 286 177
311 82 504
535 354 96
350 444 980
376 303 541
148 49 121
579 158 326
515 492 581
332 374 786
5 596 719
151 205 619
324 192 372
254 624 82
529 257 592
479 101 150
555 409 954
258 547 945
303 637 259
586 276 436
111 208 162
69 350 530
215 504 183
75 562 692
319 69 46
585 644 543
545 544 121
658 446 516
417 371 821
56 302 454
68 201 957
243 132 435
377 372 741
576 373 262
251 406 578
89 147 435
643 114 989
158 609 34
116 4 639
341 163 621
1 4 121
40 145 258
576 35 751
17 87 626
485 224 329
154 463 307
91 365 26
510 617 504
478 318 293
606 264 474
681 61 514
286 597 615
302 178 36
643 67 629
261 319 970
444 659 126
430 442 138
83 408 274
526 376 596
316 335 327
145 236 479
573 38 329
186 687 238
211 497 852
20 191 53
544 211 185
241 387 782
471 115 115
335 644 913
181 307 462
361 337 821
223 631 271
346 339 224
95 243 863
313 1 712
263 481 669
166 641 662
380 564 532
584 232 38
526 620 600
112 398 93
272 316 984
672 340 512
445 375 152
374 92 321
287 40 457
252 668 272
71 652 910
125 542 197
593 496 219
205 146 397
351 608 728
615 71 536
418 213 390
308 314 731
227 251 599
119 352 441
288 520 596
74 545 963
674 41 428
608 281 905
666 135 442
103 630 383
427 535 526
400 164 168
538 407 546
38 40 257
691 320 963
106 527 817
692 365 301
50 591 312
4 676 965
238 213 665
363 336 20
113 452 908
269 375 463
700 495 446
182 363 857
598 376 231
522 691 394
227 124 683
639 490 912
282 223 569
315 568 232
630 78 908
660 78 570
472 625 35
697 680 642
337 408 696
334 143 428
34 208 775
29 128 213
345 178 595
358 538 454
89 312 781
509 390 76
357 327 589
687 453 348
373 207 759
308 547 145
497 194 141
379 24 426
302 196 913
19 535 140
111 1 927
273 492 874
525 30 365
130 115 492
606 500 845
327 642 32
511 177 749
319 432 576
413 591 723
598 606 45
566 551 281
691 240 256
65 322 54
649 571 169
486 546 844
467 64 137
327 386 431
89 625 432
234 125 605
89 323 618
86 421 368
136 498 618
342 113 203
655 382 763
317 655 810
209 144 689
69 624 359
148 174 212
181 97 980
616 490 314
518 303 780
254 81 402
179 236 451
209 164 474
229 394 672
314 287 211
75 442 390
585 341 184
42 693 158
59 568 884
38 487 42
350 331 715
150 23 267
170 559 635
295 394 799
589 590 224
237 314 121
3 44 560
690 234 908
535 633 741
34 222 952
342 175 20
469 425 925
86 420 881
484 684 770
305 100 136
441 82 827
7 582 144
26 94 229
431 680 879
585 190 372
604 636 826
340 563 645
459 383 249
240 345 807
524 61 65
110 204 656
695 135 907
484 496 526
356 254 324
288 641 322
406 85 88
649 693 558
293 25 809
208 107 520
33 204 304
316 525 173
523 595 841
288 9 107
219 663 175
374 447 722
152 21 16
336 584 787
642 250 744
499 128 497
159 475 122
135 44 895
694 275 270
129 563 846
358 0 509
516 306 997
263 211 878
153 231 738
666 583 335
138 355 912
15 47 321
691 371 927
340 508 48
700 571 426
558 231 497
138 155 338
333 466 646
669 162 612
125 356 957
319 675 287
399 456 614
674 621 949
565 490 595
6 8 413
121 633 858
238 69 374
530 443 169
681 364 948
374 514 818
600 590 589
654 368 590
288 340 728
6 27 409
628 606 13
191 554 86
41 329 254
49 290 556
216 418 790
342 370 325
128 311 761
223 396 264
427 311 840
534 341 977
222 555 709
148 175 814
405 386 966
3 99 201
472 14 625
401 574 600
116 475 45
339 473 155
114 390 450
303 107 968
88 84 777
353 517 351
657 378 629
359 77 591
428 90 571
268 694 597
573 419 734
26 458 893
392 88 525
244 482 483
396 105 36
200 676 119
227 692 407
661 537 950
624 301 372
373 13 319
37 117 907
265 325 914
502 378 4
453 147 37
75 66 80
341 128 617
660 534 275
391 537 760
490 422 967
328 127 329
477 345 563
121 203 334
483 652 991
23 604 799
420 255 480
205 104 366
459 328 572
617 641 240
642 21 297
368 117 974
97 198 350
328 258 157
50 18 210
655 502 583
618 220 826
159 494 838
664 50 861
269 115 710
184 37 99
270 28 367
349 459 653
140 125 7
170 129 73
118 461 656
112 577 79
325 267 305
294 262 318
320 560 738
636 177 676
474 522 580
348 228 219
140 163 197
526 34 884
177 89 485
240 278 508
676 596 430
638 530 33
387 137 647
355 109 815
79 255 207
147 254 669
247 40 836
349 458 210
581 127 378
464 352 303
371 635 308
662 342 224
578 100 421
534 438 771
270 217 511
316 299 500
396 586 347
339 556 901
230 99 101
217 273 625
363 21 165
162 248 997
114 80 57
698 406 864
568 41 619
336 424 588
355 382 598
671 182 584
628 222 292
196 594 147
322 10 268
382 678 411
586 75 390
587 295 804
25 313 920
7 437 484
693 692 688
476 259 986
634 656 660
607 377 514
374 231 6
462 318 663
195 261 82
187 153 607
399 563 843
661 521 555
586 448 683
229 645 347
88 433 681
555 685 28
205 183 142
77 127 358
564 185 704
293 392 408
104 528 124
296 504 641
166 52 904
407 581 908
462 336 551
671 1 901
417 218 753
332 230 444
561 414 633
293 570 988
545 687 499
167 89 568
439 196 655
96 168 884
678 310 323
13 619 744
9 660 60
188 503 239
505 432 900
365 64 895
342 45 780
239 161 756
572 417 326
36 128 717
249 640 120
137 364 734
163 583 968
200 320 590
583 376 565
249 450 298
30 394 365
694 80 826
290 127 868
515 200 925
64 529 481
81 586 523
96 691 295
320 339 267
699 293 485
414 185 687
270 508 201
346 23 440
448 519 885
97 555 531
286 693 111
311 38 650
664 438 626
593 159 152
569 272 310
348 116 721
378 301 976
245 222 752
584 94 240
179 559 365
448 143 694
393 103 609
350 190 654
672 194 995
228 629 651
267 602 38
254 86 139
103 519 362
613 42 95
340 421 206
617 552 75
468 539 747
283 244 357
405 333 57
103 698 47
308 639 102
567 445 126
190 422 134
248 667 580
402 616 610
618 488 520
645 449 607
586 678 455
645 467 837
400 362 418
114 32 460
606 664 126
411 538 237
151 24 660
78 83 592
343 506 529
664 133 97
14 163 495
313 401 223
563 635 14
681 626 176
445 660 8
408 52 420
320 287 412
418 174 965
540 415 104
304 632 312
461 325 297
178 455 316
699 243 459
63 416 583
690 583 144
626 491 528
546 233 717
91 666 639
32 309 128
676 494 352
640 261 11
214 458 311
411 609 33
72 186 673
82 385 124
280 328 358
70 174 185
352 61 266
635 298 997
0 480 392
414 504 536
604 500 964
546 383 246
442 626 511
205 289 441
98 122 657
189 609 162
535 415 162
293 35 408
601 144 743
117 129 451
643 185 948
564 155 907
57 244 721
491 173 918
144 65 693
285 73 680
580 171 54
220 181 502
433 181 161
441 527 864
642 321 18
249 31 356
571 161 211
448 18 590
522 24 656
654 319 712
365 700 517
404 661 829
445 595 577
611 155 612
333 240 904
116 119 248
428 200 892
148 190 655
595 330 956
256 373 35
183 578 248
385 226 733
229 11 861
209 680 564
650 203 495
51 570 843
550 692 200
505 521 244
197 284 562
137 20 449
204 276 118
317 423 727
13 458 237
52 387 506
556 426 357
303 325 183
688 422 532
465 165 273
449 204 131
260 462 796
547 692 415
464 153 942
21 552 746
500 432 603
31 301 566
676 38 701
199 677 675
484 589 874
164 665 943
76 216 188
285 404 487
533 482 328
271 108 269
49 205 78
27 425 432
587 614 989
65 14 396
465 678 223
133 607 723
246 489 16
485 339 312
691 412 396
621 319 28
579 426 686
199 673 153
173 394 984
205 492 361
54 584 842
347 524 220
204 177 54
353 318 473
656 381 627
512 420 306
319 159 994
14 6 952
469 666 264
3 20 28
361 205 883
124 672 277
142 640 185
244 159 110
60 346 308
263 478 798
517 176 865
221 477 712
157 357 374
252 400 496
575 74 549
72 634 966
376 691 171
324 280 194
533 233 423
76 361 619
693 693 608
154 498 493
129 511 422
368 211 30
625 179 741
127 253 168
407 297 445
576 132 75
452 135 660
374 158 285
282 203 2
468 479 590
351 289 967
382 622 398
114 685 282
566 164 63
44 474 259
616 588 684
658 81 644
700 634 983
131 237 312
292 498 338
518 243 895
71 609 471
238 310 23
386 266 292
103 268 598
25 246 434
455 667 843
676 530 689
699 436 399
97 224 452
603 279 39
575 119 127
521 5 257
188 634 742
667 249 679
503 74 410
674 89 321
595 495 112
289 265 336
167 505 866
611 147 559
464 257 43
483 426 888
301 539 586
337 319 598
227 210 38
153 184 406
654 631 942
37 458 517
312 679 519
560 475 292
412 672 211
102 621 776
7 397 816
38 522 19
383 336 90
499 528 171
175 254 245
29 576 387
641 670 873
220 82 760
283 43 204
129 285 834
330 406 875
427 403 841
648 310 191
379 275 715
213 548 968
334 668 457
42 246 143
339 684 365
459 162 85
76 291 644
79 57 355
683 146 95
620 613 635
432 630 119
443 604 566
431 32 779
268 86 387
638 272 510
142 473 496
149 314 6
234 156 790
673 68 836
451 13 749
378 577 980
335 579 195
576 350 255
179 308 552
599 567 607
246 528 388
455 15 675
100 258 98
21 635 175
595 269 903
157 259 812
253 44 709
256 263 982
178 367 570
549 659 99
531 464 20
669 114 287
3 542 697
63 573 213
446 376 461
99 181 572
519 267 79
649 694 450
243 42 817
218 562 242
373 247 736
280 244 819
441 65 473
230 134 491
591 201 564
563 261 208
450 12 922
351 293 53
544 350 462
116 222 295
663 691 101
539 231 468
451 426 17
41 9 806
535 546 692
581 369 453
434 452 48
603 457 539
684 367 279
411 183 199
364 375 631
421 178 936
540 41 111
433 551 636
476 229 76
691 695 927
342 681 280
524 383 147
557 196 637
356 1 934
579 316 830
266 241 715
464 454 957
72 590 385
178 564 130
678 53 573
120 500 560
119 249 635
382 391 378
335 66 194
503 221 226
28 373 238
213 314 601
635 184 72
124 448 11
631 694 932
411 648 804
525 484 53
678 20 1000
380 1 771
138 356 624
104 181 448
668 489 226
642 404 41
216 516 290
584 451 366
232 502 430
209 290 152
138 662 806
24 209 377
572 569 142
231 262 661
633 276 83
584 371 997
697 648 748
669 677 736
217 175 2
271 641 798
365 323 351
542 47 59
367 414 977
670 550 401
439 536 16
280 235 541
156 142 407
536 317 51
483 142 474
7 223 281
303 523 254
272 461 371
222 39 302
410 261 916
107 133 9
1 81 979
291 346 298
617 1 759
207 594 974
196 636 744
331 596 588
142 326 42
361 281 474
373 237 681
118 603 809
91 625 545
679 20 119
179 684 205
155 552 674
323 244 275
602 131 906
36 657 86
649 493 276
573 9 80
522 427 235
546 356 709
307 8 416
182 404 730
495 242 232
686 5 120
313 89 561
21 423 791
372 379 699
585 43 671
495 484 531
246 423 548
408 385 939
629 433 361
440 41 437
15 289 956
461 165 811
267 242 949
283 385 634
694 548 623
340 407 916
443 308 741
450 383 856
2 592 176
263 686 333
648 322 643
421 477 758
168 294 243
199 15 502
340 39 917
325 75 895
167 221 436
148 517 782
689 424 747
336 491 897
637 206 808
610 502 32
15 95 122
233 591 499
119 657 297
327 680 611
246 468 740
652 565 518
329 200 32
184 383 364
323 46 799
655 319 690
310 505 219
268 446 158
640 253 721
590 314 984
485 447 586
532 548 485
372 184 570
29 248 347
70 666 617
653 514 252
93 474 218
700 197 511
234 112 512
274 7 231
462 404 132
614 654 516
125 255 69
695 474 54
385 453 907
411 288 918
186 515 750
298 650 635
527 455 190
572 21 58
232 498 120
264 650 77
484 4 801
258 306 595
196 255 928
160 523 847
77 300 731
351 474 760
227 594 409
454 434 226
125 67 273
295 471 691
689 564 299
5 65 597
16 466 49
269 376 823
142 123 341
67 307 680
319 268 911
148 72 895
118 346 244
252 433 265
661 588 476
65 122 271
462 600 241
487 94 375
29 551 797
128 628 70
642 219 489
128 537 762
65 667 374
606 243 732
678 428 545
17 537 864
394 570 530
367 447 350
426 268 618
551 217 225
580 164 371
297 140 483
250 313 634
150 444 129
465 351 251
59 130 634
342 66 775
543 83 301
200 349 498
639 138 325
283 213 319
31 149 564
643 203 886
209 530 522
251 626 897
520 574 559
519 692 957
155 576 236
466 648 659
516 33 727
101 259 538
54 180 878
608 587 129
586 685 199
605 75 833
517 428 937
279 24 111
225 613 661
527 553 809
446 154 800
78 260 366
262 385 691
145 574 952
389 523 990
69 667 565
645 363 641
295 363 67
82 98 896
103 410 15
694 436 614
637 553 65
495 26 778
585 168 722
587 359 280
441 435 927
168 214 217
381 411 514
205 531 243
79 11 393
539 545 570
150 347 106
206 536 902
36 72 509
557 81 226
357 310 609
445 94 568
183 241 573
583 371 34
18 604 775
689 582 693
61 521 390
579 459 379
60 136 798
419 479 641
76 600 6
249 521 343
564 247 362
92 533 320
213 546 306
475 45 839
279 74 164
297 124 716
460 251 323
182 347 180
16 122 270
32 699 353
19 404 735
13 534 466
15 319 484
496 9 445
39 668 625
108 243 394
169 600 707
409 312 855
525 285 780
383 76 463
108 500 192
4 111 897
389 664 847
500 195 495
187 227 754
156 432 811
123 507 813
349 546 296
584 526 268
1 181 214
49 627 27
423 266 50
223 130 51
661 173 348
197 224 663
595 203 138
62 577 988
153 425 336
602 430 775
674 392 705
609 232 476
595 507 169
468 459 186
592 531 152
146 219 939
607 236 320
671 351 334
179 46 820
153 695 579
165 214 891
246 578 289
492 665 259
362 82 119
242 328 857
260 672 835
635 104 937
206 32 248
456 182 536
615 235 752
251 37 398
267 397 382
645 656 21
200 397 624
60 124 619
80 653 94
67 544 664
95 146 909
341 472 870
187 124 868
637 126 809
316 448 127
63 47 134
9 348 31
109 53 963
448 593 520
369 420 801
261 535 646
679 657 48
38 524 119
562 247 18
453 273 151
10 423 32
655 602 70
29 51 472
658 561 432
477 307 223
487 312 620
232 210 743
94 676 358
330 251 245
118 628 893
620 170 527
476 411 829
498 339 105
505 455 240
657 221 387
697 367 354
441 213 683
414 442 730
99 672 559
526 566 703
223 684 563
10 173 973
92 412 421
204 278 354
476 638 674
273 10 859
430 267 462
317 233 650
198 340 763
346 640 339
25 292 858
361 9 589
539 676 412
377 394 403
320 313 436
430 516 356
524 334 36
272 328 591
127 298 466
431 551 128
441 249 414
494 554 65
430 199 647
405 358 573
61 514 494
37 647 919
421 99 893
278 155 201
243 264 548
98 352 488
541 569 942
651 479 380
567 102 321
505 502 181
653 567 298
429 350 609
220 374 913
38 224 713
694 1 745
610 692 34
383 492 407
657 548 549
257 665 778
350 288 483
159 652 469
319 694 598
452 570 53
29 217 396
546 166 175
688 207 844
340 18 438
337 209 702
358 613 23
200 236 32
393 595 996
548 345 493
226 535 580
486 332 817
335 663 688
56 346 433
491 155 239
619 609 567
331 388 211
155 54 334
429 134 331
272 615 81
537 431 160
262 18 871
470 232 770
385 145 689
526 523 403
396 74 908
524 337 907
451 3 327
687 383 713
141 389 285
585 529 897
636 59 344
410 42 735
197 381 613
433 201 311
493 615 932
591 661 622
449 469 765
584 445 942
648 325 109
507 530 42
122 510 828
83 605 807
628 416 900
219 673 696
461 389 249
464 477 535
353 568 40
124 472 991
53 458 284
542 480 439
408 538 560
72 552 186
400 140 498
471 135 763
64 354 140
30 522 378
98 352 542
646 471 869
199 203 238
226 505 988
30 134 204
474 81 543
198 490 693
683 181 908
169 25 687
344 366 577
233 645 474
573 56 289
197 61 836
169 389 729
542 151 965
107 536 387
591 414 736
342 462 473
281 90 743
641 452 191
503 421 956
345 144 514
657 284 864
508 410 244
193 328 278
698 226 216
5 225 191
217 327 129
549 262 969
687 548 903
418 406 774
298 85 319
620 200 633
550 60 523
93 369 175
80 339 215
39 196 194
53 114 135
408 602 235
11 440 520
588 180 935
54 23 250
485 340 128
392 494 989
559 561 407
77 185 862
97 641 184
143 636 653
87 144 1000
446 50 526
529 596 186
697 472 170
61 3 72
282 2 267
648 136 259
501 368 572
414 49 573
15 571 47
268 33 236
163 539 836
12 575 913
380 85 765
693 554 279
16 344 799
495 578 842
541 688 523
422 690 524
634 395 207
471 16 136
6 537 973
90 633 607
546 672 642
504 366 640
227 147 879
657 234 876
487 102 621
244 291 276
467 161 850
176 132 274
455 349 469
522 85 853
175 12 555
626 610 895
587 167 770
502 189 78
147 396 65
620 505 986
655 602 576
88 296 128
590 449 872
219 229 780
221 223 991
484 308 706
251 177 717
384 306 569
679 582 748
662 193 168
269 684 212
68 512 462
582 237 243
586 448 305
469 121 622
79 403 185
375 309 505
318 159 974
271 244 105
91 613 186
475 590 743
502 138 758
610 651 355
117 681 502
477 385 439
458 432 891
166 275 503
193 128 19
487 193 889
170 32 809
638 240 205
215 116 526
149 122 12
35 242 107
114 399 435
608 22 495
1 238 605
153 437 436
128 610 430
148 255 361
215 326 242
58 446 230
524 139 190
376 22 795
61 497 880
650 131 987
142 24 480
651 148 152
173 538 155
283 118 272
469 394 880
340 652 311
421 602 493
18 27 561
373 570 559
247 660 419
575 563 941
673 181 64
555 305 375
130 332 903
397 119 62
27 586 986
395 168 9
649 103 83
639 60 628
535 500 353
207 133 158
293 390 832
127 143 332
185 516 814
258 397 237
351 308 813
432 112 769
565 82 604
672 512 706
374 146 954
192 695 145
180 481 140
226 230 479
622 566 492
471 363 215
318 61 318
431 380 868
289 224 842
519 640 701
0 410 322
31 369 15
627 106 617
666 576 30
50 20 373
76 350 574
470 378 241
197 364 259
466 393 642
546 283 312
73 148 884
325 178 789
357 611 329
213 585 676
400 271 935
299 322 630
75 590 82
11 327 130
210 556 249
293 71 575
436 347 661
665 233 234
612 626 514
659 637 482
47 595 326
650 58 487
246 67 299
409 7 171
534 49 250
609 74 791
454 203 764
3 61 368
398 659 100
359 68 439
28 433 951
390 673 477
6 406 303
633 647 648
638 162 451
665 568 265
45 186 49
672 85 14
205 549 196
225 612 60
496 582 297
103 91 355
385 15 471
156 559 570
651 423 599
672 198 896
520 339 844
96 549 965
426 434 568
536 681 584
489 653 284
148 698 9
331 677 200
507 453 944
321 497 97
482 383 71
511 375 144
677 217 556
227 560 642
81 450 76
555 341 892
460 608 939
281 363 411
338 155 502
98 477 89
148 411 624
109 688 567
180 144 453
538 446 946
53 330 752
55 333 188
23 427 291
154 481 335
625 437 196
691 384 79
519 109 161
694 362 412
698 636 402
470 119 788
69 500 339
586 279 422
250 253 861
121 10 581
649 535 758
386 659 62
217 440 44
551 508 774
15 449 874
109 206 76
127 163 583
201 520 431
613 67 674
583 315 477
287 224 48
530 106 261
50 413 159
98 124 444
62 560 631
673 184 72
649 39 164
62 325 886
22 413 225
558 357 476
470 648 932
237 3 325
52 686 497
42 269 332
249 231 543
303 86 24
467 367 569
18 324 327
369 378 16
206 79 793
272 625 827
161 163 689
222 433 149
361 501 7
335 58 383
201 638 996
329 371 794
630 300 127
388 612 360
416 599 89
41 288 878
9 160 609
253 660 454
103 335 316
542 18 235
16 181 326
388 589 490
617 376 116
198 451 139
96 622 70
517 138 844
688 29 878
129 460 578
420 122 998
513 550 157
213 646 456
203 568 877
218 280 674
209 402 685
295 553 359
614 394 601
579 540 696
363 203 130
186 328 149
164 593 811
604 20 158
22 517 354
101 170 600
337 510 734
289 390 169
77 694 186
23 40 939
348 462 714
379 105 948
230 489 327
412 677 607
42 484 66
220 264 652
684 297 13
203 670 828
574 252 995
35 235 234
549 585 576
70 232 547
575 695 521
488 118 690
99 620 153
61 39 335
551 259 482
557 163 916
44 228 632
504 187 193
221 484 220
647 212 175
203 378 828
378 498 783
595 252 215
623 296 928
457 670 148
382 549 610
453 269 693
488 508 393
673 643 313
232 405 800
275 54 523
265 468 977
36 316 812
251 133 400
580 607 38
390 493 521
279 374 954
422 472 350
449 53 118
672 503 351
338 217 488
97 438 32
109 53 518
622 302 0
338 614 418
13 64 730
223 582 261
243 303 326
318 665 317
581 270 152
692 507 524
84 125 929
56 442 883
320 58 887
251 646 747
218 242 209
563 659 537
164 442 199
577 355 65
95 47 421
337 212 153
613 530 609
686 82 343
596 122 746
579 202 98
251 376 584
576 371 855
554 126 794
89 308 658
170 645 507
331 352 727
288 408 124
213 308 114
510 678 768
570 323 658
260 40 926
553 603 22
198 631 729
333 164 303
141 95 121
429 564 847
13 687 266
109 447 842
631 423 356
510 213 81
30 18 450
18 485 492
533 452 22
206 326 808
558 96 901
5 291 161
432 50 163
581 142 353
386 189 812
684 82 51
95 118 153
388 558 780
424 200 908
213 301 990
598 24 915
404 424 288
694 109 832
517 519 180
125 221 411
259 441 376
628 80 821
627 28 600
512 554 882
457 233 544
235 433 913
117 205 290
568 109 860
259 12 386
453 563 660
411 163 340
131 349 493
284 617 207
302 534 381
32 269 523
304 603 166
287 530 665
45 335 917
628 57 654
698 414 848
166 645 455
500 18 399
276 10 802
443 49 566
38 447 478
512 118 857
158 178 83
628 162 71
280 152 518
21 168 426
344 559 740
495 298 236
153 54 744
512 104 494
198 468 954
40 128 24
521 323 321
79 486 815
630 503 538
167 687 721
681 686 665
318 486 318
261 484 847
469 272 776
196 461 947
260 632 623
544 452 660
262 511 371
319 496 696
420 479 131
628 319 822
4 269 901
75 96 209
140 444 556
162 454 323
565 96 888
238 177 578
580 132 192
106 639 585
232 21 272
45 623 690
555 694 567
631 122 668
345 487 766
516 294 838
149 523 23
616 10 941
465 112 447
238 431 191
22 229 947
396 62 15
575 651 900
441 8 522
465 255 374
276 499 508
601 99 696
35 456 471
78 515 742
556 534 575
532 340 800
44 582 278
43 573 896
300 441 517
171 92 489
79 110 448
592 15 545
11 31 870
328 140 893
222 486 619
532 312 532
598 438 401
106 358 261
150 668 357
440 391 153
550 397 408
189 530 462
669 695 813
328 196 518
488 29 936
220 58 963
479 531 280
536 119 454
548 347 612
171 214 106
349 23 507
502 667 318
700 114 89
125 455 307
440 234 860
274 332 369
500 11 641
257 419 751
173 114 35
298 673 137
67 106 755
287 470 293
8 493 50
429 92 730
21 615 138
492 569 521
402 520 117
6 291 335
46 392 869
414 527 663
2 103 731
654 204 461
143 658 775
126 57 758
630 543 320
276 84 296
543 140 454
513 272 934
433 100 292
432 482 415
551 270 53
15 275 117
306 508 908
174 388 742
398 107 303
85 664 849
430 527 77
430 510 964
234 353 112
107 338 249
89 85 455
306 88 907
214 533 598
639 239 835
565 321 614
345 542 231
66 109 68
393 271 198
146 209 956
699 576 274
512 233 948
671 126 253
379 193 161
80 197 257
48 474 479
127 458 648
126 443 755
32 242 765
13 172 198
393 370 236
594 58 979
445 468 98
333 272 352
141 407 135
459 336 152
550 255 889
121 83 31
27 129 393
558 607 312
470 15 780
690 502 351
411 198 266
622 12 198
376 262 503
151 338 214
596 587 702
254 223 834
425 17 304
465 678 311
508 16 1000
510 300 752
558 529 628
552 514 253
263 602 21
633 339 243
585 655 294
419 445 132
200 217 907
207 616 350
187 305 609
431 369 864
295 700 155
27 77 511
176 420 731
471 332 373
465 513 487
102 394 681
539 154 658
311 267 301
541 635 752
173 419 949
206 284 514
397 269 268
660 274 581
463 104 981
259 581 793
381 531 408
322 462 88
368 156 940
32 79 985
612 689 522
407 91 869
439 168 331
105 3 383
659 525 444
272 187 94
371 100 630
280 130 810
560 445 775
252 678 10
51 523 507
365 85 901
443 398 838
45 224 309
608 20 185
232 418 776
80 260 789
150 29 807
283 194 424
659 397 807
161 417 462
511 509 732
242 30 640
163 13 645
164 665 120
605 499 353
105 42 527
629 516 113
493 649 436
648 291 94
498 400 910
513 537 795
46 330 762
669 418 711
92 104 74
230 383 774
435 8 804
190 518 540
130 572 985
273 408 649
647 308 493
310 285 910
185 609 767
203 143 377
97 337 230
15 12 895
466 680 379
179 456 576
41 512 556
119 296 653
92 300 544
496 676 515
23 425 311
533 563 568
584 366 775
142 123 967
472 626 649
10 649 30
67 627 814
323 593 711
659 556 50
151 310 463
340 537 279
266 188 573
352 22 877
592 308 931
576 584 717
26 225 185
378 514 285
473 631 95
453 123 954
557 344 920
166 600 145
571 534 370
573 567 396
298 128 650
522 587 583
636 289 89
654 231 713
183 292 300
64 292 972
348 391 997
356 394 258
11 57 27
700 346 229
470 345 519
71 71 434
234 160 130
238 142 407
683 347 16
88 617 21
599 585 820
211 659 953
147 45 89
618 616 995
608 18 273
123 538 304
240 551 428
628 206 744
45 202 698
510 228 495
538 458 152
326 319 918
79 387 167
215 628 310
350 81 161
541 443 112
566 255 345
57 129 756
388 589 599
173 431 388
519 375 159
150 340 79
373 228 135
576 692 167
189 521 927
542 309 576
79 396 829
183 582 362
242 400 46
351 212 71
669 491 36
17 585 190
684 446 496
574 8 947
14 455 700
280 571 367
588 611 442
256 128 163
112 568 393
199 443 470
230 678 90
348 151 8
548 306 884
183 304 862
379 6 984
68 463 862
84 35 887
165 464 78
90 13 278
394 310 690
22 26 121
133 332 716
613 276 843
280 439 467
318 653 893
342 432 501
219 588 559
667 281 343
230 604 253
268 551 933
597 653 231
686 518 632
136 260 812
132 418 880
299 238 727
137 582 872
359 184 156
309 463 537
125 375 740
165 321 402
325 659 160
435 472 330
173 273 977
355 189 111
177 633 536
168 82 85
97 88 487
168 409 603
685 562 435
71 630 237
353 84 872
371 573 381
7 273 605
489 559 53
689 616 265
513 355 486
40 30 514
377 105 438
658 481 426
309 620 162
304 261 612
208 691 669
676 193 44
218 583 616
450 323 777
300 343 208
690 619 373
125 297 982
645 341 532
403 22 491
399 676 765
3 166 217
444 495 317
89 597 461
216 57 993
597 394 168
665 79 836
546 354 488
65 255 53
104 289 609
462 261 19
635 173 90
557 650 335
329 545 220
698 369 809
368 372 695
107 149 255
683 377 99
116 551 989
628 659 562
314 167 135
596 66 969
85 193 232
200 270 976
82 339 78
700 10 147
59 303 922
391 578 73
469 328 10
581 523 644
662 651 211
351 635 645
546 488 275
270 635 229
506 116 78
87 459 982
584 380 883
93 571 973
527 295 326
309 520 316
361 410 388
448 237 127
237 543 471
376 180 582
630 159 951
59 352 69
70 294 171
218 420 96
554 692 721
429 329 696
467 635 57
181 576 605
698 32 598
634 554 501
188 455 159
226 553 311
146 35 205
452 581 551
104 563 650
676 232 408
20 372 306
380 574 399
109 640 368
593 441 87
308 300 657
540 65 579
148 568 461
496 246 996
429 330 875
686 349 397
312 25 107
543 331 399
108 61 517
375 55 492
646 309 221
237 585 569
313 244 871
374 651 614
699 395 738
174 264 561
161 38 959
6 335 259
547 495 241
297 280 322
179 408 296
525 338 260
534 190 109
162 271 22
44 268 244
384 140 996
11 25 365
182 305 878
554 179 64
67 131 382
683 365 312
182 102 335
660 583 64
19 520 885
244 209 224
624 643 67
437 449 723
551 244 962
70 474 0
161 423 14
248 530 320
617 337 661
36 150 486
493 121 311
442 559 503
111 529 621
435 637 821
201 359 749
138 130 98
9 106 888
52 389 132
212 60 188
608 493 224
420 282 405
176 569 338
297 208 988
549 152 835
494 226 159
20 122 708
508 249 382
90 194 359
110 323 446
657 512 99
315 696 562
530 138 488
52 73 961
691 373 958
285 194 749
611 561 131
166 248 403
124 530 699
357 404 213
103 341 517
334 221 828
28 250 72
516 193 175
151 254 61
410 201 426
589 620 846
479 360 830
469 621 852
580 510 111
157 455 849
152 543 140
575 75 617
279 97 544
619 679 570
138 373 34
63 188 728
359 363 415
231 201 98
639 288 185
594 418 178
605 344 774
599 621 106
417 130 806
640 473 66
655 222 364
237 276 527
379 632 207
220 10 630
215 469 547
501 444 727
696 588 318
564 70 540
268 477 77
388 153 399
647 205 757
147 699 346
29 390 179
172 583 249
328 347 913
620 112 317
314 686 699
637 235 847
370 149 710
173 50 575
488 58 343
550 148 959
509 593 236
508 379 966
504 660 323
340 426 892
682 415 668
484 33 944
26 201 335
181 8 719
301 358 241
248 399 733
125 339 514
364 582 397
496 15 428
83 282 711
291 653 521
558 383 271
416 293 16
97 511 194
475 547 917
412 695 155
595 72 318
532 542 384
33 126 986
390 213 491
377 511 516
311 335 825
148 266 677
164 568 677
98 290 869
18 30 401
89 15 513
250 691 328
168 510 663
96 105 130
336 22 150
16 395 600
464 298 89
253 477 334
243 617 510
332 663 363
664 659 587
512 31 760
215 23 982
605 555 438
274 638 989
317 663 667
444 617 270
549 232 664
364 593 988
593 408 5
492 678 734
177 636 584
279 247 250
124 693 950
464 192 188
220 89 301
235 558 137
537 567 630
657 384 606
69 12 337
407 583 629
404 0 726
653 281 551
20 180 44
383 27 404
190 500 901
286 3 746
327 618 120
120 55 725
481 453 198
151 414 182
637 440 337
437 258 801
148 39 68
146 457 733
670 455 996
293 491 163
476 543 766
209 237 368
3 481 200
154 345 51
71 631 389
294 524 906
593 305 413
45 316 216
507 631 107
591 217 462
42 302 377
166 531 707
22 680 288
295 589 845
334 342 824
487 382 544
689 636 565
25 216 569
155 469 531
260 7 657
100 349 82
196 319 899
231 77 165
434 10 485
181 245 268
134 564 497
407 89 787
18 204 672
242 600 802
329 413 944
166 34 416
75 97 82
674 218 993
286 157 749
363 300 311
230 585 120
445 616 329
564 556 286
281 254 953
515 95 988
214 565 538
56 429 986
420 282 552
13 332 64
601 618 339
246 45 874
407 252 469
581 603 305
447 124 685
301 26 215
436 225 867
156 383 349
497 507 468
592 278 527
511 663 839
211 395 518
85 267 35
154 548 16
111 38 927
227 48 944
288 28 824
258 72 897
542 340 112
558 699 121
461 545 406
656 383 49
279 383 797
522 666 465
390 561 273
25 231 779
585 371 720
162 220 67
446 371 671
349 485 768
92 157 233
450 286 55
479 131 190
633 423 202
15 459 895
616 497 614
168 197 32
549 176 126
378 308 912
119 119 976
595 13 620
638 156 785
10 313 8
582 696 234
456 629 891
639 57 906
332 372 674
436 260 438
607 140 427
695 416 538
307 630 591
408 86 343
10 434 204
175 442 693
479 103 954
561 576 804
588 389 708
174 81 368
148 195 674
544 324 509
301 660 852
698 481 254
418 466 134
140 399 717
319 635 49
413 505 402
405 582 883
557 102 2
171 596 574
349 603 211
431 37 401
26 681 463
503 38 482
457 466 707
258 564 915
325 539 840
15 534 80
110 95 52
410 1 773
419 684 777
280 374 197
266 415 736
141 10 273
562 665 590
445 128 719
409 664 34
485 178 273
629 357 248
596 202 452
267 351 433
368 350 173
128 100 594
331 6 29
419 183 337
106 187 359
407 470 280
45 393 343
612 379 242
422 352 574
314 60 729
609 646 715
39 290 952
257 510 805
145 136 705
323 318 879
184 538 93
236 101 18
314 91 606
389 49 906
568 300 358
251 18 206
643 151 18
241 563 928
188 20 33
415 273 790
405 402 133
530 86 794
280 482 480
102 72 301
651 209 406
182 621 356
384 555 847
587 273 534
648 687 531
24 104 751
76 362 214
222 500 963
178 575 950
316 685 507
137 507 825
243 345 64
274 698 747
650 367 533
524 621 169
605 113 655
244 305 346
10 319 431
251 312 530
599 112 181
499 551 555
265 396 9
409 512 358
309 401 507
369 305 338
634 260 487
622 329 176
531 459 208
394 475 836
1 87 485
267 245 893
687 605 276
287 153 197
66 437 99
698 566 428
423 455 624
319 282 283
73 379 20
660 316 562
173 594 928
692 674 339
643 265 323
436 89 624
337 353 807
150 88 695
468 620 361
491 320 348
469 129 205
656 672 485
678 680 491
36 579 309
590 217 288
101 23 544
334 378 73
584 125 246
639 196 692
502 11 777
155 548 798
185 636 392
366 458 805
668 278 458
80 352 253
536 687 808
498 471 224
623 398 605
124 653 549
219 633 423
218 553 630
209 45 84
158 523 464
478 270 415
673 468 0
196 369 32
682 415 766
287 489 559
33 572 205
225 442 364
398 187 835
214 202 844
331 503 269
446 213 393
653 375 525
660 361 504
563 255 195
411 29 591
477 18 997
644 91 49
256 427 202
215 491 665
254 50 980
215 168 264
410 326 920
246 646 554
148 538 491
111 640 76
624 33 37
564 414 15
194 644 833
447 674 903
437 363 922
305 325 25
265 575 320
474 51 837
236 429 979
226 381 220
620 169 232
437 589 203
378 628 396
127 56 758
57 418 646
678 344 260
18 280 955
612 414 183
374 498 887
558 69 709
661 346 142
641 403 0
50 160 932
682 338 176
65 534 534
187 472 674
272 450 568
341 75 287
534 198 100
56 548 922
113 241 818
423 532 692
380 663 120
373 620 397
302 527 922
580 680 496
75 605 324
679 137 359
675 631 419
654 690 331
230 153 108
70 421 500
3 88 782
435 308 742
672 203 612
640 665 386
195 217 461
293 30 115
299 311 355
294 550 708
132 51 825
219 510 900
269 114 218
641 322 937
348 25 661
25 350 317
372 272 225
642 535 784
533 656 886
256 329 626
500 22 559
646 169 400
469 250 249
119 523 873
287 575 613
77 102 123
140 553 47
368 599 356
69 693 312
447 333 525
491 655 928
288 517 275
646 335 40
579 637 369
462 487 990
666 638 206
438 18 760
150 290 758
14 470 305
286 249 363
586 257 510
135 649 717
139 133 845
141 170 519
184 59 889
286 651 589
618 168 134
93 364 647
604 374 592
696 480 361
343 73 407
640 547 959
102 341 911
144 428 685
232 350 94
443 325 115
652 359 322
60 77 81
61 446 972
590 108 262
655 396 78
223 527 976
321 527 657
250 247 290
605 273 302
284 474 296
360 17 367
244 502 954
393 190 212
220 630 96
190 418 823
272 390 494
412 211 480
427 506 493
541 303 152
277 412 321
80 270 709
19 647 972
231 89 313
161 85 583
543 604 448
537 171 737
571 395 59
510 32 379
490 455 716
342 187 868
244 554 630
81 673 968
18 166 402
113 244 173
156 365 467
672 339 903
52 78 601
230 318 161
608 251 558
451 407 667
233 371 623
105 655 521
509 416 354
379 518 48
135 51 336
346 662 754
606 273 228
697 700 491
479 106 422
575 651 164
19 192 113
330 638 549
142 248 34
473 60 326
512 281 8
155 352 607
304 500 598
157 549 66
438 100 257
258 342 602
314 582 735
376 593 702
163 390 692
363 31 664
145 280 554
129 167 490
402 469 624
191 35 262
523 590 162
108 280 731
394 226 847
277 424 649
119 572 494
521 407 908
400 300 611
353 642 394
356 485 872
495 147 357
653 695 675
502 290 659
477 479 385
74 272 222
386 364 460
244 523 752
593 141 649
619 231 955
378 588 305
316 14 172
529 102 241
528 319 133
480 399 176
412 697 780
136 476 426
464 454 132
506 460 793
562 182 934
135 189 552
652 352 262
80 464 845
555 25 851
102 5 678
510 635 381
525 465 939
414 179 227
571 501 778
297 699 64
570 629 84
492 527 73
287 430 407
479 381 826
424 628 194
586 529 330
502 424 148
580 479 335
214 411 562
516 609 423
372 366 88
475 324 19
477 212 957
99 627 495
213 51 790
282 360 984
205 202 57
522 116 637
549 223 826
519 689 686
688 622 691
475 254 856
688 428 213
356 82 571
215 442 150
113 663 734
510 93 47
470 594 448
43 84 243
634 154 337
499 77 385
242 182 417
365 606 534
326 85 913
70 83 542
70 119 968
396 590 804
367 124 108
607 387 630
29 486 781
182 158 101
595 185 555
269 22 476
593 400 92
398 214 133
115 370 344
319 487 82
32 172 869
170 12 257
687 425 181
319 4 73
548 650 755
236 635 709
298 43 468
555 178 104
182 431 324
309 81 844
487 589 813
309 308 51
588 237 122
274 148 799
623 487 961
4 490 542
552 419 752
533 160 625
685 196 995
266 599 270
286 377 340
519 307 372
83 541 609
501 376 17
527 575 604
685 376 823
457 584 264
289 436 312
340 65 839
462 209 494
618 182 785
253 321 422
177 184 296
361 486 945
307 656 378
694 323 303
325 271 350
11 469 430
145 480 278
115 294 956
584 643 390
516 616 103
495 137 373
227 30 657
262 429 972
552 504 763
619 528 926
656 308 341
440 224 627
108 641 531
124 394 198
58 85 548
394 609 637
348 237 231
33 56 631
329 455 778
382 200 82
61 138 743
285 279 236
527 608 531
602 504 858
99 501 645
267 298 253
364 600 683
96 20 223
381 655 975
198 395 1000
568 138 460
159 645 856
648 143 192
43 258 5
113 227 323
70 53 550
539 27 200
121 488 254
223 279 48
413 519 432
679 106 124
179 562 134
540 194 260
279 13 862
372 208 599
442 644 97
473 361 207
113 204 466
34 439 769
35 459 387
133 651 532
588 274 500
458 255 178
616 236 571
124 608 466
311 378 467
616 418 787
430 377 264
380 198 35
213 24 588
675 489 697
316 640 901
399 19 711
0 535 580
556 104 27
618 597 935
254 331 81
181 300 600
247 351 125
69 611 121
129 616 485
447 14 123
248 649 81
596 132 981
503 382 105
326 189 723
638 587 339
556 103 189
38 276 673
554 179 191
321 222 546
77 115 377
41 67 360
435 135 835
440 482 339
23 203 616
679 497 877
567 561 669
439 46 491
423 45 996
230 578 113
132 645 455
505 594 225
638 616 36
44 149 244
427 549 138
318 317 377
392 270 918
383 110 903
73 593 611
322 210 499
486 37 593
313 640 518
84 492 910
29 522 477
67 572 508
458 391 24
688 220 998
81 313 760
127 301 971
603 582 75
175 632 557
171 139 7
338 422 626
359 628 601
494 111 527
170 609 473
459 439 619
520 209 55
688 25 918
233 111 293
553 679 894
346 443 879
33 435 314
498 321 419
98 642 361
150 372 809
334 146 681
316 388 486
492 297 155
364 33 321
191 43 148
670 579 352
136 110 260
496 252 444
195 430 67
303 337 925
173 161 365
311 618 515
81 646 210
340 630 911
328 583 936
646 456 114
60 185 541
595 219 782
674 327 74
631 283 59
28 367 467
89 235 457
203 403 801
167 217 206
101 387 242
30 698 892
402 321 797
527 677 318
618 652 920
128 13 21
120 327 271
88 285 722
88 678 28
465 169 941
295 154 905
222 233 143
396 251 531
458 212 676
397 172 266
517 273 996
353 625 758
421 109 826
471 563 569
647 142 175
93 679 394
20 237 69
696 67 846
354 152 745
362 695 467
36 28 282
393 112 296
249 198 808
551 500 362
82 68 271
109 618 110
365 103 254
131 485 350
665 231 613
682 200 710
642 10 756
191 636 316
527 36 835
468 138 262
209 628 302
113 58 485
647 662 53
447 49 322
446 541 290
202 509 981
310 96 557
606 34 672
615 78 646
606 439 133
406 31 371
251 397 185
143 89 456
568 696 133
548 578 698
15 656 580
183 19 61
505 498 756
367 608 273
536 401 425
203 437 640
480 456 721
401 53 803
182 358 759
639 398 897
552 624 425
444 108 412
10 200 152
531 330 526
685 225 378
545 159 642
413 674 130
549 453 157
493 297 250
19 597 5
264 407 975
104 444 544
564 446 17
631 33 825
256 612 151
121 120 21
330 276 96
77 359 611
400 496 281
337 436 65
363 665 321
399 63 534
214 133 865
283 691 467
661 443 659
282 191 324
157 424 628
110 451 586
312 18 948
654 160 566
226 385 882
481 334 133
514 43 56
676 259 242
415 130 210
350 576 968
262 419 84
648 256 544
484 272 934
670 665 250
92 431 123
420 232 538
533 673 113
175 580 726
194 282 181
337 464 211
699 588 835
552 455 380
113 170 644
516 0 415
161 650 202
232 36 388
679 280 46
648 70 719
308 304 28
341 590 172
453 120 312
683 555 351
294 79 474
674 569 910
381 699 952
568 226 103
488 344 656
522 161 461
677 325 848
654 236 131
86 118 153
156 619 594
249 651 317
440 516 760
362 107 299
64 181 379
526 532 766
16 244 122
278 441 42
643 318 511
499 172 636
330 44 115
149 101 799
509 76 668
294 483 545
74 130 219
640 477 369
656 38 262
238 155 281
393 564 989
323 621 879
389 135 242
176 417 12
57 687 688
469 364 466
35 591 780
407 559 309
544 329 579
660 174 290
114 405 481
660 282 638
634 210 661
254 667 747
70 392 532
458 426 127
408 42 865
700 73 3
37 418 714
602 264 975
497 302 598
558 153 576
344 276 670
168 136 526
155 45 65
226 669 480
389 689 371
467 189 973
270 678 622
35 575 249
396 273 474
484 555 368
57 119 77
523 462 758
392 658 540
333 184 360
90 471 158
342 283 635
566 82 442
162 638 642
278 693 84
23 665 147
82 590 319
253 196 664
79 9 797
509 454 240
266 183 124
88 37 288
328 530 828
612 335 656
204 252 118
325 510 539
526 245 823
15 453 185
52 394 307
126 320 956
35 642 189
217 340 906
443 436 160
331 226 272
289 51 510
358 503 281
321 139 206
35 439 804
368 353 532
69 459 67
283 555 201
340 345 988
389 634 946
302 202 483
308 667 276
430 250 775
170 427 486
327 575 527
555 292 301
635 94 854
296 281 535
438 622 451
580 427 671
639 193 1000
181 9 711
3 158 903
224 557 303
243 660 225
38 26 574
186 557 241
610 588 17
250 268 279
118 541 806
374 77 328
417 551 307
51 303 568
396 580 360
438 582 603
370 177 970
241 636 408
27 257 69
234 546 2
617 293 598
184 402 542
266 4 627
310 417 410
445 516 994
158 415 585
300 187 889
76 208 885
61 200 954
297 140 664
57 440 0
644 660 317
15 658 298
431 639 430
575 182 102
577 615 328
616 464 797
577 677 380
195 679 566
689 236 329
304 496 531
384 304 650
310 573 285
633 554 75
476 109 193
593 244 717
36 543 35
18 63 827
458 292 847
526 121 501
35 607 938
60 490 590
0 588 625
24 71 836
422 301 572
639 321 683
407 562 902
359 515 206
257 16 266
380 2 844
465 668 744
361 648 152
582 157 141
333 47 543
464 384 950
2 167 602
225 569 474
435 446 433
626 622 293
80 238 637
507 618 37
216 437 157
419 13 459
399 669 14
606 263 42
254 39 219
481 688 37
361 161 537
472 605 301
28 314 335
419 147 760
409 63 941
194 613 696
53 322 493
43 323 195
8 393 58
456 109 384
243 444 503
220 431 8
668 698 892
194 298 92
34 209 502
462 43 723
32 158 885
16 561 940
439 340 456
262 676 320
228 545 277
650 118 755
566 24 811
398 319 107
312 167 110
420 69 1
157 308 677
503 229 440
449 652 11
504 204 514
401 493 408
511 683 611
422 418 659
431 249 112
327 215 859
282 145 399
383 694 284
647 460 997
534 167 5
550 113 790
558 565 632
176 592 736
635 323 746
684 694 922
315 294 808
370 667 565
111 554 405
38 621 187
542 522 102
288 376 564
43 695 781
663 582 423
14 92 777
642 57 68
393 372 492
52 403 62
90 553 572
444 311 935
170 378 839
518 414 522
18 151 164
695 351 984
34 145 598
505 300 500
81 445 496
261 271 531
669 635 282
584 576 464
360 467 774
184 446 35
345 400 106
458 465 222
140 658 385
326 162 945
613 469 450
650 299 701
616 387 529
296 149 44
473 370 746
33 623 322
486 143 754
690 11 230
410 213 219
552 199 869
616 335 109
513 609 967
527 350 126
578 205 634
284 658 508
642 661 672
200 196 309
53 257 485
265 468 225
346 553 577
320 460 129
37 95 123
564 287 452
637 467 556
664 286 934
323 500 31
171 506 792
466 241 764
512 38 707
307 237 156
544 531 30
320 596 623
138 470 308
265 222 253
460 308 212
377 442 450
570 361 657
323 198 706
207 98 558
520 667 112
597 400 312
572 0 870
206 277 648
32 665 366
584 341 753
382 251 212
427 184 988
474 101 239
470 567 407
190 224 285
630 653 671
72 46 180
154 594 374
265 230 674
0 537 329
633 276 251
639 418 636
99 645 599
423 636 478
287 621 100
347 683 842
289 194 878
323 130 656
220 455 369
84 625 144
622 433 8
494 691 780
585 501 121
689 508 87
96 286 205
562 81 455
49 318 974
282 670 874
297 580 91
657 617 216
395 145 712
92 12 59
380 231 974
544 378 532
419 367 921
233 579 527
633 25 290
116 219 128
698 82 844
421 230 40
637 568 286
262 190 881
154 129 466
618 9 494
489 333 851
196 202 927
238 274 877
471 210 907
619 276 198
85 285 94
335 645 48
392 643 730
154 377 420
288 130 577
80 436 651
355 171 627
523 21 501
531 123 985
659 453 623
388 383 867
688 234 793
204 85 29
637 138 722
121 229 111
254 222 235
297 10 552
355 20 757
17 398 124
573 615 274
617 315 937
574 412 681
514 205 524
226 12 933
482 105 431
531 73 669
119 630 673
502 538 684
58 530 156
689 192 5
100 575 69
358 207 288
433 143 318
434 548 154
220 333 718
455 174 272
287 440 820
207 99 198
452 266 815
630 317 337
133 618 306
679 585 462
601 602 666
190 24 57
115 446 526
619 83 836
489 361 916
429 388 880
27 517 530
177 31 805
335 443 694
150 273 890
688 47 69
554 416 267
223 465 717
249 368 630
661 287 307
466 274 157
450 362 394
42 438 361
463 610 489
598 341 881
26 362 963
198 129 849
604 176 719
583 669 502
76 570 763
143 337 339
349 54 345
374 671 268
690 288 273
275 323 344
351 159 298
599 678 292
279 654 614
371 663 5
484 342 991
320 181 919
363 697 707
60 530 739
75 237 485
211 305 36
437 75 508
64 493 964
314 402 199
94 539 705
176 635 65
309 228 561
322 190 448
7 36 882
292 217 929
23 133 197
85 353 756
210 435 158
264 91 997
383 385 129
231 217 252
277 408 327
632 338 550
20 469 68
203 363 140
184 392 391
135 278 493
591 337 324
150 31 342
558 594 581
4 451 502
129 49 615
188 214 442
556 405 940
542 636 991
548 572 902
587 83 278
338 677 131
59 648 906
445 67 184
125 344 742
265 215 559
669 84 296
113 646 149
469 114 826
99 497 49
472 534 793
184 60 936
54 171 173
580 696 652
80 475 704
395 47 20
648 325 268
21 392 910
513 553 665
204 243 681
592 437 180
367 139 406
2 6 707
365 163 220
367 373 228
606 463 872
322 177 742
101 209 727
328 236 973
468 564 684
500 68 249
396 579 957
75 163 959
234 137 239
480 28 533
272 195 950
279 206 473
306 119 659
556 569 220
606 528 540
274 331 86
392 413 581
443 105 143
336 289 461
25 296 296
22 564 124
395 454 832
223 187 209
169 585 690
360 462 929
11 236 261
631 464 693
416 107 391
341 25 380
160 77 573
636 615 761
298 285 688
253 206 749
28 547 199
53 573 118
67 477 725
99 86 907
692 278 208
310 101 767
538 586 348
596 227 106
260 616 256
145 252 125
16 481 289
690 9 259
75 202 355
545 578 907
375 135 379
28 305 703
193 697 228
61 32 505
144 529 6
442 133 968
351 693 663
62 170 411
176 422 783
307 557 94
372 599 377
140 323 791
376 479 75
441 590 477
20 430 874
100 468 594
19 382 268
231 585 491
597 1 808
292 56 134
540 527 960
225 43 403
216 13 319
262 485 377
315 380 625
218 383 542
485 540 322
696 669 210
684 320 207
184 609 126
650 22 268
332 286 701
55 463 216
262 281 989
550 20 427
280 36 639
6 260 635
4 696 834
418 101 211
598 155 598
550 157 433
623 414 120
253 333 971
305 556 810
598 282 670
130 42 496
272 253 792
389 443 763
161 649 155
203 253 63
389 183 517
427 546 851
480 402 510
237 350 72
588 590 868
529 88 596
253 61 174
382 224 167
535 635 308
270 612 769
175 656 861
265 563 583
484 432 495
641 519 668
224 656 752
393 123 872
500 4 827
618 561 326
587 459 288
73 375 69
149 49 516
558 349 585
446 688 997
206 331 416
659 508 181
9 46 956
429 155 754
661 110 635
332 57 183
132 363 252
301 188 228
632 173 358
202 653 927
659 34 256
294 251 999
540 581 482
556 616 730
538 212 699
652 396 643
233 538 65
548 95 888
119 562 132
382 645 376
589 192 188
356 398 783
437 365 339
614 292 897
451 433 823
81 194 757
605 98 90
0 187 276
242 513 114
94 377 935
265 100 765
274 422 561
653 494 626
685 366 56
155 456 102
194 23 924
469 648 516
696 76 178
567 181 335
338 15 332
280 400 505
425 29 786
690 620 588
653 578 899
470 377 94
418 613 771
144 231 656
281 78 258
203 65 333
293 409 618
380 393 470
63 9 685
583 175 4
616 121 474
642 217 430
285 196 256
353 298 374
430 282 684
262 36 395
609 432 331
247 150 172
200 151 192
278 526 181
329 210 717
252 396 692
449 459 847
605 252 223
538 235 841
23 501 392
495 663 126
444 460 346
387 164 439
452 347 520
72 641 765
215 14 596
347 637 683
162 616 275
671 674 845
587 214 335
108 85 189
529 118 637
373 634 634
148 629 161
99 323 145
7 29 311
345 604 748
28 614 103
359 548 674
352 383 257
330 538 809
181 299 305
242 607 80
255 487 895
71 275 403
201 63 710
250 95 222
365 114 740
490 553 68
569 593 781
698 538 326
394 186 368
287 651 20
677 147 948
18 328 163
650 138 611
694 603 429
556 77 30
259 412 874
339 172 427
180 669 834
25 343 467
509 427 702
614 660 386
517 487 775
506 543 143
295 236 67
313 145 127
166 192 879
73 131 238
351 164 796
135 610 879
69 595 407
536 460 30
127 300 230
537 487 283
206 549 931
570 43 969
234 78 313
347 239 534
186 449 278
23 47 908
24 257 988
75 672 836
455 344 549
58 276 690
271 340 927
338 595 277
227 652 545
511 35 945
383 388 219
591 229 895
408 293 621
504 292 929
194 66 403
157 423 765
569 485 783
424 598 569
107 511 562
148 302 81
2 46 830
8 212 450
239 401 427
659 239 152
338 225 440
621 683 762
1 320 276
661 139 321
52 550 129
314 700 730
553 432 143
680 443 971
591 531 790
388 282 56
651 335 479
565 464 575
572 92 868
412 71 343
677 270 574
676 276 176
338 199 802
187 407 793
130 556 579
646 58 550
640 32 584
437 641 717
323 230 338
663 593 326
258 186 638
87 434 133
234 143 266
422 228 970
492 219 819
660 408 784
273 200 565
462 261 370
278 85 963
626 492 428
122 218 152
547 410 798
92 584 889
175 686 37
263 624 373
687 272 98
570 511 675
82 12 960
430 609 973
114 276 848
166 260 590
522 292 689
114 130 547
678 55 459
295 667 501
176 647 647
271 80 729
40 238 909
343 492 66
651 79 420
363 676 789
647 398 82
301 379 962
386 12 890
609 599 919
502 457 764
179 263 737
252 215 616
517 148 571
355 500 787
58 218 26
167 127 683
259 692 781
700 455 639
532 654 869
324 610 724
590 351 492
72 82 181
555 71 420
533 577 575
578 641 480
111 463 35
582 471 76
243 456 83
280 511 198
7 537 965
127 635 678
690 18 975
453 672 274
633 188 230
609 108 736
393 491 878
303 547 824
88 629 990
623 190 397
90 25 619
79 210 958
14 379 565
190 503 867
603 244 73
592 285 264
67 417 984
341 509 579
414 261 70
542 122 139
48 671 467
266 255 880
200 402 649
473 244 716
266 24 743
302 637 10
13 455 336
505 605 999
533 112 286
464 78 645
327 70 69
362 226 418
412 521 507
135 641 600
473 352 185
575 591 749
449 125 504
338 189 450
577 70 244
285 68 102
386 50 872
597 66 226
640 636 952
223 563 227
176 227 430
290 309 896
88 489 240
102 514 535
524 450 224
360 619 469
657 374 457
135 2 826
433 186 280
349 459 889
524 623 937
310 536 218
144 402 320
654 2 106
75 296 335
201 320 659
23 260 409
117 29 837
334 370 644
27 307 88
674 313 988
638 89 467
572 107 477
161 293 785
294 217 292
116 112 394
472 59 373
283 678 500
155 588 324
0 696 14
589 19 329
377 537 451
42 514 789
246 453 108
421 535 33
420 581 512
45 494 94
60 20 480
86 474 452
462 1 831
18 575 902
73 629 363
404 577 524
646 53 915
193 215 649
605 68 526
387 523 329
428 175 610
38 649 916
98 415 560
314 601 381
89 114 53
425 547 505
578 340 521
209 673 631
660 572 570
578 137 313
610 301 684
394 496 783
494 567 993
429 623 927
67 108 986
523 483 139
266 278 563
658 496 556
284 270 229
690 167 216
548 599 70
441 354 667
486 443 359
454 425 73
581 421 600
287 453 820
448 561 307
118 360 782
633 683 465
387 30 761
554 406 952
607 299 0
146 42 833
378 259 90
117 261 657
495 185 286
610 209 9
494 121 353
656 282 337
515 669 607
623 148 899
391 182 861
164 284 7
105 374 251
111 366 794
587 407 346
584 496 790
109 694 728
665 586 6
220 222 419
675 166 86
377 333 855
491 566 496
639 133 864
145 81 165
253 70 180
454 439 257
283 483 295
133 226 431
244 120 612
290 521 917
265 372 604
125 553 31
261 691 30
136 560 159
503 199 302
8 656 472
232 526 47
366 376 1
38 121 38
240 251 111
420 207 692
609 659 239
646 559 487
355 408 366
231 50 941
195 126 531
146 452 512
224 1 454
414 564 682
456 344 368
439 660 736
274 562 655
27 239 134
692 24 452
394 259 840
418 290 25
368 117 846
54 311 540
501 147 469
164 599 276
203 468 835
364 382 147
580 23 991
47 693 468
466 355 253
151 127 229
234 245 758
3 23 999
240 507 561
506 323 135
661 21 431
609 675 114
680 683 945
334 68 587
558 645 994
112 466 881
564 78 156
680 109 688
644 626 849
272 532 799
296 238 868
172 334 69
568 690 706
372 392 254
20 3 821
592 582 36
409 437 753
531 212 903
380 655 249
144 548 796
140 387 729
605 433 929
450 699 719
544 483 247
659 597 203
554 508 181
678 371 599
630 568 301
175 39 408
659 3 546
163 139 730
515 581 519
247 9 370
450 330 754
39 365 600
397 93 769
112 25 855
100 177 35
178 34 313
538 434 711
280 632 374
63 446 514
553 371 887
390 312 745
678 259 365
566 499 127
405 469 87
362 114 157
623 424 635
350 216 442
609 476 775
682 499 227
589 395 265
359 607 65
101 234 290
167 103 974
119 127 560
532 387 333
374 152 473
231 405 494
394 285 284
192 618 827
469 1 654
616 277 544
568 43 988
689 4 208
148 106 544
615 485 116
296 26 468
382 630 737
153 217 797
409 472 556
525 192 522
176 82 540
643 385 904
644 424 794
6 352 670
678 501 239
110 288 421
23 109 290
665 358 868
160 515 190
59 615 468
457 226 971
631 124 889
48 256 244
440 124 681
498 201 467
537 11 245
358 610 184
357 556 747
167 429 869
524 143 418
64 486 472
372 495 570
299 484 683
322 628 228
119 70 909
459 616 359
155 129 76
529 112 658
447 692 65
329 362 274
26 700 328
611 593 641
128 605 648
29 328 836
247 32 259
672 424 675
138 631 69
406 552 376
439 338 517
17 244 710
228 680 66
635 108 319
575 256 364
85 216 181
53 330 958
153 207 173
296 338 352
684 409 493
464 587 576
184 446 403
324 662 232
625 388 520
539 131 96
392 431 187
325 650 944
357 685 125
641 599 935
240 691 860
138 560 798
446 305 67
258 258 474
246 306 616
354 694 150
675 576 588
406 19 541
594 75 942
3 191 359
304 32 613
700 551 956
265 586 384
470 384 826
242 16 633
660 518 897
577 670 131
308 150 554
364 677 400
416 506 183
222 575 507
392 39 966
518 165 112
559 31 652
348 82 540
274 110 315
104 673 509
651 643 598
695 176 273
455 609 201
511 159 543
156 233 631
613 604 885
289 3 174
454 327 198
125 91 292
135 153 193
617 75 10
429 279 877
269 577 183
275 351 404
687 405 388
648 340 627
441 73 266
592 649 685
252 638 183
548 141 219
298 203 751
292 110 112
137 26 798
261 71 905
401 560 139
300 464 242
3 515 38
375 424 578
398 162 282
443 424 56
35 440 840
680 447 514
364 259 520
687 210 544
178 322 687
295 303 62
391 620 256
6 468 900
47 160 752
281 666 740
623 463 985
594 143 5
668 365 285
608 342 707
582 231 667
442 233 757
561 356 388
289 22 86
38 659 693
290 321 519
234 537 340
225 80 534
436 115 701
179 596 718
238 255 173
157 176 778
205 294 474
344 69 87
191 41 666
151 263 648
77 8 40
618 46 327
574 460 936
692 446 990
20 93 244
112 368 291
246 238 749
359 27 269
391 3 596
344 171 698
469 436 8
565 241 853
564 308 441
410 134 477
336 268 71
121 192 273
495 132 602
244 145 514
88 352 228
498 37 606
180 365 468
665 178 446
426 308 345
256 51 555
649 312 902
176 59 793
412 398 474
107 448 232
507 394 178
441 642 972
351 574 744
11 535 989
602 437 909
609 12 823
570 261 420
358 684 830
124 308 119
538 180 825
423 208 246
414 638 609
645 452 953
319 515 546
564 479 733
306 186 450
40 243 61
245 127 43
539 220 167
692 680 876
139 141 147
314 376 954
90 19 692
309 175 478
635 139 320
322 429 488
154 109 191
553 211 142
310 499 915
315 581 448
221 144 392
129 296 719
664 22 157
242 338 419
144 33 483
376 634 972
686 684 985
539 367 770
319 15 686
415 339 88
533 130 193
82 651 744
664 626 295
633 4 276
293 177 818
319 237 402
239 562 937
77 394 286
246 498 689
14 589 931
79 330 118
251 481 1000
101 478 215
169 685 669
347 175 700
490 598 992
23 33 406
585 343 587
357 159 747
549 498 579
167 673 449
290 422 18
410 602 142
190 550 634
389 210 300
85 505 643
59 136 907
551 351 579
476 200 130
201 328 138
258 520 200
427 599 408
352 200 983
677 523 902
426 464 968
189 634 530
698 382 327
32 541 986
103 414 641
306 459 662
397 312 219
597 323 581
667 537 985
433 224 843
690 629 565
459 650 839
280 210 86
460 614 779
144 150 423
3 285 449
225 602 331
585 168 260
442 21 282
289 264 104
134 688 789
649 323 61
353 112 969
646 639 563
458 96 816
55 296 25
344 216 677
404 163 195
579 53 210
652 34 983
118 360 940
599 231 474
534 437 909
454 558 699
38 600 261
268 503 511
119 158 772
181 299 470
677 560 555
352 22 577
171 133 142
249 262 681
284 46 681
40 602 887
635 485 189
662 428 58
250 441 716
622 108 121
446 99 908
397 88 684
232 677 330
18 525 819
588 550 330
480 155 856
607 118 127
240 586 835
26 214 126
94 690 516
368 169 228
409 620 136
619 514 647
387 570 897
205 351 409
99 524 71
139 256 782
602 668 690
434 266 71
400 670 926
257 198 46
374 352 310
549 159 103
643 365 170
165 625 854
688 213 313
519 61 108
42 456 969
413 526 475
36 152 590
316 594 402
47 118 370
697 543 101
185 7 114
417 619 823
411 425 723
519 452 861
221 591 118
115 140 102
301 594 582
101 514 914
544 226 447
193 571 912
160 301 675
391 471 458
592 207 794
660 23 104
168 674 602
566 461 275
245 259 228
365 495 891
198 37 353
26 453 48
380 204 172
543 586 770
626 586 633
611 137 219
35 673 213
493 229 252
0 185 17
452 395 745
89 221 682
287 494 185
242 631 642
374 484 522
114 312 451
256 393 381
39 322 64
27 80 35
147 461 815
590 94 487
266 663 554
278 107 553
124 238 278
240 0 444
504 219 435
624 27 162
304 536 224
477 12 102
638 396 458
34 197 624
327 474 250
365 491 265
663 346 329
363 562 396
319 366 470
281 7 174
663 181 297
313 117 847
307 59 60
338 625 745
353 363 183
301 79 330
73 158 849
434 676 281
71 41 569
354 173 254
144 410 45
460 182 719
596 349 99
411 61 9
414 591 637
573 463 66
651 507 504
464 434 737
423 207 307
566 660 13
250 158 262
176 225 733
111 448 306
197 615 960
185 158 659
581 689 364
115 234 62
255 226 816
482 29 628
432 302 179
545 14 644
316 40 1
136 144 926
649 106 769
237 255 815
129 55 522
127 164 286
539 529 201
293 362 378
22 601 189
244 203 67
584 5 734
337 211 846
649 438 751
239 241 222
491 683 863
379 78 877
40 304 190
242 170 882
201 541 429
481 366 830
374 224 397
83 591 681
611 519 188
457 304 0
164 238 729
56 639 31
518 432 238
434 125 258
655 227 353
404 69 35
397 265 590
266 423 693
147 286 137
338 122 568
494 616 670
409 642 225
536 291 462
666 291 575
453 470 278
240 175 229
240 129 51
89 172 672
242 509 158
448 242 43
486 82 73
362 129 456
537 194 25
240 525 973
300 618 568
86 48 720
324 16 451
515 212 541
231 670 106
440 362 989
75 154 307
667 550 765
11 490 395
54 471 70
197 546 243
470 14 282
108 656 431
578 240 554
153 677 623
360 458 801
370 101 700
567 521 383
59 494 393
424 243 798
348 221 11
447 142 57
634 488 55
154 176 48
469 377 450
177 181 599
90 311 124
434 136 746
510 269 306
696 350 192
14 321 248
225 386 145
652 101 874
191 152 155
469 131 555
236 253 85
520 571 101
216 441 665
106 17 746
211 30 670
464 634 68
192 611 38
452 399 316
441 617 989
200 129 141
290 575 169
451 124 994
285 686 717
657 107 944
66 389 903
531 170 941
426 667 882
150 187 13
480 104 838
73 430 215
448 606 436
623 240 117
660 648 353
187 74 435
270 548 173
260 459 534
27 389 173
75 632 855
650 624 261
19 508 571
592 567 864
558 363 27
47 327 359
412 544 622
48 248 549
80 207 875
644 175 301
43 110 467
145 84 329
588 130 363
179 534 769
296 29 480
536 150 80
270 76 422
303 395 318
351 561 901
393 37 292
524 53 901
264 313 919
482 177 910
491 136 811
574 230 570
427 425 610
619 401 15
301 449 154
531 346 817
302 116 617
61 558 922
522 686 985
3 334 894
165 616 869
524 656 644
471 222 738
317 48 404
449 184 43
390 219 372
324 214 719
36 112 828
374 400 38
143 37 359
533 285 564
309 493 553
243 672 159
94 638 336
691 33 557
75 472 356
377 347 269
211 359 251
11 641 630
348 251 97
518 205 840
155 637 156
454 542 406
22 667 783
238 332 210
698 535 920
202 455 393
294 332 758
272 197 410
588 492 635
540 524 258
413 336 942
64 467 905
593 679 281
191 487 629
528 75 177
359 306 941
333 399 156
321 79 330
121 589 573
17 363 34
662 25 371
673 270 780
259 321 643
251 26 455
141 203 466
325 154 112
110 197 297
285 397 509
680 591 351
477 245 542
447 336 302
45 392 122
16 624 989
587 481 984
85 194 727
420 85 774
657 372 101
422 8 143
88 245 241
351 81 467
488 375 301
472 114 63
439 637 696
340 620 703
80 390 566
693 647 47
677 141 897
569 411 997
582 85 173
369 17 448
374 199 181
485 77 253
558 116 401
98 209 5
189 665 165
647 319 939
695 127 214
354 542 55
303 638 634
370 78 668
619 545 325
72 275 903
299 46 418
513 317 739
282 15 760
453 580 593
33 305 410
503 309 740
268 639 329
673 163 580
153 174 125
256 536 230
128 93 658
475 405 904
562 93 178
455 460 498
249 63 491
399 517 563
434 487 717
381 251 693
476 241 998
147 304 103
248 232 44
242 209 732
241 46 819
463 515 412
93 120 451
212 678 195
72 271 612
284 645 223
598 34 40
666 181 324
700 680 407
555 648 12
432 522 918
329 585 803
39 513 616
236 145 23
338 633 284
232 577 478
210 374 262
279 340 174
619 591 510
247 311 348
306 30 649
396 73 46
563 348 762
34 661 409
533 42 338
330 371 228
226 69 999
697 169 134
580 199 154
626 70 31
660 98 933
360 361 816
344 381 288
351 386 12
648 93 773
521 428 621
111 541 707
173 699 949
381 29 32
472 688 958
263 546 146
67 697 437
36 445 252
397 416 469
312 514 481
58 281 688
365 397 820
73 50 431
491 437 669
665 648 503
262 646 142
180 461 756
531 436 521
678 604 469
384 599 226
435 649 224
495 533 52
380 52 20
694 134 398
290 199 496
133 36 117
446 103 148
639 456 544
383 101 527
451 676 559
488 265 812
588 440 853
670 77 538
658 54 92
234 521 931
544 282 161
304 634 490
293 572 804
254 454 746
28 124 643
152 284 455
446 463 638
626 284 62
296 696 606
425 19 161
164 252 637
90 582 610
56 316 225
463 434 774
489 465 188
324 36 142
278 698 253
646 638 172
35 557 327
200 215 366
183 88 412
304 124 55
328 115 891
298 665 11
489 411 8
393 16 50
527 171 623
268 240 94
298 447 394
456 109 270
314 137 515
172 3 294
459 154 27
248 260 827
411 556 94
648 48 715
135 94 678
469 289 180
544 199 688
318 320 100
311 401 104
628 51 923
675 24 155
252 137 950
679 516 604
526 247 367
286 346 866
376 624 954
645 370 262
215 358 997
385 287 188
96 204 389
36 564 5
622 621 305
251 582 78
407 677 303
213 498 824
245 584 538
501 234 198
95 455 759
144 290 430
370 83 473
321 214 930
607 243 434
293 628 565
607 153 894
646 399 118
282 626 677
74 123 911
429 530 131
694 646 236
656 132 31
151 334 345
301 571 517
645 137 436
272 262 459
496 455 633
84 55 440
72 638 942
274 4 38
695 427 854
248 346 278
612 368 831
327 474 414
691 448 451
626 588 836
284 321 920
349 276 547
25 307 504
567 444 87
143 343 744
671 481 341
516 149 54
158 297 609
647 534 181
660 109 32
39 519 856
380 565 736
122 579 644
330 245 808
363 252 703
353 465 16
643 32 877
89 75 184
602 651 412
272 615 792
359 479 407
635 347 360
194 126 77
209 311 373
222 655 920
241 200 421
287 268 889
586 453 574
176 443 531
607 372 802
484 298 453
278 260 676
679 261 240
330 551 940
57 222 567
558 353 329
145 117 254
678 110 251
619 457 292
209 410 127
19 144 347
151 45 541
249 34 693
627 508 837
129 670 298
540 478 179
599 19 421
72 669 615
189 464 21
166 250 695
316 561 851
657 160 504
218 131 6
577 567 341
71 260 843
19 442 576
459 510 904
510 80 252
400 535 953
327 403 25
107 432 259
182 671 962
695 402 530
204 265 365
420 495 81
677 686 144
134 515 268
661 539 345
22 515 782
305 207 221
530 682 699
129 423 366
296 685 207
320 478 622
563 544 998
169 32 236
506 201 430
270 315 230
110 623 726
134 60 216
69 38 286
555 612 865
244 370 976
145 214 537
140 418 506
649 681 649
622 610 801
666 359 2
516 473 870
541 254 390
669 638 99
614 276 521
62 56 781
364 190 317
474 152 471
126 416 396
570 550 502
581 22 993
473 197 344
13 591 305
151 141 104
13 359 266
84 105 655
8 487 708
598 154 516
102 515 955
491 608 255
162 214 957
610 655 985
222 679 580
419 494 474
56 298 583
614 464 863
43 695 949
530 329 50
110 571 696
270 77 146
589 518 981
53 383 430
606 694 902
280 245 961
505 408 509
317 401 138
6 272 593
187 143 191
156 261 761
362 257 588
21 214 473
95 242 710
640 38 460
686 645 49
571 494 569
599 204 481
571 340 538
189 321 666
662 18 506
397 353 33
481 108 591
277 61 269
496 315 343
121 90 216
140 115 101
654 553 49
363 104 610
518 414 101
541 13 13
537 558 25
695 13 819
608 517 511
424 312 272
173 15 615
522 491 984
538 65 305
414 216 488
641 686 999
219 430 283
81 100 97
85 250 662
312 564 574
138 155 85
532 186 483
230 302 807
320 337 811
304 410 913
65 240 682
371 262 942
397 323 72
177 310 551
456 668 278
195 157 621
340 387 352
382 693 688
324 373 827
684 435 324
358 528 295
495 165 171
375 266 956
180 98 441
506 132 42
600 461 632
450 215 298
571 572 428
660 355 64
668 104 542
112 131 307
379 252 255
257 263 533
364 317 505
241 14 652
258 415 216
354 211 843
682 287 621
695 587 866
549 616 416
587 373 791
311 181 549
109 13 255
148 600 293
252 277 338
670 423 599
654 99 44
269 478 525
123 250 315
379 677 447
692 671 665
592 537 153
525 202 910
548 165 83
689 78 628
16 544 464
490 186 347
7 222 345
689 326 514
679 401 526
184 395 469
512 294 312
201 357 276
556 354 329
298 184 189
674 432 736
625 222 203
401 385 877
291 596 166
109 360 260
281 207 372
185 10 116
458 234 359
312 415 807
648 410 441
439 566 820
34 276 873
610 149 550
316 362 809
275 44 643
322 633 498
403 565 728
113 603 379
55 43 402
612 698 812
331 404 458
410 476 947
627 115 321
489 283 359
328 527 76
106 365 257
661 286 150
453 24 929
642 572 187
154 113 595
54 245 674
565 184 507
141 400 893
115 257 611
143 225 456
168 576 175
270 690 113
48 546 887
505 647 570
573 65 949
6 11 718
301 220 520
155 168 725
328 671 720
438 425 14
96 308 417
644 558 175
221 472 367
555 363 411
204 349 940
496 233 524
661 444 952
445 451 539
537 507 651
559 190 81
631 2 19
619 423 383
676 254 581
3 570 920
91 87 146
627 301 722
235 655 152
673 440 247
315 530 198
464 367 873
64 49 94
625 534 679
528 137 507
154 135 661
538 348 968
395 515 4
617 101 97
249 314 461
293 176 463
670 394 359
429 676 227
86 77 137
53 632 938
344 484 540
233 315 356
123 467 219
441 18 422
190 206 581
472 285 818
436 538 624
187 520 987
39 630 502
7 92 933
224 532 808
558 193 86
77 194 209
30 77 747
543 154 181
156 92 658
229 606 783
219 459 348
421 61 13
149 562 167
411 285 254
573 39 933
545 314 318
444 697 232
574 83 347
334 287 410
148 344 513
114 294 254
446 220 912
550 147 18
439 373 94
235 614 20
685 327 194
688 34 91
458 204 895
689 626 205
486 564 944
317 241 452
185 217 566
679 337 837
625 311 535
468 504 809
597 123 466
396 578 348
64 135 2
64 551 839
579 621 114
188 398 829
457 213 788
0 695 69
565 140 929
625 496 627
64 535 376
252 489 413
564 333 890
532 481 461
331 228 868
698 412 622
191 114 647
684 531 328
469 48 916
567 28 110
406 668 1000
563 682 557
178 572 33
564 592 70
289 610 201
200 658 449
433 686 372
531 293 179
246 91 258
664 579 725
267 510 404
12 145 252
79 80 813
236 333 476
14 118 368
116 580 729
185 317 997
596 132 639
642 395 109
241 242 174
195 138 571
656 66 315
525 353 165
576 385 395
89 86 765
354 225 93
422 133 613
131 44 775
49 424 770
127 683 578
245 543 178
283 278 632
331 617 292
401 156 667
27 128 257
466 413 772
476 525 29
267 151 964
532 309 879
489 166 917
546 543 549
561 326 125
400 17 757
172 494 831
464 623 144
325 9 154
363 553 862
296 376 290
455 463 212
573 323 988
211 499 198
87 364 478
214 474 703
674 183 852
502 436 945
372 624 994
256 619 549
580 362 240
516 93 578
557 286 453
356 564 770
540 41 450
62 585 530
498 13 122
507 220 764
313 676 870
279 83 223
70 324 985
552 44 526
346 573 937
583 337 80
103 433 800
522 476 752
533 685 571
416 492 810
427 495 220
668 484 1
195 340 716
573 650 483
87 312 842
289 411 596
397 205 994
446 180 198
689 451 400
194 116 147
136 179 578
135 592 756
75 125 823
574 650 409
51 405 758
519 128 376
158 568 251
400 316 110
491 317 840
337 697 804
548 644 68
221 147 397
601 548 342
549 6 488
184 503 291
652 345 500
153 2 866
117 378 485
609 337 908
84 72 242
681 510 681
666 439 3
284 170 166
645 5 158
159 328 303
310 267 514
381 116 144
155 321 656
215 684 5
636 620 478
1 79 425
63 366 956
631 276 809
103 548 918
502 200 507
465 460 515
171 232 331
667 37 623
450 377 597
438 290 593
220 327 651
462 509 55
524 407 129
318 324 361
17 557 457
101 270 38
614 352 28
622 599 518
371 306 154
6 78 116
38 134 13
0 43 382
139 301 619
495 1 365
453 193 76
100 507 572
543 517 290
499 502 808
13 574 38
166 278 932
155 232 656
506 505 522
650 310 681
690 130 360
649 463 72
56 579 432
222 128 381
302 95 884
144 106 652
461 152 317
585 568 275
110 569 739
90 570 494
592 352 692
632 466 668
445 129 205
447 586 36
641 499 513
483 213 79
459 586 69
583 47 125
402 296 194
636 292 407
521 300 427
308 226 799
513 211 757
308 502 163
112 44 749
205 66 576
617 71 126
444 164 22
20 644 14
554 13 243
473 499 521
455 482 438
93 129 436
387 224 235
519 390 446
341 198 976
594 300 74
25 408 265
607 390 736
105 184 380
22 258 925
661 557 514
129 454 430
68 100 395
135 257 765
3 388 674
12 112 791
132 368 181
333 162 730
325 68 663
505 576 544
390 609 808
31 560 306
573 678 224
333 497 871
476 235 330
391 604 385
429 229 193
553 590 621
430 173 227
376 148 588
663 424 103
467 282 87
446 560 942
19 198 886
634 534 236
475 347 340
176 34 91
39 417 922
531 407 35
214 327 241
549 460 334
487 341 360
692 400 550
1 238 744
356 626 475
671 7 984
455 441 815
212 550 505
653 527 786
274 386 665
197 313 761
647 40 258
457 471 671
158 541 915
20 609 750
282 248 455
516 227 37
108 102 220
664 521 483
643 146 627
276 550 450
388 405 634
216 1 63
294 486 915
326 20 108
200 190 305
87 436 507
338 358 135
654 439 7
249 199 296
561 82 42
132 491 233
252 658 688
475 134 583
240 232 372
40 83 494
596 89 366
176 421 173
664 536 49
259 129 822
94 140 799
502 232 601
531 686 809
562 2 883
7 222 728
334 211 65
176 637 981
547 33 258
24 162 243
619 352 486
293 629 897
457 355 952
590 690 131
520 299 106
468 435 935
336 338 631
571 361 458
150 467 742
341 96 886
16 259 185
295 161 900
659 452 425
277 686 952
528 237 904
616 566 845
342 256 672
227 258 893
185 101 166
22 446 238
186 544 284
453 325 430
317 452 172
311 523 766
226 13 706
335 504 293
61 410 983
70 577 24
600 130 640
241 639 245
593 98 683
441 381 812
598 360 968
647 202 3
20 674 777
606 475 662
118 269 690
349 612 297
431 288 504
171 347 893
41 462 447
113 465 970
172 567 898
484 351 681
240 569 16
343 499 894
55 52 19
88 245 987
341 85 994
680 463 99
303 22 592
510 191 312
272 24 267
353 513 522
476 598 220
622 355 913
17 121 74
522 197 449
404 128 164
348 515 485
604 24 321
464 338 816
168 373 634
683 326 899
375 398 715
141 156 739
152 650 308
15 671 654
213 563 711
119 182 380
97 359 333
99 290 217
200 260 925
139 202 811
635 178 737
248 114 381
135 180 353
4 576 479
92 8 567
26 552 431
74 667 737
569 476 635
700 312 961
134 297 952
24 583 371
598 270 993
555 323 327
275 567 716
50 662 838
267 465 595
399 77 220
44 23 198
524 342 717
27 152 629
76 261 189
13 231 915
376 125 634
478 344 540
171 120 540
127 205 281
618 175 208
699 548 262
492 246 61
522 193 960
630 693 717
428 265 510
420 571 241
588 448 851
615 187 729
411 458 960
168 668 550
488 240 344
53 567 132
82 479 502
407 378 553
642 249 857
481 248 926
630 510 808
257 559 397
320 681 278
516 269 956
621 499 904
381 136 495
62 74 972
154 548 366
697 59 821
590 510 409
218 482 437
40 576 49
502 254 235
184 278 311
674 512 875
151 650 216
581 478 996
20 140 765
340 695 605
364 655 787
273 668 241
142 523 664
256 85 248
456 504 467
179 506 847
495 680 890
398 318 387
115 115 473
278 694 169
626 34 910
230 668 865
147 396 613
276 234 499
214 533 890
18 568 953
558 11 526
193 653 67
344 74 501
260 695 999
350 72 9
428 275 844
222 391 891
43 125 195
327 97 672
481 280 674
628 414 863
215 378 15
333 8 153
265 302 31
665 169 213
579 27 230
528 89 96
375 49 967
509 111 665
696 247 577
455 626 160
316 158 698
87 267 536
471 682 777
266 414 546
521 680 18
121 605 435
227 20 746
67 194 867
697 619 632
566 586 369
456 478 702
58 225 675
79 544 595
684 11 662
338 40 129
174 637 313
268 377 57
435 666 337
25 437 821
527 22 176
345 373 8
4 471 323
48 560 901
491 438 303
644 355 830
368 336 100
89 213 169
45 356 391
307 478 700
123 279 758
112 323 340
102 687 337
22 632 743
279 180 781
401 366 699
397 362 507
117 471 324
530 190 158
35 443 651
135 128 937
250 64 520
35 107 609
157 381 373
353 29 784
493 517 489
61 80 622
284 605 967
455 93 883
478 657 35
576 629 631
185 524 677
148 149 957
647 110 750
330 258 678
572 424 697
301 63 317
430 376 960
234 647 117
211 243 121
671 33 42
356 4 541
574 503 847
154 435 880
131 289 952
471 211 225
307 584 824
650 17 808
248 259 680
462 168 334
245 417 69
672 155 915
244 426 645
183 9 544
227 415 256
661 624 322
658 187 412
318 545 47
283 484 870
258 298 856
456 240 623
85 18 522
510 596 968
110 198 389
364 255 383
136 72 833
111 611 790
160 238 890
655 160 333
99 483 964
463 206 891
230 168 469
268 633 917
617 435 961
517 423 555
178 581 866
212 541 991
359 23 57
329 275 723
350 300 964
667 126 786
353 650 512
414 652 838
186 540 298
43 662 98
157 410 850
48 33 12
334 66 495
383 9 149
329 75 892
297 652 491
83 93 0
621 390 51
189 230 939
578 617 128
534 319 343
619 485 49
55 226 517
549 570 795
429 400 678
217 551 708
479 597 921
446 313 22
201 604 658
246 622 65
341 392 705
688 545 374
665 562 953
319 500 872
114 536 408
108 639 986
687 373 732
691 500 814
163 426 370
40 223 350
336 378 555
222 311 125
47 308 191
688 10 1
24 341 139
664 454 424
684 41 903
358 525 868
407 431 782
373 75 414
624 432 572
290 508 287
642 27 617
308 584 140
659 326 622
64 493 106
245 331 49
686 382 960
9 253 416
227 557 963
396 636 341
548 397 150
380 232 251
549 527 608
582 246 359
67 569 613
428 255 731
123 375 736
629 609 167
22 529 518
297 112 730
604 678 500
364 24 53
491 68 237
457 499 318
486 387 556
463 205 672
89 233 927
656 226 33
682 406 105
66 284 24
680 549 339
290 285 363
276 147 712
194 352 875
316 525 875
684 251 547
279 393 634
563 246 873
1 657 386
687 502 700
629 247 315
533 120 291
248 224 418
503 261 729
337 133 838
361 392 28
164 448 748
68 183 164
49 19 646
132 49 300
555 429 827
287 399 943
646 22 24
466 135 126
152 344 115
638 240 659
72 153 230
557 66 704
646 349 882
248 134 828
259 641 537
349 181 89
343 235 185
138 355 165
357 523 779
202 42 860
83 40 202
76 536 304
9 425 754
639 535 316
441 531 791
634 481 922
127 6 578
184 32 116
518 263 794
205 382 108
144 518 352
109 607 609
41 275 382
28 451 720
641 680 993
273 420 489
666 391 468
382 58 453
356 121 89
219 522 769
634 119 873
42 691 170
268 640 271
20 291 126
20 255 123
166 349 648
471 658 802
223 683 561
577 283 136
554 560 498
665 81 768
388 383 872
100 205 949
666 99 798
311 291 574
549 607 101
327 344 971
616 365 903
393 27 304
531 339 213
174 547 315
169 268 697
113 367 907
636 591 701
253 171 996
179 144 4
417 110 794
387 449 787
377 19 855
418 248 333
476 415 457
497 333 770
25 483 297
201 543 441
434 230 766
133 483 89
135 278 193
578 583 30
677 587 552
435 101 416
594 279 814
611 674 539
108 264 318
228 310 314
601 454 67
576 580 662
149 376 249
499 591 852
10 366 342
679 181 312
90 322 183
586 346 825
199 178 256
563 658 206
37 227 55
50 363 751
448 520 763
123 278 412
222 603 973
107 616 910
393 273 532
579 502 493
505 398 879
212 391 980
185 504 620
289 341 162
161 407 703
335 564 713
322 672 868
608 503 120
64 633 509
442 365 309
406 447 504
601 12 987
222 24 933
542 503 66
173 610 920
377 195 428
153 529 947
227 233 418
345 49 478
375 106 255
175 361 644
359 505 376
125 685 285
589 39 320
38 41 300
322 45 459
695 253 231
656 516 279
33 370 901
329 271 978
147 265 586
43 401 257
666 217 63
104 674 48
286 377 345
247 112 121
567 92 482
36 255 903
32 348 128
104 390 50
678 425 89
534 662 861
530 5 941
676 59 870
283 561 142
636 688 612
229 139 509
234 434 420
669 232 892
413 638 965
175 163 225
309 419 608
542 66 233
427 570 134
150 549 903
572 640 597
169 516 104
321 214 217
109 89 112
202 225 841
62 411 113
555 263 574
228 499 983
212 422 761
190 690 540
653 62 696
589 164 32
113 90 356
352 203 776
324 175 945
254 208 818
330 122 843
4 205 628
606 328 364
590 222 282
638 580 512
273 505 622
610 62 819
76 546 97
460 328 775
36 570 177
573 347 441
542 13 350
63 570 673
188 353 781
455 572 788
108 540 631
462 298 384
453 10 695
28 206 470
394 536 241
483 291 408
40 483 95
365 472 912
657 510 732
601 562 696
309 168 98
575 270 489
60 452 87
574 120 766
499 10 29
54 318 92
297 664 231
260 366 507
345 633 59
192 508 79
524 642 539
273 352 449
300 524 154
18 622 555
505 11 752
92 469 793
647 375 300
642 69 996
301 618 314
534 258 528
233 528 793
570 204 134
591 408 957
585 664 525
629 245 453
265 671 555
200 311 571
86 41 833
578 393 884
351 215 539
546 22 31
81 194 884
686 491 45
2 296 298
286 669 610
72 225 164
368 624 712
697 582 807
332 505 221
97 561 454
313 76 971
694 528 371
495 666 63
635 140 806
583 387 4
487 633 972
561 99 603
57 453 40
506 95 339
404 355 735
430 533 952
689 170 310
548 15 910
451 677 832
695 648 57
294 662 474
674 49 852
472 588 517
461 446 479
384 244 148
321 477 294
92 274 589
384 19 918
331 238 398
233 354 440
286 457 89
244 110 237
369 215 566
339 592 415
524 83 678
123 620 266
121 357 407
214 590 783
623 323 496
584 679 594
353 666 485
77 687 290
312 433 215
430 403 788
456 111 316
680 213 903
407 609 208
590 63 13
331 575 958
280 145 5
330 332 513
106 386 408
1 317 219
549 350 296
597 74 859
187 263 859
83 302 380
596 280 764
220 501 415
536 652 399
682 474 106
19 285 652
39 447 562
137 349 210
290 215 392
76 247 980
222 172 616
238 482 868
581 483 402
207 211 240
13 610 928
623 344 34
114 166 352
575 556 562
403 467 810
13 347 742
512 650 319
696 549 471
621 606 373
6 575 595
480 640 410
250 353 908
245 74 305
235 194 557
338 457 158
380 264 473
218 154 749
166 307 474
624 426 865
264 407 834
182 143 389
336 265 101
189 276 387
645 162 844
286 174 984
482 439 206
266 217 392
573 62 548
229 363 156
575 294 373
425 99 753
670 696 354
40 314 164
421 3 562
548 669 756
219 403 829
173 272 173
195 268 592
199 220 218
536 292 562
593 32 261
182 530 625
583 51 497
355 106 584
546 180 636
138 169 490
313 566 414
151 589 352
406 84 949
286 554 31
98 422 511
622 268 455
511 296 232
578 531 977
190 507 697
55 288 952
162 690 198
340 651 231
423 309 858
605 301 933
396 271 662
553 429 51
69 618 169
216 154 611
270 203 603
589 660 946
666 392 268
600 468 538
225 48 997
40 405 292
569 144 981
74 623 740
576 546 533
42 670 132
113 558 493
543 452 912
43 561 265
502 130 768
646 529 580
490 343 859
594 146 419
607 271 309
201 349 799
95 691 319
248 204 392
384 649 825
150 46 53
158 432 827
619 646 347
592 267 918
451 127 222
432 280 792
667 273 205
572 76 856
481 315 513
638 161 61
311 662 687
524 618 607
584 361 216
283 379 122
14 464 114
380 56 315
412 636 132
260 688 481
233 605 208
401 635 856
83 148 610
529 65 475
188 110 855
402 442 271
611 1 299
688 450 257
464 104 915
293 457 190
451 44 409
285 501 497
614 610 191
366 404 818
354 104 456
522 379 407
120 27 190
490 432 173
319 112 504
671 8 221
367 479 766
346 516 591
334 431 768
4 224 101
38 278 890
645 355 235
285 354 980
79 202 848
464 435 972
133 566 219
128 160 806
14 660 336
515 594 356
311 526 778
271 547 921
96 366 195
259 691 388
17 540 73
499 358 671
112 77 415
639 618 648
395 162 451
179 447 579
0 181 701
529 67 379
463 114 794
216 672 228
298 109 463
133 239 290
67 688 274
165 139 452
163 582 650
222 597 289
78 275 239
600 100 919
120 521 392
279 64 84
114 172 887
228 421 269
177 607 988
436 514 23
202 453 27
525 493 28
588 288 607
290 176 420
43 205 169
143 264 602
543 534 637
46 679 212
333 532 137
242 160 482
278 454 605
187 15 938
501 29 986
380 634 100
375 50 23
282 394 136
23 252 475
503 523 894
55 647 568
531 32 776
415 228 224
686 298 664
67 531 960
251 641 13
404 343 546
58 474 148
113 146 392
231 254 656
312 20 601
314 505 589
383 333 374
668 214 40
540 379 383
378 653 729
132 63 895
265 248 970
635 111 458
240 518 578
260 447 789
699 476 150
378 488 163
660 75 19
5 168 490
603 258 641
475 407 611
330 487 663
349 696 164
222 217 376
107 393 654
64 539 149
492 543 51
293 62 452
524 90 635
203 15 838
443 655 733
331 258 782
227 459 423
550 376 750
106 465 934
88 323 467
30 314 272
210 312 306
408 527 656
557 202 335
488 59 859
142 326 501
426 81 554
657 439 363
252 402 505
394 48 562
354 569 154
45 413 100
52 255 337
513 148 938
517 577 238
522 126 338
627 77 201
458 341 511
659 627 614
52 543 96
533 77 641
276 138 114
78 245 560
136 255 460
23 322 736
207 69 66
39 84 827
504 599 754
38 523 974
319 334 932
621 358 946
223 288 333
434 113 229
649 480 440
8 100 800
278 586 64
88 293 56
221 564 119
529 6 193
324 259 483
209 207 182
579 117 969
513 680 687
317 697 767
596 42 909
342 591 137
343 9 121
419 229 88
219 168 463
266 480 550
159 492 742
510 698 437
76 589 82
643 531 515
393 404 884
530 605 365
80 446 181
234 37 535
126 577 676
167 113 273
354 386 976
372 357 734
333 487 602
684 550 802
571 540 56
50 450 880
510 409 521
166 656 379
116 169 978
247 319 770
694 553 977
201 339 756
569 298 516
699 344 485
503 641 189
128 88 885
40 397 940
693 450 570
214 214 355
392 501 262
13 98 854
680 90 76
678 595 430
367 204 849
120 418 568
675 64 887
285 684 276
433 301 347
664 283 889
248 621 652
138 639 217
668 685 677
521 259 257
487 428 530
620 629 655
235 597 652
240 478 466
665 20 629
579 311 451
511 169 400
53 656 736
165 296 880
318 233 587
287 415 775
535 635 651
188 259 534
151 320 683
481 413 565
616 170 759
606 401 289
24 318 933
321 135 390
332 316 775
607 208 443
439 71 234
523 68 546
660 78 362
669 73 460
681 171 119
217 98 182
619 559 765
114 74 28
61 74 728
87 509 935
355 88 244
369 39 424
172 648 384
307 489 122
472 219 36
86 252 862
231 347 488
672 451 183
138 246 580
549 31 776
346 623 874
450 0 924
440 407 693
335 244 63
161 470 12
658 37 187
571 256 874
236 389 857
416 614 788
290 634 500
444 5 523
547 497 107
375 536 438
560 316 200
424 489 377
88 515 653
462 183 467
285 411 975
440 491 489
64 253 719
328 587 482
352 390 564
357 592 847
324 259 880
45 634 735
76 447 82
552 503 978
479 235 874
179 136 650
544 552 754
24 197 367
636 568 308
5 485 290
11 189 400
116 549 330
556 478 929
36 268 883
479 314 555
570 11 628
195 445 722
367 371 721
394 577 952
609 167 575
169 569 983
444 481 555
57 434 451
252 58 129
400 20 872
79 65 590
497 281 905
478 527 963
373 58 430
233 321 916
409 582 823
338 495 547
377 215 508
485 521 279
149 67 966
321 397 546
142 679 431
571 253 176
97 286 181
524 364 181
408 577 307
129 381 22
34 191 101
488 512 581
283 684 550
511 132 418
157 697 833
669 441 75
120 208 443
206 389 537
555 10 191
269 299 185
150 597 958
134 138 948
485 555 660
144 125 137
639 257 126
120 69 217
215 274 389
42 342 614
293 431 838
675 157 661
293 68 188
275 507 320
391 295 845
179 39 702
492 169 517
104 668 971
7 183 281
669 304 711
111 288 745
60 68 263
527 85 2
76 478 862
356 601 143
631 453 534
468 261 852
430 424 616
599 469 534
55 645 850
648 432 163
201 186 17
450 549 359
178 62 480
269 692 489
585 662 741
267 87 942
346 410 642
356 215 453
643 352 708
155 681 450
455 550 533
520 696 912
347 482 468
143 521 909
342 577 609
299 467 607
421 378 774
212 597 534
668 581 901
335 485 946
141 657 609
379 299 584
349 458 81
441 92 932
327 663 119
669 91 178
210 393 111
394 695 303
259 397 547
652 182 245
592 27 675
110 41 845
654 520 790
332 426 571
457 650 850
665 397 765
272 263 140
196 542 685
549 171 898
368 429 602
141 533 227
120 172 529
323 568 673
312 138 911
585 219 168
644 117 593
413 105 532
18 272 754
634 12 55
153 239 646
105 388 262
402 506 869
429 313 902
573 14 374
243 97 952
588 696 268
470 164 640
486 382 459
628 454 980
458 151 387
161 398 175
126 161 422
254 524 42
72 165 957
630 448 897
459 88 318
556 496 726
648 247 309
93 111 344
580 175 132
435 346 343
12 539 583
42 75 18
36 30 646
318 590 545
140 251 120
631 173 54
72 384 365
316 246 732
69 494 321
644 298 192
444 461 577
28 29 418
50 639 969
601 322 267
189 325 640
656 182 476
259 157 888
626 471 394
79 115 297
489 590 326
130 583 47
268 536 847
531 580 257
632 172 186
387 236 212
535 185 717
370 192 585
84 349 886
517 266 614
622 34 811
608 373 758
576 579 838
634 573 896
110 398 557
382 184 124
630 94 225
193 662 338
647 332 740
74 386 150
277 211 567
528 489 944
96 165 547
277 402 180
404 602 80
646 86 618
558 48 731
85 173 131
573 614 922
580 569 391
156 539 703
456 667 582
612 328 210
55 257 282
332 495 219
414 687 220
67 106 318
563 586 606
209 643 457
2 592 196
550 316 479
428 469 271
469 187 999
160 348 38
3 48 907
467 651 271
179 50 680
580 511 700
415 111 57
121 431 942
284 665 785
520 560 520
681 262 598
632 154 345
691 604 148
246 576 891
123 61 211
634 160 130
629 259 982
585 430 444
438 141 997
160 631 693
435 619 552
589 260 234
399 52 447
229 330 536
322 485 937
421 273 641
288 620 971
416 511 778
440 4 200
506 136 861
695 102 919
308 130 2
380 690 907
158 352 110
114 528 755
429 645 709
26 144 742
69 39 901
360 400 995
255 170 959
349 389 854
231 153 53
62 190 540
63 435 620
20 572 172
75 5 516
599 529 208
341 226 2
174 212 539
192 8 392
404 331 138
698 687 379
686 11 471
689 69 173
277 593 366
635 307 151
417 144 125
413 1 28
446 580 667
514 636 963
528 662 301
247 31 703
101 407 806
351 630 193
470 295 590
243 231 717
14 449 425
643 404 918
654 345 503
491 451 455
567 504 445
14 262 348
436 283 883
163 512 56
426 650 752
534 449 373
59 236 685
332 141 837
344 487 869
73 596 513
482 451 184
682 469 862
595 287 796
288 157 60
475 25 61
89 595 316
76 520 236
343 159 684
563 464 63
681 339 439
695 502 109
186 447 507
130 365 583
120 184 744
683 296 893
625 507 401
259 385 319
204 202 272
400 167 189
180 88 75
476 341 886
568 522 63
36 633 291
542 99 245
595 665 571
488 673 412
578 422 600
170 450 450
100 543 444
117 688 365
666 302 290
276 590 514
501 190 156
433 338 177
398 96 941
111 154 587
503 211 419
52 243 170
698 372 755
173 527 91
533 58 680
166 316 717
289 576 371
43 422 657
132 584 458
287 258 939
468 628 156
516 292 981
2 97 617
120 4 784
550 348 608
256 482 77
388 594 853
505 653 229
156 402 677
689 208 522
692 679 967
479 402 812
21 584 130
307 537 500
129 637 298
234 651 472
557 227 60
497 466 587
108 629 551
469 649 956
267 66 794
32 31 701
178 196 366
104 421 764
448 561 943
244 601 136
91 578 685
620 613 65
520 341 700
524 538 726
653 295 697
103 88 797
473 109 139
553 575 384
614 91 53
690 624 133
207 76 689
106 320 442
314 448 521
685 434 399
521 128 706
172 579 781
655 48 880
500 368 754
601 402 227
519 325 959
411 678 169
480 451 63
61 299 753
262 382 532
140 193 519
520 207 381
216 494 571
469 462 593
602 434 562
443 584 337
690 130 655
385 154 730
146 602 536
182 399 493
564 666 115
132 50 903
662 499 519
460 689 358
458 540 103
104 379 842
368 9 570
414 605 452
437 518 890
500 63 599
639 636 84
219 538 549
290 555 923
134 258 271
141 118 48
328 416 381
242 230 273
594 522 1
612 347 398
250 15 376
101 8 658
343 531 76
134 588 977
556 137 952
344 266 688
337 295 311
269 658 999
109 650 528
361 197 115
565 473 561
20 52 213
654 8 897
302 498 664
45 383 327
257 380 264
386 550 150
426 535 187
77 92 815
675 597 375
84 546 154
267 256 101
476 521 413
93 661 32
416 396 687
499 458 262
190 39 595
441 158 439
350 464 136
532 478 534
518 257 598
334 506 653
394 498 71
472 292 487
159 635 459
340 661 182
566 499 511
680 682 339
498 349 304
342 169 737
586 196 208
168 637 158
254 227 821
220 148 104
611 689 7
425 367 210
626 252 900
306 490 898
18 173 981
601 104 202
311 216 922
425 691 116
487 396 123
130 505 275
527 374 680
15 315 368
469 562 336
596 40 779
3 226 115
309 601 136
556 36 548
408 78 563
604 424 986
146 147 111
29 447 695
346 244 256
217 624 971
410 428 614
449 598 174
382 218 832
663 571 639
405 644 91
687 123 172
168 540 212
499 151 848
600 41 908
11 82 599
134 9 553
673 294 488
604 475 328
682 331 605
83 392 544
652 232 245
170 687 636
22 233 485
574 463 43
137 574 2
310 602 687
50 53 813
279 248 224
428 192 268
517 298 951
691 15 852
192 327 386
367 362 704
194 606 708
315 276 694
68 278 972
407 255 623
3 683 940
345 411 678
36 157 145
343 609 834
223 221 492
44 69 305
267 275 183
211 448 449
166 523 630
230 352 27
599 116 817
693 604 929
545 167 839
682 165 155
213 41 911
243 524 804
486 81 535
316 333 430
525 159 221
12 597 453
521 294 637
440 393 901
675 186 569
472 224 699
323 391 688
125 408 177
154 496 224
51 594 960
298 332 198
350 630 332
582 654 300
672 272 582
301 143 845
24 5 711
195 83 612
473 460 774
45 362 143
679 632 192
300 38 389
224 52 573
409 474 427
333 176 869
47 225 9
630 628 808
429 435 907
283 476 231
168 188 430
307 459 715
292 283 48
346 499 519
587 89 744
557 387 184
335 119 688
371 47 674
483 161 290
115 579 199
72 394 5
319 187 223
347 89 933
663 243 904
396 391 164
164 555 328
573 156 279
68 183 532
368 700 576
427 401 546
307 629 330
562 564 549
151 165 302
24 608 458
74 184 435
25 522 415
382 181 282
303 659 449
111 222 215
448 163 331
442 664 198
275 109 917
196 193 821
134 450 941
70 395 243
454 137 231
223 520 423
602 698 743
328 568 727
623 443 507
496 204 741
331 8 87
291 640 309
363 441 544
375 615 335
686 138 111
374 246 208
405 692 808
467 11 199
179 542 760
690 299 807
530 273 997
407 417 240
378 317 704
265 344 592
500 300 672
541 536 122
6 324 882
502 12 68
626 455 551
397 340 911
623 439 485
72 365 545
449 695 616
76 668 962
368 390 349
522 212 403
482 401 441
202 53 471
373 5 251
614 682 771
279 273 25
191 395 697
369 61 482
2 42 635
290 390 764
35 61 767
332 637 922
407 134 484
191 62 139
98 254 6
270 54 193
138 31 628
73 446 33
89 51 62
332 507 764
176 154 5
580 488 461
537 207 973
366 213 958
10 320 28
245 286 689
137 676 474
284 155 289
241 677 735
539 506 217
596 426 96
666 208 79
555 629 425
100 232 626
248 41 319
453 613 250
14 663 585
452 418 161
55 634 409
196 59 733
122 32 502
215 98 360
231 315 747
623 187 667
397 682 840
648 623 73
652 524 60
621 188 189
692 45 970
346 578 949
445 369 997
363 465 281
577 366 796
219 8 4
683 440 62
459 440 353
416 249 114
81 299 74
518 430 412
16 392 819
391 9 5
17 385 23
286 678 105
30 612 573
286 150 164
218 98 111
601 645 417
654 403 174
313 265 266
374 183 931
496 261 89
28 95 1
137 624 774
121 572 26
38 179 527
478 420 451
339 373 865
12 10 648
309 456 478
164 242 622
525 124 190
113 666 820
253 97 40
137 233 148
550 611 60
177 5 143
179 66 966
133 416 22
229 104 301
143 245 691
222 6 101
413 473 948
630 264 348
90 383 235
669 377 479
151 139 922
137 90 324
230 109 602
311 196 338
660 664 344
221 462 620
469 526 728
679 398 734
28 487 322
134 634 616
575 73 221
342 122 139
372 447 494
455 41 944
448 550 454
592 375 130
281 327 592
430 626 23
65 305 804
203 262 580
514 605 376
500 455 598
59 372 966
457 256 128
133 332 244
662 303 892
10 462 936
326 145 434
613 291 348
587 264 201
509 657 617
305 515 880
55 87 994
241 427 368
405 194 330
462 649 160
180 102 629
549 458 414
270 651 900
690 368 914
649 226 738
150 43 279
62 638 247
644 111 820
379 451 488
266 108 918
244 394 887
611 225 62
455 674 291
165 650 554
204 24 520
286 575 857
664 697 424
270 149 492
495 234 917
302 655 651
103 275 316
352 578 8
550 40 789
423 98 293
695 393 273
165 485 37
3 137 327
358 652 301
205 647 727
153 60 316
428 429 811
326 442 759
265 55 840
123 441 37
503 371 311
178 143 426
533 546 292
434 118 705
177 619 559
261 211 151
613 614 402
259 344 831
363 164 684
594 651 95
585 285 949
438 342 696
675 502 553
678 594 856
367 353 83
216 107 802
611 22 824
178 70 818
532 237 377
687 205 719
277 661 16
282 65 845
309 530 905
340 660 432
256 638 468
399 37 83
550 83 566
201 291 445
54 353 123
221 549 599
598 376 429
361 454 984
323 629 289
464 8 754
622 109 4
171 612 301
374 48 117
77 671 692
473 113 247
117 416 303
507 101 910
332 587 451
312 58 594
17 386 870
71 438 514
575 134 265
600 421 655
607 430 868
347 29 867
360 510 432
259 516 906
454 222 428
595 435 450
536 130 426
437 290 901
661 54 481
554 76 187
534 460 987
184 264 778
263 271 547
431 662 54
53 516 155
272 423 408
309 229 224
141 132 931
491 315 217
391 133 715
333 508 655
587 186 867
555 622 555
488 300 391
306 369 416
373 357 370
167 571 449
317 599 25
435 576 551
443 393 13
563 351 363
240 163 472
591 191 72
230 480 436
574 278 848
69 136 224
670 105 872
257 412 582
402 523 804
157 40 630
79 405 996
464 6 277
656 506 935
342 328 993
589 334 15
33 428 779
503 677 796
43 263 68
60 375 304
370 359 364
78 505 920
116 435 972
41 269 909
122 552 367
581 317 568
420 505 896
311 169 108
12 427 145
151 338 547
167 601 863
458 440 987
635 610 690
2 221 22
115 383 565
234 74 814
168 245 726
54 239 200
689 155 29
42 416 829
166 210 38
689 495 919
346 154 929
473 673 454
352 592 279
581 105 757
570 16 257
529 228 124
312 686 123
258 409 243
251 463 875
446 605 445
374 561 796
520 408 813
36 576 274
528 386 317
369 186 737
480 610 333
654 291 549
380 694 828
43 180 352
342 491 824
401 523 717
522 489 858
583 380 230
50 580 201
356 9 587
608 374 456
605 109 72
577 632 244
81 161 806
94 176 460
221 447 476
113 213 541
454 540 245
449 278 727
347 272 801
71 460 394
260 436 728
120 244 470
269 88 803
462 389 811
504 497 845
277 260 443
671 111 910
39 527 42
221 94 389
135 492 593
190 101 74
17 365 361
418 190 164
547 128 676
593 25 961
220 40 75
208 533 918
69 457 637
108 656 707
654 363 6
295 146 230
668 700 150
191 584 415
183 340 846
514 45 737
153 19 802
695 516 711
146 243 339
281 561 348
398 150 332
23 689 815
419 627 767
36 659 92
37 680 156
661 521 210
490 682 375
448 313 208
604 535 199
534 660 176
459 233 963
143 644 760
685 198 66
426 172 391
412 591 221
308 40 1000
339 114 501
103 695 702
126 650 286
624 468 759
339 447 383
476 576 555
600 475 603
688 329 237
528 509 311
84 395 748
554 143 13
523 443 352
112 607 412
260 205 750
355 609 442
87 537 930
263 572 888
627 269 655
642 423 948
649 689 107
599 15 125
115 174 560
361 231 640
471 565 238
440 656 262
406 54 343
134 375 430
154 401 576
607 66 132
220 390 62
698 367 972
231 38 10
30 161 671
334 386 921
286 320 943
0 203 446
614 353 901
179 366 283
324 61 592
599 337 59
582 83 426
79 678 566
522 348 246
426 114 634
623 266 81
90 287 60
11 516 267
17 392 695
383 642 41
64 516 660
412 497 703
653 491 382
270 71 638
365 131 647
22 151 702
55 650 175
297 538 302
530 449 994
338 509 271
29 94 479
359 460 191
493 157 944
111 454 107
189 120 483
403 103 281
388 344 653
278 512 140
556 184 857
550 554 427
92 564 227
583 283 677
547 445 622
239 209 365
557 477 1000
211 462 752
89 513 337
497 2 395
189 100 631
238 425 132
440 390 363
615 454 772
693 216 725
675 680 713
27 583 104
48 601 773
9 240 869
446 378 153
126 170 337
270 48 705
171 27 918
63 68 52
258 567 94
400 204 253
462 454 663
170 371 122
12 433 199
383 518 273
488 87 240
413 373 209
596 208 494
115 585 982
329 409 975
446 661 643
189 7 715
627 646 856
156 85 119
303 687 231
511 355 65
156 576 970
401 539 391
639 490 8
316 244 483
289 205 735
639 684 163
578 127 750
371 440 653
130 278 746
463 443 525
285 585 788
243 480 877
197 113 825
480 24 183
314 291 412
514 111 250
168 284 385
674 695 446
64 651 140
515 346 698
397 569 705
367 137 104
480 201 576
305 20 101
74 100 272
178 424 404
122 300 15
407 210 99
553 645 706
562 641 109
548 381 463
355 255 306
115 396 249
425 388 675
280 615 559
499 44 357
675 90 293
417 232 261
611 352 97
13 664 586
502 355 819
194 513 699
302 490 574
205 661 85
74 143 204
246 37 166
321 503 344
255 289 694
282 187 417
322 450 945
229 224 197
492 687 658
677 318 481
503 28 995
530 16 97
421 469 342
95 698 627
145 11 620
448 206 123
577 531 424
647 409 458
120 637 225
601 291 233
516 308 550
421 540 249
511 96 445
458 320 468
7 483 590
444 149 362
235 434 316
370 528 514
10 605 274
189 396 166
322 84 855
457 182 995
156 183 709
555 495 498
42 309 357
269 22 138
566 546 184
626 490 711
221 26 794
91 182 591
113 652 576
691 218 883
124 321 124
376 623 424
364 255 519
548 131 708
253 654 710
299 600 482
459 363 19
404 252 664
198 567 918
679 74 235
679 421 713
206 214 550
303 522 841
300 83 772
114 248 775
552 318 166
33 658 195
666 442 89
155 615 31
490 161 854
316 519 348
476 272 560
616 482 875
26 448 691
258 682 292
504 180 157
628 514 901
162 124 691
219 556 741
405 154 11
527 104 930
187 572 29
380 343 392
106 358 830
207 187 719
542 348 306
93 648 976
373 316 460
582 328 649
500 695 639
371 66 136
591 212 537
358 158 505
98 78 772
209 317 621
640 273 253
139 279 319
41 365 849
533 563 98
473 243 618
212 449 753
581 654 982
653 66 547
247 432 881
40 223 828
518 553 683
184 329 112
431 603 722
144 551 497
443 127 951
130 632 439
177 670 861
640 563 986
382 478 571
257 413 117
449 175 321
488 13 415
337 602 973
572 116 869
499 250 650
56 479 211
652 360 354
595 587 417
276 60 508
699 604 69
114 492 522
597 586 90
626 587 947
544 691 339
77 323 396
215 308 668
326 134 155
151 583 711
636 160 406
520 126 705
249 379 8
558 641 69
80 296 235
497 569 802
97 272 262
631 240 897
335 106 395
265 156 502
605 62 345
316 219 768
299 119 416
462 597 869
105 339 213
76 615 893
345 315 709
183 566 361
540 313 771
243 524 747
661 660 920
23 5 564
151 382 832
541 371 65
208 404 172
560 373 193
138 638 976
348 170 503
313 678 362
477 182 3
68 551 55
319 448 816
523 662 736
428 420 352
644 614 625
442 625 902
581 246 344
48 221 61
340 264 805
197 355 674
387 254 427
602 302 278
554 102 918
320 184 147
0 462 28
199 23 243
372 435 616
68 137 891
9 590 741
139 237 108
5 609 178
119 77 818
527 17 695
51 470 94
632 188 493
396 603 990
249 91 748
322 487 417
594 109 202
655 332 529
86 107 204
666 112 949
246 530 379
691 503 702
454 618 62
329 552 115
78 185 29
639 35 684
531 128 273
482 232 756
576 142 169
669 464 869
457 512 186
468 196 766
498 643 615
453 135 533
664 395 804
409 54 78
179 570 121
574 30 885
561 332 966
635 12 862
22 540 20
587 593 596
657 365 228
506 572 321
223 194 985
179 652 740
207 204 7
367 361 420
691 446 905
407 163 902
213 266 603
332 123 394
320 125 366
241 636 535
215 685 728
28 397 163
144 451 675
95 348 311
597 124 292
695 120 76
532 655 980
76 47 523
476 554 574
467 229 122
34 669 518
210 58 687
251 44 86
433 556 291
62 665 931
460 571 617
162 25 281
347 68 298
570 538 371
138 604 483
565 225 669
145 9 700
29 609 989
85 70 94
408 40 2
598 623 133
268 612 504
116 109 400
70 576 694
305 146 260
64 19 931
283 573 355
470 124 385
492 34 220
9 234 687
114 97 52
398 2 84
353 637 451
19 429 544
679 490 382
491 615 926
231 697 346
677 83 220
610 77 86
591 428 344
591 510 325
257 650 282
475 163 339
235 216 903
695 163 762
112 481 139
85 100 364
241 586 399
376 457 386
276 54 292
252 437 469
655 89 34
697 220 196
427 410 81
319 270 992
5 669 174
408 330 964
360 666 362
358 496 410
522 281 470
632 237 843
84 448 739
472 379 138
277 169 168
302 430 683
467 85 59
353 44 799
563 269 479
421 552 451
318 254 954
21 607 310
388 623 290
174 667 105
527 214 231
612 147 465
176 441 970
423 289 189
613 26 280
110 15 252
564 668 580
429 385 406
428 582 341
419 68 85
292 286 27
229 680 797
651 567 49
392 33 384
36 333 882
460 402 482
305 534 962
39 239 166
644 168 610
554 694 132
196 340 779
389 319 84
518 435 238
617 523 77
398 693 393
673 232 912
588 692 377
684 484 158
150 562 340
150 218 948
3 483 690
116 313 948
253 2 753
512 469 998
672 380 983
7 628 704
318 607 285
221 643 918
505 256 316
632 573 668
243 261 894
256 570 920
461 12 863
32 480 981
10 386 12
27 40 278
115 83 976
190 671 676
480 529 754
386 568 677
238 643 94
48 607 322
598 177 212
223 8 340
423 296 87
410 202 519
324 38 909
668 562 865
207 632 351
305 379 869
622 305 183
179 307 214
635 273 219
519 293 521
345 457 687
588 601 522
335 52 10
111 127 905
237 160 384
396 162 307
563 333 655
616 653 795
77 125 464
459 129 572
85 449 369
213 125 964
252 66 956
102 672 80
529 358 424
396 139 128
97 653 505
541 388 24
120 359 224
578 61 897
271 77 547
546 130 911
390 603 316
249 309 979
282 48 172
134 190 970
40 518 383
512 135 455
647 608 504
414 640 452
241 45 451
506 262 511
126 505 989
483 81 480
664 304 547
30 144 787
354 608 703
559 231 122
473 528 109
230 348 752
83 381 126
449 268 228
8 314 740
13 700 179
357 160 22
231 587 129
210 49 531
455 545 139
258 172 401
71 611 266
225 618 537
572 29 771
681 182 327
436 162 151
621 615 434
575 181 306
158 368 103
61 81 899
656 580 214
159 374 677
191 64 858
49 351 184
507 197 649
455 167 319
116 523 902
60 663 86
130 530 275
389 699 395
206 9 309
404 553 257
491 424 935
412 295 630
158 571 923
277 466 716
474 198 332
528 17 844
276 211 132
381 332 539
292 488 609
9 417 689
558 224 52
85 102 673
521 556 280
112 192 721
459 293 253
210 320 443
561 631 849
648 640 694
423 645 775
591 285 981
0 294 123
37 437 481
274 524 688
269 529 876
529 556 154
690 224 682
279 545 338
410 504 945
52 60 281
337 383 216
470 318 151
545 588 210
186 471 624
254 3 831
304 203 852
416 647 93
251 35 393
270 73 648
355 267 32
290 235 254
5 350 148
409 277 205
359 638 204
63 141 482
338 547 339
33 634 524
28 204 506
542 369 644
109 531 291
500 41 683
312 622 158
71 488 784
377 29 253
341 699 450
161 112 479
680 676 542
673 44 988
506 394 310
290 615 448
6 38 561
334 596 535
126 421 634
66 305 45
157 426 279
124 384 666
493 623 882
58 49 594
289 212 29
686 564 187
258 317 472
290 72 280
596 9 205
510 677 146
358 112 284
178 10 18
222 674 7
464 671 206
2 567 623
211 595 725
424 219 582
257 663 101
87 322 106
76 209 618
607 360 265
380 55 930
0 224 689
692 73 191
499 160 221
212 657 205
56 571 107
276 117 404
278 581 53
634 623 325
307 93 332
305 94 522
4 604 407
454 354 720
116 150 314
567 89 922
658 525 895
69 326 652
511 635 710
215 525 573
669 555 675
420 160 978
590 473 881
322 60 260
519 306 371
34 482 115
230 655 391
98 70 517
60 512 383
526 231 45
455 460 562
445 134 386
632 662 855
653 186 850
643 519 189
397 325 562
455 650 804
65 495 585
628 502 152
495 700 661
487 194 586
240 234 895
254 456 310
582 499 474
565 123 454
516 37 583
129 114 764
587 279 554
654 131 970
524 337 472
329 276 178
114 190 849
390 159 189
82 190 570
696 91 177
214 600 469
662 53 589
576 687 524
99 153 282
58 124 217
146 317 831
237 406 832
493 61 395
573 492 977
604 679 319
574 492 352
295 129 109
580 354 700
72 173 71
674 63 318
530 624 719
360 151 815
320 140 668
160 66 523
633 115 975
16 490 83
482 187 177
284 86 511
227 114 20
489 519 69
129 465 551
203 231 570
511 604 38
122 294 456
320 237 969
448 269 995
674 482 501
205 182 430
40 322 320
449 317 47
611 55 295
28 408 156
74 243 865
570 79 273
184 397 126
607 310 327
660 390 179
556 50 36
168 447 536
97 163 783
238 203 691
455 700 752
101 239 249
222 313 51
278 532 351
146 346 727
405 429 762
291 437 324
337 287 86
464 245 842
638 696 689
403 261 902
124 10 486
439 467 998
508 607 77
428 318 530
169 136 3
69 617 618
456 301 594
188 14 328
538 544 305
622 86 136
418 631 930
230 566 150
627 477 752
560 110 984
85 209 318
616 204 882
570 234 67
237 427 365
382 298 52
268 138 852
30 555 186
447 88 664
234 601 710
269 447 860
182 253 66
546 461 750
359 15 593
322 587 749
692 90 756
465 275 460
274 50 919
376 523 376
640 32 872
370 445 531
15 437 127
47 409 978
468 307 883
538 163 202
245 33 742
363 421 490
594 207 660
568 67 465
332 480 6
686 607 253
190 589 706
489 698 939
215 180 830
231 5 598
494 55 344
200 332 367
33 218 157
516 198 253
581 187 102
243 378 837
420 519 502
410 116 492
511 509 574
99 627 409
508 198 73
583 15 948
344 152 266
347 372 984
1 326 377
305 231 665
206 519 548
21 157 70
171 590 171
521 38 277
301 130 478
247 185 800
549 261 952
620 8 146
363 559 756
273 215 41
331 357 798
353 407 235
629 182 366
683 588 577
276 183 288
601 494 985
611 626 32
546 559 260
206 313 636
587 446 100
445 468 707
304 259 829
87 362 697
611 207 994
630 435 772
609 46 584
76 553 614
550 388 680
187 81 982
284 259 663
617 614 927
55 562 240
190 328 676
685 160 854
543 401 413
503 381 935
270 410 353
140 192 512
184 114 316
159 674 533
589 483 803
246 674 524
378 682 320
437 38 382
566 671 981
99 111 426
531 54 104
506 326 546
653 513 275
65 645 744
505 555 881
243 169 595
574 697 868
533 613 833
20 177 239
415 680 232
397 71 220
265 607 2
53 321 580
243 215 229
97 525 382
14 295 285
490 221 243
269 426 704
271 32 261
596 229 507
238 440 514
686 299 936
610 105 469
201 648 196
424 342 900
558 634 579
589 25 220
428 543 864
409 164 174
374 190 56
375 76 784
427 546 634
146 265 668
340 92 6
498 419 196
159 425 24
411 543 754
354 258 586
435 304 228
588 69 412
277 536 998
255 273 340
641 46 326
522 325 438
317 204 136
546 165 272
306 490 900
149 223 65
136 429 565
357 666 89
144 16 819
551 87 154
524 629 223
159 641 71
382 287 980
635 415 159
595 68 289
373 157 516
483 650 244
512 455 968
549 41 638
446 379 545
550 315 917
504 375 382
149 19 293
231 164 988
383 141 637
175 103 125
443 550 789
55 151 454
369 587 68
269 125 309
357 106 755
239 403 706
395 217 727
8 112 409
220 620 278
43 332 200
623 11 225
379 99 238
693 364 374
633 12 42
571 424 285
54 53 914
243 597 707
348 538 14
426 351 971
70 615 307
607 16 227
202 579 281
197 512 813
508 675 493
120 196 50
566 25 348
537 393 123
241 77 558
493 487 525
489 62 98
460 88 441
113 663 256
347 625 150
570 65 695
380 167 320
125 548 416
449 654 620
266 584 513
457 202 253
465 588 887
438 621 982
303 551 609
367 142 545
163 355 401
175 646 36
464 40 119
599 160 16
592 305 890
402 318 13
440 432 290
587 657 496
206 443 925
420 423 258
288 288 152
371 408 378
163 352 768
503 442 868
243 12 947
340 600 531
455 206 375
37 35 618
556 158 286
257 32 2
259 13 856
31 340 404
84 246 753
579 516 743
27 68 810
449 383 649
105 3 755
331 560 529
34 671 331
30 403 258
424 524 802
306 494 818
303 401 778
561 0 187
224 38 771
379 540 537
208 655 659
521 589 407
411 149 23
40 312 499
73 2 719
326 500 356
158 520 395
63 361 794
584 47 964
31 328 835
502 495 507
471 398 13
638 335 533
391 540 432
430 328 907
515 498 94
388 341 49
34 404 969
572 389 212
30 164 370
518 327 643
455 451 514
28 479 3
251 198 670
65 109 138
19 185 41
517 8 280
217 533 713
683 222 883
113 691 195
225 564 535
36 260 875
661 64 536
302 666 755
512 7 151
319 240 99
633 339 746
25 305 107
132 124 568
690 365 218
421 178 318
276 642 292
133 572 227
448 148 46
529 223 504
199 535 334
413 534 740
75 121 681
158 396 632
121 529 577
188 531 588
227 400 500
367 158 65
288 303 125
434 396 820
99 295 716
270 251 371
42 425 846
378 343 866
672 219 919
668 600 590
570 126 101
324 436 734
4 292 17
156 596 455
580 50 654
584 199 350
561 458 658
152 428 945
329 229 955
336 407 13
443 502 28
460 653 822
329 419 60
381 295 816
114 372 117
125 648 440
387 611 734
41 366 523
44 559 761
43 381 587
385 514 684
454 204 581
635 1 821
109 149 17
10 545 461
107 428 892
414 178 533
547 287 658
553 381 481
67 671 419
504 10 41
28 26 629
319 509 715
189 481 954
479 44 47
678 657 235
10 39 512
72 74 334
697 280 150
158 342 586
445 463 988
610 550 975
203 545 936
363 532 657
209 536 431
326 199 446
553 203 496
163 611 85
205 688 196
260 608 624
375 514 439
74 64 472
238 280 40
455 176 896
361 558 209
475 5 652
0 670 630
31 677 44
141 397 671
251 447 228
328 125 881
274 615 270
357 193 678
157 381 96
320 637 644
216 98 817
513 557 590
560 513 909
26 673 468
560 141 668
700 619 195
478 312 724
101 601 559
295 399 61
400 342 627
114 362 203
93 37 497
691 537 201
400 321 180
376 552 478
198 639 755
527 529 962
434 239 867
285 172 106
33 270 503
261 90 60
497 573 38
299 96 494
312 105 924
472 253 590
257 170 47
109 514 860
522 249 951
380 412 996
479 370 867
541 480 531
446 397 284
169 488 748
481 19 134
682 396 387
398 108 209
492 173 179
666 435 464
159 104 515
170 510 400
139 565 405
534 314 195
410 137 587
477 698 816
528 537 885
438 470 79
460 599 819
622 83 679
678 367 704
515 197 728
613 223 651
147 561 330
308 665 159
191 603 505
113 277 354
314 601 693
285 35 202
1 535 752
72 533 24
359 421 891
504 641 292
125 498 911
231 698 640
213 580 647
575 462 884
631 28 568
459 70 540
565 674 854
266 125 119
325 549 692
549 465 343
679 500 437
412 253 171
662 5 340
12 612 754
692 378 736
44 88 696
195 185 452
5 444 950
117 255 587
638 471 253
35 205 709
667 611 435
363 518 826
486 599 417
427 284 906
352 550 236
198 399 74
338 661 939
56 235 73
503 465 460
602 678 180
146 62 941
392 202 940
423 600 206
35 460 383
339 584 213
151 259 203
665 40 135
599 99 200
539 529 632
637 400 987
134 360 651
300 243 935
530 507 211
208 22 539
381 242 804
148 370 251
139 170 338
80 683 814
581 183 916
627 323 846
598 625 660
667 349 498
626 174 646
93 660 609
564 288 546
669 419 690
272 249 933
109 639 742
115 639 385
588 578 365
239 21 944
233 124 647
135 380 854
587 166 492
278 18 50
650 612 541
145 146 297
348 454 984
45 177 1000
121 523 165
433 54 283
469 583 702
440 455 624
157 557 424
232 479 525
74 15 675
324 103 253
605 522 624
577 25 58
139 623 541
109 655 617
176 558 652
342 132 213
396 429 853
453 438 477
393 659 633
461 482 792
671 287 613
186 657 294
268 109 636
553 534 161
576 341 202
393 322 521
581 429 745
167 43 196
242 468 374
357 385 329
137 520 27
432 218 138
383 343 938
283 564 105
472 417 414
357 183 712
131 366 212
431 328 112
477 550 658
393 86 854
540 297 295
459 220 549
384 233 851
28 589 667
430 177 385
655 34 919
137 137 442
210 139 636
221 229 792
511 547 814
114 539 511
58 207 909
316 28 331
552 544 141
272 488 216
186 498 192
368 265 326
307 533 988
493 617 885
593 502 714
269 126 99
585 468 877
85 18 642
586 307 395
381 145 340
353 107 181
398 248 111
368 521 455
326 396 19
420 236 682
519 331 988
512 326 977
136 507 388
322 607 636
668 140 527
537 130 134
467 508 12
473 52 154
416 676 73
512 376 240
561 629 616
573 239 368
291 419 615
631 525 259
515 584 979
569 604 706
369 545 823
643 440 960
318 266 150
389 39 603
537 37 713
331 605 666
22 499 552
575 248 116
565 621 530
385 460 928
525 223 281
651 253 504
126 537 954
135 253 408
105 561 943
199 562 895
428 558 147
450 562 400
675 0 706
377 518 1000
99 589 95
454 385 916
155 610 546
357 402 192
518 58 228
465 621 603
443 437 517
107 410 652
453 363 277
575 239 397
332 67 6
175 186 778
436 518 172
378 383 560
394 327 869
107 490 294
209 410 610
549 8 183
673 310 550
367 69 271
574 557 815
152 316 975
669 347 893
291 587 571
78 364 201
100 290 999
490 614 688
164 177 543
227 293 749
137 328 972
222 257 244
612 282 14
494 18 469
398 429 679
437 167 920
433 118 585
567 576 658
656 317 53
304 8 315
141 642 882
360 94 691
450 514 781
315 477 243
112 84 299
118 563 563
349 328 904
428 132 375
222 459 576
207 512 92
277 24 755
671 413 818
632 411 918
198 15 301
321 472 272
376 46 776
9 169 613
494 431 642
610 245 825
352 211 683
305 594 761
24 292 907
634 51 549
549 271 372
373 316 228
271 139 511
297 492 851
251 27 73
438 189 500
284 465 419
499 325 429
117 686 751
23 559 299
424 22 151
505 574 520
643 94 470
261 316 438
207 56 232
573 589 572
119 399 443
352 275 72
275 155 636
530 14 156
260 194 336
372 652 512
77 538 235
213 496 980
509 609 321
537 285 953
446 157 241
128 633 903
478 330 865
615 288 394
76 409 613
9 139 123
189 549 87
319 110 974
513 272 980
314 6 196
682 83 132
80 263 459
378 227 751
237 495 771
136 671 31
419 288 48
547 469 387
349 683 104
286 477 843
483 259 762
499 662 960
450 262 736
31 184 275
375 576 711
548 200 820
223 126 614
363 266 268
155 695 593
90 57 478
444 268 400
636 212 284
522 519 49
375 688 910
130 484 260
653 167 416
263 303 853
249 276 984
110 404 652
25 508 296
102 579 594
210 350 425
654 511 361
264 560 740
78 74 210
692 522 345
529 248 707
232 383 627
231 644 746
329 44 693
90 272 523
620 273 45
251 398 878
402 419 911
537 612 59
655 67 101
190 506 630
497 673 131
342 324 985
638 113 718
89 446 953
142 132 938
253 382 63
467 556 531
492 673 194
314 655 398
391 77 510
91 544 494
677 535 83
669 304 949
6 601 731
253 343 622
128 461 760
219 63 533
68 308 125
61 592 602
229 262 701
524 229 239
690 612 253
477 287 808
631 336 256
386 522 324
30 368 544
183 129 412
412 484 852
24 167 277
62 647 842
132 534 87
355 687 659
557 338 328
427 391 683
195 471 995
642 547 553
182 27 947
597 123 841
612 388 139
273 699 697
504 169 786
420 652 361
605 229 54
552 537 44
117 159 589
105 672 44
125 329 923
470 411 88
221 206 413
611 529 773
547 233 423
362 291 406
58 595 111
497 373 182
463 182 582
61 372 365
603 331 531
541 50 210
458 34 819
338 315 134
533 541 794
23 177 7
523 276 757
547 645 298
612 486 889
264 605 213
317 243 562
518 398 706
1 271 583
593 222 585
361 214 639
123 330 426
327 164 777
264 447 219
393 373 426
553 10 727
403 647 989
438 150 561
661 463 108
483 336 138
223 527 483
4 26 230
193 275 467
375 175 1
234 568 617
127 354 263
262 148 20
137 96 240
44 290 27
195 581 187
27 369 69
512 643 875
507 363 971
527 521 287
300 264 958
627 50 774
415 350 775
76 215 406
22 603 613
40 100 848
275 169 860
633 272 848
46 605 213
89 5 284
310 207 500
532 439 121
633 510 467
112 671 840
420 291 373
306 452 391
663 386 824
536 493 967
488 563 900
670 187 790
628 177 410
476 258 495
377 426 433
466 368 5
693 393 406
40 71 945
446 491 610
593 10 867
65 146 594
592 632 692
457 686 967
404 3 453
671 333 444
257 146 67
50 481 150
331 139 852
590 647 787
152 678 66
504 525 3
453 94 680
637 302 738
130 603 634
676 235 709
387 176 55
78 335 567
475 44 566
573 608 471
254 252 882
196 117 380
487 478 676
563 456 404
76 372 701
379 349 526
32 417 130
111 670 208
337 145 143
480 195 875
273 139 136
509 362 618
643 206 15
154 97 314
119 611 991
629 431 52
51 153 887
639 253 249
297 555 101
458 75 820
690 642 434
233 256 564
100 113 905
563 419 747
161 513 11
4 665 988
122 545 809
496 293 442
427 497 176
168 148 139
183 253 46
576 329 331
468 263 35
222 528 873
620 166 925
193 374 346
417 206 873
102 199 779
148 634 468
312 339 24
673 82 484
174 279 777
584 667 959
698 209 243
271 439 127
154 520 522
693 208 975
389 244 137
431 175 553
481 89 899
688 506 25
84 240 107
37 558 125
123 589 48
620 576 169
343 271 410
315 407 634
695 634 893
142 673 78
303 61 774
600 221 961
15 57 389
520 588 207
460 24 277
277 575 895
355 15 190
21 325 663
673 263 1
470 541 486
311 467 628
48 585 239
133 237 531
122 258 79
145 261 110
255 205 909
88 68 320
280 126 206
465 605 20
21 215 886
335 291 587
660 269 377
456 290 177
651 332 312
85 36 1
343 558 919
664 607 698
305 361 641
511 140 219
460 352 439
262 153 141
71 385 911
15 127 693
110 364 515
584 562 234
37 582 153
574 518 359
72 1 406
213 456 889
270 211 713
567 459 864
86 7 653
191 568 812
311 656 666
643 202 798
689 222 386
423 399 319
289 308 907
121 437 8
67 641 973
522 28 501
319 660 495
297 548 762
27 79 308
417 234 144
456 176 359
343 43 872
241 635 998
442 157 281
425 512 875
611 451 700
239 46 232
356 471 171
357 87 998
648 124 167
600 656 684
407 664 475
132 428 39
481 411 462
186 74 394
155 692 528
650 70 289
80 449 709
343 107 352
414 636 874
683 451 21
556 406 962
44 480 700
478 373 782
672 404 552
138 153 79
408 222 612
261 90 220
695 25 378
86 196 704
181 407 704
138 99 502
172 434 762
47 132 408
280 511 506
286 149 911
52 205 296
236 432 280
649 98 249
650 145 296
323 132 701
159 421 693
176 287 915
121 506 543
644 559 262
577 209 932
570 616 769
117 491 732
454 106 811
492 31 986
507 161 222
97 311 202
502 551 897
596 590 688
167 402 239
284 0 902
187 322 619
285 503 146
65 383 679
687 558 619
23 627 810
300 183 353
292 25 506
48 335 184
188 9 263
250 245 884
479 364 602
262 20 251
359 245 35
37 625 234
412 387 702
179 347 251
295 281 435
694 11 746
416 271 698
476 243 503
560 607 960
543 687 711
294 43 997
599 350 658
155 570 997
373 9 70
57 2 732
89 180 144
435 245 374
406 543 281
366 618 618
2 476 742
654 380 96
99 131 880
21 116 840
198 449 1000
322 599 19
408 25 203
420 412 477
64 496 379
154 114 757
315 141 218
251 179 102
584 465 795
385 451 413
3 601 909
62 698 790
34 269 114
85 296 940
144 13 766
548 613 305
137 75 68
657 105 171
609 314 865
494 130 780
109 620 786
368 256 55
273 468 1000
521 370 750
468 75 557
128 643 662
231 328 759
482 683 243
493 331 780
499 419 681
479 440 157
309 31 192
168 294 875
23 178 82
217 497 130
195 286 998
54 535 160
575 189 608
639 140 293
552 10 126
696 632 793
63 354 737
481 642 838
288 617 958
612 331 587
601 99 343
428 84 462
188 484 986
391 434 53
0 69 521
614 397 633
490 61 243
4 604 526
672 284 99
198 174 204
576 225 72
97 402 44
401 309 204
489 136 748
279 622 334
665 394 136
301 328 715
656 238 824
416 180 263
18 608 303
586 89 766
627 447 185
528 65 766
505 267 585
459 116 293
692 51 258
536 55 965
230 30 40
493 341 77
107 322 416
259 223 212
188 232 67
479 294 18
523 452 107
494 571 311
449 7 742
159 199 25
12 508 751
350 117 178
400 566 475
68 364 121
573 78 236
279 85 953
92 330 878
183 278 996
579 501 120
345 327 691
675 200 456
52 566 414
414 105 533
99 683 74
109 232 50
322 668 618
333 69 811
64 272 847
157 58 915
178 79 596
659 192 635
37 17 817
291 31 335
572 153 133
61 260 187
200 119 300
410 529 647
155 230 867
296 667 71
535 690 897
461 287 982
359 630 25
91 490 26
284 162 925
684 509 386
316 386 801
520 108 584
691 670 625
53 276 45
150 16 865
501 359 361
394 250 783
269 696 717
193 373 485
606 82 355
413 418 311
555 458 672
92 378 242
552 446 327
134 574 619
458 255 210
627 382 76
307 450 45
521 78 910
367 308 814
260 370 199
169 106 668
386 315 176
522 594 505
427 474 859
255 333 160
487 398 999
279 356 840
648 48 833
653 355 716
439 290 743
135 217 585
258 658 505
200 545 975
593 103 96
439 606 802
496 387 201
86 533 293
348 355 869
95 18 646
293 446 91
432 272 77
518 413 833
605 99 196
476 383 586
458 154 132
180 654 792
347 331 931
677 139 277
110 370 760
7 534 717
283 123 382
486 129 378
609 620 484
102 121 512
420 365 608
623 408 790
31 1 358
85 634 227
192 360 637
642 30 202
188 1 614
469 594 127
615 265 522
197 282 169
420 269 418
209 219 786
695 394 119
93 313 721
537 258 558
515 285 965
29 178 514
454 354 432
585 12 568
622 307 148
218 285 125
518 508 205
10 601 631
660 148 510
45 388 971
190 118 791
518 354 778
382 282 240
25 62 327
695 652 817
347 200 954
652 204 506
391 254 710
404 239 208
138 192 412
457 447 235
96 543 908
527 455 914
259 423 737
480 545 742
479 598 402
247 13 6
273 351 665
155 379 37
524 169 794
133 394 925
516 37 118
355 376 840
138 167 878
70 298 25
9 282 41
364 336 507
242 506 319
637 39 634
83 622 138
137 486 967
296 215 452
353 640 847
552 23 183
565 34 176
544 630 964
165 387 426
670 231 945
306 120 947
690 507 762
450 621 538
570 529 167
341 509 607
510 468 33
693 144 198
593 683 651
190 116 646
599 601 127
679 591 301
539 318 529
661 673 596
69 220 873
139 78 327
253 586 35
435 699 558
602 432 393
303 2 516
476 91 259
481 248 671
665 591 191
81 27 743
420 561 996
266 29 579
150 298 379
279 129 206
34 635 437
426 499 522
213 426 665
553 615 28
10 468 956
377 675 799
51 572 216
361 621 338
377 290 908
181 497 935
265 392 11
131 644 497
127 11 958
132 621 935
321 82 419
551 281 939
385 401 696
186 148 218
71 433 377
181 449 172
679 233 456
140 244 366
164 519 820
111 425 157
147 461 750
507 598 568
495 344 368
449 559 146
587 671 583
253 151 42
342 604 600
141 197 804
353 111 781
542 58 210
84 46 150
125 75 588
515 502 524
149 303 470
342 690 587
692 292 348
249 685 324
424 304 612
46 472 396
313 151 275
427 246 721
318 120 13
198 177 610
415 7 815
85 470 730
475 237 191
373 243 131
296 365 248
657 323 120
349 319 758
92 72 701
322 479 400
314 252 422
602 639 895
488 94 274
618 12 65
162 293 126
41 140 365
372 242 488
390 374 298
322 584 751
183 419 385
202 33 233
20 478 993
4 485 695
232 310 458
337 150 404
16 68 340
507 553 586
626 214 705
400 604 133
240 401 268
5 543 908
260 131 168
643 463 365
603 669 917
305 252 787
313 396 232
539 290 241
579 549 216
335 424 158
591 233 959
557 359 207
673 376 361
112 583 772
461 225 685
425 613 468
412 206 13
299 488 966
457 294 94
302 290 660
577 618 991
60 612 60
511 616 369
484 648 239
585 554 993
497 532 655
287 227 364
367 472 456
511 312 936
536 227 186
501 268 259
103 501 223
446 667 738
326 30 733
287 624 397
61 676 940
533 61 524
475 193 197
420 264 593
555 557 216
120 475 11
141 404 456
439 660 979
185 51 179
13 387 979
502 237 927
545 74 317
205 500 846
511 175 557
64 588 117
336 150 59
174 422 30
185 305 187
443 287 804
193 12 848
657 204 167
7 289 107
547 517 506
255 35 497
328 665 98
257 568 266
155 11 833
211 165 511
607 568 956
17 64 785
60 442 799
695 346 717
370 594 899
229 21 51
82 311 946
60 130 244
185 495 330
672 605 616
249 177 868
251 398 661
350 587 119
574 536 361
663 62 748
521 299 370
216 84 653
429 12 935
102 179 234
222 283 485
364 292 538
59 543 286
287 556 53
634 685 712
602 466 495
510 546 820
360 35 540
511 310 771
291 643 189
520 679 60
633 667 433
422 607 968
344 657 970
100 405 393
413 621 690
285 221 934
186 161 633
428 269 119
4 351 760
116 183 535
199 49 957
576 471 242
77 671 784
113 77 578
264 610 760
120 518 149
543 651 982
14 435 737
347 592 896
339 159 304
390 507 340
222 126 76
261 668 645
146 449 218
77 177 772
426 157 152
600 451 515
651 377 813
244 182 144
300 690 893
227 314 953
165 427 247
634 381 582
561 225 506
646 93 689
42 676 791
419 83 560
63 611 926
360 34 142
138 645 418
585 298 466
518 694 901
640 700 632
659 41 238
287 616 193
277 588 906
565 16 168
420 131 356
129 512 955
168 359 73
417 106 277
224 519 969
576 159 204
100 675 681
451 58 242
40 439 827
692 620 142
462 353 811
69 201 582
117 136 222
524 385 484
489 385 95
622 28 839
343 142 593
623 554 572
491 592 200
464 457 703
367 566 723
500 672 807
194 355 88
645 367 259
347 404 375
320 647 334
143 620 193
151 617 226
437 659 198
130 477 394
487 66 274
276 25 1000
597 413 605
75 296 582
580 313 356
493 239 758
532 242 712
17 637 105
250 206 279
664 314 358
487 628 405
65 421 57
494 473 739
342 422 528
371 425 306
324 610 879
285 149 283
255 476 827
155 60 150
308 373 284
15 655 162
534 332 461
417 430 341
367 189 271
506 95 916
682 491 325
400 561 447
7 50 949
3 646 638
664 139 407
12 56 151
191 172 307
336 329 591
459 67 772
541 292 36
324 277 618
402 13 478
538 383 376
329 258 261
163 98 12
609 222 208
574 420 493
673 45 453
637 592 504
47 637 902
158 42 542
99 662 236
665 34 883
262 117 712
657 328 73
394 606 357
676 407 893
420 394 106
350 530 258
186 520 492
121 292 570
246 172 513
64 541 774
579 428 204
189 110 832
338 95 283
691 700 184
396 140 531
442 557 787
491 552 874
323 228 341
28 586 939
250 584 868
451 476 10
211 146 137
48 85 556
421 279 27
439 421 256
167 292 380
402 487 968
536 73 212
510 1 590
127 244 324
55 666 452
219 399 33
51 280 956
338 625 304
600 96 289
662 219 932
237 400 411
463 383 134
31 621 169
40 263 582
346 650 14
212 164 304
324 595 548
362 663 355
632 121 993
206 169 908
619 491 327
128 285 202
253 124 313
553 696 198
22 50 762
229 186 829
172 76 172
687 343 697
382 669 714
138 335 400
527 358 215
546 547 980
340 360 414
49 25 174
540 189 465
444 475 157
564 304 412
191 651 189
458 603 280
301 371 401
365 55 745
509 679 440
55 387 362
221 281 718
576 411 114
542 685 47
479 555 803
181 92 62
190 446 947
202 661 245
483 425 577
223 383 56
502 591 171
617 487 164
380 330 345
306 583 562
113 369 630
325 609 384
148 454 578
246 76 842
41 186 689
90 617 731
387 55 392
516 296 269
664 503 760
182 620 359
43 312 959
93 664 561
451 390 620
462 614 155
402 311 213
588 104 329
268 395 535
201 103 88
148 179 433
259 226 126
10 581 389
453 28 732
115 599 441
505 299 34
162 214 178
541 71 714
513 66 403
232 23 270
176 101 954
209 381 665
84 434 846
183 417 87
173 414 78
306 245 780
673 602 46
69 334 252
617 269 126
372 348 388
106 107 229
298 616 888
463 673 497
367 537 933
53 132 727
270 329 969
471 105 658
103 217 634
617 219 697
368 274 538
249 128 137
282 483 275
695 240 521
531 554 378
21 38 326
139 56 723
597 428 820
180 290 592
111 343 532
422 266 316
427 121 755
109 599 524
299 611 157
321 700 343
462 450 969
333 291 285
340 576 976
391 694 671
167 21 711
233 53 813
683 265 767
434 700 379
363 435 6
278 530 215
499 339 213
136 510 949
76 558 261
262 351 2
525 390 500
524 202 21
470 79 994
179 672 952
338 322 986
112 671 350
353 299 551
491 474 772
161 324 315
77 67 758
170 501 643
302 572 71
295 173 308
490 284 78
118 447 16
486 543 378
463 66 306
41 404 665
166 209 976
666 642 138
692 69 212
25 639 135
555 681 549
8 243 507
566 313 800
259 529 104
655 59 859
395 240 711
369 539 370
655 60 296
688 428 367
77 270 2
419 602 360
34 572 16
22 175 907
583 638 394
668 404 177
546 45 467
98 682 639
655 603 609
380 240 477
421 260 559
470 220 104
171 584 779
2 267 232
288 355 111
206 174 28
663 647 211
548 459 755
336 454 204
463 658 119
327 193 96
143 263 225
51 310 595
437 603 782
156 197 386
504 674 832
518 275 157
293 683 463
202 253 47
30 218 532
523 132 57
190 83 616
160 352 101
194 102 114
611 384 396
612 538 155
611 264 688
321 516 470
166 535 104
190 660 738
293 162 695
532 398 749
49 192 409
559 9 891
24 344 87
114 62 975
144 643 46
284 181 45
528 167 109
349 4 412
453 330 168
555 641 384
176 154 272
635 283 141
440 33 650
108 404 540
280 195 748
689 408 901
452 626 641
551 307 668
376 168 864
621 442 464
147 357 116
652 43 137
365 637 127
468 412 484
36 63 276
81 90 425
518 525 642
473 143 666
509 272 754
126 340 111
233 580 571
512 404 262
56 507 487
569 347 204
32 225 924
193 685 966
586 74 568
28 369 761
356 547 613
621 360 1000
228 540 255
451 139 521
117 676 169
412 505 407
285 503 429
124 196 405
422 275 546
350 561 835
164 52 996
303 103 271
664 74 956
420 557 52
302 46 847
528 411 435
278 147 428
23 370 728
562 44 946
586 155 644
646 696 103
477 249 113
651 538 299
569 636 321
165 271 418
290 353 92
693 500 566
428 446 205
495 490 576
51 423 920
305 647 713
589 633 667
292 22 756
345 295 146
696 155 323
680 186 860
323 662 402
485 203 321
271 558 575
62 95 318
481 177 462
530 602 288
345 493 333
540 442 993
265 468 189
597 497 75
539 207 483
99 214 928
359 466 898
37 528 943
244 18 327
29 590 114
155 423 961
436 204 90
412 534 772
17 661 20
561 691 573
616 440 302
58 343 584
258 384 724
639 674 331
219 230 9
477 652 687
346 403 908
421 245 701
249 240 748
465 220 262
338 514 239
309 30 744
65 451 368
620 135 578
556 238 37
376 99 268
477 410 323
143 334 221
539 643 288
621 603 856
493 64 927
535 223 890
679 47 641
2 433 20
486 378 475
339 451 36
6 244 757
450 150 804
525 58 815
85 595 926
377 639 967
433 250 820
390 632 246
277 52 95
484 520 544
220 520 800
450 434 121
466 155 685
492 580 104
287 189 235
266 656 561
598 585 742
186 307 536
455 381 722
192 48 348
64 495 985
424 626 537
187 488 123
317 206 351
101 226 395
517 550 300
153 520 967
469 690 324
506 496 114
176 528 281
466 3 78
368 429 926
670 581 636
2 1 76
527 21 916
55 226 292
309 44 460
432 160 368
476 698 975
437 524 863
359 381 23
292 583 879
461 58 394
207 669 736
95 61 82
3 586 175
317 217 429
263 700 664
680 109 452
354 507 792
254 9 715
76 112 164
210 176 690
32 453 852
207 540 275
447 100 506
378 540 81
478 67 692
215 79 567
30 306 358
157 311 82
448 83 378
600 111 33
580 410 207
687 125 693
256 538 452
415 491 668
192 319 295
291 465 47
205 266 621
482 34 373
39 630 829
337 40 514
462 355 605
663 136 899
670 466 830
458 268 478
452 363 854
574 688 491
322 438 182
431 161 882
370 632 910
484 298 96
581 654 308
471 675 338
473 463 327
415 255 0
78 191 614
79 485 133
308 173 106
123 192 332
462 287 123
222 45 224
234 400 383
402 277 812
88 596 370
666 158 350
572 137 838
12 555 78
679 581 536
605 312 906
233 313 1000
662 664 584
537 550 492
377 119 291
328 22 998
556 23 588
186 512 6
637 530 538
238 138 324
69 76 812
15 48 439
699 561 373
599 246 342
531 670 253
385 431 286
30 676 900
254 607 444
678 194 239
144 116 222
560 658 189
115 116 825
171 604 182
354 217 147
536 643 592
379 357 711
61 394 689
552 287 761
686 588 700
268 606 9
548 307 845
44 147 552
118 279 142
458 447 691
422 262 648
28 218 967
219 436 361
0 449 476
235 158 679
565 487 444
283 4 671
222 536 563
363 369 606
604 115 797
258 7 633
204 421 795
21 240 159
634 580 206
141 629 154
637 327 84
120 674 970
329 582 772
35 282 169
587 556 883
428 638 477
489 95 819
409 361 781
535 11 11
623 278 302
458 131 745
420 448 104
64 461 961
312 435 697
281 169 997
644 234 589
260 631 791
659 124 276
162 583 266
453 598 916
218 428 696
689 558 912
348 646 437
686 650 822
109 492 151
86 296 327
209 437 80
647 48 211
676 22 580
210 448 407
629 408 354
336 322 986
143 163 995
298 303 858
90 245 57
309 370 896
165 159 448
549 152 600
30 652 691
398 641 551
481 310 653
19 64 362
623 641 616
539 45 903
257 511 377
236 173 361
374 502 28
124 608 30
618 693 427
33 626 456
479 412 171
100 523 318
563 614 246
153 178 828
508 643 529
639 39 432
570 402 487
655 193 994
515 299 67
404 205 421
200 10 293
543 699 929
1 623 620
423 685 160
13 417 326
486 250 665
114 177 374
485 451 538
299 364 526
419 503 426
176 564 729
24 60 381
182 233 129
404 392 357
275 596 770
419 155 402
188 676 420
470 104 484
376 458 968
462 466 389
225 352 523
495 269 314
140 420 950
542 429 307
444 121 848
341 521 437
545 422 629
181 533 182
476 81 886
224 309 722
318 395 351
404 638 292
622 543 831
687 5 798
100 521 35
8 348 940
217 383 827
268 699 705
543 587 858
193 375 208
383 78 843
646 633 788
391 184 772
481 297 87
19 139 332
427 600 988
4 379 965
681 244 167
230 453 38
102 225 482
188 628 253
420 95 503
521 263 696
70 682 300
17 583 400
410 220 642
628 209 305
287 121 141
215 430 635
620 210 796
75 386 621
557 97 716
558 432 794
418 380 322
421 484 709
382 81 739
542 522 584
595 526 42
369 58 421
254 641 877
321 47 101
237 634 356
328 305 47
454 11 912
79 315 330
66 222 381
479 377 725
480 467 675
376 417 814
560 637 323
154 591 407
478 437 528
449 51 13
325 540 244
375 612 893
542 679 484
42 223 744
487 663 287
217 575 744
119 546 183
289 599 546
437 334 867
666 338 946
653 572 608
407 623 14
467 53 431
452 162 461
380 640 583
130 18 885
301 629 198
292 331 579
424 654 321
589 149 627
412 664 517
658 178 514
22 137 587
501 37 897
131 73 815
538 371 538
348 656 297
692 539 931
342 608 144
242 426 726
103 349 338
470 378 81
444 20 373
244 50 413
688 0 740
491 515 315
423 58 175
219 527 189
82 360 849
362 537 704
525 666 915
689 262 825
15 4 992
417 239 891
79 243 902
566 6 822
131 436 112
48 330 445
354 545 185
247 430 940
571 605 406
139 594 150
476 396 133
216 171 309
136 412 351
606 286 568
654 69 772
401 198 736
668 445 303
465 177 690
308 675 101
589 121 399
430 88 830
80 299 408
622 4 272
204 137 590
386 243 778
547 254 988
21 626 550
700 284 121
634 113 251
79 543 530
215 540 353
617 117 154
655 335 844
86 378 571
288 476 270
652 446 3
567 677 734
639 9 569
96 477 651
253 211 540
399 257 220
131 680 684
635 615 734
470 687 346
26 541 880
342 645 569
485 329 110
692 297 126
42 348 294
63 196 851
193 80 296
416 217 243
591 232 269
248 172 172
308 260 557
541 459 48
482 498 776
76 283 524
370 43 334
644 6 304
84 696 200
663 527 330
632 3 616
44 91 216
673 675 977
375 172 380
295 257 525
612 249 675
370 663 774
34 458 355
415 197 304
616 63 248
611 561 862
25 654 971
374 603 318
569 179 354
525 653 16
424 37 251
21 696 762
575 547 343
668 402 945
237 257 554
15 468 367
194 465 465
368 372 508
447 324 394
542 415 768
243 469 842
9 523 697
448 442 819
258 156 273
454 79 669
172 507 495
211 684 734
638 310 531
511 654 590
415 58 69
200 10 649
194 683 4
424 391 641
369 21 746
424 368 162
166 355 233
181 386 644
58 323 619
278 312 353
70 496 772
606 697 385
495 257 571
383 371 831
634 322 926
20 158 936
88 165 298
198 378 899
77 194 969
356 570 981
410 542 333
526 460 190
686 159 830
476 25 717
640 333 950
320 353 655
37 53 105
688 28 462
204 18 704
434 21 898
643 322 221
128 302 43
85 426 110
458 423 886
351 509 594
322 122 978
504 221 564
361 223 684
665 652 378
693 319 79
520 34 606
307 644 174
187 382 971
593 439 744
628 161 799
293 35 244
482 498 731
180 366 459
242 218 998
429 604 886
195 42 93
572 631 677
11 390 763
359 431 893
13 461 809
522 515 240
600 51 776
369 283 604
662 279 190
350 446 143
324 505 202
6 179 104
558 184 663
193 503 559
434 466 798
294 84 814
312 115 310
403 3 219
563 613 830
257 502 235
642 525 405
324 423 346
614 97 181
471 394 228
23 591 489
460 405 270
575 2 868
103 641 175
614 157 93
144 216 136
21 39 61
183 500 263
443 450 707
4 153 208
381 373 838
186 150 841
77 27 441
34 189 459
700 407 426
599 482 740
358 671 792
170 195 143
193 361 494
223 11 759
356 171 705
678 692 937
601 655 441
369 410 247
581 497 462
210 126 966
93 609 127
452 520 784
666 519 899
392 81 492
554 433 725
463 460 57
348 569 194
498 433 245
463 258 386
607 530 873
21 168 734
155 432 791
624 176 364
457 186 912
175 428 246
28 327 118
241 544 147
174 470 285
700 399 316
58 612 92
595 372 145
500 17 109
311 528 802
42 419 153
213 18 124
681 506 891
227 300 916
278 36 612
99 130 735
637 398 537
16 113 674
500 519 34
122 87 10
619 355 129
207 384 429
374 223 884
453 79 4
664 679 936
270 220 436
696 213 730
588 436 730
187 84 336
403 118 138
122 652 462
638 692 385
57 690 164
363 393 822
678 631 46
5 530 208
65 626 476
196 623 987
298 550 143
351 434 320
621 60 565
699 124 502
220 165 62
112 245 28
340 583 658
548 83 741
459 628 743
697 683 177
195 26 744
248 668 880
36 492 991
224 27 625
45 614 983
599 507 811
700 231 847
156 399 616
70 133 26
109 52 12
681 500 666
351 158 437
607 497 923
205 126 561
467 644 802
318 573 711
149 665 501
225 365 915
221 391 514
144 61 598
662 541 511
572 220 487
544 244 102
454 183 322
377 679 693
434 193 396
432 270 29
301 254 909
201 509 543
157 329 846
180 266 877
588 374 380
172 12 601
236 458 757
55 595 376
388 79 941
506 306 877
81 277 281
88 690 455
402 553 956
548 177 84
400 483 419
171 643 904
460 155 538
643 35 15
691 372 235
91 111 163
105 650 969
42 318 208
294 252 367
68 197 795
479 540 649
164 5 584
97 169 304
120 229 109
503 471 571
456 221 670
262 387 856
385 359 123
10 510 582
521 89 854
66 545 818
421 380 500
454 508 342
370 682 253
633 365 661
165 39 204
426 344 953
114 338 72
111 217 526
230 31 708
599 163 353
94 244 376
652 48 322
546 541 693
408 247 1000
27 92 281
568 696 564
41 606 897
116 331 578
320 663 171
161 383 578
349 479 218
250 447 770
273 336 92
376 36 273
517 128 287
408 582 622
567 556 522
278 347 262
333 93 220
386 424 851
228 417 717
49 597 573
467 679 266
595 61 943
330 600 83
124 400 785
476 263 478
268 448 774
556 648 672
524 177 803
577 648 730
347 410 244
527 234 828
96 243 241
69 499 936
513 534 494
464 391 88
121 57 768
657 502 495
686 656 29
290 171 676
660 134 865
183 547 500
230 217 326
510 395 319
521 505 619
463 189 907
693 108 356
496 33 20
572 580 269
658 601 317
254 369 135
572 20 80
498 503 932
411 635 407
145 355 708
296 284 374
79 209 278
70 624 102
217 459 70
83 281 324
213 523 516
307 492 529
194 687 252
87 577 277
424 244 906
309 88 478
498 476 266
327 680 99
43 670 146
594 516 709
496 293 509
445 624 966
517 209 154
449 174 619
294 492 718
531 344 52
359 115 620
115 110 560
70 115 40
331 301 593
414 519 838
638 391 219
66 16 672
583 86 546
318 320 684
324 232 77
269 527 515
322 621 57
513 398 150
598 512 604
141 296 970
526 117 623
95 615 210
491 219 890
547 342 496
107 385 571
18 347 953
399 317 789
685 535 237
317 484 445
482 339 254
669 424 635
566 658 968
318 422 717
217 416 678
689 17 946
437 83 209
305 392 186
635 305 591
561 382 912
293 501 944
650 493 671
503 38 482
238 156 914
226 70 92
328 220 517
23 531 117
476 672 234
20 523 834
689 239 464
34 108 3
575 383 45
614 409 245
594 178 215
475 23 751
466 521 828
361 460 455
45 323 38
205 245 853
338 430 777
511 369 755
537 103 528
199 595 59
417 441 426
44 474 612
484 147 817
91 397 946
464 239 499
181 222 831
457 443 101
409 583 545
119 25 632
338 24 832
32 659 759
195 366 994
624 621 820
319 631 24
211 296 363
630 378 84
255 174 732
310 192 190
171 671 530
18 432 460
615 56 513
406 84 747
216 485 336
554 540 290
322 663 142
452 507 653
424 80 561
496 234 703
649 198 99
519 510 829
279 210 703
604 660 656
555 692 798
438 357 689
570 319 551
295 686 541
462 322 587
549 207 831
462 430 448
119 367 485
282 387 289
503 82 97
129 539 904
496 641 403
297 46 188
134 235 533
693 273 667
167 619 307
640 26 727
559 557 770
114 121 88
210 675 541
20 486 191
646 83 295
117 71 731
46 339 638
399 200 733
217 385 56
652 56 574
348 692 981
489 425 622
333 132 40
387 636 774
153 498 13
423 59 165
663 244 308
373 198 271
406 551 590
27 633 645
612 561 225
421 473 455
349 413 186
454 25 324
679 242 901
647 660 961
315 273 253
174 425 218
187 12 532
105 130 985
202 218 754
579 128 764
620 482 200
152 697 665
177 9 641
592 239 16
296 380 809
243 468 746
345 198 121
116 661 694
361 143 430
660 526 365
187 554 597
374 93 934
143 105 614
319 294 660
223 608 576
518 192 262
45 585 552
274 353 506
669 595 339
456 365 744
54 240 819
565 360 4
627 394 626
666 557 281
290 457 898
240 254 377
337 486 94
297 418 108
507 95 199
293 475 102
121 585 883
680 484 902
141 101 559
359 548 329
184 339 173
302 81 675
619 202 156
215 385 359
102 296 912
498 374 776
624 136 48
617 224 938
576 210 268
670 520 807
615 200 377
313 398 259
73 496 984
83 367 164
554 514 566
266 319 478
692 648 275
588 237 387
394 462 515
133 642 801
57 636 836
122 220 752
609 263 627
224 435 388
601 456 323
195 678 9
269 327 445
305 390 726
436 693 606
301 490 828
598 131 985
15 352 261
261 327 720
264 83 661
235 35 897
436 116 180
5 318 509
129 643 399
62 653 225
495 682 501
308 236 441
647 556 120
142 45 442
592 328 534
312 468 44
163 616 316
500 553 519
317 211 199
346 375 585
153 138 868
379 267 864
396 30 900
9 115 729
678 62 559
72 280 184
422 563 281
52 618 85
33 138 206
191 157 913
583 246 383
248 162 468
644 559 493
648 698 894
274 74 84
161 596 231
576 274 347
465 80 345
58 622 608
661 533 629
459 619 969
11 226 388
103 185 483
86 27 3
89 391 591
119 589 76
244 339 968
353 306 127
700 572 529
535 552 493
24 432 768
103 63 183
631 17 390
163 41 615
476 599 812
90 639 870
183 494 746
233 54 720
134 280 844
120 34 861
275 577 642
284 16 243
27 364 23
470 488 917
219 571 258
551 538 123
325 464 418
226 183 428
554 689 934
332 202 776
366 466 804
433 605 936
111 40 31
524 429 40
666 398 723
349 577 101
186 22 83
638 246 261
233 675 947
180 345 786
94 140 127
250 94 892
470 121 607
257 467 382
286 394 858
620 559 33
399 619 25
270 216 757
44 693 681
127 159 211
35 273 344
119 504 589
374 59 944
538 256 355
346 628 622
394 122 126
662 427 384
343 385 540
155 134 253
593 125 944
141 352 763
684 512 562
700 347 5
670 696 700
308 444 836
267 528 652
131 683 79
239 130 686
469 219 532
487 289 86
148 321 262
541 37 922
434 556 17
327 294 164
357 576 740
378 678 580
219 68 30
506 443 560
161 469 723
465 545 396
574 388 990
601 496 400
185 182 735
533 298 900
462 329 932
542 456 470
56 243 334
592 33 512
330 76 823
471 297 919
523 127 900
385 76 872
509 549 756
162 676 836
332 259 640
386 399 899
179 564 168
641 253 997
530 553 637
102 49 105
147 101 397
394 149 59
62 343 327
276 188 834
379 323 297
350 16 464
554 317 551
464 383 405
233 243 584
657 627 820
645 400 367
360 344 536
30 214 997
276 169 767
164 312 65
33 221 547
631 57 760
552 540 873
603 404 229
270 377 324
509 618 239
589 401 972
423 86 630
632 53 331
193 88 845
478 215 786
93 106 894
173 694 682
249 67 256
33 54 217
78 49 835
391 235 210
546 344 851
448 247 922
473 665 283
370 83 48
651 409 26
159 300 396
517 553 556
418 553 943
214 247 390
307 373 606
271 261 876
345 525 367
604 39 392
680 546 766
410 391 258
166 288 717
447 673 376
37 441 718
147 584 584
276 2 34
441 588 960
610 109 343
339 214 124
534 490 561
452 484 528
177 261 408
296 60 431
4 328 96
127 102 709
213 333 356
441 523 222
206 378 286
495 3 488
282 72 904
242 7 807
82 13 492
331 199 833
576 98 415
657 319 164
525 338 428
466 35 747
584 149 751
320 93 592
571 630 419
150 500 170
177 669 749
414 514 450
86 627 978
583 247 118
293 113 828
84 677 851
174 566 912
517 696 691
459 293 52
427 576 738
445 201 91
412 626 100
399 601 389
45 264 11
527 172 599
210 183 826
264 229 638
12 497 742
399 136 621
567 203 899
259 481 710
400 470 705
496 178 480
287 70 382
440 686 742
615 284 677
66 309 764
642 537 837
432 523 993
102 177 268
673 3 94
671 94 458
412 61 799
357 464 736
170 364 657
695 507 515
257 543 103
406 663 243
611 676 536
12 443 770
127 40 235
628 132 486
570 672 390
293 619 348
629 558 401
50 178 408
505 676 45
184 10 810
249 684 585
503 668 5
606 635 988
358 609 213
622 352 558
443 338 861
531 446 234
574 295 501
7 435 644
329 674 455
468 227 173
632 653 959
629 464 576
572 693 542
203 271 750
127 72 424
89 5 997
96 692 168
668 696 905
122 402 755
407 176 236
586 593 277
5 407 930
113 59 723
267 563 667
555 336 858
31 297 402
663 312 367
281 582 434
217 384 35
157 281 505
269 120 14
440 62 549
380 553 860
91 216 975
183 506 55
382 629 374
671 1 510
427 128 90
575 115 891
47 550 75
138 341 765
526 664 405
106 446 99
471 546 5
564 216 12
511 635 120
92 125 319
676 674 476
628 220 238
65 334 2
392 211 487
314 96 600
163 645 335
433 130 505
617 1 220
438 71 754
497 487 756
393 177 242
47 683 581
505 81 279
329 682 998
245 307 427
538 153 416
84 173 848
434 627 218
128 339 668
680 647 19
261 313 67
31 309 315
101 216 58
484 356 784
172 144 492
147 452 175
134 146 549
184 676 456
187 557 602
43 45 404
150 552 738
80 630 136
255 323 528
92 54 752
666 419 969
699 181 858
487 473 128
557 249 46
27 300 57
525 62 281
417 208 614
450 299 931
412 431 669
375 529 729
200 676 816
270 37 679
419 407 887
143 396 405
626 424 835
648 182 140
614 107 568
647 401 462
188 305 290
172 103 424
185 361 92
359 343 507
589 569 818
335 551 850
240 423 422
156 8 341
277 495 468
347 47 917
492 74 707
24 142 389
310 430 421
250 632 380
129 285 695
41 125 357
8 272 748
1 5 929
35 61 792
262 499 633
243 619 754
669 684 762
260 270 874
306 221 567
579 575 684
348 375 365
229 657 277
700 81 96
335 395 971
304 559 992
236 566 127
459 664 405
415 328 400
426 11 145
411 243 244
670 562 355
694 476 220
473 51 909
600 7 599
585 207 848
253 674 28
619 27 223
361 361 506
426 571 340
152 321 241
208 337 846
331 700 795
154 565 94
588 470 658
557 338 933
639 134 508
432 624 653
298 196 662
683 51 995
344 228 479
696 630 212
223 616 609
652 442 114
508 676 328
524 673 866
207 5 929
641 402 703
670 501 982
7 146 743
650 462 795
196 659 867
140 295 705
570 385 933
98 530 179
694 261 293
579 518 837
125 202 979
538 600 170
225 208 254
336 8 714
212 240 57
200 43 573
236 405 33
516 162 526
657 375 413
401 627 530
610 633 38
7 545 353
590 514 624
630 422 408
122 218 817
692 417 532
522 384 287
478 64 581
504 101 152
330 445 155
58 245 795
387 421 503
47 483 727
208 465 53
398 79 132
49 108 670
495 646 750
443 19 296
527 255 67
519 465 455
371 58 652
555 700 564
371 96 43
231 471 793
36 230 810
551 429 664
611 208 887
97 613 347
276 163 449
45 71 106
313 509 107
378 426 271
398 436 517
505 272 493
270 15 655
627 99 208
472 488 468
336 319 786
690 689 636
323 472 348
509 376 231
548 18 784
15 697 864
573 558 321
192 193 898
244 60 595
451 93 40
373 481 413
615 604 815
6 400 69
427 609 794
540 52 482
60 347 893
182 301 978
560 121 432
625 418 14
194 577 351
627 563 971
278 203 306
439 700 110
302 697 807
366 416 971
458 259 709
245 194 663
588 421 457
226 53 803
541 359 185
560 559 820
572 264 124
699 347 485
210 464 312
395 489 363
465 14 327
194 48 989
281 118 581
319 477 525
505 416 965
669 17 9
432 151 453
649 474 665
71 20 296
55 527 417
620 363 43
145 498 914
666 94 624
119 181 401
638 425 43
161 396 782
541 127 915
423 457 305
592 157 763
580 342 498
359 479 61
256 154 870
191 40 816
451 663 699
146 229 481
426 676 765
414 58 767
93 696 455
544 533 170
90 131 819
306 653 537
52 235 311
186 149 145
150 699 440
477 116 704
96 43 928
698 587 783
445 44 674
613 572 846
614 659 889
688 443 761
23 431 548
51 669 395
461 419 689
434 507 587
498 513 328
322 290 377
436 484 418
140 642 46
602 496 496
172 477 524
471 440 100
399 554 311
445 32 744
475 122 68
423 647 273
7 681 86
667 494 222
74 562 261
470 493 26
2 166 597
49 397 31
570 235 747
602 593 469
331 151 437
550 2 253
464 248 963
48 93 733
472 242 845
335 349 1000
461 631 611
144 615 540
311 502 381
283 215 378
560 199 956
103 573 684
98 320 702
362 652 112
118 573 520
424 279 180
305 670 606
529 450 545
564 65 495
324 162 178
503 396 320
272 461 807
257 677 980
133 195 64
317 528 567
219 297 595
149 105 713
508 618 820
568 646 403
407 550 530
679 258 708
405 415 541
129 471 50
516 30 234
355 649 757
149 430 870
141 242 670
2 123 348
384 267 624
674 117 888
258 110 646
235 408 553
426 299 285
274 159 7
289 511 206
544 159 73
175 5 876
109 35 867
527 435 143
30 506 881
641 385 685
421 594 954
384 55 536
383 479 479
359 564 787
352 614 345
113 616 822
530 367 418
192 355 2
127 263 22
369 17 744
624 214 49
180 15 498
642 313 766
557 323 799
645 623 899
692 171 877
499 104 28
484 476 981
62 494 410
534 159 722
691 14 546
368 446 105
408 208 370
624 636 75
48 251 792
604 436 908
533 690 56
71 531 464
88 421 575
586 452 786
245 548 553
492 28 155
284 516 853
451 676 400
277 580 766
381 112 605
645 81 329
109 204 556
465 118 303
699 57 483
197 439 922
612 482 921
492 623 133
592 457 169
454 38 750
407 214 646
354 489 544
278 541 857
636 327 276
675 685 781
620 636 50
465 480 99
455 10 90
150 346 888
6 374 566
495 336 492
575 26 727
412 423 864
669 288 545
679 78 194
494 644 139
137 683 119
338 491 914
530 480 583
548 642 967
467 290 20
117 250 554
345 61 590
289 462 253
287 218 788
253 447 620
121 80 133
258 582 866
337 124 248
641 36 945
568 599 321
244 173 936
525 427 122
171 248 865
25 358 912
177 537 375
419 666 180
472 415 542
696 88 683
122 60 777
394 257 622
324 598 518
531 490 183
483 285 585
6 686 966
649 128 110
258 654 843
407 78 518
595 259 572
454 560 285
364 523 71
658 296 769
535 573 610
334 20 472
310 338 712
39 443 679
257 42 923
666 56 694
683 237 990
443 258 93
504 330 301
520 624 130
303 469 473
74 111 497
148 229 119
40 125 950
37 183 891
496 663 62
685 400 576
103 440 780
380 245 859
445 644 626
77 414 188
437 617 482
530 633 567
354 631 498
685 645 873
523 109 37
103 349 77
693 567 747
611 432 566
660 156 898
317 464 69
644 294 601
492 192 964
388 523 415
427 89 682
346 231 97
448 148 854
514 346 973
693 477 449
522 437 879
596 254 252
324 513 508
143 371 818
248 62 925
165 31 963
400 407 621
700 471 116
311 600 725
375 474 129
438 544 556
294 60 393
391 314 65
166 443 702
272 20 686
247 430 850
616 362 227
582 41 493
4 583 231
403 505 819
643 48 112
367 637 339
389 307 360
391 396 373
160 415 218
430 82 792
675 351 366
226 389 836
493 358 459
302 522 571
426 112 871
148 675 452
474 467 579
303 535 55
575 100 764
182 54 663
575 269 515
495 657 213
109 282 602
393 338 853
209 126 232
132 365 377
667 577 880
263 347 892
422 168 292
6 487 864
333 624 593
215 590 60
389 417 283
539 664 758
646 237 105
699 315 959
400 43 753
228 300 89
20 117 842
644 40 713
186 395 701
220 45 535
535 619 352
630 591 786
653 675 211
584 490 661
446 354 290
579 35 611
171 655 838
281 474 360
507 581 941
651 660 123
687 518 179
67 681 156
25 452 93
297 96 284
211 53 36
589 620 209
177 519 417
480 171 122
9 494 912
327 444 581
26 253 685
123 347 473
675 596 429
24 74 944
424 558 183
389 320 857
361 647 854
697 433 837
138 442 966
156 458 599
314 549 812
114 273 169
94 276 774
440 490 73
593 444 883
252 112 820
38 297 168
477 370 939
599 413 406
285 92 2
486 574 639
253 98 639
466 513 431
239 313 506
398 113 314
86 247 392
91 618 661
153 513 547
210 693 623
216 608 899
204 608 197
318 107 329
605 255 318
127 580 255
454 316 628
259 520 277
295 185 581
372 382 512
65 617 46
470 186 210
149 126 18
287 65 206
462 693 757
101 168 338
369 328 431
366 618 421
433 99 246
366 658 516
454 75 451
156 327 835
538 638 755
684 389 432
555 64 368
307 90 900
243 76 980
413 325 809
188 469 514
615 187 532
365 661 1
113 583 302
659 492 263
198 551 917
105 330 669
618 47 691
558 677 694
338 477 836
291 587 994
531 403 905
540 20 334
675 549 401
400 671 929
491 647 634
253 198 468
254 168 845
605 15 573
201 522 958
353 122 726
658 463 314
213 138 135
581 283 562
277 450 389
477 507 9
668 564 914
415 323 981
352 151 272
256 397 511
274 194 544
58 139 53
339 21 891
326 226 625
476 442 203
313 88 848
497 412 469
200 104 367
236 329 193
1 551 990
247 596 109
375 589 229
358 573 268
482 626 116
519 456 118
242 269 522
43 338 871
452 94 227
651 642 823
243 93 33
85 598 495
262 203 747
402 96 447
529 406 508
408 49 507
246 309 464
557 259 482
200 665 197
397 451 218
478 50 859
10 657 408
353 351 753
404 211 133
105 668 650
634 5 158
642 101 53
668 411 184
302 157 123
464 282 390
108 300 554
15 322 463
590 518 940
289 350 745
181 402 560
212 125 411
447 282 981
16 3 868
375 355 323
459 331 565
283 280 455
357 177 103
634 616 313
445 285 368
592 234 853
369 153 697
244 629 93
630 154 512
41 260 951
460 26 943
503 4 122
656 324 307
521 160 662
225 342 13
200 97 943
494 246 15
700 223 186
590 122 359
509 240 618
530 421 545
8 78 769
70 3 693
491 178 147
441 249 955
166 344 425
587 379 704
203 541 523
496 204 75
641 53 625
509 414 928
24 204 603
563 134 713
366 587 229
386 537 98
532 515 366
252 297 293
341 19 871
153 687 810
646 649 331
323 69 628
486 615 468
639 298 799
266 126 427
642 244 820
275 359 517
139 434 586
609 174 146
153 32 87
64 603 960
304 347 914
206 583 112
225 44 907
588 485 675
516 189 759
561 122 99
699 30 577
448 340 420
265 329 592
390 205 894
33 623 344
518 366 705
201 661 232
618 524 977
225 236 206
25 666 559
601 627 870
368 13 121
685 236 818
315 359 700
84 344 573
565 323 645
3 497 308
340 645 92
362 439 184
350 359 112
498 418 859
355 618 337
484 549 992
623 427 355
505 558 72
680 595 770
180 202 535
185 303 298
632 306 646
672 198 284
170 646 350
687 631 888
624 124 722
585 336 635
458 578 921
409 351 296
681 582 586
539 288 840
264 490 588
549 4 267
127 372 467
293 565 807
682 6 844
376 516 14
45 96 384
201 91 786
536 71 984
668 567 185
444 648 148
116 457 30
500 449 164
98 354 557
364 107 532
487 299 458
135 359 538
265 605 180
557 86 313
303 439 796
605 337 931
173 171 921
307 140 660
470 535 413
23 329 293
63 3 295
90 265 390
316 617 942
206 420 286
672 649 563
698 118 881
184 253 388
401 333 611
136 377 215
20 43 154
127 33 520
258 73 555
634 522 235
74 405 82
492 675 644
219 163 772
162 152 819
570 455 622
197 153 701
496 191 827
1 443 888
451 191 407
62 82 464
425 105 350
520 347 861
338 88 195
283 304 311
156 47 949
205 458 732
433 242 682
375 655 980
533 187 718
452 558 422
597 136 908
639 313 146
261 470 600
110 495 809
130 488 520
647 524 519
152 602 371
662 587 128
232 388 768
338 385 622
605 672 759
599 103 547
28 220 695
642 106 551
528 288 323
383 70 316
148 511 240
328 517 359
209 159 362
576 331 337
407 193 900
379 217 229
100 271 469
77 614 535
530 171 155
610 4 167
593 692 114
383 25 137
243 530 876
328 291 289
389 372 115
562 652 425
130 8 975
235 653 639
601 44 227
8 536 740
8 360 979
621 203 651
203 572 524
438 0 880
686 191 655
670 574 777
308 17 496
453 118 889
416 439 473
468 364 76
568 543 644
355 675 865
16 647 789
252 417 756
112 615 807
275 358 839
638 432 798
662 20 4
332 672 513
285 472 963
338 74 68
627 309 529
237 203 424
270 192 808
295 361 251
354 98 714
2 562 418
430 446 159
382 223 319
358 569 610
354 250 316
461 134 627
502 105 127
606 456 165
271 556 241
544 317 183
299 596 395
110 164 367
524 661 441
442 501 741
448 458 40
122 135 560
521 277 525
351 410 712
167 278 219
167 373 608
155 608 706
635 152 129
382 49 466
605 482 111
673 9 894
58 274 156
634 483 857
269 406 935
466 50 600
306 436 117
547 447 666
600 280 910
31 344 853
298 438 709
553 656 835
681 32 390
441 33 859
553 546 193
362 504 896
686 345 842
416 138 854
329 610 48
601 580 779
561 622 695
439 151 486
67 652 153
279 497 260
652 28 724
163 31 477
608 486 120
286 57 432
233 187 599
31 74 229
661 459 812
231 195 710
302 462 639
127 169 755
490 224 266
182 255 788
698 589 646
79 118 40
379 485 469
37 170 214
185 100 976
261 110 36
321 516 787
13 176 875
493 34 933
378 331 687
215 368 84
440 327 663
323 99 208
380 675 310
486 546 476
289 567 479
607 435 343
674 556 730
109 45 83
287 683 149
411 391 607
304 434 300
191 106 619
224 277 959
192 72 439
648 305 240
428 170 667
327 428 137
692 69 653
604 127 879
688 461 681
199 516 838
598 448 297
388 405 912
302 352 443
526 513 955
252 666 516
563 3 11
525 72 143
588 465 982
389 634 132
66 615 621
477 481 993
654 653 622
591 669 863
94 303 628
451 477 173
438 79 503
446 594 83
244 54 686
232 2 452
213 449 878
564 546 49
131 512 927
374 414 804
299 126 121
496 450 794
260 482 1
114 320 390
401 300 315
483 287 104
586 347 894
481 338 274
226 441 124
434 347 222
480 698 480
124 1 927
246 491 113
201 61 160
256 355 532
609 19 675
390 208 261
633 70 612
655 304 296
664 456 175
291 111 802
393 408 645
220 352 364
517 88 799
391 46 966
416 674 967
522 16 933
667 134 296
176 631 801
580 653 110
298 654 213
583 200 381
601 50 253
232 405 872
601 556 680
212 255 839
172 543 646
179 167 356
607 394 344
570 35 966
301 613 800
234 332 233
429 516 25
599 439 39
184 259 237
213 324 85
662 126 71
38 473 445
282 636 349
93 447 484
320 265 486
531 416 292
483 412 173
34 169 814
269 196 457
560 689 181
644 343 610
506 40 490
530 515 502
78 314 809
34 69 808
469 309 613
124 375 313
451 411 20
315 168 881
675 137 9
235 377 787
155 501 948
309 214 617
245 383 766
268 594 405
378 601 832
280 455 123
446 637 87
688 392 814
167 106 581
512 590 393
111 404 299
112 175 369
429 403 620
416 677 501
91 673 10
194 138 999
689 192 443
501 429 463
81 629 11
302 656 995
102 316 90
276 647 813
218 480 292
579 371 330
310 46 225
303 273 462
82 427 421
258 580 976
385 352 506
501 385 604
528 356 683
532 189 843
512 474 546
419 193 706
684 626 973
230 610 945
0 286 766
196 292 773
172 133 245
333 161 805
107 656 490
64 43 341
374 355 133
482 442 673
67 166 456
657 270 79
594 169 700
532 574 591
340 557 9
200 70 103
13 105 954
197 110 199
523 615 170
499 133 338
253 532 882
455 198 685
307 316 747
456 119 974
640 328 969
413 53 277
306 469 998
6 587 199
316 440 974
396 691 440
357 602 176
445 130 31
370 455 897
277 672 718
268 586 487
204 267 865
221 155 780
97 424 625
186 594 234
47 668 335
43 56 10
520 195 33
646 497 174
13 621 879
512 639 345
311 332 600
371 46 506
616 346 435
131 247 95
212 358 471
322 176 906
401 638 41
691 515 480
542 1 136
606 52 523
488 137 981
56 682 445
178 43 68
350 26 945
57 652 139
6 650 235
470 198 315
585 285 202
296 325 499
229 628 107
588 461 618
230 601 489
539 612 987
512 33 21
638 240 549
238 428 178
688 682 933
45 571 505
218 337 731
154 595 51
67 489 266
636 403 785
59 97 44
686 684 786
422 69 357
38 564 261
340 616 173
601 18 130
55 223 148
481 303 12
219 197 294
105 265 802
211 689 980
690 73 458
394 90 428
133 643 337
264 482 966
608 552 867
12 9 940
62 433 332
700 241 246
647 595 915
83 594 229
445 85 380
140 279 465
274 416 254
412 683 655
465 327 785
330 233 316
412 540 63
157 9 794
482 121 916
304 313 137
555 152 961
594 251 857
580 153 546
408 316 421
445 644 541
438 313 756
260 165 376
667 548 857
479 251 690
637 655 328
350 450 833
181 164 498
47 516 198
634 96 493
637 171 704
490 37 135
466 375 540
211 80 750
503 105 629
685 44 550
317 62 834
133 468 215
184 85 190
261 190 860
186 364 342
665 348 628
673 659 792
462 84 385
152 228 650
675 399 340
552 446 443
194 368 73
60 503 671
669 92 195
245 260 278
300 656 25
102 272 281
240 506 856
541 481 860
388 312 402
603 519 184
395 234 182
423 301 825
225 287 940
211 12 961
400 567 787
335 440 329
126 289 599
161 521 527
234 520 616
380 536 880
404 634 590
367 64 635
340 635 764
214 344 420
388 285 686
483 552 31
622 327 45
674 225 276
156 364 248
153 447 941
549 453 51
212 40 948
65 607 299
457 408 82
211 498 520
50 181 658
208 690 69
159 406 492
281 106 81
639 69 6
314 146 286
29 696 431
271 676 446
437 587 159
375 262 364
133 588 126
493 364 348
161 413 664
211 690 533
167 427 453
383 501 817
497 122 777
102 503 481
442 595 195
589 47 343
85 197 76
576 135 139
257 18 904
147 389 840
161 42 995
500 491 834
269 140 366
160 199 526
519 224 935
329 463 256
97 78 56
277 93 948
433 180 582
616 225 860
243 527 703
555 163 945
477 581 932
90 673 879
51 442 639
408 137 180
525 568 24
202 320 25
28 642 343
360 205 99
658 256 844
283 297 108
112 374 215
556 257 626
363 240 223
684 545 671
593 382 527
108 468 836
318 471 238
377 517 210
224 412 953
317 579 357
398 494 657
615 77 27
582 250 291
23 241 203
556 347 524
491 656 315
369 425 242
566 286 741
322 669 494
662 451 541
578 549 846
408 520 681
459 517 940
482 377 469
328 656 124
374 98 196
211 608 258
553 224 522
672 449 916
682 620 439
489 236 971
177 169 134
449 653 906
169 505 846
108 254 985
67 390 677
407 507 142
188 622 163
667 545 39
240 268 749
22 540 940
108 4 941
426 293 682
9 668 820
394 663 719
139 639 134
68 456 528
664 497 330
42 465 186
134 465 152
410 57 968
287 221 201
298 103 902
250 652 954
15 239 522
609 651 316
348 422 123
201 556 895
508 161 695
356 152 828
110 484 680
672 127 246
418 546 155
220 169 382
356 145 404
203 18 710
290 331 606
495 476 790
248 12 564
376 77 305
370 267 682
26 434 484
396 538 725
249 595 513
631 360 796
153 342 675
382 505 125
440 320 185
512 567 950
3 143 814
102 188 412
432 637 592
177 198 894
199 503 661
3 13 274
577 433 67
87 198 355
156 446 303
66 407 227
598 637 266
351 474 282
513 317 519
601 584 176
346 486 654
337 599 329
126 632 799
362 238 612
166 543 704
104 86 56
41 129 341
512 667 241
68 539 651
314 191 907
138 3 859
584 198 738
391 405 999
274 346 980
23 377 552
362 466 167
228 639 481
357 320 111
89 631 493
175 476 301
166 67 832
339 394 341
552 502 831
559 526 443
509 321 375
310 181 398
420 312 675
268 473 175
671 33 921
577 183 203
175 91 965
495 37 46
180 233 889
617 214 724
68 74 725
523 312 974
17 39 983
618 228 591
56 666 849
609 255 947
145 306 268
545 597 298
398 681 345
634 669 798
47 370 160
318 272 780
148 82 621
530 654 667
371 225 489
442 670 946
653 520 649
117 352 453
636 357 671
112 451 288
643 45 474
32 38 564
102 118 837
491 606 895
522 274 415
364 318 734
505 180 219
352 37 277
447 342 467
311 189 608
431 637 471
312 537 255
158 272 209
87 408 83
528 72 830
57 394 357
144 95 363
155 673 910
510 187 658
617 291 47
573 688 815
50 342 909
317 284 681
494 454 316
281 625 716
576 481 665
247 472 898
615 642 121
182 683 156
40 433 797
491 366 786
463 550 942
149 291 374
621 8 692
408 313 587
535 654 646
593 501 337
161 301 795
654 617 750
495 581 801
214 516 867
279 432 33
275 336 99
14 376 7
348 119 602
512 508 586
566 590 529
150 167 600
230 453 594
138 149 704
669 101 339
589 282 185
121 589 62
625 19 442
125 527 164
267 391 177
682 125 115
21 656 458
340 9 709
125 555 978
666 25 967
211 565 750
175 402 501
181 50 277
354 619 99
544 382 24
187 296 736
63 310 711
314 700 762
640 336 703
321 678 270
628 529 208
306 556 169
56 241 265
63 514 216
460 627 476
107 306 947
89 59 403
673 449 512
631 207 286
195 592 229
631 508 233
597 327 731
308 6 687
624 207 849
483 319 567
431 150 600
321 33 834
57 156 159
218 246 726
177 452 447
565 562 58
292 64 225
207 223 648
85 5 141
143 302 391
179 168 564
405 157 122
462 538 907
638 576 384
58 144 523
324 687 620
326 636 802
166 129 506
217 413 513
396 491 340
256 131 861
91 410 968
67 649 939
70 659 570
662 75 977
483 99 68
376 244 838
194 49 30
556 328 977
386 192 218
60 45 804
297 502 122
698 228 75
345 660 373
581 624 250
537 199 51
534 243 676
178 79 958
306 7 874
203 633 784
505 583 654
43 294 77
212 252 226
682 683 17
493 48 261
561 107 924
365 75 920
474 307 658
195 467 513
481 310 553
487 659 616
96 247 845
384 268 128
699 419 363
554 265 488
528 602 723
559 158 209
326 586 104
50 153 919
552 672 999
617 688 928
476 67 938
94 496 502
189 136 830
605 696 339
229 593 926
162 298 269
623 237 267
652 226 162
249 392 319
658 451 733
11 180 195
576 585 121
501 187 983
552 585 493
603 497 631
405 192 151
156 339 303
615 318 784
63 265 468
390 482 784
644 125 861
434 207 299
595 246 940
647 658 325
264 595 187
678 77 190
494 110 488
394 696 88
164 61 100
245 431 624
364 177 819
343 446 570
59 612 253
36 190 272
76 154 69
611 173 742
605 114 497
37 24 40
507 239 32
530 620 66
540 651 381
290 426 949
383 205 383
436 112 652
23 603 721
346 297 683
2 40 301
445 298 461
568 183 500
242 129 882
458 308 945
430 587 534
674 602 145
410 9 406
87 592 884
326 593 122
288 541 359
544 141 720
555 150 356
532 312 901
352 635 13
505 589 245
171 167 231
262 563 111
639 68 511
488 61 375
160 316 224
138 425 668
85 303 686
401 457 279
553 488 550
412 101 136
644 65 886
207 233 132
554 511 405
389 331 135
23 515 476
470 668 900
126 534 159
459 262 205
683 79 795
491 316 849
79 481 293
358 105 208
207 481 790
160 396 394
605 545 956
543 121 717
552 263 637
57 436 895
682 691 446
667 296 938
100 574 66
241 573 450
581 163 127
17 686 895
640 452 596
61 147 532
586 12 560
664 228 692
62 233 462
605 454 103
557 587 965
664 13 214
432 275 460
56 368 434
256 621 966
59 459 190
242 42 363
290 504 220
585 122 74
569 670 52
211 663 346
106 546 625
501 693 779
351 196 655
47 346 110
375 501 161
79 609 174
16 338 922
113 429 9
380 461 218
200 556 313
228 69 356
414 417 833
207 450 710
240 138 725
374 464 806
413 580 903
430 326 227
242 485 458
161 151 613
526 642 438
135 661 495
378 405 221
2 574 766
403 471 413
285 56 26
341 667 450
146 292 331
480 647 917
244 446 852
68 603 543
695 479 770
587 238 956
304 233 331
502 447 590
331 461 186
621 360 278
433 312 986
383 395 106
71 625 227
361 13 605
522 212 963
253 604 710
578 361 993
189 290 501
644 428 1000
388 686 62
419 587 415
255 672 221
657 254 67
176 643 238
569 368 998
151 186 908
247 268 278
235 367 488
135 426 368
141 294 76
287 541 570
301 205 724
46 420 259
276 261 693
262 27 949
281 415 764
264 656 499
244 318 699
685 440 399
2 343 312
124 64 536
486 632 933
113 490 343
54 232 859
641 636 437
60 473 883
638 356 332
451 694 509
438 70 939
490 129 430
508 19 443
321 245 377
565 627 447
667 581 429
570 425 2
242 333 215
40 505 342
354 3 171
591 199 828
93 302 606
55 633 936
265 67 654
610 55 723
480 347 574
498 352 470
20 489 832
635 530 116
125 496 465
396 231 31
606 37 215
120 181 273
476 371 828
122 367 28
182 630 430
110 198 667
12 203 558
243 197 431
227 414 272
608 677 370
221 278 822
633 575 326
661 307 639
622 38 139
99 390 350
351 85 414
333 215 650
593 483 812
483 281 279
32 327 834
603 324 682
84 289 399
198 524 946
60 175 211
98 344 29
296 266 264
533 389 463
659 141 493
68 273 539
410 157 517
680 565 153
676 176 635
297 596 517
149 623 197
505 331 566
549 352 791
129 145 718
645 607 759
456 325 792
150 680 171
298 15 310
250 586 518
526 1 584
95 367 608
212 413 450
326 680 925
159 500 719
523 214 140
107 66 72
313 443 890
285 175 624
64 257 476
85 10 693
135 14 911
28 106 625
68 386 765
84 549 79
103 492 27
48 102 548
191 581 203
342 570 571
549 87 20
51 66 363
4 147 37
133 642 482
399 491 731
487 290 886
58 153 648
139 596 213
536 448 779
357 418 631
501 43 15
219 217 52
192 692 608
615 394 645
46 548 815
593 419 343
279 166 603
457 275 511
418 266 211
453 655 546
415 388 981
121 220 880
693 584 645
544 531 600
93 407 853
253 324 496
310 27 85
490 471 714
483 364 264
314 520 834
466 71 343
696 326 695
34 261 265
378 138 853
210 265 239
97 318 508
130 110 612
254 447 901
150 596 542
550 69 44
87 609 45
42 9 964
49 245 204
562 98 81
355 197 326
671 198 99
83 194 380
493 228 200
548 519 78
190 579 361
665 190 867
20 329 844
551 495 857
0 465 313
249 478 245
469 605 535
132 483 728
306 9 159
437 514 790
85 506 181
256 170 154
546 149 751
697 281 756
606 170 606
356 261 673
671 423 930
34 586 941
318 345 429
368 480 651
446 673 933
79 285 602
410 371 884
415 511 118
485 49 169
55 192 781
235 157 472
661 227 271
281 530 453
632 275 128
67 478 879
75 686 152
656 536 464
444 652 478
355 127 110
144 629 383
313 173 15
19 503 803
546 85 866
591 290 974
301 107 606
414 240 876
474 77 727
35 110 826
438 505 627
457 459 58
472 42 338
114 579 370
570 542 527
9 452 853
47 552 2
376 674 227
338 49 569
261 95 494
123 413 654
231 171 104
595 120 917
5 156 524
666 435 267
431 409 426
513 78 102
218 29 965
574 450 664
624 334 603
356 45 565
107 222 829
142 605 417
351 185 244
591 334 293
67 149 175
17 280 734
136 124 477
115 174 15
650 127 136
67 399 941
355 567 852
124 689 449
35 266 418
350 534 149
91 580 778
227 121 89
47 595 798
671 324 671
273 147 809
296 665 141
227 394 183
206 12 168
487 607 824
174 356 707
390 522 510
168 628 406
255 333 563
326 42 87
623 457 780
83 116 958
37 559 288
21 661 554
295 271 625
661 490 733
644 53 986
99 201 949
203 310 152
575 622 554
459 382 82
402 689 189
388 445 481
76 284 224
61 190 391
129 540 44
656 242 576
528 25 344
55 533 294
173 502 668
516 670 135
510 479 402
123 617 938
121 691 604
50 305 89
569 406 46
377 409 436
118 339 808
368 121 290
358 50 200
661 315 450
482 524 763
586 503 253
470 380 887
350 226 561
147 461 601
119 424 152
555 36 668
469 619 669
539 613 981
488 162 622
668 65 12
294 686 130
271 143 101
585 489 174
88 690 638
293 547 678
626 27 616
281 338 332
124 562 523
626 110 374
38 262 818
250 606 787
693 638 988
63 53 793
456 472 128
461 502 713
378 282 490
345 241 301
286 639 524
613 79 963
178 385 97
112 340 353
98 390 664
352 332 611
332 455 437
673 676 145
216 14 41
674 146 768
59 68 258
495 246 737
247 160 778
113 621 812
64 308 316
687 168 734
362 177 633
10 28 420
377 407 309
492 353 51
413 672 254
324 547 14
509 678 902
454 696 11
565 172 202
512 14 205
172 120 215
120 159 158
473 501 759
509 153 64
669 463 9
577 415 95
172 383 752
374 303 469
578 648 492
503 173 26
377 270 467
258 616 304
402 622 985
625 516 336
186 389 552
404 636 26
681 145 523
441 295 760
565 613 246
189 632 470
512 382 943
645 222 810
675 287 528
136 292 946
82 451 179
73 642 403
219 636 764
173 304 832
514 10 263
670 442 922
243 433 109
631 429 594
328 608 265
665 140 957
633 381 950
488 60 299
505 649 274
379 531 428
291 156 243
338 649 643
36 63 801
508 134 269
483 458 989
361 304 256
511 367 376
277 259 165
69 535 601
410 382 578
361 435 112
403 388 259
593 670 771
454 347 405
622 393 639
249 317 776
644 199 8
246 559 608
74 316 106
7 397 851
0 559 577
166 558 75
645 303 126
285 404 676
365 427 858
135 119 443
235 461 1
667 599 150
573 16 547
85 24 294
195 510 970
588 15 558
46 156 235
243 120 231
570 263 514
478 698 914
224 143 544
483 426 583
166 219 752
558 301 945
32 651 91
49 663 460
477 322 172
404 603 284
590 495 991
539 41 193
323 180 721
355 36 361
182 137 751
484 293 104
350 99 437
676 582 576
214 554 314
376 144 116
399 252 312
505 196 667
42 125 916
548 243 11
603 693 224
109 272 746
266 290 598
150 382 392
599 87 125
173 6 533
261 221 432
700 84 33
569 647 342
100 313 820
124 642 469
226 412 359
438 484 406
163 577 412
488 297 374
53 120 911
400 395 394
620 282 466
83 312 703
41 178 214
568 21 345
631 545 668
566 175 357
340 127 689
564 386 731
647 393 44
435 337 405
335 424 242
129 424 53
474 122 445
528 334 587
322 87 569
634 105 101
427 535 33
359 147 534
589 404 992
12 264 326
57 673 431
36 547 372
623 348 922
590 504 850
613 390 262
421 537 425
4 458 986
605 519 503
170 140 858
609 622 40
661 345 283
661 552 500
575 483 892
41 458 126
601 444 434
408 229 158
438 617 797
176 422 799
324 534 431
356 347 956
549 300 391
107 153 280
252 413 266
275 167 929
109 485 494
657 340 754
558 174 14
642 482 794
241 255 10
182 196 515
363 234 898
202 486 875
64 676 952
47 658 8
3 652 587
643 410 326
586 582 480
162 565 959
525 263 101
581 65 222
287 222 306
412 309 270
124 376 86
49 571 575
282 536 892
667 296 722
292 108 403
582 564 616
339 165 216
97 443 274
89 155 203
22 683 94
101 443 125
506 406 961
582 515 419
134 308 904
37 136 201
523 656 655
162 101 701
697 697 663
116 456 193
86 389 467
481 258 558
172 117 94
23 135 358
494 486 805
617 423 718
445 313 710
13 53 103
676 699 430
143 315 473
321 517 650
49 415 904
467 379 280
406 224 900
437 243 157
614 453 539
102 318 719
389 50 260
436 557 720
311 441 923
286 373 165
258 514 911
628 372 745
309 56 484
12 100 62
326 136 407
386 420 785
0 253 972
510 22 306
396 23 399
587 216 296
124 683 690
629 86 911
109 286 337
210 293 554
365 335 713
134 22 215
91 488 460
402 435 441
688 166 590
437 487 817
28 649 619
184 162 705
221 322 382
412 278 586
513 444 189
658 444 47
507 94 38
626 469 947
464 221 163
429 604 35
310 458 861
397 102 766
459 165 790
251 330 964
643 597 659
664 442 672
187 3 576
178 296 767
453 607 111
596 142 746
503 576 3
25 648 361
700 193 178
644 175 940
533 469 724
67 231 119
522 205 152
519 258 124
573 120 882
462 576 599
686 18 734
647 576 166
464 300 469
205 592 337
679 436 607
68 427 162
4 384 529
615 677 853
126 47 392
173 397 648
377 116 546
357 324 934
268 301 765
419 175 670
0 643 700
141 611 679
196 531 779
350 400 955
128 420 308
422 614 374
296 295 731
500 563 376
699 500 108
173 219 41
94 152 24
370 16 695
511 44 784
523 379 902
697 547 193
247 516 148
104 341 652
539 509 516
488 385 257
76 29 645
83 582 516
229 256 154
106 197 618
561 691 615
20 259 81
131 289 963
323 292 725
359 343 153
78 461 885
315 161 735
634 136 339
43 404 877
418 276 597
305 319 953
569 275 885
620 523 571
440 408 456
623 559 976
614 444 623
472 565 3
648 406 648
633 204 149
518 659 149
217 2 980
483 306 472
667 252 762
607 243 209
352 38 744
134 203 120
394 506 943
57 519 841
533 187 0
300 607 815
682 626 645
472 180 334
112 395 265
256 133 183
60 697 707
668 449 443
617 501 575
56 601 641
67 611 253
446 78 465
303 671 279
198 661 516
321 91 440
635 566 592
389 642 391
462 632 389
295 120 394
223 336 539
211 456 591
623 349 544
182 437 33
460 87 979
244 123 97
581 512 240
362 55 419
685 638 888
667 691 146
100 81 192
652 193 283
609 154 444
386 257 653
342 507 920
512 193 500
374 665 263
94 305 910
274 284 829
425 516 152
691 127 345
564 55 445
362 503 252
479 113 213
111 228 412
111 572 628
607 203 697
396 118 762
491 96 970
266 6 733
630 66 812
626 505 10
38 404 278
423 535 207
540 677 197
171 562 265
149 644 828
229 580 252
22 138 700
536 514 842
630 697 932
477 367 887
136 354 234
149 266 298
526 614 385
120 553 241
141 642 957
104 510 72
536 224 770
141 276 968
66 637 264
633 441 863
110 51 999
690 96 713
683 371 691
255 170 524
630 226 859
236 248 519
294 300 299
154 220 625
213 629 428
18 256 410
14 423 335
44 415 329
38 262 380
175 173 759
519 337 198
422 502 14
353 651 668
497 170 689
202 85 931
311 212 484
692 539 69
571 630 560
627 407 789
130 675 536
463 487 288
673 463 15
665 625 666
521 132 680
147 118 747
475 349 446
441 28 441
561 643 602
489 361 749
159 184 303
698 514 404
211 291 5
591 481 119
347 467 681
529 241 146
114 82 576
665 332 791
36 226 306
183 165 764
560 503 793
72 103 578
295 278 866
121 408 306
391 197 707
343 221 296
583 686 143
589 216 890
151 574 271
364 371 255
472 166 295
200 144 494
349 612 245
202 62 146
350 438 598
684 185 386
647 321 322
338 157 899
551 533 126
291 683 512
189 632 602
618 485 574
156 584 212
33 688 814
47 509 720
147 286 986
162 615 785
436 324 846
87 562 136
242 578 225
48 616 988
532 303 134
37 46 371
108 21 856
297 234 102
495 669 220
506 278 122
98 38 781
101 279 163
39 123 110
238 39 367
126 600 52
100 256 182
502 252 990
410 183 353
90 10 109
676 623 639
254 691 491
477 126 188
18 335 108
414 317 298
435 225 977
384 654 209
447 358 799
414 16 910
176 434 457
5 607 136
454 399 564
101 662 397
172 304 17
114 389 964
493 503 501
370 581 445
300 309 888
459 76 913
401 550 636
508 484 145
34 128 599
542 604 732
606 36 623
75 382 772
187 204 57
278 437 714
469 382 291
675 624 451
229 419 276
228 520 986
456 132 89
369 509 768
536 608 408
618 192 944
483 684 665
433 126 383
395 409 221
322 382 563
665 696 313
312 213 195
605 105 169
316 684 121
104 179 904
416 369 717
411 16 559
571 351 952
318 545 484
160 165 290
549 480 836
621 102 700
410 433 248
664 218 141
491 227 988
500 548 894
222 103 231
229 528 803
588 128 776
543 48 762
154 106 881
575 65 493
667 46 962
388 240 726
695 478 291
457 664 385
691 616 541
421 303 271
474 576 425
473 438 111
576 107 654
628 115 872
287 410 502
52 212 53
281 140 772
208 654 792
609 648 828
469 218 417
155 499 516
523 418 290
455 596 270
224 489 245
122 518 298
221 240 501
192 378 47
386 655 430
78 439 794
657 560 653
512 484 128
323 474 243
293 555 158
379 441 234
471 7 889
412 15 42
324 497 704
40 395 82
422 178 790
405 235 174
52 69 750
292 673 633
344 125 833
291 529 902
411 74 496
77 272 2
584 608 760
627 206 188
666 58 795
326 599 322
396 125 652
450 620 487
623 222 570
492 178 806
154 186 140
452 326 650
60 506 188
505 694 989
136 691 516
222 567 962
51 559 291
253 304 365
548 244 902
67 175 544
73 294 39
484 320 151
479 292 105
661 538 777
360 472 46
351 690 446
698 457 980
552 691 146
530 385 405
122 186 681
431 402 171
215 452 730
606 474 985
421 372 455
114 556 688
213 59 984
19 31 824
286 86 556
82 281 952
36 180 860
8 366 920
116 149 348
197 690 527
327 612 609
604 216 679
590 292 612
530 326 374
28 678 111
36 331 244
74 319 540
271 583 595
299 200 21
278 536 600
346 631 619
219 174 199
6 39 712
208 133 88
182 22 950
106 133 329
646 237 973
378 220 109
548 528 394
698 342 437
118 624 447
230 72 757
73 609 618
150 160 881
68 550 339
57 26 204
565 107 705
612 551 307
70 624 830
48 391 637
342 155 744
610 249 452
169 534 146
434 298 660
489 534 505
392 201 763
452 429 329
445 91 48
342 378 255
489 30 999
407 620 50
515 54 892
674 658 465
615 394 223
112 156 747
349 124 377
136 297 874
285 41 855
681 661 317
331 195 51
287 327 914
258 367 212
319 45 636
269 530 838
162 481 699
521 68 201
385 219 167
397 6 783
45 581 751
5 419 635
171 276 711
688 554 898
545 132 766
79 354 921
388 327 717
441 463 750
620 611 683
14 491 149
307 387 415
558 77 635
444 246 119
173 386 886
663 531 813
410 669 929
503 498 533
300 347 773
298 423 790
216 480 437
228 477 637
14 6 602
91 293 967
148 50 340
535 398 988
230 672 255
111 377 556
616 118 128
128 572 791
184 397 573
86 408 489
23 564 757
299 519 337
77 271 320
265 179 14
634 469 477
277 326 402
371 151 690
194 563 87
218 576 890
35 439 439
462 225 221
250 92 735
285 180 34
418 159 115
625 585 960
665 390 830
360 403 538
307 4 824
488 247 201
155 76 223
272 532 311
308 20 223
529 420 529
361 50 666
175 477 49
675 582 50
247 698 486
261 253 767
212 127 923
311 152 217
522 188 909
682 558 52
644 486 23
43 323 376
515 289 575
252 437 930
267 62 921
551 500 621
553 609 260
521 115 698
327 282 893
5 616 559
214 501 422
232 66 782
433 463 936
296 404 592
161 78 161
360 624 25
275 649 781
367 557 658
400 627 986
477 219 6
335 404 37
528 567 789
590 474 392
274 339 63
113 676 400
187 508 796
28 252 139
422 380 915
386 25 906
86 90 374
19 596 526
313 641 460
612 671 955
445 157 854
393 577 430
312 355 532
170 547 9
124 614 408
563 598 728
504 216 243
595 436 933
408 61 130
662 581 48
571 152 703
459 630 343
2 348 66
28 413 387
443 123 973
643 15 9
552 53 132
409 646 100
659 588 644
32 40 25
53 335 902
160 448 677
290 147 585
316 496 962
218 451 667
427 191 951
452 208 739
478 629 49
613 467 436
599 57 279
372 484 856
298 695 133
51 132 542
658 615 744
469 172 201
252 119 735
519 700 616
252 475 497
359 166 628
282 635 865
60 199 16
56 299 201
231 507 586
43 136 677
38 265 507
448 67 340
148 115 575
126 654 565
122 104 802
356 95 206
156 442 658
395 34 397
311 27 447
233 89 249
245 504 949
407 425 320
664 700 347
619 160 770
355 192 868
684 681 270
381 435 766
628 547 973
420 696 693
590 265 922
211 354 537
359 132 865
248 414 488
43 99 399
57 264 860
82 93 816
369 566 98
265 682 597
356 166 129
539 275 480
391 123 687
450 113 108
295 557 810
40 665 41
59 28 854
636 387 154
373 289 306
478 503 971
659 534 940
680 309 85
536 637 313
593 316 607
244 320 581
454 618 539
548 48 37
90 466 370
499 578 125
219 440 61
256 649 535
444 487 967
644 45 52
333 94 288
49 694 834
172 454 905
475 70 557
242 132 23
117 288 626
583 503 261
245 12 64
657 264 710
79 37 88
178 74 403
65 271 23
183 494 366
372 314 38
217 490 358
502 74 431
225 95 493
460 330 135
246 250 527
444 606 968
133 620 644
22 109 240
192 400 662
485 390 369
133 55 274
529 103 711
237 86 386
19 441 411
239 73 962
632 699 389
671 622 643
537 135 931
268 457 643
222 556 229
535 618 415
318 83 148
581 87 598
297 300 552
303 373 581
591 96 858
584 58 457
268 260 41
247 265 880
485 538 924
210 250 965
164 613 304
43 314 492
245 511 364
147 585 533
125 70 601
381 323 995
459 270 249
64 285 14
674 435 288
271 45 511
632 294 877
286 20 516
678 538 863
692 314 101
581 286 342
306 274 873
542 396 345
698 449 784
213 272 599
411 408 535
7 122 11
49 331 59
274 359 563
308 440 945
286 642 739
268 638 316
390 414 298
412 66 532
578 246 623
335 146 606
237 602 715
244 303 796
578 126 307
245 135 624
528 686 683
647 450 848
372 561 562
320 262 567
441 11 626
159 21 704
600 133 184
432 124 515
89 362 413
446 13 278
27 230 375
240 387 697
318 589 6
49 249 469
245 248 384
259 132 176
227 514 849
224 582 898
192 610 717
452 279 49
659 346 103
348 616 709
214 263 543
566 250 166
346 20 489
15 505 442
575 604 736
235 486 36
208 530 453
539 101 124
177 234 932
342 384 120
147 460 760
535 438 162
606 359 623
138 476 846
642 103 417
358 519 167
474 197 711
300 267 634
238 476 637
690 28 441
351 197 860
364 267 957
214 263 155
146 649 146
402 433 148
521 297 50
83 358 242
347 158 93
580 121 543
519 403 581
295 112 579
37 674 642
657 277 462
680 97 515
222 436 954
266 325 297
519 18 880
593 91 96
320 583 848
651 222 668
371 568 436
544 32 326
423 587 970
582 122 696
469 130 866
7 461 392
223 283 593
147 235 211
117 203 814
655 489 636
527 580 505
516 440 799
193 672 428
315 315 391
531 558 108
115 8 316
297 663 916
566 457 120
115 607 15
394 217 772
418 608 795
202 266 574
501 409 521
84 564 8
663 163 481
47 399 144
359 700 656
613 341 831
401 291 662
655 42 383
29 221 151
385 399 84
277 626 600
626 125 931
445 250 112
608 17 79
509 518 180
542 324 979
411 129 430
19 594 809
314 570 576
363 477 694
542 259 444
75 474 773
279 39 140
101 240 878
311 388 183
370 177 919
142 438 819
483 670 581
573 97 148
178 276 697
385 260 232
626 351 879
226 599 522
259 110 596
31 309 308
210 361 865
625 67 361
190 228 333
648 342 263
467 127 335
430 655 755
10 335 931
488 543 566
222 529 102
411 568 636
553 68 976
545 626 807
519 104 760
291 581 531
585 402 45
97 657 272
524 422 271
176 186 911
473 401 547
102 410 200
256 503 705
22 171 440
286 446 219
227 304 711
540 312 85
671 88 335
631 556 657
139 409 622
673 652 822
99 661 425
281 528 734
616 198 406
111 523 118
403 372 427
372 527 853
33 615 174
675 533 665
528 550 192
23 653 515
686 280 60
242 463 636
380 498 6
225 685 219
192 603 654
322 107 995
662 309 769
337 332 303
100 108 59
280 164 955
252 190 225
593 383 433
12 195 799
399 371 378
479 537 779
163 629 593
661 456 436
500 276 720
263 561 678
30 670 1000
165 248 387
533 526 470
198 22 109
333 602 360
342 551 83
235 39 983
63 356 423
151 364 819
406 500 495
187 576 912
330 194 123
655 85 680
94 501 481
325 577 825
530 651 570
695 126 587
268 694 835
641 79 903
117 93 694
500 415 428
436 202 442
400 106 886
172 175 33
700 134 824
125 644 284
501 112 721
280 361 631
4 421 966
651 14 713
117 637 344
385 448 465
39 42 759
573 616 851
698 617 856
556 189 339
138 332 111
205 320 584
597 386 676
655 535 911
677 536 745
238 678 590
293 539 897
265 546 144
384 499 451
351 567 618
342 459 100
655 31 77
528 449 516
562 188 385
126 700 295
294 397 657
88 676 275
669 235 841
365 437 682
502 239 532
107 140 692
5 516 297
31 463 298
235 125 912
430 288 247
44 467 902
301 343 903
367 404 959
37 661 725
289 199 245
130 302 122
297 305 991
666 254 955
114 481 76
693 307 546
94 506 173
617 61 360
107 620 517
57 531 706
643 229 801
673 410 470
545 93 905
683 285 586
37 367 563
166 128 689
48 602 561
651 411 503
513 165 136
380 383 567
148 32 245
197 235 294
31 149 480
199 544 835
405 504 103
144 431 240
607 261 664
38 218 346
411 451 125
687 443 44
29 528 780
189 263 546
396 341 28
80 500 658
113 382 942
297 186 313
450 319 655
682 551 992
327 121 694
578 103 480
565 700 302
347 192 942
202 610 921
326 612 590
280 463 321
629 92 740
201 244 799
38 203 7
655 159 872
349 468 117
627 230 487
467 165 164
149 152 475
487 475 421
359 585 622
220 480 882
0 39 850
288 682 771
220 13 512
532 344 381
146 202 201
337 647 270
317 540 601
429 586 890
448 167 334
587 56 633
72 605 557
65 475 928
451 571 556
306 570 589
66 37 448
140 88 938
35 412 689
341 169 410
519 137 434
218 537 20
409 452 1000
462 263 73
141 560 155
622 27 326
54 203 637
666 332 858
132 74 18
490 219 967
486 75 604
317 298 279
679 700 920
374 656 478
360 419 803
239 86 343
378 512 330
564 544 199
119 249 73
219 403 902
677 133 629
322 298 319
212 480 709
154 174 811
436 292 359
157 346 365
347 675 635
130 479 711
652 489 320
137 24 254
507 59 735
37 500 646
72 22 411
1 150 151
73 465 924
578 134 750
524 329 828
485 126 374
28 581 176
464 23 828
501 477 6
105 436 348
336 277 274
511 478 452
4 10 181
224 225 31
409 522 627
380 548 532
675 569 188
241 173 153
268 687 444
127 625 596
510 310 77
101 6 853
691 659 45
300 99 192
69 233 174
132 333 697
165 21 849
656 597 59
417 112 893
693 464 248
564 700 55
312 640 385
217 315 307
296 463 600
494 418 869
171 404 175
675 683 222
61 408 854
509 466 535
417 599 384
577 502 984
613 374 485
663 442 627
171 551 259
440 475 878
401 667 760
335 364 608
50 255 573
52 109 336
594 368 652
104 350 842
407 346 935
234 107 905
408 222 656
352 348 34
298 382 675
628 498 466
487 236 538
529 395 41
256 501 332
546 468 6
49 118 709
53 574 15
352 60 998
681 319 552
184 436 420
632 34 138
541 623 204
59 226 365
86 260 957
142 662 370
479 146 96
595 467 989
404 313 314
351 699 81
492 607 579
415 15 429
433 549 883
145 232 220
51 527 192
520 237 578
166 639 927
574 154 690
643 77 686
279 282 348
662 316 291
219 529 359
356 277 780
128 291 311
345 630 447
374 698 156
46 387 751
627 387 24
45 129 106
568 70 329
441 428 493
45 546 355
129 7 125
480 349 542
503 568 255
102 70 268
397 209 806
107 555 494
487 380 952
568 367 842
552 543 569
682 243 836
325 12 842
45 343 110
97 251 561
694 683 655
627 422 957
533 641 793
29 38 294
387 271 74
311 383 74
376 461 469
591 244 948
300 556 492
543 344 632
10 269 475
641 649 600
308 304 83
152 483 247
534 512 427
24 526 991
633 134 255
642 94 462
105 611 258
178 582 100
161 136 792
156 526 592
668 313 203
346 574 748
117 308 731
242 74 201
383 203 786
207 557 670
91 639 713
644 163 478
522 487 725
613 123 278
70 308 666
38 65 823
48 342 380
577 587 212
315 694 23
301 542 18
39 188 369
329 607 791
599 531 691
236 65 921
437 596 601
366 326 888
1 172 544
143 247 942
348 651 627
546 13 443
487 643 775
301 688 936
132 578 775
281 634 581
135 505 693
583 94 59
166 261 751
322 427 203
581 280 722
362 682 215
71 98 274
377 365 834
170 374 420
37 618 388
19 314 493
560 595 223
263 354 855
532 267 544
101 153 217
124 306 532
420 402 796
333 1 369
507 264 699
446 643 419
149 567 945
680 251 924
515 179 414
697 255 769
340 59 757
122 476 215
84 421 383
327 697 209
190 142 98
256 504 982
327 539 145
258 101 311
656 527 321
75 286 664
381 252 954
328 415 579
655 29 490
405 23 151
661 648 933
509 179 227
163 158 825
681 81 602
318 564 813
389 536 554
649 378 896
387 670 443
233 493 195
311 256 413
668 632 735
404 359 848
556 684 959
56 499 629
233 172 985
9 36 977
347 352 648
305 95 508
77 282 522
306 22 483
411 418 829
142 666 560
569 216 50
267 58 528
155 348 409
681 98 840
102 143 687
14 540 251
210 555 668
170 126 981
116 334 482
649 334 147
339 36 474
22 73 945
63 372 591
521 124 47
249 669 290
694 282 178
498 319 55
539 291 212
137 589 79
468 97 686
515 580 664
476 537 955
623 130 877
556 623 690
190 597 192
673 403 720
57 74 393
540 504 947
304 234 893
652 181 797
630 291 320
12 283 659
350 22 594
583 23 747
324 165 305
531 592 495
445 695 762
619 404 103
157 457 51
332 136 96
212 117 477
491 455 117
17 448 636
394 184 273
337 83 72
687 222 244
351 571 588
365 375 934
216 51 360
508 600 679
155 546 544
572 131 935
559 612 297
110 539 796
415 489 855
67 46 735
112 110 945
119 173 611
162 191 827
183 483 355
682 404 789
355 199 846
331 165 984
449 237 336
372 663 191
299 275 72
603 541 660
4 148 638
256 171 214
353 5 729
386 470 562
491 593 355
621 439 378
158 176 433
475 308 554
403 505 242
602 435 868
431 107 255
409 130 428
454 199 966
36 221 254
464 324 675
78 421 289
633 651 936
278 551 900
286 638 658
424 169 912
34 11 697
560 369 388
654 141 916
533 566 283
154 275 609
89 45 557
320 673 487
311 316 67
314 685 4
332 194 118
218 236 875
611 496 258
101 102 147
8 72 131
587 683 676
193 343 553
433 434 875
640 453 297
562 465 80
107 652 546
625 261 349
670 419 262
34 265 788
178 391 635
247 110 111
160 426 98
290 671 439
483 675 641
664 430 337
447 254 497
613 590 500
117 333 141
683 114 216
678 571 547
255 251 659
235 361 743
527 60 768
82 482 246
673 353 921
155 223 332
559 408 300
255 188 645
23 47 394
85 296 78
600 608 935
299 523 732
94 81 626
113 700 416
220 386 889
51 510 158
187 201 222
431 565 620
607 3 91
544 142 923
302 657 747
348 218 393
264 8 529
108 474 703
383 211 997
16 23 682
304 674 679
411 292 883
667 428 610
296 310 925
92 313 409
143 231 495
511 530 826
344 442 510
133 165 236
297 649 820
623 546 824
682 2 231
626 388 103
175 265 891
474 523 123
135 527 874
677 215 630
586 13 808
80 36 378
447 229 863
688 386 306
120 305 568
614 176 382
174 279 499
321 683 327
244 2 591
125 504 431
417 125 79
259 605 5
357 527 614
547 98 38
351 30 703
534 662 164
679 128 56
90 435 354
19 315 120
32 111 5
2 351 917
37 431 845
296 161 673
547 47 117
480 216 177
298 64 701
373 17 6
50 488 31
666 611 233
592 288 14
375 4 845
161 181 23
471 498 602
608 193 912
420 452 798
93 382 443
103 643 911
593 310 101
135 47 686
522 342 18
30 594 881
90 266 401
700 671 606
439 316 478
346 676 708
13 607 94
420 674 487
680 342 575
608 574 457
548 196 128
104 523 930
581 164 491
184 294 372
56 421 426
615 545 209
345 487 733
577 436 862
527 372 581
1 373 595
256 604 745
471 326 383
382 31 682
8 648 848
349 521 950
242 33 384
462 353 196
13 678 962
131 116 275
64 257 218
189 549 418
142 473 565
278 3 161
362 155 979
7 631 862
42 590 462
503 607 215
226 400 448
631 597 684
118 193 598
697 455 633
157 55 10
57 71 75
310 444 104
72 698 594
67 42 256
83 333 496
595 415 102
623 141 221
292 602 560
510 166 520
617 181 655
670 203 220
44 397 884
20 563 57
51 237 127
132 602 235
640 222 605
313 486 448
494 88 320
249 625 297
559 134 183
418 441 265
100 422 644
615 298 722
319 535 730
251 567 459
343 303 680
330 276 776
604 160 236
13 619 460
655 582 357
669 485 686
519 338 509
507 248 277
235 118 343
163 127 304
172 46 124
455 401 156
315 636 27
480 302 782
599 174 125
138 165 215
576 331 282
32 2 316
335 695 56
383 50 281
673 65 622
490 11 605
232 673 672
251 215 82
586 213 995
411 469 937
449 109 869
342 386 517
338 541 40
665 130 421
384 530 327
586 247 868
84 454 479
372 292 27
597 348 48
137 337 25
344 104 51
230 163 155
644 291 418
410 83 779
152 151 1
339 542 493
147 407 722
238 95 95
430 271 149
225 120 277
520 36 444
171 619 555
689 376 878
282 619 736
632 349 900
600 540 730
700 407 972
575 315 298
402 230 35
284 595 464
352 314 695
679 573 505
321 545 281
59 88 118
234 352 874
360 399 778
597 482 315
479 18 772
123 38 833
120 235 686
669 239 950
382 606 11
438 135 820
244 371 116
636 435 143
136 527 299
14 616 888
404 76 668
494 672 556
441 61 584
437 396 637
522 431 233
406 609 209
62 529 306
610 340 973
198 387 65
504 501 912
197 22 411
257 336 986
263 271 246
549 229 638
34 60 398
265 488 401
312 532 460
700 351 497
245 665 620
169 125 908
587 163 906
234 175 875
104 654 540
396 108 242
658 692 391
639 452 67
428 183 652
338 575 543
306 420 486
624 99 663
536 226 266
183 256 504
407 246 395
309 220 401
109 33 288
314 148 334
320 232 906
309 604 923
441 670 215
202 662 473
438 63 714
535 245 956
390 194 808
70 60 526
296 481 527
692 528 99
380 412 532
216 8 360
407 572 289
179 447 820
362 108 793
301 487 224
263 391 272
252 646 32
111 660 760
150 138 864
355 319 961
341 92 259
564 363 505
104 287 924
644 112 268
658 598 516
177 70 643
529 586 66
224 199 111
44 11 581
448 606 381
430 509 824
405 157 297
557 221 668
1 557 661
632 638 501
319 502 118
495 554 202
656 263 923
73 222 387
223 184 781
16 101 634
348 656 908
50 5 881
220 679 97
182 516 172
9 218 602
4 686 522
589 203 422
671 320 268
81 402 808
238 345 769
689 214 408
139 510 116
202 446 512
200 429 283
668 621 148
110 275 530
319 658 563
537 544 310
317 401 568
235 408 251
0 341 819
212 142 653
118 117 296
471 217 243
684 5 664
269 555 337
614 198 474
151 150 289
72 28 585
402 95 100
691 629 86
480 9 793
113 481 2
198 654 873
631 388 874
109 621 525
161 97 739
682 92 322
343 516 7
51 194 5
595 190 537
438 393 617
215 170 321
488 444 597
192 610 822
373 53 643
30 161 567
335 41 517
290 55 226
580 541 882
391 630 328
362 664 339
509 245 613
683 680 22
574 356 468
414 634 542
30 167 178
292 385 148
65 649 756
695 389 778
590 485 350
514 604 182
609 557 678
145 159 641
28 435 269
265 260 990
78 700 345
124 194 296
368 473 468
319 123 127
182 264 476
549 346 617
435 227 442
91 27 761
320 697 760
107 507 804
390 286 199
266 658 942
220 588 708
430 306 433
538 440 455
326 547 810
678 49 112
151 618 721
41 185 491
654 612 427
430 102 427
465 526 158
287 682 446
640 262 695
184 570 931
502 80 122
268 11 326
537 174 240
432 67 233
485 662 344
33 407 793
581 346 803
161 568 533
619 425 66
652 170 511
1 162 233
135 540 626
568 466 497
690 417 356
578 605 696
172 301 904
213 57 720
496 335 748
176 51 363
373 398 343
277 117 593
588 332 851
197 406 126
150 145 828
66 686 115
626 83 634
280 180 742
423 345 308
14 349 498
699 185 371
261 571 183
617 232 751
698 300 739
419 600 308
452 559 781
212 646 797
278 602 636
561 3 463
670 161 739
352 272 189
232 554 898
412 340 958
423 628 217
113 352 440
271 139 999
499 273 802
331 501 701
271 518 107
155 555 990
149 11 651
399 252 40
144 222 374
199 106 609
334 426 368
366 501 858
261 389 898
435 599 873
302 377 70
131 527 638
79 638 487
86 631 266
91 470 915
283 699 835
679 136 355
511 540 382
134 503 45
269 674 409
637 262 372
216 611 684
347 188 889
103 477 451
299 103 729
385 602 607
201 49 637
315 230 27
446 254 224
287 69 966
295 549 435
544 534 364
563 22 904
529 7 707
494 499 289
126 315 211
58 61 66
14 33 586
39 631 560
119 67 703
220 595 567
658 657 240
482 352 779
238 479 832
528 312 286
4 432 72
698 576 128
658 595 349
427 598 565
330 668 155
286 305 706
344 416 229
166 476 12
4 398 666
31 486 588
263 95 1
428 420 581
108 467 623
380 286 664
390 487 119
553 683 483
174 317 12
566 621 688
667 329 747
665 347 90
618 431 52
237 419 704
359 430 802
276 355 70
639 296 757
122 254 185
199 223 939
618 627 341
31 306 14
212 537 753
338 620 257
690 368 37
350 619 72
550 593 63
103 397 951
214 542 234
368 511 275
55 677 435
403 61 336
363 233 806
624 592 230
394 635 89
356 33 396
442 149 910
206 405 411
433 204 24
79 501 123
29 554 774
341 288 392
598 590 976
5 487 717
161 652 553
629 136 985
579 351 617
8 278 834
657 83 673
404 542 374
288 509 140
497 679 167
547 191 310
585 467 281
647 559 462
681 355 501
339 541 770
592 105 819
22 532 844
25 124 93
507 103 985
464 357 87
592 581 478
15 112 968
355 606 158
465 655 36
605 180 880
470 225 17
265 436 60
273 564 162
398 143 266
66 8 717
237 463 23
645 631 254
194 81 496
31 190 603
288 244 300
573 263 669
590 328 872
101 344 726
585 567 511
99 622 196
673 497 544
650 648 250
493 138 633
514 291 988
603 472 598
77 519 593
679 88 10
224 397 2
66 147 681
479 177 228
179 370 306
43 83 423
227 369 185
695 225 739
571 604 668
152 2 379
602 206 225
298 87 869
556 206 430
62 218 279
386 542 90
471 325 278
367 17 547
498 135 161
488 134 628
32 464 995
532 136 740
198 434 488
564 175 10
472 66 141
316 458 831
685 104 454
18 111 103
18 419 667
274 654 114
130 642 173
509 545 251
346 82 970
249 265 760
107 252 311
157 664 28
520 190 175
340 131 968
693 33 566
125 117 978
638 139 414
58 320 672
379 306 620
237 407 125
355 301 287
413 199 844
176 313 493
167 339 983
199 342 972
181 263 458
24 370 7
503 437 983
88 342 963
167 415 448
80 171 666
456 317 301
687 22 905
85 372 706
331 333 637
374 416 350
580 83 574
475 28 454
228 329 736
645 442 174
348 77 588
54 458 841
664 314 686
145 658 535
657 640 27
64 308 334
540 349 560
301 608 401
429 187 406
382 633 0
452 255 602
572 270 401
524 372 801
126 540 726
531 631 368
410 377 455
503 128 92
90 663 897
404 270 487
240 512 667
272 429 15
175 662 607
101 528 272
264 543 949
219 299 875
184 435 785
624 247 358
427 470 509
276 128 436
442 33 833
615 393 170
675 350 358
240 111 815
155 536 767
159 618 171
306 699 160
428 458 385
64 670 826
525 226 166
651 632 271
613 335 271
233 225 360
117 531 363
225 397 97
101 356 622
10 278 36
204 313 813
403 173 980
381 654 593
397 397 716
441 527 274
89 111 736
297 275 135
558 26 592
478 572 780
408 70 87
516 573 735
292 414 117
188 632 670
128 114 199
639 336 783
649 164 608
621 273 581
323 589 825
209 506 114
221 193 528
18 45 48
123 337 323
200 334 232
677 312 269
677 366 476
400 645 972
456 59 49
417 466 449
276 496 872
159 643 943
324 308 217
509 558 565
27 331 928
649 518 880
419 385 51
201 305 68
145 355 704
648 512 522
607 490 64
462 620 664
118 170 636
366 332 688
338 35 229
322 292 995
355 153 409
27 230 602
645 316 152
164 644 801
458 563 9
493 541 500
421 239 640
320 301 709
312 315 273
113 128 532
204 540 704
148 123 679
537 232 160
142 373 693
363 673 617
273 601 22
134 687 529
289 200 750
521 42 597
89 331 178
506 196 77
665 648 703
392 408 41
646 135 55
678 585 96
162 419 66
112 432 749
344 81 71
659 187 278
498 7 54
638 389 583
126 600 372
104 222 211
63 561 163
416 109 850
13 168 497
695 616 279
212 318 352
186 389 215
355 26 893
647 645 114
365 575 589
163 177 129
134 57 239
415 386 186
647 395 223
357 366 115
328 303 207
485 322 65
250 360 742
678 262 106
467 650 485
98 687 29
537 255 501
117 691 141
536 67 124
184 594 144
476 499 144
389 579 580
104 420 741
35 236 320
616 478 292
225 223 782
125 552 116
88 276 29
79 401 656
548 661 25
502 125 914
327 359 312
358 383 60
585 595 307
552 158 994
589 299 429
387 182 815
429 131 491
521 145 823
447 16 597
77 142 402
150 270 748
157 280 735
555 565 851
445 300 147
582 329 258
291 315 591
331 520 156
568 26 756
687 298 749
78 655 995
474 695 428
157 47 15
214 491 901
482 352 506
162 354 361
464 233 770
557 497 97
540 597 311
85 108 170
2 628 734
540 333 675
362 117 692
94 620 614
304 538 313
19 19 630
499 131 378
112 104 402
148 150 960
425 653 699
229 15 714
295 652 340
233 448 546
499 300 785
244 23 872
594 543 396
144 334 472
49 0 308
406 55 471
482 659 414
563 485 533
51 55 270
174 576 497
587 219 937
172 534 483
495 370 362
302 403 815
100 258 983
149 319 608
249 608 57
189 128 258
517 167 105
28 250 715
409 579 459
164 360 901
618 558 920
643 99 578
503 679 210
399 17 309
231 96 270
133 303 655
70 552 33
145 687 32
275 480 545
183 635 48
674 692 335
32 240 693
552 105 891
218 579 800
26 436 3
414 98 167
299 214 994
541 27 451
190 196 150
473 89 22
669 552 953
502 90 948
526 289 524
86 61 445
592 239 531
113 261 516
693 264 30
664 221 738
549 146 270
507 63 273
492 357 191
449 486 285
496 264 302
214 278 426
463 312 863
105 672 216
116 51 7
611 218 620
527 310 88
260 151 94
443 220 565
245 260 51
37 451 545
586 650 753
56 237 773
247 296 318
385 509 576
188 677 57
15 650 516
564 89 256
600 332 568
171 337 391
32 580 18
592 640 988
32 110 80
244 423 976
561 312 219
352 308 582
270 443 826
220 199 102
36 110 116
599 469 668
606 576 383
55 489 88
8 581 907
656 180 294
391 627 876
463 269 918
553 327 560
315 531 106
333 427 32
651 553 350
296 454 520
116 41 887
439 676 762
463 23 941
168 468 464
201 350 494
563 90 543
145 343 972
484 197 212
184 553 597
210 270 271
394 353 573
207 194 831
202 263 492
89 311 914
679 579 226
619 388 13
218 196 255
58 42 248
528 220 663
469 597 790
169 82 785
425 638 639
172 342 851
343 280 301
502 524 895
311 109 99
147 363 2
312 231 492
139 380 675
55 428 313
475 607 341
106 160 85
36 2 961
337 5 46
10 182 956
186 261 455
108 225 904
575 69 304
62 514 86
583 680 292
11 456 557
537 223 662
477 375 916
63 238 114
275 392 591
111 506 222
345 496 135
496 161 473
83 509 872
234 553 509
685 641 825
299 505 150
84 449 945
226 574 848
493 378 953
619 341 239
361 62 228
687 523 550
307 310 674
561 40 76
557 264 69
228 480 493
129 407 446
570 291 115
518 665 155
52 575 247
59 614 991
210 366 770
565 272 684
239 116 634
415 132 598
64 300 27
95 489 507
662 226 828
202 694 242
610 121 68
85 445 165
59 603 648
18 97 57
190 643 550
386 435 953
162 641 851
93 15 564
661 215 974
550 264 106
414 578 13
620 468 53
75 297 185
216 475 632
622 250 707
203 13 244
610 656 895
150 514 607
536 180 973
391 507 848
606 407 524
376 668 856
528 504 634
562 220 731
21 696 815
494 5 54
446 286 335
670 143 599
507 51 524
66 37 286
635 439 119
546 683 88
344 409 349
394 638 589
106 71 357
282 243 387
0 195 337
659 576 464
208 246 683
164 276 562
27 260 560
354 462 338
391 23 80
14 374 568
145 426 975
233 425 598
6 40 517
389 574 342
581 376 208
619 408 284
223 176 277
10 440 453
395 114 974
700 486 944
452 374 872
538 310 985
321 668 373
101 417 32
396 395 165
384 684 993
690 285 520
492 195 749
627 557 945
546 163 113
161 642 503
480 23 768
512 33 19
581 358 951
441 370 595
599 379 182
129 17 976
267 68 817
627 156 736
221 13 420
278 583 102
81 526 541
252 169 592
178 287 2
45 143 347
371 695 925
37 37 487
593 62 663
429 402 974
620 135 155
144 330 989
32 381 989
593 63 810
280 298 123
219 572 456
566 94 419
641 67 274
20 390 113
305 181 61
46 255 701
328 145 87
612 249 283
231 156 839
143 452 805
406 231 596
445 471 84
190 137 201
522 125 74
630 686 222
484 90 885
60 552 795
262 500 888
176 196 773
336 74 197
46 683 804
260 1 640
541 402 324
647 602 675
654 287 197
179 408 537
511 217 681
432 230 666
576 217 200
161 335 350
569 309 297
206 548 239
95 210 559
16 188 374
135 88 542
501 589 279
371 212 605
645 136 413
396 139 421
159 247 302
157 124 721
443 587 776
675 548 201
239 358 970
533 353 809
417 117 187
174 494 878
30 259 469
666 508 947
633 273 633
28 431 22
506 266 518
411 138 27
138 464 685
218 306 340
195 300 215
595 140 985
433 696 587
110 639 780
453 473 841
364 334 230
536 660 15
302 178 636
645 526 128
173 332 60
266 339 220
338 638 915
297 6 623
161 612 76
195 263 342
594 308 662
510 319 272
412 246 391
636 417 905
505 104 101
231 27 650
249 320 255
488 223 715
386 19 257
27 524 353
326 541 501
14 599 474
357 655 715
586 103 55
363 304 57
619 618 573
550 692 91
387 345 923
73 170 329
307 609 537
543 281 848
408 480 633
521 139 60
271 298 821
474 382 807
169 411 13
139 47 95
574 678 986
145 530 497
551 230 609
680 674 285
213 227 802
281 43 327
606 3 973
185 467 844
336 638 590
62 673 308
133 614 691
197 226 564
430 573 109
13 399 94
501 314 367
573 129 524
439 622 399
147 408 130
601 553 1
342 525 464
165 636 211
62 91 983
275 257 907
528 327 234
293 281 972
541 546 405
510 397 533
376 288 946
436 260 517
567 567 609
371 528 731
611 70 836
615 255 543
34 647 47
654 456 5
349 458 818
610 518 380
608 215 570
396 14 112
261 652 780
230 612 979
23 8 461
23 78 801
662 319 588
357 538 104
612 296 603
635 314 384
407 126 993
231 632 551
578 300 509
130 150 535
142 458 983
375 300 77
416 419 971
167 49 876
19 571 756
637 356 176
7 495 741
503 336 912
154 633 462
207 524 938
73 70 233
654 312 88
685 570 817
224 651 908
254 114 343
134 233 452
486 411 132
651 514 341
598 442 129
523 159 859
504 623 76
562 9 190
242 115 926
57 174 26
315 665 807
529 696 12
335 191 882
617 265 899
308 221 288
409 460 837
544 647 569
247 71 222
374 376 345
101 164 82
518 576 892
56 19 349
6 487 736
667 30 797
242 272 867
224 648 787
398 603 626
215 218 491
417 430 441
147 58 618
333 501 112
142 127 402
87 628 282
145 302 925
522 639 386
682 634 248
651 11 168
460 700 484
180 587 863
312 376 590
148 32 995
292 252 941
259 126 615
137 284 714
26 14 34
322 561 931
580 258 127
414 329 968
36 249 653
399 496 513
572 33 370
570 633 64
533 559 94
231 449 843
33 321 724
666 354 280
334 657 578
126 64 529
592 177 199
6 157 792
531 615 861
181 464 777
119 314 400
68 696 962
633 511 500
70 48 953
167 693 684
468 95 475
293 697 475
432 654 667
132 41 278
188 618 285
417 651 252
671 656 48
341 344 181
649 196 780
668 192 779
654 251 997
588 103 381
576 45 499
171 408 297
85 368 136
468 236 146
584 590 471
20 497 474
558 625 712
582 376 880
501 581 729
552 540 335
688 454 417
641 614 59
94 226 4
688 306 677
617 379 708
287 273 688
471 652 467
357 676 836
594 518 908
99 104 143
561 131 309
515 513 58
327 255 723
259 150 751
621 424 293
698 209 655
486 285 927
439 653 179
82 679 589
236 614 55
384 129 456
604 268 150
137 671 428
620 455 628
414 620 405
298 624 962
314 469 225
443 128 977
196 555 55
184 115 978
661 96 603
426 681 153
168 53 582
640 33 970
552 673 683
21 546 115
248 324 345
654 333 632
70 640 86
595 212 401
19 384 821
584 220 538
37 405 523
242 422 164
664 445 85
597 461 58
390 133 444
546 250 19
671 47 88
159 228 175
412 219 665
175 6 407
228 178 630
610 118 50
605 608 533
328 562 774
304 140 81
669 270 167
98 580 16
521 668 903
27 153 640
272 576 350
303 454 280
148 49 234
171 296 266
130 75 879
564 42 548
471 98 913
652 528 993
173 56 544
165 648 896
548 694 38
533 580 969
111 471 130
253 414 39
313 220 889
453 316 174
417 638 864
431 402 443
546 276 23
151 123 356
58 577 86
650 599 63
179 633 992
512 314 314
616 558 484
391 199 320
422 632 452
212 378 570
638 81 265
642 358 408
620 233 1
345 672 764
168 284 514
614 634 364
351 108 396
553 90 468
177 186 445
353 357 427
290 367 334
308 71 242
20 627 745
344 254 380
511 368 945
622 100 236
630 542 413
200 403 717
633 601 55
76 43 93
164 556 198
267 621 544
63 190 764
149 238 288
186 644 573
357 629 663
147 519 479
144 328 406
620 383 17
173 375 790
391 110 395
531 653 171
11 501 502
410 613 422
669 642 870
96 394 446
146 111 534
226 235 811
394 602 168
54 288 735
622 597 486
609 414 409
603 106 779
5 309 830
136 637 332
657 47 607
110 631 54
147 38 785
692 150 459
108 446 198
591 178 784
369 607 62
102 551 540
644 426 838
383 158 27
391 545 731
628 446 720
286 668 795
10 141 246
4 154 73
686 232 57
272 569 939
15 265 737
355 11 565
317 11 268
405 310 261
297 140 84
513 437 82
241 5 558
27 165 367
310 140 174
188 107 535
175 419 14
0 375 913
359 518 848
322 628 270
439 588 629
672 449 75
129 634 401
87 184 923
26 75 599
134 29 164
92 26 781
114 346 597
585 154 262
516 410 531
304 539 519
657 685 580
18 22 845
505 366 408
485 292 704
313 490 545
406 414 173
425 603 620
194 517 382
200 286 194
292 375 731
5 686 83
77 445 11
15 312 966
94 392 857
105 457 69
118 167 898
77 632 922
131 583 650
549 487 653
10 572 204
692 392 419
216 151 861
666 512 409
251 350 211
305 6 782
188 437 66
330 485 115
39 54 889
262 660 911
171 593 47
495 533 314
188 462 245
168 131 678
274 599 436
381 498 344
693 449 425
18 307 744
309 408 932
92 686 494
429 392 543
474 277 906
15 699 367
382 496 903
214 218 367
630 524 424
601 366 755
609 647 353
640 456 33
91 358 660
430 579 534
82 282 332
681 105 300
92 391 94
575 330 394
486 2 261
671 541 158
428 662 666
407 507 912
62 83 652
182 600 310
165 527 644
53 368 860
573 531 792
438 692 925
274 678 103
61 222 730
159 279 174
65 450 641
5 385 266
191 463 266
423 286 710
45 556 220
308 526 285
655 168 299
453 445 152
596 175 258
279 590 26
152 456 647
278 57 724
602 237 539
144 443 505
311 47 77
691 246 145
137 565 241
692 671 190
478 78 728
544 303 402
323 105 834
526 501 855
256 672 634
486 83 130
2 609 147
420 607 677
297 479 199
470 215 124
151 342 318
46 517 156
78 524 371
169 89 676
599 186 938
168 312 260
91 617 282
297 194 949
604 545 2
237 132 954
617 190 881
550 63 878
410 70 588
390 360 382
331 360 899
569 98 51
353 482 211
673 124 428
387 673 588
239 515 510
135 539 166
330 602 292
444 608 412
226 462 680
163 693 192
152 698 44
635 529 664
530 12 646
358 270 373
421 694 245
397 398 952
452 451 321
351 239 360
336 669 896
439 417 77
524 241 724
441 318 551
611 541 437
179 177 487
453 489 258
604 253 282
256 141 183
660 650 758
664 357 44
672 565 634
517 681 766
634 172 413
67 489 260
423 520 395
468 91 55
548 39 549
152 304 276
119 307 157
570 281 631
450 170 431
578 548 607
568 19 857
507 673 207
11 65 175
39 573 54
122 200 759
15 24 789
406 655 365
160 260 506
623 588 823
347 663 623
145 361 356
182 633 910
32 131 455
150 333 812
88 511 863
652 603 264
562 679 716
614 654 114
62 473 639
279 136 150
131 534 878
2 502 965
146 67 75
677 553 446
27 384 219
667 572 657
15 276 622
310 292 353
274 664 407
334 176 208
219 570 396
132 364 712
381 640 41
265 324 207
194 306 392
63 266 439
349 267 867
188 38 650
539 251 339
97 127 757
212 133 257
643 56 437
566 554 749
42 376 909
547 238 48
608 9 30
156 270 657
617 437 902
447 480 507
512 627 265
459 607 616
683 287 420
534 160 964
675 413 497
42 434 378
8 649 174
534 41 879
689 397 80
147 346 226
163 55 53
230 464 520
304 279 692
230 655 939
263 345 281
473 244 728
538 320 460
488 445 433
316 235 901
51 206 374
436 217 704
141 104 904
433 260 587
667 295 450
219 48 282
431 432 906
416 546 106
241 419 92
251 661 793
572 52 389
427 646 691
630 203 612
97 257 54
637 180 447
47 22 571
672 44 826
331 677 79
90 567 422
422 132 614
9 538 519
606 272 48
547 681 34
384 391 129
360 553 478
441 193 723
316 442 395
494 274 876
178 106 622
604 673 624
439 372 463
41 449 46
127 210 7
538 193 965
469 106 943
406 257 716
351 229 268
446 79 473
81 109 85
219 587 637
615 350 68
300 694 397
384 224 264
339 205 3
555 90 718
289 393 917
555 667 995
274 10 986
528 600 785
316 637 283
114 19 900
393 673 866
624 352 192
277 414 296
600 649 285
303 60 104
633 466 775
362 296 753
504 113 443
518 76 419
65 323 378
216 21 6
338 666 29
664 695 882
441 645 631
43 638 56
195 182 526
494 630 624
281 606 373
393 596 293
138 121 226
472 579 905
570 117 674
166 312 679
533 207 966
644 338 746
76 144 501
285 599 819
340 337 302
255 350 94
63 232 333
62 484 991
381 318 886
393 620 526
77 29 891
610 282 17
489 344 715
574 562 696
358 438 198
17 174 483
248 198 225
35 192 47
351 18 949
667 166 661
71 404 495
380 312 757
557 216 226
17 38 39
522 620 293
477 402 475
690 361 971
308 176 692
649 365 355
97 101 52
191 370 800
602 152 356
340 209 253
418 416 530
265 557 614
684 663 207
346 692 730
209 644 720
389 643 196
532 310 53
152 687 663
389 207 562
463 127 819
401 272 348
388 27 315
233 278 95
136 555 31
423 536 937
641 638 800
574 439 564
175 73 626
462 113 766
398 184 258
14 319 40
315 324 937
559 168 480
663 620 138
237 689 796
313 297 887
155 496 15
169 633 186
374 588 17
262 156 965
243 101 976
430 231 286
476 534 349
56 167 680
360 172 938
279 575 706
65 38 95
699 391 900
424 469 306
129 539 547
153 104 117
159 281 101
591 637 462
216 79 66
27 11 886
523 499 195
353 514 389
14 446 188
157 628 501
376 147 67
425 199 860
617 549 487
643 537 943
471 165 588
97 356 788
558 264 637
101 592 766
270 621 918
160 161 381
235 148 651
357 75 75
671 184 77
237 382 425
5 28 466
463 291 932
479 54 249
499 259 646
693 155 332
676 84 105
215 373 355
485 576 959
402 579 913
240 363 661
336 229 736
201 160 527
50 70 168
458 533 681
82 38 902
337 452 209
654 590 908
300 296 812
272 275 298
498 621 442
556 479 117
134 699 808
223 35 136
227 399 431
589 5 450
135 564 517
275 143 36
256 420 209
550 305 278
39 60 276
128 151 157
46 148 255
533 396 171
586 547 543
480 131 346
509 520 447
435 144 554
375 370 56
380 447 48
335 226 772
15 596 298
365 501 640
529 286 28
539 562 62
254 245 928
568 268 663
435 130 850
559 24 414
148 119 737
661 93 865
434 359 623
360 158 775
340 164 270
430 247 430
579 617 448
583 362 849
404 107 435
46 25 109
78 539 196
575 185 347
496 538 150
421 87 658
448 362 725
475 525 839
317 29 317
603 263 492
560 608 766
519 263 702
533 95 556
124 699 136
481 269 997
437 24 591
149 364 940
328 477 470
194 112 870
110 419 428
630 399 117
498 43 639
85 651 897
75 366 562
265 82 894
64 665 375
455 345 341
430 466 860
13 282 903
15 454 863
503 540 452
177 103 540
584 25 864
96 436 808
561 431 588
366 135 460
649 199 359
520 209 613
403 663 534
131 63 489
314 33 688
1 96 426
395 23 507
647 473 816
91 389 242
269 336 585
213 111 394
409 499 96
520 181 547
353 254 486
7 85 702
459 659 310
635 493 828
373 314 534
464 312 954
647 680 376
278 74 4
638 297 52
327 314 917
145 698 975
336 201 913
320 31 838
242 664 983
571 468 167
482 478 464
26 9 70
355 641 341
192 66 481
347 228 340
128 195 601
39 94 533
623 687 263
442 137 107
566 11 406
332 427 682
442 220 263
582 517 522
403 56 567
390 56 113
472 160 743
464 99 300
255 406 290
29 465 232
409 507 260
184 381 678
268 502 165
261 416 451
582 180 618
333 370 700
365 357 996
451 205 184
502 429 358
26 25 246
643 281 328
245 645 285
384 214 994
240 31 756
247 278 919
127 365 766
399 51 156
2 76 971
299 266 619
658 214 305
694 143 333
337 184 76
240 653 503
633 614 319
126 235 874
137 41 469
304 582 610
93 350 382
291 31 214
290 231 383
343 29 935
351 306 88
257 189 998
574 438 183
481 272 715
608 370 51
41 682 108
476 68 233
558 64 895
492 176 727
496 149 820
28 42 295
301 355 974
641 144 826
236 600 809
599 200 406
361 33 640
110 512 707
245 195 628
637 510 58
216 205 288
487 658 356
27 532 307
330 521 358
552 184 289
587 137 703
117 450 936
184 572 293
131 201 593
326 306 883
286 388 639
142 94 725
421 187 305
145 620 174
394 354 551
392 144 678
636 510 987
554 338 449
690 261 525
637 210 898
426 225 709
310 606 205
117 565 615
183 164 632
596 569 671
623 537 137
475 239 812
552 451 333
221 24 25
484 657 109
524 325 547
342 382 227
244 96 844
51 695 351
572 455 336
180 358 828
486 274 394
106 486 919
435 49 935
683 122 316
264 575 727
457 82 935
244 547 88
7 329 92
433 206 618
304 29 64
508 533 90
564 105 673
618 40 369
501 453 349
188 690 587
335 353 911
489 509 916
466 15 935
30 167 188
463 567 589
116 548 791
307 559 560
184 592 457
665 605 506
62 136 307
86 471 0
427 339 929
685 292 985
608 285 144
237 55 480
272 371 365
405 558 811
245 469 540
608 94 396
136 631 369
151 460 969
115 113 358
108 272 693
680 356 216
652 53 415
361 379 404
226 581 208
54 554 19
544 469 67
86 263 711
181 274 187
647 65 326
492 431 951
657 301 260
398 590 9
301 12 611
453 652 781
448 49 772
3 506 578
249 589 380
232 693 982
383 148 761
293 354 833
320 547 280
460 542 16
503 72 45
273 437 944
672 142 244
414 167 843
77 241 139
692 254 197
81 499 936
499 651 371
163 389 636
406 558 643
358 600 444
667 575 804
61 347 837
626 465 775
202 399 988
596 341 777
562 423 369
312 584 766
621 643 564
415 678 335
422 573 96
253 228 483
599 138 579
517 95 423
612 301 736
605 586 127
617 522 170
287 92 389
303 464 734
584 286 433
680 129 627
255 32 791
46 59 280
310 556 17
147 476 219
76 56 531
163 443 545
43 318 406
305 562 648
386 609 137
589 683 969
638 523 445
595 4 759
697 592 14
637 495 678
523 56 733
691 612 439
503 317 292
592 66 76
96 295 716
452 3 683
61 452 679
354 10 984
497 410 745
145 566 295
187 101 777
535 140 81
27 632 967
225 261 797
71 608 888
363 277 909
167 499 482
697 581 686
216 225 629
52 572 493
84 265 233
611 416 237
637 506 660
235 415 14
7 205 462
47 225 840
39 593 714
466 673 266
133 53 94
699 330 927
692 40 864
134 417 104
654 283 394
545 213 199
387 112 468
262 178 636
80 612 959
368 665 951
535 601 645
689 671 146
436 695 751
671 221 784
266 164 829
642 287 126
423 647 605
622 66 464
658 402 183
587 453 168
551 467 48
683 454 37
374 28 98
221 412 5
675 652 877
268 448 534
481 30 227
491 205 931
388 280 819
591 50 942
62 321 849
173 406 480
674 293 33
178 643 598
89 628 467
183 62 312
84 601 228
233 163 155
524 311 71
695 32 415
265 283 117
271 135 300
659 443 264
101 378 195
312 483 807
632 427 384
140 532 955
597 37 301
475 102 643
163 575 903
358 37 875
318 668 219
313 532 477
455 690 405
567 59 152
12 486 349
440 260 651
254 63 985
259 350 423
432 372 309
462 410 32
188 270 224
570 330 587
90 690 181
277 226 204
163 282 240
249 687 127
183 10 211
73 28 188
162 637 142
241 387 793
62 633 524
216 564 980
697 187 111
450 243 797
16 422 125
91 488 370
261 539 417
634 551 262
498 408 542
50 108 312
456 520 600
699 320 314
624 11 250
580 190 507
130 587 45
580 326 62
220 320 321
424 83 394
127 272 864
336 308 382
432 149 375
268 548 749
591 43 473
664 526 355
289 12 730
250 411 167
569 437 733
223 445 801
187 347 376
529 110 539
205 621 788
354 244 657
389 673 520
126 362 429
22 262 584
234 82 856
251 49 536
390 170 848
581 260 980
691 362 483
685 121 58
306 582 781
337 79 259
324 259 237
39 121 415
1 440 236
527 368 332
438 180 406
193 62 796
297 603 836
27 584 173
119 312 94
95 167 339
384 639 415
234 111 253
213 589 853
681 489 263
553 246 270
288 129 546
18 457 447
534 114 669
678 634 247
263 537 737
158 300 725
298 214 937
140 653 778
409 329 414
35 283 351
87 485 590
640 432 157
366 179 842
662 307 385
330 463 723
445 327 102
631 558 64
84 223 762
531 148 406
415 396 567
643 356 27
371 673 703
271 478 689
172 150 191
297 394 677
619 459 155
386 255 820
321 32 526
642 637 4
409 689 458
84 202 432
37 528 988
651 29 881
478 34 747
97 557 677
149 604 264
264 648 36
622 660 684
198 528 30
410 625 723
522 561 624
330 166 430
223 180 63
104 391 95
139 328 812
551 80 86
83 345 833
27 552 452
18 448 401
387 688 150
180 12 116
357 244 244
564 100 772
279 323 734
90 183 774
545 642 302
87 324 350
61 310 486
33 197 917
195 618 936
409 536 115
517 360 41
638 558 499
375 603 957
0 368 258
680 641 164
526 460 927
428 541 295
139 451 465
593 490 679
351 624 156
428 525 372
36 128 675
213 250 188
550 286 282
123 475 712
241 562 661
494 639 471
229 138 693
571 175 131
325 642 788
503 483 396
628 238 656
30 243 61
492 597 790
492 353 939
50 542 10
235 663 519
302 367 381
101 319 219
465 666 212
43 193 399
222 74 589
129 464 286
652 615 502
441 162 994
496 195 538
534 124 6
238 457 590
91 128 6
681 697 11
470 131 894
71 489 436
82 151 553
236 246 287
349 13 105
524 9 540
546 455 385
88 452 500
617 443 409
106 419 137
680 623 546
582 506 568
203 202 108
691 434 610
128 156 771
396 170 716
504 475 343
187 623 138
241 316 997
689 574 647
266 218 677
690 353 612
458 446 647
131 414 996
463 548 891
498 565 789
114 493 106
198 301 400
373 251 535
288 274 168
490 525 143
378 430 564
594 502 493
105 53 262
526 323 876
664 446 128
127 479 664
504 537 388
293 499 980
511 510 575
356 265 491
303 252 546
181 550 12
45 14 763
398 165 71
411 121 657
61 330 383
495 387 455
131 167 433
473 524 708
639 282 967
39 38 278
521 291 420
658 261 437
226 495 979
464 280 936
269 453 585
473 429 21
396 514 329
238 26 299
160 339 798
155 341 683
192 123 72
413 643 709
696 486 4
12 13 790
44 396 195
111 107 251
684 96 756
361 187 677
84 661 818
645 243 372
644 337 728
191 63 630
129 614 147
186 211 741
177 639 364
206 266 308
154 607 15
144 48 418
670 599 453
528 423 985
310 224 832
600 228 543
487 30 859
527 315 536
388 654 560
283 570 392
648 37 759
696 153 487
431 259 238
101 143 358
57 439 639
468 395 803
663 693 190
624 259 423
217 189 396
217 624 289
646 410 892
176 413 462
64 104 692
485 553 334
665 639 558
551 654 263
313 285 683
58 578 212
494 444 600
195 243 154
406 526 605
224 154 102
182 523 826
664 581 708
407 385 241
452 227 342
306 262 889
579 172 806
217 44 292
106 524 575
217 325 784
163 103 187
428 216 664
104 180 87
508 430 336
411 62 9
170 536 716
458 589 87
533 487 859
435 175 584
299 581 420
407 617 321
500 546 644
45 115 30
669 236 372
559 242 355
105 503 661
386 330 628
261 41 714
596 98 484
501 406 587
360 461 712
558 44 567
579 280 74
480 575 909
106 202 934
175 98 271
177 239 765
605 419 787
663 109 13
592 30 614
572 679 659
105 530 838
410 356 462
204 167 810
191 14 98
380 36 175
456 533 965
367 409 431
652 298 575
250 228 237
488 507 625
424 515 634
84 385 18
116 228 748
312 624 867
413 312 902
649 34 861
215 255 521
93 509 601
118 352 189
288 693 360
639 83 632
441 197 428
590 498 780
57 68 510
70 368 105
18 417 598
77 696 828
435 600 859
658 325 262
288 385 367
359 52 904
140 35 287
209 116 687
380 364 509
289 480 600
486 353 657
191 421 237
643 680 233
673 580 756
639 669 603
354 534 133
297 131 538
677 177 84
347 156 278
19 674 719
583 93 643
331 544 83
467 207 619
415 20 130
55 70 802
673 367 428
490 469 544
261 135 284
534 176 130
54 37 421
50 377 616
427 382 898
592 521 292
369 558 176
296 419 835
137 513 154
612 581 49
158 693 544
425 75 545
460 171 451
42 626 837
188 198 647
221 6 676
420 314 862
132 385 929
302 294 326
389 396 27
629 139 132
317 280 91
42 29 281
163 173 467
587 577 560
4 358 846
14 600 984
259 399 225
218 72 254
371 30 221
348 47 744
431 670 252
406 634 148
374 288 196
494 567 700
439 186 813
310 469 324
323 65 308
561 604 791
236 628 752
266 350 96
162 310 502
326 214 619
579 53 869
168 146 344
66 272 213
7 530 784
321 136 966
394 699 293
6 655 698
538 680 724
633 202 415
276 108 438
500 250 861
629 376 245
249 355 981
38 26 667
329 136 585
700 189 482
487 164 303
578 98 725
246 322 15
3 215 232
68 395 999
649 39 31
613 499 379
676 138 544
568 544 499
389 242 92
355 273 865
609 7 558
373 175 672
179 593 60
401 75 751
287 277 967
243 651 822
61 5 265
111 373 48
627 479 893
286 227 827
214 80 37
220 391 29
393 250 981
348 475 654
209 37 200
489 154 543
123 635 943
560 191 250
357 451 676
251 12 359
247 462 526
422 478 816
609 389 846
565 527 625
55 328 98
515 295 188
297 320 392
416 199 128
296 122 797
633 350 223
531 141 638
362 269 435
195 253 811
205 146 674
327 137 311
320 381 903
254 437 229
234 550 221
626 630 993
620 169 758
196 0 214
334 325 812
22 403 548
464 69 273
353 312 770
665 513 676
142 387 45
423 236 180
401 286 658
90 514 319
12 41 447
566 286 71
238 323 802
426 316 780
63 137 855
646 254 796
472 221 868
253 363 866
379 599 880
0 351 352
641 342 444
29 145 757
444 143 98
8 239 695
488 114 148
473 59 801
262 408 46
342 197 983
471 326 313
330 520 557
489 431 740
624 515 768
587 455 895
429 82 353
320 76 241
460 333 97
500 357 267
602 236 85
44 31 187
118 18 925
432 225 923
357 357 630
429 275 615
679 354 842
189 266 983
626 269 28
231 117 606
621 311 891
361 677 471
488 180 209
504 402 793
294 76 217
608 334 879
364 293 116
336 153 701
544 222 731
476 213 967
149 547 416
564 585 585
68 235 887
351 426 672
260 107 276
686 282 499
143 578 38
619 392 436
700 262 180
315 684 402
236 324 975
312 176 346
435 545 864
514 193 453
279 188 497
467 489 396
35 142 876
198 415 484
649 596 626
622 47 641
681 570 135
284 314 761
581 418 379
166 415 212
669 552 606
464 302 712
384 327 912
459 188 319
35 592 864
13 412 120
332 572 506
435 92 713
242 237 151
74 70 368
639 670 251
48 580 67
70 677 35
345 381 547
304 195 303
496 560 715
234 123 161
520 317 626
610 573 299
698 142 80
184 343 532
309 311 649
31 409 421
240 430 443
668 375 760
677 365 589
341 627 630
583 142 626
99 19 482
26 5 903
5 223 930
415 195 638
476 400 643
473 265 370
553 57 955
434 79 239
139 146 739
370 30 760
391 444 569
334 612 214
686 392 474
28 416 62
452 441 259
335 410 280
178 125 152
437 23 272
36 431 604
433 621 2
576 239 232
96 204 213
607 139 334
69 481 785
529 184 250
518 43 352
331 666 87
157 67 794
595 638 567
46 332 333
548 538 294
344 650 616
562 417 951
337 130 910
334 390 3
556 606 152
16 610 880
60 590 630
611 353 2
690 658 943
243 213 536
27 340 775
101 122 96
399 372 899
18 519 6
372 652 268
256 262 965
696 529 187
646 616 634
658 445 680
71 611 545
676 401 345
159 693 790
609 61 307
193 530 406
591 202 443
610 109 136
172 165 677
372 264 916
225 535 961
134 523 373
77 154 45
331 692 652
627 587 811
327 430 938
416 590 97
577 455 244
589 68 299
175 485 341
327 467 219
376 478 237
445 334 451
471 65 68
134 686 352
99 58 524
211 62 745
380 526 966
574 604 718
529 521 741
598 0 454
155 60 557
670 511 568
483 630 338
314 510 973
372 660 890
496 529 145
306 42 685
135 154 194
461 50 825
234 149 770
27 551 287
80 235 592
92 379 859
210 664 643
373 514 139
196 696 602
490 443 580
100 654 693
126 485 518
481 225 365
424 425 476
339 115 323
662 359 422
577 316 997
13 437 558
372 434 687
340 95 875
685 369 74
584 181 373
657 142 809
489 2 93
503 141 132
237 481 590
509 241 86
426 505 554
601 238 668
551 254 870
45 357 826
513 382 307
657 551 836
295 128 283
75 427 426
487 433 434
402 168 748
521 682 87
85 462 484
224 245 145
694 14 871
301 227 660
533 545 417
606 493 635
600 295 61
148 164 817
630 173 958
12 427 573
241 574 371
263 619 18
223 263 588
579 651 836
509 463 1
654 542 277
623 653 947
588 402 440
594 472 81
322 277 948
588 73 273
201 186 912
341 112 127
425 222 93
622 422 792
311 568 10
681 262 508
78 691 148
698 548 629
2 671 892
410 441 907
402 411 645
426 492 171
631 66 361
604 492 675
340 628 554
247 687 339
478 502 898
688 421 697
304 220 980
85 146 688
11 533 195
613 570 240
573 594 86
125 23 217
238 124 32
291 634 812
698 517 80
220 62 280
7 554 931
692 38 609
672 602 952
417 383 94
230 514 771
574 599 80
87 533 635
62 663 464
317 455 472
166 670 281
584 45 539
409 555 956
171 285 813
663 157 81
303 83 841
474 20 296
260 20 796
506 606 636
532 282 705
207 166 758
639 385 77
273 506 307
431 636 466
575 284 81
285 299 26
491 515 310
682 528 377
121 262 792
609 666 927
371 442 273
573 601 188
220 124 372
384 124 664
311 491 412
575 99 409
523 95 247
173 96 181
656 369 251
116 681 692
33 501 965
613 232 137
365 201 657
331 92 368
134 520 530
179 498 433
699 73 111
291 95 505
489 445 957
48 456 853
97 113 38
54 526 887
223 201 10
209 31 972
528 22 837
159 498 580
369 476 606
488 496 948
38 537 236
189 484 662
0 1 159
580 696 978
343 329 694
185 590 128
459 253 826
547 667 517
201 414 935
382 335 303
173 439 297
196 233 500
268 50 652
160 343 455
655 472 520
294 287 271
477 347 491
301 203 440
658 399 865
583 560 796
665 96 379
688 576 403
180 216 632
50 314 137
419 12 427
197 92 329
320 598 116
496 76 916
85 109 130
138 168 877
210 632 626
84 199 426
395 571 597
435 437 976
9 587 680
387 345 671
559 390 663
639 683 748
265 295 198
450 154 290
378 469 816
156 265 775
483 446 69
489 576 319
13 425 278
266 21 389
125 259 647
401 532 975
252 472 14
680 366 714
443 487 363
203 299 298
522 50 378
156 152 518
562 512 552
235 543 568
474 122 850
403 491 246
11 191 371
179 498 905
42 138 600
464 34 994
520 358 190
452 141 449
428 323 333
315 0 969
206 354 996
326 368 927
433 92 239
699 351 264
506 273 870
379 635 102
699 350 619
337 346 902
696 183 963
226 698 229
83 214 979
208 67 284
404 367 297
125 401 738
170 579 443
293 596 883
366 698 529
348 75 191
628 74 974
157 678 481
37 444 585
305 301 912
237 350 853
121 453 347
257 324 601
11 427 114
185 448 432
357 388 277
100 199 629
179 187 694
485 369 626
669 542 46
632 482 546
692 591 355
145 456 497
82 241 825
55 89 687
568 336 880
462 217 738
125 173 447
672 225 438
222 571 573
568 641 680
363 163 531
82 471 136
305 458 626
162 21 627
96 593 753
468 187 63
675 379 332
143 612 547
299 112 277
587 579 655
312 294 902
121 672 78
415 578 896
52 66 133
112 491 305
513 238 400
578 29 476
662 291 953
580 464 389
91 664 331
685 195 506
171 553 527
60 33 578
96 103 342
585 514 906
152 3 394
455 21 275
289 206 236
632 620 30
617 237 46
290 499 515
445 147 791
93 55 1
166 263 505
542 171 495
128 578 7
555 91 112
35 341 287
592 306 290
600 558 528
206 90 866
383 33 152
222 328 462
442 128 798
404 433 86
167 587 859
509 72 341
123 650 817
600 12 759
676 649 863
699 512 797
281 691 222
248 133 907
497 150 491
481 148 884
289 474 34
11 594 866
623 498 730
662 156 509
161 540 718
573 651 723
179 572 406
278 674 108
40 508 108
653 90 549
641 494 206
588 174 988
485 502 496
290 658 808
97 700 73
620 347 201
276 697 741
394 118 336
357 50 375
682 429 5
541 306 970
360 137 225
247 593 461
585 159 962
41 316 111
546 608 991
26 140 754
187 171 249
664 559 872
119 12 10
79 514 241
211 519 87
327 178 962
665 151 612
589 311 362
297 22 136
491 649 933
285 363 13
567 247 270
624 696 391
457 125 94
563 171 988
34 613 319
50 180 971
207 251 147
634 141 963
357 669 45
55 330 857
255 376 997
503 280 777
367 408 711
246 334 670
632 371 314
85 10 38
587 229 363
235 297 356
46 42 312
515 78 366
466 484 297
122 483 868
448 484 227
424 459 213
120 653 703
475 357 292
556 617 829
285 629 106
116 93 14
427 387 788
524 52 91
567 106 177
386 354 960
323 447 760
461 415 0
175 378 134
359 610 777
507 400 756
692 654 450
482 176 47
251 141 216
245 607 303
324 159 127
452 390 892
604 511 946
392 624 759
100 419 222
29 668 993
521 232 894
146 454 150
111 675 407
616 281 731
91 247 318
469 203 641
47 16 851
7 95 161
656 58 301
151 238 998
586 207 678
130 318 368
261 460 93
56 301 616
519 447 377
304 307 793
677 472 811
297 600 99
165 165 130
294 503 769
327 426 459
629 63 297
125 691 853
184 238 3
277 327 554
466 442 616
679 100 853
182 389 900
223 104 774
126 183 628
184 312 851
200 318 103
259 163 673
547 23 876
35 611 813
129 327 705
586 538 341
189 135 645
411 656 338
466 396 268
462 593 494
29 329 242
400 629 97
268 384 62
21 318 707
362 692 397
53 683 751
379 535 868
49 198 6
323 226 137
175 80 195
549 633 737
201 628 578
157 139 53
272 28 275
399 434 766
420 515 816
547 639 488
301 652 779
448 417 686
530 265 475
382 550 820
568 28 519
591 620 882
46 27 435
671 164 679
85 582 194
199 57 765
626 354 394
591 42 611
104 61 106
162 147 771
573 351 209
530 485 651
560 461 961
356 327 132
80 402 507
407 285 725
395 97 96
671 565 202
403 519 841
402 484 242
374 481 397
26 264 893
13 410 278
165 67 72
642 465 643
477 417 824
599 254 32
134 167 955
14 72 914
699 254 499
10 491 215
322 562 292
252 402 156
52 278 793
72 586 490
134 181 630
503 238 649
653 614 930
690 427 173
67 623 775
433 322 362
621 29 382
398 334 213
663 230 691
542 643 402
619 19 516
305 267 638
34 472 109
486 629 482
561 524 273
43 509 317
341 631 914
289 407 864
341 215 614
33 232 840
401 118 400
435 27 482
503 487 35
606 444 214
489 588 747
5 278 48
519 220 434
117 444 897
175 234 797
292 317 25
270 333 160
571 487 619
177 271 973
109 416 402
540 380 545
271 487 856
431 447 758
662 395 82
101 270 672
193 673 351
652 25 505
198 545 620
668 320 429
169 191 703
6 247 443
246 82 525
553 650 262
501 172 178
587 58 267
128 64 61
288 612 5
643 86 360
109 287 482
257 397 790
464 31 142
94 34 660
637 672 164
245 130 422
360 696 467
194 493 736
270 242 615
436 369 930
577 39 855
6 151 904
484 503 153
10 328 564
398 450 947
176 457 717
356 137 918
535 156 682
157 40 474
86 27 989
686 512 233
121 664 764
334 677 93
700 277 325
345 451 458
264 82 592
4 33 268
48 562 906
584 234 157
642 614 831
637 528 964
608 529 113
216 21 591
383 659 280
436 4 839
340 645 839
211 479 16
284 572 428
691 144 870
246 157 508
16 627 623
282 487 915
52 675 306
660 597 498
9 417 740
599 257 65
685 595 915
572 95 1000
683 691 816
47 259 411
591 300 632
561 268 103
113 618 142
628 171 436
582 192 206
410 235 204
540 548 360
271 312 300
325 657 905
251 361 294
575 607 924
383 394 42
679 368 120
628 156 996
617 403 148
418 625 509
559 141 731
197 610 494
654 44 133
386 76 20
226 572 322
416 378 142
445 48 533
588 516 472
379 110 663
85 51 13
308 642 841
342 672 918
611 115 283
446 233 929
278 218 768
134 289 848
457 184 390
300 672 475
7 529 341
480 164 388
264 356 987
463 448 969
634 73 294
94 9 284
209 519 808
438 172 988
142 582 551
460 55 648
200 319 661
458 110 410
248 77 782
544 362 390
47 639 83
486 124 346
438 588 440
444 123 28
169 111 371
98 475 837
485 299 440
668 599 947
444 1 87
323 545 924
97 388 938
281 455 472
542 683 456
65 509 282
508 9 808
289 46 637
277 352 135
495 570 424
615 260 918
191 579 690
31 506 501
607 205 813
151 694 198
136 408 496
346 56 522
645 604 428
333 275 193
694 246 630
580 531 375
625 188 855
144 499 299
171 625 786
185 135 814
152 460 249
374 83 932
143 189 672
643 291 379
117 314 359
0 142 844
101 519 560
174 390 122
380 388 395
63 608 533
439 220 776
479 222 288
669 482 73
37 91 590
656 469 672
593 97 789
41 653 919
654 431 652
607 571 923
690 632 199
223 373 562
277 15 965
16 9 923
158 682 613
387 222 323
480 363 624
144 590 1000
611 655 20
100 375 489
479 488 428
446 256 169
268 3 616
685 286 421
131 39 779
208 471 687
284 666 402
359 49 646
584 597 157
499 91 422
613 221 521
401 72 166
69 385 529
441 518 473
422 13 160
72 279 163
583 14 135
445 508 175
184 442 279
423 402 854
581 22 291
307 52 111
131 127 664
616 6 689
552 349 701
48 697 78
85 12 781
350 369 414
22 255 441
471 196 244
553 600 721
520 210 607
633 548 642
576 394 722
191 0 388
187 574 845
427 350 671
266 310 166
159 360 554
313 249 400
229 276 551
556 500 550
551 175 830
599 528 670
414 449 698
320 227 496
538 314 840
519 77 253
202 564 997
185 129 218
35 371 320
13 69 376
677 363 105
421 430 144
170 418 496
421 566 324
318 692 897
636 372 817
151 609 555
607 205 903
136 176 180
574 367 327
562 63 974
418 158 690
285 469 397
307 201 145
228 131 200
476 444 649
527 586 539
424 558 532
651 672 60
157 586 596
287 672 144
132 276 54
0 514 536
521 56 525
118 271 386
183 365 815
416 553 339
209 599 694
37 668 251
423 159 119
217 294 334
366 5 145
338 645 426
189 573 961
25 94 586
140 36 943
615 479 95
583 544 13
224 215 900
50 394 814
541 698 741
503 595 94
44 561 610
325 92 792
123 103 485
512 684 544
348 510 577
688 499 374
17 191 689
410 97 707
331 366 558
458 697 252
108 339 679
653 678 141
353 483 837
366 456 951
690 226 636
668 285 178
589 683 632
281 680 872
180 397 594
351 340 288
578 666 436
231 278 131
511 181 430
461 535 99
467 293 688
638 144 811
639 579 440
158 230 98
692 52 550
572 506 938
51 472 453
490 43 789
281 24 277
648 528 892
347 305 150
260 365 158
237 434 494
334 633 413
455 378 186
370 393 934
409 400 180
541 693 659
37 309 784
242 568 490
495 119 433
303 466 299
285 260 485
7 230 778
691 154 205
136 502 121
231 241 207
215 342 405
66 283 34
605 270 999
273 228 897
380 390 680
383 78 939
655 308 159
614 172 749
211 311 315
695 551 731
573 117 746
585 347 144
10 612 295
636 363 85
269 552 69
389 239 737
270 442 924
214 673 573
146 216 590
450 211 477
457 208 389
16 189 695
634 131 556
310 568 868
200 578 255
307 144 544
499 637 560
305 655 86
119 542 674
83 413 395
436 165 21
593 387 727
366 336 153
141 13 700
136 505 333
355 389 552
428 119 192
339 543 58
253 593 235
263 535 725
21 182 468
178 589 764
550 58 889
353 293 336
16 473 670
129 229 95
348 604 553
213 299 621
45 531 9
55 116 806
103 94 340
161 205 427
319 494 50
136 378 535
671 613 377
417 200 406
689 559 525
305 114 744
22 597 145
414 172 956
72 434 870
549 660 251
480 61 438
107 602 17
584 349 228
599 567 662
216 152 486
265 465 429
135 225 22
438 472 983
686 20 192
214 564 878
503 75 999
489 675 198
672 465 857
152 608 815
558 673 771
415 32 178
555 442 609
6 226 360
400 178 610
353 640 339
266 255 539
473 339 669
27 687 459
249 56 956
661 229 895
543 432 625
49 370 518
630 558 851
473 396 216
447 618 957
536 658 506
686 303 509
282 598 40
182 122 674
350 523 826
674 556 232
403 475 224
256 451 921
493 76 862
665 543 761
467 637 599
421 563 672
133 304 14
373 582 267
314 292 680
644 9 691
229 120 674
420 256 768
229 102 493
235 298 168
441 506 676
292 619 443
26 501 742
467 407 698
545 269 266
593 53 113
50 237 594
529 516 207
232 294 33
232 305 767
541 571 90
543 436 115
227 443 547
155 368 856
447 512 302
635 316 312
7 209 455
535 585 960
94 593 707
271 389 793
204 129 302
74 446 645
54 131 833
92 361 587
577 617 767
65 536 997
110 92 381
557 210 531
82 92 937
627 135 403
466 436 288
221 262 14
73 74 759
603 665 3
95 305 771
396 560 697
340 160 690
200 315 121
306 16 542
107 396 552
490 39 986
76 9 885
653 161 856
681 415 997
545 186 625
592 205 749
288 450 559
198 266 281
532 609 240
649 30 765
427 662 977
456 340 981
90 319 505
519 143 163
404 285 877
15 27 357
625 487 780
249 416 656
633 531 441
66 198 35
113 63 75
350 634 999
246 427 15
474 272 262
131 117 221
459 37 640
96 98 435
87 34 687
6 7 782
351 299 866
462 493 798
628 333 497
100 568 952
619 132 447
172 596 379
387 643 596
176 43 952
612 401 682
260 605 190
355 473 790
416 291 138
385 472 21
93 512 337
285 548 559
197 379 854
686 440 26
498 145 356
125 123 298
158 644 35
382 112 67
559 269 168
135 7 791
299 699 337
195 302 828
104 366 202
411 373 720
539 632 558
47 52 331
64 594 868
148 292 294
6 562 828
138 616 869
411 250 105
6 326 813
343 217 256
529 264 5
239 91 111
449 496 314
52 313 998
210 661 95
423 670 490
106 628 295
7 493 922
201 154 423
681 209 678
32 41 88
134 367 330
201 512 979
23 601 413
260 595 758
273 402 864
127 656 130
354 500 631
406 497 515
638 10 454
226 435 83
474 498 105
576 360 488
140 583 885
334 515 231
436 575 629
488 73 2
458 39 976
61 529 68
152 253 826
265 486 842
601 386 214
550 104 242
441 403 725
580 499 210
90 415 270
123 219 840
443 152 895
681 178 27
560 32 83
240 467 759
503 240 533
183 599 808
470 502 913
309 438 335
214 287 489
632 207 518
306 183 538
481 326 170
435 466 885
40 108 793
113 10 579
693 102 409
175 53 717
596 504 624
202 182 580
107 583 49
412 252 799
471 484 458
413 549 688
335 445 953
518 439 468
699 478 109
385 35 13
475 468 993
666 306 994
135 428 85
690 480 73
624 423 937
262 620 907
677 693 99
253 208 525
214 442 62
257 240 64
452 587 763
208 460 529
192 84 1000
541 11 157
127 487 382
85 104 101
178 526 160
47 61 849
641 516 911
263 74 475
257 479 314
11 374 272
330 317 333
667 155 909
569 666 37
290 517 239
408 260 512
249 198 617
627 102 174
502 539 833
84 667 232
100 414 137
589 265 953
172 678 433
507 349 185
265 655 73
354 269 215
88 97 786
13 528 874
667 163 40
125 55 305
333 402 468
298 293 862
700 15 519
404 274 727
150 262 324
433 424 131
24 153 19
446 643 691
525 625 655
585 294 616
326 700 528
699 222 238
476 156 718
601 491 168
300 655 469
166 41 839
531 414 280
624 396 288
76 90 134
313 678 608
645 197 686
112 393 54
370 68 160
218 19 207
19 423 98
535 174 968
628 260 455
102 363 151
15 687 562
78 96 214
76 55 417
173 118 561
602 52 253
31 698 517
392 180 677
477 134 831
590 149 437
282 226 224
240 240 526
541 547 888
3 297 333
407 202 507
429 53 303
138 381 987
614 654 851
116 493 144
145 1 638
449 656 701
505 690 68
180 517 56
2 383 116
278 523 499
571 284 253
181 252 236
599 635 561
616 187 275
49 413 116
3 185 413
662 347 717
302 495 184
338 561 677
579 56 309
57 325 908
591 470 28
376 463 796
327 133 329
698 32 785
367 136 466
635 697 78
197 85 400
369 472 591
364 489 322
302 168 581
279 423 474
422 135 558
256 249 162
157 380 544
59 664 208
66 495 161
629 626 651
517 606 542
218 77 877
649 524 789
69 123 326
205 358 645
115 571 838
2 666 336
373 117 105
294 42 768
47 113 621
124 21 89
268 22 569
572 548 800
406 678 409
241 574 833
125 321 831
17 246 293
681 138 729
678 305 908
511 84 737
320 60 648
219 464 494
270 286 816
500 192 244
577 673 217
262 589 28
594 204 15
504 180 13
129 606 991
627 274 956
28 187 55
356 358 174
287 33 136
465 141 52
525 686 159
11 448 417
40 265 181
360 564 208
285 214 7
249 67 798
639 135 451
172 638 828
647 390 271
665 374 36
491 309 556
351 604 247
413 405 878
271 204 247
83 503 169
681 141 41
255 462 167
532 195 582
346 66 630
386 540 848
263 688 960
145 200 910
647 147 450
10 123 662
656 339 393
32 554 765
220 514 418
694 202 827
573 78 461
666 681 135
184 223 852
19 15 614
211 228 578
636 693 779
493 423 924
10 235 131
440 568 124
220 505 701
581 495 638
398 470 115
409 40 127
10 631 189
696 51 263
354 370 339
579 676 112
412 112 995
16 387 303
546 11 88
459 241 802
91 688 48
289 166 909
492 68 393
552 475 25
587 634 744
537 697 311
313 275 798
601 582 169
278 242 679
438 618 751
349 376 987
320 37 4
323 149 502
623 64 664
559 350 391
532 397 50
485 554 908
364 70 885
225 490 118
126 111 633
59 116 777
483 424 512
484 692 41
6 581 396
502 646 876
46 277 233
196 536 121
411 270 903
29 503 531
641 360 170
116 598 556
7 255 742
177 385 991
285 521 558
681 54 833
358 248 429
631 280 133
517 567 730
105 276 361
6 300 407
174 297 668
438 278 415
284 654 229
386 433 65
194 694 582
169 51 846
244 383 602
231 197 948
190 273 612
503 139 553
544 219 258
320 664 268
94 297 439
433 594 718
362 627 8
390 21 547
434 446 510
473 356 751
650 554 509
134 121 940
640 647 714
428 107 763
84 9 285
91 572 892
532 593 764
338 670 952
91 81 225
58 435 689
678 673 336
93 481 419
542 139 243
130 580 574
529 387 712
137 563 906
204 335 625
260 77 732
119 529 907
251 222 284
478 483 300
38 55 499
508 666 865
594 298 908
12 454 371
44 298 92
204 598 21
267 133 740
670 557 605
71 594 568
577 46 885
102 110 762
81 443 427
696 358 710
495 138 146
491 466 265
668 421 989
340 141 294
99 456 462
575 451 384
652 67 531
431 347 467
614 460 286
543 309 899
173 452 995
263 518 195
225 92 516
18 4 493
189 171 634
464 141 711
503 402 846
564 613 397
358 466 540
421 124 191
135 392 489
291 574 503
269 196 793
73 390 732
413 167 699
166 382 736
615 594 894
214 406 732
438 664 52
143 59 647
82 533 412
195 244 975
226 41 415
114 385 387
172 452 712
218 458 687
655 469 778
470 33 445
147 112 938
421 234 911
365 492 393
362 215 289
330 458 252
611 34 918
7 434 71
100 51 738
453 393 616
83 371 178
621 529 30
344 549 898
433 455 809
450 533 43
261 443 77
154 660 953
152 21 922
280 405 37
237 358 896
75 531 475
311 553 995
220 532 47
285 484 321
311 220 272
574 640 871
138 662 382
371 301 370
500 194 718
415 617 276
585 319 833
114 293 366
279 459 551
29 279 835
125 140 172
586 176 999
663 300 929
252 239 433
482 250 931
661 291 668
622 565 695
482 489 143
524 152 378
181 249 909
468 672 407
205 53 676
392 0 270
469 586 789
234 591 490
599 492 45
224 690 697
196 167 566
536 307 10
357 187 733
491 328 516
645 485 895
446 357 387
202 344 336
48 612 237
119 695 529
394 531 109
8 643 139
651 693 881
595 19 372
54 511 301
436 696 939
259 549 68
441 691 264
374 66 609
507 601 804
536 106 855
250 693 251
499 526 383
135 515 355
418 596 530
172 260 830
4 411 634
596 304 350
58 299 346
310 120 149
640 632 142
25 510 713
356 650 90
406 639 485
547 346 491
322 273 356
275 546 521
1 341 39
530 439 366
228 217 131
169 444 838
339 681 740
82 364 385
175 549 697
354 568 262
175 58 233
367 285 206
303 293 448
375 569 361
381 195 239
42 293 57
374 447 221
98 61 255
578 84 440
309 156 805
602 681 140
116 537 154
348 106 957
382 136 893
426 160 706
295 555 817
688 23 458
59 345 938
212 328 470
21 50 407
462 522 444
73 369 129
554 319 525
150 145 66
365 585 738
591 225 422
447 535 814
319 25 628
665 311 639
129 224 808
188 131 704
44 640 828
326 420 202
387 130 549
692 320 417
510 25 771
689 464 309
259 628 218
420 610 551
70 73 904
661 83 854
402 438 224
322 81 361
649 472 878
364 14 147
506 336 894
419 444 749
664 695 477
583 357 133
154 527 22
67 229 897
591 459 632
564 655 209
535 380 127
676 65 690
147 232 61
295 618 904
345 359 479
342 8 90
321 408 453
69 361 434
98 691 298
83 23 799
241 567 231
396 290 234
28 646 800
65 494 968
473 397 318
627 430 786
6 124 620
47 675 105
680 679 559
593 583 421
399 387 294
137 342 894
81 297 303
631 548 790
459 140 812
313 678 94
231 185 82
214 161 430
639 663 585
126 403 285
213 540 760
603 327 755
637 22 683
565 672 875
372 79 547
328 632 749
271 324 196
520 555 520
301 39 828
444 298 489
313 186 895
253 498 560
121 454 551
279 380 428
551 541 374
244 302 584
86 544 759
576 103 849
42 18 782
429 419 658
167 642 733
607 619 415
321 136 877
254 275 987
294 391 883
203 17 27
56 398 164
6 665 561
565 371 985
445 290 30
175 363 840
238 679 399
509 196 582
386 263 524
502 210 970
417 333 151
474 277 757
91 362 308
102 280 554
667 615 87
575 426 346
7 77 556
312 55 449
104 196 669
533 348 865
110 292 448
661 146 933
434 311 973
581 374 782
66 92 430
40 352 166
95 627 198
484 492 997
107 261 549
9 389 866
189 42 189
155 503 779
404 419 264
58 321 823
681 505 776
582 444 713
630 260 391
251 645 214
377 176 319
25 320 119
646 33 612
600 171 503
169 472 155
657 621 716
637 527 246
634 422 1
298 253 679
362 258 424
441 397 570
215 396 330
149 317 758
160 414 930
372 140 659
696 291 646
69 281 331
222 99 38
648 688 833
96 661 914
415 285 739
438 138 271
547 310 350
226 492 416
389 610 496
295 648 741
524 289 808
610 422 286
267 439 582
375 378 530
410 492 313
279 538 352
386 593 113
322 99 851
441 454 338
356 363 775
31 77 685
168 592 701
39 625 167
694 169 157
662 696 261
593 465 673
398 509 182
573 305 940
461 253 87
485 283 672
603 333 768
19 3 827
407 60 328
241 671 650
598 457 983
470 681 151
268 459 529
560 676 226
248 700 557
167 521 703
159 7 496
293 488 452
475 121 574
419 510 548
186 266 971
287 23 877
210 141 722
500 237 436
354 399 156
322 194 764
409 9 648
595 592 841
322 683 581
327 67 459
73 243 359
158 154 375
493 261 606
87 108 261
654 679 985
524 41 173
124 241 530
173 146 735
622 149 559
46 326 552
185 58 300
209 256 179
550 246 931
322 651 276
254 433 779
304 163 971
575 638 624
694 43 762
88 187 841
313 26 203
223 255 968
486 122 979
570 128 396
272 160 79
162 476 872
369 652 126
492 697 205
665 202 375
674 102 965
314 673 516
442 208 883
625 126 186
117 586 432
273 35 667
158 548 319
216 235 883
580 9 443
428 251 302
682 327 878
102 157 453
630 419 512
528 30 29
86 242 512
413 373 138
133 640 123
547 594 358
282 426 369
346 648 911
571 7 374
475 12 988
624 337 724
401 59 916
3 163 994
161 192 436
649 74 814
570 526 660
117 17 147
630 24 771
271 161 841
475 510 505
446 67 693
585 112 574
218 368 843
485 126 337
51 425 89
14 396 151
178 85 843
461 460 957
691 611 888
413 677 71
629 92 939
560 298 918
158 98 324
204 653 582
86 455 697
464 12 18
457 338 267
271 244 137
534 235 520
494 298 906
365 214 237
302 233 482
556 112 996
584 178 855
83 482 225
316 690 337
542 272 424
483 60 809
368 401 532
321 147 613
46 398 294
682 652 586
576 351 524
534 134 194
571 544 143
626 283 986
136 358 299
352 581 360
509 683 823
696 434 862
256 434 490
266 426 982
310 45 719
99 305 1000
131 514 250
104 610 335
407 628 994
545 529 521
88 498 932
485 253 349
269 274 143
169 280 625
314 222 633
119 569 866
293 302 161
82 7 426
460 668 9
173 256 620
108 162 433
12 565 278
484 676 361
639 364 861
700 625 966
82 533 975
523 529 409
153 346 59
348 37 824
115 103 50
632 63 628
237 336 246
232 590 845
540 639 539
656 151 604
454 601 156
406 59 29
240 25 78
320 127 789
263 375 519
160 166 248
95 225 254
453 519 736
384 239 749
229 556 784
506 550 85
615 601 262
583 430 958
53 559 612
152 577 110
337 317 13
483 292 307
419 477 389
671 5 170
268 443 118
426 498 938
157 232 991
116 60 69
221 232 730
483 246 519
403 596 695
274 501 290
582 202 952
246 583 421
545 212 853
335 526 369
92 309 360
523 397 889
220 442 768
495 129 80
378 596 98
465 342 885
316 97 588
4 415 249
44 440 636
395 182 921
579 400 331
395 142 308
443 197 771
80 566 200
331 401 957
566 559 216
618 299 355
370 122 752
237 445 38
85 333 704
665 486 954
679 329 657
44 434 642
256 275 721
515 194 757
407 686 669
163 9 798
505 674 689
538 648 396
435 355 818
479 500 837
610 39 275
369 219 268
1 244 542
428 338 459
18 443 535
329 107 363
292 328 892
12 325 73
684 226 439
621 112 310
526 545 559
172 277 770
485 248 803
628 506 48
7 152 211
246 269 378
35 232 612
551 226 486
436 561 234
613 496 994
339 494 449
72 208 871
83 286 790
57 436 994
639 423 931
391 78 780
140 55 265
102 640 489
516 288 167
295 2 32
62 660 965
233 314 168
626 146 214
652 66 614
315 158 552
686 193 380
107 688 440
651 489 964
269 259 227
125 486 818
459 469 817
335 487 396
305 254 389
80 543 5
502 183 767
275 368 914
293 572 892
355 137 993
2 425 381
528 441 586
326 463 123
622 105 819
165 170 580
20 223 664
605 641 608
183 76 137
651 152 455
105 344 248
437 337 290
193 598 487
118 133 8
392 279 441
630 212 80
579 13 471
624 616 315
85 69 20
561 143 273
127 44 466
579 346 519
279 484 10
264 635 619
442 155 727
661 120 505
136 624 249
643 300 518
640 459 636
471 668 799
652 209 722
411 42 545
694 200 547
326 644 965
592 672 566
209 154 671
543 105 328
104 594 743
252 63 131
76 597 57
573 155 63
550 454 449
192 205 720
116 527 57
627 323 948
601 98 426
43 243 595
256 235 453
423 228 636
422 90 241
513 106 729
438 273 654
394 432 763
170 658 870
572 671 730
681 212 195
672 548 667
675 0 789
339 184 929
220 590 917
639 276 946
106 110 360
481 632 359
544 383 169
210 305 613
502 194 582
655 570 350
382 576 456
408 121 79
386 93 327
422 391 122
524 133 161
197 665 816
501 144 757
66 464 38
65 126 584
446 418 281
253 373 279
2 662 401
611 337 320
602 549 806
104 351 293
642 200 581
385 436 89
554 77 532
671 320 585
257 19 415
495 388 591
61 268 878
583 396 345
366 564 575
641 606 181
553 550 11
532 639 45
519 231 169
56 496 821
463 323 550
636 622 293
442 670 633
496 624 855
532 31 131
142 486 116
566 317 658
32 333 163
454 131 687
638 552 606
136 383 742
199 392 459
130 419 295
561 444 1
378 483 281
687 250 130
369 39 979
251 70 235
589 122 20
664 105 283
405 491 646
289 73 292
668 105 404
556 465 596
682 307 337
223 189 368
491 394 814
311 508 37
647 152 255
89 644 646
490 352 833
42 551 528
309 279 317
566 151 659
608 108 27
69 197 211
477 300 764
516 279 969
685 101 174
567 114 799
307 599 83
65 481 564
660 689 253
353 335 504
673 202 277
641 138 512
91 576 654
147 84 788
641 77 64
182 611 62
307 292 96
83 41 244
586 586 806
629 603 789
547 551 307
650 332 827
17 278 814
236 135 801
451 290 171
496 205 642
551 293 347
307 627 631
455 166 673
190 289 854
275 432 224
471 313 88
22 90 119
136 298 371
491 384 980
559 481 428
319 601 581
270 150 720
43 445 259
622 80 783
514 602 775
583 378 661
490 632 320
586 582 877
1 533 329
136 330 591
660 149 658
364 516 846
680 509 347
538 305 345
385 333 748
511 67 636
105 146 626
642 358 355
108 165 772
536 390 131
259 631 238
591 244 995
587 321 845
245 418 939
453 605 72
124 310 126
77 263 249
75 633 504
637 226 32
262 486 323
527 677 347
7 244 282
511 234 386
4 426 338
370 230 327
51 507 518
484 563 283
126 402 846
272 517 122
368 582 694
452 677 120
99 616 432
128 195 665
470 42 191
97 166 125
619 179 95
583 76 832
405 627 346
500 285 826
291 507 511
405 72 150
370 696 139
203 67 558
195 321 598
389 674 962
292 554 741
380 52 714
312 503 650
34 571 840
380 310 994
553 474 390
215 695 442
137 635 901
504 352 754
266 322 473
252 540 203
589 633 783
187 95 17
237 108 680
207 42 200
447 491 91
318 483 918
427 140 404
71 517 425
471 444 785
192 153 430
371 498 708
68 58 631
359 316 651
63 461 928
436 256 118
582 480 116
212 185 583
132 278 785
680 39 815
298 30 589
669 163 574
306 649 62
433 134 905
368 212 504
312 529 363
660 685 297
428 646 366
349 342 956
621 303 78
268 350 863
142 334 296
517 539 854
239 280 893
214 185 524
658 487 915
23 620 978
440 213 869
199 567 623
221 567 197
190 406 789
672 15 759
62 320 477
628 588 354
151 107 499
402 404 857
428 684 710
441 385 956
635 295 258
383 626 510
353 525 185
24 158 279
471 329 688
75 508 70
177 490 206
652 589 411
594 157 712
699 637 34
296 68 373
396 305 189
509 57 189
519 609 564
61 665 376
26 369 139
690 504 317
15 578 379
284 85 723
412 316 734
549 337 821
592 599 850
79 489 966
235 214 519
345 144 852
157 410 659
620 332 865
294 7 206
643 217 52
625 229 569
634 260 427
529 502 190
348 327 464
386 66 919
541 183 71
308 270 191
622 402 788
326 693 916
476 72 525
408 62 577
338 23 801
695 319 297
380 510 841
550 192 5
343 694 15
210 622 32
311 311 44
165 336 653
177 613 394
334 666 958
3 276 358
494 160 149
89 543 237
604 260 405
577 325 661
31 270 614
545 294 433
372 601 847
136 157 684
634 115 861
127 621 842
4 294 74
182 481 877
6 144 420
574 204 39
393 331 825
207 485 774
536 249 138
157 351 850
645 143 74
234 110 948
601 159 729
317 591 130
262 576 24
474 618 800
655 673 958
318 341 824
150 451 836
590 332 401
543 148 135
90 360 83
487 186 491
635 384 662
260 678 313
96 32 979
580 592 566
320 359 669
382 364 128
300 67 26
15 465 157
554 166 861
530 25 97
232 161 765
449 640 341
527 286 307
592 274 131
158 628 957
74 4 36
228 47 209
206 310 685
18 298 907
234 497 178
268 515 151
460 171 772
395 7 476
334 71 816
624 268 141
428 514 850
131 71 888
346 584 680
39 216 32
293 664 81
330 536 923
154 135 454
35 251 545
294 164 24
466 62 747
85 422 327
474 124 708
188 385 152
99 422 270
374 163 534
521 178 646
429 121 554
298 8 322
556 312 479
351 220 404
529 158 551
150 451 8
496 608 347
538 225 928
59 300 115
133 467 893
38 304 522
368 410 786
443 454 124
360 570 632
205 678 197
72 367 130
462 35 68
550 634 712
16 260 22
94 567 149
51 127 461
520 412 320
166 125 184
543 618 882
147 585 443
254 608 280
424 536 256
449 565 411
143 14 516
148 247 549
533 270 581
364 493 648
401 501 381
301 529 958
312 388 5
385 644 927
109 485 476
408 294 554
609 461 545
549 257 812
110 572 402
476 407 10
587 467 604
364 654 146
89 344 968
402 76 24
155 490 912
503 365 185
273 161 779
174 243 307
607 65 621
678 445 696
689 679 679
466 254 75
154 579 20
6 461 194
393 492 620
392 576 503
212 613 15
631 484 805
102 555 809
612 510 139
297 349 577
24 378 959
308 534 551
149 54 87
514 289 735
9 238 382
511 179 316
432 518 717
150 391 283
306 346 279
683 598 479
628 629 774
569 588 135
679 229 358
93 176 362
95 303 632
401 621 319
676 441 1
499 338 825
691 647 85
656 445 523
131 174 60
614 649 930
398 514 239
652 465 733
455 244 167
34 323 678
236 592 242
654 425 579
140 85 98
500 575 840
653 85 803
83 449 251
625 693 987
14 453 111
163 172 908
414 693 579
697 593 950
576 46 951
259 32 769
306 216 504
7 672 356
171 246 87
239 502 510
419 677 993
506 98 783
76 400 338
200 297 397
478 402 208
107 658 901
188 194 607
478 645 17
615 283 842
546 697 110
20 259 531
317 164 207
406 188 149
397 565 908
256 289 643
330 603 477
509 205 18
696 619 936
364 507 550
213 455 772
23 546 11
551 14 317
228 123 44
173 200 348
291 407 212
82 554 936
91 441 622
414 130 585
209 120 950
418 620 261
459 362 54
533 472 712
165 390 841
543 72 528
479 136 545
428 330 569
536 381 630
259 112 105
574 614 877
466 555 15
435 172 590
36 60 634
573 180 198
613 124 412
421 329 429
203 192 10
18 443 714
124 681 773
549 185 823
632 324 627
120 370 9
362 387 540
476 45 54
206 439 240
539 332 840
520 418 2
236 237 238
451 215 668
471 56 683
641 252 973
467 260 328
168 114 572
362 585 967
643 321 678
158 290 720
540 77 184
365 309 193
534 202 942
96 401 14
499 78 948
630 125 377
169 216 194
585 240 411
213 19 67
571 126 820
592 303 929
47 663 967
342 593 51
547 484 97
264 496 945
127 319 422
87 330 484
679 51 570
223 133 395
272 330 482
258 235 967
305 244 535
308 201 619
58 204 53
430 555 611
545 119 882
342 202 304
138 444 102
106 271 374
418 49 122
191 425 399
193 63 522
659 487 615
469 296 260
414 678 10
92 606 618
174 150 659
47 596 273
435 355 126
535 573 722
386 82 406
78 400 668
380 468 402
694 357 767
656 83 347
162 495 839
301 611 710
525 82 648
190 671 444
513 652 889
525 234 433
51 125 409
522 531 977
688 567 982
335 288 389
185 36 616
67 500 935
334 369 289
374 370 445
273 588 618
546 221 991
76 565 956
301 640 273
52 160 244
223 522 840
281 587 567
315 197 871
66 630 90
205 560 30
376 484 763
590 250 578
449 108 52
182 515 112
462 41 484
135 647 208
364 84 934
41 307 413
497 203 955
76 542 460
121 398 414
328 547 699
73 435 98
416 342 217
548 219 22
498 100 436
632 109 311
45 301 486
654 410 455
578 633 13
20 699 439
137 416 839
318 294 82
527 617 29
509 126 889
407 432 312
58 347 483
171 385 871
239 269 634
57 330 472
233 464 746
358 343 86
126 232 259
416 296 856
12 539 433
284 55 350
248 587 789
303 202 57
326 87 667
536 684 848
558 110 272
700 104 349
62 34 665
478 6 837
596 511 795
452 362 26
599 662 148
43 372 948
625 645 79
501 131 744
453 174 595
668 102 255
199 393 746
127 649 846
422 530 255
228 17 683
561 457 183
196 14 628
86 584 31
27 141 788
598 367 107
335 404 568
148 489 170
302 80 739
676 450 550
224 686 809
620 517 31
459 174 428
228 17 942
313 108 163
22 633 696
36 530 252
658 689 721
460 361 606
43 497 72
503 251 245
345 148 425
145 697 271
689 612 439
535 196 915
583 476 351
334 92 53
350 27 551
48 74 362
26 224 117
134 334 786
642 697 264
691 675 983
381 600 429
519 449 510
678 199 793
68 184 523
28 214 741
528 91 316
122 60 12
523 559 520
577 97 341
282 686 638
234 50 942
298 126 856
560 72 401
557 182 649
9 83 353
190 165 558
667 422 47
192 637 801
323 432 602
568 244 729
511 44 709
596 3 303
353 305 172
245 295 438
518 97 642
606 150 187
318 611 569
86 214 136
397 687 992
690 396 746
471 430 562
302 451 125
297 207 105
68 619 966
79 173 532
33 523 610
284 319 837
402 118 570
119 324 675
417 472 551
659 503 644
425 545 65
450 222 209
145 148 814
526 238 842
579 542 960
320 611 92
251 418 565
539 301 881
124 179 670
608 611 902
207 519 627
694 138 276
160 641 468
381 255 426
352 674 605
60 69 157
619 327 469
37 412 758
544 93 242
168 545 570
19 467 383
636 567 652
621 379 739
612 493 797
315 537 847
106 357 868
157 279 872
2 555 636
306 126 723
331 536 605
585 338 619
516 265 864
438 283 147
226 218 680
539 439 429
465 347 312
605 603 295
466 532 226
29 137 708
656 390 869
274 607 363
464 465 519
80 223 474
399 354 149
683 450 671
46 483 879
164 163 115
474 700 202
609 225 885
276 362 396
90 154 159
106 651 969
119 191 541
314 586 837
484 114 205
612 325 555
443 663 212
399 260 139
697 117 583
415 579 338
463 81 936
588 556 132
238 98 605
21 534 573
309 208 173
15 215 380
280 88 871
290 555 215
449 233 991
356 358 263
176 420 536
645 126 274
267 194 810
74 110 774
568 213 597
602 621 489
601 434 891
575 29 132
51 672 747
539 557 726
413 388 799
246 669 671
414 553 296
644 316 643
211 548 353
431 212 629
504 71 168
410 170 764
385 24 755
181 160 655
658 90 66
336 389 508
391 88 630
551 216 507
13 103 310
169 438 147
1 409 259
361 127 240
61 694 280
199 428 352
449 277 3
338 534 798
137 402 650
663 556 937
387 281 573
95 558 589
420 96 344
237 8 96
292 399 52
308 404 878
312 301 63
344 609 415
243 291 444
594 673 555
369 689 78
478 426 505
472 568 749
385 135 575
447 172 474
244 517 38
163 525 295
15 88 706
114 29 746
173 413 779
641 441 383
322 201 273
0 31 517
560 648 678
200 269 462
583 299 941
577 34 849
171 289 332
484 526 724
444 511 915
271 112 347
397 375 757
530 6 283
682 651 553
235 678 603
30 1 476
75 198 336
27 57 731
497 216 361
407 296 76
237 494 130
50 227 231
93 387 932
211 89 509
426 545 750
573 670 805
406 476 758
474 85 947
154 364 87
421 472 316
632 587 439
272 414 525
209 50 994
256 651 216
341 271 23
686 148 275
455 477 855
606 346 230
360 569 824
303 617 376
344 94 42
604 266 85
409 288 844
581 234 487
369 410 714
658 24 608
339 568 593
288 383 765
131 44 755
675 161 825
167 570 298
417 119 757
562 663 788
368 495 809
263 205 964
145 145 886
268 84 627
392 26 915
85 629 458
476 297 829
109 175 830
137 304 547
189 467 288
249 0 784
586 109 318
106 53 779
379 101 47
584 153 496
258 327 941
464 32 506
73 339 857
267 601 177
588 101 211
647 291 262
534 204 669
611 7 348
372 469 779
609 104 578
597 318 168
517 414 343
116 660 497
531 407 335
399 75 454
489 215 512
238 34 600
187 207 162
118 435 151
634 282 490
336 631 756
127 297 907
103 613 58
247 581 93
198 559 999
339 436 985
327 383 523
255 215 365
216 132 665
57 379 431
523 453 868
648 409 606
221 466 10
14 581 685
477 673 122
23 336 676
202 519 570
593 505 744
561 660 173
94 582 127
419 104 360
162 406 96
540 345 684
472 236 298
311 19 118
85 512 81
424 137 159
177 335 59
128 487 660
316 483 426
315 681 396
282 429 319
147 314 322
420 188 317
229 169 607
516 315 968
348 133 567
361 183 395
590 521 196
323 453 210
696 439 144
618 516 565
657 439 883
441 361 533
292 585 153
408 77 498
602 556 218
291 542 955
660 40 676
481 58 412
187 120 740
83 124 263
498 654 717
92 467 969
255 299 227
610 230 336
259 278 803
33 393 775
210 325 97
322 550 504
403 482 955
343 397 660
650 612 170
334 273 47
471 407 658
275 598 186
221 89 96
284 590 175
574 673 882
537 516 993
619 478 307
499 191 322
690 98 671
362 407 904
689 207 628
624 134 107
643 337 77
71 449 398
141 43 579
358 44 454
369 506 948
580 430 1000
227 632 627
293 227 379
547 409 12
676 498 198
106 528 146
615 545 903
347 171 127
356 392 279
96 324 669
136 644 472
96 618 137
20 196 141
108 259 309
140 72 163
421 400 139
396 331 357
58 151 363
594 367 387
527 464 572
315 496 925
67 161 491
295 25 470
194 247 203
471 534 213
411 267 509
453 381 630
23 247 239
151 213 175
390 493 663
223 700 743
274 107 825
119 595 113
82 671 74
412 121 730
127 534 361
524 73 333
83 216 206
80 309 391
373 645 972
433 0 263
166 502 709
111 246 480
427 670 657
22 603 311
99 224 398
661 154 818
416 0 957
480 357 651
619 21 375
430 457 151
173 602 227
55 33 646
441 250 966
364 651 64
109 325 247
467 151 205
62 333 282
17 465 901
487 578 809
696 476 605
21 558 150
183 498 638
680 317 61
522 185 234
9 404 653
195 433 216
549 669 121
71 620 29
696 94 1
640 488 790
205 286 10
239 523 115
242 494 236
451 15 975
115 521 740
98 515 787
415 672 333
83 671 921
333 546 847
360 67 941
556 489 600
523 62 318
214 525 451
92 236 693
228 458 915
270 616 345
384 639 195
467 384 445
413 675 680
108 240 790
247 675 998
363 530 94
358 74 983
147 195 2
524 486 86
34 533 195
185 509 831
657 55 984
224 142 476
666 670 893
617 638 179
80 282 271
87 480 170
209 605 992
537 538 738
122 184 0
376 260 122
167 41 746
436 306 36
383 162 880
348 456 395
442 88 623
52 449 366
651 637 211
313 514 892
290 482 444
39 429 188
61 331 1
112 72 664
677 340 487
2 474 816
20 542 142
567 428 381
425 518 545
543 640 737
378 517 984
397 46 803
240 677 902
404 554 978
22 442 966
542 187 757
293 565 128
29 624 883
676 475 378
555 226 22
72 546 6
538 458 739
648 214 601
673 636 504
354 320 163
312 421 510
246 218 578
285 614 649
411 379 262
622 314 365
399 492 6
327 505 80
319 671 130
490 337 835
427 356 395
228 298 871
428 542 166
412 438 386
413 462 852
131 325 30
374 310 899
166 24 729
517 581 436
48 284 767
618 316 910
461 674 930
322 35 959
136 352 488
422 10 139
356 566 882
216 314 552
461 16 475
97 536 672
78 267 892
333 132 520
529 656 42
310 301 413
168 172 363
625 510 748
283 304 89
140 395 760
534 346 76
479 154 136
658 482 616
248 536 505
373 665 664
691 439 540
610 149 477
235 131 232
678 413 205
363 162 519
524 270 38
659 27 496
208 388 756
681 192 751
453 563 875
490 633 326
98 419 539
318 374 707
686 635 599
687 229 119
613 61 92
4 463 91
176 391 202
39 326 747
21 124 464
364 112 106
618 443 597
368 354 641
274 220 341
344 580 389
335 381 172
621 375 739
154 35 872
334 54 823
198 683 923
319 6 779
481 179 315
298 536 138
260 383 844
471 485 8
473 70 142
318 614 123
304 596 64
545 614 202
697 252 406
438 482 652
535 321 950
249 3 248
309 345 967
172 255 952
166 275 51
451 695 147
54 282 69
361 203 456
178 82 792
687 462 525
301 147 981
148 56 74
662 638 651
50 590 907
303 306 936
604 434 272
525 189 839
295 624 202
12 636 980
322 599 587
67 505 550
456 257 406
657 515 155
134 144 925
638 191 875
594 264 130
173 577 6
276 35 567
477 130 176
181 636 855
151 51 868
246 587 787
399 176 55
47 199 148
349 280 245
9 7 284
429 128 985
179 322 858
570 226 932
619 313 691
664 200 5
393 68 725
15 550 770
521 430 522
233 571 671
356 240 994
511 341 335
426 697 393
211 506 520
431 527 293
19 563 476
210 659 655
689 223 282
321 258 686
9 593 90
615 472 71
286 371 164
196 326 236
406 364 814
116 282 327
655 550 368
287 239 562
260 676 579
367 323 859
402 279 778
312 45 112
155 543 135
246 383 182
555 110 231
592 35 898
665 527 697
672 266 646
640 604 671
614 250 893
454 222 822
513 55 278
646 162 884
334 305 520
655 272 162
400 148 260
78 219 466
52 265 840
37 160 162
675 453 869
192 103 273
83 32 724
592 549 842
420 437 417
225 354 102
227 146 360
487 110 746
544 40 560
392 273 242
440 360 704
194 42 919
371 577 195
348 42 877
619 30 703
134 288 447
455 690 57
282 231 283
273 457 46
330 212 940
204 554 926
52 673 357
38 146 657
82 23 701
19 675 14
231 115 557
331 259 107
561 94 212
401 334 511
123 123 477
416 608 662
674 646 861
373 65 535
246 343 381
56 621 131
263 459 945
187 235 540
254 53 361
272 162 310
481 500 279
285 553 934
620 217 635
522 409 666
507 94 930
667 267 231
583 323 782
498 15 806
431 51 718
358 336 365
375 47 930
621 85 402
167 425 485
177 3 158
100 409 940
227 231 537
233 52 137
380 530 794
281 306 975
647 398 578
568 304 334
423 669 256
369 533 100
92 414 587
142 661 105
642 453 249
379 212 555
134 478 533
645 418 369
534 411 53
236 336 637
578 209 52
593 385 377
148 622 29
217 185 217
429 62 112
320 273 350
317 402 746
200 447 356
595 470 787
424 284 201
96 16 770
444 518 81
348 354 805
316 52 226
293 392 793
396 543 512
387 565 976
180 267 133
111 514 865
105 448 862
437 436 590
457 208 442
434 530 993
138 607 575
230 396 84
507 542 888
629 305 13
544 208 672
578 60 793
229 582 752
518 41 794
44 431 433
416 255 811
502 591 153
147 575 330
569 677 809
270 197 912
136 517 720
160 96 374
328 601 983
538 50 536
248 507 41
217 661 158
426 494 862
527 144 23
296 70 764
66 83 91
392 315 9
521 413 788
494 185 440
69 366 770
347 390 271
316 397 787
252 421 803
549 26 652
149 346 428
61 652 88
506 515 771
346 357 970
130 251 621
334 699 239
75 116 435
169 312 221
205 547 20
590 503 758
564 129 820
682 326 223
483 396 541
220 224 870
334 442 409
598 663 938
353 331 549
362 263 506
466 193 103
89 176 272
358 15 379
639 430 501
292 40 608
661 299 237
113 507 111
297 578 125
320 370 829
359 506 414
202 367 557
151 273 880
265 632 377
167 314 426
119 338 525
376 83 665
474 516 873
679 598 427
553 364 13
222 198 239
277 94 473
392 19 97
558 190 414
373 659 275
354 370 312
161 453 163
545 278 204
679 189 606
640 308 520
130 579 838
515 299 487
397 225 454
608 496 928
597 630 921
273 43 463
292 698 930
449 25 841
214 487 961
285 78 185
73 308 813
499 154 497
433 146 17
114 273 823
227 390 319
247 697 768
509 34 254
23 577 677
193 163 237
147 590 247
414 292 59
446 56 523
443 561 142
463 121 175
534 55 644
214 380 299
189 543 787
452 632 925
88 336 890
556 362 439
454 340 703
33 20 132
498 657 821
625 685 131
699 181 623
579 368 192
572 87 812
6 334 799
386 162 829
188 516 456
580 392 270
648 70 567
161 662 43
77 51 836
381 290 700
632 657 725
250 322 352
141 355 751
466 115 444
686 656 217
21 80 439
492 542 495
14 74 256
399 233 127
453 76 271
641 547 723
105 608 403
456 123 440
466 130 899
526 539 92
663 297 48
303 495 994
21 22 286
646 481 274
644 606 238
623 239 264
679 300 592
594 310 355
308 428 354
469 171 894
379 586 226
437 456 665
81 62 11
99 306 137
372 562 502
694 532 144
109 694 150
400 531 202
294 665 725
236 492 827
104 569 454
415 596 648
458 160 195
501 244 477
563 562 39
363 494 271
25 417 99
160 72 919
441 400 421
626 39 107
432 160 494
274 438 284
405 452 430
595 361 106
553 254 534
532 325 311
51 531 197
642 610 661
100 525 450
360 309 283
128 544 567
590 132 218
184 357 795
94 159 414
535 491 486
141 424 211
516 592 640
343 526 429
413 49 737
504 110 64
167 556 14
326 206 383
585 659 419
646 140 656
432 221 229
131 6 847
463 644 215
191 156 157
310 141 63
568 507 701
22 428 635
664 422 192
33 493 793
645 134 368
560 270 640
316 660 381
659 424 537
377 185 763
418 144 760
238 286 458
613 110 204
570 7 236
225 478 597
387 534 750
101 199 105
27 547 643
658 138 882
409 485 959
119 5 404
12 668 144
61 306 261
584 29 528
30 23 586
387 150 926
447 49 891
210 30 302
232 246 664
30 218 260
17 650 888
451 628 858
404 360 2
172 566 184
175 352 228
327 211 86
236 272 902
684 657 792
246 561 555
274 346 172
398 527 846
175 243 340
571 446 916
3 471 301
65 442 558
28 0 737
611 536 718
386 557 883
606 265 520
161 415 224
412 249 823
598 426 610
337 315 48
285 448 302
25 119 434
270 79 61
602 644 922
199 173 22
683 486 163
58 173 993
540 40 76
314 697 838
551 184 611
426 79 786
131 529 784
307 382 484
92 538 276
108 196 532
629 303 663
382 203 7
212 627 205
300 145 255
298 319 444
65 441 339
649 628 674
406 538 584
308 269 817
276 181 573
8 671 460
112 504 41
226 209 45
355 490 516
224 47 20
136 234 898
457 122 70
457 159 65
545 493 907
337 342 329
61 392 167
442 223 734
437 112 948
257 430 167
370 33 176
141 224 875
625 622 130
549 134 144
506 502 788
628 99 58
428 389 534
72 188 837
421 1 318
455 205 887
205 65 929
599 615 183
314 50 137
65 635 119
582 84 323
448 83 86
294 616 705
380 413 183
314 182 817
181 292 142
78 421 974
632 218 24
668 479 671
582 512 659
380 338 45
223 48 237
158 528 430
660 571 192
21 57 562
177 420 691
428 381 554
176 475 593
341 541 850
344 501 620
441 319 153
440 284 231
536 232 825
313 336 389
213 31 854
454 70 559
682 322 66
687 235 252
21 326 633
444 42 887
72 104 30
461 313 537
644 182 450
27 415 976
675 293 92
561 369 340
238 176 852
672 48 536
216 579 745
250 78 650
133 649 500
408 442 418
408 262 439
150 362 870
66 445 191
33 400 504
278 502 649
193 361 982
568 600 557
619 233 651
494 409 270
673 699 947
243 40 326
513 672 768
468 208 63
187 379 785
163 688 154
177 491 827
422 421 156
283 245 825
91 559 359
680 217 203
284 198 133
268 571 89
93 405 582
231 694 970
464 683 71
690 35 611
501 143 571
246 440 917
562 520 650
389 562 767
36 694 795
17 207 58
35 111 60
280 507 251
344 173 887
187 38 322
688 567 878
109 240 245
485 675 132
447 528 262
108 263 879
218 531 792
458 456 863
408 644 623
652 310 642
480 700 4
174 6 503
676 357 937
122 52 394
236 55 114
43 277 836
650 75 407
485 433 537
566 292 178
434 587 521
479 594 664
629 121 981
278 194 306
367 2 749
480 335 424
668 225 777
18 208 653
593 209 256
600 339 341
593 466 767
124 409 979
257 411 734
415 699 155
103 58 601
257 612 785
0 642 611
519 577 15
13 338 104
539 207 293
384 591 187
131 382 41
108 597 563
257 108 802
393 352 870
614 383 725
644 156 103
450 688 951
572 478 89
581 232 930
285 285 20
454 636 61
291 488 40
510 43 28
182 581 572
574 616 709
512 343 465
139 362 284
306 178 701
127 511 135
645 640 193
297 286 272
631 600 953
112 523 547
300 602 5
298 169 156
534 238 604
328 700 344
628 93 951
336 443 723
143 604 892
263 578 55
220 527 520
689 98 343
637 617 781
634 569 103
90 655 755
126 73 662
66 522 263
90 540 715
326 424 118
275 365 336
521 358 647
367 248 148
348 548 567
582 257 433
110 299 924
26 138 841
655 229 780
132 266 923
41 527 444
692 521 558
260 10 329
555 492 5
151 243 369
500 55 922
528 178 538
667 297 427
294 76 274
502 76 359
301 88 362
72 61 956
211 582 279
589 287 868
463 303 653
202 449 535
159 160 249
91 17 528
300 689 106
163 269 898
622 341 4
262 97 273
99 177 35
459 98 23
268 320 458
165 660 359
120 305 120
425 537 27
400 4 881
408 279 933
120 389 214
642 213 386
48 658 213
50 252 965
183 357 797
257 240 986
417 135 663
356 474 550
541 462 829
383 172 446
250 63 843
465 697 301
682 279 117
668 94 457
203 42 822
314 500 633
640 306 800
329 229 473
582 137 715
24 320 466
180 494 59
344 350 330
176 228 130
670 298 664
126 410 418
664 332 965
132 409 463
508 4 807
572 463 460
600 9 682
554 320 110
240 694 513
274 614 645
307 344 342
528 576 925
42 659 632
586 407 989
255 528 20
452 330 569
55 166 771
12 97 762
454 0 151
150 665 246
372 520 192
227 226 816
108 125 474
472 70 520
457 262 137
475 182 59
28 436 551
294 599 479
175 637 736
127 153 211
699 383 391
483 471 553
44 183 701
425 114 215
643 257 652
516 633 277
361 453 166
519 248 202
223 666 678
387 95 325
323 172 302
70 439 7
424 86 156
601 124 457
153 305 897
576 682 605
407 182 864
389 457 92
340 168 920
157 442 686
457 632 111
181 365 289
108 191 707
3 525 120
632 385 681
628 220 641
68 392 607
367 178 175
334 279 702
629 71 496
110 457 900
181 542 127
270 594 286
361 467 136
628 48 748
148 82 504
63 283 461
7 201 538
489 6 546
51 192 181
255 238 817
628 347 728
104 146 139
103 278 659
482 108 459
341 615 236
87 180 621
242 168 348
175 229 50
332 247 884
202 645 113
368 502 768
56 139 815
290 654 723
175 353 453
157 184 104
65 655 558
97 253 873
509 588 815
245 89 918
184 0 185
470 268 624
46 208 211
286 669 669
523 657 325
156 262 812
359 93 618
665 343 989
596 457 817
670 413 867
271 397 404
47 689 711
231 614 973
440 357 779
547 219 82
578 207 363
340 653 322
694 127 665
460 425 500
430 216 903
669 240 538
200 222 619
610 298 474
400 192 281
107 545 1
300 615 312
386 624 687
591 680 105
220 49 83
584 124 543
454 336 166
422 306 960
686 381 628
178 683 969
9 510 380
252 298 962
504 495 834
129 240 146
599 210 249
50 651 388
635 267 123
582 371 743
500 217 234
182 693 585
537 20 242
221 191 971
402 40 102
247 513 462
199 519 287
498 369 337
304 602 113
524 419 970
203 543 932
210 313 159
223 470 26
247 373 631
201 428 767
312 450 224
638 558 668
54 331 123
38 598 98
192 298 841
633 489 995
520 284 424
262 87 528
494 532 844
548 255 169
658 144 608
560 212 955
466 356 912
117 554 753
160 603 229
344 115 855
168 387 780
7 172 651
631 15 457
364 587 821
54 136 668
224 325 702
502 351 758
512 695 646
700 185 887
252 693 513
310 70 463
332 433 80
410 110 936
114 381 397
261 441 455
646 555 533
682 239 931
322 68 21
557 453 227
426 181 915
679 142 748
632 117 132
513 478 55
496 673 316
512 157 290
474 343 903
446 449 692
513 149 568
33 64 584
353 88 798
286 624 390
59 654 566
496 416 260
221 72 129
204 144 696
305 24 220
268 367 907
40 68 104
355 230 675
625 685 897
54 207 172
479 275 984
86 284 15
278 489 845
700 338 481
697 327 553
105 76 607
480 4 565
187 332 952
431 411 275
396 696 192
38 457 801
36 327 135
389 229 495
105 409 260
479 626 288
79 587 911
164 674 148
436 255 75
175 443 406
169 473 939
274 14 875
651 46 566
454 37 963
242 14 425
177 479 138
563 63 327
249 394 254
46 606 41
309 60 581
248 208 400
123 173 920
267 214 941
350 660 499
534 259 729
337 187 689
340 237 621
100 71 957
491 446 963
614 398 440
296 592 186
10 576 476
65 529 355
542 218 590
89 554 442
615 515 462
206 153 68
299 135 721
126 248 897
116 22 405
593 430 260
422 609 504
461 360 571
374 16 246
531 277 95
271 433 583
586 204 462
429 655 723
435 257 485
211 112 594
115 251 83
290 179 655
679 23 681
78 395 77
623 126 771
102 448 178
474 137 573
259 700 977
429 364 43
42 131 460
349 512 116
4 602 861
597 111 469
237 581 617
119 614 325
494 431 153
17 680 541
318 77 837
656 192 794
395 158 585
670 5 999
71 470 758
632 48 282
187 391 193
166 395 111
310 34 15
287 148 825
605 410 260
97 175 748
281 187 232
523 114 21
352 662 649
65 138 470
554 187 845
175 574 961
1 148 956
263 498 728
540 343 6
481 679 82
114 518 170
208 302 838
396 423 963
260 183 693
674 166 740
577 26 814
169 461 650
674 104 284
528 488 216
454 185 405
408 191 938
568 169 675
536 387 845
338 608 983
235 178 746
257 22 606
511 463 623
169 177 398
595 90 600
287 342 324
246 166 699
69 683 239
120 403 142
673 541 792
350 558 23
662 60 307
138 107 704
402 299 978
500 213 250
371 70 432
166 533 942
422 397 238
129 554 18
317 200 622
296 29 433
389 383 522
81 416 783
345 524 422
480 464 320
373 504 399
412 269 600
231 264 461
686 32 359
192 112 314
324 442 612
454 378 477
413 107 355
575 419 918
218 392 788
561 99 929
470 89 621
513 381 975
313 426 996
473 105 44
522 540 516
220 581 408
287 579 743
67 362 370
340 348 3
409 428 80
654 619 909
400 674 536
289 521 948
126 103 429
592 301 931
312 260 614
175 497 254
548 188 387
189 45 234
95 686 706
691 85 418
161 192 971
448 446 145
58 510 160
610 668 819
549 606 339
627 276 121
348 308 630
584 632 478
486 384 406
576 218 462
198 86 357
683 657 524
647 612 162
232 382 348
699 164 131
259 495 567
315 615 920
217 613 740
684 579 132
346 93 386
9 245 287
21 516 756
183 579 218
336 488 584
325 345 662
244 142 246
110 261 3
344 23 729
466 11 825
174 10 62
72 277 822
210 628 387
386 476 144
445 87 453
19 658 774
199 619 753
20 387 340
431 467 811
49 559 597
150 251 598
163 478 915
117 605 953
149 604 364
317 498 429
139 214 219
447 215 932
150 283 625
671 63 600
573 552 869
30 527 888
93 472 341
656 45 553
150 245 41
160 134 868
133 144 304
262 219 470
268 347 801
98 82 160
629 303 171
467 222 579
687 557 162
546 214 842
373 49 622
468 687 726
317 215 773
146 100 257
361 550 862
187 70 600
49 469 418
50 94 168
255 216 694
516 402 695
612 183 289
214 696 491
115 56 279
651 617 577
68 219 400
685 268 624
616 553 109
32 320 695
217 267 425
326 443 540
46 626 492
163 227 462
20 353 796
19 208 255
63 335 615
402 141 776
82 499 721
240 507 665
312 502 828
121 530 903
349 659 567
113 438 345
14 221 31
169 699 63
541 55 591
193 51 787
211 190 505
674 191 11
587 220 162
688 556 299
494 286 65
414 509 609
476 629 522
190 19 687
522 541 402
542 219 879
275 125 467
555 27 103
440 57 93
79 82 879
612 304 885
436 162 196
164 509 457
243 281 75
20 239 570
489 331 914
693 534 698
195 624 664
548 292 506
9 456 928
289 473 22
326 19 433
696 427 175
368 412 479
182 605 900
2 281 233
88 576 695
69 306 921
364 29 385
142 232 974
273 69 661
267 384 497
694 42 492
451 610 712
210 1 898
52 151 998
181 469 536
472 641 663
226 354 29
14 23 743
247 499 484
220 566 721
41 275 259
638 666 592
343 348 349
334 235 579
546 488 895
389 66 417
41 655 716
269 539 359
110 48 172
188 290 138
400 205 971
135 463 320
288 57 496
629 151 599
249 179 704
631 253 269
88 661 760
510 658 462
387 76 937
625 333 443
135 443 541
660 529 672
488 469 573
282 340 456
566 183 575
205 149 568
94 79 536
427 230 475
226 664 419
54 210 630
577 516 49
569 406 455
669 221 785
679 631 442
421 668 538
444 207 1000
503 45 419
603 693 77
8 347 694
303 268 290
128 460 155
499 5 284
306 547 636
404 329 404
241 434 671
363 496 47
463 580 179
154 627 519
681 442 906
488 570 995
637 191 358
362 418 482
454 631 354
218 612 900
379 562 512
536 162 350
465 23 635
5 68 97
668 686 152
680 340 515
461 66 72
10 682 417
235 597 119
88 153 421
376 61 953
626 18 900
8 209 116
155 341 684
125 695 785
651 648 823
499 529 75
315 18 55
618 534 267
308 60 211
429 640 442
219 353 482
155 527 656
280 136 383
467 427 950
58 136 74
316 268 616
259 696 90
61 484 683
399 401 501
60 79 72
182 9 45
460 8 0
173 569 106
686 209 195
92 449 364
533 38 894
178 91 73
578 514 441
415 135 89
578 291 311
247 137 593
596 223 936
234 292 838
391 183 221
656 168 356
21 439 413
279 437 594
628 18 210
450 272 958
62 12 357
45 625 889
389 327 482
291 101 666
4 541 259
44 373 35
246 358 814
378 505 124
152 229 543
432 682 793
303 180 221
622 454 185
215 456 291
329 676 872
63 444 106
626 453 565
291 672 659
231 14 785
142 462 905
650 382 306
108 297 201
319 332 361
408 108 418
647 592 817
232 218 969
543 144 320
691 350 544
329 566 81
674 104 422
595 686 712
576 340 738
463 66 439
329 298 727
515 231 178
7 46 729
95 14 106
180 342 66
651 618 40
160 593 622
548 41 556
364 461 193
381 219 716
586 264 865
582 19 389
637 88 233
54 323 618
40 691 362
591 20 224
420 281 95
487 442 348
444 237 394
196 148 691
298 478 413
553 528 338
342 383 817
672 680 386
371 349 965
498 116 271
597 334 878
35 98 437
79 356 516
31 540 39
668 16 453
37 37 117
93 233 265
325 233 400
430 303 24
697 401 317
569 236 909
682 369 380
326 517 483
371 605 363
572 307 747
226 504 298
617 631 670
640 444 972
666 357 861
414 700 522
36 41 792
524 639 561
553 276 196
83 379 321
87 61 37
148 465 797
201 73 845
456 258 390
680 209 366
207 159 416
141 266 281
380 92 974
370 536 48
573 599 678
389 610 986
651 505 573
399 485 69
277 461 286
601 122 462
79 212 462
40 680 428
526 329 393
524 624 965
131 110 924
359 372 434
42 370 420
277 292 681
515 11 303
68 208 739
547 624 604
183 543 500
114 686 83
174 107 188
602 336 157
298 344 410
534 317 695
503 391 455
155 372 395
697 313 367
583 664 764
550 467 731
250 544 99
685 291 875
44 277 726
35 393 10
270 146 752
583 207 868
518 691 888
612 390 324
425 654 825
392 664 342
177 162 495
23 333 518
164 95 870
511 354 247
194 228 516
314 319 158
226 567 649
158 661 45
426 6 706
107 446 292
209 134 256
181 27 982
257 498 455
14 81 337
151 577 666
361 347 955
68 92 617
453 522 563
10 390 791
119 8 904
90 434 750
342 340 298
490 60 617
654 202 430
8 313 300
276 681 121
368 143 94
691 339 200
342 223 232
609 416 245
298 624 821
287 627 426
546 121 398
631 78 91
528 602 250
333 489 39
295 584 616
208 375 491
130 282 540
335 527 654
11 372 612
341 389 550
139 32 38
44 578 996
94 139 297
375 622 124
190 584 134
225 459 791
251 472 177
98 3 638
92 54 514
284 687 692
567 10 998
384 378 936
533 629 517
109 300 987
689 188 775
215 376 607
634 530 439
250 56 805
414 456 166
368 160 761
52 280 275
284 529 195
93 235 59
488 4 27
27 84 214
501 427 519
553 511 982
51 517 768
574 98 863
124 566 459
220 184 895
323 82 370
72 255 350
624 164 634
144 158 839
252 296 378
108 613 227
538 427 937
89 354 461
95 67 576
78 403 179
62 28 237
84 196 110
96 44 250
239 268 776
487 314 310
202 690 177
603 564 840
532 253 688
522 555 911
350 527 455
286 524 765
510 439 436
538 612 880
558 85 88
315 521 942
489 203 994
222 360 280
462 375 927
447 436 499
145 54 180
612 220 652
36 192 105
507 310 334
404 658 647
0 541 487
451 426 473
358 472 848
568 314 751
66 167 38
219 597 748
316 503 777
207 338 398
12 433 28
502 162 233
651 251 235
480 345 956
244 234 93
449 555 973
650 268 84
208 44 262
437 109 49
410 55 940
462 394 846
356 319 272
149 595 173
539 490 769
196 275 136
15 60 711
246 165 483
631 96 818
100 44 92
543 122 250
277 596 521
268 297 74
682 411 776
384 560 921
442 199 232
294 337 357
58 218 851
210 262 101
365 257 848
338 644 954
473 147 94
539 393 153
256 300 951
164 450 998
116 245 64
280 647 441
387 10 249
547 557 757
525 690 316
185 422 491
421 40 104
616 310 397
227 509 929
349 429 713
586 437 421
42 62 73
363 52 791
398 181 27
462 170 499
619 364 855
425 178 834
482 142 368
645 672 609
580 100 433
7 108 269
45 129 670
207 225 509
640 393 654
94 441 782
25 69 925
489 463 702
531 339 738
518 80 751
374 257 757
235 121 866
607 456 217
499 627 480
34 234 400
97 58 169
328 54 969
170 220 731
224 251 343
93 345 65
127 41 826
575 229 760
383 169 615
382 353 682
68 333 199
653 154 266
167 346 103
54 173 556
369 650 854
281 391 256
0 54 357
394 351 171
318 15 1
682 686 734
56 65 951
694 110 866
374 686 917
593 19 522
55 240 934
71 650 474
526 318 267
14 13 437
666 494 836
516 155 368
79 280 757
353 579 111
159 172 920
416 55 411
219 128 782
51 590 0
241 501 293
542 86 404
23 520 198
431 434 70
325 309 700
200 514 847
561 263 12
96 497 95
7 177 519
146 334 805
326 56 900
650 92 777
699 27 796
73 498 250
75 310 794
622 593 861
141 310 625
251 635 772
652 54 255
265 444 757
624 526 880
592 660 410
292 1 247
202 461 421
175 342 478
628 401 643
496 183 330
447 358 294
605 373 817
370 686 386
323 423 226
79 313 430
670 376 373
650 160 274
25 244 940
115 607 838
675 592 932
70 311 489
693 313 238
326 485 985
81 290 765
215 565 57
15 304 232
103 640 762
435 567 525
381 99 511
562 362 24
197 512 609
231 221 737
321 157 744
311 150 818
643 650 658
413 87 835
416 321 779
467 3 638
356 339 651
502 19 840
337 526 234
23 34 938
348 225 998
85 510 263
626 20 457
451 219 488
64 638 324
486 429 784
226 445 114
72 459 621
465 86 431
361 148 655
517 684 656
268 254 245
395 151 642
607 571 127
629 665 183
498 583 840
420 632 503
583 260 229
113 555 594
545 507 120
29 603 67
110 323 97
123 104 378
179 695 870
486 265 72
534 135 779
684 266 930
450 239 695
579 186 965
395 305 378
513 62 286
436 43 604
583 571 291
199 586 371
694 482 691
480 51 297
530 119 424
615 451 8
314 394 979
457 432 631
101 51 951
356 323 81
625 572 600
487 568 913
480 258 56
89 57 826
468 552 674
453 625 498
56 522 112
82 594 529
359 634 793
194 582 335
567 96 702
48 228 289
322 207 687
569 694 405
177 354 621
411 209 352
648 603 428
113 40 771
484 464 316
15 402 509
466 323 816
4 676 810
599 675 936
351 593 724
134 317 502
76 92 696
559 188 678
236 359 634
686 659 678
130 126 138
146 215 792
476 547 983
369 501 326
199 133 918
221 402 283
144 232 41
353 241 62
93 110 648
370 598 912
62 310 656
666 272 14
66 608 508
688 548 379
25 451 895
441 682 237
236 403 419
173 254 482
684 606 68
594 179 351
666 129 404
66 229 200
305 449 113
156 41 550
553 142 628
430 465 854
516 85 566
33 576 84
238 334 437
476 125 275
91 268 355
425 689 704
35 532 686
522 9 357
621 133 413
599 681 997
54 469 369
497 610 303
644 0 914
226 112 563
108 273 18
152 485 192
598 564 669
134 31 834
168 431 10
572 525 471
230 657 41
558 399 671
4 167 227
428 186 857
231 399 146
31 42 411
164 475 536
369 152 833
463 639 452
247 202 666
68 182 709
556 401 568
385 459 610
174 676 978
545 252 592
316 334 517
583 444 622
251 630 724
453 151 392
323 65 440
98 294 661
649 250 449
436 34 550
426 342 753
484 196 132
145 23 822
137 689 352
522 444 510
308 314 542
643 53 922
19 74 895
150 571 653
544 458 371
282 488 219
148 48 587
454 371 757
19 263 437
173 316 587
223 376 889
109 687 953
425 250 419
690 338 203
492 618 1000
537 290 825
400 27 768
44 627 960
214 698 969
686 390 420
11 256 928
261 243 922
499 6 19
447 372 220
431 637 32
5 509 974
638 661 685
93 110 313
318 423 84
112 616 188
326 257 120
545 311 962
573 159 311
65 501 133
157 369 348
201 609 270
129 649 979
333 646 28
624 381 220
126 497 800
421 656 116
161 76 729
146 246 653
691 697 657
1 246 148
650 289 999
568 696 216
119 25 269
501 475 116
342 228 987
599 660 367
47 591 52
48 649 375
601 312 778
490 11 451
72 438 63
319 630 654
171 54 883
193 651 812
613 164 63
460 627 409
371 91 883
51 148 189
69 374 423
164 672 176
200 467 396
560 24 382
552 218 612
480 307 928
34 321 910
644 87 138
586 155 337
398 180 355
305 252 677
489 469 931
511 579 871
664 478 348
234 165 187
484 425 480
228 523 754
684 676 392
511 107 313
107 642 321
39 104 634
202 355 958
141 659 236
360 461 309
222 360 123
488 291 487
151 382 141
106 452 834
267 539 924
627 550 490
136 506 172
197 493 380
122 231 715
409 451 437
674 252 329
693 190 198
308 680 396
351 487 298
112 539 290
637 441 216
273 622 356
93 538 281
377 547 569
146 492 385
595 111 501
148 626 484
650 662 376
107 142 73
626 364 822
17 541 779
87 319 930
163 6 882
575 526 225
31 323 669
276 285 462
327 392 781
554 390 55
332 207 558
461 673 62
32 640 814
169 93 651
667 394 969
165 433 223
275 252 467
481 278 837
68 176 399
699 316 620
126 388 860
91 514 731
626 568 576
9 485 968
497 291 403
586 552 522
658 428 814
590 462 738
370 566 533
118 221 466
392 571 676
309 131 684
675 376 372
71 593 249
189 646 883
690 397 736
692 321 995
666 214 13
216 665 54
692 677 12
104 443 797
98 524 458
414 420 945
577 497 184
88 482 764
100 383 680
428 443 742
71 436 871
132 57 818
677 689 355
550 398 937
576 465 301
199 420 267
158 365 24
240 529 58
533 682 1000
594 86 640
115 41 96
531 635 180
193 516 146
429 436 888
257 635 521
207 112 177
178 665 833
338 83 296
440 161 931
55 320 311
175 453 582
185 667 864
190 496 643
622 264 286
72 121 717
470 29 126
205 78 505
591 353 305
359 497 297
372 504 858
206 284 805
149 71 481
360 423 242
195 9 767
445 668 260
265 380 6
598 152 308
400 323 384
301 82 402
142 331 906
59 70 453
608 685 221
391 582 703
113 135 449
564 329 732
506 491 607
85 188 684
349 139 917
496 30 849
662 547 126
633 461 619
66 223 285
70 666 963
554 110 206
329 232 645
343 386 964
147 330 173
189 289 523
693 615 728
412 91 683
481 181 594
639 535 44
301 473 442
368 63 582
694 698 962
22 438 470
304 568 77
491 101 811
296 489 847
501 165 873
185 128 788
521 80 642
358 659 579
416 555 219
663 172 394
7 347 27
117 409 331
303 686 346
139 464 655
56 666 931
596 117 304
207 565 529
668 4 19
527 43 644
370 249 494
3 460 205
490 72 379
189 438 928
432 512 589
255 105 95
229 578 357
376 59 996
668 67 964
387 264 121
236 480 584
325 637 609
510 530 604
82 236 858
1 207 455
153 484 905
237 625 429
325 197 719
570 254 800
225 94 988
410 71 897
496 133 400
145 304 94
321 562 186
185 241 182
545 471 866
508 342 887
565 333 395
148 207 46
217 501 785
528 491 58
338 697 75
191 499 213
572 8 693
311 599 526
540 547 289
395 350 808
250 307 992
143 663 452
381 544 798
552 463 73
498 151 508
241 240 519
115 398 429
365 165 170
58 575 187
313 223 135
300 425 798
83 474 927
382 595 842
244 524 520
561 432 694
277 429 193
358 225 927
658 465 976
67 540 548
3 649 27
451 355 154
307 449 162
122 381 817
282 95 250
684 657 808
85 429 56
21 321 333
118 387 504
168 346 586
153 387 27
664 286 996
86 106 532
389 608 572
20 73 315
115 389 359
400 82 645
183 126 186
137 301 530
699 161 144
555 8 422
472 457 637
381 622 195
452 134 783
696 543 123
128 463 600
519 160 304
419 95 869
217 237 602
437 622 818
359 621 251
338 319 440
475 498 317
7 540 322
618 287 951
339 32 163
240 38 600
532 54 870
494 639 475
639 82 95
129 416 915
248 160 564
669 559 805
675 496 905
196 267 339
161 106 723
465 375 180
183 3 20
446 692 387
69 121 479
430 416 589
592 646 11
26 602 393
172 695 104
501 587 282
366 564 751
303 622 343
173 473 651
220 286 929
132 516 360
119 566 112
317 34 319
205 423 346
126 358 594
321 184 389
578 664 742
569 656 60
237 89 164
23 526 851
577 494 924
36 30 433
669 553 137
677 610 987
117 264 167
619 205 589
363 312 499
490 436 104
674 678 329
272 603 296
147 670 630
640 423 121
698 227 475
313 410 142
300 94 817
434 443 148
596 684 217
233 609 116
176 1 830
375 297 141
216 418 701
321 279 488
305 205 220
155 350 677
689 136 97
284 548 618
230 683 16
291 331 379
479 491 298
371 407 371
498 577 554
115 348 1
1 427 484
205 226 222
463 259 69
364 329 366
12 347 305
7 472 725
454 466 980
112 55 688
209 198 202
187 567 489
118 641 215
449 301 893
405 160 293
179 620 360
586 460 654
688 379 7
190 480 704
59 478 547
637 637 957
647 519 603
128 241 651
237 147 944
531 450 30
22 589 398
451 364 779
105 617 234
174 643 743
169 90 352
267 307 67
699 549 899
267 518 393
316 82 498
654 684 873
225 573 860
511 171 612
480 700 237
624 85 364
616 297 283
195 30 656
40 474 769
687 356 829
619 443 985
193 117 509
60 499 801
341 290 110
356 156 311
82 157 403
486 167 514
274 212 193
699 377 581
330 187 717
532 384 341
407 164 449
181 122 971
223 292 320
77 471 709
7 600 416
482 365 363
545 534 732
428 291 761
537 613 266
153 301 611
649 698 438
271 189 760
391 515 884
370 643 283
429 365 27
372 575 332
126 206 413
119 559 8
486 418 749
297 467 67
278 493 433
442 538 690
209 467 282
674 645 446
229 228 83
509 339 543
615 152 434
47 370 129
402 484 178
18 698 356
55 484 52
62 77 258
593 565 820
573 21 135
26 543 756
342 106 874
497 413 595
472 32 461
74 53 948
60 574 945
544 47 471
280 244 838
360 580 297
306 52 265
459 695 676
116 456 566
214 233 38
503 601 184
199 278 360
413 358 512
29 558 616
194 364 160
304 632 968
157 288 154
413 633 821
35 406 417
258 198 303
594 418 492
277 258 856
585 201 43
318 282 652
513 381 411
21 259 660
332 552 18
489 318 174
605 581 624
557 68 588
43 289 151
208 164 846
567 429 100
641 308 465
32 499 781
402 441 526
118 166 348
567 664 211
179 673 356
151 121 107
346 674 653
158 507 967
34 194 296
300 605 222
204 334 654
467 268 736
619 156 945
699 48 330
289 202 355
25 312 768
41 552 597
446 305 946
80 542 781
71 435 815
40 650 352
89 680 991
87 602 408
132 83 414
377 640 378
456 528 50
493 307 761
424 529 988
587 304 861
73 226 639
649 132 73
142 209 877
370 5 937
481 588 483
184 233 633
690 632 788
460 186 771
227 119 969
365 52 689
69 456 627
409 627 623
57 699 632
632 237 562
496 663 582
210 553 930
535 689 355
631 574 433
104 678 828
206 193 821
530 403 7
373 577 714
515 557 370
127 215 223
214 105 367
59 327 874
296 256 774
378 369 253
671 562 719
590 39 891
612 119 686
543 37 135
205 193 107
692 662 257
97 685 189
173 546 850
302 71 540
417 323 433
80 244 268
76 104 275
36 15 0
366 1 120
196 356 886
560 304 129
164 639 780
376 429 317
411 643 136
59 544 885
90 189 9
184 374 898
270 252 660
63 144 106
307 121 659
248 628 523
212 362 148
686 23 857
146 429 944
253 344 676
578 689 727
668 83 748
16 30 97
342 590 249
364 367 676
560 345 954
70 234 211
693 266 530
623 151 248
267 647 40
556 300 673
398 91 600
173 290 6
325 432 228
384 41 754
688 505 363
96 501 704
237 330 774
697 244 974
196 688 967
142 29 714
429 600 606
153 605 642
306 457 78
4 189 880
329 663 32
700 580 576
447 321 653
92 69 509
475 524 328
650 23 784
560 28 472
91 290 164
547 289 717
106 338 567
242 616 663
220 552 670
113 22 356
612 545 304
125 107 297
190 503 896
106 430 487
561 444 827
576 200 631
115 575 616
130 337 98
347 258 523
531 21 36
645 182 273
375 2 329
547 218 850
270 498 757
690 435 636
479 16 521
456 699 565
697 171 123
344 12 209
260 393 840
174 515 862
31 8 996
654 454 57
437 28 581
542 10 540
663 484 319
0 534 36
604 199 878
252 291 818
90 329 433
543 700 151
274 103 147
423 503 64
271 471 231
665 59 811
305 684 667
469 286 21
74 37 322
544 60 616
159 211 915
38 348 372
237 611 554
659 142 30
393 487 844
660 11 326
262 305 549
457 168 573
170 360 708
548 274 700
691 326 717
82 551 949
556 314 174
342 355 9
569 35 970
93 651 349
9 49 712
334 580 392
496 350 670
81 602 853
165 489 45
410 353 924
507 452 682
32 587 945
286 1 814
385 35 36
243 75 741
294 213 683
416 169 981
130 478 495
287 658 656
405 59 422
212 196 793
620 399 140
324 168 6
309 230 994
418 453 217
527 17 326
86 195 761
638 398 368
411 170 701
347 544 30
532 493 843
540 505 164
154 16 854
132 232 979
288 174 362
204 539 332
225 288 576
472 273 533
499 578 211
60 463 626
93 13 557
585 649 333
505 277 206
345 18 826
101 615 14
603 475 648
287 182 509
369 587 883
640 419 320
8 288 217
653 123 598
303 691 928
223 132 81
252 420 59
426 516 909
559 539 928
73 459 563
522 10 265
227 45 427
188 688 769
167 602 401
306 196 374
224 559 554
572 699 368
661 264 55
432 646 937
73 401 436
501 241 739
164 677 521
585 185 118
284 47 119
496 386 8
89 535 408
644 678 778
455 227 822
43 505 750
45 97 314
286 131 286
232 380 164
518 84 900
442 97 544
492 659 632
418 573 838
519 622 27
539 108 85
614 279 888
185 656 259
125 520 931
248 506 677
139 210 467
178 337 685
604 534 570
436 602 853
638 160 261
464 481 998
211 625 184
533 451 422
435 262 417
240 245 84
330 337 317
61 275 498
128 367 222
526 139 274
156 452 16
378 72 561
20 399 547
189 147 500
514 23 133
690 366 465
168 407 695
129 483 256
587 266 194
238 556 969
347 58 218
460 664 172
326 512 782
30 532 666
107 395 573
249 586 786
555 693 319
170 405 406
530 217 790
301 293 679
216 185 563
424 562 517
216 73 193
299 456 786
442 114 188
133 541 873
431 697 775
27 438 498
456 177 30
634 155 685
457 342 967
484 355 142
364 290 548
448 455 122
686 682 232
562 263 858
584 368 555
104 393 537
189 18 172
208 187 927
15 389 535
614 163 369
520 692 883
443 350 335
187 385 763
30 51 393
205 220 644
196 219 102
522 201 686
558 106 189
169 32 664
355 83 983
426 120 118
227 641 260
195 497 73
386 36 352
276 328 881
344 630 0
467 82 595
594 52 337
675 119 178
428 406 594
377 190 625
481 205 268
563 631 707
438 402 358
493 257 868
110 0 473
173 336 428
416 305 573
610 190 921
439 400 202
16 264 232
30 409 385
377 168 294
694 627 514
668 328 265
673 239 1
612 387 401
139 188 398
434 267 844
496 259 609
676 248 198
494 451 652
334 685 869
186 116 210
179 528 10
602 98 670
250 478 44
132 586 568
319 645 152
399 128 536
492 482 601
330 299 793
119 19 278
654 679 148
382 182 593
491 152 567
424 682 320
376 264 545
475 151 489
157 94 517
337 459 722
388 251 279
642 283 819
687 60 114
482 490 646
233 470 112
563 685 134
271 340 545
641 321 548
120 589 739
264 77 256
688 698 932
418 124 630
63 481 887
292 654 909
150 511 720
44 559 402
246 80 705
296 588 969
459 616 392
644 453 682
569 343 741
691 111 169
460 519 733
335 604 247
626 286 396
595 177 677
334 76 722
567 52 351
150 129 966
18 529 271
96 476 46
181 576 199
50 17 938
207 311 406
620 402 387
35 32 392
600 220 996
271 399 277
512 414 113
354 596 167
437 407 626
651 51 881
298 519 629
572 189 893
131 401 66
133 56 333
267 352 9
176 599 16
488 358 812
2 567 774
258 476 154
445 304 795
601 111 468
93 512 540
519 313 863
166 365 425
126 304 271
94 416 180
198 523 64
611 48 157
25 217 391
308 642 897
270 642 908
688 130 206
338 230 717
430 545 399
271 200 162
458 257 450
39 603 44
172 627 79
258 622 809
364 101 882
501 371 529
559 391 72
516 65 610
206 70 647
575 382 417
229 382 788
556 511 888
142 231 382
195 216 772
211 303 882
245 103 310
199 546 813
489 77 372
69 592 455
375 543 561
585 177 796
143 250 848
608 508 186
645 46 84
80 470 25
632 469 51
390 344 709
537 568 808
138 257 479
343 429 664
216 278 513
297 262 805
488 226 644
592 303 432
509 395 294
318 585 387
81 631 525
26 699 31
165 182 608
476 673 263
71 92 569
653 500 699
178 369 450
143 148 896
562 240 854
131 656 931
578 252 765
503 242 399
581 619 270
436 483 947
387 382 826
548 32 492
2 439 321
387 437 169
64 376 145
564 274 581
599 84 262
501 463 62
381 544 436
128 61 958
650 324 788
328 333 40
483 412 869
337 349 77
386 292 444
400 140 352
67 370 554
263 481 828
155 214 873
404 82 787
626 176 929
14 525 483
37 112 532
428 86 545
423 255 790
179 632 585
289 66 626
477 78 745
28 54 555
9 289 334
152 683 661
521 110 638
220 601 73
615 256 769
214 509 787
83 387 234
593 546 228
279 289 105
463 421 222
566 379 957
665 86 359
210 496 257
153 416 179
36 265 93
318 654 921
263 576 303
75 574 29
313 72 647
363 586 801
399 142 42
324 454 924
272 261 884
122 640 70
44 21 448
395 477 4
393 355 928
656 554 936
282 259 530
407 290 878
585 554 17
637 189 63
496 381 758
448 319 707
515 95 385
62 693 561
677 241 397
89 217 802
673 251 567
544 250 501
77 203 89
280 434 235
478 391 191
613 199 218
21 418 341
155 132 992
138 38 173
444 537 30
39 342 175
313 34 372
641 234 715
38 50 691
401 227 640
644 265 405
521 636 18
205 403 293
244 94 578
656 255 340
651 650 480
40 579 591
231 374 583
154 419 176
334 542 688
679 363 734
5 390 434
294 173 732
618 226 829
305 316 382
39 507 586
372 459 247
588 568 174
293 392 444
256 294 531
46 335 873
60 305 436
512 58 1
48 561 988
535 260 161
80 326 192
442 447 111
371 533 748
656 257 269
692 565 174
49 662 68
3 233 901
102 615 639
237 245 407
179 286 794
8 49 986
70 617 220
519 604 158
330 134 900
549 134 706
489 148 654
677 237 952
61 166 114
360 491 794
488 383 728
389 405 330
578 382 644
8 292 873
45 52 622
82 439 801
680 55 883
28 304 982
183 690 208
474 310 108
476 278 901
411 262 820
243 130 566
368 344 505
9 75 577
243 639 2
85 486 271
572 638 206
465 587 561
124 118 831
227 52 626
25 363 527
468 319 221
94 589 94
693 634 402
405 484 751
208 332 590
204 635 504
153 234 552
607 628 261
426 65 711
430 342 513
653 93 407
602 357 628
306 134 368
488 393 104
374 660 169
181 134 863
613 539 103
335 555 459
525 352 160
250 62 155
465 520 766
270 684 876
198 36 127
576 387 83
595 111 406
625 532 15
13 50 707
600 475 896
120 201 244
101 75 752
102 623 321
597 13 484
290 17 62
273 505 674
64 139 178
323 695 295
508 55 421
97 171 495
113 435 685
86 541 737
248 456 384
596 6 529
473 619 21
11 19 970
250 70 937
86 496 129
561 113 62
96 36 398
471 666 63
289 295 350
323 639 939
201 49 447
89 647 229
112 362 279
541 145 886
698 384 643
281 606 309
677 315 250
219 598 316
416 131 293
629 384 949
648 596 516
464 595 438
198 88 8
116 580 945
344 205 933
684 246 130
59 522 170
467 166 516
579 600 726
496 458 719
299 201 315
119 7 792
19 642 746
343 478 117
23 157 300
654 40 119
685 460 498
450 41 45
49 513 845
100 206 242
638 56 877
134 355 919
664 181 835
207 607 748
224 118 456
417 572 322
499 207 789
439 647 918
569 427 125
564 304 172
651 308 411
555 390 95
437 426 217
526 633 535
678 494 890
298 671 893
373 569 532
293 388 555
267 678 761
481 40 632
636 540 463
276 68 661
101 353 779
290 320 167
42 353 654
200 362 424
511 120 81
228 302 639
259 46 495
239 111 814
433 316 290
402 61 473
229 679 21
574 547 830
76 492 779
227 79 293
319 262 481
511 376 49
80 605 763
636 441 493
357 487 148
658 366 191
161 257 42
156 306 433
17 528 181
134 170 543
357 492 528
23 339 124
104 455 726
240 501 101
596 460 316
475 126 217
680 204 364
82 626 842
262 275 343
322 460 279
604 99 852
126 566 695
682 410 617
630 578 2
228 569 761
197 145 783
42 313 308
220 660 876
134 518 225
476 552 987
487 644 862
25 404 465
396 500 596
408 250 921
139 92 453
285 379 880
454 655 562
243 686 362
583 59 431
283 341 336
287 288 39
672 550 157
601 594 766
589 412 772
643 24 585
559 369 242
210 199 479
102 507 450
101 581 721
404 190 273
122 384 114
503 116 555
360 111 817
644 527 544
553 108 441
199 158 304
475 236 92
565 501 538
588 450 811
637 681 125
465 290 684
330 140 640
549 157 368
101 464 387
427 602 712
330 275 219
602 1 359
326 525 252
48 187 317
258 172 775
354 336 632
325 476 291
497 592 784
684 382 673
99 495 541
504 254 218
465 341 65
7 584 27
24 260 370
85 70 660
374 87 128
76 355 830
377 479 537
83 358 576
107 172 355
2 593 85
433 505 674
200 253 660
152 70 859
592 18 154
285 80 741
414 670 271
519 485 334
2 1 65
312 497 715
211 405 277
610 283 556
373 346 874
165 169 37
543 460 236
522 634 84
119 295 962
417 642 194
221 635 74
521 146 950
300 486 124
528 570 360
59 463 926
349 325 780
119 265 608
619 204 804
165 17 521
39 394 110
415 405 428
520 373 726
686 548 202
126 165 196
94 698 736
541 13 325
503 539 98
194 56 17
604 107 376
596 594 525
118 76 547
245 645 225
11 208 197
560 379 732
676 554 344
269 384 653
230 86 946
230 213 999
493 610 785
373 667 38
683 461 604
562 384 497
630 66 371
64 387 851
180 575 308
171 84 710
169 156 49
219 390 60
387 610 557
136 686 786
41 181 338
404 558 889
544 3 968
695 636 438
340 659 720
652 373 108
93 454 327
617 360 386
591 597 648
687 286 517
525 424 18
254 632 544
664 264 734
486 186 634
2 150 376
262 169 381
451 625 968
504 614 478
401 585 850
256 72 292
375 623 152
584 78 9
516 71 650
278 506 964
519 98 680
60 44 399
50 50 331
328 63 762
453 45 686
135 673 726
541 506 465
175 651 801
505 251 33
246 271 712
457 374 206
549 481 409
447 590 494
558 485 356
160 178 201
161 441 865
59 544 304
585 140 513
247 327 129
581 387 251
10 553 975
475 477 172
136 121 631
433 118 585
406 256 644
426 655 784
622 43 127
585 45 900
285 172 520
531 654 462
593 46 537
336 457 76
237 624 804
102 662 344
107 577 321
512 121 538
550 298 944
364 370 891
155 324 743
278 243 143
624 195 376
506 293 948
343 539 205
700 421 692
559 256 912
558 109 706
142 370 19
300 325 66
618 307 496
294 169 464
198 535 507
113 179 876
486 408 253
408 537 380
81 179 980
377 332 955
119 0 211
113 437 161
504 557 46
288 58 816
110 190 831
123 142 951
114 144 177
387 379 736
94 234 395
348 149 447
106 130 201
352 576 964
672 71 623
92 499 612
390 602 158
119 334 176
316 429 851
554 177 454
63 417 120
471 437 963
352 582 488
596 324 988
172 3 666
422 696 895
448 129 685
31 295 567
33 62 301
652 153 962
139 693 302
311 534 887
15 200 478
480 644 625
662 49 377
658 31 876
386 303 469
99 652 421
412 448 38
186 668 696
23 507 425
376 116 654
169 545 154
127 230 154
226 518 748
493 191 515
41 643 697
468 436 987
681 447 935
458 313 876
573 538 125
291 506 986
572 245 275
254 429 668
601 331 74
219 244 179
369 393 949
205 697 265
257 141 231
249 300 943
619 420 740
443 337 326
504 266 55
252 48 831
240 8 640
274 586 397
337 243 417
141 410 844
560 619 627
101 500 559
683 526 200
346 148 171
428 311 154
328 371 1000
116 270 847
105 607 456
387 436 494
587 489 226
605 360 244
587 29 532
269 441 744
390 428 828
488 196 743
499 630 578
105 134 918
291 113 481
343 90 232
297 679 706
565 342 276
319 625 30
558 171 396
547 278 370
167 576 922
606 556 526
426 150 54
345 46 295
327 19 336
552 502 942
528 679 302
205 669 670
84 508 785
192 411 620
585 407 304
26 134 688
172 453 334
464 426 576
95 625 44
699 504 795
262 290 654
384 203 212
56 530 862
65 684 901
583 386 517
641 283 853
317 161 756
364 248 594
644 600 766
383 145 619
234 174 189
282 343 331
474 262 537
51 568 514
111 265 330
681 324 948
271 600 632
34 375 397
129 700 479
299 139 999
179 384 441
166 542 1000
456 431 456
81 429 263
258 49 873
276 297 217
523 224 203
125 504 551
595 101 726
476 272 779
324 430 935
595 374 833
162 544 67
407 581 698
387 585 937
481 622 634
87 22 93
389 549 927
56 381 117
342 164 604
152 417 22
336 338 66
406 270 395
666 320 800
524 27 436
22 691 259
670 137 72
315 402 170
90 483 566
339 338 71
338 130 239
394 189 262
175 28 63
127 37 865
46 530 497
82 190 878
135 264 849
147 259 116
183 228 352
236 444 708
253 648 935
403 292 467
263 145 633
291 263 690
504 625 203
383 486 957
114 528 270
164 662 513
132 73 241
166 504 996
572 26 589
83 348 385
654 71 979
307 537 357
85 187 82
417 467 433
240 416 600
498 335 881
402 232 977
122 488 226
419 209 757
407 35 563
691 573 739
201 148 891
448 576 834
75 491 107
569 137 217
520 266 783
601 315 588
447 408 191
606 345 462
146 543 884
512 202 115
572 443 7
309 429 506
26 112 771
445 675 968
647 285 857
694 543 685
650 125 766
178 45 977
324 590 922
328 259 553
466 444 940
20 498 520
661 564 854
695 190 109
92 200 601
440 204 376
668 196 790
492 595 1
248 563 53
262 355 821
336 654 91
385 376 7
329 397 316
220 277 876
158 389 500
136 561 84
509 252 317
678 396 2
331 363 368
68 548 747
230 512 220
263 150 753
581 141 82
449 579 134
612 334 192
378 651 35
212 299 706
628 354 675
462 245 456
552 314 893
457 28 185
194 473 478
162 272 761
316 81 789
246 551 341
348 177 761
614 274 991
103 589 551
465 639 235
46 336 136
377 226 24
591 673 464
595 277 578
400 11 590
592 217 816
233 205 626
61 547 181
30 255 324
508 620 161
20 461 223
224 604 433
319 436 33
77 677 202
123 212 801
652 593 586
20 466 733
111 562 996
153 5 183
274 150 50
648 81 446
388 158 40
217 405 772
558 77 721
4 668 926
691 228 858
261 464 608
691 550 45
23 319 859
643 180 887
509 249 934
441 439 30
515 539 785
538 619 105
474 120 438
76 607 891
328 240 310
654 140 967
361 571 702
568 623 872
663 172 867
551 699 919
653 270 311
159 422 43
583 14 892
363 426 795
464 67 406
63 387 549
500 613 558
474 20 376
155 214 82
650 115 878
216 118 830
4 587 225
158 499 137
329 185 788
558 99 94
347 50 373
398 59 560
237 211 115
135 231 540
149 170 304
239 606 455
415 3 83
275 117 700
698 491 670
392 584 612
241 314 530
176 678 26
100 73 483
418 221 667
87 216 264
258 269 727
416 402 852
677 180 58
561 131 361
565 374 925
143 2 896
527 24 373
118 603 32
675 161 839
423 43 872
673 569 771
301 227 845
47 140 96
593 425 728
238 134 563
545 8 390
523 700 880
484 485 250
408 370 690
638 692 668
574 340 75
137 316 698
385 268 343
436 644 437
684 80 557
441 197 553
179 444 241
229 620 351
59 619 828
157 138 587
500 34 869
307 534 909
134 440 33
643 49 904
337 653 397
277 251 986
473 274 902
633 123 987
497 665 291
318 577 830
608 553 184
223 636 31
253 442 132
616 430 124
343 480 76
264 592 709
570 605 292
481 27 900
451 189 868
228 565 885
370 246 450
291 661 808
486 127 496
67 650 801
296 2 307
391 601 806
508 669 229
530 682 755
6 26 850
528 673 660
414 310 910
387 0 586
413 346 328
697 623 586
84 492 899
220 49 250
23 334 246
107 387 580
150 697 172
151 271 293
351 644 723
62 289 29
534 41 901
454 456 144
202 575 672
540 615 902
569 556 12
318 116 483
110 143 637
80 113 953
187 504 460
376 305 121
636 352 570
75 238 138
264 638 702
308 341 491
553 487 511
367 449 938
217 321 300
543 369 628
636 510 559
174 260 513
630 308 32
125 68 257
34 132 816
542 195 747
463 612 95
45 545 574
594 163 780
248 208 993
472 56 687
504 45 638
381 16 109
280 103 580
490 415 229
376 163 48
488 480 927
359 37 687
304 228 220
648 554 120
414 224 29
364 698 213
105 435 94
618 391 306
135 179 726
146 386 904
123 471 804
391 333 931
540 604 955
130 695 40
590 648 971
262 247 960
244 121 494
115 14 897
481 642 419
27 495 77
450 599 60
621 134 763
589 183 794
262 192 257
594 172 560
372 90 389
97 328 170
477 492 477
101 314 687
119 135 161
671 274 973
534 304 847
488 545 826
135 363 243
654 156 513
127 366 117
409 143 532
461 408 152
660 29 104
482 600 216
440 312 740
392 657 955
636 123 188
249 692 834
552 136 77
216 652 312
55 402 650
439 24 910
75 361 950
542 545 171
209 378 428
482 126 657
473 223 706
467 141 12
555 226 992
634 22 52
351 63 614
614 467 621
348 35 434
380 339 288
233 682 921
610 576 604
539 255 405
533 100 994
464 378 186
629 599 149
28 152 807
37 185 401
17 522 628
231 17 541
621 475 657
123 540 863
356 501 529
149 526 936
615 171 43
453 113 184
511 480 747
428 176 456
537 338 86
443 79 814
477 343 721
58 685 945
84 316 562
241 413 417
23 685 599
413 384 862
149 496 521
160 22 571
385 449 651
373 576 440
98 65 936
640 35 866
467 272 897
116 562 461
54 589 909
280 192 351
374 531 903
58 500 21
118 657 284
313 18 849
418 190 514
116 470 963
64 40 370
564 628 949
73 19 725
572 580 959
594 19 108
256 434 467
116 691 261
213 182 530
182 417 847
392 257 4
586 311 630
461 521 30
369 484 364
111 452 304
630 490 9
139 628 776
43 433 853
77 351 92
293 228 258
79 388 426
543 641 359
457 441 58
589 242 526
495 474 445
74 484 805
430 390 750
152 123 661
484 612 280
410 78 860
685 44 616
546 390 72
214 128 840
386 428 202
154 687 619
320 229 47
462 404 867
26 111 815
85 359 745
165 476 275
536 517 965
314 370 546
471 302 75
417 337 452
583 415 646
402 420 752
540 144 440
348 75 674
506 266 180
359 577 229
498 265 512
260 247 207
332 619 66
259 442 351
595 376 78
83 515 28
583 407 469
520 4 551
316 344 580
559 366 464
414 530 156
127 621 236
603 176 417
608 266 900
418 668 889
249 82 535
319 138 926
250 342 202
551 571 166
159 41 6
329 508 497
426 386 122
343 251 119
509 115 627
194 576 183
122 696 250
691 470 129
519 559 846
545 6 47
24 55 959
584 391 177
631 556 139
647 526 191
428 359 866
536 499 261
332 578 834
441 563 8
356 672 184
132 539 312
300 585 240
68 355 649
48 520 350
213 383 49
547 683 888
136 534 292
235 21 618
399 694 709
574 358 345
493 242 766
514 64 438
212 146 966
136 148 536
224 310 454
556 510 282
13 315 755
281 577 248
546 680 205
232 551 47
307 417 677
32 635 208
458 255 100
392 551 233
61 1 858
270 223 804
115 111 994
33 494 134
179 6 466
465 415 807
382 54 90
374 521 329
332 135 131
314 279 446
337 191 654
13 43 273
321 660 868
117 686 333
266 96 58
43 185 13
653 382 671
330 600 956
348 205 15
203 260 968
5 20 24
170 346 968
615 642 932
369 241 842
121 146 121
601 136 722
447 94 861
81 241 805
620 602 896
693 481 456
186 392 513
317 40 367
687 214 488
525 35 682
506 641 993
404 325 539
268 577 500
615 63 857
276 312 806
208 625 959
240 95 945
652 656 220
201 241 902
396 49 714
172 134 187
258 115 607
3 625 773
299 627 113
376 127 161
481 25 87
621 668 581
174 374 885
495 344 814
359 130 835
46 242 543
193 432 174
495 305 398
302 74 217
540 550 964
488 332 738
31 643 700
180 366 955
364 376 281
589 636 737
504 649 603
297 517 672
609 268 638
385 264 706
533 113 730
295 279 967
189 679 882
508 391 633
447 511 281
235 536 857
357 190 268
559 325 987
286 220 543
650 338 930
125 425 801
119 472 817
378 357 563
62 185 941
537 439 665
374 550 544
161 206 77
539 140 991
230 700 833
354 76 422
529 156 691
225 191 501
427 1 514
490 543 241
193 666 964
450 679 677
615 369 277
13 154 944
486 265 83
267 344 837
319 218 561
325 250 837
129 29 517
191 431 164
420 653 649
215 364 891
286 199 296
555 92 908
371 376 68
20 57 479
258 604 167
390 158 602
69 167 892
551 609 284
172 315 191
645 328 270
501 310 456
189 61 896
87 358 871
182 569 188
144 265 526
645 405 421
544 182 129
479 345 765
357 529 561
259 200 487
640 367 280
79 37 494
502 82 751
505 368 57
75 140 550
607 471 252
106 386 884
94 550 613
347 128 951
429 156 904
643 424 159
264 449 77
570 552 216
623 65 624
76 399 254
462 446 796
275 364 796
644 44 559
511 284 886
425 598 462
49 695 61
579 644 147
139 231 377
375 280 885
21 536 316
202 194 701
196 407 665
258 695 225
428 674 859
523 18 446
248 608 223
322 271 156
552 298 885
491 497 709
255 449 16
483 494 492
351 82 817
508 254 53
634 574 209
327 545 803
79 505 873
497 408 599
601 343 468
165 54 357
689 186 95
109 515 126
35 517 53
589 141 600
327 106 791
59 396 537
509 72 822
402 247 368
368 359 813
227 613 368
518 195 643
173 348 818
340 281 505
345 606 717
453 637 326
569 31 556
51 366 866
266 590 890
457 545 465
542 681 352
519 263 216
356 341 923
511 602 989
93 281 416
283 3 554
210 207 966
554 97 606
538 613 407
583 86 662
596 114 845
607 24 94
301 626 715
187 235 902
70 156 443
454 424 562
134 700 744
343 524 402
478 499 187
397 540 162
195 588 781
40 561 399
348 328 786
373 546 872
3 267 734
279 491 904
373 91 796
425 517 181
564 211 338
155 557 942
566 51 730
366 405 228
152 457 619
171 472 434
193 122 105
135 251 764
28 422 493
535 462 522
500 168 606
584 65 83
230 672 360
348 691 305
58 24 198
280 340 458
655 415 856
250 385 639
645 382 877
409 535 242
302 562 17
421 48 448
448 549 846
33 478 146
475 516 645
121 488 675
683 573 914
663 86 420
239 479 134
688 96 402
412 256 310
72 591 885
338 31 567
332 610 536
399 496 184
450 432 785
346 309 213
468 196 700
454 526 115
382 89 609
532 273 959
149 27 322
619 443 655
32 58 447
235 496 757
169 203 261
288 459 200
136 11 66
42 235 902
364 413 699
89 573 321
513 354 191
298 359 892
352 301 28
507 630 139
20 366 691
166 123 977
355 456 917
371 50 441
301 440 619
512 521 420
633 117 828
481 387 515
113 200 668
215 571 490
592 300 267
420 198 650
260 236 700
172 625 970
101 195 827
594 420 952
647 156 374
175 675 196
124 555 402
189 631 319
462 432 477
532 589 694
118 85 225
429 690 120
299 649 500
441 51 138
268 519 791
113 569 172
496 34 793
183 26 732
476 353 237
476 208 897
91 159 330
550 619 211
11 638 648
326 30 597
435 604 456
0 326 941
155 350 829
457 354 479
71 529 462
521 330 826
78 322 792
179 233 57
152 371 914
558 224 591
693 44 476
662 184 657
203 374 361
197 691 727
303 22 166
83 423 974
253 65 307
456 628 577
4 523 795
327 332 672
510 598 118
544 40 587
299 166 632
341 66 515
315 377 537
555 437 961
437 22 268
223 531 302
255 332 159
113 296 967
353 214 263
258 272 795
47 675 916
586 440 674
142 300 868
112 457 629
581 392 358
668 139 34
688 503 639
335 65 442
192 650 578
346 283 671
658 355 517
462 384 123
617 393 262
174 677 618
624 301 105
313 490 739
690 674 111
162 335 198
652 391 166
258 639 735
312 306 348
312 421 474
587 43 981
255 276 953
31 660 248
668 197 719
107 390 496
54 286 234
509 174 217
337 368 955
477 646 154
643 469 465
115 542 850
225 521 965
302 457 968
71 313 645
353 252 573
391 397 471
40 503 115
14 230 856
468 134 410
41 519 191
113 257 982
649 240 549
404 251 155
498 539 15
432 612 170
95 375 721
465 18 431
4 53 424
325 566 352
679 449 710
167 68 670
56 19 575
416 490 140
370 258 815
8 354 369
441 26 367
235 103 636
669 553 692
622 299 285
453 401 448
664 472 654
684 299 207
5 165 36
12 408 767
138 445 875
356 55 355
575 120 748
356 335 507
562 228 255
185 236 240
410 602 561
178 4 412
288 88 995
226 218 252
379 440 622
314 141 308
355 212 658
120 246 211
653 166 459
167 36 646
373 0 220
577 582 396
334 164 471
73 554 883
488 433 225
472 320 556
3 221 367
262 326 21
105 156 754
467 664 531
454 33 584
438 34 887
459 13 530
147 215 107
255 695 493
643 613 820
140 155 632
698 341 308
675 101 518
17 324 945
283 659 954
378 183 626
534 563 993
632 522 792
23 124 829
121 370 662
630 326 25
656 0 920
571 542 118
375 46 514
507 551 744
59 578 879
354 375 437
536 612 583
123 662 942
518 130 574
382 361 804
318 685 197
576 128 368
90 439 543
551 612 994
462 670 252
625 234 900
32 540 124
580 406 892
330 561 923
415 413 237
605 259 134
397 681 577
62 281 332
441 368 517
138 335 533
688 536 426
457 389 610
470 482 544
545 366 119
75 467 522
188 249 400
168 185 323
111 210 600
200 225 893
15 16 323
669 636 959
2 296 280
595 699 361
137 525 639
596 324 419
75 633 269
314 558 801
125 5 371
342 423 531
185 69 121
196 40 687
372 461 395
544 667 486
515 637 164
445 505 867
689 353 453
274 609 136
17 374 640
22 285 369
541 219 541
425 261 785
136 257 79
309 82 385
104 154 679
204 538 196
65 567 29
551 449 162
538 67 708
39 607 278
66 657 341
394 142 579
369 511 588
465 227 320
433 680 729
674 12 710
485 465 740
646 276 828
526 305 532
35 109 604
201 177 382
191 81 543
250 292 305
60 428 473
442 510 368
578 539 820
182 491 721
115 308 815
293 213 474
608 375 618
217 90 310
363 48 329
252 552 69
609 602 423
542 447 984
92 163 330
520 268 819
347 124 910
578 423 367
343 61 610
448 435 560
137 183 867
623 535 235
460 435 958
305 177 867
136 116 322
270 641 141
221 38 267
591 487 744
551 124 694
578 597 195
130 321 52
573 50 250
281 233 586
643 395 630
328 188 481
89 482 850
185 58 590
454 543 817
185 527 657
154 640 867
670 210 886
93 487 955
615 93 826
699 351 356
557 48 791
398 339 935
105 208 258
78 192 913
41 433 73
194 473 248
349 606 494
252 552 466
237 681 341
451 139 411
457 411 203
666 73 867
268 369 717
359 264 155
362 419 163
601 155 218
520 552 707
358 422 214
92 277 883
645 574 39
299 259 464
536 142 782
271 408 192
544 481 696
142 166 107
304 230 523
417 115 865
198 303 458
358 167 979
204 311 455
613 103 619
274 431 891
418 680 260
333 662 929
248 679 913
522 12 274
111 75 937
208 514 796
488 84 593
149 378 817
421 490 703
62 119 188
335 35 62
545 285 820
470 447 726
226 621 703
313 512 995
556 420 308
536 72 564
550 335 600
665 206 928
696 207 594
391 397 888
229 676 74
234 475 731
28 24 791
612 609 186
162 285 987
31 607 355
404 267 410
1 326 625
614 275 470
377 186 355
220 621 264
522 323 636
541 496 845
567 494 394
353 688 532
99 445 240
434 498 18
68 507 270
367 188 975
619 313 733
139 665 827
245 428 935
57 406 416
448 200 147
76 296 197
547 120 972
433 691 16
397 360 338
518 277 583
365 76 987
478 652 594
544 635 367
488 346 370
249 313 545
370 117 423
69 578 121
506 195 56
272 643 672
49 614 277
168 350 272
501 502 139
592 35 601
130 467 295
581 587 62
122 409 274
264 224 562
137 183 745
453 315 325
697 193 913
165 343 547
258 578 432
419 10 804
231 525 845
61 129 793
21 58 971
77 62 11
653 440 783
303 121 614
599 545 103
229 646 106
220 150 386
480 596 853
128 661 198
138 569 261
395 45 723
121 162 764
125 142 347
318 341 911
420 409 981
53 211 483
376 222 20
226 512 979
653 501 621
82 46 303
669 386 955
421 552 457
558 130 144
211 314 279
66 401 18
570 602 949
698 121 371
639 241 617
258 152 153
224 674 22
66 300 424
68 98 237
267 666 859
70 70 116
665 266 791
274 48 925
460 199 858
57 268 62
75 248 858
558 232 291
148 233 862
677 185 46
275 241 621
167 449 776
262 385 155
359 332 61
489 134 402
80 153 648
93 493 882
368 294 5
586 614 61
111 237 135
35 318 650
154 266 67
413 225 952
376 61 924
285 595 274
659 45 228
664 602 841
336 259 398
374 233 576
156 611 31
349 581 42
85 504 947
22 282 373
411 390 763
482 634 348
331 529 283
151 512 706
197 574 554
646 638 412
686 371 198
479 467 977
221 465 283
577 128 939
486 338 954
424 403 884
194 236 885
399 169 139
470 58 9
401 700 803
284 129 431
483 419 541
47 202 452
575 571 434
369 426 146
24 497 422
64 85 623
513 336 652
416 114 801
565 572 152
676 186 372
668 347 513
560 326 498
331 262 29
635 94 920
271 318 706
678 670 612
337 221 154
173 693 358
622 445 972
140 454 855
519 435 917
452 454 933
393 552 647
486 273 482
55 170 594
576 615 553
641 459 84
104 622 111
130 563 885
525 376 64
320 530 599
103 399 809
476 531 58
507 467 156
450 676 775
196 365 660
284 506 450
198 480 623
386 581 312
65 185 524
71 146 553
25 247 328
463 27 565
387 530 215
546 129 643
17 454 986
317 242 427
306 567 615
522 525 854
522 371 68
250 377 962
59 45 17
432 543 806
199 591 602
12 100 478
204 197 367
578 196 648
300 94 282
41 67 231
411 327 637
51 576 67
451 476 78
598 78 568
644 166 252
543 257 589
125 350 413
280 146 570
496 509 37
353 600 461
477 59 9
347 428 781
362 673 48
188 509 61
492 657 509
514 162 240
98 134 392
296 133 937
177 646 106
161 655 921
689 510 566
578 21 499
300 533 242
61 545 88
650 694 423
387 296 35
113 562 107
65 669 395
103 490 941
468 495 247
696 94 780
53 183 584
212 501 702
663 80 970
25 109 244
501 232 200
231 8 259
20 486 632
371 406 691
101 165 882
416 115 300
552 249 116
62 498 200
405 303 76
174 281 898
214 335 919
691 392 352
438 403 581
311 662 151
150 587 935
556 231 938
121 363 610
259 464 12
387 65 746
64 326 702
283 548 380
201 457 697
333 196 335
522 500 917
389 379 531
429 149 644
275 320 465
661 345 497
271 471 265
552 281 926
228 515 135
236 251 635
254 557 286
177 549 262
382 96 653
249 514 693
222 514 257
305 44 138
25 181 182
164 296 221
23 400 481
397 550 438
530 12 725
145 602 399
573 536 725
258 459 551
121 278 918
566 63 501
469 215 895
237 482 86
457 366 434
507 352 792
615 87 517
354 523 246
415 250 339
508 555 510
109 409 367
413 475 977
453 439 879
200 271 648
216 301 51
116 383 348
683 324 663
184 270 298
484 405 717
269 627 117
378 530 2
517 77 847
321 321 67
411 529 337
560 361 414
677 108 104
126 636 686
186 624 904
122 447 395
359 451 457
583 561 654
464 690 878
63 157 628
102 227 309
189 179 477
376 506 226
671 516 203
120 190 299
527 312 672
112 593 592
700 67 581
504 516 189
450 304 57
568 253 308
124 584 746
365 506 626
327 393 341
142 599 232
628 204 912
316 589 280
302 673 910
302 367 944
668 118 490
395 241 62
411 503 895
476 634 219
490 228 383
535 624 334
417 223 41
126 436 65
425 488 458
1 102 215
301 307 906
14 330 662
13 149 367
295 390 798
203 690 576
382 115 274
485 618 571
304 146 841
290 486 242
584 262 42
638 176 987
653 319 911
532 28 216
321 215 220
344 107 965
20 475 325
166 390 77
174 84 84
557 484 872
356 605 663
363 412 234
240 161 131
536 522 345
404 378 8
243 222 450
201 384 689
495 269 245
304 574 275
261 232 838
301 544 520
443 509 377
422 626 551
236 161 248
607 493 5
600 533 584
269 108 338
251 537 178
535 79 894
201 309 442
404 81 976
561 355 695
36 339 205
106 54 667
23 520 747
325 21 928
527 261 761
558 611 904
373 458 774
491 44 129
48 222 845
122 585 891
355 554 897
429 359 950
138 157 693
158 450 472
63 146 515
596 202 66
8 674 533
143 448 816
569 346 159
348 131 242
345 136 27
555 497 179
70 89 916
690 120 454
188 505 769
88 597 539
374 615 596
457 80 409
170 32 36
77 372 620
650 406 62
528 496 655
334 326 379
121 53 704
380 222 241
279 248 23
611 634 561
11 671 386
105 304 177
310 385 611
198 675 916
647 176 234
356 250 376
687 528 101
339 656 570
7 537 945
75 40 249
277 330 863
373 283 84
484 469 491
268 251 571
407 174 887
539 322 846
495 610 67
153 569 93
152 383 145
71 589 210
73 419 877
130 582 243
109 77 795
0 275 421
67 198 239
209 506 385
183 307 913
114 207 124
515 129 787
492 240 198
694 159 859
263 94 267
507 273 429
217 29 430
181 78 527
403 457 156
604 572 103
342 351 822
683 615 256
488 113 159
600 74 272
396 603 742
502 690 866
400 590 93
261 215 987
570 578 15
574 317 111
575 697 126
382 493 803
72 572 469
407 459 968
692 644 729
32 496 230
450 114 759
135 604 758
187 36 412
452 642 646
302 164 947
60 291 424
242 140 884
354 365 663
424 524 17
373 229 472
345 82 707
93 559 608
136 83 823
684 196 823
497 312 994
664 414 465
460 335 53
465 326 877
637 75 86
43 378 159
246 334 95
263 659 924
497 595 452
602 533 486
316 50 654
247 309 691
431 483 748
39 654 989
192 409 411
379 563 997
379 663 321
207 207 977
295 144 654
5 656 133
648 556 539
107 650 375
383 45 628
364 35 847
413 627 887
457 620 781
290 122 440
644 93 174
132 530 814
358 202 905
425 301 599
10 262 961
271 264 30
475 612 568
130 364 493
19 121 845
283 350 439
305 62 898
318 409 286
193 440 969
619 564 683
626 79 287
428 39 359
221 241 19
347 183 443
560 634 30
461 565 392
699 157 844
150 461 70
313 547 33
158 281 536
612 260 796
97 454 689
141 453 215
35 257 224
103 121 261
293 10 74
239 39 340
58 626 2
353 586 885
407 415 709
329 262 891
98 651 51
201 429 989
339 23 284
54 519 173
509 232 60
571 111 481
167 34 343
278 468 692
644 515 733
387 328 611
414 387 560
623 68 568
270 630 61
71 250 208
344 24 495
603 24 414
84 436 60
152 177 648
458 286 498
615 551 288
462 493 225
232 647 321
295 293 500
386 361 315
406 467 574
361 574 783
518 408 303
176 684 720
320 357 694
75 264 403
18 406 736
662 574 253
4 617 778
642 250 47
447 133 273
35 84 0
215 473 270
659 477 107
649 462 21
682 589 194
554 557 406
450 60 516
28 434 193
70 481 170
660 304 859
232 160 712
552 587 178
526 404 543
454 618 987
378 605 318
492 610 379
496 645 511
488 216 571
82 37 973
26 421 149
232 476 360
472 677 144
92 387 981
397 553 812
662 143 637
572 125 854
111 83 529
433 387 650
355 540 453
643 176 195
63 524 439
46 555 317
181 293 690
239 1 206
36 160 328
4 687 408
382 329 993
295 568 4
235 567 521
679 223 710
667 30 666
665 674 219
378 656 831
591 586 764
138 544 511
488 659 349
513 629 131
333 9 801
589 23 346
261 229 71
665 651 239
237 36 400
178 593 270
570 77 622
558 557 603
682 179 2
131 336 788
605 404 14
622 482 214
65 106 807
46 445 702
169 565 906
85 79 390
570 699 207
439 521 773
401 300 911
685 262 850
624 413 219
5 520 47
293 614 749
520 623 250
700 494 902
336 346 892
320 332 468
89 24 406
479 234 737
547 180 537
668 691 259
90 641 997
117 534 351
430 231 316
696 624 552
175 231 4
425 176 648
352 374 657
430 676 965
512 587 902
194 620 346
178 367 493
274 646 515
464 554 79
554 544 407
644 544 762
171 693 661
61 467 987
229 284 825
310 648 630
359 236 909
512 42 456
198 274 696
476 637 652
497 516 246
289 288 731
44 108 998
90 577 416
312 524 362
138 198 997
177 160 398
397 532 401
510 593 154
495 647 56
113 245 846
602 159 534
179 185 434
460 117 358
327 529 831
472 457 571
488 577 194
196 525 415
510 256 618
285 419 604
432 82 500
180 457 740
212 362 751
437 388 314
195 6 377
626 281 289
392 444 550
124 508 430
94 571 554
463 184 320
657 301 726
110 163 617
533 189 713
596 351 642
229 542 333
169 153 83
32 227 868
677 398 111
22 86 837
338 620 652
461 215 439
95 147 355
534 26 660
187 516 281
504 57 512
532 166 568
205 90 420
345 63 586
668 379 384
265 386 125
442 445 160
656 487 607
486 622 463
103 522 684
0 133 549
463 642 952
327 665 36
175 80 264
587 479 559
516 345 911
680 4 161
598 607 910
547 614 834
680 205 693
553 519 204
427 605 63
369 642 123
697 364 993
334 642 344
154 699 759
480 66 622
451 318 206
648 184 634
561 377 84
26 104 293
615 270 360
581 172 52
631 586 507
565 577 333
343 408 703
658 185 172
150 477 755
286 686 530
119 555 252
321 516 512
147 268 988
409 392 349
49 634 251
10 671 902
505 507 987
143 155 165
234 198 598
503 523 547
300 283 826
604 286 625
489 129 859
166 566 545
235 578 36
14 212 981
127 579 160
307 79 798
281 254 86
674 15 646
471 489 711
609 173 612
48 263 6
398 685 300
419 368 360
421 135 828
31 277 881
319 256 194
402 8 723
262 56 256
256 493 196
212 434 750
302 693 408
148 653 390
452 73 285
154 510 577
77 502 108
529 208 120
156 551 309
336 558 347
165 397 450
166 586 285
447 75 156
256 165 388
593 266 479
174 631 862
279 601 977
208 38 978
693 566 721
138 89 595
321 409 637
623 574 754
111 549 864
148 434 893
49 512 516
316 169 476
553 418 393
649 191 323
564 388 973
589 157 861
481 6 669
254 262 381
51 606 75
649 611 639
202 524 34
49 600 721
434 514 956
315 272 870
281 258 391
591 474 114
338 535 56
136 697 429
78 635 748
535 495 939
374 392 982
207 81 989
217 25 696
181 115 725
15 98 244
2 160 131
448 598 59
428 17 631
525 678 875
403 350 537
330 598 965
95 426 791
29 92 701
121 176 902
232 183 995
637 311 187
333 528 675
694 245 38
374 145 912
111 464 368
482 547 352
508 201 695
147 151 461
500 84 873
691 671 175
9 344 272
410 222 943
240 129 944
114 396 951
547 650 808
438 38 965
312 431 994
649 358 847
166 574 408
14 521 989
399 105 289
426 674 981
10 662 415
532 35 909
20 557 572
150 600 363
664 443 717
92 377 479
652 360 109
530 10 584
538 236 54
586 164 258
509 284 183
232 478 270
644 564 150
4 316 300
664 432 85
99 24 873
401 656 186
584 27 240
60 363 507
434 254 777
190 458 380
39 467 579
271 184 58
599 516 716
170 103 110
458 582 954
608 368 585
165 698 505
209 571 47
29 496 523
527 276 847
527 494 666
658 372 226
352 23 399
405 248 549
255 294 663
270 509 215
431 513 499
180 274 572
198 581 267
446 632 744
456 405 114
594 294 510
513 166 334
694 85 870
215 166 543
61 229 299
364 409 210
458 364 627
431 697 239
426 476 936
480 122 312
606 363 722
198 244 41
667 546 918
497 592 425
626 261 586
187 290 183
614 402 543
343 181 413
294 351 692
221 273 554
304 34 462
37 301 947
52 602 119
399 98 702
623 95 579
637 178 80
298 346 690
493 496 954
58 511 819
296 419 779
613 466 66
160 192 900
531 126 103
688 529 658
625 288 277
343 16 130
222 320 913
479 215 423
422 297 12
558 614 950
615 135 344
377 78 746
601 609 41
118 677 557
174 580 926
684 210 205
238 406 19
298 535 24
564 336 78
223 331 931
489 125 43
677 361 886
439 225 69
91 61 746
78 500 337
100 580 672
261 131 175
316 459 168
628 617 749
112 504 969
428 301 150
78 625 122
402 481 868
445 541 283
542 363 800
351 54 518
419 592 871
537 352 845
698 523 498
260 648 736
381 326 300
186 268 203
3 562 675
606 520 797
543 239 108
678 1 563
31 542 509
209 367 388
607 168 420
239 571 491
355 648 967
56 46 925
573 185 117
154 185 988
498 223 802
574 487 76
210 182 561
600 127 192
390 679 567
194 206 494
629 542 488
112 353 17
590 567 947
374 10 213
101 272 222
628 317 126
695 606 816
170 304 800
604 294 682
144 147 680
387 501 868
203 310 575
265 646 299
693 87 860
535 496 326
107 378 788
34 341 891
421 74 166
105 505 34
319 474 560
536 352 29
563 198 777
576 389 47
45 57 608
693 207 925
133 454 183
529 335 205
143 528 670
366 102 674
148 333 241
554 438 977
372 107 42
251 217 719
336 231 735
353 215 67
541 210 996
676 432 465
107 393 990
360 352 51
14 565 48
358 247 667
280 628 532
455 163 259
425 589 890
694 262 216
57 529 79
449 620 454
593 637 558
698 324 187
288 515 81
368 538 916
447 392 464
274 321 97
414 268 622
700 438 302
388 461 33
207 420 414
75 334 351
546 120 218
9 607 243
59 331 408
314 258 349
111 384 734
675 432 140
500 470 604
33 93 84
206 688 376
69 312 95
699 123 936
409 44 147
36 651 523
688 653 491
505 537 301
269 19 970
687 244 254
357 438 16
582 199 73
626 206 860
426 618 172
279 561 779
127 239 527
525 270 13
616 635 944
693 533 849
421 228 774
116 322 862
456 556 794
8 608 285
194 156 739
137 343 486
140 52 445
164 496 958
250 590 33
257 671 663
271 506 89
365 58 904
4 45 829
154 381 687
494 612 881
503 2 393
548 331 249
292 627 660
137 311 681
500 312 602
573 71 16
607 594 409
682 289 284
235 681 346
312 350 136
415 680 637
207 637 108
90 224 936
255 688 332
670 609 461
407 127 335
112 544 648
501 267 755
472 186 821
451 499 307
81 38 785
380 279 451
678 426 760
454 620 552
236 62 183
676 336 815
151 160 126
124 661 327
551 676 534
20 694 983
211 239 300
614 496 28
417 28 265
53 455 109
530 278 715
611 333 650
540 206 816
200 198 287
535 157 670
280 81 846
478 403 873
691 225 506
594 403 505
420 463 570
589 12 868
688 435 365
428 660 516
644 397 764
685 71 171
597 416 727
121 411 677
465 122 469
318 604 596
538 175 119
486 393 499
498 507 990
437 7 587
474 247 825
402 203 944
371 480 38
417 659 871
631 433 777
289 88 600
109 338 744
224 604 353
107 607 152
150 633 908
134 341 693
236 631 681
230 198 26
382 661 926
126 399 615
681 506 451
130 482 635
435 639 62
41 569 781
458 620 828
242 31 109
600 631 804
596 384 573
33 195 377
508 534 164
658 92 985
283 68 84
460 495 462
568 583 205
658 665 355
659 301 512
330 625 1
88 301 321
647 195 343
519 240 600
621 96 795
378 291 604
188 113 862
396 80 960
291 397 863
309 569 347
466 72 210
651 137 651
159 676 569
108 206 908
677 354 582
175 334 663
179 326 326
147 136 977
475 415 113
227 175 447
644 382 291
351 431 407
182 218 13
357 370 402
129 192 204
392 319 937
264 241 154
156 454 429
662 584 842
90 255 778
552 625 757
461 30 561
116 562 694
171 303 59
234 513 775
331 388 762
591 175 518
19 364 536
650 637 597
512 547 755
10 321 42
27 120 313
369 456 931
46 319 344
353 643 963
171 238 741
519 322 562
420 427 592
56 222 916
270 631 30
165 403 548
411 670 710
632 325 574
473 96 456
301 479 332
291 214 130
215 370 651
361 92 619
270 573 335
511 149 518
654 201 786
170 395 151
8 411 585
302 655 248
538 354 696
560 696 688
288 305 915
115 422 512
450 551 487
103 356 745
608 379 123
95 290 20
623 328 85
295 297 767
334 359 546
547 47 914
257 141 780
573 462 351
286 158 428
601 652 566
46 581 568
77 334 587
106 234 546
45 295 995
318 565 791
7 60 702
140 425 628
595 648 616
372 65 131
666 658 418
437 259 840
256 589 915
210 6 750
536 150 521
651 536 651
359 410 440
514 100 599
492 308 118
463 387 541
467 88 470
440 197 679
582 663 577
246 325 392
235 415 344
332 472 658
502 294 341
321 510 823
406 181 402
623 683 14
180 642 633
157 586 72
492 125 141
249 505 893
263 212 209
660 114 281
646 18 398
601 158 306
99 138 981
465 519 717
83 128 361
652 235 451
11 158 240
575 10 363
648 258 60
547 446 564
167 287 132
426 542 518
388 258 104
305 543 163
534 124 399
349 332 135
593 152 542
244 289 871
593 152 540
623 82 810
355 21 802
525 207 183
135 100 524
23 95 876
669 346 187
387 359 513
228 3 285
466 411 78
454 225 407
496 685 981
18 596 974
140 654 404
403 487 954
501 11 680
648 143 322
387 250 193
513 351 969
428 54 201
382 676 48
613 316 433
166 223 352
478 43 752
395 109 916
165 280 823
323 366 560
233 18 656
662 446 778
542 45 668
274 274 87
134 646 356
183 254 216
152 111 101
692 500 921
75 158 474
590 63 235
326 454 398
548 233 84
95 551 758
690 187 652
357 351 45
580 132 250
651 413 25
454 615 883
671 39 600
687 129 512
565 216 406
622 650 825
307 337 869
640 661 908
46 250 255
120 177 119
58 394 648
340 696 82
356 458 391
282 323 738
109 189 388
188 66 844
407 298 412
485 414 323
579 18 242
52 35 631
432 364 300
322 408 240
574 459 104
512 482 654
222 605 797
177 512 968
661 410 376
279 138 65
609 544 649
139 370 410
566 453 806
499 663 542
441 647 896
246 272 687
682 214 938
297 357 860
342 313 72
53 328 248
549 509 676
191 91 75
504 470 664
292 343 88
301 33 356
442 248 883
509 689 140
57 696 784
357 484 152
272 91 535
204 475 930
693 599 123
200 657 510
308 33 718
20 256 978
685 577 744
567 692 261
418 333 783
612 261 267
534 493 858
683 451 9
650 170 175
280 148 228
287 335 54
160 484 949
125 194 913
504 595 792
198 46 372
136 577 143
563 669 817
513 282 957
12 541 934
687 220 813
541 155 8
616 262 296
185 373 846
111 208 17
210 8 141
350 602 984
433 184 349
453 621 871
58 450 189
396 293 822
601 476 899
263 487 39
543 81 563
147 149 449
636 486 748
398 198 470
516 543 138
229 275 762
220 34 980
256 542 639
28 556 136
413 328 128
81 109 5
498 248 666
531 624 647
546 645 940
96 530 151
457 392 956
531 390 218
239 231 3
108 575 916
37 651 284
369 675 225
603 566 636
107 447 686
318 342 383
449 49 229
568 197 978
20 308 251
452 30 17
55 438 449
458 302 817
324 154 974
17 267 101
684 538 5
254 35 400
269 176 88
611 343 414
452 132 882
636 161 427
308 631 888
335 695 641
322 485 725
334 61 820
105 635 734
181 682 305
249 694 925
666 318 661
360 13 944
29 379 34
174 533 594
163 599 658
339 294 887
531 530 826
197 380 787
344 421 370
271 680 802
689 452 218
616 335 689
198 532 101
314 584 281
118 26 747
179 520 95
698 330 537
165 161 772
554 371 413
519 458 555
342 522 762
537 380 378
691 150 431
50 666 478
87 256 743
37 241 156
645 649 494
541 567 431
133 611 924
137 169 941
645 112 172
625 577 311
259 445 8
237 155 593
121 100 117
88 561 265
648 185 955
191 419 779
689 268 246
594 110 328
10 295 482
351 31 512
404 167 470
641 234 842
26 607 684
14 186 536
212 365 250
407 166 899
94 553 652
45 5 687
51 321 377
124 271 505
246 386 522
199 178 844
577 216 992
88 649 864
604 444 472
407 677 527
383 313 526
657 242 145
133 60 603
246 651 218
579 256 135
109 28 459
81 315 793
66 487 409
221 424 840
606 587 76
47 69 75
365 175 574
59 11 94
130 240 596
155 546 178
485 691 91
6 246 4
688 632 353
311 440 847
395 66 849
102 607 617
176 264 78
229 158 879
35 356 591
592 56 158
261 273 328
402 177 64
157 586 344
71 474 323
392 490 283
683 491 168
591 467 462
634 553 485
401 229 933
603 409 428
568 223 315
361 279 365
282 416 439
292 204 982
26 215 954
237 250 338
123 108 759
493 97 65
525 114 441
160 91 924
191 494 255
196 14 792
179 198 749
548 376 578
321 496 286
509 91 17
270 214 80
448 185 281
580 564 329
33 667 883
576 170 660
356 238 184
52 484 34
640 357 58
290 390 753
255 138 25
560 197 315
554 604 250
200 682 964
468 139 910
525 410 380
453 125 223
140 546 64
667 697 418
439 355 647
655 172 932
441 121 693
575 529 774
445 238 550
506 500 977
88 453 701
105 143 264
277 594 639
137 284 907
84 575 370
642 633 688
483 241 895
678 443 630
582 391 787
171 556 959
516 219 336
61 658 633
52 361 141
316 197 321
551 327 553
160 454 704
237 381 624
496 424 307
351 540 631
237 50 949
433 161 651
560 419 658
345 393 265
535 300 138
234 232 984
676 395 875
155 231 109
601 577 988
236 216 887
509 521 685
433 248 916
177 495 470
529 371 509
176 522 506
535 616 441
507 131 29
527 268 48
573 20 277
562 532 164
286 478 402
267 280 516
401 624 896
305 587 964
159 479 130
356 602 64
299 256 167
529 443 119
174 349 47
572 454 468
493 580 626
223 455 781
486 497 286
208 607 607
405 218 365
86 257 639
212 44 929
0 582 88
553 509 454
311 37 905
202 611 777
525 15 343
517 276 221
128 692 537
693 98 163
172 695 478
145 69 713
331 408 12
278 189 585
190 577 473
548 398 292
637 350 962
405 8 511
384 238 786
700 660 405
543 677 42
616 52 282
527 158 32
588 99 845
319 508 541
495 220 10
301 46 549
342 491 575
228 190 504
326 78 978
460 275 693
259 700 803
65 332 647
407 250 502
265 36 826
505 274 506
523 567 3
649 513 299
215 43 914
482 617 650
621 613 664
309 225 326
220 454 229
158 116 923
377 0 404
348 410 726
615 75 403
416 678 838
410 179 556
604 496 593
570 217 844
633 381 206
384 234 464
628 688 865
553 657 880
67 226 93
225 145 707
75 347 812
90 531 124
13 241 584
417 565 560
101 366 171
578 257 207
444 606 901
360 340 334
314 547 709
552 674 154
679 519 93
549 495 357
148 518 469
398 171 382
194 283 183
256 652 55
495 498 663
659 111 273
301 420 448
108 361 243
649 590 780
290 121 435
385 488 150
601 585 749
575 370 267
512 374 224
191 244 878
232 558 653
155 542 126
352 681 814
79 78 17
461 683 560
54 525 351
431 60 325
177 162 475
697 355 353
350 601 578
553 167 783
616 379 716
361 148 10
53 290 744
149 198 208
591 263 505
684 549 772
209 217 925
373 479 365
384 160 576
201 235 577
654 401 575
300 460 190
337 52 53
237 274 933
444 230 182
670 567 396
129 264 14
559 351 460
637 545 477
289 598 743
393 570 433
422 168 64
252 514 215
535 329 934
650 279 447
604 678 876
467 653 350
512 602 460
588 507 74
186 373 152
334 329 138
94 517 347
533 296 785
660 528 11
153 606 888
64 263 914
331 41 464
62 45 222
446 422 735
141 557 627
209 154 695
212 388 166
158 164 819
270 311 879
645 307 689
621 112 157
652 673 269
189 521 246
494 10 554
282 229 890
61 437 7
454 434 819
324 493 261
620 633 567
226 423 652
646 163 569
125 126 415
684 293 288
131 55 257
450 484 502
280 26 293
247 530 652
334 22 6
22 691 553
611 563 880
673 658 364
407 443 800
654 578 247
127 283 211
426 38 980
48 64 353
480 133 580
690 576 993
501 533 229
365 254 855
185 482 579
155 600 849
155 92 802
624 336 513
499 414 748
22 693 987
316 566 889
9 333 101
67 521 286
383 207 708
684 480 72
110 654 337
391 412 177
69 596 136
127 380 430
534 583 146
348 82 973
518 407 559
322 61 97
93 129 606
437 35 97
151 323 978
148 522 185
340 618 685
85 578 883
65 258 848
500 436 833
390 166 878
285 487 127
51 304 898
76 519 782
638 558 511
314 59 72
181 551 466
268 525 702
93 248 561
37 392 356
375 602 565
482 543 722
135 150 962
549 141 746
676 268 799
617 318 853
683 76 552
396 177 650
42 268 629
43 134 623
628 45 15
550 49 955
207 201 48
206 70 488
340 519 205
335 278 662
149 273 950
575 46 574
532 82 324
132 466 861
290 52 940
553 320 802
255 107 977
465 17 511
197 42 6
477 523 0
192 419 849
383 213 513
411 625 791
252 378 581
489 98 260
230 645 955
54 390 573
17 9 780
688 300 454
201 521 829
254 263 650
176 569 513
637 651 830
495 106 445
697 200 203
387 191 94
360 332 353
68 430 443
532 282 112
473 331 738
133 308 980
451 149 186
220 523 379
144 128 133
243 556 453
58 489 281
262 512 651
566 625 868
12 586 751
164 514 991
158 226 55
89 686 206
311 511 282
62 326 283
151 522 56
694 659 46
373 402 981
261 609 447
23 554 792
199 401 567
302 214 185
409 36 492
396 350 364
613 264 862
695 200 574
317 218 733
451 46 570
656 124 113
131 379 727
539 299 95
419 428 119
11 248 563
196 594 628
31 558 409
320 147 510
166 591 365
392 142 18
193 514 773
360 153 747
311 285 875
692 650 48
419 25 969
354 159 378
552 452 622
463 359 155
657 515 415
141 697 7
242 535 4
198 393 744
651 131 245
525 327 167
219 222 995
642 334 912
202 13 730
181 664 903
374 193 815
452 258 894
318 294 295
74 280 468
310 177 976
5 48 55
213 177 594
536 473 598
459 68 861
131 91 526
428 47 339
256 213 521
693 527 60
390 21 850
237 110 277
415 450 349
673 114 994
446 225 488
93 660 643
105 557 795
477 454 831
432 179 682
380 287 190
107 261 355
236 525 701
688 196 949
625 293 144
143 198 171
26 183 233
511 274 219
462 521 872
492 502 984
226 412 540
1 564 592
171 352 708
184 381 367
525 225 822
242 597 163
445 592 119
421 488 919
581 397 720
322 536 232
152 658 209
640 390 343
62 109 925
153 96 329
341 305 291
532 351 837
415 136 263
260 202 285
352 199 761
303 310 468
354 28 698
574 46 526
223 331 117
102 640 901
54 210 136
607 296 195
193 284 178
465 340 883
432 606 807
658 599 975
604 674 78
271 620 291
51 457 234
567 107 669
203 431 812
96 222 886
656 365 969
557 595 219
182 433 737
220 214 649
450 456 32
160 663 361
368 623 409
127 294 98
580 420 887
643 468 820
36 424 544
658 125 228
258 151 566
221 453 839
377 1 941
358 595 844
634 578 466
17 557 66
475 597 153
243 246 951
430 49 495
328 328 587
376 614 244
328 379 57
92 523 164
48 262 35
302 603 104
547 218 543
311 298 337
345 5 550
268 120 421
494 603 441
576 502 9
370 220 489
155 357 686
497 446 913
102 378 422
563 500 911
11 248 735
601 377 589
203 97 416
315 621 793
407 261 253
674 87 330
465 77 663
119 682 746
439 395 883
525 605 55
585 674 809
577 503 273
353 409 78
137 690 953
409 251 193
485 277 963
431 250 65
261 565 170
365 72 291
244 184 826
143 544 178
290 668 167
45 103 149
395 461 881
286 425 973
622 45 666
449 504 275
97 418 667
177 313 685
328 103 483
50 488 46
248 404 355
38 210 650
0 315 119
200 0 727
225 215 607
631 386 623
394 540 824
359 77 517
260 85 7
330 458 319
539 327 635
18 114 641
595 268 579
514 682 345
661 95 260
467 131 487
440 593 209
170 535 399
632 171 635
674 108 972
287 488 359
565 487 586
356 302 166
119 96 667
13 503 219
104 568 747
15 558 698
662 218 441
400 5 829
543 451 497
461 36 914
695 226 925
188 363 5
416 362 658
563 245 318
699 123 193
461 664 674
687 255 357
490 188 109
65 494 113
219 89 886
180 645 954
448 432 815
460 636 815
493 360 806
576 354 362
139 159 105
62 22 423
421 627 482
309 48 757
164 374 824
151 690 529
377 161 145
367 213 818
391 48 607
578 659 835
253 18 385
456 450 709
268 31 18
75 483 255
448 601 366
415 337 946
30 540 143
219 54 269
81 22 956
57 121 666
392 498 412
109 477 660
682 355 674
255 522 912
409 203 204
668 227 3
181 167 350
155 71 625
512 613 240
222 105 779
227 222 79
60 598 985
519 633 775
247 80 818
261 285 414
339 582 978
45 223 153
693 581 985
294 412 720
23 626 459
295 358 223
137 166 851
455 438 604
600 26 996
314 522 366
557 362 505
596 303 51
432 382 398
394 663 548
255 118 18
69 306 771
669 49 249
224 170 516
67 548 636
633 306 435
447 649 807
671 528 426
692 194 482
617 619 992
660 85 176
633 382 98
324 60 663
335 450 645
639 531 3
54 237 710
546 92 710
30 665 982
658 690 853
271 232 506
576 26 440
396 614 576
262 404 582
613 169 871
84 464 734
39 441 14
224 567 567
105 483 614
351 326 409
612 145 153
648 439 401
276 64 939
517 100 95
283 144 946
365 34 739
341 639 266
128 87 388
246 615 804
625 500 95
523 474 150
362 646 47
438 196 37
28 354 976
504 476 246
634 399 452
1 42 530
512 26 248
147 688 11
181 160 956
314 602 746
602 629 95
131 689 170
262 431 828
4 164 546
182 558 659
326 663 556
26 418 102
114 298 667
325 393 113
640 374 179
253 183 242
518 260 359
301 245 622
313 332 992
362 189 190
680 166 360
50 347 350
573 548 942
273 373 349
24 3 840
453 578 425
225 76 137
152 482 425
358 121 637
586 495 582
350 573 425
674 270 790
505 467 927
107 3 93
206 503 555
180 61 30
31 524 813
581 184 538
270 247 524
173 693 463
520 686 436
78 287 267
149 488 449
159 214 58
339 336 255
330 89 73
214 612 277
608 583 340
422 87 830
253 265 225
183 410 846
250 108 911
633 290 228
448 455 730
87 409 276
617 429 812
238 5 678
398 277 296
190 259 790
504 271 456
310 401 725
314 2 834
607 171 159
92 462 802
385 370 117
285 126 51
204 70 657
489 241 946
311 569 225
155 486 84
35 115 695
613 180 181
389 32 925
399 509 357
44 633 80
204 363 928
190 695 297
489 488 909
227 344 912
17 189 714
3 276 159
402 433 162
612 253 494
487 410 636
513 194 735
3 198 485
349 500 266
436 15 819
58 623 435
472 397 437
369 310 849
494 512 642
95 232 727
177 197 724
470 631 158
371 466 207
29 225 935
390 648 580
410 144 863
130 411 137
355 340 949
433 590 99
182 609 166
554 522 538
287 40 554
14 479 837
494 153 660
27 199 563
684 423 495
625 215 928
684 605 359
393 485 761
363 41 514
223 241 287
132 158 862
463 489 659
311 301 123
602 237 199
112 108 742
457 34 797
33 375 218
386 220 33
2 272 307
600 529 108
133 379 24
449 616 302
518 655 116
340 287 135
569 212 577
311 329 49
62 685 310
412 35 608
91 569 527
339 634 300
620 484 260
277 252 12
451 199 693
211 599 8
374 518 928
242 653 733
38 403 829
15 159 484
47 589 505
554 397 201
141 24 755
492 383 145
6 26 146
279 363 804
601 436 498
100 537 132
255 468 706
449 571 721
440 628 486
294 584 702
257 123 534
398 26 506
372 559 767
414 137 207
304 342 221
248 494 543
368 344 537
698 396 180
607 525 22
0 493 829
612 376 777
327 473 764
36 117 139
312 603 554
7 558 318
220 679 633
686 332 92
18 123 39
128 18 870
185 525 226
122 569 422
525 252 47
173 444 169
653 370 756
4 207 730
231 400 223
284 650 261
438 420 20
276 385 74
659 35 121
337 344 482
272 93 766
689 663 305
340 357 134
453 112 224
134 320 75
457 266 624
287 98 435
109 646 144
434 411 230
456 528 991
538 642 754
557 98 115
589 29 11
525 591 375
503 157 862
187 589 338
209 104 268
259 312 826
680 517 664
46 416 385
679 120 172
582 343 451
249 161 678
220 315 558
614 74 413
39 265 556
511 346 578
135 527 260
30 412 857
511 19 140
564 474 550
409 442 672
235 600 444
141 48 661
578 152 732
544 239 308
482 124 602
677 113 408
420 255 272
604 649 722
36 214 356
593 544 741
531 211 226
628 310 436
680 331 342
214 346 454
81 660 324
79 288 111
150 340 341
686 598 356
86 188 772
53 169 920
69 506 782
183 195 229
0 174 606
435 462 953
240 121 745
391 130 844
469 619 324
637 469 659
426 645 30
201 167 93
24 260 675
644 433 77
122 485 936
213 105 516
249 181 905
260 411 424
383 244 244
183 238 221
17 111 240
352 423 781
627 82 395
229 16 521
521 201 177
473 420 403
13 103 158
98 94 25
541 206 345
153 306 600
441 62 318
447 195 909
444 516 314
540 482 769
251 190 490
348 19 676
491 363 211
597 244 364
650 53 757
498 618 452
7 437 139
557 200 15
307 534 804
435 290 28
183 387 494
437 651 468
336 615 712
292 75 638
678 204 275
230 211 357
213 174 144
72 699 796
555 228 833
219 95 741
360 45 941
459 209 945
97 126 152
372 676 207
284 112 266
478 370 215
60 70 355
172 285 283
542 35 370
524 582 804
225 188 571
83 514 96
60 176 119
569 42 377
350 591 392
423 234 324
696 193 864
393 608 252
419 143 372
688 414 140
405 476 593
466 583 370
546 3 804
18 308 344
394 139 204
57 516 436
148 468 195
324 324 16
238 375 443
564 256 121
588 452 46
403 66 754
8 278 560
58 491 135
141 211 601
582 635 12
519 552 368
227 171 958
239 350 18
323 554 807
267 437 980
76 460 856
292 276 434
12 665 964
217 421 471
442 464 915
35 603 534
54 566 23
575 124 724
451 339 356
551 210 249
56 27 261
396 596 203
323 169 212
430 579 749
97 472 963
443 114 891
659 402 361
688 128 181
687 450 952
515 409 743
155 121 784
125 316 329
252 258 912
344 670 664
526 245 145
677 295 646
559 398 809
252 302 549
677 676 846
220 692 210
45 630 423
658 53 937
545 383 902
315 236 814
206 287 518
392 221 421
541 272 838
677 675 920
465 485 554
652 331 189
334 689 441
360 180 720
444 343 644
326 110 845
590 228 290
499 268 585
602 331 511
257 125 343
182 336 274
517 543 969
20 387 249
501 622 483
33 308 583
559 291 603
290 614 156
530 291 767
358 360 100
69 253 97
507 429 2
194 393 677
611 537 207
327 325 135
148 48 561
292 280 984
150 100 662
344 694 938
447 53 962
254 358 926
236 351 906
268 262 487
59 104 979
477 605 243
524 412 134
528 117 36
458 632 268
373 297 705
182 107 341
597 94 506
44 91 592
305 363 145
396 415 626
408 616 91
329 631 906
691 638 675
439 262 279
452 310 506
515 298 713
189 574 712
556 238 839
287 323 617
149 454 970
44 241 166
630 231 485
580 77 445
578 135 381
535 30 749
682 633 716
426 350 741
691 190 300
255 656 206
488 102 378
233 500 687
250 696 409
