1
1
2
2 1
2 2
1
26
2
1 1 17
1 1 5
1
4
3
1 1 0
1 1 1
2 3
4
10 3 6 7
0
3
1 8 1
2
2 10
2 2
5
5 6 4 2 4
1
1 5 10
2
5 1
5
1 1 0
2 5
1 1 2
2 3
1 2 4
5
92 74 73 7 75
3
1 4 20
1 1 43
2 2
1
1
1
2 0
1
22
2
1 1 14
2 9
1
6
1
2 10
2
6 9
0
5
2 1 3 1 1
5
2 9
2 6
2 8
2 8
2 9
2
1 8
2
1 1 1
1 2 9
2
0 5
6
1 1 0
1 2 5
1 1 5
1 1 5
1 1 3
1 2 1
3
7 68 60
8
2 47
2 5
2 50
2 0
2 70
1 2 38
2 63
1 3 2
3
2 0 0
2
1 3 4
2 3
1
14
2
2 12
2 12
1
10
4
1 1 8
1 1 0
1 1 3
1 1 4
3
0 5 9
0
5
9 3 3 9 4
3
2 10
2 10
2 10
3
8 5 7
6
1 1 0
1 1 1
1 1 6
1 2 5
1 1 9
1 1 7
2
2 2
6
1 1 4
2 5
2 2
1 2 5
2 1
1 1 5
5
70 53 42 44 70
4
1 1 27
1 1 68
1 3 90
2 73
3
2 4 4
5
1 1 0
1 2 3
2 2
2 4
2 1
1
5
3
1 1 25
1 1 12
1 1 4
1
4
1
2 4
1
4
0
4
7 3 7 7
2
2 10
2 8
5
0 10 10 10 7
4
1 3 10
1 3 8
1 3 5
1 3 2
2
1 1
5
2 3
1 1 5
1 1 4
2 4
2 0
3
9 54 86
1
1 1 76
3
2 1 3
6
2 3
2 3
1 3 0
2 0
1 3 4
1 1 1
3
10 27 4
1
2 6
1
5
2
2 9
1 1 8
3
9 9 9
0
4
8 3 9 2
5
2 5
2 7
2 10
2 1
2 1
4
2 2 6 6
2
1 1 10
1 2 10
1
4
7
2 2
1 1 3
2 5
1 1 2
1 1 1
2 4
2 5
5
85 17 14 89 89
4
1 4 69
2 83
2 50
1 1 20
2
1 3
5
2 3
2 0
2 2
1 2 0
2 2
4
26 19 0 29
5
1 4 14
2 6
1 4 10
2 26
1 4 30
1
5
1
2 3
1
2
0
4
1 5 0 1
1
2 5
3
9 7 4
1
1 2 10
2
4 5
4
2 1
2 1
1 1 5
1 1 1
2
77 57
6
1 1 95
1 2 75
1 1 96
1 2 43
2 57
2 49
1
4
2
2 2
1 1 4
1
17
2
2 11
2 1
1
10
2
2 7
1 1 9
4
0 3 5 7
0
5
6 10 0 4 2
5
2 3
2 5
2 6
2 4
2 2
5
7 3 6 6 0
1
1 5 2
2
5 3
3
2 3
1 2 5
1 1 1
2
13 54
7
2 97
1 2 15
1 1 31
1 2 53
2 18
1 1 7
2 85
2
0 0
2
1 1 1
1 1 1
1
9
2
2 25
2 5
1
5
5
2 6
1 1 5
2 1
1 1 1
1 1 6
4
0 8 4 4
0
1
5
5
2 8
2 5
2 9
2 9
2 3
4
1 1 4 8
3
1 3 1
1 3 0
1 2 10
1
3
3
2 5
1 1 0
2 0
3
78 67 61
7
1 3 47
2 78
1 2 42
1 2 71
1 3 94
1 1 53
2 39
1
4
1
1 1 4
1
26
3
2 30
1 1 11
2 23
1
2
2
1 1 1
1 1 9
4
6 7 7 7
0
1
7
3
2 6
2 6
2 6
3
4 0 5
2
1 2 6
1 3 7
1
2
5
1 1 5
1 1 2
1 1 3
2 0
2 2
3
46 24 15
1
1 3 84
2
2 3
1
1 2 3
1
26
5
2 18
2 7
1 1 2
1 1 9
1 1 15
1
10
1
1 1 8
3
3 10 3
0
1
0
2
2 1
2 9
4
0 10 3 3
6
1 2 6
1 2 6
1 3 8
1 4 7
1 2 1
1 4 8
2
5 4
3
2 3
2 5
1 2 3
3
78 50 85
6
2 48
2 8
1 3 16
2 20
2 89
1 3 56
2
2 4
5
1 2 1
1 2 3
2 0
2 2
1 1 1
3
15 5 15
5
1 3 16
1 2 13
2 16
1 1 10
2 27
1
1
3
2 6
1 1 1
2 0
2
5 10
0
4
3 9 10 10
5
2 6
2 1
2 10
2 6
2 9
4
0 8 10 2
4
1 1 8
1 3 10
1 3 5
1 3 8
2
1 2
7
1 2 2
1 2 5
1 1 5
1 1 2
1 1 2
2 4
1 2 5
2
90 60
3
2 52
1 1 43
2 75
1
2
4
2 1
1 1 3
2 0
2 0
1
30
4
1 1 28
1 1 24
2 13
1 1 5
1
0
3
1 1 6
1 1 2
2 1
5
4 7 8 0 3
0
5
3 7 9 4 2
4
2 9
2 7
2 3
2 5
5
4 8 6 7 8
2
1 4 5
1 1 9
2
5 0
6
1 1 0
1 2 4
1 1 1
2 5
1 2 5
1 1 0
3
57 65 40
5
2 75
2 75
1 1 28
2 20
2 75
2
0 1
5
2 4
1 1 0
1 2 1
2 3
2 0
1
2
4
2 17
2 18
1 1 30
1 1 5
1
2
3
2 3
2 6
1 1 6
3
6 4 3
0
2
7 1
5
2 6
2 5
2 7
2 0
2 4
1
0
5
1 1 8
1 1 4
1 1 9
1 1 1
1 1 0
2
0 5
7
2 3
1 1 3
2 2
1 2 4
1 2 3
1 2 0
1 2 3
4
51 21 49 88
5
2 26
1 4 59
2 13
2 19
2 75
2
2 3
6
1 1 1
2 3
2 0
1 2 4
1 2 4
2 1
3
25 9 18
2
2 6
2 27
1
8
3
2 3
2 3
1 1 9
2
9 7
0
4
6 8 0 6
6
2 0
2 7
2 7
2 3
2 5
2 10
5
6 2 5 0 9
2
1 2 5
1 2 10
2
0 2
7
2 0
2 0
1 2 2
2 1
2 3
2 4
1 1 2
2
45 56
3
1 2 83
2 71
1 1 1
2
2 1
1
2 0
4
13 17 5 3
1
2 18
1
4
4
2 5
2 0
1 1 2
1 1 9
4
6 0 2 9
0
3
9 10 6
5
2 3
2 6
2 8
2 6
2 4
2
10 7
1
1 2 1
2
1 5
3
1 1 5
1 2 2
2 2
2
28 75
3
1 2 66
1 2 86
1 2 44
1
0
5
1 1 0
2 0
1 1 2
1 1 0
1 1 0
4
20 18 8 26
4
2 16
1 3 16
2 1
1 1 26
1
1
1
1 1 0
3
0 1 0
0
1
5
6
2 8
2 0
2 0
2 3
2 8
2 0
1
8
3
1 1 0
1 1 7
1 1 5
2
5 1
5
2 4
1 1 1
2 5
1 1 2
1 2 4
4
57 16 61 89
4
2 49
2 0
2 84
1 1 84
1
1
6
2 0
2 1
2 4
1 1 1
2 3
1 1 4
3
30 22 30
4
2 25
2 24
2 4
2 24
1
5
1
2 4
5
0 9 7 3 6
0
1
7
1
2 10
4
5 4 6 9
3
1 2 3
1 1 4
1 2 5
2
5 2
7
2 5
2 1
1 2 3
2 3
1 1 4
1 1 3
2 1
2
70 75
5
2 55
1 2 22
1 1 90
1 2 75
1 2 31
3
0 2 3
4
1 1 0
1 2 2
1 3 2
2 1
3
23 17 0
4
2 16
1 1 24
2 5
1 1 30
1
7
1
1 1 1
1
1
0
5
6 7 4 1 1
6
2 10
2 10
2 0
2 0
2 4
2 0
2
3 5
1
1 1 4
2
2 2
5
2 4
2 3
1 2 2
1 1 4
1 2 5
3
6 24 4
1
1 3 75
3
4 1 2
4
2 2
2 0
1 2 0
2 4
3
21 21 9
3
2 9
1 1 25
1 1 30
1
2
3
1 1 3
2 0
1 1 2
1
3
0
1
1
6
2 9
2 9
2 3
2 4
2 4
2 1
5
2 4 9 9 4
6
1 2 0
1 1 10
1 4 8
1 3 1
1 4 6
1 2 2
2
2 0
7
1 2 4
1 2 2
1 2 4
2 5
2 4
2 5
1 2 3
5
52 61 43 42 35
3
2 72
1 1 72
1 4 89
3
1 4 4
1
1 2 3
3
1 6 9
3
1 3 10
1 2 26
2 21
1
3
1
2 5
4
1 7 1 1
0
5
5 8 1 2 9
1
2 3
1
8
6
1 1 9
1 1 1
1 1 8
1 1 10
1 1 1
1 1 8
1
1
7
2 0
1 1 2
2 3
1 1 4
2 1
2 3
2 5
3
93 41 94
3
2 12
2 34
2 10
2
0 2
6
2 1
1 2 3
2 0
2 4
1 2 4
1 2 3
3
9 15 14
4
2 21
2 9
2 26
1 3 9
1
6
1
1 1 5
2
10 3
0
4
1 5 2 0
1
2 6
4
2 10 2 6
6
1 1 4
1 4 5
1 2 0
1 1 3
1 3 5
1 1 6
1
0
7
2 2
2 2
2 5
2 3
1 1 3
1 1 2
1 1 0
4
88 96 25 89
1
2 15
1
0
2
2 3
2 1
4
23 30 28 22
6
2 7
2 24
2 13
1 2 1
2 23
1 1 7
1
4
1
1 1 3
5
8 3 0 8 4
0
4
3 9 3 8
4
2 2
2 5
2 2
2 8
5
8 10 0 1 2
5
1 3 7
1 2 9
1 2 4
1 4 3
1 4 6
1
2
7
2 2
1 1 5
1 1 3
1 1 0
2 5
2 4
2 2
5
87 69 8 9 87
3
2 66
2 100
2 20
2
0 3
6
2 4
1 1 1
2 2
1 1 2
2 0
1 1 2
3
21 7 27
4
2 26
1 3 4
2 25
1 3 7
1
8
2
2 4
1 1 8
1
1
0
1
3
4
2 9
2 6
2 8
2 10
2
5 1
6
1 2 10
1 2 10
1 1 0
1 1 10
1 1 2
1 2 4
1
3
5
1 1 0
1 1 1
1 1 2
2 3
2 4
4
26 87 51 47
4
2 96
1 3 44
2 49
2 88
1
1
3
2 2
2 4
1 1 2
3
11 26 1
2
1 3 29
1 3 0
1
2
5
2 3
2 0
1 1 4
1 1 7
2 2
4
0 9 1 6
0
5
1 9 8 9 5
1
2 7
5
4 7 2 8 1
5
1 1 0
1 5 6
1 5 1
1 1 8
1 2 4
2
3 5
5
2 4
1 1 1
2 5
2 1
1 1 1
3
56 91 81
5
1 3 54
2 83
1 2 78
2 54
2 76
3
3 0 1
3
2 4
1 1 4
1 1 4
2
12 24
2
1 2 9
1 2 1
1
6
2
1 1 0
1 1 1
1
4
0
1
8
3
2 5
2 10
2 7
3
1 9 4
4
1 1 6
1 2 7
1 3 8
1 3 6
2
1 5
6
2 0
2 3
2 4
2 0
2 4
1 2 1
2
13 10
2
2 65
2 29
2
4 4
6
2 3
2 0
2 3
2 0
2 0
1 1 1
1
27
3
2 9
1 1 23
2 13
1
8
5
1 1 5
1 1 9
2 8
1 1 9
2 4
3
4 0 2
0
3
6 5 8
4
2 9
2 1
2 0
2 6
4
3 0 9 4
3
1 1 7
1 2 1
1 1 5
1
4
3
1 1 5
2 0
2 5
5
37 95 0 0 82
4
2 75
1 3 86
2 78
1 2 73
1
2
4
2 4
1 1 3
2 3
1 1 4
2
22 5
3
1 2 29
2 1
1 2 10
1
3
3
1 1 6
1 1 2
2 4
3
8 1 6
0
4
7 0 0 6
6
2 10
2 1
2 3
2 3
2 1
2 9
3
2 4 10
4
1 1 3
1 2 1
1 2 5
1 2 9
2
2 3
5
2 5
2 0
1 2 4
1 2 0
2 2
2
81 13
3
2 69
2 33
2 43
1
0
1
2 4
2
24 18
2
2 24
1 2 1
1
1
3
1 1 6
1 1 2
1 1 10
4
2 1 4 10
0
1
4
2
2 6
2 9
5
3 0 6 10 0
5
1 2 0
1 3 1
1 1 0
1 1 4
1 4 1
2
1 2
6
2 0
1 2 5
1 1 0
1 1 1
2 1
1 1 1
2
48 48
7
1 2 55
2 15
2 95
2 48
1 2 23
1 1 90
1 2 50
3
0 3 4
5
2 3
1 2 0
1 2 2
2 4
2 3
3
18 8 28
4
2 20
1 2 23
1 2 18
2 15
1
2
1
2 0
2
9 2
0
3
7 4 10
2
2 6
2 9
1
9
2
1 1 1
1 1 1
2
4 3
5
2 2
2 2
2 4
2 1
2 0
2
77 93
4
1 1 96
1 1 26
1 1 47
1 2 54
1
2
4
2 4
1 1 1
1 1 0
1 1 3
2
6 3
4
1 1 2
2 27
1 2 1
2 24
1
6
3
1 1 4
2 3
2 0
2
5 9
0
5
5 9 9 7 8
2
2 5
2 2
2
9 3
6
1 1 4
1 2 5
1 1 8
1 1 1
1 1 5
1 1 8
1
1
5
1 1 2
2 5
1 1 3
2 4
1 1 5
5
61 26 100 61 96
8
1 4 94
2 15
1 1 10
1 3 47
2 96
2 94
2 64
2 50
3
3 3 0
2
2 1
2 2
1
11
1
1 1 2
1
0
1
2 4
2
10 1
0
2
8 4
2
2 8
2 8
2
0 1
6
1 1 5
1 1 10
1 2 10
1 2 6
1 2 6
1 1 2
2
1 4
5
2 5
2 1
2 3
2 1
2 2
3
89 64 83
2
2 41
2 54
2
3 1
5
1 1 4
2 2
1 2 2
2 3
2 1
2
22 5
3
2 1
2 3
1 2 7
1
9
4
1 1 3
1 1 2
1 1 6
1 1 6
4
3 8 1 4
0
3
3 4 5
2
2 2
2 3
3
3 1 7
5
1 2 7
1 2 9
1 3 0
1 1 3
1 2 1
1
4
6
1 1 0
1 1 1
1 1 1
1 1 3
2 0
2 3
2
97 95
3
2 87
1 2 34
2 46
2
4 2
2
2 3
1 1 0
2
9 24
5
1 1 15
1 1 25
2 8
2 8
1 1 15
1
8
4
2 2
1 1 6
1 1 0
1 1 0
3
2 3 7
0
4
9 0 0 8
4
2 9
2 2
2 2
2 1
1
6
3
1 1 3
1 1 4
1 1 8
2
1 3
5
2 4
1 2 2
2 3
2 5
2 2
2
61 100
2
1 1 80
2 12
2
3 2
4
2 2
2 1
2 3
1 2 2
1
15
4
2 19
1 1 28
2 27
1 1 2
1
2
3
1 1 10
2 10
2 7
3
2 0 5
0
3
8 4 1
3
2 2
2 7
2 5
5
3 8 8 9 8
4
1 4 0
1 2 4
1 5 0
1 1 2
2
5 1
3
1 2 1
1 1 5
1 1 3
5
8 20 50 15 49
1
1 5 54
1
4
5
2 4
1 1 2
2 2
2 4
2 1
3
8 15 3
6
2 15
1 1 12
2 15
1 3 22
2 20
1 2 25
1
4
2
1 1 10
2 5
3
6 4 2
0
1
2
1
2 0
3
0 4 0
4
1 1 7
1 2 8
1 2 5
1 1 9
2
4 1
4
2 1
1 1 3
1 1 5
2 5
4
32 74 60 61
8
2 46
2 95
1 2 51
2 93
2 70
2 63
1 3 28
1 2 6
2
1 4
1
1 2 4
3
26 10 27
1
1 2 0
1
2
1
1 1 4
5
3 1 2 0 1
0
2
6 0
6
2 6
2 5
2 4
2 5
2 3
2 1
5
5 9 7 8 8
5
1 4 0
1 2 3
1 5 0
1 4 5
1 5 4
1
4
6
1 1 1
2 2
1 1 4
1 1 5
2 4
1 1 5
3
39 67 40
4
2 77
2 44
1 1 78
2 34
3
3 0 2
6
1 3 0
1 3 4
1 1 0
1 1 4
2 2
2 2
2
10 11
3
2 16
2 21
1 1 6
1
9
1
1 1 3
4
8 9 7 4
0
4
0 6 1 8
1
2 10
3
4 2 0
2
1 2 5
1 1 3
1
0
6
1 1 2
2 0
2 4
2 2
1 1 1
2 5
2
69 93
1
1 1 91
2
3 4
2
2 4
1 1 0
3
10 4 4
1
2 1
1
3
1
1 1 8
2
6 2
0
1
9
2
2 4
2 5
5
6 3 6 3 6
5
1 4 4
1 2 2
1 4 7
1 5 9
1 3 7
2
0 1
4
1 2 5
1 2 2
1 1 1
1 1 3
3
37 5 37
3
1 2 78
2 25
1 1 61
1
2
5
1 1 3
2 4
1 1 0
2 0
1 1 0
1
12
1
2 26
1
9
1
2 6
5
10 0 1 0 10
0
3
4 2 0
1
2 6
2
8 2
5
1 2 8
1 1 10
1 1 10
1 1 5
1 1 1
1
4
5
1 1 3
1 1 4
2 1
1 1 5
2 5
2
10 59
2
1 1 8
1 1 7
1
4
3
1 1 3
1 1 0
1 1 4
1
18
4
2 24
2 13
1 1 23
1 1 2
1
3
2
2 4
1 1 5
5
8 2 2 8 0
0
5
6 8 10 7 1
1
2 7
2
9 3
5
1 1 4
1 2 10
1 2 7
1 2 8
1 2 3
2
3 2
3
1 2 3
2 4
2 0
4
16 30 44 23
7
2 96
2 21
2 84
1 3 39
1 4 19
2 100
2 72
2
2 0
6
1 2 4
1 1 0
2 4
1 1 0
2 0
1 2 1
4
0 5 6 19
6
1 3 4
2 16
1 2 23
1 2 14
1 4 12
2 14
1
8
1
2 1
4
1 9 5 5
0
5
8 7 2 3 1
2
2 6
2 6
5
8 5 8 1 8
4
1 5 4
1 1 7
1 4 6
1 5 7
1
5
5
2 5
1 1 4
2 4
2 1
2 4
4
96 25 42 82
6
2 55
1 2 93
1 1 22
1 3 96
2 98
2 91
1
0
1
1 1 2
2
15 16
2
2 4
2 28
1
1
2
2 9
2 4
3
6 7 10
0
1
0
5
2 10
2 9
2 5
2 6
2 2
5
5 6 1 9 4
1
1 2 7
2
0 2
7
1 2 5
2 0
2 5
1 2 3
1 1 2
1 1 4
1 1 2
3
5 30 89
4
2 9
1 2 48
2 17
1 2 6
3
3 3 2
6
1 3 2
2 3
1 3 4
1 2 4
1 2 4
1 3 2
1
29
6
2 6
2 24
1 1 30
2 5
1 1 3
2 6
1
0
5
1 1 0
1 1 7
1 1 0
1 1 10
1 1 1
4
6 9 5 5
0
3
5 6 1
6
2 0
2 10
2 9
2 3
2 0
2 10
2
5 2
4
1 2 0
1 1 1
1 2 4
1 2 8
2
5 3
5
2 2
1 2 0
2 1
2 3
1 1 4
5
3 11 6 47 45
6
1 2 88
2 78
2 6
2 14
1 1 91
2 52
2
3 2
3
1 1 1
2 2
2 1
3
3 14 14
3
1 2 18
2 29
1 1 6
1
0
4
2 3
2 1
2 7
1 1 7
2
2 8
0
2
2 2
6
2 7
2 6
2 2
2 5
2 2
2 3
5
4 0 10 0 2
4
1 2 5
1 1 8
1 1 9
1 2 6
2
5 5
7
2 0
2 1
2 0
2 0
1 1 5
2 1
2 2
5
37 8 92 43 57
1
2 54
3
0 3 0
6
2 3
2 3
2 4
2 3
1 1 3
2 4
2
8 1
6
1 2 6
2 15
1 2 22
1 2 1
1 2 26
1 2 18
1
7
3
1 1 4
2 6
1 1 9
3
4 2 2
0
2
0 9
6
2 8
2 4
2 0
2 8
2 4
2 2
3
1 9 8
6
1 3 0
1 3 2
1 2 0
1 1 7
1 3 3
1 3 10
2
5 1
3
2 2
2 4
1 1 0
3
23 40 27
5
1 2 32
1 3 8
2 57
1 1 14
1 1 36
2
1 3
1
2 3
1
7
1
1 1 6
1
4
3
2 3
2 9
1 1 0
5
9 1 0 4 8
0
2
4 8
4
2 8
2 2
2 0
2 10
4
7 7 9 3
4
1 2 3
1 3 9
1 1 7
1 3 8
2
5 3
7
1 1 1
1 1 4
1 2 3
1 2 3
2 4
2 5
2 4
2
87 13
6
2 50
2 79
1 1 25
2 13
2 39
2 43
1
1
2
1 1 0
1 1 3
3
18 5 0
2
2 21
1 2 14
1
8
4
2 10
2 1
1 1 5
2 1
4
10 2 3 10
0
4
4 2 3 6
5
2 8
2 10
2 6
2 1
2 6
5
2 0 10 9 8
5
1 2 10
1 2 0
1 5 9
1 5 3
1 1 6
2
0 4
7
2 5
1 2 4
2 0
2 5
2 0
1 2 3
1 2 5
3
72 84 50
2
1 2 97
1 2 61
1
1
5
2 4
2 3
2 2
2 0
1 1 0
3
11 30 22
6
1 2 21
2 2
1 2 26
2 12
2 9
2 0
1
3
4
1 1 9
1 1 10
1 1 5
2 1
5
9 6 8 5 10
0
2
9 10
2
2 4
2 7
2
1 8
4
1 1 7
1 1 8
1 1 6
1 1 3
2
0 4
4
2 3
1 1 0
2 0
2 1
2
71 40
5
1 1 43
2 15
2 23
2 29
1 1 74
3
4 1 4
4
2 4
2 3
2 4
2 2
4
24 24 9 26
4
1 4 12
2 23
1 4 2
1 2 9
1
1
5
2 9
1 1 6
2 0
2 9
2 3
1
4
0
4
6 10 5 10
1
2 4
4
0 6 1 7
3
1 2 4
1 1 0
1 4 6
2
1 0
3
1 2 3
1 1 3
2 5
2
31 56
8
2 13
2 1
2 10
2 61
1 1 86
2 72
2 38
1 1 33
1
1
2
1 1 2
1 1 3
3
0 7 9
4
1 1 3
2 3
1 2 16
2 29
1
10
4
2 7
1 1 7
2 2
1 1 6
3
5 6 10
0
4
6 5 4 3
3
2 3
2 7
2 2
5
9 4 6 5 7
1
1 4 8
1
4
3
1 1 4
1 1 5
2 5
2
13 17
3
1 1 60
2 91
2 24
2
4 0
4
2 3
2 4
1 2 1
2 4
3
21 7 7
1
1 2 27
1
3
1
1 1 4
1
8
0
4
10 0 3 5
3
2 0
2 6
2 4
5
6 0 8 3 2
5
1 2 9
1 1 0
1 5 5
1 3 4
1 4 4
2
0 0
3
1 1 5
1 2 5
2 1
2
19 66
4
2 38
2 33
1 2 55
2 54
1
0
5
2 2
2 2
1 1 4
1 1 4
2 1
3
6 11 16
6
2 24
1 3 10
2 23
1 1 11
1 2 17
2 8
1
6
3
2 3
1 1 9
1 1 4
2
1 3
0
4
8 0 6 10
2
2 5
2 7
3
0 10 0
3
1 3 1
1 3 1
1 3 7
1
1
7
2 2
2 0
1 1 3
1 1 4
1 1 4
2 2
1 1 2
4
29 80 100 76
2
2 67
2 26
1
2
2
1 1 4
1 1 4
2
15 6
3
2 18
2 25
2 22
1
7
3
2 5
2 2
2 3
5
5 8 7 10 1
0
4
0 8 8 4
6
2 1
2 0
2 7
2 6
2 5
2 7
2
7 3
4
1 1 5
1 1 9
1 1 4
1 1 6
1
1
7
1 1 3
1 1 3
2 4
1 1 4
2 1
2 3
2 3
2
62 60
1
1 1 11
1
2
3
1 1 2
2 4
1 1 4
3
5 8 13
4
2 7
1 3 10
2 16
2 9
1
6
1
1 1 10
3
3 4 6
0
3
4 3 6
2
2 0
2 10
3
6 3 9
5
1 2 2
1 2 10
1 3 8
1 1 3
1 2 3
1
3
3
1 1 5
1 1 0
1 1 5
5
60 97 94 32 84
7
1 2 19
1 5 58
2 77
1 3 73
1 1 63
1 4 13
1 3 77
3
2 4 1
5
1 3 0
2 3
2 0
2 2
1 2 2
1
17
4
1 1 27
2 24
1 1 21
2 16
1
6
4
2 0
1 1 4
2 8
2 7
1
4
0
3
2 5 0
5
2 0
2 10
2 4
2 1
2 3
4
9 2 1 3
2
1 3 9
1 2 8
1
5
4
1 1 3
1 1 5
1 1 0
1 1 4
3
35 19 61
6
2 34
1 2 44
2 36
2 30
1 2 23
1 3 54
3
0 1 4
3
1 2 3
1 3 3
2 3
4
9 15 14 4
1
1 2 14
1
4
5
2 2
1 1 9
1 1 9
2 1
1 1 3
3
4 10 10
0
4
2 2 10 7
4
2 1
2 4
2 5
2 5
2
10 4
4
1 1 1
1 2 3
1 1 2
1 2 3
1
4
5
2 2
1 1 3
2 0
2 3
2 2
4
92 85 60 76
6
2 92
1 2 78
2 41
2 35
2 91
1 1 79
1
1
4
2 4
2 3
2 2
1 1 2
2
16 4
4
1 1 23
2 17
2 1
1 2 23
1
8
3
1 1 7
2 7
1 1 0
2
6 3
0
2
8 3
2
2 1
2 5
5
7 4 5 0 1
3
1 1 7
1 4 7
1 2 5
2
2 2
4
2 0
1 2 4
1 1 2
1 2 5
4
29 5 100 15
1
1 3 30
2
4 4
6
1 2 1
2 4
1 2 0
2 4
2 2
1 1 4
4
10 26 20 16
1
1 1 24
1
9
4
2 1
2 1
1 1 2
1 1 10
3
2 8 10
0
2
7 5
5
2 5
2 1
2 7
2 6
2 3
2
4 0
5
1 1 9
1 1 0
1 2 0
1 1 2
1 2 5
1
4
3
2 3
2 0
1 1 3
3
30 20 25
1
1 2 76
3
1 0 3
5
2 0
2 3
1 3 3
2 4
1 1 4
1
6
2
2 19
2 4
1
4
3
2 7
1 1 9
1 1 7
2
9 2
0
1
4
1
2 6
1
1
5
1 1 6
1 1 4
1 1 3
1 1 6
1 1 8
1
2
5
1 1 2
2 2
2 2
1 1 1
2 2
5
76 13 30 4 88
1
2 66
2
1 0
4
2 1
2 0
1 1 3
2 2
4
0 21 5 0
4
1 1 12
1 4 15
1 3 30
2 27
1
1
4
2 5
1 1 3
1 1 2
1 1 5
2
3 6
0
5
2 7 8 7 3
1
2 9
5
3 0 2 0 10
4
1 3 10
1 3 10
1 3 7
1 4 0
2
2 3
4
2 2
1 2 2
2 5
2 2
3
93 52 49
3
2 77
2 53
2 4
2
3 3
3
1 1 0
1 1 4
2 2
4
6 12 30 15
6
2 12
1 4 10
1 1 16
1 1 25
2 2
2 29
1
8
4
2 9
1 1 6
1 1 7
1 1 9
4
3 5 10 7
0
3
0 9 0
1
2 10
4
4 3 9 9
5
1 3 0
1 4 5
1 2 1
1 2 6
1 2 10
1
0
5
2 1
1 1 3
1 1 3
1 1 1
1 1 5
2
50 60
7
2 19
1 1 5
2 7
2 69
1 2 41
1 2 89
1 2 40
1
1
4
2 3
1 1 4
1 1 3
2 1
2
21 4
3
1 2 17
2 20
1 2 0
1
10
4
2 5
1 1 3
1 1 9
1 1 4
1
5
0
5
5 8 10 4 2
2
2 10
2 1
1
7
3
1 1 6
1 1 2
1 1 10
1
5
3
1 1 1
2 5
1 1 2
2
24 63
2
1 2 41
2 99
1
0
4
2 0
2 2
2 1
2 1
4
25 1 21 18
5
2 13
1 4 28
1 4 26
2 30
1 2 11
1
3
4
1 1 8
1 1 6
1 1 1
2 10
2
10 7
0
4
3 8 1 10
2
2 9
2 6
3
2 0 7
3
1 3 6
1 3 1
1 2 8
2
2 1
4
1 2 4
1 2 0
1 2 3
1 1 0
3
22 14 99
4
2 17
1 2 87
2 76
2 17
3
2 1 1
6
1 1 2
2 2
2 0
2 1
2 0
1 1 3
2
11 27
2
1 1 24
2 10
1
5
1
1 1 1
3
0 6 6
0
2
10 10
2
2 2
2 6
5
5 2 1 6 6
2
1 5 3
1 2 1
2
1 2
5
2 4
1 2 5
2 0
2 2
2 2
5
2 30 13 0 92
4
2 93
1 5 43
1 2 49
1 3 12
3
3 0 0
1
1 1 2
3
30 17 2
2
2 20
1 1 8
1
8
5
2 9
1 1 2
2 8
2 2
1 1 1
5
8 3 6 8 0
0
1
0
6
2 10
2 4
2 3
2 1
2 7
2 10
4
10 2 10 1
2
1 2 4
1 2 4
2
4 0
6
2 0
1 2 5
2 4
1 2 5
1 1 0
1 2 3
5
40 30 73 80 98
7
1 2 2
2 64
2 37
1 1 75
1 5 30
2 84
2 56
2
1 3
1
2 4
3
23 0 5
4
1 3 3
1 2 14
2 17
1 1 9
1
8
4
1 1 0
1 1 7
2 8
2 0
4
6 3 4 10
0
4
6 0 4 9
6
2 10
2 0
2 3
2 2
2 6
2 4
1
6
3
1 1 7
1 1 4
1 1 3
1
0
5
2 5
2 1
2 2
2 4
2 4
2
86 31
1
2 96
3
4 0 1
5
2 1
1 1 4
2 4
1 1 0
1 2 1
2
4 22
1
2 30
1
8
5
1 1 10
2 8
2 4
2 0
2 9
5
6 1 3 7 5
0
5
1 1 4 3 10
6
2 1
2 0
2 4
2 6
2 5
2 10
5
4 10 8 3 7
4
1 3 7
1 2 3
1 4 5
1 3 10
1
1
3
2 3
1 1 1
1 1 3
4
94 3 64 57
5
1 2 28
2 46
1 1 44
2 94
1 2 52
1
4
3
1 1 4
1 1 1
2 1
1
23
1
2 10
1
10
3
1 1 3
1 1 2
1 1 4
2
7 10
0
3
7 0 8
3
2 2
2 10
2 6
4
6 3 10 5
6
1 2 0
1 2 2
1 4 1
1 4 4
1 4 2
1 3 1
2
4 2
3
2 4
1 1 5
1 2 3
4
22 65 28 82
4
2 31
1 1 66
2 42
2 98
3
3 1 1
2
2 4
1 2 1
2
25 26
3
2 30
1 2 27
1 1 8
1
7
4
2 0
1 1 10
2 10
1 1 3
4
4 0 9 8
0
3
1 8 8
4
2 9
2 3
2 7
2 1
5
8 3 10 6 0
4
1 5 5
1 5 9
1 4 7
1 1 5
1
4
7
1 1 0
2 1
1 1 3
1 1 5
1 1 0
1 1 1
2 5
4
0 15 6 61
3
1 4 65
1 2 47
2 14
1
2
6
1 1 0
1 1 1
1 1 3
2 0
2 3
2 2
3
20 30 23
5
2 3
2 1
2 22
1 2 1
2 8
1
1
5
1 1 10
2 5
1 1 3
2 10
2 9
4
1 9 5 3
0
4
4 7 1 6
1
2 10
3
2 4 7
2
1 3 8
1 1 0
2
3 2
5
1 1 5
1 2 0
2 4
1 2 0
1 2 0
2
83 75
4
1 2 85
2 11
2 23
2 99
1
2
3
1 1 2
1 1 3
2 4
4
26 1 22 8
2
2 15
2 21
1
2
5
2 9
2 4
1 1 5
1 1 6
1 1 2
5
3 4 8 1 4
0
3
9 6 7
6
2 10
2 9
2 8
2 0
2 7
2 5
2
3 5
3
1 2 3
1 1 4
1 2 7
2
2 1
4
1 1 1
1 1 1
2 2
2 4
2
96 0
3
2 58
2 76
1 2 9
3
2 3 0
1
2 1
1
14
4
2 27
2 20
1 1 25
2 17
1
10
3
2 2
2 0
2 7
5
4 9 2 7 5
0
2
6 0
3
2 7
2 8
2 3
3
5 5 8
4
1 3 4
1 1 1
1 1 0
1 3 1
2
2 3
3
2 1
1 2 0
2 5
3
77 59 6
3
1 3 89
2 2
2 85
2
1 0
5
2 1
2 4
1 1 2
2 3
1 1 2
2
28 27
5
2 25
2 26
2 20
1 2 10
1 1 18
1
0
1
1 1 3
2
5 6
0
4
6 9 0 9
5
2 6
2 3
2 6
2 5
2 4
2
10 6
1
1 2 6
2
4 4
6
2 3
2 3
2 4
2 4
1 1 3
1 2 0
2
97 11
2
2 32
1 2 3
3
0 3 4
5
1 2 2
1 1 4
1 2 0
1 1 3
1 1 1
1
16
5
1 1 5
1 1 7
1 1 16
2 18
1 1 17
1
5
3
2 9
1 1 0
2 0
5
8 4 7 6 0
0
4
10 6 1 10
6
2 10
2 4
2 4
2 8
2 9
2 3
3
1 8 3
5
1 2 9
1 3 3
1 3 0
1 3 5
1 2 0
2
2 2
5
2 2
2 4
1 1 4
2 2
1 1 0
2
85 19
1
1 1 16
2
1 2
4
2 2
1 1 1
2 4
2 2
4
2 23 30 8
6
1 2 7
2 25
2 11
1 1 14
2 5
2 14
1
6
1
2 10
5
0 1 9 6 7
0
1
8
2
2 9
2 2
2
3 6
5
1 1 1
1 1 0
1 2 0
1 2 10
1 1 1
2
5 4
5
2 0
2 5
2 3
1 2 5
2 2
3
83 68 67
5
1 2 35
1 1 0
1 1 22
1 1 84
2 93
1
4
6
2 3
2 2
1 1 4
2 3
2 3
2 0
2
20 0
4
2 12
1 1 24
2 17
2 26
1
3
4
1 1 5
2 2
1 1 1
2 6
1
9
0
3
6 2 0
2
2 1
2 7
4
10 3 1 1
6
1 2 8
1 4 7
1 3 9
1 1 9
1 4 7
1 4 6
2
2 2
5
1 1 5
2 5
1 1 2
1 2 1
1 2 4
3
77 79 38
7
2 28
2 20
1 2 61
2 99
2 65
2 3
1 1 47
3
3 4 4
5
1 3 4
2 2
1 2 4
1 2 0
1 3 4
3
17 13 0
3
1 1 28
2 3
2 15
1
0
1
1 1 4
3
5 10 8
0
4
3 7 6 4
1
2 5
5
4 9 4 9 10
6
1 5 6
1 3 10
1 5 3
1 5 1
1 3 5
1 4 3
1
2
7
1 1 4
2 0
1 1 5
1 1 1
1 1 0
2 2
2 1
4
68 75 64 25
5
2 21
1 4 66
1 3 40
2 68
2 75
2
0 3
2
1 2 4
1 2 3
4
24 4 3 1
5
1 4 23
1 3 13
1 1 20
1 3 18
1 1 28
1
5
5
1 1 10
1 1 8
2 7
2 6
1 1 9
4
5 5 9 2
0
5
8 4 0 1 4
5
2 8
2 7
2 8
2 9
2 7
1
10
5
1 1 6
1 1 8
1 1 7
1 1 1
1 1 3
1
1
3
2 1
1 1 3
2 4
3
68 70 85
8
2 50
1 3 71
2 86
1 2 11
1 2 51
2 20
1 2 66
1 3 55
3
0 3 3
4
1 1 2
1 2 2
1 2 2
1 2 3
3
16 18 11
6
1 2 11
2 26
1 3 0
1 3 19
1 1 27
2 20
1
10
1
1 1 3
1
8
0
2
4 5
2
2 10
2 8
4
3 8 0 2
2
1 2 4
1 2 9
1
2
6
1 1 5
2 0
1 1 4
1 1 2
1 1 4
2 2
5
41 22 15 67 34
4
1 3 45
1 1 82
1 3 1
1 4 85
3
0 0 1
3
2 4
2 1
2 1
2
1 9
2
2 23
2 24
1
7
5
2 1
2 5
1 1 9
1 1 8
2 5
1
4
0
4
0 6 5 9
3
2 7
2 9
2 7
2
9 8
5
1 2 7
1 1 4
1 2 1
1 2 2
1 1 9
1
1
4
2 2
1 1 4
1 1 4
1 1 2
5
57 69 94 77 66
3
1 2 19
2 35
1 3 39
2
0 0
4
2 3
2 0
2 1
1 2 3
1
29
4
2 14
2 24
2 3
1 1 14
1
10
5
2 10
2 1
2 10
1 1 6
1 1 7
2
1 0
0
3
6 1 9
4
2 2
2 10
2 8
2 5
2
8 9
5
1 2 2
1 2 2
1 2 9
1 2 2
1 2 8
1
0
7
2 1
2 0
2 1
2 2
2 3
1 1 3
2 4
4
23 0 74 53
7
2 43
2 6
2 44
1 4 55
2 31
1 3 1
2 6
1
3
2
2 3
2 4
4
14 9 28 19
2
1 4 21
2 9
1
8
1
2 6
2
0 5
0
2
6 0
2
2 1
2 9
2
4 6
6
1 1 2
1 1 0
1 2 7
1 1 3
1 2 10
1 1 4
1
4
5
1 1 3
1 1 5
2 3
1 1 5
2 2
4
79 11 13 56
1
2 42
1
0
6
2 4
2 0
1 1 1
2 2
2 0
1 1 4
1
25
5
1 1 15
1 1 23
2 22
1 1 19
2 14
1
6
5
1 1 2
2 3
2 2
2 3
1 1 5
5
6 7 9 1 10
0
4
5 0 9 7
2
2 9
2 7
5
8 9 3 10 5
1
1 1 8
1
0
4
2 5
1 1 4
2 2
2 5
4
77 30 55 60
3
2 91
2 12
1 4 27
2
3 3
5
1 1 2
1 2 1
2 4
1 1 0
2 2
2
10 30
5
2 1
2 18
1 2 3
2 1
2 8
1
10
3
1 1 7
1 1 1
2 4
3
0 2 3
0
5
3 1 10 2 2
4
2 0
2 0
2 9
2 1
2
10 6
1
1 1 1
1
2
7
1 1 2
1 1 4
1 1 1
1 1 4
1 1 5
1 1 3
1 1 3
2
77 68
7
1 1 64
2 62
2 55
2 70
1 2 51
2 87
2 99
3
3 4 0
4
2 0
1 3 1
2 3
2 0
3
19 6 21
5
2 4
2 26
2 0
2 13
2 28
1
1
4
1 1 2
1 1 10
2 2
1 1 5
1
8
0
4
5 5 6 7
1
2 2
4
5 5 10 7
1
1 2 1
2
2 0
3
2 1
1 1 1
2 4
3
28 90 26
6
2 19
1 2 81
2 83
2 31
2 85
1 2 32
1
0
6
1 1 0
1 1 4
2 4
1 1 0
1 1 0
1 1 0
4
10 9 15 10
6
2 21
2 30
2 12
2 17
1 4 7
1 1 17
1
6
2
2 6
2 9
1
2
0
3
4 9 3
5
2 6
2 0
2 0
2 5
2 2
5
9 5 2 1 0
3
1 3 4
1 1 1
1 1 4
1
2
3
2 3
1 1 1
1 1 2
5
59 72 46 76 87
8
2 3
1 1 15
2 4
1 2 7
1 4 80
2 31
2 16
2 84
3
4 3 3
1
1 2 1
1
26
4
1 1 10
2 25
1 1 30
1 1 30
1
3
3
1 1 4
2 7
2 7
3
3 9 3
0
1
6
4
2 4
2 7
2 1
2 9
1
6
1
1 1 10
2
5 3
4
1 1 2
1 2 1
1 1 5
1 2 3
4
55 10 98 59
1
1 3 95
2
1 2
1
1 1 4
4
9 26 11 11
3
2 6
2 20
1 1 12
1
1
3
1 1 0
1 1 2
2 0
3
9 8 10
0
4
2 2 9 5
2
2 5
2 9
4
0 1 1 0
2
1 1 10
1 4 6
2
1 0
4
2 2
2 4
2 5
1 1 2
3
81 53 34
1
1 2 51
3
1 2 2
2
1 3 1
1 1 3
3
17 21 5
3
2 25
2 19
1 1 6
1
1
1
1 1 1
1
7
0
2
2 9
4
2 10
2 3
2 6
2 7
3
8 7 7
5
1 1 10
1 3 6
1 1 6
1 3 0
1 1 4
2
5 2
4
2 3
2 5
2 0
2 5
4
62 47 16 26
7
1 1 74
2 74
1 2 75
2 9
2 16
1 4 64
2 98
2
0 3
6
1 1 3
1 1 3
2 4
2 0
2 2
2 3
2
26 4
3
2 11
1 1 14
2 23
1
4
5
1 1 1
2 9
2 10
1 1 7
2 1
3
10 1 7
0
2
1 9
4
2 10
2 3
2 10
2 9
3
2 4 4
4
1 1 6
1 2 10
1 3 6
1 1 6
1
3
7
2 5
1 1 3
1 1 0
1 1 1
1 1 0
2 3
1 1 5
4
49 20 1 27
2
2 10
1 2 62
1
0
2
2 2
1 1 3
4
19 0 16 24
2
2 15
1 3 14
1
5
5
1 1 7
1 1 6
2 8
2 4
1 1 10
4
5 7 6 9
0
4
8 1 10 3
1
2 9
5
5 5 7 5 8
5
1 1 9
1 1 9
1 5 4
1 3 8
1 1 3
1
3
6
2 3
1 1 3
1 1 4
2 4
2 4
1 1 0
3
61 27 15
3
1 2 1
1 2 9
1 1 66
1
1
2
2 1
1 1 1
1
24
4
1 1 23
2 7
2 10
2 22
1
7
5
2 8
1 1 8
1 1 10
1 1 6
2 2
5
4 8 6 5 1
0
2
4 6
3
2 5
2 5
2 9
2
10 4
4
1 2 6
1 2 1
1 2 7
1 1 5
1
2
3
2 5
2 2
2 1
3
50 96 93
5
1 3 15
2 95
1 1 41
1 3 57
2 82
1
2
4
2 4
1 1 0
1 1 3
2 2
2
30 2
2
1 1 27
1 2 30
1
3
3
1 1 8
1 1 6
1 1 4
1
2
0
5
10 9 2 6 0
4
2 8
2 4
2 7
2 4
3
1 6 8
5
1 1 5
1 1 0
1 2 1
1 2 0
1 3 2
2
0 4
7
1 1 5
1 2 3
1 2 2
1 2 1
2 5
2 5
1 1 3
5
18 74 10 44 19
6
2 79
2 60
1 5 66
2 86
2 33
1 2 71
3
3 4 3
1
1 3 2
2
4 17
1
1 1 14
1
8
5
1 1 1
2 4
2 0
2 10
1 1 7
4
5 7 6 9
0
3
4 8 9
4
2 4
2 3
2 7
2 7
2
7 7
4
1 2 0
1 2 0
1 1 7
1 2 7
2
4 0
6
2 1
2 3
1 1 5
2 2
1 1 4
2 5
5
10 85 8 34 76
4
2 65
1 3 41
2 66
2 37
3
2 2 0
2
2 0
2 4
4
20 12 1 15
4
1 3 9
2 1
1 1 18
1 1 20
1
10
5
2 5
2 7
2 7
1 1 0
2 4
3
3 6 4
0
1
10
3
2 5
2 2
2 2
2
1 1
5
1 1 0
1 1 3
1 2 8
1 1 2
1 1 5
2
2 5
6
1 1 3
1 1 1
2 5
1 2 3
2 1
2 1
4
55 89 40 69
8
1 3 17
1 3 49
2 78
2 3
2 15
2 37
1 2 39
2 68
3
3 1 0
5
1 3 0
1 3 1
2 2
2 1
2 2
2
18 20
4
1 1 21
2 16
2 6
2 7
1
6
4
2 3
2 3
1 1 2
2 3
5
2 1 7 2 1
0
4
3 4 0 2
3
2 2
2 7
2 2
3
8 10 0
1
1 1 3
1
1
6
2 1
2 1
1 1 4
1 1 1
1 1 3
1 1 4
3
90 70 45
8
1 2 35
1 1 81
2 17
1 2 17
2 79
2 99
2 78
1 1 68
2
3 2
4
2 1
1 1 3
1 1 3
1 2 2
2
23 26
4
2 30
2 29
1 1 12
1 2 0
1
5
1
1 1 1
2
6 0
0
2
3 10
4
2 2
2 2
2 8
2 8
3
10 7 0
5
1 3 7
1 3 10
1 3 4
1 2 6
1 3 3
1
0
4
1 1 0
2 0
2 5
1 1 3
2
19 69
5
1 2 66
2 96
1 2 72
1 1 68
1 1 32
1
0
6
1 1 3
2 4
2 3
2 4
2 4
1 1 3
2
14 1
4
1 1 5
1 1 24
2 8
2 13
1
1
4
2 4
2 6
2 7
2 0
1
9
0
1
1
6
2 0
2 4
2 9
2 2
2 0
2 2
1
1
6
1 1 0
1 1 0
1 1 0
1 1 10
1 1 0
1 1 1
2
0 2
4
1 1 4
2 2
2 5
2 5
4
68 28 47 85
4
2 22
1 4 57
1 3 23
1 4 36
2
1 1
1
1 2 1
2
24 4
6
1 1 18
2 4
2 10
1 2 5
2 8
2 14
1
5
1
1 1 0
2
2 7
0
5
5 1 4 4 1
3
2 1
2 9
2 7
5
4 10 9 1 6
6
1 2 5
1 5 3
1 4 9
1 5 1
1 1 4
1 2 10
2
0 5
7
1 2 1
2 2
2 5
1 1 2
1 2 5
2 4
1 1 4
2
92 82
7
2 94
2 63
1 1 9
2 17
2 99
1 2 2
2 80
2
3 1
4
2 4
2 1
1 1 3
2 4
2
5 13
4
2 25
2 9
1 1 28
1 1 30
1
0
1
2 4
2
9 10
0
3
5 8 0
1
2 7
5
1 4 1 10 3
6
1 4 5
1 2 10
1 5 3
1 2 4
1 4 3
1 5 1
2
0 3
7
2 5
2 3
2 1
2 3
1 2 5
1 1 2
1 2 2
2
12 87
2
1 2 40
1 2 0
1
0
2
1 1 2
2 1
2
0 22
3
1 1 18
2 6
2 29
1
0
2
1 1 1
1 1 4
5
4 8 9 4 2
0
2
1 9
3
2 7
2 8
2 4
4
0 2 6 3
4
1 4 1
1 1 6
1 4 7
1 4 1
2
3 5
6
1 2 3
2 0
1 2 0
2 2
2 1
1 2 4
5
17 18 15 62 58
5
1 2 77
2 92
2 87
1 4 45
2 71
1
1
5
2 4
2 3
1 1 0
2 4
2 3
1
12
5
2 17
2 30
2 19
2 14
2 3
1
1
4
2 9
1 1 10
2 7
2 1
5
8 3 4 4 2
0
1
5
4
2 4
2 0
2 6
2 1
5
4 4 3 0 9
1
1 5 6
1
3
6
2 0
2 2
2 2
2 2
2 3
2 3
5
99 17 98 5 72
8
1 2 60
1 4 14
2 3
1 2 28
2 23
1 5 29
1 3 91
1 2 34
1
4
2
1 1 2
2 2
2
29 13
3
1 1 25
2 13
1 1 9
1
6
4
2 5
1 1 0
1 1 4
1 1 9
3
6 3 2
0
5
0 0 5 4 6
3
2 6
2 7
2 7
3
8 4 8
1
1 1 0
2
1 5
3
2 3
1 2 5
2 0
2
98 84
8
2 42
2 7
2 22
1 2 13
1 1 73
1 1 49
2 54
2 11
3
0 0 2
1
2 3
1
3
6
2 3
1 1 18
2 6
1 1 14
1 1 13
2 26
1
6
5
2 7
2 3
1 1 1
2 1
1 1 9
3
6 5 6
0
5
6 8 2 5 4
3
2 5
2 7
2 8
1
0
3
1 1 0
1 1 5
1 1 4
1
1
4
2 5
2 0
1 1 0
2 2
3
95 89 82
2
2 88
2 67
2
4 2
6
2 0
1 1 4
2 3
2 0
2 3
2 2
1
25
2
1 1 29
1 1 14
1
5
1
2 3
5
8 8 0 4 2
0
1
7
6
2 4
2 10
2 9
2 0
2 6
2 7
4
2 1 10 6
4
1 4 6
1 1 8
1 1 0
1 3 2
2
4 1
4
2 0
1 1 1
1 1 2
2 1
3
71 93 76
6
2 28
1 3 29
2 28
2 31
2 29
2 88
1
4
5
1 1 0
2 2
1 1 2
2 0
2 2
2
2 9
3
2 9
1 2 10
2 30
1
5
3
1 1 0
2 7
2 1
4
0 2 2 7
0
3
2 0 2
4
2 9
2 2
2 3
2 0
5
1 0 8 3 9
3
1 2 5
1 2 5
1 1 3
1
1
3
2 3
2 4
1 1 1
2
23 36
6
2 70
1 2 57
1 2 22
2 73
2 34
2 5
3
3 0 2
4
1 1 2
2 0
1 3 4
2 2
1
16
3
1 1 29
2 12
1 1 28
1
4
4
1 1 4
2 1
1 1 1
1 1 3
1
8
0
3
3 8 4
2
2 0
2 3
4
9 4 6 8
4
1 1 7
1 4 9
1 1 2
1 3 8
1
4
7
2 5
2 2
2 2
2 1
1 1 0
1 1 5
2 0
2
1 4
7
2 45
2 20
2 68
2 67
2 68
1 2 7
2 70
2
4 4
1
2 1
1
11
2
1 1 20
2 3
1
7
4
1 1 0
2 7
1 1 7
2 5
1
1
0
1
1
6
2 2
2 7
2 6
2 5
2 4
2 8
2
0 2
5
1 1 8
1 1 3
1 1 0
1 2 9
1 1 4
2
1 3
6
1 2 5
1 2 5
2 4
1 2 4
1 2 4
2 1
3
25 14 62
8
1 2 49
1 3 89
2 10
1 2 3
1 2 19
2 90
2 8
2 29
2
2 0
3
1 2 0
2 4
2 0
1
26
1
1 1 11
1
5
2
1 1 9
2 10
1
7
0
2
6 3
1
2 1
5
10 1 9 0 8
5
1 5 7
1 5 0
1 4 10
1 3 2
1 2 3
2
0 2
4
2 1
2 2
2 2
2 0
2
19 20
4
1 1 70
2 9
2 12
1 1 75
1
0
6
2 0
2 4
1 1 0
2 0
1 1 1
2 4
2
4 21
3
1 1 29
2 5
1 1 8
1
7
3
2 10
1 1 3
1 1 0
5
1 6 6 7 4
0
1
5
4
2 7
2 4
2 4
2 9
5
6 4 4 2 10
6
1 4 1
1 2 6
1 4 9
1 4 8
1 4 10
1 4 10
2
2 3
3
1 2 1
1 1 0
1 1 1
2
9 48
2
1 2 11
1 2 1
3
0 1 2
5
1 1 3
1 3 4
2 4
2 2
1 2 4
4
29 0 18 23
4
2 10
2 18
1 2 0
1 2 27
1
2
5
1 1 0
2 1
1 1 8
1 1 9
1 1 2
4
7 5 1 10
0
2
0 9
1
2 5
4
10 8 8 9
2
1 1 4
1 1 4
1
4
4
2 1
2 5
1 1 0
1 1 2
2
55 96
6
2 57
1 1 14
1 2 53
2 95
1 2 36
1 1 70
1
4
5
1 1 3
2 2
1 1 2
2 1
1 1 2
4
17 17 7 6
4
1 3 11
1 2 2
1 2 19
2 24
1
1
4
1 1 10
2 7
2 2
2 0
1
9
0
5
2 4 9 4 5
1
2 7
4
7 8 1 0
4
1 1 9
1 1 2
1 2 10
1 4 9
1
5
5
1 1 2
2 3
2 3
1 1 3
2 0
2
7 7
5
2 33
1 2 56
2 39
2 98
2 56
3
0 1 1
6
2 4
2 3
2 3
2 0
1 3 1
1 3 1
1
0
5
1 1 30
1 1 26
2 14
1 1 7
2 22
1
8
3
2 0
2 9
2 9
5
4 8 1 7 6
0
5
8 6 4 7 0
4
2 8
2 8
2 1
2 8
1
6
3
1 1 2
1 1 0
1 1 5
1
0
7
1 1 2
1 1 5
2 2
1 1 2
2 2
2 2
1 1 1
4
72 68 24 24
6
2 73
1 1 67
2 14
2 62
1 1 99
1 1 22
1
4
2
2 3
2 2
2
11 4
5
1 1 0
1 2 25
2 6
1 1 11
1 2 20
1
10
4
2 3
2 2
2 0
2 3
2
6 6
0
1
3
2
2 4
2 8
4
8 7 7 1
1
1 2 4
1
5
3
1 1 2
2 3
1 1 2
3
4 8 55
4
2 15
1 1 10
1 2 34
1 3 54
1
1
3
1 1 4
2 0
2 4
3
24 10 7
4
2 8
2 29
2 30
1 3 19
1
0
3
1 1 10
2 9
1 1 1
3
3 10 1
0
1
9
6
2 6
2 3
2 2
2 4
2 0
2 10
5
2 10 0 8 4
3
1 1 6
1 4 4
1 2 1
2
4 5
4
1 2 0
2 2
2 1
2 4
4
33 31 28 45
2
1 4 74
2 70
3
4 2 3
3
2 3
1 3 4
1 3 4
4
12 0 18 12
3
1 2 19
1 1 13
2 27
1
1
2
2 9
1 1 1
4
9 1 2 6
0
4
8 5 3 4
4
2 9
2 6
2 10
2 5
1
9
2
1 1 10
1 1 1
1
4
5
2 3
2 2
2 5
2 2
1 1 0
2
90 23
6
1 1 56
1 1 81
1 2 7
1 1 98
2 13
1 1 7
2
2 0
6
2 3
2 3
1 2 0
2 3
1 1 1
2 2
4
10 8 0 22
6
2 5
2 12
1 1 20
2 16
2 11
2 13
1
3
3
2 10
2 3
1 1 9
4
4 7 3 1
0
1
3
5
2 0
2 10
2 7
2 2
2 0
5
8 3 1 4 9
3
1 2 9
1 5 3
1 5 6
1
0
6
1 1 2
2 3
2 4
2 1
2 0
2 1
2
55 48
8
2 13
2 51
2 90
1 1 86
2 42
2 58
2 30
2 90
2
3 3
4
2 4
1 2 4
1 1 1
2 3
1
19
6
1 1 27
2 5
2 24
1 1 12
1 1 27
2 20
1
2
5
1 1 1
2 9
2 3
2 7
1 1 4
4
6 8 6 1
0
4
7 2 4 6
6
2 5
2 6
2 10
2 7
2 8
2 3
3
3 1 5
6
1 1 10
1 2 1
1 3 4
1 1 2
1 2 5
1 3 0
2
0 1
4
2 2
1 1 4
2 5
2 0
4
89 23 1 4
7
1 2 8
1 4 21
2 34
2 98
2 54
1 4 38
2 29
1
3
2
1 1 1
2 3
1
20
3
1 1 7
2 29
1 1 25
1
2
3
1 1 0
2 8
2 10
4
7 3 9 10
0
4
0 8 8 8
2
2 7
2 9
1
2
6
1 1 10
1 1 5
1 1 5
1 1 7
1 1 3
1 1 0
2
5 0
6
1 2 0
2 0
1 1 1
2 2
2 3
1 2 3
3
55 3 4
4
2 17
2 71
2 66
1 1 10
2
0 1
4
2 4
1 1 1
2 1
2 0
1
20
2
2 3
2 9
1
9
1
1 1 6
3
3 8 5
0
5
8 10 4 4 7
4
2 5
2 0
2 8
2 10
1
4
3
1 1 4
1 1 7
1 1 7
1
0
6
2 5
2 0
1 1 3
2 5
1 1 0
2 2
3
68 0 86
1
2 30
3
3 3 3
1
2 4
4
18 22 13 26
6
1 3 1
2 0
1 1 27
1 3 0
2 29
1 3 22
1
2
3
1 1 8
2 2
2 5
2
3 9
0
5
0 4 8 1 5
1
2 1
4
5 2 9 4
3
1 3 3
1 1 5
1 4 0
2
4 1
4
1 2 3
1 1 0
2 0
1 1 0
4
93 46 18 89
7
2 95
2 95
1 2 20
1 1 31
1 4 86
1 3 55
1 3 84
1
2
3
1 1 4
2 2
1 1 4
1
19
2
1 1 25
1 1 23
1
9
5
1 1 2
1 1 1
1 1 0
1 1 4
2 0
4
2 8 2 2
0
4
7 8 3 10
6
2 3
2 4
2 0
2 6
2 2
2 9
3
2 4 9
6
1 1 9
1 3 8
1 2 5
1 3 3
1 1 10
1 2 1
2
0 3
6
1 1 5
2 5
1 1 5
1 1 4
1 2 2
2 5
3
85 87 6
6
2 73
2 73
1 3 67
2 1
2 52
1 2 27
1
4
6
1 1 4
2 4
2 0
2 0
2 1
2 4
4
13 11 1 1
1
1 2 23
1
3
5
1 1 7
2 7
2 8
2 5
2 3
5
5 9 9 2 8
0
2
3 1
2
2 2
2 9
1
5
1
1 1 6
2
3 1
5
2 5
2 3
1 2 2
2 2
2 3
4
57 43 49 32
3
2 99
1 3 47
2 4
1
0
2
1 1 3
2 0
4
23 25 10 3
1
1 3 28
1
2
2
2 10
2 3
4
7 0 10 2
0
3
10 9 5
2
2 3
2 9
2
3 1
5
1 2 5
1 1 4
1 1 8
1 2 3
1 1 2
2
1 5
7
2 2
2 0
1 2 0
2 2
1 2 2
2 4
2 1
2
94 68
5
1 1 49
2 83
1 1 22
1 1 51
1 1 26
2
0 4
5
2 4
1 2 2
2 4
2 2
1 1 4
1
23
5
1 1 28
2 1
1 1 3
1 1 24
1 1 12
1
6
4
1 1 6
2 8
2 1
2 2
4
0 6 8 9
0
2
9 5
2
2 4
2 7
2
5 7
6
1 1 5
1 1 7
1 1 9
1 1 9
1 1 2
1 1 1
2
2 5
4
1 2 3
2 4
1 2 3
1 2 2
3
24 86 35
5
2 81
2 56
1 3 59
2 32
2 26
2
3 0
3
1 1 4
1 1 3
2 0
3
19 26 23
4
2 13
1 3 10
1 2 4
1 3 8
1
4
5
2 7
2 2
2 6
1 1 2
1 1 10
3
9 9 9
0
1
5
5
2 10
2 9
2 4
2 8
2 6
3
6 5 10
2
1 2 6
1 2 3
2
4 3
4
2 0
1 1 0
1 1 5
1 2 5
4
16 3 6 48
4
1 2 83
2 51
1 2 30
1 3 87
2
4 2
6
1 2 0
2 1
2 3
1 2 2
1 1 2
1 2 1
4
16 20 0 24
6
1 4 28
1 4 20
1 2 17
1 4 21
2 7
2 5
1
3
4
1 1 7
1 1 5
2 7
2 2
5
9 7 4 2 0
0
1
2
4
2 7
2 4
2 5
2 10
2
8 8
2
1 2 6
1 1 0
2
5 1
4
1 2 0
1 1 1
2 0
1 1 2
5
60 55 10 45 97
4
2 4
1 2 56
1 2 35
2 7
2
1 1
5
1 1 4
2 1
2 2
2 1
1 2 1
3
5 21 2
1
1 3 23
1
6
3
2 3
1 1 7
1 1 6
1
2
0
3
7 0 5
3
2 4
2 3
2 7
1
5
6
1 1 7
1 1 0
1 1 4
1 1 7
1 1 2
1 1 10
2
0 2
3
2 0
2 0
1 1 5
4
0 14 34 90
6
1 4 69
1 4 24
2 59
1 1 86
2 48
2 88
3
4 3 0
5
1 2 2
2 1
2 4
1 3 1
2 1
1
23
4
2 1
2 15
1 1 7
1 1 3
1
10
4
1 1 7
2 5
2 3
2 9
3
8 4 7
0
3
5 1 5
3
2 10
2 10
2 6
5
1 10 1 10 9
6
1 5 0
1 2 9
1 2 10
1 2 7
1 4 6
1 2 9
2
3 2
5
1 1 5
2 3
1 2 2
2 3
2 2
2
66 5
4
1 1 51
2 81
2 65
1 2 40
3
3 4 1
6
1 2 2
1 3 2
1 3 1
1 2 4
2 0
1 3 4
4
8 30 3 24
4
1 2 16
1 3 24
2 27
2 28
1
5
1
2 0
2
3 1
0
1
6
1
2 0
3
0 10 8
1
1 2 7
2
1 1
3
2 0
1 1 5
1 2 3
2
14 48
5
2 56
1 2 22
2 81
2 13
1 2 31
1
4
5
2 3
2 2
2 3
2 3
1 1 2
1
17
1
2 20
1
9
1
2 4
1
10
0
5
2 3 6 3 2
1
2 0
5
0 1 5 10 7
1
1 3 0
2
3 1
6
2 1
2 4
2 2
2 3
2 2
2 2
3
30 52 35
6
2 32
1 2 35
1 3 46
2 16
1 3 87
2 9
1
0
5
2 0
2 0
2 4
1 1 4
2 1
4
23 24 14 19
6
2 2
2 6
2 21
2 14
2 15
2 0
1
9
5
1 1 7
1 1 6
2 6
2 8
1 1 4
1
8
0
3
2 5 8
4
2 8
2 0
2 9
2 8
4
0 9 7 2
1
1 4 10
2
1 0
5
1 2 0
2 3
1 1 4
2 4
2 2
3
47 85 34
6
1 2 39
2 63
2 57
1 1 29
1 3 5
1 3 11
1
2
6
2 4
1 1 3
2 4
1 1 0
2 3
1 1 0
1
10
2
2 2
2 21
1
1
4
2 7
2 2
1 1 9
2 6
2
7 3
0
2
3 9
6
2 10
2 7
2 7
2 6
2 7
2 5
3
1 9 0
3
1 1 0
1 1 8
1 3 5
2
2 0
6
1 1 1
1 2 5
1 2 1
1 1 1
2 3
2 1
4
66 44 17 13
8
2 47
1 2 20
1 3 91
2 14
1 4 98
1 4 17
1 4 98
1 1 46
1
3
6
1 1 3
1 1 1
1 1 4
2 1
1 1 2
2 1
3
11 6 2
5
1 1 25
2 10
1 1 14
2 24
2 11
1
9
2
2 2
2 3
3
7 8 5
0
1
0
3
2 7
2 1
2 6
3
7 3 2
1
1 3 2
1
4
7
1 1 5
1 1 2
2 0
2 0
2 5
2 2
1 1 2
5
56 50 2 88 24
4
2 51
2 83
2 94
2 44
3
3 1 0
6
1 1 3
1 3 2
2 4
2 4
2 1
2 2
2
12 12
1
1 1 14
1
6
1
1 1 2
3
0 2 5
0
3
0 2 3
2
2 3
2 1
5
3 9 6 4 5
4
1 4 3
1 4 9
1 1 5
1 4 6
2
2 4
7
1 2 0
2 2
2 2
2 1
1 1 5
2 4
2 1
4
97 69 12 87
1
1 1 35
3
3 1 4
1
1 3 4
4
25 11 30 24
2
2 11
2 30
1
5
2
2 10
2 7
3
0 8 6
0
5
7 8 5 2 0
3
2 5
2 3
2 7
3
1 0 1
6
1 3 3
1 1 1
1 3 0
1 1 9
1 2 6
1 2 8
1
4
7
2 1
2 2
2 2
2 1
2 1
2 2
1 1 5
4
44 83 12 5
8
2 31
1 4 41
2 90
1 3 37
1 1 91
2 28
2 3
1 2 52
2
0 3
2
2 0
1 1 0
2
20 24
6
2 11
1 2 26
1 2 30
1 2 3
1 2 11
1 2 30
1
5
4
1 1 8
1 1 4
1 1 4
1 1 4
1
7
0
4
0 8 0 8
6
2 9
2 6
2 8
2 0
2 4
2 5
1
5
4
1 1 7
1 1 0
1 1 1
1 1 8
2
1 0
7
1 2 2
2 5
2 5
2 5
2 0
1 1 4
1 2 1
3
83 75 1
8
2 87
1 2 37
2 9
2 84
1 1 7
2 46
1 3 34
2 84
2
0 4
5
2 4
2 2
1 1 3
1 2 1
2 3
2
4 29
2
2 20
1 1 11
1
4
1
2 8
2
1 7
0
1
5
1
2 1
1
7
2
1 1 4
1 1 2
2
2 2
5
1 2 2
2 5
1 2 0
1 1 5
1 2 1
2
39 64
3
1 1 63
2 0
1 1 41
1
2
4
2 2
1 1 0
1 1 0
1 1 3
2
0 11
5
2 11
2 22
2 12
2 8
2 18
1
9
1
1 1 7
1
3
0
2
6 3
3
2 2
2 5
2 3
3
5 4 9
5
1 1 4
1 2 5
1 1 10
1 2 10
1 1 5
2
3 0
4
2 0
2 1
1 1 2
1 1 5
4
38 83 10 20
8
1 4 29
1 3 11
2 30
1 4 34
1 1 60
1 1 59
2 16
2 79
2
1 1
3
1 1 4
2 1
2 1
3
10 9 11
5
1 1 5
2 0
1 3 26
1 3 11
2 4
1
0
4
1 1 4
1 1 6
1 1 0
1 1 6
1
1
0
4
8 3 2 8
6
2 7
2 9
2 3
2 0
2 9
2 9
2
4 7
1
1 1 7
2
1 5
3
2 1
1 1 3
1 1 3
5
85 4 21 1 88
8
1 5 54
1 4 19
2 61
1 3 68
1 1 50
1 3 85
1 5 68
2 98
3
4 0 2
3
2 4
1 3 3
1 2 3
1
9
2
2 2
2 19
1
3
4
2 4
1 1 5
2 6
2 7
3
7 1 9
0
5
2 3 4 7 8
1
2 8
1
1
5
1 1 6
1 1 1
1 1 10
1 1 2
1 1 7
1
2
5
1 1 4
1 1 0
1 1 5
2 1
2 0
5
46 66 11 94 76
4
2 21
2 43
2 47
2 89
1
3
3
1 1 2
1 1 2
2 1
3
21 0 11
1
2 22
1
0
3
2 8
1 1 9
1 1 3
3
5 8 5
0
5
2 7 6 5 5
1
2 0
4
5 10 7 3
3
1 2 7
1 2 7
1 1 9
1
0
5
2 0
1 1 2
2 1
1 1 1
2 4
5
20 77 96 65 52
1
1 2 20
2
2 0
4
2 2
1 1 0
2 3
2 2
2
23 9
6
2 23
1 1 4
1 1 21
1 2 17
1 1 2
2 25
1
0
2
2 4
2 1
2
0 10
0
3
0 6 8
1
2 1
3
1 9 5
6
1 3 0
1 2 10
1 2 2
1 2 3
1 3 3
1 1 7
2
4 0
6
1 1 3
1 1 5
2 3
1 2 3
2 5
2 4
2
38 60
1
1 1 67
3
2 0 1
6
2 1
2 4
1 1 3
1 1 3
2 4
2 2
2
12 15
2
2 6
1 2 28
1
3
5
2 9
1 1 5
1 1 4
1 1 0
2 5
1
4
0
5
0 2 1 8 3
1
2 9
2
3 9
3
1 2 0
1 2 5
1 1 2
2
4 1
3
1 2 1
2 3
2 2
3
51 82 56
1
1 3 15
1
0
5
1 1 1
2 4
2 2
1 1 3
2 4
1
30
1
1 1 24
1
3
2
1 1 0
1 1 0
5
2 8 1 7 7
0
3
0 2 2
1
2 6
4
4 5 6 6
2
1 2 3
1 1 3
2
1 2
3
2 2
1 1 3
2 3
5
85 57 66 37 90
3
2 50
1 4 35
2 7
3
0 3 1
1
1 1 2
2
29 25
2
1 1 26
1 2 6
1
4
3
2 4
2 8
2 7
2
2 8
0
5
4 4 0 2 0
2
2 4
2 6
5
3 0 6 9 1
3
1 2 2
1 1 10
1 1 4
1
0
4
1 1 4
2 3
2 2
1 1 2
2
68 47
5
1 1 31
2 20
2 12
1 2 93
1 2 9
1
1
2
2 2
1 1 4
1
5
5
1 1 18
2 22
2 24
1 1 18
1 1 9
1
2
5
2 10
2 0
2 2
2 3
2 1
5
8 8 9 1 7
0
3
6 0 6
3
2 7
2 5
2 8
1
6
5
1 1 9
1 1 8
1 1 0
1 1 1
1 1 8
2
2 4
4
1 1 5
2 5
2 1
1 2 1
5
40 63 90 9 53
7
1 3 49
1 5 72
1 3 23
1 2 46
1 3 53
1 3 28
1 4 6
2
0 3
6
2 0
2 4
1 2 2
2 0
1 2 4
2 4
4
10 3 3 16
1
1 1 25
1
2
2
1 1 3
1 1 9
1
1
0
1
8
5
2 2
2 9
2 9
2 7
2 1
1
2
4
1 1 3
1 1 2
1 1 7
1 1 6
2
1 0
4
2 1
2 0
1 2 3
2 0
4
59 27 50 20
7
2 100
2 31
1 4 52
2 4
1 3 6
1 3 32
1 2 60
2
3 2
5
2 4
2 3
1 1 2
1 2 4
2 2
1
27
6
1 1 12
2 9
1 1 8
1 1 20
1 1 6
1 1 11
1
3
2
1 1 9
1 1 7
4
1 0 0 0
0
4
6 2 3 8
3
2 2
2 4
2 3
5
8 10 5 8 9
5
1 2 6
1 2 4
1 2 1
1 5 1
1 3 8
2
4 2
7
1 1 5
2 0
1 1 4
1 2 4
1 1 5
2 3
2 0
3
13 79 34
4
1 1 45
2 3
2 66
1 2 95
1
0
1
2 4
3
8 16 22
1
1 3 4
1
4
5
2 4
2 7
1 1 5
1 1 0
1 1 9
2
6 7
0
2
2 10
3
2 4
2 8
2 1
1
7
1
1 1 3
2
3 3
3
2 3
2 0
2 3
5
35 88 80 30 35
8
2 88
1 1 28
1 1 87
2 50
1 2 2
2 88
1 1 17
2 50
2
0 1
2
2 4
2 1
2
24 13
4
1 1 21
2 10
2 1
1 2 6
1
8
4
2 2
2 0
1 1 4
1 1 5
2
1 10
0
1
3
2
2 7
2 9
4
5 2 7 1
6
1 2 0
1 2 4
1 3 8
1 2 1
1 4 1
1 4 3
2
1 5
5
1 2 3
2 1
1 2 3
2 2
1 2 4
3
55 58 27
1
1 3 30
2
4 3
2
1 2 4
2 4
3
16 8 19
3
2 18
1 2 3
1 1 26
1
10
4
2 0
2 7
2 2
2 7
4
4 3 5 4
0
5
8 7 8 8 9
5
2 0
2 6
2 8
2 5
2 7
5
2 0 4 8 3
2
1 5 0
1 3 1
2
1 0
7
2 5
1 2 3
2 3
1 1 3
1 1 0
1 2 3
2 4
5
29 47 41 82 28
1
2 14
2
1 0
2
1 2 1
1 1 3
3
7 28 19
3
1 2 10
1 1 27
2 0
1
9
1
2 10
3
2 3 8
0
3
3 10 3
6
2 5
2 2
2 4
2 0
2 4
2 3
3
3 7 3
2
1 3 4
1 2 6
1
2
5
2 3
2 4
1 1 1
1 1 4
1 1 0
5
34 68 54 64 33
1
1 3 49
1
0
6
2 3
2 0
2 3
2 2
2 2
2 2
2
20 10
3
1 2 28
1 1 20
2 24
1
3
5
2 5
1 1 0
1 1 5
2 3
1 1 3
5
7 4 0 2 10
0
3
8 7 2
2
2 0
2 3
4
8 0 7 1
6
1 4 7
1 1 10
1 3 1
1 2 4
1 2 8
1 4 3
1
4
3
2 5
2 5
1 1 2
5
55 93 49 78 74
5
1 3 98
2 98
1 2 58
1 1 11
2 55
2
2 3
6
1 2 4
2 4
2 3
2 0
2 0
2 0
3
19 11 28
4
2 6
2 12
2 12
2 13
1
2
3
2 9
1 1 2
1 1 6
4
4 4 1 10
0
3
0 5 6
2
2 3
2 4
5
6 6 9 10 1
2
1 5 5
1 5 6
2
3 5
6
1 1 0
1 1 0
2 5
2 4
2 4
2 5
3
100 10 63
6
1 1 45
2 35
1 3 90
2 27
1 1 3
2 25
1
1
1
1 1 0
2
14 11
1
1 2 20
1
10
3
1 1 6
2 1
2 1
1
8
0
2
9 0
6
2 9
2 9
2 10
2 4
2 4
2 1
2
2 10
2
1 1 9
1 2 5
2
2 3
6
2 5
2 1
1 1 0
1 2 3
2 1
2 3
4
71 65 0 31
3
2 83
2 83
1 1 47
1
3
3
2 3
1 1 3
2 2
2
0 17
6
1 2 21
1 2 2
1 1 24
1 1 24
1 2 2
2 9
1
10
2
1 1 8
1 1 7
5
1 5 8 1 8
0
1
7
3
2 5
2 8
2 3
5
0 8 0 0 2
1
1 2 1
1
1
3
2 1
2 4
2 3
2
12 47
4
1 1 30
1 1 34
2 28
2 60
2
2 1
4
2 3
1 1 2
2 2
1 2 0
4
27 18 3 0
3
2 1
1 3 0
1 2 11
1
5
4
1 1 10
2 1
2 7
1 1 10
1
1
0
2
5 0
1
2 10
5
0 7 2 10 0
6
1 5 10
1 5 1
1 2 7
1 1 1
1 4 3
1 2 9
1
3
4
2 5
2 4
2 3
1 1 4
5
83 79 85 75 44
2
2 27
2 45
1
2
4
2 2
2 0
1 1 1
1 1 2
4
12 20 13 2
1
2 3
1
10
4
1 1 2
2 7
1 1 9
2 10
5
8 3 8 1 5
0
4
2 10 4 2
5
2 3
2 9
2 9
2 3
2 3
5
6 3 7 8 9
4
1 2 7
1 1 8
1 4 3
1 1 1
1
0
3
1 1 0
1 1 1
1 1 2
5
29 30 68 49 56
3
2 73
2 4
2 69
1
4
1
1 1 0
1
5
3
1 1 26
2 28
2 12
1
8
4
1 1 0
2 1
2 7
1 1 3
3
10 8 10
0
1
2
1
2 6
3
2 0 5
1
1 3 0
1
0
3
1 1 3
1 1 4
2 3
2
35 60
6
2 95
1 1 62
1 2 16
1 1 89
2 5
2 23
1
4
4
2 2
2 4
2 2
1 1 2
3
14 12 30
2
1 1 6
2 6
1
5
2
1 1 6
2 4
4
4 1 0 7
0
5
4 1 2 8 7
4
2 6
2 9
2 4
2 8
2
0 3
6
1 2 3
1 1 8
1 1 2
1 1 7
1 2 1
1 1 10
2
0 4
4
1 1 1
1 2 0
1 1 4
1 2 2
3
18 79 58
1
2 32
2
4 2
6
2 4
1 1 3
2 3
2 4
1 1 4
1 2 1
4
27 16 20 22
2
2 11
1 1 0
1
5
5
1 1 9
2 0
2 9
1 1 10
2 0
2
2 2
0
5
6 6 5 2 9
4
2 1
2 4
2 3
2 7
3
5 6 9
3
1 1 0
1 3 4
1 2 1
2
2 2
7
2 3
2 3
2 2
2 1
1 1 0
1 2 5
2 2
5
11 16 91 13 67
6
1 5 10
1 5 1
1 2 42
2 20
1 4 20
2 17
2
2 0
2
1 1 1
2 3
1
21
3
2 19
2 29
1 1 7
1
9
2
2 7
2 7
2
7 4
0
5
0 5 6 6 10
3
2 5
2 3
2 2
1
7
3
1 1 4
1 1 3
1 1 0
1
1
5
1 1 2
1 1 2
2 5
1 1 1
2 0
3
95 22 77
2
1 3 28
1 2 100
3
1 3 2
5
2 2
2 1
2 3
2 0
2 3
1
15
3
1 1 19
2 7
2 18
1
9
2
2 5
2 5
3
9 2 10
0
2
1 8
2
2 7
2 5
1
9
6
1 1 5
1 1 7
1 1 2
1 1 6
1 1 4
1 1 3
1
0
4
2 2
2 5
2 5
2 3
4
72 82 93 23
2
1 2 61
2 42
3
1 2 1
4
2 2
2 4
1 2 1
1 2 2
4
29 29 16 13
5
2 3
2 19
1 1 17
2 18
1 1 8
1
4
4
1 1 4
2 2
1 1 4
2 7
3
6 6 9
0
4
5 7 5 1
1
2 3
4
3 0 8 4
6
1 2 2
1 1 3
1 3 7
1 2 6
1 2 6
1 2 8
2
4 4
4
2 4
1 1 5
1 2 1
2 4
3
13 50 68
8
2 52
1 2 44
1 2 36
2 61
2 68
2 51
2 79
2 56
3
2 4 4
5
2 4
1 1 4
1 2 1
1 1 4
1 3 3
2
3 14
1
1 2 16
1
2
4
1 1 0
2 3
1 1 6
2 4
2
5 1
0
1
7
1
2 5
2
9 6
6
1 1 10
1 1 3
1 2 8
1 1 5
1 2 8
1 1 2
2
3 5
6
1 2 4
1 1 5
2 4
2 5
1 2 3
1 1 4
3
32 65 62
8
2 81
1 2 27
2 23
1 2 35
1 2 9
1 3 34
2 95
2 2
1
2
2
2 4
1 1 3
3
3 7 15
6
1 1 6
1 2 29
1 3 10
2 11
1 2 4
2 29
1
8
5
2 0
2 2
2 8
2 1
2 0
2
4 3
0
4
10 2 4 10
1
2 7
3
8 3 5
5
1 2 0
1 1 3
1 2 3
1 2 0
1 1 7
2
4 5
7
2 4
1 1 5
1 1 4
2 2
2 1
1 1 1
2 2
4
95 93 44 87
2
1 2 58
1 4 88
1
1
5
1 1 1
1 1 1
1 1 3
1 1 3
1 1 3
1
5
6
1 1 9
2 18
2 18
2 8
1 1 17
2 27
1
0
1
1 1 2
4
1 10 7 7
0
1
8
1
2 10
2
1 2
2
1 1 3
1 2 7
1
3
5
2 4
2 4
2 1
2 4
1 1 1
3
18 28 25
4
2 46
1 2 58
2 42
1 3 4
3
0 3 4
6
2 1
2 2
1 1 4
2 0
1 3 3
2 3
2
16 6
1
1 1 10
1
7
5
2 9
2 6
1 1 5
2 3
1 1 1
3
1 5 3
0
2
7 6
4
2 6
2 8
2 0
2 9
1
5
6
1 1 1
1 1 7
1 1 0
1 1 8
1 1 0
1 1 2
2
1 5
7
1 1 5
1 1 1
1 2 2
2 1
2 1
1 2 1
1 1 2
4
95 40 89 81
5
1 1 45
2 17
1 4 64
2 22
1 3 59
3
1 1 0
3
2 4
1 1 2
2 3
4
11 18 16 0
1
2 8
1
8
3
2 9
1 1 5
1 1 3
1
4
0
1
8
1
2 6
4
10 5 10 2
4
1 1 6
1 4 6
1 4 7
1 3 10
2
0 2
6
1 2 4
1 2 1
1 1 5
1 2 2
1 2 0
1 2 1
3
79 28 85
1
2 74
3
2 4 2
5
2 1
1 3 2
2 4
2 1
2 2
2
16 26
1
1 1 30
1
8
4
2 10
1 1 5
1 1 1
1 1 3
2
7 3
0
5
7 6 1 2 0
6
2 3
2 3
2 8
2 1
2 6
2 9
4
8 9 6 3
5
1 3 4
1 2 5
1 4 2
1 2 9
1 4 10
2
2 3
6
1 1 5
2 0
1 2 4
2 1
1 1 2
2 4
4
97 0 55 5
8
2 23
1 2 61
2 28
1 1 46
1 3 35
2 28
1 2 45
1 2 16
1
4
1
2 3
3
16 16 21
5
1 1 14
2 25
1 3 4
2 18
1 1 20
1
7
2
1 1 7
1 1 2
1
2
0
4
9 1 3 1
1
2 6
4
10 2 6 1
3
1 1 10
1 3 1
1 4 9
1
1
3
2 1
1 1 5
2 4
4
61 5 76 37
8
1 1 23
2 64
1 3 0
2 27
2 48
1 2 11
2 96
2 2
1
3
6
1 1 0
1 1 1
1 1 4
2 0
1 1 0
2 0
3
13 5 5
6
2 15
2 30
2 10
1 1 28
2 26
1 1 28
1
8
5
2 3
2 10
1 1 0
2 3
1 1 0
2
7 4
0
3
5 6 9
4
2 9
2 4
2 9
2 8
5
2 1 7 0 7
3
1 1 3
1 1 2
1 1 7
1
3
3
1 1 1
1 1 0
1 1 4
2
32 8
7
2 22
2 88
2 72
1 2 74
1 1 76
1 1 22
1 2 50
2
4 3
2
2 1
2 4
1
26
6
2 27
2 7
1 1 17
1 1 2
2 18
2 30
1
8
5
2 1
1 1 9
2 9
1 1 6
1 1 4
2
0 1
0
4
5 9 9 0
5
2 4
2 10
2 2
2 6
2 6
1
2
4
1 1 6
1 1 2
1 1 8
1 1 1
1
4
4
2 4
2 2
2 2
1 1 1
2
37 7
4
2 90
2 38
2 47
1 2 95
2
2 2
3
2 1
2 1
2 0
1
6
4
1 1 10
2 13
1 1 0
1 1 15
1
0
4
1 1 7
1 1 9
1 1 7
2 0
1
1
0
2
0 10
4
2 9
2 6
2 5
2 9
5
10 6 8 1 8
4
1 1 0
1 2 9
1 5 5
1 1 3
2
0 0
3
2 4
2 4
1 2 1
5
24 37 20 98 32
6
1 3 75
2 91
2 50
1 3 43
2 42
1 2 50
3
0 4 0
1
2 3
4
6 3 11 4
3
2 3
2 27
1 3 18
1
10
3
2 10
2 2
1 1 1
2
4 5
0
2
5 1
5
2 8
2 7
2 2
2 6
2 9
1
10
2
1 1 8
1 1 3
2
1 0
5
2 0
1 1 0
1 2 1
2 4
2 4
5
19 16 51 89 57
1
1 1 71
1
1
3
1 1 1
2 1
2 2
3
11 26 30
2
2 8
1 1 24
1
7
1
1 1 5
2
0 1
0
5
4 0 5 2 8
3
2 0
2 10
2 4
2
5 6
2
1 2 9
1 2 6
2
1 4
6
1 2 4
1 1 3
1 2 5
2 1
1 2 3
2 0
3
28 87 6
2
2 28
1 3 32
3
0 4 3
2
1 1 2
1 1 0
4
20 13 28 4
4
1 4 27
1 1 9
1 4 11
1 1 29
1
3
1
1 1 3
1
0
0
4
2 1 2 2
5
2 7
2 7
2 9
2 0
2 9
5
0 4 8 3 9
6
1 5 7
1 4 3
1 2 0
1 3 10
1 3 7
1 5 10
2
4 0
7
1 2 4
1 1 0
1 2 3
2 5
1 2 4
1 2 4
1 2 2
3
48 2 47
6
2 22
2 76
2 88
2 58
2 11
1 3 59
3
3 1 0
1
1 3 4
4
5 25 17 17
2
2 11
1 3 17
1
5
3
2 7
2 4
1 1 8
2
0 0
0
3
5 10 9
3
2 10
2 5
2 8
3
2 1 3
5
1 3 3
1 1 9
1 1 8
1 3 7
1 2 10
2
4 2
5
2 5
1 1 4
1 1 2
2 4
2 5
4
67 69 40 87
5
1 1 50
1 1 46
1 4 54
1 3 62
1 4 61
2
2 0
2
2 1
1 2 3
4
25 11 23 21
4
2 27
2 11
1 2 3
2 4
1
0
5
2 4
2 1
1 1 3
2 3
2 5
2
4 2
0
3
7 7 5
6
2 10
2 4
2 8
2 8
2 10
2 6
4
0 4 7 10
4
1 1 10
1 4 4
1 4 9
1 1 4
2
5 5
4
1 2 3
2 3
2 3
1 1 3
2
4 100
3
2 65
1 1 58
1 1 71
1
1
2
2 1
2 2
3
2 16 23
3
2 9
1 2 6
2 21
1
1
2
1 1 9
1 1 1
4
6 5 3 2
0
4
7 1 3 10
2
2 8
2 7
4
1 10 1 3
4
1 1 4
1 3 3
1 4 10
1 1 9
1
5
3
2 2
2 0
2 5
4
47 68 55 74
8
1 4 24
2 92
1 3 60
1 1 64
2 36
1 1 53
2 71
1 1 50
2
1 1
6
2 0
1 2 4
2 1
2 4
2 3
1 2 1
1
5
5
1 1 18
1 1 4
2 3
1 1 9
2 17
1
10
3
2 6
2 10
1 1 0
4
2 1 7 8
0
5
10 4 1 8 8
3
2 9
2 1
2 1
2
8 5
4
1 2 9
1 2 2
1 2 0
1 2 10
2
1 1
7
2 3
1 1 2
2 3
2 5
1 1 3
1 1 2
1 2 0
4
73 3 29 32
2
1 2 53
2 92
2
1 3
5
1 2 1
2 0
1 2 2
1 1 3
2 2
3
26 15 15
4
1 2 21
1 1 1
1 3 9
1 3 25
1
8
5
2 2
1 1 8
1 1 0
2 1
2 8
5
4 6 1 8 1
0
1
6
2
2 1
2 0
1
3
1
1 1 4
1
5
6
1 1 1
2 1
1 1 3
1 1 0
1 1 3
2 2
5
12 76 57 98 14
4
2 21
2 33
1 2 21
2 61
1
3
2
1 1 3
1 1 0
4
24 9 20 3
5
1 1 18
1 1 0
2 23
2 9
2 27
1
10
3
2 6
1 1 2
1 1 4
3
2 5 9
0
5
7 6 6 0 2
1
2 0
3
10 3 8
5
1 1 0
1 1 8
1 1 10
1 2 4
1 1 0
2
1 0
7
1 1 4
2 5
2 5
2 5
2 0
1 2 3
1 2 0
5
67 100 93 50 19
6
1 3 7
2 30
2 60
2 50
1 1 68
1 4 25
2
2 3
5
1 2 1
1 2 1
2 0
1 2 2
1 1 1
1
7
3
1 1 6
2 21
2 30
1
2
3
2 3
1 1 5
1 1 9
2
4 0
0
4
7 4 3 5
3
2 3
2 6
2 5
4
6 1 9 8
5
1 4 9
1 4 1
1 1 9
1 1 4
1 4 2
2
1 4
5
2 2
2 1
2 2
2 1
2 0
5
5 21 21 80 20
6
2 82
1 1 74
1 4 82
2 100
1 3 29
1 2 88
3
1 3 2
1
2 1
3
17 21 30
4
1 3 13
2 18
2 12
1 1 0
1
6
2
2 0
2 3
5
10 9 0 9 9
0
1
6
6
2 5
2 6
2 2
2 9
2 6
2 8
1
1
2
1 1 3
1 1 8
1
3
6
1 1 3
2 5
2 5
2 0
2 4
1 1 5
4
10 98 40 3
4
2 42
2 96
2 6
1 2 27
1
0
6
1 1 1
2 2
2 2
1 1 0
1 1 3
2 4
2
1 15
2
2 0
2 15
1
1
3
1 1 5
2 10
2 7
5
2 1 6 1 2
0
1
6
5
2 4
2 9
2 0
2 7
2 3
5
6 2 1 7 3
3
1 4 9
1 5 8
1 5 6
1
0
5
2 5
1 1 0
1 1 3
1 1 1
1 1 1
2
86 26
5
1 2 33
2 59
2 44
1 1 50
2 20
3
1 2 1
5
2 0
2 3
1 1 4
1 3 2
2 4
1
9
4
1 1 16
2 3
2 16
2 0
1
0
4
2 3
2 6
1 1 1
2 5
5
2 3 7 8 8
0
2
8 0
3
2 5
2 6
2 2
5
1 6 3 2 8
1
1 4 1
1
4
6
2 3
2 1
2 3
2 5
1 1 1
2 0
3
50 76 67
4
2 12
1 2 22
2 23
1 3 89
3
3 2 4
5
2 1
2 3
2 3
1 2 0
1 1 3
3
18 19 15
4
2 7
2 14
2 21
2 2
1
6
2
1 1 5
1 1 1
2
6 0
0
4
10 5 0 6
4
2 2
2 5
2 2
2 4
4
0 0 3 1
3
1 4 1
1 1 1
1 4 1
1
3
3
1 1 0
1 1 0
1 1 4
2
17 83
4
1 1 30
1 2 51
1 2 4
2 56
2
3 4
2
1 2 4
2 1
4
4 24 26 15
6
2 9
1 2 1
2 0
2 30
2 25
1 4 3
1
3
5
1 1 8
2 5
2 6
1 1 2
2 9
2
7 0
0
3
8 9 7
1
2 6
2
1 7
4
1 1 4
1 2 6
1 1 0
1 2 5
1
0
5
1 1 0
1 1 5
1 1 5
2 1
1 1 5
2
3 96
8
1 2 71
2 62
1 2 82
2 64
1 2 69
1 1 36
2 72
1 2 70
1
1
1
2 1
4
15 19 2 18
6
1 2 20
1 1 9
1 4 25
1 4 15
1 1 26
2 27
1
9
3
1 1 9
1 1 6
2 1
3
8 7 9
0
5
2 3 7 7 2
5
2 7
2 1
2 5
2 8
2 0
4
0 6 2 7
6
1 1 4
1 2 10
1 4 10
1 4 10
1 3 2
1 3 7
2
4 4
4
2 5
2 3
1 2 5
1 2 4
3
49 50 60
8
1 3 70
1 3 60
2 81
2 1
2 58
2 30
2 51
2 74
1
0
1
2 4
4
8 3 29 0
1
2 5
1
4
5
2 3
2 9
1 1 8
2 7
2 1
3
10 6 10
0
5
3 6 7 2 3
3
2 1
2 7
2 7
5
6 6 7 0 4
4
1 4 9
1 5 10
1 2 9
1 3 3
2
2 4
3
1 2 5
1 1 5
2 2
4
5 17 13 34
8
2 14
2 63
1 4 24
1 1 64
2 67
1 2 33
1 1 32
2 52
1
0
3
2 0
1 1 2
1 1 3
3
28 2 23
5
1 3 14
2 2
2 11
1 2 21
2 18
1
2
1
1 1 8
2
10 9
0
2
5 0
5
2 9
2 2
2 7
2 10
2 8
5
5 7 4 6 5
6
1 4 9
1 2 2
1 3 10
1 3 0
1 2 9
1 3 6
1
2
5
1 1 2
1 1 1
2 2
2 5
1 1 1
2
36 94
5
2 68
1 2 33
1 1 87
2 36
2 67
1
2
6
2 4
1 1 1
1 1 0
1 1 1
1 1 3
2 2
3
23 8 2
3
2 9
1 1 24
1 2 6
1
9
1
2 7
3
4 7 8
0
4
10 2 0 1
4
2 1
2 0
2 2
2 2
2
8 10
3
1 2 7
1 2 8
1 2 0
1
3
5
2 4
2 2
2 0
2 0
2 2
5
69 10 35 98 45
3
2 21
2 94
1 3 55
2
4 2
6
1 1 0
2 2
2 0
1 2 4
2 0
2 1
4
29 0 12 25
4
1 4 7
1 3 21
1 2 14
1 4 13
1
4
4
2 2
2 1
2 7
1 1 7
1
4
0
4
4 9 6 2
5
2 7
2 9
2 0
2 10
2 9
3
1 4 1
2
1 1 8
1 2 9
2
0 3
6
2 1
2 1
1 1 1
2 1
1 1 1
2 5
5
5 34 89 68 99
8
2 51
1 4 94
1 1 25
1 5 4
1 5 22
2 82
2 20
2 29
3
2 2 0
3
1 3 0
1 2 1
1 1 4
1
26
1
1 1 19
1
6
4
1 1 7
2 7
2 2
2 10
2
3 4
0
3
2 6 7
1
2 2
5
7 1 0 5 3
4
1 2 9
1 3 3
1 3 6
1 2 7
1
3
7
2 1
1 1 2
2 2
1 1 4
1 1 1
1 1 2
2 0
2
1 58
4
1 2 95
2 36
2 58
2 51
3
1 1 2
5
2 4
2 1
1 2 2
1 3 2
1 1 0
1
28
5
2 7
1 1 22
1 1 13
1 1 10
1 1 20
1
7
5
1 1 9
2 6
2 9
1 1 4
2 5
1
9
0
1
5
1
2 3
3
4 0 4
6
1 2 0
1 2 7
1 3 2
1 2 6
1 3 0
1 1 7
2
3 2
5
1 2 2
1 1 1
1 2 0
2 4
2 0
4
74 93 25 17
1
1 4 9
3
0 1 2
1
1 1 0
1
22
2
2 19
2 16
1
0
4
2 0
2 1
2 8
2 9
4
10 4 8 10
0
3
0 9 7
1
2 10
4
7 5 3 9
1
1 3 6
2
2 0
4
1 1 4
1 1 4
1 1 5
2 3
4
0 61 74 31
6
1 1 50
2 43
2 67
1 4 96
2 35
1 1 57
1
0
2
1 1 1
2 0
3
0 16 11
4
1 2 28
2 29
1 3 30
2 27
1
2
5
1 1 9
1 1 3
2 1
2 9
2 2
1
1
0
5
7 7 0 8 8
4
2 1
2 1
2 8
2 6
4
2 2 6 1
4
1 4 7
1 4 2
1 2 3
1 1 3
1
5
7
2 4
1 1 2
2 1
2 5
2 4
1 1 5
2 5
4
21 77 57 87
6
1 2 6
2 1
1 1 50
1 3 21
2 9
2 55
1
3
5
2 3
1 1 0
1 1 2
1 1 2
2 1
2
3 30
2
1 1 17
1 1 18
1
6
1
1 1 8
4
3 2 3 0
0
5
6 9 2 1 3
6
2 0
2 7
2 5
2 2
2 8
2 3
5
3 8 8 7 3
5
1 4 0
1 3 6
1 4 7
1 3 9
1 2 4
2
2 3
4
2 0
2 4
1 2 0
2 2
2
21 69
1
2 14
1
0
6
2 3
1 1 1
2 4
1 1 2
1 1 0
2 3
3
11 1 5
1
2 4
1
10
2
2 1
1 1 1
3
8 4 9
0
2
4 8
3
2 6
2 9
2 9
2
0 7
6
1 2 9
1 2 3
1 1 9
1 1 10
1 2 5
1 1 2
2
4 2
5
2 5
2 0
1 2 5
1 1 4
2 3
5
3 57 28 94 62
7
2 70
1 5 53
2 48
1 2 83
2 90
2 77
1 2 35
1
0
1
2 0
3
29 29 2
4
1 2 19
1 2 6
1 2 20
1 3 5
1
4
4
1 1 1
2 7
1 1 10
2 8
1
4
0
4
7 2 4 5
2
2 7
2 2
3
4 4 5
6
1 3 7
1 1 5
1 1 2
1 1 6
1 3 2
1 2 5
1
3
6
1 1 3
1 1 5
1 1 4
1 1 4
1 1 3
1 1 4
3
58 42 63
8
1 2 83
1 2 15
2 18
1 1 95
2 62
1 3 78
2 6
2 28
2
4 4
5
2 1
2 2
2 4
1 2 0
1 1 1
2
15 23
1
2 17
1
0
1
2 10
2
10 2
0
1
6
6
2 8
2 4
2 8
2 5
2 6
2 9
4
4 0 8 6
3
1 4 0
1 2 3
1 2 7
2
3 5
7
1 2 5
1 2 0
2 1
1 1 4
1 2 3
1 2 4
2 1
3
25 74 91
5
2 14
2 17
1 3 28
2 42
1 3 7
2
3 1
6
1 2 4
1 1 4
2 1
1 1 0
1 2 0
1 2 3
4
16 27 6 2
4
2 7
2 15
1 4 10
2 23
1
8
1
1 1 10
5
1 4 10 3 4
0
2
8 9
2
2 6
2 2
5
0 1 8 2 1
5
1 1 2
1 3 2
1 4 8
1 3 8
1 1 3
2
1 4
3
1 1 0
1 2 4
1 2 3
5
51 23 20 43 38
5
1 5 28
1 4 63
1 1 18
1 3 40
2 39
1
0
3
2 1
1 1 4
1 1 0
4
26 22 7 20
1
2 18
1
0
1
1 1 10
1
10
0
4
4 10 7 6
2
2 5
2 8
3
1 6 6
4
1 1 6
1 1 0
1 3 7
1 3 8
2
4 3
6
1 2 1
2 2
2 3
1 1 5
1 2 3
2 0
4
90 15 29 43
4
2 42
2 28
1 3 24
1 3 44
3
0 2 3
1
1 1 1
2
17 28
4
2 26
2 12
1 2 28
2 3
1
7
2
2 6
1 1 6
2
10 1
0
5
0 9 0 5 8
4
2 8
2 4
2 2
2 8
5
0 10 6 9 4
4
1 2 6
1 3 6
1 3 4
1 2 1
1
2
4
1 1 3
1 1 0
2 3
2 4
2
12 67
4
1 1 98
2 36
2 21
2 93
2
3 2
3
1 2 0
1 1 4
2 0
3
18 21 27
2
2 16
2 15
1
9
4
2 1
1 1 7
1 1 9
1 1 9
2
10 1
0
4
10 7 9 8
2
2 3
2 0
3
10 1 0
4
1 3 9
1 1 3
1 2 0
1 1 9
2
3 4
7
1 2 5
1 1 3
2 4
2 0
2 3
1 2 4
2 3
3
62 39 27
2
1 3 19
1 2 96
2
1 3
4
1 1 0
2 3
2 3
1 2 1
2
14 23
1
2 29
1
0
3
1 1 1
2 5
2 0
4
2 6 10 2
0
4
4 6 5 6
6
2 6
2 1
2 8
2 2
2 2
2 5
4
0 2 10 6
6
1 1 10
1 4 8
1 4 0
1 1 9
1 3 3
1 4 2
2
2 1
5
1 1 0
1 2 0
1 1 5
1 2 5
2 5
2
68 35
1
1 2 77
2
3 2
6
1 1 1
2 4
1 2 2
2 4
2 4
2 3
2
15 13
3
2 3
1 2 13
1 2 23
1
6
4
2 10
1 1 1
2 2
2 9
5
8 0 5 2 0
0
3
10 3 4
3
2 10
2 7
2 6
3
7 0 3
2
1 3 4
1 3 6
1
2
4
1 1 4
1 1 3
2 1
1 1 1
2
61 40
7
2 22
1 2 18
1 1 98
1 1 20
2 92
1 2 26
2 39
3
2 4 2
1
1 2 1
3
30 29 13
2
2 6
2 9
1
9
4
2 6
2 1
2 1
2 9
1
0
0
2
5 1
3
2 5
2 6
2 5
5
8 7 6 4 10
5
1 2 2
1 5 6
1 3 3
1 2 3
1 4 7
1
4
5
1 1 4
1 1 2
2 0
1 1 2
2 5
3
19 24 49
3
1 3 23
1 1 85
2 96
1
3
3
1 1 3
1 1 4
1 1 4
1
28
1
2 17
1
1
5
1 1 6
2 3
1 1 2
2 4
2 9
3
2 0 8
0
2
10 10
2
2 2
2 4
2
0 9
3
1 1 3
1 1 3
1 2 9
2
3 2
7
2 4
1 1 0
2 1
1 2 0
1 2 2
1 1 5
2 0
4
34 11 99 62
2
1 1 51
1 2 15
2
0 0
5
2 4
2 4
1 1 3
2 4
2 1
1
30
5
2 1
2 21
2 15
1 1 3
1 1 0
1
0
2
2 5
1 1 1
3
5 1 9
0
5
7 4 7 1 9
4
2 7
2 1
2 1
2 7
5
5 3 3 10 4
1
1 3 2
2
2 1
3
2 3
2 4
1 2 0
2
90 17
4
1 1 10
2 69
2 79
1 2 6
1
1
3
2 1
2 2
2 2
1
22
2
2 20
2 15
1
2
3
2 4
1 1 9
1 1 2
5
2 2 2 5 8
0
3
6 8 0
4
2 8
2 7
2 6
2 5
3
9 8 7
2
1 2 2
1 3 2
1
2
3
2 2
2 0
2 3
5
68 55 33 82 9
2
2 59
2 7
1
2
4
2 0
1 1 4
1 1 4
2 2
4
22 2 16 28
5
2 2
2 14
1 1 24
2 22
2 14
1
9
5
2 5
1 1 10
1 1 3
1 1 10
1 1 10
5
4 10 0 7 7
0
2
5 6
1
2 1
2
3 8
1
1 2 2
2
0 1
6
2 5
1 1 4
1 2 2
2 2
1 1 5
1 1 3
2
20 49
8
1 1 55
2 81
1 2 84
2 2
1 2 66
2 72
2 63
1 1 14
3
1 3 3
3
1 1 2
2 0
2 0
4
25 5 10 27
1
1 2 20
1
9
4
2 0
1 1 2
1 1 5
2 4
5
9 7 1 4 4
0
4
9 5 4 10
5
2 2
2 10
2 8
2 4
2 0
3
6 8 10
3
1 1 2
1 3 3
1 3 4
2
5 3
5
1 2 0
2 3
2 1
2 0
2 1
3
35 83 85
5
1 1 6
1 2 38
1 2 8
1 3 14
2 48
1
2
5
1 1 2
2 2
1 1 0
2 0
2 4
4
0 4 18 27
4
1 3 15
2 28
1 4 2
2 23
1
4
3
2 7
1 1 9
1 1 8
1
8
0
4
7 6 7 1
3
2 10
2 7
2 3
5
4 0 1 7 10
2
1 3 6
1 4 10
2
1 5
3
1 2 2
1 1 1
2 4
5
70 18 19 41 34
3
1 4 1
2 17
1 5 81
1
0
5
2 2
2 1
2 3
2 1
1 1 4
2
23 24
5
1 2 5
2 25
2 26
2 3
1 1 1
1
0
2
1 1 6
1 1 9
2
4 10
0
5
8 6 8 0 8
5
2 5
2 2
2 9
2 2
2 7
1
10
3
1 1 7
1 1 3
1 1 10
1
3
7
1 1 3
2 5
1 1 5
1 1 2
2 3
1 1 0
2 1
3
97 100 21
2
1 1 65
1 2 65
1
4
5
1 1 3
1 1 0
1 1 1
2 2
1 1 4
4
21 17 10 11
1
1 2 16
1
1
5
1 1 5
2 5
1 1 7
2 8
1 1 10
4
2 8 3 1
0
1
5
4
2 0
2 4
2 2
2 4
2
1 8
3
1 2 10
1 1 5
1 2 4
2
5 2
6
1 1 4
1 2 4
1 2 5
1 2 3
1 2 3
1 1 4
2
64 75
2
2 49
1 1 27
1
4
4
1 1 4
1 1 4
1 1 1
2 0
2
27 6
2
2 20
2 18
1
3
2
2 0
2 6
1
4
0
3
7 5 10
5
2 0
2 10
2 4
2 3
2 9
3
3 8 10
1
1 3 1
2
5 0
6
2 4
2 3
2 4
1 2 4
1 2 0
2 3
4
90 22 92 40
2
2 17
2 42
1
3
2
2 4
2 1
4
17 26 30 18
5
2 13
1 1 18
2 21
2 18
2 16
1
5
5
2 0
2 3
2 1
1 1 9
1 1 9
2
2 10
0
3
1 3 10
3
2 6
2 9
2 4
1
0
5
1 1 4
1 1 0
1 1 7
1 1 5
1 1 10
2
1 0
7
2 5
1 2 2
1 2 2
1 1 4
2 2
2 0
1 1 4
5
64 78 68 14 100
5
2 37
2 12
1 1 5
2 87
1 2 26
3
3 4 0
2
1 2 2
1 1 0
3
8 15 15
1
1 1 21
1
2
3
1 1 9
1 1 0
2 1
4
10 9 0 4
0
3
2 2 0
5
2 1
2 6
2 1
2 4
2 2
3
4 7 4
2
1 1 3
1 1 8
2
5 2
6
1 1 4
2 4
2 1
1 1 3
1 2 3
2 3
5
24 43 100 25 37
5
2 67
1 3 91
2 40
2 38
1 1 100
3
2 2 0
3
2 0
1 2 4
2 3
3
25 5 25
3
2 23
1 1 23
1 1 5
1
2
1
2 6
5
0 6 9 2 5
0
4
8 3 6 7
4
2 1
2 1
2 6
2 8
3
1 0 4
5
1 2 7
1 1 5
1 2 4
1 3 1
1 2 1
1
2
5
1 1 1
2 5
2 2
2 0
2 2
2
76 22
4
2 18
1 1 58
2 31
1 2 53
1
2
5
1 1 2
1 1 1
1 1 0
1 1 0
1 1 1
3
20 14 14
1
2 11
1
10
5
1 1 4
1 1 2
2 4
1 1 3
1 1 4
4
4 5 4 0
0
3
8 3 0
6
2 10
2 0
2 4
2 10
2 7
2 10
3
10 10 1
3
1 3 0
1 2 4
1 1 1
1
4
5
2 0
1 1 1
1 1 1
1 1 2
2 0
3
27 67 24
6
2 74
2 15
1 1 5
2 71
1 3 55
1 2 46
2
3 1
1
1 2 1
2
28 18
5
1 1 24
2 27
2 0
1 2 26
2 22
1
8
5
2 10
2 10
2 1
2 3
1 1 8
4
7 8 2 2
0
5
7 0 5 7 1
4
2 1
2 1
2 10
2 7
5
4 0 4 4 5
5
1 1 10
1 1 9
1 1 0
1 4 10
1 4 10
1
4
4
1 1 4
1 1 3
1 1 5
1 1 3
5
40 47 54 58 5
6
2 34
1 2 50
1 5 78
2 16
1 1 77
1 5 20
2
4 3
5
1 1 4
1 2 0
2 1
1 2 1
1 2 4
3
15 14 21
1
2 3
1
8
5
1 1 8
2 2
1 1 8
1 1 9
1 1 4
1
4
0
4
7 10 10 2
3
2 1
2 5
2 7
5
0 2 8 3 3
5
1 2 8
1 3 10
1 4 7
1 5 1
1 1 7
2
1 1
3
2 4
2 5
2 2
3
83 96 95
5
1 1 5
2 8
2 35
2 97
1 3 99
1
2
2
2 1
1 1 4
3
5 28 15
5
1 1 7
1 3 0
1 1 17
2 21
2 28
1
9
4
1 1 9
1 1 7
1 1 0
1 1 9
1
2
0
2
0 3
6
2 7
2 2
2 3
2 9
2 6
2 9
2
5 3
2
1 1 9
1 2 2
2
2 1
6
1 2 4
2 1
2 3
2 1
1 1 5
2 1
2
7 13
2
1 1 60
2 13
3
3 2 1
1
2 2
3
2 18 16
4
2 2
1 3 16
2 11
2 0
1
9
4
1 1 7
2 6
1 1 3
2 0
4
5 5 4 4
0
1
2
1
2 4
1
9
1
1 1 9
2
4 4
3
1 2 0
2 1
1 1 4
5
81 82 66 90 96
3
2 90
2 23
1 2 3
2
2 1
2
2 0
2 4
4
25 28 21 8
2
1 2 2
2 15
1
2
4
1 1 3
1 1 7
1 1 10
2 8
5
9 1 8 8 0
0
5
10 2 8 6 1
3
2 9
2 3
2 2
5
7 0 2 8 0
1
1 1 7
1
3
4
1 1 3
1 1 5
2 5
1 1 3
3
52 32 31
3
2 9
1 1 3
1 2 8
2
2 3
5
1 1 1
1 1 0
2 0
2 3
1 1 3
1
30
3
2 27
2 18
2 2
1
1
3
1 1 4
1 1 6
2 5
2
0 6
0
4
2 2 7 0
2
2 7
2 1
1
1
5
1 1 3
1 1 7
1 1 4
1 1 8
1 1 7
2
0 3
3
2 3
1 2 0
2 5
2
47 62
4
2 31
2 39
1 2 25
2 62
3
0 2 4
1
1 1 3
2
11 25
5
1 2 28
2 26
2 24
1 1 2
2 29
1
2
2
1 1 0
1 1 6
3
0 0 3
0
2
0 0
4
2 4
2 5
2 9
2 4
1
9
5
1 1 10
1 1 6
1 1 0
1 1 0
1 1 5
2
3 4
4
2 2
2 5
2 5
2 4
5
60 14 21 16 14
1
1 1 87
3
3 4 4
6
1 3 4
1 2 0
1 1 0
2 3
1 1 1
1 1 0
1
18
4
2 12
2 6
2 15
2 11
1
5
2
2 7
2 10
3
3 0 0
0
4
5 1 0 6
2
2 1
2 7
5
1 5 8 8 3
6
1 5 5
1 4 7
1 5 6
1 3 0
1 4 6
1 5 8
1
3
7
2 3
2 1
1 1 1
2 3
1 1 3
1 1 1
2 3
4
34 91 24 78
6
1 2 38
2 88
1 2 31
2 66
2 73
2 8
1
4
3
2 2
1 1 4
2 4
3
21 5 26
4
2 26
1 1 19
1 3 21
1 1 6
1
3
3
2 0
1 1 10
2 4
3
10 8 8
0
2
3 6
4
2 7
2 0
2 6
2 9
2
5 10
1
1 2 10
2
4 4
7
1 1 2
1 1 1
1 1 4
2 3
1 2 0
2 2
2 1
3
79 43 3
3
1 1 38
1 1 95
2 96
1
4
6
2 0
1 1 4
2 0
1 1 4
1 1 4
2 2
2
20 30
4
1 2 16
2 24
2 21
2 29
1
0
2
2 5
1 1 10
3
10 10 3
0
2
8 0
1
2 9
2
1 5
5
1 1 0
1 1 6
1 2 7
1 2 3
1 1 9
2
1 1
4
1 1 0
2 3
2 0
1 2 4
2
42 68
3
2 83
2 94
1 1 35
3
3 2 3
5
1 2 3
2 2
2 1
2 0
2 4
2
17 17
5
2 27
1 1 10
1 1 15
2 1
1 2 18
1
5
4
2 9
1 1 1
2 6
2 0
4
1 6 5 5
0
3
10 3 2
1
2 0
2
0 3
6
1 1 0
1 2 10
1 2 10
1 1 6
1 1 5
1 1 8
2
5 4
7
2 1
1 1 5
1 2 0
1 1 4
1 1 2
2 2
1 1 3
4
0 16 8 59
7
2 86
1 1 34
1 2 15
2 6
2 100
2 74
2 54
3
3 3 3
2
2 1
1 3 2
2
4 29
4
1 1 28
1 1 26
1 1 7
2 9
1
8
3
1 1 3
1 1 1
1 1 1
1
0
0
5
4 1 1 7 6
3
2 9
2 0
2 7
3
3 10 4
6
1 3 9
1 1 9
1 3 2
1 1 2
1 1 3
1 1 7
1
5
5
2 3
2 3
1 1 0
2 0
2 5
3
74 55 97
2
2 45
2 57
3
1 3 2
6
1 2 0
1 1 3
1 2 3
1 1 2
1 2 1
1 2 2
4
30 2 15 30
1
2 5
1
9
2
1 1 1
1 1 0
3
10 5 6
0
4
8 0 6 0
6
2 1
2 10
2 9
2 9
2 6
2 6
3
8 10 3
4
1 1 3
1 3 10
1 1 8
1 1 7
1
3
4
1 1 0
2 4
2 3
1 1 3
2
72 35
6
1 1 47
2 45
2 42
2 34
1 2 0
2 11
1
2
2
2 0
2 4
1
24
5
2 6
1 1 16
1 1 17
2 5
2 1
1
6
1
2 0
4
0 8 2 8
0
3
10 7 6
3
2 3
2 7
2 2
5
10 4 5 3 5
5
1 4 1
1 1 8
1 2 0
1 3 8
1 3 1
1
2
6
2 3
1 1 0
2 1
1 1 0
1 1 5
2 5
3
64 33 69
5
1 2 37
2 34
2 34
1 1 95
1 3 67
2
3 4
1
2 3
3
28 26 27
2
1 1 0
1 2 8
1
6
3
1 1 6
1 1 6
2 6
5
8 1 9 5 10
0
5
0 6 0 4 7
2
2 5
2 4
4
10 3 0 6
4
1 2 0
1 2 6
1 4 4
1 2 0
2
5 2
6
1 1 3
1 2 2
2 2
1 1 1
2 2
1 1 0
3
46 30 26
5
2 23
1 3 70
2 64
2 13
1 1 43
3
1 1 1
1
1 2 4
1
8
4
2 4
1 1 30
2 22
1 1 27
1
5
5
2 5
1 1 5
1 1 8
2 8
2 4
4
3 6 10 10
0
2
10 10
1
2 1
1
2
5
1 1 9
1 1 6
1 1 2
1 1 10
1 1 2
1
1
3
2 5
1 1 4
2 3
2
37 94
5
2 20
2 69
2 44
2 63
2 4
1
0
3
2 3
1 1 4
1 1 4
4
7 18 13 23
6
1 4 5
1 2 25
1 2 14
1 1 26
1 1 16
2 12
1
0
3
2 5
2 2
2 10
5
7 7 1 2 1
0
1
4
1
2 6
2
10 3
4
1 1 0
1 1 1
1 1 8
1 1 4
1
4
7
2 1
1 1 4
1 1 0
1 1 0
1 1 4
1 1 4
1 1 5
5
52 13 95 19 73
7
1 1 52
1 4 22
1 5 27
2 49
1 5 38
1 2 87
1 3 75
2
4 3
5
2 3
2 1
2 2
2 1
1 1 4
2
14 19
3
1 2 19
2 8
1 1 4
1
7
4
1 1 5
2 8
2 5
1 1 1
4
0 3 7 7
0
3
6 5 10
1
2 6
2
0 1
5
1 2 4
1 1 2
1 2 3
1 1 7
1 2 8
2
4 1
4
2 3
2 3
2 1
1 2 3
2
90 18
3
2 43
1 1 60
2 56
2
1 4
3
2 3
2 0
2 4
1
13
1
2 24
1
8
1
2 3
5
9 10 3 3 9
0
5
5 2 7 9 0
4
2 6
2 3
2 7
2 1
3
8 3 0
2
1 1 3
1 3 1
2
2 1
7
1 1 4
2 5
2 5
1 1 1
2 0
2 4
2 1
3
35 61 2
3
1 1 38
2 86
1 3 89
2
1 1
1
1 1 3
1
11
2
2 21
1 1 23
1
0
5
1 1 6
2 3
2 0
1 1 6
1 1 6
2
6 6
0
3
7 4 0
1
2 2
4
9 5 9 4
3
1 4 4
1 1 10
1 1 9
2
0 3
7
1 2 0
1 1 3
2 5
1 1 1
1 1 3
1 2 2
2 2
2
33 34
4
1 2 27
2 45
1 2 48
2 100
2
1 1
4
1 1 3
2 2
1 1 0
1 2 2
3
8 5 1
2
1 2 21
2 14
1
5
1
1 1 10
5
9 0 3 10 5
0
4
6 8 0 3
1
2 8
3
8 9 1
4
1 2 10
1 1 6
1 3 1
1 1 1
2
5 1
7
2 5
1 2 2
1 2 5
1 2 0
2 0
1 1 4
2 3
5
84 36 17 40 38
8
1 4 23
2 2
2 87
1 5 93
1 4 71
2 12
2 17
2 96
1
3
4
1 1 4
1 1 4
2 3
1 1 1
3
20 26 27
5
1 3 11
1 1 14
2 1
1 2 11
2 10
1
1
2
2 2
2 8
1
5
0
5
8 4 0 0 1
3
2 8
2 7
2 7
3
5 9 2
5
1 3 4
1 1 8
1 1 10
1 3 7
1 3 8
1
3
3
2 0
1 1 0
1 1 2
2
29 93
2
2 69
2 56
2
2 0
6
1 2 3
2 1
1 1 3
2 0
2 3
2 1
3
3 22 23
5
1 1 5
1 3 14
1 2 29
2 27
1 2 3
1
1
3
2 4
2 8
1 1 2
5
1 2 8 4 0
0
3
8 0 10
4
2 6
2 9
2 4
2 10
3
8 4 10
1
1 2 0
2
4 3
3
1 1 1
2 4
1 1 5
4
9 49 93 7
6
2 20
1 2 29
1 4 38
1 2 19
2 18
2 29
2
4 3
5
2 2
1 2 3
2 1
1 1 1
1 2 4
4
21 9 29 17
6
1 1 21
1 3 22
2 26
1 2 14
2 16
2 10
1
5
4
2 2
2 2
2 7
1 1 1
5
5 8 8 3 7
0
4
10 2 3 6
1
2 8
1
5
1
1 1 5
2
4 5
5
2 3
2 0
2 2
1 2 2
1 1 3
2
43 47
6
2 96
2 18
2 97
1 1 52
2 44
2 60
2
3 3
6
2 2
1 2 4
2 0
1 1 0
1 1 4
2 0
4
16 21 15 18
6
1 2 13
1 2 27
1 2 23
1 2 5
2 28
1 1 27
1
5
1
1 1 7
4
8 3 6 9
0
5
3 6 1 6 6
2
2 5
2 4
4
7 6 10 10
5
1 1 0
1 3 7
1 2 2
1 1 5
1 4 3
1
0
3
2 3
2 4
2 4
4
29 93 71 24
5
2 19
2 32
2 68
1 4 89
2 89
2
1 3
3
2 0
1 2 0
2 1
4
10 27 25 0
6
2 25
2 29
2 16
1 2 21
1 3 10
1 3 6
1
5
4
2 6
2 6
2 1
2 3
1
7
0
4
8 9 1 0
2
2 1
2 1
4
6 5 2 3
6
1 3 1
1 4 4
1 1 3
1 1 6
1 2 8
1 2 5
1
2
7
1 1 1
1 1 4
2 4
1 1 1
1 1 5
2 5
1 1 5
4
1 50 11 55
3
2 46
2 54
2 86
1
1
3
1 1 2
1 1 2
2 2
2
20 17
2
1 1 3
1 1 7
1
6
3
1 1 2
1 1 10
1 1 6
5
4 2 7 7 6
0
2
8 0
6
2 4
2 10
2 10
2 8
2 7
2 6
3
0 1 8
3
1 1 9
1 3 3
1 2 7
1
2
7
1 1 4
2 1
1 1 0
1 1 2
2 5
1 1 1
1 1 1
4
13 1 88 22
3
1 1 31
2 69
2 62
2
0 0
6
2 4
1 2 2
1 1 3
1 1 1
2 4
1 2 4
1
29
1
1 1 15
1
3
3
2 9
2 7
2 9
1
0
0
3
1 7 7
5
2 7
2 0
2 9
2 8
2 7
1
10
4
1 1 9
1 1 4
1 1 3
1 1 4
2
3 4
4
1 2 0
2 3
2 2
1 1 4
2
6 32
7
2 41
1 1 2
2 33
2 15
1 1 5
1 2 34
1 1 51
2
2 0
3
2 1
1 2 0
2 3
2
23 17
1
2 21
1
2
3
1 1 6
2 10
2 2
2
5 8
0
5
6 1 10 0 9
3
2 10
2 10
2 9
3
3 1 1
1
1 3 8
1
1
7
2 4
1 1 5
2 0
1 1 2
1 1 4
1 1 3
2 2
4
84 32 56 25
5
1 3 4
2 10
1 4 95
1 2 52
1 2 35
3
1 1 0
1
1 2 4
1
18
1
2 17
1
5
2
1 1 2
2 0
4
9 2 8 3
0
5
9 7 7 10 1
6
2 8
2 4
2 9
2 1
2 5
2 8
5
8 4 1 3 8
3
1 5 4
1 5 10
1 5 9
2
1 2
4
2 5
1 2 5
2 1
2 2
3
94 69 46
7
1 1 60
2 53
1 3 62
1 1 2
1 2 57
2 47
1 1 34
1
0
4
2 4
1 1 3
2 4
1 1 2
4
9 28 9 23
2
1 3 27
2 1
1
6
5
1 1 0
1 1 5
1 1 0
1 1 5
1 1 7
4
10 7 10 4
0
1
8
1
2 7
5
8 10 6 5 1
2
1 5 2
1 4 6
2
5 3
4
2 1
1 1 2
2 3
1 2 1
3
41 58 40
1
2 23
1
2
4
1 1 2
2 4
1 1 2
2 2
3
21 17 13
3
1 1 9
1 2 0
2 5
1
8
3
1 1 10
2 6
2 2
3
1 1 9
0
5
7 7 8 0 4
4
2 10
2 6
2 2
2 3
2
10 7
4
1 2 10
1 2 4
1 1 1
1 1 7
2
0 1
3
2 5
2 5
1 1 3
3
88 89 41
5
2 7
2 14
2 85
2 96
1 3 81
1
3
4
2 2
1 1 4
2 0
2 3
1
9
2
1 1 2
1 1 19
1
3
4
2 6
2 2
2 8
1 1 5
2
3 7
0
5
9 3 8 1 4
2
2 3
2 1
5
9 9 5 3 8
5
1 4 1
1 5 0
1 2 6
1 1 9
1 2 2
1
2
6
1 1 0
1 1 4
1 1 1
2 3
1 1 2
2 2
2
59 84
5
1 1 43
1 1 66
2 17
1 1 66
1 2 89
1
1
2
1 1 3
1 1 4
1
29
4
1 1 27
2 9
1 1 6
1 1 30
1
5
1
2 10
4
0 3 9 3
0
4
2 0 10 8
4
2 2
2 0
2 4
2 0
2
5 10
2
1 2 1
1 1 6
2
5 1
4
1 2 5
2 4
2 1
2 0
3
50 13 99
1
1 2 73
3
0 1 1
1
1 3 1
1
25
2
2 15
1 1 15
1
2
4
2 6
1 1 0
1 1 5
1 1 7
3
2 6 6
0
5
7 3 4 6 0
5
2 0
2 8
2 7
2 1
2 8
1
10
1
1 1 8
1
3
3
2 2
2 3
2 4
5
24 88 5 21 62
3
1 1 92
1 5 26
1 4 61
3
0 0 2
6
1 2 1
1 1 3
1 3 1
1 3 1
1 2 3
2 4
1
17
2
2 15
1 1 29
1
10
4
2 9
2 10
2 3
2 8
3
8 2 7
0
3
9 0 2
3
2 1
2 1
2 6
4
1 4 0 1
5
1 1 6
1 3 2
1 1 10
1 4 3
1 2 4
2
1 5
4
1 1 3
2 0
2 1
1 2 3
2
95 92
8
2 24
1 1 82
2 81
1 2 71
1 2 24
2 85
1 2 14
2 55
1
2
3
2 4
2 0
1 1 1
4
8 20 13 22
6
1 3 3
2 4
1 2 5
1 1 10
2 0
2 25
1
10
1
1 1 3
4
5 5 1 10
0
2
10 3
4
2 6
2 7
2 7
2 5
1
9
4
1 1 0
1 1 1
1 1 2
1 1 9
1
0
4
1 1 3
2 5
2 5
1 1 4
4
91 33 64 68
8
1 3 18
2 50
2 62
1 1 33
2 66
1 1 68
2 58
2 29
2
1 0
6
2 1
2 0
2 0
2 1
2 3
2 3
1
7
2
1 1 26
2 17
1
1
1
1 1 2
1
5
0
5
7 7 1 5 10
2
2 10
2 4
2
8 10
1
1 1 0
2
4 2
5
2 2
2 3
1 2 3
2 4
1 2 1
2
81 7
5
2 71
2 22
2 19
1 2 2
1 1 14
2
2 2
3
2 4
2 1
1 1 1
3
17 9 9
2
1 2 24
1 3 2
1
9
5
1 1 6
1 1 2
1 1 1
1 1 3
1 1 2
1
10
0
5
4 1 5 2 9
1
2 3
3
0 1 3
5
1 2 6
1 3 2
1 1 8
1 1 7
1 1 8
1
0
4
1 1 4
2 4
1 1 1
2 5
4
2 17 83 62
3
2 81
1 2 90
1 1 80
1
3
6
2 4
1 1 2
1 1 2
2 2
1 1 1
2 1
3
24 23 6
4
2 7
1 1 20
2 11
1 2 18
1
2
2
1 1 8
2 3
5
4 8 2 5 10
0
1
7
1
2 3
2
7 7
1
1 2 1
1
1
7
1 1 4
2 0
2 1
2 2
1 1 4
1 1 1
1 1 5
5
74 99 21 49 35
7
2 26
2 16
1 4 7
1 5 57
2 54
2 27
1 1 72
3
3 0 2
5
1 3 0
1 1 0
2 0
1 2 3
1 1 1
4
19 25 16 21
1
1 3 21
1
4
1
2 1
4
4 7 9 9
0
5
3 7 6 3 5
2
2 7
2 3
4
4 10 5 2
6
1 4 5
1 2 10
1 2 6
1 4 4
1 1 10
1 4 2
1
2
6
1 1 4
1 1 3
1 1 3
2 3
1 1 2
2 1
4
7 20 77 59
6
1 1 74
1 4 68
2 31
1 1 46
2 21
2 59
1
2
4
1 1 1
2 4
1 1 1
1 1 4
4
26 28 30 9
2
2 22
1 1 1
1
10
1
1 1 10
4
10 5 4 1
0
2
5 1
3
2 1
2 1
2 8
3
1 0 4
1
1 3 3
1
0
3
2 5
2 0
1 1 2
2
79 80
5
1 2 97
2 28
2 97
1 2 95
1 2 56
1
2
5
2 3
1 1 2
1 1 2
1 1 2
2 2
2
24 20
1
2 19
1
5
4
1 1 10
2 1
2 8
1 1 7
1
5
0
5
9 4 0 0 7
3
2 7
2 10
2 0
2
3 9
2
1 2 3
1 1 4
1
1
7
1 1 0
2 3
2 5
1 1 2
1 1 4
1 1 5
2 0
5
76 15 68 56 13
1
2 31
3
4 0 1
3
1 3 4
2 4
1 3 2
1
14
3
2 25
1 1 10
1 1 15
1
4
5
2 2
1 1 9
1 1 3
2 9
2 10
2
1 2
0
2
9 0
3
2 0
2 7
2 8
2
10 3
1
1 2 4
1
4
4
1 1 3
2 2
2 4
2 4
4
48 49 59 1
6
1 1 42
2 15
2 19
1 3 28
2 85
1 1 44
1
2
1
2 0
4
8 10 2 14
3
1 3 2
1 1 14
2 6
1
9
1
2 7
5
1 7 2 1 3
0
1
2
2
2 8
2 9
4
9 6 7 3
3
1 3 4
1 2 2
1 2 9
2
4 0
4
1 2 3
2 0
1 2 0
1 1 4
4
63 67 58 72
6
2 87
1 4 37
2 18
1 4 35
2 77
1 1 75
3
1 2 2
6
1 3 2
2 3
1 2 1
2 0
2 0
1 2 3
4
13 13 14 30
4
2 23
2 21
2 22
1 4 21
1
4
4
2 0
2 3
2 5
2 8
5
7 0 3 8 0
0
5
4 8 9 3 2
4
2 6
2 5
2 2
2 7
4
5 5 8 6
2
1 4 5
1 4 6
2
4 0
4
1 2 4
2 3
2 2
1 1 3
3
22 47 62
8
1 3 72
2 19
2 17
1 1 25
2 7
2 10
2 67
1 2 76
1
2
1
2 1
4
17 2 18 3
2
2 20
1 1 1
1
9
5
1 1 10
1 1 4
1 1 10
1 1 4
1 1 4
2
10 0
0
5
3 2 3 2 3
5
2 2
2 1
2 10
2 7
2 4
3
0 8 7
1
1 2 9
2
0 5
4
1 1 1
2 2
1 2 3
2 5
5
46 21 35 24 77
7
2 25
2 13
2 76
1 5 31
1 5 9
2 96
2 97
3
0 2 4
1
2 0
2
5 28
4
2 21
2 29
1 1 3
1 2 1
1
6
5
1 1 6
1 1 7
1 1 4
1 1 1
2 1
3
3 5 2
0
4
9 0 2 2
4
2 1
2 4
2 9
2 7
2
9 3
1
1 1 2
1
5
5
1 1 2
1 1 5
2 3
2 2
2 0
3
68 64 100
5
1 1 98
2 33
1 1 64
2 1
2 82
2
0 3
1
1 2 0
4
10 24 17 7
5
2 0
1 3 28
2 29
2 24
1 2 1
1
7
5
2 8
1 1 10
2 2
2 7
1 1 10
5
0 7 8 4 0
0
1
0
3
2 7
2 7
2 6
1
3
1
1 1 0
1
4
7
2 5
2 1
1 1 2
2 5
1 1 3
2 4
2 2
5
41 96 41 8 100
4
1 5 67
1 2 16
2 72
1 4 51
2
4 1
1
1 2 0
1
4
3
1 1 23
1 1 7
2 27
1
4
4
1 1 5
2 9
2 10
2 2
4
6 4 10 4
0
3
4 3 3
5
2 6
2 6
2 5
2 10
2 4
1
1
6
1 1 10
1 1 4
1 1 7
1 1 1
1 1 5
1 1 0
1
4
4
2 5
2 3
2 0
1 1 3
4
81 80 13 26
4
1 3 77
2 74
2 55
1 4 56
3
2 0 2
6
1 2 3
2 4
1 2 0
1 3 4
2 3
1 3 4
4
12 30 11 21
2
1 3 27
1 1 25
1
10
4
2 3
2 3
1 1 1
2 6
5
7 9 7 10 5
0
1
8
3
2 0
2 6
2 6
5
4 6 1 6 7
1
1 3 1
2
3 5
7
1 1 0
2 0
1 1 0
2 2
1 2 5
2 4
2 1
2
30 58
1
2 88
2
0 2
5
1 1 2
2 3
2 4
1 1 2
1 1 1
1
30
6
2 28
1 1 30
1 1 5
2 1
1 1 25
1 1 22
1
1
2
2 2
1 1 9
1
3
0
4
9 2 9 2
2
2 5
2 10
5
10 1 5 4 1
1
1 4 1
1
5
4
2 2
2 5
2 5
2 0
3
26 85 95
3
1 1 55
2 20
2 58
3
3 1 1
4
2 4
2 2
1 3 1
2 2
3
18 16 24
5
2 16
1 3 30
1 3 13
1 3 14
2 8
1
5
5
2 2
2 7
1 1 10
2 5
2 4
4
5 8 3 1
0
4
10 5 7 7
6
2 4
2 7
2 2
2 5
2 5
2 5
1
1
5
1 1 0
1 1 2
1 1 6
1 1 5
1 1 10
2
0 3
3
1 1 0
2 5
2 3
3
54 8 50
8
1 2 93
2 30
1 1 73
2 56
1 3 72
1 2 7
1 3 26
1 2 12
1
4
3
1 1 1
2 3
2 2
2
0 13
6
1 2 20
1 2 13
1 1 26
2 5
1 1 11
2 3
1
2
3
2 8
1 1 9
1 1 3
5
3 9 5 5 0
0
2
6 0
5
2 4
2 4
2 3
2 10
2 5
1
0
6
1 1 4
1 1 5
1 1 8
1 1 8
1 1 3
1 1 8
2
0 5
5
2 2
2 3
1 1 0
1 2 5
2 1
5
40 33 67 1 63
2
1 2 89
1 5 25
1
2
6
1 1 0
2 0
1 1 4
2 3
1 1 2
1 1 4
1
3
6
1 1 28
2 8
2 4
1 1 20
1 1 7
1 1 18
1
7
5
2 3
1 1 2
2 10
1 1 3
2 6
3
6 2 2
0
3
6 8 3
6
2 5
2 7
2 10
2 4
2 5
2 5
3
9 0 1
2
1 2 5
1 2 9
2
0 0
6
2 5
2 0
1 1 0
1 1 0
2 4
1 1 0
4
73 52 21 7
4
1 2 33
1 3 93
2 32
2 47
2
4 1
6
1 1 4
2 2
2 3
2 3
2 1
1 2 1
2
23 25
6
1 2 16
1 1 1
1 1 15
1 1 12
1 2 11
1 1 3
1
6
1
1 1 4
4
3 7 0 0
0
5
0 1 5 4 6
2
2 5
2 3
3
2 0 10
2
1 2 5
1 3 1
1
5
5
2 0
1 1 0
2 1
2 4
1 1 1
5
4 11 88 37 88
3
2 66
2 78
1 5 89
2
0 2
3
2 0
2 0
2 0
1
22
4
2 1
2 21
1 1 26
2 21
1
8
1
1 1 4
1
0
0
5
6 10 10 2 1
3
2 4
2 3
2 3
3
6 3 4
1
1 1 2
1
4
3
1 1 1
2 1
1 1 5
2
61 52
2
1 1 48
2 10
3
4 4 0
4
1 1 3
2 3
2 4
1 1 3
3
21 18 16
3
1 1 11
1 1 23
2 16
1
6
3
2 0
2 10
2 5
1
8
0
2
9 7
3
2 2
2 9
2 9
5
8 10 8 6 2
4
1 1 5
1 2 3
1 5 8
1 5 1
2
1 5
5
2 3
2 3
2 3
2 1
2 2
3
87 87 25
3
1 3 62
1 3 3
2 88
2
4 0
2
2 2
1 1 2
4
7 15 10 6
6
1 1 29
1 2 13
1 1 7
2 27
1 1 23
1 3 16
1
5
4
2 5
2 4
2 10
2 9
3
1 2 0
0
2
3 10
3
2 9
2 2
2 2
5
10 2 4 10 4
6
1 3 2
1 4 2
1 3 0
1 5 1
1 3 10
1 2 10
1
1
6
1 1 2
1 1 2
2 5
2 5
1 1 1
2 3
2
11 75
5
2 55
2 77
1 2 20
2 46
2 48
1
3
6
1 1 1
1 1 2
2 0
1 1 3
1 1 3
2 4
1
23
2
2 5
1 1 15
1
7
2
1 1 1
2 3
4
4 4 7 5
0
4
5 10 3 9
4
2 0
2 10
2 2
2 9
4
1 5 10 9
5
1 2 0
1 3 3
1 1 9
1 3 10
1 1 4
1
4
4
1 1 3
2 4
1 1 1
2 0
3
87 93 98
1
2 17
3
3 1 1
6
2 4
2 2
1 1 1
1 1 4
2 1
1 2 0
4
2 15 24 20
6
1 3 6
2 8
1 2 27
2 15
2 26
1 4 0
1
4
2
1 1 9
2 0
2
10 2
0
2
5 9
5
2 7
2 7
2 5
2 8
2 1
1
5
2
1 1 3
1 1 4
2
4 2
4
1 1 2
1 2 3
1 2 3
2 1
3
57 1 12
8
1 3 68
1 3 8
2 46
1 2 92
1 3 96
2 85
1 2 60
1 3 6
1
4
5
1 1 2
2 0
2 4
1 1 1
2 1
3
7 6 18
6
1 2 6
2 28
2 15
1 2 20
2 3
1 3 29
1
0
4
1 1 6
2 7
2 7
1 1 7
5
5 10 7 1 2
0
4
1 4 7 9
2
2 5
2 1
3
9 6 9
1
1 1 2
1
0
5
1 1 5
1 1 4
2 4
1 1 0
1 1 2
4
96 4 84 33
3
2 88
1 1 90
1 3 98
3
0 1 4
4
1 1 2
1 3 0
2 2
1 2 1
3
16 27 15
3
2 21
2 22
2 26
1
5
5
1 1 6
1 1 9
2 6
2 6
2 8
5
3 10 1 2 5
0
2
5 9
4
2 2
2 4
2 7
2 6
2
7 2
4
1 2 6
1 2 1
1 1 4
1 2 9
2
3 0
5
2 3
1 2 2
1 1 1
1 2 1
1 1 1
2
40 55
1
1 1 83
3
3 2 2
1
2 3
1
24
1
1 1 15
1
7
1
2 5
5
9 4 0 8 1
0
2
1 7
4
2 0
2 9
2 8
2 10
4
5 0 10 7
4
1 2 9
1 1 8
1 3 2
1 1 5
2
5 3
7
1 2 1
1 1 1
2 4
2 2
1 2 1
1 2 5
1 2 4
5
17 79 11 69 72
8
1 3 59
1 4 49
1 3 23
1 2 57
1 1 13
2 64
1 3 40
2 61
2
2 3
1
2 3
4
23 7 19 27
4
1 2 5
1 1 7
1 2 17
2 18
1
9
4
2 7
2 1
1 1 4
1 1 8
3
3 2 10
0
2
9 0
3
2 10
2 6
2 7
3
0 8 10
3
1 3 0
1 3 6
1 2 10
1
0
5
2 3
1 1 1
2 0
1 1 1
1 1 1
4
29 55 39 72
7
2 79
2 89
2 41
1 3 15
2 63
2 94
2 6
2
4 0
6
2 3
2 2
1 2 4
2 2
1 2 3
2 0
1
2
3
2 21
2 0
1 1 4
1
8
1
2 0
5
10 2 4 8 9
0
4
5 2 2 6
3
2 7
2 2
2 0
1
2
2
1 1 8
1 1 0
2
1 0
5
2 1
1 1 0
1 1 1
2 0
1 2 2
4
88 64 22 89
2
1 4 8
2 43
2
2 1
2
1 2 3
1 1 3
3
0 23 18
5
2 18
1 3 17
1 1 11
1 2 5
2 12
1
9
2
1 1 0
1 1 7
3
0 4 6
0
2
7 7
3
2 2
2 5
2 10
2
4 6
4
1 2 3
1 2 7
1 2 6
1 1 0
2
2 4
3
1 2 3
1 2 4
1 2 5
5
61 97 69 3 26
5
2 23
2 78
2 43
2 42
1 2 44
2
1 0
4
2 4
1 1 1
1 1 2
2 0
1
16
3
2 17
2 25
2 10
1
0
3
2 6
1 1 1
1 1 2
5
4 5 1 8 8
0
1
0
1
2 2
5
1 3 8 10 10
4
1 3 4
1 3 6
1 3 4
1 5 2
1
4
3
2 1
1 1 1
2 0
4
41 59 43 73
3
1 1 16
2 56
2 73
2
3 3
4
1 1 4
1 2 0
1 2 2
1 2 1
1
10
6
2 29
2 6
1 1 28
1 1 26
2 0
2 5
1
1
4
2 3
2 2
2 9
1 1 3
4
7 7 10 9
0
2
6 4
1
2 4
1
6
2
1 1 4
1 1 7
1
0
3
1 1 2
2 2
2 5
4
12 13 38 19
4
2 0
1 3 7
1 3 78
2 24
2
4 3
6
1 1 3
1 1 4
1 1 3
1 2 0
1 1 1
1 1 1
2
13 26
4
1 1 2
1 1 10
2 13
1 1 12
1
4
2
2 1
2 1
1
2
0
2
6 9
5
2 1
2 5
2 8
2 3
2 1
3
5 2 5
2
1 1 8
1 3 0
1
2
5
2 0
2 3
2 3
2 1
2 5
2
69 95
2
2 69
1 1 9
2
1 0
3
2 4
2 2
1 2 0
3
23 11 18
3
1 3 24
2 27
1 3 5
1
2
1
2 6
2
10 6
0
5
5 9 5 3 5
4
2 0
2 4
2 9
2 0
1
6
2
1 1 5
1 1 10
1
1
5
1 1 1
2 4
1 1 4
2 2
1 1 2
3
31 60 43
3
1 1 62
2 63
2 42
1
4
5
1 1 1
1 1 4
1 1 2
2 2
1 1 3
3
2 8 23
1
2 25
1
9
5
1 1 2
1 1 3
2 10
1 1 2
2 5
1
2
0
2
3 9
2
2 10
2 1
5
9 2 8 0 5
3
1 2 8
1 5 4
1 5 2
1
3
4
2 5
1 1 3
1 1 1
2 3
5
42 27 58 1 50
1
1 4 7
1
1
5
2 4
1 1 3
1 1 3
2 3
1 1 1
1
19
4
2 17
2 3
2 5
2 21
1
1
4
1 1 9
1 1 8
1 1 0
1 1 9
4
3 9 9 2
0
2
9 3
4
2 3
2 5
2 2
2 4
4
1 2 3 3
4
1 4 10
1 1 1
1 3 10
1 2 0
1
1
6
2 0
1 1 2
2 2
2 1
2 2
2 5
3
27 77 86
7
2 1
2 20
1 1 57
2 75
1 1 5
1 3 29
2 17
1
2
5
2 4
2 1
1 1 3
1 1 4
1 1 3
2
28 13
4
2 0
2 10
1 2 11
2 27
1
1
1
1 1 2
1
2
0
3
9 8 3
4
2 3
2 3
2 4
2 9
5
5 10 2 2 4
3
1 2 5
1 2 6
1 2 2
2
2 5
4
2 5
2 5
2 3
1 1 3
5
32 64 63 1 25
7
2 10
2 100
1 2 39
1 4 64
2 100
2 83
1 1 70
3
4 4 2
5
1 2 0
1 1 3
2 4
2 3
1 3 2
1
30
2
2 30
1 1 28
1
4
1
1 1 9
3
2 2 5
0
1
7
4
2 0
2 1
2 3
2 1
2
10 3
1
1 1 10
1
0
5
2 5
1 1 4
2 3
2 4
2 2
2
42 43
7
1 1 43
2 30
1 2 3
1 1 31
2 97
2 92
1 2 35
1
4
2
2 4
2 2
1
13
3
2 18
2 1
2 5
1
8
1
1 1 1
5
8 5 3 3 3
0
5
4 9 1 9 9
5
2 9
2 0
2 8
2 2
2 7
2
9 2
5
1 2 3
1 2 4
1 1 1
1 2 9
1 2 6
2
5 2
7
2 5
2 4
2 1
1 2 5
1 1 5
2 2
2 3
3
43 94 40
5
2 71
1 2 3
2 7
1 1 74
2 43
2
1 2
3
1 1 2
1 2 3
2 1
1
14
3
1 1 10
1 1 6
1 1 13
1
4
4
1 1 0
1 1 3
2 10
2 10
4
4 0 5 4
0
5
10 6 2 6 10
5
2 8
2 10
2 5
2 6
2 8
5
3 4 8 2 2
4
1 3 7
1 4 6
1 3 9
1 2 0
1
2
7
2 0
2 3
1 1 5
1 1 1
1 1 0
1 1 4
1 1 3
3
77 42 62
5
1 1 49
2 42
1 3 63
2 40
1 2 49
3
4 1 2
6
2 4
1 2 1
1 3 3
1 1 0
1 1 1
1 2 2
4
29 6 24 1
2
1 1 2
2 22
1
4
1
1 1 3
2
10 7
0
5
6 10 9 6 0
5
2 8
2 10
2 5
2 9
2 10
2
7 3
6
1 2 3
1 1 7
1 2 4
1 2 0
1 1 9
1 2 4
2
5 1
7
2 5
1 2 2
2 4
2 4
1 2 3
1 2 3
2 2
4
25 26 68 67
8
1 3 67
2 64
1 3 57
1 3 96
2 35
2 20
1 4 28
2 21
2
3 4
3
2 0
1 1 4
2 0
2
11 8
5
1 1 24
1 2 14
1 1 8
2 27
2 5
1
3
4
2 8
1 1 0
2 4
2 6
4
1 4 2 3
0
3
7 8 6
5
2 3
2 0
2 3
2 7
2 3
5
7 4 9 7 7
5
1 4 3
1 4 4
1 1 8
1 4 7
1 1 10
2
0 1
6
2 5
1 1 1
1 2 3
2 5
2 1
1 2 2
4
21 49 24 19
2
2 47
1 2 74
1
2
2
1 1 4
2 0
3
0 24 14
3
2 26
1 1 6
2 18
1
8
4
2 7
1 1 0
2 8
2 5
1
2
0
2
9 1
5
2 6
2 8
2 3
2 7
2 6
2
6 9
5
1 1 0
1 2 2
1 2 2
1 2 7
1 1 0
1
4
4
1 1 4
2 0
2 2
2 1
5
81 23 68 1 67
5
2 63
1 4 0
1 3 1
2 32
2 72
1
3
3
1 1 1
1 1 1
1 1 2
3
0 13 2
3
2 24
2 15
1 2 23
1
9
1
1 1 10
1
3
0
4
2 3 10 1
5
2 8
2 0
2 3
2 4
2 0
2
6 9
4
1 1 5
1 1 2
1 1 3
1 1 6
2
2 4
7
2 5
1 2 1
2 4
1 2 0
2 5
2 1
2 0
2
90 39
8
2 53
2 41
1 1 17
1 1 18
2 42
1 2 27
1 1 16
2 100
2
1 4
5
2 2
2 3
1 1 0
1 1 4
1 2 2
3
18 17 30
5
1 3 6
1 2 3
2 27
1 2 15
1 1 20
1
5
4
1 1 10
1 1 10
2 10
2 9
1
2
0
4
7 5 1 4
1
2 8
4
3 9 5 5
6
1 4 5
1 2 6
1 4 7
1 4 3
1 2 2
1 1 9
1
0
7
2 1
1 1 0
2 1
1 1 3
1 1 2
1 1 5
1 1 3
2
41 47
8
2 43
1 2 74
2 6
2 51
2 22
2 12
2 100
2 89
1
2
2
2 4
1 1 3
1
6
2
1 1 4
2 4
1
8
2
1 1 6
2 5
4
2 4 3 9
0
4
0 0 1 10
4
2 6
2 5
2 5
2 1
4
6 0 1 1
6
1 3 8
1 3 10
1 4 0
1 2 0
1 4 4
1 4 0
1
5
6
1 1 1
2 3
2 0
1 1 3
1 1 3
2 5
3
98 0 54
5
1 2 42
1 2 28
2 57
1 2 21
2 5
3
2 0 3
6
2 0
2 0
1 2 4
2 4
2 3
1 3 2
2
2 11
2
1 2 3
1 1 4
1
3
3
2 5
2 8
1 1 1
3
0 9 9
0
3
7 9 3
1
2 6
2
6 9
2
1 1 4
1 1 4
1
3
6
2 4
2 2
2 3
2 0
2 5
2 4
2
62 78
8
1 1 67
1 2 5
2 57
1 1 88
2 50
1 1 56
1 2 17
2 10
1
3
2
2 4
2 4
2
0 2
1
2 30
1
6
3
2 5
2 10
2 6
3
2 3 7
0
1
7
5
2 1
2 5
2 8
2 6
2 1
3
0 6 1
3
1 3 0
1 2 9
1 2 3
2
4 1
3
1 1 4
2 0
2 2
2
83 6
8
2 89
1 2 56
2 6
2 6
1 2 73
1 2 62
2 16
2 4
1
4
2
2 0
2 0
4
6 8 30 0
6
2 17
1 4 14
2 23
1 1 25
2 22
1 3 24
1
3
2
2 0
2 4
1
5
0
2
4 5
1
2 0
5
9 9 9 4 3
5
1 4 6
1 4 3
1 2 10
1 4 6
1 5 7
1
2
7
1 1 1
2 3
1 1 1
2 4
1 1 5
2 5
2 0
2
15 80
8
2 47
2 79
1 1 44
2 91
1 2 30
2 57
2 9
2 64
3
1 0 0
6
1 3 4
1 3 4
1 3 1
1 1 3
2 2
1 1 2
2
15 4
6
1 2 21
2 7
1 2 22
1 2 13
1 2 21
1 2 17
1
4
5
2 3
1 1 5
1 1 9
2 8
2 0
4
7 9 7 1
0
5
2 8 5 8 2
4
2 8
2 1
2 5
2 1
2
1 0
5
1 1 5
1 1 3
1 1 10
1 2 6
1 1 0
2
0 4
5
1 1 3
2 0
2 2
2 1
2 4
4
48 20 32 6
3
1 2 66
2 12
1 1 33
1
4
5
1 1 1
2 1
2 2
1 1 3
2 2
1
11
4
2 10
1 1 11
1 1 24
1 1 30
1
2
5
1 1 1
2 3
2 9
2 10
2 3
3
5 2 10
0
3
8 3 6
2
2 8
2 4
5
0 6 8 1 1
2
1 5 1
1 4 2
1
5
4
2 1
1 1 4
1 1 2
1 1 0
4
11 23 27 65
7
2 1
2 7
2 3
1 3 74
1 4 26
2 39
2 79
2
1 1
5
2 4
1 1 4
2 2
2 2
2 2
3
14 25 23
5
1 2 25
1 2 12
1 1 7
2 5
1 2 11
1
10
3
2 10
2 4
2 10
3
8 1 2
0
1
10
5
2 6
2 1
2 9
2 8
2 7
4
10 4 4 0
6
1 2 9
1 2 8
1 4 2
1 3 7
1 2 3
1 4 8
2
0 4
7
1 1 4
1 1 3
1 2 2
1 1 1
2 3
1 1 1
2 5
4
91 37 52 35
6
2 44
2 24
1 1 37
2 5
1 3 34
1 4 27
2
3 3
3
2 3
1 1 0
1 2 1
4
15 6 19 19
3
2 14
2 2
1 4 9
1
4
5
2 6
2 2
2 5
2 3
2 2
3
0 8 4
0
4
8 0 1 4
5
2 5
2 6
2 0
2 7
2 10
5
9 2 2 3 10
5
1 3 4
1 1 2
1 3 8
1 5 6
1 4 2
1
2
5
2 5
2 0
1 1 3
2 5
2 4
4
94 14 32 72
6
1 1 61
2 52
1 1 42
1 2 48
2 0
1 4 70
2
2 3
1
2 4
1
18
1
1 1 4
1
5
5
1 1 2
2 4
2 2
2 4
1 1 10
3
5 0 6
0
3
10 1 6
2
2 6
2 2
5
3 2 4 2 3
2
1 4 7
1 5 2
2
3 2
6
2 3
2 4
2 1
2 3
1 1 1
1 2 5
3
65 78 87
6
1 2 39
2 37
2 25
2 73
2 78
1 3 2
1
2
6
2 0
1 1 4
1 1 2
1 1 2
2 4
1 1 3
3
19 13 9
6
2 21
2 12
1 2 18
2 29
2 23
2 17
1
6
1
1 1 9
5
2 10 8 7 6
0
1
1
2
2 8
2 0
2
9 3
5
1 1 7
1 2 1
1 2 2
1 2 3
1 1 8
2
4 0
3
2 4
2 1
1 2 1
5
100 78 74 38 99
4
2 47
2 42
1 5 22
2 85
3
3 2 3
6
2 0
1 3 4
1 3 1
1 1 0
1 1 1
2 2
4
26 1 6 17
3
2 12
1 4 13
1 3 6
1
0
2
2 4
1 1 2
5
1 1 8 7 3
0
4
7 10 2 9
1
2 1
2
6 1
4
1 2 0
1 1 10
1 2 10
1 2 4
2
0 5
3
1 2 2
1 1 1
2 5
3
9 16 2
1
2 80
1
0
1
2 2
2
14 21
5
2 13
2 25
1 2 26
2 29
1 1 5
1
8
3
1 1 3
2 1
2 3
3
8 9 1
0
5
1 5 0 10 4
3
2 10
2 5
2 4
1
0
6
1 1 5
1 1 8
1 1 4
1 1 7
1 1 0
1 1 0
2
2 5
5
2 5
1 1 2
2 3
1 2 4
2 3
5
83 99 52 49 64
8
1 5 11
1 3 77
1 2 43
2 7
2 86
1 4 87
2 96
1 5 24
1
0
6
1 1 2
2 2
1 1 0
1 1 0
2 4
1 1 2
2
10 25
1
2 22
1
8
3
1 1 10
2 6
1 1 2
4
2 2 3 10
0
2
7 0
4
2 4
2 0
2 3
2 6
3
2 6 3
6
1 1 2
1 2 9
1 1 5
1 3 10
1 3 1
1 2 0
1
1
5
2 4
1 1 1
2 1
1 1 1
1 1 4
5
7 34 51 34 76
4
2 48
1 1 74
1 2 56
2 79
1
0
1
2 3
1
29
4
1 1 0
1 1 8
2 5
1 1 1
1
3
4
1 1 10
2 3
2 8
1 1 10
3
0 3 9
0
2
10 7
6
2 9
2 8
2 3
2 3
2 5
2 8
3
0 3 0
4
1 2 8
1 2 9
1 2 5
1 1 6
1
5
7
1 1 1
1 1 1
2 2
2 1
2 0
1 1 3
1 1 4
2
75 10
4
2 35
1 2 91
2 87
2 7
2
1 1
5
2 1
2 4
2 3
2 3
1 2 2
3
18 23 14
6
2 18
1 3 25
2 27
2 6
2 15
2 6
1
4
5
1 1 6
1 1 1
1 1 5
2 5
2 1
3
5 4 0
0
1
0
3
2 8
2 1
2 2
3
6 10 5
3
1 2 8
1 1 8
1 3 7
1
4
3
1 1 1
2 0
1 1 4
4
33 100 7 19
8
2 89
2 56
2 43
1 3 40
2 14
2 28
1 1 37
2 39
2
3 3
6
2 1
2 1
2 1
2 4
2 2
2 4
1
10
2
2 5
2 30
1
7
2
2 4
1 1 9
4
1 7 9 7
0
3
9 5 4
6
2 5
2 0
2 4
2 6
2 4
2 0
1
10
5
1 1 1
1 1 7
1 1 7
1 1 10
1 1 4
1
2
6
2 2
1 1 3
1 1 4
2 3
2 1
2 4
2
12 19
4
1 2 66
2 87
1 1 20
2 25
2
3 1
3
1 2 4
1 2 2
1 1 1
1
24
4
2 9
2 4
2 15
2 10
1
10
4
2 9
1 1 2
2 6
2 4
3
7 1 2
0
5
0 4 10 4 9
6
2 0
2 4
2 6
2 8
2 9
2 10
1
5
5
1 1 7
1 1 10
1 1 2
1 1 8
1 1 4
1
5
3
1 1 3
1 1 2
2 4
2
20 60
2
1 2 74
1 2 49
2
3 4
1
2 0
4
8 13 7 20
6
1 4 4
2 14
1 4 6
1 3 19
2 25
1 3 28
1
2
2
1 1 4
1 1 3
1
4
0
3
5 6 4
2
2 6
2 8
4
0 7 4 1
2
1 4 9
1 1 6
2
3 4
3
2 5
2 3
2 4
5
73 25 17 14 95
6
2 20
1 5 23
2 88
1 2 16
1 3 4
1 3 66
3
0 4 1
2
1 3 0
1 1 3
3
10 24 27
6
2 26
2 13
2 17
1 3 17
1 1 11
2 21
1
9
3
1 1 4
1 1 0
2 8
1
5
0
2
8 2
2
2 4
2 9
5
8 9 1 4 10
5
1 4 7
1 4 4
1 4 9
1 5 4
1 3 3
2
0 0
3
1 2 5
2 5
1 1 3
3
81 72 59
1
2 41
1
3
1
1 1 4
3
25 29 4
4
2 20
1 1 22
2 24
1 2 5
1
1
4
2 0
1 1 10
2 5
1 1 5
4
1 3 10 3
0
4
3 4 8 1
6
2 7
2 0
2 10
2 0
2 8
2 0
5
4 0 4 4 2
6
1 2 3
1 1 10
1 5 9
1 4 5
1 3 4
1 5 8
2
4 3
3
2 5
2 0
1 1 5
2
2 34
2
1 1 44
2 4
2
1 1
1
2 1
4
20 3 28 17
3
2 12
1 4 26
1 2 11
1
0
5
1 1 7
2 2
2 4
1 1 2
2 10
3
1 0 0
0
5
6 1 8 3 6
6
2 9
2 10
2 5
2 7
2 2
2 8
4
0 10 1 6
2
1 1 1
1 2 3
2
1 4
4
2 1
1 1 4
2 4
1 2 3
3
13 73 22
5
1 2 78
2 65
2 62
2 99
1 1 23
2
3 3
3
1 2 3
1 2 4
2 1
1
28
5
2 14
2 19
2 13
1 1 22
2 11
1
3
5
1 1 9
1 1 3
2 8
2 6
2 3
4
6 5 2 6
0
5
5 0 2 9 1
3
2 3
2 2
2 7
5
6 10 7 7 9
3
1 4 5
1 4 6
1 3 5
2
1 3
4
1 2 3
1 2 3
2 4
1 2 0
3
53 54 87
1
1 2 75
2
1 1
4
2 0
1 1 1
2 3
2 1
3
9 26 4
5
1 2 24
2 4
2 28
1 2 4
1 1 3
1
9
1
1 1 3
3
5 10 6
0
4
2 1 7 2
5
2 7
2 3
2 1
2 8
2 8
3
4 9 6
4
1 1 2
1 3 10
1 3 6
1 2 4
1
5
5
1 1 3
1 1 5
1 1 0
2 4
1 1 1
5
74 82 29 44 25
8
1 1 97
1 2 31
1 5 72
2 94
1 1 10
2 25
1 5 28
2 55
3
1 3 0
4
1 1 2
2 3
1 1 1
2 2
1
12
1
1 1 11
1
5
4
2 2
2 4
2 8
2 7
3
8 7 4
0
3
10 3 5
6
2 1
2 4
2 7
2 6
2 9
2 9
1
1
5
1 1 7
1 1 10
1 1 6
1 1 1
1 1 8
2
2 0
5
2 1
1 2 1
2 5
1 2 3
2 1
3
61 46 53
2
2 57
1 1 93
2
1 2
2
1 2 4
1 1 0
3
3 23 23
3
2 10
1 1 10
1 3 28
1
9
4
2 5
1 1 9
1 1 10
2 9
5
4 10 9 6 9
0
2
1 0
1
2 1
3
8 6 10
3
1 3 7
1 3 3
1 2 10
1
2
7
1 1 4
1 1 1
2 2
1 1 2
1 1 0
2 5
2 2
2
65 26
8
1 2 4
1 1 49
2 25
1 1 5
2 99
1 2 46
2 97
2 2
1
2
2
1 1 3
2 4
4
19 29 26 5
3
1 1 10
2 12
2 5
1
0
4
1 1 7
1 1 9
1 1 9
1 1 9
5
10 2 1 5 5
0
3
3 7 9
1
2 3
3
10 10 9
3
1 3 3
1 1 4
1 1 0
2
5 3
7
1 1 3
1 2 3
2 1
1 1 0
1 1 4
2 1
2 3
4
71 3 89 47
8
2 38
2 75
2 10
1 4 26
2 31
2 35
1 3 91
1 4 45
1
1
5
1 1 4
2 2
1 1 2
2 0
1 1 0
2
16 5
5
2 21
1 2 26
2 9
1 2 15
1 2 14
1
7
1
1 1 2
5
2 2 6 1 5
0
5
10 3 0 0 8
4
2 8
2 9
2 1
2 5
5
2 7 10 4 10
4
1 3 6
1 3 0
1 4 9
1 4 7
2
1 1
3
2 0
2 5
1 2 3
2
53 70
4
2 43
1 2 70
1 2 88
1 2 24
2
0 4
3
1 2 4
2 4
1 1 4
1
9
4
1 1 16
2 8
2 5
1 1 28
1
7
2
1 1 4
2 5
1
6
0
5
5 9 10 0 9
4
2 1
2 10
2 1
2 4
5
6 6 6 5 10
3
1 3 2
1 5 5
1 5 7
1
3
3
1 1 2
2 2
2 5
2
57 27
8
1 1 43
2 8
1 1 64
2 78
2 90
1 1 36
2 25
1 1 55
1
4
4
1 1 2
1 1 1
1 1 2
1 1 2
2
3 21
5
2 19
2 12
2 0
2 20
1 1 20
1
0
4
2 5
2 2
1 1 7
1 1 1
5
0 0 6 8 7
0
4
1 0 10 10
2
2 9
2 7
4
4 7 4 8
6
1 1 9
1 1 0
1 4 3
1 1 4
1 3 4
1 2 6
2
1 2
3
1 2 1
2 2
1 2 2
5
53 93 38 25 65
3
2 75
1 5 29
2 13
2
1 1
5
1 2 3
1 2 0
2 2
1 2 2
2 1
4
22 18 17 6
3
1 3 23
2 28
1 2 26
1
9
1
2 9
2
5 2
0
5
7 5 7 5 3
3
2 1
2 10
2 2
5
1 8 10 9 3
3
1 1 4
1 5 0
1 4 1
2
5 2
5
2 3
1 1 3
1 2 3
1 2 2
1 2 2
4
23 20 34 56
1
2 42
3
4 2 2
2
2 4
1 2 0
1
0
1
2 24
1
9
3
1 1 5
2 2
2 1
1
2
0
3
9 3 0
5
2 7
2 4
2 2
2 6
2 8
3
0 7 4
5
1 3 1
1 1 9
1 1 10
1 3 7
1 2 9
1
3
6
2 2
1 1 0
2 3
1 1 5
2 0
2 2
3
63 6 45
7
1 2 58
1 3 55
2 90
2 91
2 59
2 60
1 1 81
3
4 1 3
5
2 2
2 0
2 4
1 3 3
1 3 4
4
21 3 17 10
5
2 26
1 2 18
1 2 2
2 18
2 23
1
0
5
1 1 10
1 1 9
1 1 8
2 1
1 1 5
4
0 5 1 4
0
2
5 9
5
2 3
2 7
2 5
2 4
2 8
3
7 10 8
4
1 2 3
1 2 3
1 3 1
1 3 4
1
0
7
2 1
1 1 4
1 1 3
2 0
2 3
1 1 4
2 5
3
90 71 86
2
2 63
2 37
1
4
6
1 1 1
2 4
1 1 0
1 1 2
1 1 3
2 0
3
30 14 29
1
1 3 14
1
3
3
1 1 4
2 5
2 5
1
7
0
1
2
1
2 7
1
9
2
1 1 9
1 1 10
2
1 5
5
2 3
2 4
2 0
1 2 2
1 1 1
2
26 61
2
1 2 89
2 53
1
1
5
1 1 0
1 1 1
2 1
1 1 4
2 0
3
3 18 10
3
1 1 16
2 5
2 20
1
4
5
1 1 6
2 6
1 1 9
2 6
1 1 0
3
5 4 1
0
4
8 10 4 9
4
2 7
2 5
2 3
2 5
5
9 3 3 3 8
1
1 1 6
1
5
6
2 4
1 1 5
1 1 2
2 0
1 1 2
2 1
2
13 13
2
2 67
1 2 96
3
3 0 0
4
2 4
1 1 0
1 3 4
2 1
3
10 15 15
4
1 1 12
1 3 29
2 16
1 2 12
1
7
1
1 1 4
3
9 0 2
0
2
3 10
5
2 7
2 5
2 1
2 0
2 4
2
9 9
3
1 1 2
1 2 9
1 1 8
2
2 3
4
2 4
1 1 1
2 2
1 1 0
5
99 81 2 34 12
6
1 2 69
1 2 20
1 3 80
1 5 30
2 81
2 45
3
1 0 3
3
2 4
1 3 0
1 1 2
2
14 23
5
1 1 18
2 20
1 2 29
1 1 2
1 2 29
1
4
4
2 7
2 1
1 1 8
2 8
1
2
0
5
0 5 4 1 10
4
2 9
2 0
2 3
2 1
4
5 1 10 8
1
1 3 2
1
5
6
1 1 4
2 5
1 1 0
1 1 2
1 1 4
2 2
4
68 23 58 23
3
2 90
1 4 19
1 1 32
2
3 0
4
2 2
1 2 1
2 3
2 3
2
14 6
5
1 1 15
2 22
1 1 4
1 2 26
2 16
1
3
4
1 1 8
2 10
2 5
1 1 3
3
0 9 5
0
4
3 1 3 9
1
2 1
3
6 10 5
2
1 1 2
1 2 3
1
4
6
1 1 0
1 1 3
1 1 3
2 4
1 1 5
1 1 2
5
75 38 42 57 85
1
2 67
1
2
4
2 3
2 1
2 0
1 1 1
4
20 28 23 17
1
2 23
1
7
1
1 1 2
5
0 7 4 6 2
0
4
4 8 10 4
4
2 4
2 2
2 3
2 10
4
0 4 1 7
4
1 3 8
1 4 7
1 3 9
1 4 4
1
5
3
1 1 0
1 1 5
1 1 0
3
19 26 37
1
2 66
2
2 1
6
2 1
2 4
1 2 3
1 1 2
2 3
2 1
2
9 3
4
2 1
1 1 4
1 2 3
1 1 5
1
9
5
1 1 9
1 1 1
2 2
1 1 3
1 1 6
1
3
0
3
1 6 9
4
2 2
2 4
2 3
2 10
5
9 5 4 9 3
2
1 3 9
1 2 7
2
0 4
4
1 2 3
1 1 2
1 2 2
2 2
5
2 34 34 10 51
2
2 66
1 2 79
2
2 3
5
1 2 2
2 0
2 3
1 1 3
1 2 3
4
2 23 11 12
6
1 3 6
2 28
2 15
1 2 22
1 2 2
2 21
1
10
1
1 1 8
2
1 0
0
2
0 6
3
2 6
2 0
2 1
3
0 6 2
6
1 2 6
1 1 2
1 1 8
1 2 6
1 2 5
1 2 1
2
4 3
3
1 1 4
2 3
2 0
2
39 73
3
2 81
1 1 89
1 1 44
1
2
5
2 3
1 1 1
2 4
1 1 2
1 1 2
3
23 22 12
5
2 29
1 3 0
2 6
2 13
1 1 18
1
5
2
2 3
1 1 2
4
4 6 2 3
0
3
7 7 0
6
2 6
2 0
2 3
2 7
2 8
2 3
2
8 1
1
1 2 4
1
0
6
1 1 2
1 1 2
2 3
2 3
2 1
2 5
4
67 43 21 95
3
1 3 80
2 61
2 55
3
1 0 3
4
1 2 1
2 2
2 4
2 2
4
22 24 9 20
5
1 3 6
1 3 1
1 4 0
1 4 25
2 10
1
5
3
1 1 8
2 1
1 1 8
1
6
0
2
8 3
1
2 0
3
1 5 0
6
1 3 10
1 1 1
1 3 0
1 2 3
1 2 9
1 3 5
2
5 0
3
1 2 5
1 2 1
2 2
3
33 26 24
3
2 53
1 3 4
2 41
3
1 1 3
2
1 1 0
1 3 3
4
18 2 24 27
4
1 2 6
2 28
2 19
1 4 30
1
1
4
2 6
1 1 6
1 1 2
1 1 3
5
5 5 8 9 6
0
5
1 4 0 9 4
2
2 6
2 9
3
1 4 1
4
1 2 8
1 2 8
1 1 8
1 1 0
2
1 5
4
1 2 4
2 1
2 0
1 1 4
5
84 4 5 28 87
4
2 3
1 1 59
1 4 34
2 34
1
1
2
2 3
1 1 3
2
0 17
1
1 1 11
1
8
3
2 2
1 1 2
2 3
4
6 2 8 1
0
1
9
2
2 8
2 8
2
8 8
4
1 1 1
1 1 6
1 2 7
1 2 9
2
0 1
6
1 1 5
1 2 5
2 5
1 1 1
2 5
2 0
5
24 48 63 32 67
7
1 4 20
2 44
1 4 51
1 3 88
2 93
1 5 4
2 37
3
2 1 4
1
2 0
3
11 9 10
4
2 6
1 3 0
2 26
2 12
1
3
5
2 4
1 1 1
2 6
1 1 10
1 1 9
3
10 8 5
0
1
3
6
2 1
2 0
2 0
2 3
2 4
2 9
4
5 5 2 4
5
1 1 7
1 1 10
1 3 6
1 2 7
1 3 3
1
1
7
1 1 4
1 1 5
1 1 3
1 1 3
2 1
2 3
1 1 2
4
50 18 0 40
4
1 4 25
2 46
1 4 52
2 34
2
0 2
6
2 3
2 1
2 4
2 0
1 1 1
1 1 3
2
24 24
2
1 1 9
2 16
1
7
1
2 6
5
10 0 3 0 7
0
4
0 2 0 4
1
2 0
2
9 6
3
1 2 8
1 2 8
1 1 9
1
3
5
1 1 0
1 1 0
1 1 1
1 1 3
2 2
3
33 86 72
2
1 2 44
2 80
1
3
2
2 1
2 1
1
15
3
1 1 19
2 25
1 1 27
1
0
1
1 1 7
3
7 4 5
0
2
2 7
3
2 5
2 1
2 0
2
9 8
6
1 1 8
1 1 4
1 1 10
1 2 5
1 2 9
1 2 6
2
2 2
5
1 2 4
1 2 4
2 4
1 2 3
1 2 2
5
73 74 84 54 95
6
1 5 53
2 33
1 1 53
1 2 68
1 2 24
2 81
1
2
6
2 4
2 1
2 3
1 1 3
2 2
1 1 3
4
18 17 3 17
5
2 9
2 24
2 13
1 4 13
1 2 15
1
6
4
2 7
2 2
1 1 0
1 1 9
1
7
0
1
10
4
2 5
2 9
2 4
2 10
5
3 5 7 9 7
6
1 5 4
1 3 0
1 2 4
1 5 3
1 4 5
1 2 8
1
3
7
2 0
2 5
2 4
1 1 0
2 1
1 1 2
1 1 1
3
29 71 48
6
2 93
2 52
1 1 91
2 38
2 21
1 3 91
1
3
4
1 1 4
1 1 2
1 1 3
2 3
2
1 30
1
1 2 26
1
5
4
2 3
2 8
1 1 9
2 4
1
3
0
5
3 8 4 2 7
6
2 8
2 8
2 2
2 5
2 4
2 3
2
6 0
5
1 1 4
1 1 7
1 1 6
1 1 3
1 2 4
2
2 5
6
2 5
1 1 4
2 5
1 2 4
1 2 5
1 1 5
5
61 88 61 57 10
8
1 5 56
1 4 79
1 2 63
1 3 25
1 5 50
1 4 34
2 85
2 34
3
0 2 2
3
1 3 0
1 3 4
2 3
2
21 15
4
2 2
2 22
1 2 26
2 8
1
7
3
1 1 8
1 1 0
2 8
3
10 2 1
0
3
2 9 9
1
2 5
1
2
5
1 1 0
1 1 8
1 1 6
1 1 7
1 1 3
1
5
3
2 4
1 1 3
1 1 3
5
22 8 20 75 65
6
2 44
1 1 14
2 1
1 3 54
2 93
1 2 65
3
0 1 3
1
1 2 4
3
3 28 13
4
1 2 4
1 1 6
1 1 26
1 1 27
1
1
4
2 2
1 1 1
1 1 1
2 0
3
5 6 4
0
5
1 4 10 5 7
5
2 10
2 6
2 3
2 5
2 5
5
1 8 8 6 3
3
1 3 10
1 5 0
1 4 10
2
3 3
7
2 4
2 4
2 5
2 0
1 2 1
1 2 1
1 1 5
5
67 40 48 58 2
5
2 26
2 98
2 9
2 35
1 4 62
3
2 3 1
6
2 1
1 3 0
1 1 3
1 3 3
2 3
2 0
4
17 25 3 17
5
2 14
1 2 1
1 1 24
2 22
1 1 18
1
7
4
2 7
1 1 5
1 1 6
2 0
4
6 3 7 3
0
1
2
6
2 3
2 3
2 0
2 0
2 8
2 9
5
1 10 9 7 2
5
1 3 9
1 3 0
1 3 3
1 2 10
1 3 6
2
3 5
3
2 4
1 2 4
1 2 5
4
29 61 91 95
6
1 2 12
1 4 77
2 55
2 93
1 4 97
1 2 30
3
1 1 3
2
1 2 4
1 2 0
1
9
1
1 1 7
1
0
3
2 9
1 1 10
1 1 1
2
3 9
0
2
2 5
2
2 2
2 2
2
2 3
5
1 2 1
1 1 5
1 2 7
1 1 10
1 2 3
1
0
6
1 1 2
1 1 1
2 5
2 2
2 3
2 3
4
32 42 42 24
4
2 70
1 2 37
2 63
2 50
1
2
3
1 1 3
2 0
1 1 1
4
1 8 2 20
1
2 0
1
1
5
1 1 0
2 1
1 1 2
2 3
1 1 5
1
2
0
3
3 8 8
2
2 1
2 0
3
2 9 2
5
1 1 5
1 1 0
1 3 4
1 3 5
1 2 9
1
2
3
1 1 3
2 5
1 1 3
3
92 83 29
8
1 1 56
1 2 66
1 2 38
2 88
2 50
1 1 83
1 1 13
2 74
3
1 0 2
6
2 1
2 0
2 2
1 3 0
1 2 2
2 2
1
3
4
1 1 28
2 6
1 1 18
1 1 1
1
0
5
2 9
1 1 3
2 6
1 1 6
1 1 6
5
3 2 8 3 8
0
5
6 2 2 5 1
3
2 0
2 9
2 9
3
6 2 3
3
1 2 4
1 1 8
1 2 5
2
5 2
7
2 4
1 2 5
2 1
1 2 5
1 1 3
2 4
1 2 1
3
83 27 48
4
1 2 38
1 3 10
2 12
1 3 88
3
4 4 0
5
1 1 3
1 3 0
1 1 4
2 1
1 3 3
3
3 11 11
3
2 15
1 3 2
2 2
1
9
2
2 1
2 1
4
9 7 9 3
0
2
8 7
2
2 8
2 2
4
6 6 9 7
6
1 1 3
1 2 7
1 3 1
1 4 7
1 2 0
1 1 9
2
0 5
6
2 5
1 1 3
2 0
2 5
2 2
2 1
2
88 50
7
1 2 48
1 2 26
1 1 50
2 31
1 1 36
1 1 61
1 1 60
2
2 3
4
2 0
2 1
2 0
2 0
3
24 15 18
4
2 5
2 14
1 3 23
1 3 11
1
10
2
1 1 0
2 1
3
8 7 4
0
2
2 3
3
2 5
2 7
2 9
4
5 7 1 8
6
1 2 8
1 3 6
1 2 7
1 1 7
1 3 10
1 3 5
2
2 2
3
2 5
2 4
1 2 2
4
53 54 71 51
6
2 0
2 8
1 1 64
2 90
1 2 42
2 55
3
3 1 3
6
1 3 1
1 1 2
1 1 0
1 2 4
1 2 3
2 0
1
12
3
1 1 16
2 8
2 3
1
4
1
1 1 7
1
3
0
2
2 0
1
2 4
4
10 10 0 10
3
1 2 5
1 3 9
1 4 3
1
4
4
1 1 5
1 1 1
2 4
1 1 4
5
90 22 64 0 11
6
1 5 90
2 18
2 82
1 4 62
2 7
1 3 14
1
4
6
1 1 1
1 1 3
2 0
1 1 3
1 1 4
2 3
1
8
3
2 9
2 27
1 1 10
1
6
3
2 1
2 6
1 1 7
3
8 7 6
0
3
1 8 5
3
2 5
2 3
2 0
1
7
6
1 1 2
1 1 3
1 1 6
1 1 3
1 1 6
1 1 5
2
2 2
3
1 1 0
2 4
2 4
3
36 97 19
6
1 2 36
1 3 95
2 5
1 1 42
1 2 59
2 20
1
3
3
2 2
2 0
1 1 1
1
30
3
2 26
2 27
1 1 8
1
10
2
1 1 0
2 7
5
3 8 3 7 8
0
4
3 1 3 6
3
2 8
2 2
2 1
2
2 8
6
1 2 0
1 2 1
1 1 1
1 1 1
1 2 0
1 2 10
1
4
6
1 1 0
2 0
2 5
2 3
2 0
2 0
5
12 46 13 40 34
6
2 29
1 1 32
2 93
1 4 83
1 1 0
2 17
3
1 1 2
3
1 1 2
2 0
2 4
2
20 1
2
1 2 26
2 21
1
6
4
1 1 1
2 9
2 0
2 5
3
7 8 2
0
2
1 7
2
2 0
2 0
1
3
6
1 1 0
1 1 5
1 1 7
1 1 0
1 1 7
1 1 10
2
3 0
5
2 5
2 4
2 0
2 3
1 1 4
4
23 87 37 56
3
2 24
2 99
1 3 82
2
0 0
2
1 1 4
2 2
3
25 19 21
4
2 29
1 2 8
2 19
2 20
1
10
2
1 1 3
1 1 9
3
10 3 4
0
2
9 6
5
2 9
2 1
2 1
2 4
2 1
1
8
6
1 1 6
1 1 0
1 1 8
1 1 6
1 1 4
1 1 0
2
3 0
5
2 3
2 5
1 2 1
2 3
2 5
3
32 92 11
1
2 55
3
3 1 4
6
2 1
2 4
2 2
2 4
1 3 2
2 4
2
25 20
5
2 22
2 25
1 2 27
1 1 20
1 1 8
1
6
2
2 9
2 6
2
10 8
0
2
9 6
3
2 9
2 4
2 2
3
4 9 10
5
1 3 10
1 2 9
1 1 2
1 2 1
1 1 10
1
2
6
1 1 1
1 1 3
1 1 1
1 1 3
1 1 2
1 1 5
2
29 97
7
2 50
1 2 95
1 1 37
1 1 41
2 5
2 95
1 2 9
3
1 4 2
6
2 4
1 3 1
2 2
1 1 4
2 1
1 3 0
3
3 21 2
1
1 1 8
1
0
2
2 10
2 2
1
4
0
4
2 7 8 6
5
2 3
2 6
2 4
2 7
2 1
3
10 7 6
3
1 2 7
1 3 9
1 3 5
2
5 4
4
1 2 1
1 1 0
1 1 2
1 1 5
5
86 17 26 96 91
2
2 76
1 5 13
1
1
2
1 1 1
2 4
1
28
4
1 1 20
2 24
1 1 22
2 28
1
6
3
2 2
2 0
1 1 3
5
9 1 5 3 4
0
3
5 5 2
5
2 10
2 2
2 0
2 7
2 3
4
3 2 7 7
3
1 3 6
1 2 1
1 4 8
2
0 0
5
1 1 0
2 1
2 0
1 2 3
2 3
4
33 92 4 87
1
2 64
1
3
2
1 1 0
1 1 0
3
20 22 5
2
1 2 13
2 24
1
7
4
1 1 7
1 1 4
2 1
2 8
2
9 9
0
1
7
6
2 0
2 10
2 2
2 2
2 4
2 0
2
8 7
3
1 2 4
1 2 6
1 2 4
2
5 3
5
2 2
1 1 4
2 0
2 1
2 3
5
30 14 73 19 9
8
2 77
1 4 57
2 27
1 4 96
1 5 67
2 63
2 30
1 4 37
1
0
4
1 1 3
1 1 2
1 1 4
2 0
1
17
6
1 1 28
1 1 27
2 27
2 4
2 29
1 1 25
1
6
3
2 8
2 7
2 10
4
8 9 1 2
0
2
7 2
3
2 7
2 10
2 1
5
4 7 3 9 4
5
1 4 4
1 5 3
1 5 7
1 1 7
1 3 4
1
2
3
2 0
1 1 4
1 1 1
5
82 58 98 27 7
8
1 2 74
2 30
1 1 67
1 2 97
2 14
2 69
1 3 85
2 84
2
1 1
4
2 3
1 2 0
1 1 3
2 4
1
27
6
1 1 17
1 1 16
2 25
2 17
1 1 3
1 1 6
1
0
4
2 7
1 1 3
1 1 3
2 1
2
6 0
0
3
4 3 10
5
2 7
2 7
2 8
2 4
2 2
4
5 7 4 0
4
1 1 4
1 4 5
1 4 1
1 1 8
2
1 0
6
1 2 1
2 1
2 1
2 2
1 1 1
2 2
5
26 61 77 17 69
8
1 4 11
2 51
2 71
2 54
1 5 0
2 31
2 49
2 4
3
2 4 3
2
1 2 1
2 1
4
30 28 12 22
4
2 6
1 4 8
1 2 12
2 21
1
3
1
2 4
4
4 0 8 8
0
2
1 3
4
2 3
2 8
2 3
2 5
1
9
5
1 1 1
1 1 2
1 1 2
1 1 10
1 1 1
1
5
5
2 0
2 0
2 4
1 1 2
2 4
2
49 53
4
2 29
1 1 40
1 1 22
1 2 67
1
2
1
1 1 2
4
10 25 13 8
5
2 10
1 1 13
1 2 22
2 26
1 2 20
1
9
2
2 6
1 1 4
4
4 7 3 7
0
3
7 6 3
2
2 3
2 9
3
9 0 6
4
1 1 0
1 2 8
1 1 8
1 1 8
1
0
3
1 1 4
1 1 5
2 1
4
21 55 82 66
6
1 3 73
1 2 100
2 58
2 14
2 7
2 21
1
2
3
2 0
2 4
1 1 3
4
26 19 6 11
3
1 4 4
2 29
1 4 21
1
0
1
2 10
4
5 3 4 0
0
2
2 5
1
2 3
4
5 0 5 8
6
1 1 4
1 2 7
1 3 3
1 2 3
1 3 6
1 2 0
1
5
7
1 1 5
2 2
2 0
2 2
2 4
2 5
2 5
4
2 33 50 42
3
2 40
2 60
2 53
3
4 1 3
6
1 1 0
1 3 3
2 1
1 2 0
1 1 0
1 1 0
3
14 3 17
6
2 14
1 1 10
2 30
1 1 25
2 23
2 17
1
4
1
1 1 5
3
5 5 2
0
1
9
6
2 8
2 4
2 8
2 0
2 2
2 0
2
5 5
3
1 1 5
1 1 4
1 2 9
1
2
5
2 2
2 2
1 1 5
2 5
2 4
4
65 87 35 99
3
1 2 46
1 4 5
1 3 25
1
2
6
2 0
1 1 3
2 3
2 0
1 1 1
2 0
2
21 0
2
2 19
1 1 8
1
8
4
1 1 10
1 1 0
2 5
2 4
2
4 4
0
3
4 7 10
2
2 3
2 5
3
5 5 2
3
1 1 2
1 2 2
1 2 3
2
0 4
5
1 2 3
2 1
2 0
2 4
2 0
2
66 13
7
2 77
1 1 91
2 49
1 1 56
1 2 29
2 46
1 1 63
3
2 2 4
1
2 0
1
20
2
1 1 20
2 29
1
5
2
2 3
2 7
2
1 2
0
3
5 4 2
5
2 7
2 10
2 0
2 9
2 3
3
6 7 2
5
1 3 7
1 2 4
1 2 2
1 2 1
1 3 4
1
2
3
1 1 5
1 1 4
1 1 3
5
72 67 3 18 25
6
1 3 27
2 48
2 45
2 68
2 68
1 4 38
1
1
4
1 1 0
1 1 1
1 1 1
2 2
2
26 21
4
1 1 24
2 17
2 30
1 2 29
1
2
2
2 9
1 1 3
3
9 0 0
0
1
9
3
2 6
2 3
2 10
1
8
4
1 1 0
1 1 7
1 1 6
1 1 5
2
4 3
5
2 5
1 1 5
2 5
1 2 1
2 4
5
64 79 75 85 76
1
2 0
2
2 1
3
1 2 3
1 1 2
1 1 1
4
8 25 17 6
4
1 1 4
2 1
2 4
1 1 10
1
9
5
2 6
2 3
2 9
1 1 5
2 9
3
5 0 9
0
5
10 4 5 5 0
5
2 0
2 8
2 9
2 1
2 3
4
5 0 8 0
2
1 1 3
1 2 9
2
0 1
7
2 1
1 2 2
2 0
1 1 5
1 1 5
2 4
2 3
2
72 2
1
2 65
1
2
2
1 1 0
1 1 1
3
4 22 16
3
2 12
1 3 23
1 3 4
1
0
1
1 1 7
2
1 2
0
5
3 1 4 5 5
5
2 9
2 2
2 9
2 8
2 0
2
6 9
3
1 1 8
1 2 2
1 2 7
1
1
6
1 1 2
1 1 2
2 3
2 3
2 3
2 2
2
97 15
6
1 1 44
1 2 44
1 2 9
1 2 74
1 2 64
2 31
3
4 3 2
2
2 4
1 3 0
2
24 26
3
1 2 26
2 13
1 2 27
1
1
3
1 1 5
2 0
1 1 9
2
4 2
0
2
0 6
2
2 3
2 1
3
10 3 10
6
1 3 10
1 2 3
1 2 6
1 1 10
1 2 3
1 1 7
1
0
6
1 1 1
1 1 4
2 5
2 0
1 1 1
2 2
4
46 64 2 4
5
1 4 91
2 40
2 91
2 100
1 3 66
1
3
4
2 1
2 4
2 2
1 1 1
3
5 11 7
2
1 3 16
1 2 10
1
2
5
2 5
1 1 7
2 8
1 1 6
1 1 6
3
1 6 7
0
5
5 0 3 3 8
4
2 8
2 4
2 9
2 10
4
3 6 9 2
1
1 4 4
1
2
6
2 0
1 1 1
1 1 2
2 4
2 3
2 1
4
91 34 75 48
2
1 3 48
2 37
3
0 1 4
6
1 2 3
2 0
1 3 0
1 1 4
1 2 3
2 2
3
17 14 22
1
2 10
1
3
4
1 1 7
2 8
2 2
1 1 7
1
1
0
5
1 4 3 0 5
2
2 1
2 7
5
8 6 8 8 5
4
1 1 7
1 3 3
1 2 1
1 3 5
2
4 4
6
2 5
1 2 3
2 5
2 0
1 2 2
1 1 2
5
57 9 10 0 34
6
1 3 57
2 26
2 60
1 1 63
1 2 18
1 4 16
3
2 3 2
1
1 1 2
1
2
6
2 1
1 1 20
2 28
1 1 19
2 1
2 16
1
0
2
1 1 9
2 9
4
7 6 5 8
0
2
7 2
2
2 2
2 1
3
7 8 9
5
1 3 0
1 2 6
1 1 0
1 3 10
1 1 3
1
0
5
2 2
1 1 5
2 2
1 1 1
2 5
4
2 6 58 82
7
1 4 77
2 46
1 4 38
1 1 0
1 2 8
1 3 86
1 2 36
3
2 0 3
5
1 1 3
2 0
2 0
1 2 1
1 2 3
2
21 5
5
1 1 29
2 13
2 29
2 27
2 20
1
9
2
2 5
2 10
1
5
0
1
10
4
2 0
2 2
2 4
2 7
1
4
3
1 1 9
1 1 10
1 1 8
1
3
3
2 4
2 4
2 5
3
87 18 82
1
2 38
1
1
4
1 1 4
2 4
2 0
2 0
2
14 25
1
2 11
1
0
5
2 7
2 8
2 3
1 1 7
1 1 5
1
9
0
5
5 2 2 0 8
3
2 9
2 8
2 0
4
4 6 4 7
6
1 4 2
1 4 1
1 2 10
1 2 3
1 2 8
1 3 0
2
0 0
5
2 2
2 2
1 2 5
1 2 4
1 2 5
5
46 64 54 80 93
3
1 5 8
1 3 99
1 1 18
1
0
1
2 3
2
30 7
4
1 1 5
1 1 2
1 1 12
2 25
1
10
1
2 2
3
6 2 5
0
1
2
1
2 6
2
0 6
5
1 2 1
1 2 0
1 1 9
1 2 6
1 1 3
1
5
3
1 1 5
1 1 0
2 4
4
14 88 12 55
1
2 40
2
3 1
1
2 3
1
11
5
1 1 26
2 23
2 24
2 9
2 26
1
7
1
2 0
4
10 4 3 1
0
4
3 3 10 7
4
2 0
2 2
2 6
2 10
3
6 10 9
1
1 2 7
2
5 5
7
1 1 5
1 2 0
2 5
1 2 3
1 2 2
1 1 3
1 1 2
4
8 68 13 53
3
1 1 82
2 68
1 3 78
1
4
1
2 2
2
23 22
3
1 1 9
1 2 11
2 21
1
3
5
1 1 6
1 1 3
1 1 3
2 3
1 1 1
2
10 9
0
1
1
6
2 3
2 3
2 9
2 10
2 6
2 4
2
7 1
4
1 2 10
1 1 2
1 1 9
1 1 10
2
3 0
4
2 1
2 1
2 2
2 2
5
81 19 83 94 56
2
1 1 92
1 3 87
2
4 2
4
1 2 2
1 1 3
2 1
2 1
2
6 23
6
2 6
1 1 17
1 2 27
2 1
2 25
2 3
1
0
1
2 4
1
6
0
4
6 5 0 9
3
2 10
2 2
2 10
2
1 8
6
1 1 5
1 2 1
1 1 7
1 1 6
1 1 5
1 1 6
1
4
5
2 0
1 1 3
2 5
1 1 4
1 1 3
2
76 19
1
2 65
2
1 4
1
1 1 1
1
13
2
1 1 20
1 1 26
1
0
4
1 1 5
2 8
2 1
1 1 6
4
3 10 6 0
0
5
7 3 8 9 1
4
2 8
2 4
2 7
2 3
1
0
4
1 1 0
1 1 6
1 1 5
1 1 3
2
4 2
5
1 1 5
1 1 3
1 2 3
1 2 3
2 0
3
41 39 9
1
2 41
2
2 3
5
2 2
1 1 4
2 0
2 3
2 1
1
24
6
1 1 21
2 23
2 23
1 1 8
1 1 16
1 1 14
1
1
3
2 4
2 4
2 0
5
3 4 2 10 9
0
5
7 10 6 10 0
4
2 0
2 9
2 0
2 5
1
1
5
1 1 7
1 1 3
1 1 6
1 1 4
1 1 5
1
0
7
2 0
1 1 2
1 1 0
1 1 4
2 5
2 0
1 1 3
2
7 88
5
2 94
2 30
1 1 46
1 2 34
1 1 49
2
3 3
6
2 4
1 1 3
2 1
2 1
1 1 2
1 2 0
4
29 5 6 18
1
2 12
1
10
4
1 1 7
1 1 10
1 1 2
2 6
3
9 9 2
0
1
10
3
2 5
2 10
2 7
1
10
5
1 1 7
1 1 0
1 1 7
1 1 1
1 1 8
2
4 2
6
2 0
1 2 1
1 2 0
2 0
2 0
2 1
5
11 37 53 0 11
8
1 4 41
1 4 61
2 58
2 49
2 53
2 14
1 4 7
2 15
1
1
4
1 1 1
2 3
1 1 0
1 1 2
2
14 23
2
1 2 17
1 1 8
1
8
2
1 1 8
2 5
4
5 9 9 1
0
5
0 7 9 1 1
2
2 5
2 1
5
4 6 9 7 2
2
1 5 9
1 3 9
2
3 1
5
2 2
2 5
2 3
1 2 4
1 1 5
3
16 73 49
3
1 2 97
1 1 71
1 1 39
2
0 0
3
1 1 1
2 2
1 2 2
1
17
2
2 28
1 1 29
1
8
4
1 1 6
1 1 1
2 6
1 1 7
4
4 7 7 8
0
2
8 4
1
2 2
5
6 1 2 8 2
3
1 3 5
1 3 9
1 2 1
1
1
7
2 0
1 1 5
1 1 5
2 3
1 1 2
1 1 4
1 1 3
4
87 27 69 11
8
2 9
2 46
2 46
2 72
2 41
2 39
1 1 59
2 78
2
2 1
4
2 2
2 0
2 1
2 3
2
12 2
4
2 12
1 2 25
1 2 4
1 2 21
1
0
3
2 7
2 8
2 6
4
0 6 9 0
0
1
0
4
2 9
2 4
2 10
2 6
4
3 10 10 2
5
1 2 1
1 2 0
1 1 6
1 3 4
1 1 10
1
5
7
2 5
2 3
2 0
1 1 5
2 5
2 5
1 1 3
3
76 51 8
2
2 36
2 1
2
1 3
4
2 3
2 4
2 0
2 2
4
28 14 26 2
4
2 24
1 2 3
1 3 18
2 4
1
1
5
1 1 10
1 1 3
1 1 1
1 1 6
1 1 3
5
8 6 6 5 1
0
1
3
1
2 8
1
5
4
1 1 0
1 1 9
1 1 2
1 1 0
2
5 5
3
1 1 5
1 2 5
1 1 4
3
27 16 67
5
1 2 90
2 96
1 2 74
1 1 6
1 3 12
3
4 4 4
2
1 1 4
1 2 3
3
6 22 3
6
2 1
2 17
2 10
2 19
2 19
2 25
1
1
4
1 1 9
1 1 7
2 9
2 4
5
8 6 5 10 8
0
4
9 3 7 3
4
2 2
2 4
2 5
2 8
4
10 5 7 9
2
1 3 7
1 3 1
1
2
7
2 0
2 3
1 1 2
2 1
1 1 3
1 1 5
2 1
5
85 17 93 6 9
2
1 1 11
2 7
1
2
4
1 1 3
1 1 0
1 1 4
1 1 0
4
4 27 17 27
5
1 1 24
1 3 23
2 22
1 4 12
1 2 16
1
7
3
1 1 9
1 1 1
2 5
4
10 3 7 10
0
2
9 5
6
2 2
2 6
2 5
2 7
2 7
2 4
5
1 9 0 7 10
2
1 5 8
1 1 0
2
4 5
3
2 3
2 2
1 1 1
3
38 69 83
4
2 95
1 1 0
1 1 85
2 53
3
1 0 3
1
2 1
2
25 6
5
1 2 9
1 2 25
1 2 21
2 28
2 26
1
4
1
1 1 0
2
4 1
0
4
10 4 9 4
2
2 1
2 6
2
10 7
6
1 2 2
1 2 5
1 1 0
1 1 8
1 1 5
1 2 8
1
1
6
2 0
2 0
2 0
1 1 3
1 1 3
1 1 5
4
96 1 56 24
5
2 97
1 2 19
2 34
1 2 13
2 92
1
2
2
2 1
2 2
3
5 19 24
3
1 1 17
1 2 5
2 5
1
2
1
1 1 7
1
6
0
1
0
3
2 3
2 5
2 9
5
6 4 3 5 2
6
1 5 2
1 1 6
1 1 1
1 4 8
1 4 1
1 4 5
2
4 4
6
2 1
1 1 3
2 5
1 1 0
2 1
1 2 0
4
69 33 20 5
6
1 4 90
2 97
2 56
1 4 27
1 1 53
1 3 73
1
0
1
2 2
1
10
5
1 1 16
2 22
1 1 0
1 1 2
2 3
1
4
3
1 1 8
1 1 4
2 6
5
9 0 0 0 8
0
4
5 7 5 9
6
2 3
2 8
2 6
2 4
2 7
2 8
4
5 6 8 3
3
1 4 7
1 4 3
1 3 2
2
5 2
6
2 0
1 1 0
2 2
2 4
1 1 5
2 4
2
39 53
8
1 2 100
1 2 41
1 2 70
2 48
1 1 69
1 2 87
2 80
2 61
3
1 1 3
4
1 3 2
2 2
1 2 3
2 3
4
21 6 24 21
5
2 4
1 2 18
1 3 24
2 23
1 3 21
1
0
2
2 1
1 1 10
2
10 4
0
2
7 2
5
2 7
2 0
2 2
2 2
2 10
5
7 5 1 8 0
4
1 5 9
1 5 0
1 4 1
1 3 8
1
3
3
2 3
2 5
1 1 4
3
36 42 27
6
2 50
1 3 44
1 1 90
1 3 50
1 3 50
1 1 17
2
1 4
5
1 1 0
1 2 0
2 3
1 1 2
2 1
2
12 11
6
2 8
1 1 29
2 20
1 1 30
1 1 1
2 11
1
6
5
1 1 6
1 1 8
1 1 8
2 8
1 1 3
4
2 4 5 2
0
2
0 8
1
2 2
1
3
4
1 1 2
1 1 3
1 1 8
1 1 4
2
1 0
3
2 3
1 1 5
2 3
4
54 45 33 10
8
1 1 100
1 3 93
2 50
1 1 63
2 99
2 32
2 68
2 33
3
3 4 0
2
2 3
1 2 4
2
2 25
4
2 20
1 2 8
2 13
1 1 30
1
2
2
1 1 9
1 1 4
1
10
0
3
8 10 9
6
2 2
2 3
2 9
2 7
2 7
2 5
4
2 2 4 8
6
1 4 8
1 4 8
1 3 3
1 2 0
1 3 3
1 1 4
1
4
7
1 1 2
2 3
2 1
1 1 3
1 1 2
1 1 3
1 1 5
4
7 63 56 77
7
2 32
2 66
1 2 41
2 76
1 2 51
1 4 7
1 2 39
1
2
1
2 4
3
4 14 17
5
2 12
1 3 5
1 2 29
2 6
2 5
1
6
2
2 0
1 1 5
2
2 7
0
1
6
6
2 10
2 8
2 0
2 1
2 6
2 0
5
3 9 10 1 9
3
1 4 10
1 3 9
1 2 0
1
4
6
2 2
2 2
2 3
1 1 4
2 0
1 1 2
5
60 47 7 68 59
5
2 45
2 18
1 4 52
2 77
2 2
2
2 1
6
2 4
1 2 2
2 3
2 4
1 2 3
2 1
2
18 8
3
2 21
2 10
2 9
1
2
4
2 3
2 7
1 1 3
2 4
2
9 2
0
3
5 0 3
6
2 0
2 7
2 9
2 9
2 5
2 4
4
2 2 1 4
2
1 4 1
1 2 5
2
3 1
7
1 2 5
2 2
1 1 4
1 1 3
2 1
2 1
1 2 3
4
30 7 88 67
4
1 3 22
2 99
1 3 71
2 89
3
0 2 3
3
2 1
1 2 3
2 1
1
5
5
1 1 1
2 1
2 10
2 14
1 1 0
1
1
5
1 1 2
2 3
2 6
2 2
2 8
4
7 6 10 0
0
1
2
4
2 0
2 6
2 3
2 10
2
7 1
6
1 2 9
1 1 9
1 2 7
1 1 9
1 2 2
1 2 2
1
0
6
2 0
2 0
1 1 0
2 5
1 1 5
2 4
5
3 66 59 57 73
6
2 11
2 75
1 1 5
1 2 58
2 53
1 2 78
2
2 3
6
2 4
2 2
2 3
1 2 2
1 1 4
1 2 3
1
16
4
2 22
1 1 18
1 1 16
1 1 2
1
7
2
2 6
2 3
1
9
0
1
1
1
2 6
2
3 2
3
1 1 5
1 2 4
1 1 10
2
4 0
6
1 1 0
2 1
2 3
2 2
1 1 3
1 2 3
2
65 54
8
2 33
2 41
1 1 75
1 1 93
2 74
1 2 92
1 1 100
1 2 30
3
2 4 4
6
1 1 1
1 2 2
1 2 0
2 4
2 1
2 2
2
27 23
1
2 12
1
3
4
2 4
1 1 9
1 1 8
1 1 9
1
4
0
3
7 10 8
1
2 9
1
0
2
1 1 5
1 1 1
1
0
5
1 1 2
1 1 2
1 1 3
2 0
2 1
2
23 14
7
2 4
2 37
2 41
1 1 25
1 1 90
2 90
2 55
2
0 1
5
2 2
2 1
1 1 4
1 1 0
1 2 2
1
6
3
1 1 24
1 1 17
1 1 26
1
6
1
1 1 8
1
4
0
4
10 8 7 7
3
2 2
2 9
2 1
4
0 4 9 0
3
1 1 3
1 2 9
1 1 5
2
0 2
4
1 2 1
1 2 2
1 1 0
2 1
4
12 13 57 51
2
1 2 62
1 3 100
3
4 2 3
3
2 3
2 3
2 4
1
0
5
2 12
2 8
2 4
1 1 15
2 6
1
9
2
1 1 8
2 3
5
4 10 9 5 5
0
4
8 2 9 10
4
2 10
2 9
2 0
2 4
1
5
2
1 1 3
1 1 10
1
3
5
1 1 2
1 1 3
2 0
2 4
1 1 5
3
98 80 100
2
1 2 20
2 74
3
0 1 4
3
1 2 2
1 3 4
1 3 0
1
1
3
1 1 9
2 13
1 1 24
1
6
2
1 1 10
2 1
4
2 8 9 0
0
3
10 6 5
2
2 3
2 2
5
1 10 2 0 8
4
1 1 9
1 2 8
1 1 10
1 3 5
1
2
6
2 5
1 1 3
2 2
2 3
2 3
2 4
3
31 88 67
7
2 7
2 96
2 41
1 2 66
2 87
2 72
1 3 39
1
4
6
1 1 0
2 2
1 1 4
1 1 0
1 1 0
2 1
2
23 1
3
2 0
2 26
2 18
1
6
3
1 1 7
1 1 7
1 1 1
4
6 8 7 3
0
4
1 1 1 3
6
2 10
2 4
2 4
2 3
2 8
2 0
3
7 9 3
6
1 1 5
1 2 2
1 1 1
1 1 8
1 2 7
1 3 7
1
0
7
1 1 0
1 1 0
2 4
2 4
1 1 4
2 0
1 1 1
2
91 62
5
2 20
2 18
2 12
1 2 82
2 61
2
1 2
3
1 1 2
2 0
2 2
2
10 7
1
2 19
1
8
4
2 7
2 4
2 2
1 1 0
4
6 8 4 10
0
5
10 10 9 6 0
6
2 10
2 8
2 9
2 8
2 9
2 0
4
1 4 2 0
4
1 4 8
1 4 3
1 3 8
1 2 6
1
3
6
2 2
1 1 4
2 5
2 5
2 0
2 4
3
16 67 20
7
1 3 94
2 78
2 61
2 49
1 1 15
1 1 83
2 22
1
2
5
2 3
2 4
1 1 4
1 1 3
1 1 0
1
17
2
2 7
1 1 8
1
10
5
2 10
1 1 8
2 4
1 1 10
2 1
1
10
0
3
0 1 10
3
2 3
2 7
2 3
2
6 8
3
1 2 4
1 1 6
1 2 4
2
4 1
7
2 5
1 1 1
2 3
1 2 3
1 2 4
1 1 4
1 1 3
3
15 41 4
2
2 52
2 66
2
0 4
4
2 2
2 0
2 2
2 2
4
30 26 19 2
3
2 23
1 4 15
1 2 7
1
5
4
1 1 2
2 8
1 1 2
2 2
5
4 6 2 1 0
0
1
10
3
2 7
2 1
2 5
2
1 7
4
1 1 9
1 2 8
1 2 6
1 1 2
1
4
3
2 1
2 1
2 2
3
71 47 43
3
1 2 92
2 85
1 3 42
1
4
3
2 0
2 3
2 2
4
4 29 5 9
1
1 3 18
1
5
3
1 1 10
1 1 4
2 0
2
3 6
0
3
9 5 7
4
2 9
2 7
2 0
2 2
2
8 8
4
1 2 4
1 2 0
1 2 4
1 2 3
1
5
3
2 4
2 4
1 1 3
3
49 21 13
7
1 2 26
1 2 45
2 68
1 2 76
1 3 43
1 1 59
2 93
1
3
4
1 1 3
2 2
1 1 4
1 1 2
2
3 6
6
2 16
1 1 8
1 1 10
1 2 29
1 2 22
2 5
1
7
3
2 7
1 1 1
2 7
4
8 7 6 4
0
3
7 7 7
2
2 6
2 9
5
10 9 5 0 2
3
1 1 9
1 5 5
1 3 4
2
4 3
5
1 1 4
1 1 5
1 1 2
1 2 5
1 2 4
4
68 79 28 85
8
1 2 87
1 4 27
1 4 26
2 18
1 4 95
2 62
1 1 19
1 2 55
1
0
6
2 1
2 0
2 1
2 0
2 0
2 0
1
13
6
2 21
2 5
1 1 18
2 26
2 8
2 26
1
7
2
2 7
1 1 1
3
5 3 4
0
4
3 0 1 8
2
2 4
2 2
5
5 4 0 8 5
4
1 2 4
1 2 10
1 5 9
1 3 8
1
0
7
2 1
2 5
2 4
1 1 5
1 1 5
2 2
1 1 0
2
3 70
7
1 1 85
2 18
2 82
1 1 20
2 25
2 74
1 2 30
1
4
3
2 0
2 4
1 1 4
4
17 15 3 27
1
2 18
1
0
4
1 1 0
1 1 8
2 4
2 7
5
2 10 10 1 10
0
5
9 2 10 5 7
6
2 2
2 3
2 8
2 1
2 9
2 1
2
3 3
3
1 1 4
1 1 0
1 2 2
1
5
5
2 3
1 1 1
2 4
1 1 0
2 1
4
1 65 79 85
7
2 34
1 3 85
2 54
1 3 37
2 47
1 3 59
2 35
1
1
4
1 1 3
1 1 4
2 3
1 1 2
1
27
5
2 21
2 26
2 12
2 7
1 1 21
1
2
3
1 1 3
1 1 2
2 2
1
7
0
4
0 8 5 2
1
2 3
4
6 1 5 10
5
1 1 2
1 2 8
1 4 0
1 4 8
1 4 6
1
2
7
2 0
2 5
2 4
2 1
1 1 1
2 1
1 1 5
3
73 79 52
3
2 76
2 27
2 91
3
3 3 0
6
2 2
1 1 1
1 2 2
1 2 0
2 0
2 1
2
0 23
5
2 18
2 30
1 1 25
2 29
2 10
1
5
3
1 1 7
2 6
2 8
3
0 6 4
0
5
9 7 0 6 7
6
2 10
2 7
2 0
2 3
2 3
2 10
1
4
3
1 1 1
1 1 9
1 1 10
1
0
7
1 1 4
1 1 4
2 5
1 1 2
2 5
1 1 3
1 1 3
5
12 1 68 58 1
2
2 82
2 91
1
1
3
2 3
2 1
1 1 2
4
22 28 17 19
3
1 4 27
2 27
1 1 9
1
1
3
2 0
1 1 5
2 2
3
1 10 2
0
3
5 9 5
2
2 4
2 4
5
7 2 5 2 9
4
1 3 0
1 4 3
1 4 4
1 5 2
1
0
7
2 4
2 4
1 1 2
1 1 1
1 1 0
1 1 2
2 0
2
54 41
7
2 89
1 1 34
1 1 56
1 1 19
2 60
1 1 57
1 1 4
1
3
5
2 3
1 1 3
1 1 2
1 1 0
2 2
2
2 13
2
2 27
2 5
1
0
1
1 1 10
4
3 7 6 1
0
5
3 3 7 10 1
1
2 0
4
10 4 7 0
4
1 1 5
1 4 1
1 2 4
1 4 3
1
1
5
2 2
2 1
2 0
1 1 0
1 1 1
5
20 21 87 3 25
7
2 43
1 4 42
2 81
1 5 8
1 2 21
1 5 25
2 21
2
0 0
5
1 1 1
1 2 1
1 2 0
1 1 3
1 1 3
1
15
5
2 14
2 6
2 16
1 1 3
1 1 19
1
9
5
2 2
1 1 0
2 5
1 1 7
2 3
3
4 4 6
0
2
2 9
6
2 5
2 0
2 3
2 3
2 0
2 7
5
0 2 9 1 3
1
1 3 6
1
3
7
2 0
2 5
1 1 3
1 1 4
1 1 5
1 1 3
1 1 5
2
70 91
5
1 2 62
2 86
1 2 73
1 2 58
2 61
2
4 4
2
2 3
2 2
2
2 18
5
1 1 8
2 1
1 2 20
1 2 23
1 2 13
1
8
1
1 1 3
1
8
0
5
6 5 2 7 3
1
2 3
2
6 10
2
1 1 2
1 2 4
1
4
6
2 2
2 2
1 1 2
1 1 1
2 2
2 5
4
45 86 58 63
4
1 2 77
1 3 82
2 73
1 1 45
3
3 2 3
2
1 2 3
2 1
2
1 7
2
2 23
2 24
1
2
3
2 10
1 1 9
2 2
5
0 10 6 5 6
0
4
7 9 4 7
1
2 8
4
8 4 0 0
6
1 2 7
1 3 3
1 4 9
1 2 1
1 1 8
1 4 8
2
3 1
3
2 1
2 5
1 2 1
3
20 69 23
2
1 1 81
2 76
2
0 1
1
2 1
3
24 2 3
5
2 28
2 7
2 14
2 17
1 1 18
1
4
1
1 1 1
4
4 9 6 3
0
2
5 6
4
2 9
2 1
2 2
2 7
3
5 5 4
6
1 1 3
1 1 9
1 1 0
1 2 0
1 3 2
1 3 1
2
4 5
3
2 1
1 2 4
2 2
2
21 3
3
2 7
2 38
2 68
2
3 1
5
2 1
2 3
1 2 4
2 4
2 2
2
3 20
5
1 2 8
2 4
2 17
1 2 16
1 2 10
1
7
4
1 1 10
2 3
1 1 10
2 4
2
0 6
0
3
2 6 1
2
2 9
2 10
5
3 7 3 0 7
3
1 2 9
1 1 1
1 1 9
2
1 2
5
1 1 5
2 2
2 2
1 1 0
1 2 3
4
13 80 36 33
6
1 2 38
2 27
2 35
2 97
1 3 59
1 1 9
1
3
6
1 1 1
1 1 0
2 4
1 1 2
1 1 3
2 0
1
20
1
1 1 12
1
1
5
1 1 8
1 1 3
2 0
2 8
1 1 10
3
7 10 0
0
5
4 5 7 8 9
4
2 4
2 7
2 10
2 2
4
4 4 2 10
1
1 2 4
2
0 1
7
2 1
1 1 4
1 1 4
2 2
1 2 2
2 2
2 1
4
88 59 60 86
4
1 1 64
2 63
1 4 47
2 18
1
2
2
1 1 1
1 1 0
1
8
3
2 23
1 1 20
1 1 20
1
8
3
2 9
2 8
1 1 0
5
2 5 0 4 0
0
4
4 2 4 9
4
2 5
2 1
2 6
2 7
4
8 9 2 8
3
1 4 1
1 4 9
1 1 9
1
3
6
2 4
2 5
2 5
1 1 0
2 0
1 1 0
3
10 66 48
2
2 81
1 1 74
3
4 3 4
6
1 1 0
2 3
2 3
2 4
1 3 1
1 1 3
1
0
4
1 1 6
1 1 4
1 1 5
2 26
1
7
2
2 9
2 7
4
9 0 7 8
0
4
10 8 9 5
6
2 2
2 4
2 4
2 10
2 3
2 3
4
5 4 10 8
1
1 1 5
2
2 4
6
2 3
1 2 2
1 2 4
1 2 5
1 2 1
2 1
3
24 77 71
6
1 1 67
2 0
1 2 25
2 8
2 63
1 2 7
3
3 3 4
4
2 4
1 1 2
2 0
2 4
4
6 3 4 12
3
2 30
2 10
2 12
1
2
5
1 1 5
1 1 2
2 6
1 1 7
2 4
2
3 7
0
1
7
1
2 6
4
4 2 0 10
6
1 3 6
1 1 5
1 3 6
1 4 2
1 1 6
1 2 9
1
1
6
1 1 4
1 1 4
2 4
2 3
1 1 4
2 2
2
52 36
3
2 74
2 52
2 19
1
4
6
1 1 3
1 1 0
1 1 2
2 0
2 2
2 1
1
24
1
2 23
1
3
2
1 1 3
1 1 10
5
6 9 1 5 6
0
1
8
5
2 10
2 9
2 5
2 4
2 1
3
9 0 10
3
1 2 2
1 2 0
1 3 2
2
2 1
6
2 3
1 1 1
1 1 4
2 5
2 2
1 2 0
3
81 76 25
3
2 51
2 70
1 2 71
3
4 3 4
2
1 1 0
2 0
2
7 16
6
1 2 15
1 1 29
1 2 3
1 1 11
1 2 3
1 1 21
1
7
1
2 7
1
4
0
5
10 1 5 5 4
6
2 7
2 3
2 6
2 8
2 7
2 9
2
3 2
5
1 1 2
1 2 6
1 2 2
1 2 8
1 2 4
1
5
5
2 5
1 1 2
1 1 1
2 4
2 0
4
47 21 70 64
2
1 2 99
1 4 80
1
3
6
1 1 3
2 4
2 4
1 1 0
2 0
1 1 0
4
29 17 9 13
6
1 1 4
1 2 17
2 12
1 4 7
2 8
1 1 16
1
1
5
2 1
1 1 10
1 1 0
1 1 4
1 1 0
5
9 8 5 4 10
0
5
1 6 6 1 9
2
2 6
2 1
5
2 6 0 2 4
2
1 1 0
1 4 2
1
3
5
2 3
2 3
2 1
1 1 5
2 0
2
54 70
5
2 24
1 2 45
1 1 11
1 2 20
2 66
3
0 0 1
3
2 4
2 4
2 4
3
27 27 7
4
1 2 27
1 3 27
1 2 25
2 29
1
8
5
2 10
1 1 2
2 2
1 1 3
2 5
5
6 1 2 10 1
0
5
1 1 9 3 4
1
2 6
3
2 5 4
1
1 3 3
1
4
7
2 1
2 1
2 0
1 1 4
2 1
2 5
2 4
3
37 82 76
8
2 26
2 1
2 36
2 92
2 51
2 85
1 3 77
2 54
2
2 2
3
2 2
1 2 2
2 2
3
8 24 17
2
1 2 15
2 22
1
0
1
2 5
5
10 2 9 3 0
0
3
2 8 7
1
2 4
5
2 0 0 10 1
5
1 2 5
1 5 9
1 3 9
1 4 6
1 5 10
2
5 3
3
1 1 1
2 5
2 4
5
77 22 27 29 6
8
2 44
1 5 35
1 2 56
2 54
1 5 36
1 2 24
1 1 36
1 4 85
1
4
6
2 2
2 3
1 1 2
2 4
2 4
2 2
4
6 1 16 25
6
2 9
1 3 2
2 19
2 3
1 1 13
2 8
1
5
5
2 4
2 0
2 7
2 2
2 10
2
4 5
0
3
8 10 8
4
2 1
2 7
2 9
2 9
5
10 8 7 5 4
4
1 1 1
1 1 0
1 4 10
1 2 1
2
4 0
3
2 2
1 2 4
2 5
4
16 51 20 38
7
1 1 48
1 4 4
1 3 86
1 2 6
2 12
2 26
1 1 88
2
2 1
6
2 1
2 2
1 2 3
2 0
2 3
2 2
3
25 22 6
6
1 2 17
1 1 28
2 9
2 13
1 1 14
2 4
1
9
3
2 1
1 1 8
1 1 4
4
0 8 1 6
0
3
6 7 5
5
2 1
2 5
2 1
2 7
2 0
5
5 4 9 0 2
4
1 3 9
1 5 4
1 2 3
1 2 9
1
2
5
2 4
2 4
1 1 2
2 3
2 4
4
18 66 72 97
1
2 20
2
1 3
1
2 0
3
20 24 18
3
2 14
1 2 21
2 21
1
2
2
2 10
2 4
3
0 6 3
0
5
6 6 9 1 5
3
2 8
2 1
2 0
5
1 5 5 3 3
2
1 2 9
1 3 8
1
2
7
1 1 0
1 1 5
1 1 2
1 1 2
1 1 5
1 1 2
2 3
5
5 20 89 8 72
1
2 14
2
4 2
1
2 4
1
15
5
2 10
1 1 1
1 1 30
1 1 6
1 1 23
1
5
4
1 1 3
2 9
2 1
1 1 4
3
6 9 0
0
4
2 7 5 0
3
2 7
2 9
2 2
4
8 10 10 9
2
1 2 10
1 2 7
1
5
3
2 3
1 1 5
1 1 2
2
19 65
5
1 2 85
2 84
2 62
2 49
1 1 65
1
1
3
1 1 2
2 4
2 3
4
6 8 8 13
6
2 21
1 2 13
1 1 20
1 1 5
1 4 30
2 1
1
9
5
2 4
2 8
2 9
2 4
1 1 1
4
10 5 6 6
0
3
3 5 5
3
2 2
2 5
2 6
4
0 6 10 7
6
1 4 5
1 3 4
1 3 7
1 4 9
1 1 1
1 1 4
2
2 2
3
2 2
2 1
1 2 3
5
4 60 38 14 17
6
1 2 95
2 91
1 5 37
2 15
2 2
2 54
2
3 4
1
1 2 3
1
10
2
1 1 27
1 1 4
1
2
3
2 1
1 1 2
2 10
5
8 4 3 5 4
0
1
5
1
2 1
1
5
1
1 1 4
2
0 0
5
1 1 0
1 1 2
2 0
2 5
2 3
2
44 69
1
1 1 22
3
4 0 4
3
2 0
2 0
2 3
4
29 27 25 12
2
2 5
1 3 5
1
8
1
1 1 10
5
0 7 6 1 2
0
4
8 10 4 0
3
2 0
2 1
2 10
1
7
6
1 1 8
1 1 0
1 1 9
1 1 6
1 1 4
1 1 8
1
4
7
2 2
1 1 0
1 1 5
2 4
2 1
2 1
2 1
5
91 51 41 23 53
2
2 17
1 5 43
2
2 4
3
2 4
1 1 0
1 2 0
2
25 17
2
2 7
1 1 1
1
10
5
2 7
2 7
1 1 10
1 1 2
1 1 10
5
2 0 3 3 7
0
4
0 0 10 8
5
2 3
2 7
2 2
2 7
2 6
1
7
2
1 1 1
1 1 8
1
4
7
2 3
2 3
2 1
1 1 5
2 1
2 1
1 1 2
4
12 74 100 43
1
2 11
1
3
2
1 1 2
2 3
2
23 29
2
1 2 25
1 1 11
1
6
5
1 1 2
1 1 7
2 7
2 4
2 7
5
3 4 4 3 6
0
1
10
4
2 10
2 4
2 10
2 0
1
3
6
1 1 10
1 1 5
1 1 10
1 1 6
1 1 9
1 1 5
1
2
3
1 1 5
2 0
1 1 1
2
41 44
1
1 1 47
3
3 1 2
6
1 2 1
2 4
2 1
2 4
1 1 2
2 3
1
29
2
1 1 6
1 1 10
1
5
2
2 10
2 5
5
1 2 9 4 3
0
4
6 5 5 4
5
2 6
2 3
2 10
2 3
2 1
2
4 3
1
1 2 6
1
0
5
1 1 1
1 1 4
2 0
1 1 1
2 0
2
84 15
4
1 1 50
2 37
2 66
1 2 100
1
3
6
1 1 0
2 3
1 1 1
2 0
2 2
1 1 4
4
15 2 12 14
4
1 3 5
2 26
2 5
1 4 28
1
0
3
1 1 2
1 1 8
2 2
3
9 5 7
0
1
8
5
2 0
2 6
2 0
2 0
2 4
2
7 5
4
1 1 9
1 2 4
1 2 4
1 1 0
1
5
6
2 0
2 5
2 5
2 3
2 1
1 1 1
3
22 1 73
3
1 3 65
1 2 100
1 1 74
1
3
6
2 4
2 0
2 4
1 1 0
2 1
2 1
2
25 9
5
1 1 18
2 27
1 2 25
2 14
2 5
1
4
5
1 1 1
1 1 0
2 1
2 8
2 9
4
9 2 4 5
0
5
4 10 1 3 2
6
2 5
2 1
2 5
2 2
2 1
2 9
1
6
6
1 1 3
1 1 5
1 1 2
1 1 0
1 1 5
1 1 10
1
0
7
2 2
2 4
1 1 5
1 1 4
1 1 5
2 1
2 1
2
1 43
7
1 2 47
2 54
1 1 54
1 2 58
1 2 54
1 2 84
2 68
3
2 4 3
3
2 4
2 4
1 3 1
2
30 8
5
2 10
1 2 19
2 15
2 25
1 2 11
1
4
5
2 0
2 3
1 1 0
2 0
2 4
1
4
0
1
0
4
2 8
2 6
2 6
2 0
4
1 3 4 2
1
1 4 1
2
0 3
7
2 5
1 1 1
2 3
1 1 5
2 4
2 1
1 1 4
3
60 48 2
1
1 2 47
1
2
6
1 1 2
1 1 1
1 1 2
2 1
2 0
1 1 4
4
16 18 25 0
5
2 14
2 19
1 3 22
2 27
2 30
1
10
1
2 8
5
9 9 5 7 4
0
3
9 0 9
5
2 3
2 8
2 7
2 10
2 3
4
5 6 7 1
3
1 3 0
1 3 6
1 1 4
2
4 4
4
1 1 2
1 1 0
2 5
1 1 4
4
62 31 100 50
4
1 3 82
2 15
2 35
2 84
3
4 2 0
6
2 2
1 2 3
2 1
2 3
2 4
2 3
3
16 30 30
2
2 4
2 6
1
6
5
1 1 1
2 8
2 3
2 10
2 3
4
8 5 7 4
0
1
10
2
2 3
2 0
3
8 5 9
6
1 2 5
1 2 6
1 2 1
1 3 3
1 3 9
1 2 1
1
0
4
2 1
2 0
2 0
1 1 4
5
17 44 48 5 9
1
1 1 49
2
2 0
1
2 4
1
5
5
1 1 18
2 6
1 1 2
1 1 1
2 29
1
7
5
2 0
2 5
2 5
1 1 0
1 1 6
2
2 6
0
4
5 6 0 1
2
2 0
2 4
2
2 8
5
1 1 1
1 1 4
1 2 3
1 2 2
1 1 7
2
0 1
6
1 2 3
2 1
2 5
2 4
2 5
1 2 3
2
50 32
6
1 2 13
1 2 59
1 2 27
1 1 82
1 2 89
2 14
3
1 1 3
3
1 2 4
2 4
2 2
2
30 3
6
1 1 8
1 1 26
2 17
1 1 11
2 13
1 1 7
1
6
1
2 2
2
5 8
0
4
10 9 6 10
6
2 5
2 10
2 4
2 9
2 5
2 3
5
0 10 3 4 8
1
1 5 5
1
4
6
2 3
2 4
2 4
2 1
2 3
2 4
2
62 95
3
2 56
2 81
1 2 1
2
1 0
2
1 1 0
2 0
1
16
1
2 1
1
6
4
2 7
2 1
1 1 8
2 8
5
2 7 10 8 0
0
1
6
6
2 5
2 6
2 10
2 0
2 5
2 5
2
8 3
1
1 1 5
2
5 5
4
1 2 5
2 0
2 4
1 1 4
5
49 71 16 39 6
4
2 94
2 42
1 2 54
2 57
2
1 0
2
1 2 2
2 0
1
18
1
2 16
1
0
1
2 8
2
0 7
0
5
7 0 3 10 5
3
2 6
2 5
2 10
3
7 2 4
5
1 3 6
1 2 1
1 1 2
1 3 10
1 3 8
1
4
7
1 1 2
2 1
1 1 1
2 4
2 5
2 2
2 0
5
63 85 27 11 74
8
1 2 22
2 100
1 1 71
1 4 99
1 3 23
2 18
2 79
2 2
3
1 2 2
1
1 3 2
1
30
2
2 26
1 1 15
1
1
3
1 1 9
2 2
2 0
3
1 9 5
0
5
3 5 1 5 10
1
2 7
4
4 0 6 0
3
1 1 4
1 4 10
1 3 2
2
3 4
4
2 4
2 4
1 1 4
2 1
4
48 11 18 72
1
1 2 74
2
2 2
6
1 1 1
1 2 4
1 1 2
1 1 2
1 1 1
1 2 0
2
27 4
1
1 1 12
1
8
2
1 1 0
1 1 6
4
10 6 2 5
0
2
9 4
3
2 9
2 10
2 3
5
3 4 3 8 7
5
1 5 0
1 3 6
1 1 3
1 1 5
1 3 8
2
3 1
5
1 2 1
2 3
1 2 3
2 1
1 1 1
3
2 2 39
4
1 3 62
2 0
1 1 73
1 2 51
3
2 0 1
2
1 2 1
1 1 0
4
28 21 25 16
3
2 0
1 1 24
1 3 26
1
6
2
2 5
2 7
3
4 10 8
0
4
4 6 2 4
3
2 10
2 5
2 8
5
6 2 4 7 6
6
1 3 6
1 4 8
1 2 4
1 3 1
1 3 9
1 3 6
2
5 0
4
2 0
1 1 2
1 2 3
2 4
2
51 6
4
1 2 8
1 1 96
1 2 16
1 2 47
2
1 0
6
2 4
2 2
1 1 2
1 1 0
1 1 1
1 2 0
3
30 30 22
5
2 23
1 3 22
2 15
2 2
2 7
1
4
2
2 9
2 0
3
0 6 10
0
1
4
6
2 4
2 2
2 8
2 9
2 9
2 5
4
5 3 4 8
4
1 2 10
1 4 8
1 2 4
1 1 6
1
1
7
2 4
2 0
1 1 0
2 2
2 2
1 1 3
1 1 0
2
15 40
3
1 1 69
1 2 11
2 91
2
0 3
4
2 4
2 4
1 1 4
2 1
2
14 23
3
2 9
1 2 13
1 2 28
1
3
2
2 7
1 1 5
2
6 1
0
2
7 9
5
2 6
2 1
2 4
2 5
2 3
4
0 6 6 1
5
1 1 6
1 3 4
1 2 9
1 3 1
1 3 5
1
4
5
1 1 1
2 1
2 4
1 1 4
2 4
2
49 28
1
1 1 47
1
4
1
1 1 3
1
6
4
2 30
2 21
2 30
1 1 20
1
10
3
1 1 0
1 1 0
1 1 7
1
8
0
2
10 10
4
2 0
2 5
2 8
2 5
3
10 1 4
1
1 1 7
2
5 5
4
1 2 4
2 4
1 2 5
2 1
4
13 25 94 26
1
1 1 80
1
2
2
2 0
1 1 3
3
9 29 8
1
1 2 18
1
2
3
2 10
1 1 7
2 5
2
6 9
0
5
4 7 3 2 7
5
2 3
2 7
2 9
2 0
2 0
5
0 3 0 7 4
6
1 2 8
1 4 9
1 5 4
1 4 8
1 5 1
1 2 6
2
3 0
4
2 1
1 1 5
1 2 0
1 1 4
3
77 43 42
1
2 56
3
2 4 2
5
1 3 3
1 3 3
1 3 2
2 4
1 2 1
3
7 0 26
5
1 3 20
1 2 13
1 2 14
2 4
2 16
1
2
2
1 1 1
2 4
4
0 9 6 2
0
4
10 1 4 10
4
2 9
2 4
2 2
2 2
4
9 5 10 8
2
1 1 7
1 1 2
1
2
3
2 5
1 1 3
2 5
4
85 61 95 66
4
2 36
1 1 49
2 17
2 64
2
4 2
4
1 2 3
2 3
1 1 4
1 2 1
1
11
6
1 1 23
1 1 7
1 1 0
2 29
1 1 29
1 1 9
1
8
3
2 4
2 1
2 4
2
3 2
0
2
10 0
4
2 2
2 10
2 2
2 8
4
5 10 10 9
5
1 4 9
1 2 9
1 2 9
1 1 7
1 2 4
1
5
4
2 2
2 3
1 1 4
2 5
5
43 98 41 30 78
1
1 2 62
3
0 2 1
4
1 3 0
2 0
1 1 3
1 3 1
2
11 5
6
2 10
2 13
2 19
1 2 25
2 25
2 27
1
3
2
2 1
1 1 8
5
4 1 0 3 6
0
2
7 10
6
2 5
2 3
2 6
2 9
2 1
2 6
1
7
2
1 1 5
1 1 8
2
1 5
7
1 2 2
1 1 2
1 1 4
1 2 2
2 2
1 2 1
2 3
2
33 35
5
1 2 37
1 2 94
1 2 76
2 5
1 1 28
1
3
4
2 3
1 1 1
2 4
2 4
3
30 26 24
6
1 3 29
2 29
1 2 16
1 3 6
2 9
2 13
1
7
4
1 1 2
2 3
2 3
2 0
4
5 1 7 9
0
3
7 10 8
3
2 6
2 1
2 7
4
4 10 7 8
1
1 4 9
2
4 5
4
2 4
1 1 1
2 5
1 2 2
4
36 77 10 22
6
1 2 47
2 96
1 4 31
2 24
2 50
2 63
3
3 2 0
4
1 1 3
1 1 1
2 1
2 1
3
11 18 25
3
2 11
2 7
2 4
1
1
5
1 1 1
1 1 4
2 7
1 1 5
1 1 5
4
8 10 3 6
0
3
2 4 9
4
2 5
2 0
2 10
2 0
5
9 8 8 3 10
5
1 1 6
1 1 10
1 3 10
1 1 3
1 4 2
1
5
6
1 1 2
1 1 2
2 2
1 1 2
2 1
2 1
4
38 89 37 76
1
2 39
3
3 4 2
2
2 4
1 1 4
2
27 9
3
1 2 25
2 2
2 1
1
5
5
2 4
1 1 5
1 1 6
2 4
2 5
3
5 7 5
0
4
1 3 5 7
3
2 7
2 10
2 5
4
10 8 1 6
4
1 1 5
1 4 0
1 3 7
1 4 9
1
1
7
2 1
1 1 1
2 1
2 0
1 1 2
1 1 4
2 0
5
68 70 65 69 39
7
1 1 27
1 5 22
1 1 92
2 60
1 2 46
1 2 6
2 96
2
3 0
5
2 1
2 3
2 1
2 1
1 1 0
4
19 19 1 17
5
2 7
1 2 2
1 2 14
2 14
1 2 24
1
2
3
2 2
1 1 9
1 1 3
4
7 8 3 5
0
4
6 7 10 4
3
2 1
2 4
2 9
1
9
1
1 1 2
2
1 4
5
2 4
1 1 2
1 1 1
1 2 1
1 1 3
3
34 55 41
5
1 1 93
1 1 1
2 45
1 2 53
1 1 89
1
1
1
1 1 4
2
14 17
4
2 7
2 21
1 1 14
1 1 17
1
1
2
1 1 9
1 1 6
3
6 3 0
0
4
0 10 8 9
3
2 3
2 0
2 0
1
5
5
1 1 2
1 1 8
1 1 0
1 1 7
1 1 0
1
4
6
1 1 5
1 1 2
2 2
2 2
1 1 3
2 3
5
25 47 37 77 10
4
1 3 40
2 19
1 3 89
2 26
3
1 4 1
2
2 2
2 1
2
20 9
2
1 2 11
1 2 24
1
3
2
1 1 5
2 9
3
2 3 6
0
5
2 4 0 6 9
6
2 3
2 8
2 0
2 3
2 6
2 3
1
4
4
1 1 6
1 1 5
1 1 5
1 1 0
2
3 4
7
1 2 3
1 1 2
2 3
2 5
1 2 4
2 1
1 1 5
4
35 46 3 70
5
1 2 19
2 27
1 4 51
2 56
2 0
2
1 0
2
1 1 3
1 2 1
2
14 26
3
2 16
1 2 29
2 25
1
3
3
2 6
1 1 1
2 4
5
8 7 9 3 8
0
5
7 1 6 2 9
6
2 4
2 10
2 8
2 6
2 10
2 0
3
6 5 8
1
1 2 3
2
0 2
7
2 2
2 0
2 0
1 2 5
1 2 3
1 2 5
1 2 5
2
0 93
7
1 2 63
1 2 64
2 92
1 2 53
1 2 44
1 2 24
2 42
3
3 3 2
1
2 0
2
6 30
5
1 2 14
2 17
2 18
1 1 21
1 2 8
1
6
5
1 1 3
1 1 9
1 1 6
2 3
1 1 4
5
0 10 4 4 3
0
4
6 3 9 1
1
2 8
5
1 8 4 8 9
5
1 1 6
1 4 4
1 1 3
1 3 6
1 2 9
1
5
7
1 1 0
1 1 1
2 3
1 1 0
2 2
1 1 3
1 1 5
4
31 63 74 64
1
1 3 16
3
1 0 1
2
1 3 0
2 2
3
6 24 13
6
2 17
1 3 24
2 8
2 30
2 9
1 2 6
1
1
2
1 1 0
1 1 4
4
4 2 8 1
0
5
6 8 8 8 3
1
2 3
2
2 8
6
1 1 5
1 2 2
1 2 7
1 2 7
1 2 7
1 2 1
2
3 1
5
2 1
2 2
1 1 5
2 3
2 3
4
31 57 92 48
1
1 3 0
1
1
3
1 1 4
2 0
2 1
1
27
1
2 26
1
1
2
1 1 0
2 2
4
6 9 3 4
0
2
1 6
5
2 10
2 7
2 0
2 1
2 9
3
3 3 1
2
1 3 7
1 2 7
1
3
3
2 0
1 1 1
2 0
4
1 97 50 18
3
2 77
1 2 94
1 3 37
1
1
6
2 3
1 1 2
1 1 2
1 1 2
2 3
2 1
2
5 8
1
2 15
1
10
1
1 1 9
1
8
0
4
3 9 2 2
3
2 5
2 5
2 0
5
0 5 8 4 7
1
1 5 0
1
1
3
2 0
1 1 4
2 4
2
31 81
7
2 76
1 2 83
2 6
2 6
2 87
2 98
2 21
2
3 1
3
2 4
2 4
2 4
2
25 7
6
1 1 16
2 1
1 1 28
1 1 11
1 1 19
2 9
1
0
3
2 10
2 10
1 1 7
4
7 8 0 9
0
4
0 10 1 4
5
2 0
2 5
2 0
2 3
2 0
4
6 10 1 1
4
1 4 1
1 2 6
1 3 0
1 1 6
2
0 5
4
1 1 0
2 2
2 2
2 1
3
0 18 73
5
1 3 14
1 2 69
1 3 21
2 35
1 1 92
3
4 3 3
5
2 2
1 3 3
2 3
2 0
1 1 0
4
2 6 7 9
6
1 2 8
2 20
1 2 24
2 29
2 28
1 1 7
1
4
5
2 1
1 1 8
1 1 4
1 1 1
1 1 7
3
4 2 9
0
5
5 2 8 3 2
2
2 10
2 0
5
7 10 1 7 4
1
1 4 2
2
5 5
5
2 2
1 1 4
1 1 2
1 2 3
2 3
3
56 27 58
4
1 2 99
2 69
2 30
1 3 25
1
3
1
2 4
2
4 5
3
2 13
1 1 6
1 1 0
1
7
5
1 1 8
2 8
2 8
2 8
1 1 0
5
5 1 7 10 0
0
3
4 5 3
5
2 8
2 10
2 0
2 7
2 1
1
5
2
1 1 10
1 1 10
1
3
6
1 1 2
2 3
1 1 2
1 1 2
1 1 0
2 2
2
65 91
2
1 2 47
2 100
2
4 0
4
2 1
1 2 3
1 1 2
1 2 4
4
4 26 21 28
5
1 2 30
1 1 7
2 10
2 21
1 4 10
1
5
5
1 1 8
1 1 10
1 1 8
2 3
2 7
2
7 4
0
5
7 9 0 8 2
3
2 4
2 3
2 6
4
3 4 7 1
3
1 3 7
1 1 0
1 1 10
2
1 0
6
2 1
2 1
2 4
1 2 5
1 1 4
1 1 4
3
29 58 15
6
2 90
1 2 79
2 36
1 1 75
1 2 80
2 53
1
2
1
1 1 2
1
6
4
2 19
2 19
2 19
1 1 5
1
7
1
2 3
1
9
0
2
7 0
3
2 5
2 6
2 10
1
5
4
1 1 7
1 1 10
1 1 2
1 1 3
2
1 0
3
2 4
2 3
1 1 1
4
76 73 69 77
7
2 49
1 2 90
2 98
2 25
2 38
2 60
1 1 15
3
3 3 0
6
2 0
2 0
2 2
2 1
2 4
1 3 0
2
20 24
6
2 20
1 1 2
2 3
1 2 9
2 0
2 10
1
10
5
1 1 8
2 2
2 4
2 2
1 1 3
1
8
0
4
7 4 8 9
4
2 8
2 5
2 5
2 5
3
7 7 3
1
1 2 10
2
0 4
6
1 1 0
2 2
2 5
2 5
1 2 1
1 1 5
3
92 100 67
7
1 3 72
2 10
1 1 95
1 3 96
2 1
1 1 89
1 2 10
3
2 0 3
1
2 3
3
10 30 20
5
2 3
1 1 8
1 3 15
2 0
1 2 21
1
4
1
2 9
5
6 8 8 1 4
0
2
2 10
1
2 9
1
10
3
1 1 6
1 1 1
1 1 4
1
4
4
1 1 0
1 1 0
2 3
2 0
5
12 24 83 39 8
8
1 3 2
1 2 24
1 3 10
2 90
1 4 42
1 2 18
1 5 72
1 4 40
3
3 3 4
4
1 2 1
2 1
2 1
1 1 3
1
1
4
2 5
2 26
1 1 2
2 7
1
5
1
1 1 0
3
0 0 8
0
2
3 8
1
2 6
3
9 1 6
4
1 1 6
1 3 4
1 3 6
1 1 8
1
3
7
2 5
1 1 5
1 1 3
2 1
2 3
1 1 2
2 4
4
73 6 18 75
7
1 3 69
2 63
2 6
1 4 37
1 3 46
2 35
2 41
3
4 3 1
1
2 4
1
27
4
2 25
2 2
2 29
1 1 14
1
5
4
1 1 7
1 1 6
1 1 5
2 3
5
1 3 5 5 1
0
4
4 3 0 7
2
2 1
2 4
3
10 5 0
1
1 1 0
2
4 4
6
1 1 5
1 1 5
2 0
2 4
1 2 4
1 2 0
4
11 16 17 83
7
2 23
1 1 12
2 88
1 4 33
2 58
2 59
2 13
1
1
5
1 1 2
1 1 0
2 3
2 2
1 1 4
3
17 7 23
2
2 12
1 3 19
1
7
1
1 1 2
3
3 8 0
0
1
7
3
2 2
2 9
2 1
4
4 8 10 1
4
1 1 4
1 3 5
1 3 8
1 1 7
2
2 5
6
2 5
2 2
1 2 5
2 4
2 0
2 4
2
54 46
2
1 2 89
1 1 26
1
3
6
2 3
1 1 0
1 1 3
2 4
1 1 2
1 1 0
3
13 28 2
5
1 1 5
1 2 26
2 16
1 3 13
1 3 1
1
9
2
2 4
2 0
3
6 6 3
0
1
8
1
2 4
4
9 10 7 3
4
1 1 1
1 4 6
1 3 7
1 2 0
2
4 4
3
2 4
2 1
1 1 3
4
8 76 11 88
1
2 49
2
3 0
4
1 1 4
2 0
1 1 4
1 1 4
2
30 14
6
1 1 11
2 12
2 0
1 2 14
2 14
1 1 16
1
3
2
2 1
2 2
2
3 7
0
5
4 5 10 1 1
4
2 2
2 3
2 2
2 1
3
0 8 5
2
1 2 6
1 3 1
1
1
5
1 1 1
2 0
2 3
1 1 1
1 1 0
4
52 80 51 13
5
2 80
2 24
1 2 42
1 2 65
1 4 7
1
0
2
2 0
2 1
3
25 27 28
5
1 3 16
2 6
2 27
2 3
1 1 29
1
4
4
2 3
1 1 7
1 1 10
1 1 4
4
10 0 8 1
0
4
5 6 10 6
5
2 9
2 2
2 5
2 2
2 8
4
0 3 6 8
6
1 1 2
1 1 10
1 4 5
1 4 9
1 1 5
1 3 3
2
5 3
4
1 1 4
2 5
2 0
2 2
3
2 57 1
5
1 1 64
1 3 70
1 3 71
1 2 30
1 2 98
3
3 1 4
5
1 3 4
2 4
2 1
2 1
1 2 2
4
19 4 2 12
1
2 21
1
7
2
1 1 2
2 2
2
6 8
0
1
7
4
2 7
2 10
2 6
2 5
3
4 7 10
3
1 2 7
1 3 9
1 2 9
1
3
5
1 1 5
1 1 2
2 3
2 0
2 1
3
48 11 83
5
2 11
2 26
1 2 38
1 2 64
2 96
3
4 2 3
2
1 3 2
1 2 3
2
6 16
5
2 7
1 2 20
2 17
1 1 13
1 1 7
1
4
1
1 1 3
3
4 3 3
0
2
6 6
3
2 0
2 9
2 10
2
2 3
4
1 1 7
1 1 9
1 1 7
1 1 9
1
5
6
2 5
2 2
1 1 2
2 0
2 3
2 3
5
93 32 43 83 22
8
2 72
1 4 81
2 98
2 92
2 4
2 48
1 2 72
2 26
2
4 4
5
1 2 0
1 2 4
2 4
1 2 2
1 1 0
1
30
3
1 1 7
1 1 29
2 5
1
4
1
2 9
1
1
0
5
3 3 8 6 10
3
2 3
2 8
2 1
3
5 6 1
6
1 1 7
1 2 8
1 2 7
1 3 3
1 1 4
1 1 3
1
0
6
1 1 3
1 1 0
2 0
2 0
2 1
2 5
5
13 32 24 61 88
2
2 67
2 79
1
3
2
1 1 3
1 1 0
4
18 5 6 2
4
2 15
2 10
2 12
1 2 10
1
2
5
1 1 6
2 3
2 6
2 7
1 1 1
5
1 3 8 1 1
0
3
2 0 8
4
2 8
2 10
2 8
2 1
3
7 5 4
6
1 1 0
1 3 7
1 3 6
1 2 5
1 1 4
1 3 8
1
2
5
1 1 2
2 2
1 1 2
1 1 1
1 1 5
4
1 32 36 57
5
2 73
1 4 92
1 3 86
2 25
1 1 63
1
2
1
2 2
2
16 22
3
1 1 5
2 14
1 2 6
1
2
5
1 1 4
1 1 9
2 2
2 2
1 1 9
3
7 2 5
0
2
2 5
3
2 8
2 0
2 2
4
9 2 3 1
3
1 2 10
1 3 10
1 4 10
1
3
5
1 1 0
1 1 4
2 2
2 5
2 1
2
0 33
4
1 2 95
2 23
2 69
2 42
3
0 3 1
4
1 1 4
1 2 0
2 3
2 0
3
22 25 17
6
1 1 23
1 3 30
1 1 1
1 3 25
1 1 18
1 1 25
1
8
3
1 1 0
1 1 5
2 3
1
10
0
5
0 7 1 10 3
6
2 8
2 0
2 10
2 4
2 5
2 6
1
8
6
1 1 7
1 1 2
1 1 9
1 1 9
1 1 7
1 1 0
1
5
5
2 4
1 1 4
2 2
1 1 2
1 1 0
5
50 24 77 82 25
3
2 16
1 1 77
2 43
3
2 2 3
5
1 1 4
2 3
2 2
1 1 4
2 4
4
11 0 12 6
6
2 3
2 16
2 28
2 10
2 22
1 2 5
1
4
2
1 1 10
2 8
2
3 6
0
1
7
4
2 3
2 7
2 4
2 8
3
2 5 4
1
1 2 4
1
2
6
1 1 2
2 5
2 2
2 3
1 1 1
2 4
5
99 62 83 33 74
6
2 82
2 4
2 73
2 43
2 14
2 43
1
0
1
1 1 0
1
16
2
1 1 21
1 1 13
1
7
3
1 1 6
1 1 3
2 7
4
7 4 2 10
0
4
1 5 4 4
3
2 3
2 5
2 8
3
10 3 2
2
1 1 2
1 2 0
1
0
7
1 1 5
1 1 1
2 5
2 3
2 1
2 4
1 1 1
5
52 37 97 58 89
8
2 63
2 30
1 2 30
1 3 87
2 15
1 3 25
1 1 72
1 2 35
3
4 4 0
6
2 4
1 1 0
1 3 4
1 1 1
2 0
2 2
3
3 18 23
3
1 2 7
2 2
2 22
1
9
3
2 5
1 1 8
1 1 3
4
2 3 7 8
0
2
9 5
3
2 1
2 9
2 8
5
7 2 8 0 10
1
1 5 8
1
3
4
1 1 4
2 2
1 1 0
1 1 2
5
82 3 41 43 19
7
2 60
2 9
2 60
2 61
1 4 100
2 39
2 57
1
3
3
2 2
2 3
1 1 1
3
17 1 18
5
2 12
1 3 6
2 17
2 4
2 20
1
8
5
2 1
2 7
1 1 9
1 1 1
1 1 10
5
10 9 0 8 4
0
2
1 2
2
2 3
2 8
1
0
5
1 1 8
1 1 1
1 1 5
1 1 2
1 1 5
2
0 5
3
1 1 3
2 4
2 3
5
81 53 44 94 11
5
1 4 76
1 1 85
1 4 51
1 5 84
1 2 14
2
1 2
6
2 4
2 3
2 0
1 1 3
1 2 0
1 2 2
1
10
3
2 11
1 1 24
2 15
1
3
2
1 1 0
2 9
5
3 10 2 6 6
0
1
8
4
2 8
2 0
2 3
2 6
4
4 4 0 1
1
1 3 2
2
4 4
3
2 4
2 0
1 1 5
4
42 2 55 68
8
2 47
1 4 6
1 4 16
1 1 62
2 58
1 4 69
2 72
1 1 29
1
1
6
1 1 3
1 1 4
1 1 3
1 1 4
2 2
1 1 1
1
27
5
2 0
1 1 9
1 1 14
1 1 7
2 12
1
10
5
1 1 10
1 1 4
1 1 2
2 7
1 1 8
3
9 7 1
0
5
10 5 1 6 5
6
2 9
2 10
2 5
2 5
2 5
2 10
5
8 3 6 4 10
4
1 3 3
1 1 4
1 5 0
1 5 2
2
2 5
3
1 2 1
1 1 0
2 2
2
18 88
8
2 64
1 1 57
2 80
2 51
2 12
1 2 29
2 61
2 78
3
1 3 2
6
2 3
1 3 0
1 1 3
2 3
2 2
2 3
3
6 13 29
1
2 19
1
6
2
1 1 7
1 1 5
4
1 6 2 7
0
3
10 4 3
1
2 1
4
4 6 4 5
5
1 1 8
1 1 4
1 4 6
1 1 6
1 3 6
2
1 3
3
1 1 3
2 1
1 1 3
2
97 71
1
1 1 14
1
0
1
2 1
4
2 22 14 17
2
1 4 15
1 1 5
1
7
1
2 7
2
5 8
0
3
6 2 6
1
2 5
1
4
4
1 1 0
1 1 0
1 1 3
1 1 1
1
4
7
1 1 3
1 1 3
2 5
1 1 0
1 1 3
2 4
1 1 3
2
76 44
1
2 97
3
0 0 0
2
2 4
2 4
4
11 20 15 11
5
2 23
1 4 7
2 17
1 1 0
2 23
1
10
4
1 1 9
2 6
2 1
2 3
5
1 3 5 1 0
0
3
7 3 4
1
2 2
5
8 2 8 1 7
4
1 2 8
1 2 2
1 3 0
1 1 5
2
2 4
7
2 1
2 3
1 2 1
2 3
1 1 2
1 2 1
1 1 3
4
33 60 24 25
7
1 3 13
2 24
2 40
2 8
2 100
1 3 2
2 97
2
3 4
1
2 3
4
27 10 16 25
3
2 22
2 0
2 17
1
5
3
2 3
1 1 4
2 5
5
3 8 0 1 0
0
1
3
1
2 5
5
0 4 3 2 8
3
1 1 2
1 2 6
1 1 2
1
5
7
1 1 2
1 1 0
2 0
1 1 1
1 1 3
2 1
1 1 5
4
5 61 92 18
6
2 82
2 71
1 3 100
2 3
1 1 81
2 82
3
0 0 0
2
2 0
1 3 1
3
18 24 0
3
1 3 16
2 0
1 3 10
1
3
1
2 4
3
9 8 2
0
4
4 7 5 1
2
2 5
2 8
5
3 9 7 7 9
5
1 3 6
1 1 10
1 2 2
1 2 5
1 1 2
2
5 3
6
1 2 1
2 0
1 2 5
1 1 1
2 5
1 2 3
5
57 18 9 27 93
4
2 65
2 93
1 5 53
1 1 8
1
0
6
1 1 2
2 2
2 4
1 1 4
2 3
1 1 2
3
3 10 11
6
1 2 28
2 3
2 14
1 3 28
2 5
2 15
1
0
1
2 7
1
5
0
5
4 8 8 6 1
2
2 5
2 7
1
2
4
1 1 3
1 1 2
1 1 3
1 1 4
2
0 1
3
1 1 0
1 1 4
2 4
3
24 34 0
3
2 61
1 1 11
1 1 29
1
0
5
2 0
1 1 3
1 1 4
2 0
1 1 3
4
14 14 3 27
2
1 1 5
1 4 24
1
0
2
2 5
2 3
1
5
0
2
10 1
3
2 6
2 4
2 9
2
3 5
3
1 2 4
1 2 8
1 2 2
1
5
7
1 1 2
2 2
2 0
1 1 3
2 0
1 1 4
2 1
2
5 88
4
1 2 64
1 1 16
2 64
1 1 61
3
2 4 4
2
1 1 1
1 3 3
1
13
1
1 1 7
1
4
5
1 1 10
1 1 4
1 1 4
1 1 10
1 1 2
2
9 7
0
5
3 4 6 10 5
2
2 3
2 5
1
8
1
1 1 1
1
5
3
1 1 5
1 1 2
2 4
2
97 68
3
1 2 51
1 1 9
1 2 43
1
2
4
2 0
2 2
1 1 3
2 2
3
3 26 22
6
2 26
1 2 8
2 13
2 11
1 2 29
1 2 8
1
6
5
1 1 1
2 5
1 1 7
1 1 9
2 4
1
4
0
3
6 7 9
4
2 10
2 2
2 10
2 9
1
1
3
1 1 8
1 1 6
1 1 0
2
0 0
4
1 2 1
2 4
1 2 5
2 5
2
91 17
3
1 1 58
2 86
2 17
2
3 3
2
1 2 0
1 2 1
1
1
3
1 1 9
1 1 29
2 10
1
5
3
2 0
2 2
1 1 8
1
3
0
5
0 0 3 8 7
2
2 2
2 5
3
8 9 8
3
1 2 4
1 2 1
1 2 0
2
1 2
7
1 2 4
1 2 3
1 2 0
2 3
2 2
2 3
1 1 0
2
80 92
6
1 1 44
1 2 37
2 86
1 2 74
1 2 22
2 62
2
4 3
3
1 1 2
1 2 4
2 0
4
2 3 22 5
4
2 6
1 2 15
2 23
1 2 1
1
0
1
2 7
2
4 8
0
3
8 2 9
6
2 1
2 8
2 10
2 7
2 4
2 7
2
1 2
4
1 2 6
1 1 6
1 2 1
1 2 6
2
2 1
5
2 1
2 2
1 2 1
1 1 3
2 5
4
96 10 74 77
7
1 4 61
1 2 40
2 46
2 29
2 69
2 94
2 11
1
2
5
1 1 1
1 1 2
2 1
2 2
1 1 3
4
11 14 2 9
2
2 28
2 28
1
4
4
2 4
1 1 5
2 4
2 9
3
5 8 0
0
4
2 3 6 3
4
2 7
2 10
2 6
2 9
1
0
4
1 1 7
1 1 9
1 1 0
1 1 5
1
5
4
2 3
2 0
1 1 1
2 5
3
66 17 9
8
1 2 16
1 3 1
1 3 20
1 2 57
2 66
1 2 17
2 22
2 21
2
0 1
1
2 0
1
14
3
1 1 27
1 1 13
2 11
1
3
2
2 5
1 1 4
1
10
0
3
7 7 8
4
2 7
2 4
2 5
2 10
5
6 10 5 6 4
6
1 5 6
1 2 1
1 1 10
1 2 8
1 2 10
1 2 4
2
4 0
7
1 1 2
1 1 0
2 3
1 2 3
2 1
2 3
1 2 0
5
2 31 9 33 51
5
1 3 47
2 3
2 51
2 34
2 27
3
1 0 2
4
1 1 1
1 1 3
2 2
1 1 2
3
4 13 11
5
2 12
1 2 1
2 6
1 3 5
2 8
1
7
3
2 9
1 1 0
2 8
1
7
0
5
9 5 1 6 9
4
2 3
2 7
2 1
2 2
4
4 2 2 4
1
1 2 3
2
1 2
6
2 1
2 3
2 1
1 2 4
1 1 5
1 1 0
2
51 6
5
2 12
2 52
2 69
1 2 11
2 89
1
0
1
1 1 1
4
2 12 2 28
5
1 2 16
2 6
2 25
1 4 7
2 14
1
1
4
1 1 8
1 1 0
1 1 1
2 2
2
1 1
0
1
6
2
2 0
2 8
4
3 6 0 10
1
1 4 5
1
2
5
2 1
2 2
1 1 0
2 4
1 1 4
2
47 89
8
2 5
1 1 37
1 2 37
1 1 56
1 1 20
1 2 83
2 73
2 32
2
0 1
2
2 0
2 4
2
16 22
3
2 18
1 2 29
2 12
1
8
1
2 0
2
2 1
0
1
1
2
2 4
2 10
3
3 1 9
4
1 2 3
1 2 6
1 2 3
1 1 8
1
2
3
2 2
2 0
1 1 4
4
20 73 9 19
1
1 2 23
3
4 1 1
2
2 0
2 2
1
6
2
1 1 7
2 11
1
10
1
1 1 3
5
4 4 5 9 5
0
3
1 6 9
1
2 2
4
3 3 9 9
1
1 3 9
2
0 2
6
1 1 1
1 2 4
2 1
1 2 2
1 1 2
2 1
3
35 49 2
1
2 66
3
3 0 2
5
1 2 2
1 3 0
1 3 4
1 1 2
1 1 2
1
17
2
1 1 7
1 1 25
1
1
2
1 1 1
2 9
3
5 6 8
0
4
9 5 10 4
3
2 3
2 3
2 0
4
6 10 4 0
6
1 3 5
1 4 10
1 3 6
1 3 1
1 4 3
1 4 3
1
2
3
1 1 5
1 1 1
1 1 1
3
30 35 78
2
1 3 67
2 19
3
2 4 2
2
1 1 4
1 1 0
1
17
5
2 13
1 1 28
1 1 3
1 1 19
1 1 4
1
3
2
2 1
2 1
2
2 9
0
5
8 7 5 7 4
4
2 3
2 1
2 9
2 3
5
9 5 7 4 1
3
1 4 8
1 3 6
1 4 3
1
1
7
1 1 4
1 1 2
1 1 3
1 1 1
2 5
2 3
2 5
3
30 52 96
2
2 72
2 87
2
1 0
2
2 2
1 1 4
1
29
3
2 11
1 1 4
1 1 19
1
2
5
2 7
1 1 3
2 7
2 2
1 1 2
1
10
0
2
9 9
6
2 5
2 1
2 5
2 5
2 1
2 1
1
2
1
1 1 1
1
0
4
1 1 2
2 3
2 3
2 3
3
31 89 28
2
1 1 76
2 25
1
4
6
1 1 1
1 1 4
2 1
1 1 0
2 4
2 2
3
24 3 10
3
2 16
1 1 8
1 2 25
1
0
1
2 3
4
7 4 6 10
0
5
9 4 5 1 7
6
2 3
2 6
2 2
2 9
2 7
2 7
3
7 2 1
1
1 2 3
2
0 5
3
1 1 2
1 1 4
1 1 2
2
80 84
8
2 73
2 22
1 1 97
2 12
2 57
2 34
2 76
1 2 65
3
2 4 0
4
1 2 0
1 2 3
2 0
1 1 0
3
4 22 8
5
2 29
1 1 4
2 26
2 0
1 3 2
1
0
3
1 1 4
1 1 3
2 5
1
8
0
1
7
2
2 10
2 2
5
9 8 5 9 4
5
1 1 5
1 5 1
1 5 5
1 1 1
1 4 6
1
3
5
2 4
2 0
2 2
2 1
1 1 1
2
47 20
6
1 1 72
1 2 88
2 98
1 2 96
2 75
2 37
2
4 2
6
2 2
2 0
1 2 3
1 1 1
1 2 4
2 3
4
28 30 21 0
1
2 4
1
4
4
2 10
2 8
1 1 3
1 1 4
1
1
0
3
5 7 0
5
2 0
2 2
2 10
2 5
2 10
4
8 6 6 0
6
1 2 3
1 3 5
1 2 10
1 1 1
1 3 0
1 4 8
2
2 4
4
2 5
2 1
2 2
1 2 3
4
4 39 77 21
6
1 1 86
2 77
2 8
2 25
1 3 67
2 64
3
0 0 1
3
2 3
1 1 1
2 0
3
26 26 28
5
1 1 15
2 24
2 28
1 2 10
2 5
1
9
1
1 1 9
5
7 9 9 5 9
0
1
7
3
2 7
2 5
2 6
3
5 9 0
4
1 3 0
1 3 2
1 3 6
1 3 0
2
4 3
5
2 2
1 1 0
1 2 4
2 1
2 2
3
73 0 1
4
1 3 40
2 28
1 3 88
1 2 76
3
3 2 4
2
1 2 4
1 3 1
4
14 10 0 26
1
1 3 9
1
8
1
2 4
5
6 3 0 1 3
0
4
5 6 0 1
2
2 10
2 10
3
10 2 10
6
1 1 3
1 3 1
1 3 10
1 3 7
1 2 6
1 3 5
2
4 4
6
1 1 0
2 1
2 0
2 4
1 2 2
2 3
2
60 29
6
1 1 63
1 1 70
1 2 96
2 0
2 45
1 1 33
2
1 2
6
1 1 4
1 2 1
1 1 0
2 4
1 2 0
1 2 1
1
7
6
1 1 19
1 1 0
1 1 13
1 1 25
2 2
1 1 0
1
0
5
2 5
2 4
2 4
2 6
1 1 2
2
5 3
0
2
9 10
1
2 7
2
10 10
6
1 2 8
1 2 10
1 1 7
1 1 9
1 2 10
1 2 1
2
4 3
6
2 3
1 1 3
2 4
2 5
1 2 2
1 1 2
2
4 39
8
2 48
2 19
2 65
1 1 6
1 1 75
1 2 1
2 19
1 1 99
2
1 2
1
1 2 1
4
3 21 24 19
2
1 2 6
1 1 15
1
4
2
1 1 7
2 8
5
8 5 4 7 6
0
3
8 8 2
4
2 5
2 9
2 9
2 2
2
7 7
5
1 1 8
1 1 4
1 2 10
1 1 1
1 2 2
2
5 1
4
1 1 3
2 2
2 5
1 1 5
4
15 86 24 46
7
1 1 40
2 34
1 3 13
2 95
2 39
2 0
2 97
3
3 0 4
1
2 4
2
16 20
1
1 2 8
1
7
2
2 4
2 1
4
0 6 10 9
0
4
3 10 9 0
1
2 1
1
5
6
1 1 4
1 1 8
1 1 8
1 1 0
1 1 6
1 1 1
1
0
7
1 1 2
1 1 2
1 1 3
1 1 0
1 1 4
2 3
2 3
2
29 42
4
2 64
2 100
1 2 28
1 2 37
1
2
3
2 1
1 1 4
2 3
1
12
2
2 16
2 11
1
2
5
1 1 2
1 1 1
1 1 3
2 8
1 1 4
2
8 9
0
3
8 3 5
1
2 7
5
8 2 8 7 3
5
1 1 4
1 2 1
1 3 9
1 2 10
1 3 10
2
2 3
7
1 1 0
1 2 2
1 1 3
2 4
2 5
1 1 0
2 3
4
34 100 84 86
4
2 23
2 89
1 2 63
2 49
2
0 4
3
2 2
1 2 1
2 0
4
27 12 20 5
2
2 30
1 3 23
1
2
1
2 1
1
0
0
5
9 10 1 0 5
4
2 4
2 8
2 4
2 10
2
5 8
5
1 2 7
1 1 8
1 2 2
1 1 3
1 1 3
1
3
4
2 2
2 0
1 1 3
1 1 0
5
42 49 78 72 87
4
2 61
2 57
2 91
2 82
3
2 0 0
1
2 1
4
0 5 6 13
4
2 13
1 3 19
2 1
1 3 4
1
1
5
2 9
2 3
2 8
1 1 6
1 1 6
2
9 3
0
1
10
2
2 6
2 3
4
2 9 10 9
4
1 3 2
1 2 6
1 4 1
1 4 2
1
2
6
2 5
2 4
1 1 1
1 1 2
1 1 2
2 2
4
65 69 41 96
7
2 28
1 2 21
1 1 54
1 2 18
2 98
1 3 48
2 89
1
0
5
2 4
1 1 0
2 2
2 0
2 1
2
1 1
2
1 2 12
2 24
1
9
5
1 1 7
1 1 6
1 1 7
2 8
2 3
4
1 6 10 5
0
4
10 1 9 5
2
2 4
2 6
5
3 4 4 7 5
2
1 4 9
1 4 1
1
4
3
1 1 3
1 1 1
1 1 4
3
49 56 35
6
1 2 27
1 3 28
1 1 93
1 1 100
2 52
2 31
3
0 1 1
3
2 4
1 2 2
2 2
3
27 19 3
1
1 2 23
1
1
5
1 1 6
1 1 6
1 1 1
1 1 1
1 1 0
5
5 2 3 7 2
0
2
0 4
4
2 0
2 8
2 4
2 6
4
0 3 9 1
2
1 2 4
1 4 1
1
2
3
1 1 2
1 1 4
2 3
4
95 27 45 0
4
2 31
1 2 48
2 48
1 2 47
1
0
5
1 1 0
2 1
1 1 3
1 1 3
1 1 0
1
26
1
1 1 19
1
2
1
2 7
4
5 4 9 8
0
3
4 10 10
6
2 0
2 2
2 5
2 10
2 4
2 2
4
0 4 3 7
4
1 4 1
1 3 0
1 1 6
1 2 8
1
4
4
2 2
1 1 0
1 1 3
2 3
3
65 54 33
3
1 2 33
2 53
2 20
3
3 2 1
6
1 3 3
1 2 3
1 3 4
1 2 0
2 1
1 1 1
1
1
1
1 1 19
1
2
1
2 3
2
6 5
0
1
6
6
2 2
2 6
2 6
2 1
2 2
2 5
5
8 1 2 2 2
6
1 5 5
1 2 3
1 5 8
1 5 2
1 5 4
1 2 9
2
3 1
6
2 2
1 1 1
1 1 2
1 2 0
2 3
2 4
4
53 31 1 60
3
2 100
1 2 89
2 85
3
2 0 0
4
1 1 0
1 3 3
1 3 1
2 0
3
9 0 22
6
2 29
1 2 7
2 2
2 24
1 3 28
2 19
1
3
2
2 4
1 1 10
2
7 10
0
3
0 5 6
6
2 2
2 2
2 2
2 10
2 6
2 2
4
9 7 4 3
5
1 1 8
1 1 7
1 4 1
1 2 0
1 1 0
1
4
5
1 1 5
2 3
1 1 2
2 4
2 5
3
5 33 28
2
1 2 34
2 37
3
2 0 1
4
2 4
1 1 0
1 3 2
1 1 1
4
3 6 22 18
2
1 1 22
1 2 23
1
7
3
1 1 7
1 1 5
1 1 1
4
1 6 7 2
0
3
1 7 7
3
2 1
2 3
2 5
1
9
3
1 1 5
1 1 7
1 1 0
1
4
6
2 1
2 5
1 1 3
2 5
2 3
2 0
4
56 65 39 15
2
2 17
2 48
3
4 3 1
3
1 2 3
2 3
2 0
3
14 4 13
6
2 29
2 25
1 1 18
1 2 17
2 16
2 28
1
6
2
2 7
1 1 2
2
1 1
0
5
3 4 2 1 5
2
2 0
2 0
1
9
4
1 1 9
1 1 8
1 1 4
1 1 1
1
5
6
2 1
1 1 0
1 1 4
2 0
1 1 3
2 1
4
41 48 66 69
7
1 2 17
2 71
2 61
1 3 100
1 3 11
2 71
2 16
3
1 1 0
6
2 3
1 3 0
2 1
2 3
2 1
2 1
3
27 9 18
2
2 30
1 1 30
1
7
3
1 1 3
2 0
1 1 6
5
1 10 5 1 3
0
3
7 10 8
5
2 0
2 10
2 0
2 4
2 3
2
9 5
6
1 2 10
1 1 9
1 2 2
1 2 2
1 1 7
1 1 8
1
4
7
2 0
1 1 1
1 1 1
2 2
2 1
2 2
1 1 5
3
62 41 10
2
2 95
1 3 61
2
0 3
5
2 1
2 1
2 3
2 3
1 1 3
4
10 21 1 14
3
1 2 0
2 14
1 4 22
1
3
5
1 1 6
2 6
1 1 9
1 1 8
2 4
3
6 6 6
0
5
2 5 6 9 0
3
2 3
2 6
2 5
5
4 1 5 4 5
2
1 4 0
1 2 1
2
4 4
3
2 2
1 1 1
2 1
4
93 59 46 52
6
1 2 14
1 1 62
2 87
1 1 11
1 2 75
1 4 34
2
4 2
6
1 1 1
2 3
2 4
1 2 2
2 4
2 3
4
8 12 19 1
6
2 10
2 8
2 3
1 2 5
2 16
1 4 21
1
7
4
1 1 4
1 1 4
1 1 3
2 3
2
0 10
0
3
8 4 0
6
2 0
2 7
2 3
2 4
2 8
2 1
5
10 10 3 1 10
4
1 5 6
1 3 9
1 1 4
1 4 3
2
4 5
6
1 2 4
2 3
1 1 1
1 1 1
2 1
2 0
2
76 70
1
2 13
3
1 4 3
6
2 1
2 2
2 2
1 3 3
2 3
2 1
4
20 15 27 3
4
2 19
1 4 6
2 4
2 28
1
4
1
1 1 5
1
0
0
4
2 1 5 9
5
2 9
2 8
2 0
2 5
2 0
5
10 1 6 1 8
2
1 3 3
1 4 1
2
0 5
6
2 2
1 2 4
2 3
2 3
2 0
2 3
2
54 11
3
1 2 49
2 5
1 1 85
3
4 3 0
6
2 4
1 2 0
2 1
2 3
1 2 3
1 1 2
4
15 2 30 18
5
2 21
1 4 25
2 25
2 24
1 3 8
1
7
4
1 1 5
2 6
2 7
1 1 2
2
4 0
0
4
10 5 6 6
3
2 1
2 9
2 5
5
1 4 8 7 4
3
1 1 10
1 5 2
1 1 7
1
1
7
2 5
2 5
2 5
1 1 5
2 5
2 4
2 2
4
23 87 1 7
8
2 95
2 66
1 4 6
1 3 19
2 27
1 3 76
1 3 2
2 32
2
3 3
3
2 1
2 4
1 1 3
1
6
4
2 7
1 1 19
2 6
1 1 2
1
2
3
2 5
1 1 0
1 1 9
1
7
0
5
3 3 4 6 6
1
2 1
2
7 6
4
1 2 1
1 2 10
1 2 5
1 2 0
2
3 2
6
2 0
1 1 3
1 2 4
2 1
1 1 2
1 1 0
3
100 14 86
1
2 49
3
4 4 1
5
1 2 1
1 1 4
1 2 4
1 3 1
2 2
3
17 24 26
5
2 21
1 1 12
2 27
1 3 22
1 1 17
1
10
4
1 1 8
1 1 8
2 5
2 9
5
4 3 2 7 0
0
5
8 7 6 7 10
6
2 9
2 7
2 4
2 6
2 8
2 3
3
7 4 7
2
1 3 1
1 1 7
2
3 3
4
1 2 0
2 4
1 2 4
2 2
5
39 24 24 65 89
2
2 22
1 5 0
3
0 2 4
4
1 3 2
1 1 0
2 2
1 2 0
2
7 21
2
2 19
1 1 26
1
6
2
1 1 2
2 6
4
8 9 1 1
0
1
2
6
2 1
2 10
2 2
2 5
2 6
2 7
2
5 9
3
1 2 8
1 2 8
1 1 1
1
2
5
1 1 4
1 1 4
2 1
1 1 5
1 1 2
4
50 75 68 55
5
2 53
2 51
2 10
1 2 50
2 36
2
0 0
5
2 1
1 1 2
1 1 4
2 0
1 1 0
2
23 10
5
1 1 22
1 2 9
1 1 14
2 19
2 19
1
0
3
1 1 4
1 1 1
2 7
2
2 10
0
5
8 10 10 2 5
6
2 9
2 5
2 9
2 3
2 5
2 4
5
3 7 1 1 7
6
1 1 6
1 1 3
1 1 6
1 1 10
1 3 10
1 5 6
1
3
6
1 1 0
2 2
1 1 5
1 1 5
1 1 3
1 1 1
5
21 4 25 7 89
3
2 14
2 96
2 76
2
1 3
4
2 3
2 0
1 2 1
1 1 2
1
15
1
2 17
1
2
1
2 0
2
2 3
0
3
9 3 1
3
2 5
2 0
2 0
1
0
6
1 1 4
1 1 9
1 1 3
1 1 5
1 1 3
1 1 1
2
3 5
6
1 1 4
2 1
2 4
2 2
1 2 2
1 2 2
4
1 2 47 43
4
2 80
1 1 31
2 73
2 18
1
2
2
2 3
2 3
1
27
3
1 1 1
1 1 4
2 29
1
5
4
2 8
2 0
1 1 0
2 9
5
4 7 6 3 7
0
5
9 0 0 1 1
3
2 2
2 3
2 9
1
7
1
1 1 4
1
4
4
2 5
2 3
1 1 2
2 3
3
26 87 28
7
1 1 30
1 2 50
2 34
1 3 53
1 2 77
2 15
1 1 57
3
2 0 1
5
2 2
1 1 1
1 1 2
1 2 0
1 1 0
3
7 11 24
5
2 26
1 2 25
1 3 15
2 15
1 3 16
1
1
2
1 1 10
2 3
1
0
0
2
6 4
3
2 1
2 4
2 0
3
7 3 9
4
1 2 9
1 2 5
1 2 7
1 1 7
1
2
4
1 1 2
2 1
2 0
2 0
2
26 36
3
2 88
2 8
1 2 23
1
0
2
2 2
2 0
1
2
4
2 12
2 7
1 1 18
1 1 5
1
6
1
1 1 10
3
1 9 4
0
3
9 8 4
5
2 10
2 6
2 9
2 6
2 4
2
3 6
3
1 2 7
1 1 4
1 1 1
1
3
6
2 3
1 1 2
2 2
1 1 5
1 1 3
2 2
2
53 66
5
1 2 42
2 0
2 52
2 68
2 24
3
0 4 0
1
2 2
4
29 15 9 9
5
1 4 13
2 29
1 4 21
1 2 23
1 2 21
1
1
4
2 2
2 5
1 1 10
2 5
5
9 4 5 1 3
0
2
7 8
6
2 4
2 9
2 9
2 8
2 9
2 3
2
0 5
2
1 1 8
1 1 6
2
0 1
5
1 2 3
2 5
2 1
2 4
2 3
3
99 45 32
2
2 85
1 3 11
3
0 2 2
3
1 1 3
2 4
2 0
4
3 25 0 11
5
1 4 23
2 30
2 20
2 5
2 13
1
6
4
2 6
1 1 1
2 6
1 1 6
2
7 8
0
1
5
2
2 9
2 2
5
4 8 5 0 2
6
1 2 5
1 1 0
1 3 2
1 1 5
1 3 6
1 3 6
1
1
6
2 5
1 1 2
1 1 2
2 5
2 4
1 1 2
3
46 1 23
8
1 1 43
1 2 11
1 1 84
2 2
1 2 40
1 3 98
2 12
1 1 24
2
4 4
2
2 3
2 1
1
28
6
2 1
2 22
1 1 12
1 1 23
2 7
1 1 23
1
2
1
1 1 4
2
5 4
0
2
0 2
6
2 1
2 9
2 5
2 2
2 7
2 6
1
6
3
1 1 2
1 1 10
1 1 2
2
5 3
7
1 2 3
2 0
1 2 4
2 1
2 2
1 1 5
2 5
4
56 74 77 60
6
1 1 68
1 4 88
1 1 93
2 10
1 3 21
1 4 29
3
1 0 0
6
2 3
1 3 2
1 1 1
1 1 4
1 2 4
1 3 1
1
21
5
2 14
2 23
1 1 0
1 1 12
2 22
1
4
4
2 5
1 1 7
1 1 6
1 1 6
3
1 0 10
0
2
10 4
3
2 7
2 9
2 0
1
1
1
1 1 3
2
3 0
5
1 1 5
2 4
2 4
2 5
1 2 1
5
6 66 4 10 46
4
2 52
2 76
1 4 32
2 69
3
2 3 4
6
1 2 3
2 4
1 2 1
2 4
1 1 4
1 2 3
3
19 15 9
2
1 1 3
1 3 30
1
10
2
1 1 6
2 3
1
4
0
4
4 0 10 8
2
2 3
2 4
3
8 2 9
5
1 3 4
1 2 5
1 1 4
1 3 0
1 1 3
1
4
4
1 1 3
2 1
1 1 4
1 1 0
2
87 91
6
1 2 60
1 1 84
2 72
2 26
1 1 31
1 1 11
2
4 4
4
2 4
1 2 1
1 2 3
1 2 0
4
11 26 11 10
1
1 2 12
1
5
1
1 1 4
1
10
0
5
5 7 4 0 5
5
2 10
2 0
2 1
2 2
2 10
2
9 9
2
1 1 6
1 1 3
1
5
3
1 1 0
2 0
1 1 1
3
28 20 16
2
1 1 35
1 2 42
2
1 1
5
2 3
1 2 2
2 2
1 2 4
1 1 4
1
24
4
2 30
1 1 1
2 25
2 23
1
8
3
1 1 7
1 1 10
2 8
1
10
0
3
3 8 9
5
2 1
2 9
2 6
2 10
2 4
3
0 4 3
6
1 1 10
1 1 10
1 1 9
1 1 5
1 2 1
1 3 5
2
0 3
7
2 1
2 3
1 2 1
1 1 4
2 5
2 1
2 5
3
51 85 33
8
2 53
2 97
1 1 40
1 1 84
1 3 15
1 3 69
1 1 1
1 3 92
2
3 2
6
2 0
1 2 0
2 1
2 2
2 2
2 2
1
22
6
1 1 8
1 1 25
2 24
2 0
2 10
1 1 15
1
6
3
2 0
1 1 2
2 10
5
8 6 7 10 1
0
2
0 7
6
2 2
2 4
2 5
2 8
2 7
2 3
3
9 3 4
3
1 1 10
1 2 2
1 2 7
2
0 3
7
1 1 5
2 3
1 1 1
2 3
1 1 2
2 0
1 1 2
5
22 63 82 21 87
1
2 11
1
4
2
2 2
1 1 2
3
18 7 19
2
1 1 27
1 2 20
1
10
2
1 1 10
2 8
1
1
0
3
3 10 3
5
2 4
2 2
2 0
2 1
2 9
1
10
5
1 1 5
1 1 3
1 1 3
1 1 3
1 1 9
1
1
5
2 2
2 1
2 5
2 4
1 1 1
3
44 35 69
3
1 3 61
2 11
1 3 2
2
2 4
1
2 2
4
18 1 19 17
4
2 16
1 4 26
1 3 14
2 11
1
1
4
2 2
2 8
1 1 3
2 10
1
5
0
1
1
4
2 2
2 10
2 6
2 10
3
9 7 1
6
1 3 3
1 1 5
1 3 4
1 1 2
1 1 3
1 2 6
2
1 5
3
2 3
2 5
2 4
5
37 95 20 24 78
7
1 4 73
1 2 85
2 33
2 65
1 2 93
2 90
1 1 17
3
1 4 1
4
2 1
1 3 4
1 2 2
2 3
4
18 27 19 21
1
2 14
1
0
5
1 1 2
1 1 4
2 9
1 1 4
1 1 5
4
2 2 1 9
0
3
7 1 4
6
2 2
2 2
2 4
2 1
2 0
2 10
2
1 9
6
1 2 2
1 2 5
1 1 5
1 2 6
1 1 10
1 1 7
1
0
7
1 1 0
1 1 4
2 3
1 1 3
2 1
2 0
1 1 4
4
97 9 87 100
5
2 32
2 84
1 3 10
2 23
2 17
2
1 3
4
2 0
1 2 0
2 0
1 1 3
3
15 18 8
6
2 20
1 1 6
1 3 28
2 16
2 29
1 3 10
1
10
3
1 1 3
1 1 3
1 1 0
4
10 9 8 2
0
1
8
3
2 9
2 8
2 1
1
3
4
1 1 10
1 1 5
1 1 4
1 1 5
2
0 0
6
2 2
2 2
2 4
2 0
2 0
1 2 4
2
56 55
5
1 1 73
1 1 18
1 2 77
1 2 29
2 76
3
4 3 3
2
1 2 4
2 4
3
9 26 25
3
2 0
1 3 2
2 28
1
3
1
1 1 10
4
3 8 3 2
0
4
3 5 10 2
4
2 9
2 1
2 1
2 7
5
0 4 4 4 7
6
1 5 4
1 1 8
1 5 4
1 2 6
1 3 5
1 2 7
2
2 3
6
2 4
1 1 4
2 1
2 3
1 2 4
1 1 0
2
77 44
4
1 2 51
2 27
2 35
1 1 26
3
4 3 0
3
1 1 0
1 2 0
2 1
1
22
2
1 1 4
2 29
1
6
2
2 10
1 1 6
4
2 10 0 9
0
5
1 0 7 10 8
4
2 5
2 1
2 7
2 4
3
2 6 6
4
1 1 6
1 2 2
1 3 7
1 2 10
1
5
6
1 1 5
1 1 5
2 0
1 1 4
1 1 2
1 1 3
2
60 8
6
2 98
1 1 38
2 59
2 59
1 1 65
1 1 63
2
4 1
2
1 2 3
1 2 2
1
29
4
1 1 25
1 1 3
2 6
1 1 21
1
9
2
1 1 8
1 1 3
1
0
0
5
8 7 9 5 5
5
2 7
2 8
2 8
2 10
2 8
3
7 9 6
5
1 1 4
1 2 9
1 2 7
1 1 2
1 1 3
2
3 1
6
1 1 5
1 1 1
1 1 4
1 1 1
2 5
1 2 3
4
51 49 36 30
6
2 81
2 48
1 3 34
1 4 74
2 12
2 33
3
2 0 4
1
2 2
1
29
1
1 1 17
1
10
5
2 7
1 1 4
2 5
2 4
2 1
5
1 9 5 7 10
0
1
9
4
2 10
2 10
2 5
2 7
5
9 8 1 10 5
4
1 3 10
1 1 6
1 1 10
1 4 10
2
0 4
5
2 2
1 2 2
2 3
2 4
2 1
2
25 29
6
1 2 46
1 2 55
1 2 3
1 2 62
1 2 55
2 44
1
4
2
1 1 4
1 1 3
3
9 0 11
3
2 22
2 21
1 2 3
1
8
5
2 1
1 1 4
1 1 5
2 4
2 3
2
9 10
0
2
1 3
2
2 4
2 5
3
8 8 10
6
1 3 2
1 1 2
1 2 2
1 3 4
1 2 9
1 1 5
1
2
3
2 1
2 1
1 1 0
3
85 92 50
4
2 4
2 58
2 74
1 2 39
1
1
1
2 0
1
6
4
1 1 16
1 1 17
1 1 15
1 1 5
1
9
2
1 1 5
2 5
4
6 7 5 3
0
1
5
5
2 1
2 5
2 0
2 6
2 9
1
7
1
1 1 6
1
5
7
1 1 0
2 2
1 1 2
1 1 3
1 1 2
2 0
1 1 5
4
93 11 3 71
8
2 99
1 4 40
1 1 2
2 38
1 3 4
1 2 3
1 4 39
1 4 20
3
4 4 0
6
1 1 3
1 1 1
2 2
2 3
1 3 0
1 2 1
3
17 3 28
3
1 2 2
2 27
2 27
1
3
4
1 1 1
1 1 0
1 1 6
1 1 4
4
6 8 2 4
0
5
8 7 9 6 10
1
2 6
2
10 6
5
1 1 3
1 1 1
1 2 2
1 1 5
1 1 9
2
2 3
4
1 1 2
2 4
2 1
2 5
5
80 5 85 19 97
7
2 2
1 5 26
1 3 0
1 2 14
2 11
2 6
1 1 83
1
4
3
2 4
1 1 4
2 4
1
20
3
2 1
2 11
2 1
1
2
5
1 1 6
2 6
1 1 4
2 9
1 1 8
2
4 2
0
2
2 10
3
2 9
2 7
2 1
5
2 0 2 4 3
6
1 2 3
1 1 8
1 5 7
1 3 0
1 2 7
1 4 4
1
4
7
2 1
2 1
2 5
1 1 1
1 1 1
1 1 3
2 2
3
52 32 100
1
2 0
3
2 2 1
1
2 1
1
16
4
1 1 1
2 6
1 1 16
2 22
1
2
1
2 9
4
8 6 1 7
0
2
7 2
1
2 9
3
0 3 8
3
1 2 7
1 2 9
1 3 3
2
1 5
6
1 1 3
1 1 1
1 1 5
2 0
1 2 2
1 2 3
2
32 68
4
1 1 13
2 78
2 50
1 1 26
2
2 0
3
1 2 3
2 4
1 1 4
4
27 25 11 20
2
2 0
2 27
1
0
3
2 7
1 1 8
1 1 0
5
3 8 9 6 8
0
5
2 0 3 0 7
5
2 0
2 5
2 7
2 3
2 3
3
10 1 10
1
1 1 4
2
1 2
3
2 5
1 1 2
2 1
3
40 44 30
2
2 39
1 2 16
1
2
6
2 4
1 1 2
1 1 4
2 3
1 1 1
1 1 4
1
28
3
2 19
2 23
2 22
1
6
1
1 1 6
1
7
0
2
7 9
4
2 3
2 10
2 2
2 8
4
8 0 3 2
4
1 3 0
1 3 10
1 3 2
1 1 8
1
1
6
1 1 0
1 1 3
2 5
1 1 3
2 4
2 4
5
51 61 4 22 18
1
1 4 48
3
3 3 4
4
2 4
1 3 1
2 3
1 1 3
3
4 28 21
4
1 3 9
1 1 21
2 21
1 1 8
1
7
2
1 1 3
2 2
2
2 6
0
5
9 1 5 5 0
5
2 9
2 4
2 9
2 10
2 7
3
4 5 3
5
1 2 5
1 2 9
1 1 0
1 3 4
1 1 8
1
0
4
2 3
1 1 4
1 1 0
1 1 2
5
17 93 54 5 50
6
1 3 33
1 2 42
2 27
1 4 47
2 15
1 2 52
1
3
2
2 1
2 4
3
5 24 28
4
2 2
1 2 8
1 3 27
2 1
1
4
5
2 2
2 2
2 8
2 2
2 8
2
4 4
0
3
3 4 3
1
2 3
1
3
1
1 1 4
2
2 3
3
1 2 0
1 2 4
2 0
5
6 51 6 51 29
1
2 73
2
2 2
4
1 2 1
2 1
1 2 4
1 2 1
3
26 20 20
4
2 30
2 4
2 21
1 2 5
1
10
3
2 5
1 1 9
2 0
5
8 7 5 5 1
0
3
3 10 4
4
2 1
2 2
2 6
2 2
3
6 5 8
4
1 2 0
1 3 2
1 1 8
1 1 1
2
0 1
6
1 2 0
1 1 2
2 5
1 2 0
2 1
2 0
4
32 43 38 72
1
1 4 50
2
3 2
2
2 3
2 3
4
19 28 23 19
2
2 17
1 1 27
1
9
1
1 1 4
1
3
0
2
10 1
2
2 7
2 5
3
2 7 6
1
1 2 4
1
3
6
1 1 0
2 5
2 4
1 1 4
2 2
1 1 1
4
86 5 73 49
2
1 3 52
2 98
1
1
2
1 1 0
2 0
2
23 3
1
2 8
1
5
4
2 9
1 1 5
2 9
2 10
2
4 0
0
4
7 7 1 2
3
2 8
2 6
2 7
5
10 5 7 4 0
3
1 3 6
1 1 6
1 2 0
2
5 3
7
2 3
1 1 5
2 4
1 1 5
2 4
1 2 5
2 1
2
34 43
5
2 9
1 2 36
1 2 38
2 17
2 86
3
1 2 3
6
1 2 2
1 3 3
1 2 2
2 3
1 2 2
2 1
2
23 20
4
2 1
2 20
1 2 5
2 2
1
5
4
2 3
2 0
1 1 10
2 10
1
10
0
5
10 4 3 8 4
5
2 0
2 0
2 5
2 2
2 3
1
6
1
1 1 8
1
0
6
1 1 5
2 3
2 3
2 0
1 1 1
1 1 2
5
73 27 18 84 5
2
2 48
1 5 6
3
2 1 1
4
2 3
2 2
2 3
2 0
1
20
2
1 1 13
1 1 15
1
9
1
2 10
5
3 5 4 6 5
0
1
3
3
2 8
2 3
2 4
3
6 2 2
5
1 1 7
1 1 0
1 3 7
1 2 6
1 2 7
1
3
5
1 1 0
2 4
2 2
2 0
1 1 3
2
19 85
5
1 2 65
2 24
1 2 37
2 92
1 1 0
3
3 3 4
6
1 3 3
2 1
1 1 4
1 3 4
1 3 4
2 0
3
13 4 19
4
2 28
1 2 20
2 5
2 20
1
3
5
2 4
2 0
1 1 8
2 3
1 1 7
1
9
0
4
8 5 1 8
4
2 5
2 3
2 0
2 9
2
9 5
3
1 2 2
1 1 10
1 1 8
1
3
6
2 3
1 1 4
1 1 5
2 3
2 0
1 1 2
3
23 8 69
3
1 1 56
1 2 57
2 68
3
0 3 0
4
1 3 2
1 1 1
2 4
2 0
4
10 15 30 8
2
1 1 10
2 9
1
6
5
1 1 2
1 1 0
2 10
1 1 6
2 6
2
8 9
0
3
7 10 9
1
2 8
2
6 6
6
1 2 3
1 1 0
1 2 1
1 2 10
1 1 9
1 1 6
1
0
4
2 1
1 1 0
1 1 1
2 5
2
43 47
8
1 2 60
2 57
2 66
1 2 80
2 97
2 55
2 10
1 2 15
3
2 3 4
2
1 1 2
2 4
1
16
5
2 3
2 17
1 1 30
1 1 1
2 2
1
4
3
1 1 8
2 9
2 10
2
5 7
0
5
7 7 9 5 9
3
2 9
2 4
2 0
1
5
4
1 1 3
1 1 4
1 1 6
1 1 8
1
1
6
1 1 4
1 1 1
1 1 3
1 1 0
1 1 4
2 3
2
77 44
8
1 1 17
2 25
1 2 25
1 1 61
1 2 20
1 1 63
1 1 95
2 97
2
0 2
6
2 4
1 2 0
2 4
2 0
1 2 4
1 1 1
4
6 13 16 2
2
1 4 26
1 2 29
1
0
5
1 1 5
2 1
1 1 2
2 3
2 10
3
6 9 4
0
2
10 3
1
2 0
3
9 9 3
6
1 3 1
1 2 6
1 2 8
1 3 1
1 1 4
1 3 6
1
5
5
1 1 3
2 0
1 1 4
1 1 5
1 1 5
3
38 54 48
8
1 2 19
1 1 70
1 3 49
2 71
1 2 73
2 93
2 6
1 3 44
1
2
6
2 1
1 1 4
2 0
1 1 3
2 2
1 1 4
2
2 1
4
1 1 1
2 14
1 2 3
2 18
1
8
3
1 1 3
2 7
1 1 4
2
3 2
0
3
0 7 7
2
2 4
2 8
2
6 10
1
1 1 6
1
0
4
1 1 2
2 3
1 1 5
2 1
3
45 25 7
4
2 48
1 1 5
2 72
2 55
2
4 2
1
2 0
4
18 11 23 8
2
1 4 3
1 1 27
1
9
3
1 1 9
1 1 7
1 1 1
4
6 5 1 2
0
4
8 10 10 3
5
2 0
2 2
2 4
2 0
2 0
2
2 9
6
1 2 9
1 2 3
1 1 3
1 1 10
1 1 7
1 1 6
1
3
7
2 5
1 1 0
2 5
1 1 2
2 4
2 4
2 0
3
72 23 33
6
1 2 2
2 59
1 2 75
1 1 2
2 19
1 3 71
2
0 4
2
1 1 2
2 1
4
6 21 21 19
2
1 1 14
1 4 22
1
7
3
2 6
2 8
1 1 0
5
4 7 7 10 8
0
2
6 3
4
2 1
2 10
2 7
2 6
3
10 4 7
1
1 2 6
2
1 2
4
1 2 3
1 1 0
2 3
2 5
3
41 90 39
4
2 17
2 45
1 3 81
1 2 86
3
3 1 0
6
1 1 4
2 0
1 3 1
2 2
2 3
1 2 1
3
22 18 21
3
1 3 1
2 5
2 19
1
1
1
1 1 10
5
4 3 3 9 2
0
2
6 4
1
2 10
1
1
4
1 1 0
1 1 3
1 1 4
1 1 9
1
5
5
1 1 1
1 1 0
2 5
1 1 1
2 3
3
44 31 85
4
1 2 80
1 2 26
2 20
1 1 71
2
4 3
4
2 0
2 4
2 3
1 2 0
1
12
3
1 1 3
2 8
2 22
1
8
2
1 1 5
1 1 2
5
7 1 8 7 6
0
1
4
1
2 9
4
4 6 3 2
6
1 4 7
1 2 0
1 3 1
1 2 9
1 2 5
1 1 3
2
4 0
3
2 5
1 1 3
2 2
4
51 0 71 13
5
1 1 37
2 30
1 3 71
2 78
2 20
1
1
3
2 2
1 1 4
1 1 0
2
2 10
6
2 1
2 22
1 1 22
2 3
1 1 22
2 14
1
1
5
2 10
1 1 8
1 1 1
2 5
1 1 5
2
5 8
0
4
6 6 3 5
2
2 0
2 4
4
5 3 6 5
5
1 1 2
1 3 1
1 3 9
1 2 10
1 1 4
2
3 2
7
2 4
1 1 3
1 1 0
2 4
2 4
1 1 5
1 2 2
2
36 54
8
2 32
1 2 13
1 2 84
1 1 29
2 19
1 2 71
1 2 87
1 1 57
2
4 1
2
2 3
1 1 4
4
13 9 15 18
4
2 30
1 4 17
2 16
1 1 30
1
3
4
2 8
2 9
1 1 1
1 1 8
5
0 7 6 0 6
0
5
10 4 1 9 9
4
2 2
2 5
2 4
2 6
5
8 2 6 9 6
3
1 1 9
1 2 2
1 5 6
1
0
7
1 1 1
2 1
1 1 2
2 2
2 2
1 1 3
2 4
4
55 43 94 10
6
2 0
1 1 96
1 4 66
2 50
2 39
1 4 82
1
2
6
1 1 3
1 1 0
2 3
2 4
2 0
1 1 0
1
4
5
2 19
1 1 22
1 1 9
2 15
1 1 26
1
7
1
1 1 5
3
0 7 6
0
3
6 3 6
1
2 6
2
7 10
1
1 2 9
2
5 2
6
2 2
2 0
2 1
2 0
1 2 5
1 1 1
5
13 82 100 83 74
5
2 76
2 2
2 82
2 9
2 21
3
0 3 4
4
2 1
1 1 4
1 2 4
1 3 0
1
5
5
2 19
2 17
1 1 7
1 1 24
2 4
1
6
5
2 1
1 1 3
1 1 0
2 4
1 1 7
3
6 4 6
0
3
8 0 3
1
2 1
3
9 2 7
1
1 1 5
1
0
3
2 1
2 1
2 2
2
82 16
6
1 2 71
1 1 41
2 94
1 1 16
1 1 39
1 1 20
2
2 3
1
1 2 1
3
14 14 7
3
2 15
1 3 27
1 1 28
1
6
5
1 1 8
1 1 6
2 10
1 1 4
1 1 5
3
4 6 5
0
2
10 7
2
2 4
2 7
4
0 0 10 5
5
1 2 1
1 4 9
1 4 5
1 2 1
1 3 7
1
5
3
1 1 5
2 1
2 3
5
68 67 68 75 3
6
1 1 55
1 5 3
1 1 83
1 4 98
2 64
2 97
3
2 3 3
2
1 3 3
2 2
2
21 20
3
1 2 26
2 22
2 6
1
3
5
2 10
1 1 8
2 9
2 10
2 10
4
0 6 6 7
0
5
0 6 1 9 8
1
2 2
1
6
5
1 1 6
1 1 10
1 1 7
1 1 8
1 1 2
1
3
6
1 1 3
1 1 0
1 1 5
2 1
2 3
2 5
3
98 12 73
1
1 2 77
1
2
4
1 1 2
2 3
2 0
1 1 1
2
15 1
2
2 9
1 1 15
1
7
2
1 1 8
1 1 2
4
4 7 3 0
0
1
2
5
2 7
2 9
2 6
2 6
2 5
3
6 10 1
1
1 3 5
1
3
4
2 4
2 2
1 1 4
1 1 0
5
84 95 68 55 48
3
2 96
1 2 79
1 2 20
2
0 1
4
1 1 1
2 4
2 1
2 2
2
15 13
5
1 1 15
1 1 18
1 2 16
1 1 25
2 7
1
2
4
2 7
2 10
1 1 3
2 8
1
5
0
2
7 6
5
2 4
2 0
2 0
2 8
2 1
2
10 0
6
1 1 1
1 1 10
1 2 7
1 1 6
1 2 0
1 1 2
1
0
7
1 1 3
2 2
1 1 3
1 1 2
1 1 0
1 1 2
2 0
5
80 29 63 4 23
7
1 1 42
1 2 92
2 37
1 5 35
1 5 0
2 19
1 2 81
2
2 0
2
1 2 0
2 3
4
11 22 25 30
5
1 3 4
2 15
1 3 7
2 24
1 1 2
1
9
2
1 1 9
1 1 8
3
7 1 5
0
2
1 2
2
2 3
2 7
2
5 6
2
1 2 0
1 2 10
1
0
7
2 5
2 5
2 0
1 1 5
1 1 4
1 1 5
1 1 4
3
22 11 74
3
1 2 88
2 52
2 47
3
1 4 1
5
2 2
1 3 2
1 1 4
2 4
2 2
1
10
1
2 11
1
8
5
1 1 2
2 4
1 1 2
2 5
1 1 0
1
5
0
1
8
2
2 4
2 4
4
7 7 6 2
2
1 4 10
1 4 0
1
4
3
2 3
2 1
2 0
2
46 22
1
1 1 53
2
4 1
1
2 2
3
26 17 24
1
2 15
1
7
3
1 1 4
1 1 2
2 6
1
9
0
5
10 4 2 0 4
1
2 5
1
5
6
1 1 4
1 1 6
1 1 1
1 1 4
1 1 1
1 1 2
2
5 5
5
2 2
2 4
1 1 1
1 2 2
1 2 4
4
74 61 35 66
7
2 23
1 3 65
2 7
2 72
2 91
1 3 55
2 42
1
2
5
2 3
2 3
1 1 3
2 2
1 1 4
2
7 12
6
2 22
1 2 23
1 1 16
1 2 13
2 24
2 1
1
6
4
2 7
2 3
1 1 0
2 5
2
7 5
0
3
10 4 3
4
2 7
2 3
2 6
2 10
4
6 9 7 6
6
1 4 7
1 4 5
1 4 6
1 2 10
1 1 10
1 4 10
1
4
7
2 3
2 5
2 0
2 2
2 4
2 1
2 3
2
75 67
6
2 9
1 2 54
1 1 40
2 49
1 2 98
1 1 6
2
2 2
5
2 1
1 2 3
1 1 0
2 4
1 2 1
4
16 8 15 17
4
2 15
1 1 16
2 6
2 28
1
5
1
2 6
2
9 0
0
2
4 10
5
2 6
2 2
2 7
2 1
2 1
3
5 7 4
2
1 1 6
1 1 4
1
3
6
1 1 5
2 2
1 1 2
1 1 3
1 1 1
1 1 2
3
53 91 15
7
1 2 37
1 3 17
1 2 92
2 13
1 1 45
1 1 81
2 80
3
2 4 3
1
2 4
1
21
2
1 1 14
2 25
1
3
2
1 1 2
2 0
2
7 8
0
3
8 9 6
5
2 10
2 9
2 8
2 9
2 6
4
10 8 1 4
5
1 1 6
1 3 10
1 4 1
1 1 3
1 4 8
1
1
3
2 4
2 2
1 1 5
3
9 50 13
2
1 2 24
2 18
2
4 3
4
2 1
2 4
1 1 3
1 2 0
3
13 0 25
2
2 6
2 9
1
10
5
2 9
2 10
1 1 1
2 1
2 10
1
7
0
3
8 1 5
5
2 5
2 10
2 8
2 10
2 0
2
10 8
3
1 2 7
1 2 7
1 1 10
1
2
4
1 1 0
1 1 2
2 3
1 1 5
4
77 70 65 98
4
1 1 0
2 73
1 1 8
2 89
1
2
1
1 1 1
1
10
2
2 5
1 1 0
1
2
1
1 1 9
4
8 1 1 4
0
5
4 4 8 2 6
4
2 10
2 1
2 5
2 10
5
7 8 2 8 6
3
1 1 5
1 3 6
1 5 10
2
3 3
3
2 1
1 2 4
2 3
3
0 90 90
1
2 39
1
2
5
2 3
2 3
1 1 1
1 1 2
2 3
3
18 18 21
1
2 11
1
8
5
1 1 8
2 8
1 1 4
2 2
1 1 2
3
5 1 9
0
1
10
2
2 7
2 4
2
0 3
5
1 2 10
1 1 9
1 1 3
1 2 6
1 1 9
2
5 4
3
2 5
1 1 0
1 2 1
3
79 4 48
2
1 3 60
2 73
3
0 3 1
3
2 2
1 2 1
1 1 1
2
17 19
4
2 4
1 2 23
1 1 8
1 1 23
1
2
2
2 1
1 1 1
2
10 9
0
2
7 7
6
2 5
2 7
2 7
2 2
2 9
2 9
4
10 4 1 1
2
1 1 6
1 1 1
1
0
3
1 1 0
2 0
2 0
2
4 59
1
1 2 68
2
3 3
6
1 1 0
2 3
2 2
2 1
2 1
2 0
2
4 22
4
1 2 11
1 1 8
1 2 21
1 2 30
1
7
2
2 0
1 1 8
4
4 10 2 8
0
4
1 2 10 7
1
2 4
5
9 5 4 9 8
5
1 5 5
1 4 1
1 3 3
1 1 5
1 1 0
2
1 5
7
1 2 1
1 2 0
1 2 3
1 1 4
2 1
2 2
2 1
4
78 94 69 51
4
1 4 71
1 4 48
1 4 82
1 1 46
2
3 0
2
1 1 4
2 4
4
22 25 23 27
6
1 2 9
2 28
2 0
1 3 21
1 1 10
2 4
1
4
1
2 9
4
6 8 6 4
0
4
7 5 9 8
2
2 3
2 5
1
0
3
1 1 1
1 1 10
1 1 1
1
2
4
1 1 2
1 1 4
2 5
1 1 3
4
27 46 67 18
8
1 4 51
2 50
2 44
1 3 61
2 86
2 63
2 71
2 87
3
0 3 4
6
1 1 3
1 2 4
2 4
1 1 3
2 2
1 1 2
1
24
3
1 1 12
1 1 26
2 15
1
2
4
1 1 0
2 8
1 1 5
2 6
3
10 0 5
0
1
0
2
2 4
2 10
3
5 1 9
1
1 1 5
1
0
4
1 1 1
1 1 0
2 1
2 2
4
79 87 84 1
4
1 2 3
1 1 73
1 1 22
1 1 56
2
4 2
5
1 2 2
2 0
2 3
2 0
1 2 2
3
6 8 27
1
1 1 5
1
1
1
1 1 1
5
6 10 0 6 10
0
3
5 2 9
5
2 7
2 6
2 2
2 0
2 8
2
3 7
5
1 2 2
1 1 1
1 2 8
1 1 10
1 1 0
2
0 2
7
1 2 0
2 4
2 1
1 2 4
1 1 1
2 3
2 2
2
95 12
1
1 2 5
1
1
6
1 1 3
2 2
1 1 2
1 1 0
2 1
2 2
2
0 29
5
1 2 4
2 2
1 2 29
1 1 23
2 14
1
0
3
1 1 3
2 3
1 1 9
1
5
0
3
0 5 4
1
2 2
4
6 6 4 3
3
1 1 4
1 2 5
1 1 5
1
1
6
1 1 4
1 1 2
1 1 3
2 5
1 1 4
1 1 1
2
72 36
3
2 20
2 12
1 1 18
3
3 4 2
1
1 3 3
2
7 17
2
2 18
2 9
1
9
2
1 1 2
1 1 3
4
2 0 0 3
0
1
3
3
2 10
2 4
2 5
4
0 1 8 0
6
1 3 0
1 3 5
1 4 3
1 2 9
1 4 5
1 3 6
2
0 4
5
1 2 1
1 2 4
2 1
2 2
2 0
5
79 27 61 51 11
3
1 2 73
1 2 84
1 1 79
3
2 4 1
6
1 3 4
1 3 0
1 1 2
2 3
2 1
1 3 3
4
21 14 25 10
5
1 3 16
2 10
1 3 14
2 9
2 21
1
9
3
2 8
1 1 9
1 1 5
3
2 1 7
0
5
4 3 8 4 9
4
2 3
2 1
2 2
2 7
3
0 7 5
6
1 3 10
1 3 6
1 3 9
1 1 3
1 3 9
1 1 1
1
1
5
1 1 4
1 1 3
2 2
2 0
1 1 2
2
22 34
2
1 2 2
1 2 76
2
3 1
6
2 0
2 1
2 4
2 4
1 2 2
2 2
3
8 19 3
5
2 3
2 23
1 2 9
2 14
2 17
1
4
2
1 1 9
2 6
5
6 7 10 5 0
0
2
6 3
5
2 4
2 5
2 5
2 0
2 5
3
4 9 6
5
1 2 3
1 1 7
1 3 3
1 2 7
1 1 1
1
2
3
1 1 5
1 1 1
1 1 2
3
85 14 19
2
1 1 24
1 2 53
3
0 3 2
2
1 3 2
2 4
4
26 4 1 20
6
1 3 8
2 17
2 8
2 21
1 4 28
1 4 8
1
2
4
2 0
2 4
2 2
2 1
1
2
0
2
6 2
1
2 2
2
5 7
2
1 1 8
1 1 10
1
1
7
1 1 5
2 1
1 1 0
2 2
2 3
2 0
1 1 3
3
83 21 51
7
1 1 88
1 1 27
2 58
2 84
1 2 54
1 1 96
2 84
3
4 3 2
6
2 4
1 2 2
1 3 4
2 4
2 3
1 1 4
2
25 2
1
1 1 13
1
9
1
1 1 9
5
9 5 0 3 2
0
2
3 0
2
2 6
2 4
3
1 10 7
1
1 1 5
2
0 2
6
1 1 4
2 0
1 2 5
1 1 4
1 2 1
2 2
3
11 72 92
1
2 16
1
0
6
1 1 2
2 0
2 1
2 2
2 2
1 1 4
4
7 13 10 6
4
2 7
1 2 6
2 5
1 4 25
1
3
2
2 2
1 1 2
2
6 4
0
1
7
6
2 1
2 8
2 2
2 3
2 5
2 8
2
8 2
2
1 1 1
1 2 1
1
2
5
2 4
1 1 2
1 1 0
2 0
2 1
4
71 71 53 92
3
1 2 33
2 47
2 1
1
3
6
1 1 0
2 0
2 1
1 1 3
2 3
1 1 0
2
15 8
4
2 19
2 11
1 2 17
2 2
1
9
5
1 1 8
1 1 6
2 0
1 1 3
1 1 3
2
8 6
0
4
9 5 8 1
3
2 3
2 4
2 4
2
5 2
2
1 1 6
1 2 8
2
1 0
4
2 5
2 3
2 1
2 5
3
77 92 73
6
1 2 61
2 72
1 3 100
2 100
2 41
2 33
3
0 0 1
6
1 3 3
2 0
1 1 4
1 3 2
2 3
1 3 4
3
14 0 4
2
2 9
1 1 5
1
3
3
1 1 10
2 8
2 4
3
5 10 9
0
4
0 2 2 9
4
2 7
2 5
2 6
2 4
1
3
2
1 1 2
1 1 3
1
4
6
1 1 3
2 2
2 4
1 1 0
1 1 0
2 5
2
80 89
6
1 1 94
2 65
1 2 87
1 1 15
2 88
2 81
2
0 3
2
1 1 4
2 2
4
21 7 14 4
2
1 3 9
2 22
1
5
3
1 1 4
2 8
1 1 5
5
5 1 6 4 6
0
5
9 6 9 7 5
4
2 2
2 10
2 5
2 10
2
8 1
2
1 1 1
1 1 8
1
2
7
1 1 5
1 1 2
1 1 4
2 1
1 1 1
2 1
1 1 5
3
83 51 91
2
1 1 56
1 1 30
2
0 2
5
2 3
1 1 1
1 1 4
1 2 4
1 2 2
4
29 25 23 10
2
2 5
2 25
1
6
5
1 1 10
2 9
2 5
1 1 2
1 1 3
4
10 8 0 6
0
1
4
6
2 8
2 7
2 5
2 8
2 9
2 1
5
1 2 0 6 10
4
1 1 3
1 3 10
1 2 6
1 5 1
2
5 4
6
2 3
1 1 3
2 4
1 2 2
1 2 5
1 1 5
2
94 41
1
2 52
3
0 1 1
3
1 1 4
2 0
1 2 0
4
12 16 27 13
6
1 1 24
2 30
1 3 12
2 6
1 3 30
2 26
1
7
5
1 1 4
2 10
1 1 2
1 1 8
2 10
4
1 9 8 8
0
1
7
1
2 5
1
5
4
1 1 10
1 1 4
1 1 0
1 1 5
2
4 2
7
1 1 3
1 2 3
1 2 5
1 2 5
2 1
2 0
2 2
3
34 40 60
7
1 1 25
2 42
2 78
1 1 83
1 3 6
2 74
2 21
3
3 4 0
3
1 2 0
1 1 4
2 4
4
17 3 13 22
3
2 15
2 21
1 4 9
1
10
3
2 9
2 4
2 2
3
1 4 8
0
2
0 7
1
2 3
2
1 7
5
1 1 3
1 1 2
1 1 6
1 2 1
1 1 1
2
3 1
3
2 3
2 2
2 4
3
61 19 76
3
2 74
1 2 62
2 70
2
3 1
6
1 2 2
1 1 3
2 4
1 2 4
2 2
1 1 2
4
16 6 24 13
6
2 20
2 9
2 17
1 4 0
1 2 16
2 16
1
6
3
2 7
1 1 3
2 1
2
7 9
0
3
7 10 5
2
2 2
2 9
2
3 9
1
1 2 4
2
2 0
6
2 3
2 0
1 1 1
2 4
1 1 1
2 2
2
19 76
3
2 69
1 1 33
1 1 3
2
1 1
2
2 1
1 2 1
3
21 15 2
3
1 2 10
1 1 16
1 2 28
1
10
4
2 9
2 1
1 1 2
1 1 2
1
0
0
2
1 7
6
2 5
2 10
2 7
2 4
2 0
2 7
5
0 2 10 1 0
6
1 5 8
1 2 6
1 3 3
1 4 9
1 5 6
1 4 0
2
5 4
7
1 2 5
2 1
2 0
2 1
1 1 5
2 1
2 0
5
84 14 45 81 7
4
2 97
2 13
2 25
2 87
1
4
4
2 4
2 0
2 2
1 1 1
1
8
1
1 1 14
1
4
3
2 8
1 1 10
2 4
4
4 7 5 5
0
3
9 7 1
1
2 8
5
4 6 3 2 7
6
1 3 5
1 3 3
1 3 3
1 3 2
1 4 6
1 5 6
1
0
6
1 1 3
2 4
2 1
1 1 4
2 0
1 1 3
4
50 6 92 35
3
2 28
2 21
1 3 64
3
2 3 1
3
1 1 3
1 2 0
2 3
4
30 15 29 27
1
1 4 21
1
5
2
1 1 8
1 1 1
5
10 0 1 8 10
0
3
2 8 8
3
2 0
2 4
2 2
3
10 1 2
5
1 1 6
1 2 2
1 3 1
1 3 4
1 1 7
1
4
4
1 1 5
2 4
1 1 0
1 1 4
5
5 77 94 34 99
7
1 4 19
2 44
1 2 44
1 1 76
1 4 45
2 82
1 4 20
1
2
5
2 3
2 0
2 1
1 1 3
1 1 1
1
8
1
2 14
1
8
5
2 7
2 7
1 1 8
2 5
1 1 4
3
2 2 10
0
1
5
6
2 9
2 4
2 6
2 10
2 0
2 0
1
1
2
1 1 1
1 1 2
1
1
7
2 0
2 5
1 1 1
2 4
2 5
2 1
2 4
5
7 27 19 89 49
8
2 32
1 4 37
1 1 86
1 3 9
1 2 25
2 18
1 4 94
2 81
3
0 2 3
6
1 1 1
1 3 2
2 1
1 1 3
2 3
1 3 1
1
7
5
2 26
1 1 15
1 1 24
2 18
2 7
1
6
3
2 1
1 1 5
2 8
2
8 7
0
4
8 3 6 1
6
2 3
2 0
2 7
2 9
2 7
2 7
1
3
3
1 1 10
1 1 7
1 1 7
2
1 1
3
2 1
1 1 0
1 1 0
4
81 24 14 62
1
2 61
3
4 2 1
3
1 3 0
2 1
2 0
4
9 11 19 30
1
1 3 9
1
0
4
2 1
1 1 4
1 1 2
1 1 10
2
7 10
0
3
9 8 6
1
2 9
5
10 8 0 4 5
6
1 1 5
1 4 10
1 5 7
1 4 4
1 3 3
1 1 9
2
4 1
5
2 5
2 4
2 0
2 5
1 1 5
3
19 25 68
7
1 1 33
1 1 62
2 53
2 0
1 1 70
2 23
2 63
1
2
3
1 1 3
2 2
1 1 3
2
5 3
6
1 1 11
2 13
2 26
2 19
2 19
2 12
1
1
3
2 7
2 8
1 1 5
2
4 7
0
5
0 6 5 2 3
5
2 1
2 2
2 8
2 9
2 6
1
0
5
1 1 1
1 1 8
1 1 10
1 1 4
1 1 7
1
4
7
1 1 5
2 2
1 1 5
1 1 5
2 5
2 0
1 1 1
5
60 43 63 94 28
8
2 2
1 3 39
1 5 69
2 24
2 72
1 3 52
1 5 35
1 1 4
1
4
5
1 1 4
1 1 0
2 3
2 3
2 3
3
25 7 10
4
2 22
1 1 10
2 3
2 9
1
4
4
2 8
2 7
1 1 0
1 1 5
2
1 3
0
4
1 5 10 6
5
2 8
2 6
2 1
2 7
2 0
3
4 2 5
4
1 3 9
1 2 6
1 1 10
1 2 8
2
0 4
4
1 2 0
1 1 1
2 5
1 2 0
2
53 84
2
2 61
1 2 96
2
3 0
5
2 4
2 2
1 2 1
1 2 1
1 1 2
2
16 21
1
2 27
1
10
2
2 8
2 5
3
4 5 4
0
2
9 6
1
2 9
2
3 9
6
1 2 0
1 2 9
1 1 1
1 2 3
1 2 6
1 2 1
2
4 4
6
1 1 5
2 3
2 4
2 2
1 1 4
2 0
5
90 26 11 6 10
6
2 59
1 2 20
2 10
2 61
1 4 100
1 2 40
3
2 4 2
2
1 3 1
2 1
4
3 30 20 16
1
1 4 7
1
10
1
1 1 0
3
0 1 10
0
2
8 4
1
2 4
1
4
3
1 1 8
1 1 5
1 1 3
1
1
7
2 1
1 1 4
1 1 1
2 2
1 1 2
1 1 0
1 1 2
3
18 92 61
6
1 1 34
2 44
2 3
2 93
2 65
1 1 66
1
0
5
2 2
1 1 4
1 1 2
2 2
1 1 0
1
9
4
2 16
2 1
1 1 12
1 1 10
1
0
5
2 10
2 1
2 8
2 4
1 1 6
2
7 3
0
5
4 7 3 9 3
2
2 6
2 0
1
2
5
1 1 3
1 1 4
1 1 10
1 1 10
1 1 4
2
0 2
4
2 4
2 5
1 1 0
2 3
2
42 47
4
2 59
1 1 20
2 35
2 61
3
4 4 3
1
1 1 1
4
7 16 0 13
6
2 22
2 17
1 1 7
1 1 19
2 10
2 15
1
10
5
2 1
1 1 5
1 1 0
1 1 5
2 2
5
9 9 8 4 6
0
2
4 10
2
2 6
2 1
4
4 4 9 4
2
1 2 6
1 4 8
2
0 4
7
1 1 5
2 1
1 2 3
1 1 3
2 5
2 4
2 1
5
25 23 87 55 93
6
2 21
2 19
1 4 65
1 3 12
2 69
2 64
2
2 0
6
1 1 1
2 0
1 2 2
2 1
1 2 0
2 0
1
20
3
1 1 24
2 2
2 25
1
5
3
1 1 1
2 2
2 2
2
7 10
0
1
3
1
2 4
2
0 10
6
1 2 10
1 1 2
1 1 10
1 2 4
1 1 6
1 1 8
2
4 2
5
1 2 2
1 1 1
1 1 2
1 2 3
2 3
4
28 3 22 48
8
2 59
1 3 70
1 2 80
2 13
1 2 23
2 53
1 4 98
1 4 75
1
4
5
2 2
1 1 2
2 0
2 3
1 1 2
3
0 10 21
2
2 14
1 2 11
1
4
3
1 1 5
1 1 5
2 2
5
4 3 4 8 9
0
4
10 3 5 7
4
2 7
2 5
2 7
2 5
1
1
4
1 1 9
1 1 10
1 1 0
1 1 3
2
5 3
5
2 5
2 0
2 3
1 1 5
1 1 4
5
80 72 53 3 75
7
1 1 93
1 4 95
2 23
2 39
1 4 1
1 1 39
2 13
1
3
1
1 1 0
1
9
5
1 1 17
2 16
2 12
2 25
1 1 18
1
2
3
2 2
1 1 6
2 0
4
9 3 6 4
0
1
10
1
2 6
4
6 3 6 8
4
1 3 7
1 3 2
1 2 10
1 1 6
2
2 2
7
2 3
2 3
1 1 3
1 2 3
1 1 0
2 2
2 2
4
13 61 84 83
1
1 1 30
3
4 0 3
6
2 4
1 2 4
1 1 1
2 2
2 4
2 3
2
14 5
5
2 4
2 26
2 26
1 2 7
2 27
1
3
3
1 1 9
1 1 0
2 5
1
5
0
1
8
3
2 0
2 2
2 7
2
8 0
5
1 1 8
1 1 5
1 1 5
1 1 0
1 1 9
1
5
6
1 1 3
2 1
2 0
2 0
1 1 2
1 1 2
5
95 19 13 76 78
2
2 24
1 1 98
3
2 2 4
1
1 1 2
1
20
1
1 1 22
1
5
4
2 5
1 1 0
2 3
2 7
5
6 8 9 4 10
0
4
10 0 8 5
2
2 9
2 10
2
3 3
2
1 1 8
1 2 5
2
4 1
4
2 2
2 4
2 0
1 1 2
4
46 53 44 43
3
1 2 82
2 87
1 2 62
2
1 2
3
2 1
2 2
1 1 2
3
28 25 17
5
2 10
1 1 29
1 2 5
2 4
1 3 14
1
10
4
2 0
2 0
2 3
1 1 6
1
2
0
3
7 4 1
4
2 10
2 3
2 9
2 9
2
4 6
1
1 2 0
1
0
4
2 1
2 1
1 1 5
2 2
5
77 57 57 100 96
5
1 5 87
2 83
1 1 18
2 11
2 67
2
3 3
5
1 1 0
2 2
2 2
2 0
1 1 0
3
17 1 10
4
1 3 25
1 3 24
2 15
1 1 3
1
10
2
1 1 8
1 1 2
2
5 6
0
1
7
6
2 8
2 10
2 2
2 9
2 2
2 2
4
4 8 0 6
1
1 3 8
1
5
5
1 1 3
1 1 5
2 2
2 4
1 1 1
2
54 30
3
1 2 44
1 1 53
2 21
3
0 1 4
3
2 1
2 3
2 1
4
13 13 1 19
4
1 1 0
1 1 7
1 3 26
1 3 14
1
1
4
2 10
2 5
1 1 3
1 1 10
5
0 8 5 9 8
0
1
1
4
2 0
2 10
2 8
2 7
2
9 2
2
1 1 1
1 2 0
1
4
5
1 1 0
1 1 0
2 5
2 2
2 1
3
15 82 34
7
2 70
1 1 66
2 84
2 62
2 76
2 84
2 52
3
1 1 1
6
2 1
2 0
2 4
2 4
1 2 3
2 2
3
21 6 25
6
1 2 22
1 3 14
2 6
1 3 18
2 19
2 25
1
3
1
2 4
4
1 7 5 1
0
3
9 10 4
5
2 8
2 2
2 5
2 4
2 4
4
7 0 5 6
5
1 4 9
1 3 6
1 4 8
1 2 1
1 3 9
2
1 1
7
1 2 3
2 5
1 2 3
1 1 2
2 0
2 1
2 4
4
46 99 2 60
7
1 2 100
1 1 1
2 74
2 47
2 62
1 4 55
2 34
3
1 2 4
5
2 2
2 1
2 4
2 2
1 1 2
2
4 3
4
1 2 1
2 7
2 27
1 2 29
1
2
4
1 1 10
2 6
2 8
2 0
4
5 1 1 1
0
5
10 4 4 1 8
6
2 6
2 2
2 6
2 10
2 10
2 2
2
9 10
4
1 2 9
1 1 4
1 2 2
1 1 10
1
3
6
1 1 0
1 1 3
1 1 5
2 2
1 1 3
1 1 1
4
50 12 8 47
7
1 2 66
1 3 90
1 2 21
1 1 33
2 1
1 3 76
1 1 85
2
2 3
2
2 1
1 2 4
4
27 27 4 11
3
1 1 21
2 4
2 18
1
9
2
2 1
2 9
4
10 7 9 7
0
3
3 8 7
1
2 2
3
2 0 1
1
1 1 4
1
2
6
1 1 3
2 5
2 2
1 1 3
2 0
1 1 0
2
97 61
1
2 86
1
1
3
2 2
1 1 4
2 3
1
22
6
1 1 14
2 12
1 1 8
1 1 5
1 1 23
2 27
1
8
3
1 1 3
1 1 5
1 1 5
2
3 5
0
2
5 5
3
2 8
2 1
2 5
4
5 9 0 5
2
1 2 3
1 4 3
1
3
5
2 1
2 2
2 0
1 1 3
2 3
2
42 72
4
2 71
2 90
1 1 21
2 26
1
1
2
2 2
1 1 2
3
3 25 0
2
1 3 0
2 12
1
10
5
2 10
2 3
1 1 7
2 9
1 1 10
3
0 7 7
0
3
0 4 3
5
2 7
2 2
2 10
2 0
2 2
1
1
3
1 1 9
1 1 5
1 1 0
1
1
3
1 1 0
1 1 4
2 5
4
17 91 78 10
5
1 3 94
2 52
1 3 8
2 88
1 2 10
3
0 3 0
2
2 4
2 2
2
23 24
5
2 14
2 2
2 9
1 1 8
2 8
1
2
3
1 1 2
1 1 2
1 1 6
1
2
0
2
3 10
6
2 1
2 7
2 8
2 5
2 5
2 0
1
10
1
1 1 9
1
0
5
2 3
1 1 1
1 1 1
1 1 3
1 1 1
2
99 54
1
2 53
3
3 1 0
1
2 1
4
24 28 15 0
3
1 4 15
1 4 29
2 17
1
3
1
2 8
4
8 3 6 9
0
2
0 10
5
2 6
2 8
2 8
2 0
2 2
2
7 3
6
1 2 1
1 1 8
1 1 8
1 1 7
1 1 1
1 2 9
1
0
4
2 5
2 1
2 5
1 1 0
3
97 53 92
1
2 92
3
1 4 4
3
2 3
2 3
1 1 3
3
6 7 16
5
1 1 30
1 2 23
2 2
2 26
2 0
1
2
2
1 1 6
2 0
4
4 5 6 6
0
1
8
2
2 5
2 9
3
6 7 6
2
1 3 9
1 3 8
1
4
4
2 5
2 2
1 1 4
1 1 2
3
72 9 26
5
1 3 4
1 1 94
1 3 26
2 51
1 3 93
2
4 2
6
2 0
1 2 2
1 1 1
1 1 0
1 1 2
2 4
2
11 26
5
2 12
2 24
1 1 16
1 1 4
1 2 16
1
1
1
1 1 0
4
5 5 7 4
0
5
9 2 1 2 8
3
2 0
2 10
2 8
4
1 0 7 5
3
1 3 5
1 3 5
1 1 3
2
2 5
5
1 2 2
1 1 3
2 0
2 4
2 2
5
40 99 87 66 21
4
1 3 52
1 5 27
1 3 54
2 59
1
1
6
2 3
2 0
2 1
2 4
1 1 4
2 3
1
11
5
1 1 23
2 9
2 0
2 12
1 1 21
1
3
2
1 1 3
1 1 7
1
5
0
1
7
4
2 3
2 6
2 3
2 4
1
1
2
1 1 7
1 1 4
1
5
4
2 0
2 1
2 3
1 1 5
4
79 29 32 91
8
2 8
2 5
1 4 56
1 1 65
2 74
1 1 94
2 95
1 1 9
1
4
4
1 1 0
2 2
1 1 2
2 4
4
9 16 4 24
1
2 1
1
6
4
1 1 5
1 1 8
2 5
1 1 7
3
2 0 2
0
1
5
4
2 1
2 4
2 5
2 7
2
6 0
4
1 2 10
1 1 10
1 2 2
1 2 8
1
2
4
1 1 5
1 1 4
2 0
1 1 5
3
13 98 49
3
1 2 1
2 73
1 2 80
3
1 4 3
3
1 3 0
2 2
2 1
3
9 3 9
1
2 30
1
10
1
1 1 3
2
7 1
0
3
1 6 3
1
2 7
4
6 0 4 3
3
1 2 4
1 4 5
1 1 9
1
0
7
1 1 4
2 4
1 1 3
1 1 2
1 1 5
2 5
2 0
3
9 70 2
3
1 1 46
2 67
1 1 10
1
1
1
2 2
3
21 7 30
5
1 3 20
2 13
1 3 12
1 1 24
1 2 0
1
2
2
2 10
1 1 8
4
3 3 4 2
0
3
4 2 4
4
2 8
2 2
2 1
2 0
2
9 0
2
1 2 1
1 1 9
2
5 4
6
1 2 1
1 2 2
2 1
2 2
2 2
2 5
2
32 21
6
1 2 1
2 71
2 44
2 58
2 92
1 1 95
3
0 4 2
2
1 3 1
1 3 2
3
4 5 5
6
2 11
1 3 18
2 9
2 9
2 21
2 12
1
9
4
1 1 6
2 6
1 1 10
2 4
5
7 8 3 8 6
0
2
0 3
3
2 6
2 6
2 5
3
2 9 0
2
1 3 6
1 2 1
1
5
5
2 2
2 4
2 3
2 4
2 4
5
22 8 34 17 27
1
1 4 13
1
4
6
1 1 4
2 1
1 1 0
2 2
1 1 1
1 1 0
2
2 25
2
2 0
1 2 26
1
3
3
2 1
1 1 1
2 2
5
9 6 8 8 10
0
3
3 0 2
2
2 5
2 0
2
2 1
2
1 1 0
1 2 4
2
5 5
3
2 4
2 1
2 4
5
93 76 69 85 33
1
2 19
2
2 4
4
1 2 2
1 1 4
1 2 0
1 1 4
3
0 1 8
5
2 29
2 19
2 3
1 3 11
1 3 2
1
5
5
1 1 6
2 9
1 1 8
1 1 9
1 1 0
4
4 1 10 1
0
5
8 7 4 8 9
6
2 4
2 7
2 2
2 7
2 4
2 6
4
4 4 8 0
3
1 2 5
1 2 9
1 2 8
2
3 1
7
2 2
2 5
2 2
1 1 0
1 2 2
2 4
2 3
4
48 34 32 8
8
2 37
1 2 11
1 2 89
2 74
1 1 42
2 21
2 88
1 1 48
2
1 4
5
1 1 1
1 2 4
1 2 0
2 1
1 2 1
1
12
6
1 1 11
2 30
2 1
2 18
1 1 3
2 4
1
1
3
2 0
2 7
2 3
3
1 10 3
0
1
6
3
2 6
2 4
2 7
5
1 1 7 9 3
1
1 5 2
2
4 4
3
2 0
2 4
1 2 4
2
97 61
3
2 11
2 100
1 2 17
1
1
5
2 2
1 1 2
1 1 3
2 2
2 1
3
22 19 28
5
1 2 18
2 11
1 3 28
2 13
2 21
1
4
5
2 3
2 8
2 3
1 1 4
1 1 9
5
5 1 8 7 7
0
5
10 1 1 2 5
5
2 1
2 4
2 8
2 3
2 3
5
8 1 8 0 3
5
1 3 6
1 5 5
1 1 2
1 3 9
1 2 9
1
0
4
2 0
2 4
2 2
1 1 3
2
33 99
5
2 21
1 1 53
2 30
2 46
1 2 8
2
1 1
1
2 0
4
10 7 2 11
1
1 2 1
1
9
2
1 1 10
2 4
1
3
0
5
1 3 0 7 0
4
2 10
2 8
2 6
2 9
4
0 8 10 5
3
1 2 6
1 2 10
1 3 1
1
4
7
2 4
1 1 3
1 1 5
1 1 3
2 0
2 3
1 1 5
3
40 34 54
2
1 1 49
1 3 3
1
4
5
1 1 3
1 1 0
1 1 2
1 1 0
1 1 3
2
22 21
5
2 25
1 1 3
1 2 7
2 13
2 15
1
1
5
1 1 6
2 5
2 3
2 4
1 1 6
4
6 4 9 3
0
4
1 10 8 2
5
2 2
2 4
2 4
2 2
2 4
4
2 9 5 4
2
1 4 2
1 1 2
2
1 0
3
1 2 5
2 5
1 2 0
4
53 42 38 93
8
1 2 79
2 69
1 3 41
2 6
1 1 44
1 3 77
2 90
2 63
3
0 0 2
6
1 3 0
1 1 0
1 2 3
1 1 1
2 1
2 4
4
2 25 24 15
4
2 12
2 13
2 25
2 12
1
3
5
2 1
2 6
1 1 0
2 1
2 0
1
0
0
2
1 8
3
2 7
2 9
2 5
1
0
5
1 1 5
1 1 2
1 1 1
1 1 7
1 1 4
2
3 1
7
2 2
2 3
2 3
1 2 3
2 0
1 2 5
1 1 4
4
98 97 24 15
4
1 1 22
2 47
1 4 89
1 1 75
2
4 1
2
1 2 1
1 2 4
2
14 9
6
2 9
2 15
1 1 22
1 1 18
1 2 21
1 1 8
1
0
5
1 1 8
2 10
2 4
1 1 4
1 1 8
3
10 4 8
0
4
4 6 1 9
1
2 4
5
10 1 0 0 5
3
1 3 9
1 2 5
1 1 10
1
3
5
1 1 1
1 1 1
1 1 5
1 1 5
2 4
2
55 72
4
2 44
2 98
2 25
1 2 23
2
1 2
6
2 2
2 1
1 2 0
2 4
1 2 3
2 1
1
25
5
1 1 5
1 1 17
1 1 20
1 1 14
1 1 14
1
2
4
1 1 1
2 7
1 1 9
1 1 3
3
1 6 1
0
4
4 1 7 8
3
2 6
2 3
2 10
4
8 3 1 0
1
1 2 1
1
2
3
1 1 0
1 1 3
1 1 4
4
7 39 9 90
3
1 2 12
2 98
1 2 36
1
3
5
2 1
2 3
1 1 4
2 0
2 1
2
1 1
1
1 2 28
1
8
5
2 4
1 1 8
1 1 8
1 1 5
1 1 6
5
7 5 3 6 9
0
2
10 0
5
2 10
2 7
2 5
2 10
2 1
2
10 10
5
1 2 5
1 2 0
1 2 3
1 2 6
1 1 1
1
3
3
1 1 0
1 1 0
2 3
4
36 29 12 25
4
1 3 55
2 94
1 3 51
1 2 25
2
1 4
1
2 1
2
11 5
4
1 2 22
1 2 14
1 1 30
2 16
1
2
3
2 0
1 1 7
1 1 8
1
10
0
1
0
5
2 3
2 1
2 5
2 5
2 9
2
5 0
6
1 1 8
1 1 10
1 1 5
1 2 5
1 1 8
1 2 1
2
3 2
5
2 2
1 1 1
2 3
2 5
2 4
3
16 55 46
2
2 45
1 1 63
1
0
1
1 1 3
2
21 20
3
2 10
2 27
2 0
1
1
3
2 7
2 3
2 7
4
9 9 7 7
0
1
8
6
2 10
2 0
2 0
2 2
2 6
2 3
5
6 6 8 9 9
5
1 2 0
1 1 10
1 4 3
1 1 3
1 3 8
1
3
5
2 3
2 4
2 3
1 1 2
1 1 4
4
69 27 70 57
2
2 32
1 4 94
3
0 4 0
6
1 1 4
2 1
1 1 4
2 1
2 2
2 2
4
7 9 23 24
3
1 4 16
1 2 23
2 18
1
6
4
1 1 0
2 6
1 1 9
2 2
4
4 6 0 3
0
1
4
1
2 6
1
3
6
1 1 1
1 1 9
1 1 2
1 1 8
1 1 2
1 1 0
1
4
6
2 5
1 1 5
1 1 1
2 5
2 5
2 4
5
26 48 73 79 30
1
2 46
3
3 0 4
1
1 1 2
1
20
4
2 5
1 1 22
1 1 22
2 20
1
0
1
1 1 0
4
6 7 8 8
0
5
2 5 7 5 9
2
2 6
2 7
5
3 0 1 6 10
3
1 2 3
1 1 2
1 3 8
1
1
7
1 1 3
1 1 3
1 1 4
1 1 1
2 2
1 1 3
1 1 3
4
84 5 70 68
5
1 1 38
1 4 52
2 32
1 1 48
2 33
2
1 2
1
2 3
1
13
2
2 9
2 18
1
0
3
1 1 9
2 7
1 1 9
3
3 3 7
0
2
7 7
4
2 2
2 4
2 4
2 3
1
5
1
1 1 7
1
0
3
1 1 3
2 0
1 1 2
2
58 95
4
2 58
2 6
1 1 75
2 63
2
4 2
1
1 2 4
1
22
2
2 3
2 26
1
1
4
2 4
1 1 7
2 8
1 1 9
2
1 9
0
4
5 5 5 9
1
2 5
2
1 10
5
1 1 8
1 2 10
1 2 6
1 1 1
1 2 8
1
0
5
1 1 1
2 2
1 1 1
2 5
2 2
3
57 80 7
8
1 3 26
2 63
2 17
2 75
1 2 50
2 77
2 30
1 1 0
1
0
2
1 1 1
2 4
2
18 2
5
1 2 18
2 19
1 2 3
1 2 19
2 8
1
1
5
1 1 4
2 5
1 1 6
1 1 0
2 1
2
3 1
0
5
3 6 6 8 9
2
2 1
2 2
4
4 9 3 9
1
1 1 4
1
5
6
2 3
1 1 2
1 1 0
2 0
2 2
2 5
3
52 72 61
8
1 2 85
1 3 0
1 1 47
2 41
1 1 38
2 41
1 2 83
2 84
1
3
1
1 1 3
4
6 21 19 17
1
1 1 25
1
5
1
2 0
1
0
0
3
9 4 1
3
2 9
2 7
2 8
5
8 0 2 0 2
5
1 4 4
1 2 0
1 4 7
1 4 6
1 1 6
2
2 4
5
2 3
1 1 2
1 2 3
1 2 2
2 1
2
27 39
2
2 48
1 2 21
3
1 1 3
4
2 2
2 0
2 2
1 1 2
1
27
3
1 1 25
2 6
2 17
1
8
2
2 4
1 1 0
1
1
0
5
0 1 0 2 2
2
2 2
2 8
3
5 0 8
2
1 3 0
1 1 1
1
0
4
1 1 4
2 1
1 1 5
2 0
2
69 38
1
2 99
2
0 1
6
1 2 4
2 0
1 2 3
1 2 1
2 2
1 1 3
4
8 22 28 21
4
1 3 8
1 1 21
1 2 15
1 2 27
1
7
2
1 1 4
2 10
1
2
0
2
0 10
2
2 10
2 4
1
7
6
1 1 4
1 1 4
1 1 8
1 1 9
1 1 0
1 1 3
2
2 5
5
2 2
1 2 5
1 2 0
1 1 4
2 3
3
58 66 24
8
2 2
2 19
2 10
1 2 10
1 1 61
2 68
1 3 61
1 2 6
1
2
3
2 2
2 1
2 1
4
14 19 19 0
6
2 1
2 0
1 1 2
1 2 7
1 3 28
2 22
1
0
5
1 1 7
1 1 1
2 2
1 1 3
2 0
1
8
0
4
8 4 5 2
3
2 9
2 6
2 5
5
6 3 7 10 2
3
1 5 3
1 3 6
1 2 7
2
3 2
5
2 1
1 2 5
1 1 0
2 5
1 1 4
2
14 32
2
1 2 20
2 58
1
3
2
2 1
1 1 2
2
12 0
3
1 1 12
1 1 13
1 1 11
1
2
5
1 1 9
1 1 5
2 8
1 1 6
2 10
1
1
0
5
8 0 1 5 10
6
2 4
2 7
2 0
2 10
2 9
2 0
3
2 10 10
5
1 3 5
1 2 6
1 1 9
1 2 1
1 3 4
2
3 5
6
2 0
1 1 4
1 2 3
2 4
2 4
2 4
4
99 89 67 47
8
2 7
1 1 17
2 94
1 2 51
2 98
2 80
2 19
2 68
3
1 0 0
1
1 3 2
1
1
2
1 1 17
1 1 22
1
6
1
1 1 8
3
10 8 9
0
5
9 3 6 4 8
1
2 9
3
10 10 4
1
1 1 4
2
0 0
5
2 0
2 3
2 2
2 5
2 1
3
46 14 19
4
2 66
2 1
2 62
1 1 74
1
4
1
1 1 1
2
8 4
5
2 10
2 18
1 1 1
1 1 17
1 1 21
1
5
5
2 3
2 5
2 4
1 1 8
1 1 10
4
1 5 9 0
0
2
3 3
5
2 5
2 4
2 5
2 3
2 4
1
4
6
1 1 10
1 1 2
1 1 8
1 1 7
1 1 5
1 1 5
2
1 1
7
2 5
1 1 4
2 3
2 2
2 2
2 0
2 3
4
63 47 77 68
1
1 4 19
1
3
1
1 1 0
4
6 16 12 17
3
2 16
1 2 9
2 15
1
5
2
2 9
2 8
1
10
0
1
5
2
2 5
2 2
4
10 6 9 6
6
1 1 9
1 1 1
1 2 9
1 2 1
1 3 7
1 4 7
1
2
7
1 1 3
1 1 2
1 1 0
1 1 0
1 1 1
1 1 4
1 1 5
5
4 89 73 0 16
5
1 2 77
1 1 62
1 3 13
1 1 30
2 33
3
4 3 0
3
2 4
2 3
2 3
4
18 12 2 29
1
1 2 5
1
7
2
2 7
2 3
4
3 9 8 2
0
3
1 8 10
3
2 2
2 1
2 6
3
8 0 5
4
1 1 7
1 1 3
1 2 5
1 2 10
2
0 5
5
2 1
1 1 0
1 1 1
2 3
1 2 1
4
19 54 96 53
8
2 71
2 85
1 1 50
1 2 94
1 1 11
1 2 27
2 40
1 3 85
2
1 3
3
2 3
1 2 2
2 3
3
12 30 13
5
2 20
2 9
2 2
2 3
2 18
1
4
2
2 4
1 1 1
4
4 7 1 5
0
4
1 9 3 5
6
2 5
2 3
2 3
2 7
2 6
2 5
5
4 0 8 2 3
1
1 2 9
1
4
7
1 1 0
1 1 3
2 5
2 4
1 1 2
1 1 5
1 1 4
5
60 55 46 50 13
2
2 59
2 39
3
0 3 1
4
1 2 0
2 2
1 2 1
2 3
4
29 19 13 15
6
1 1 13
1 2 0
2 10
1 2 29
1 1 23
1 2 26
1
7
5
1 1 7
1 1 6
2 4
1 1 9
1 1 0
5
5 8 4 5 1
0
5
4 4 4 2 8
6
2 0
2 2
2 9
2 10
2 2
2 10
3
0 3 10
6
1 3 9
1 1 9
1 1 3
1 1 7
1 3 2
1 1 3
1
3
6
2 2
1 1 1
1 1 4
2 2
2 4
2 4
3
82 26 36
3
1 3 65
2 100
2 42
1
1
4
2 2
1 1 3
1 1 3
2 3
2
5 29
6
1 2 7
1 2 9
2 5
2 29
2 15
2 21
1
5
2
2 1
1 1 0
2
1 10
0
4
5 0 5 4
1
2 3
4
7 9 5 2
2
1 1 1
1 3 4
2
2 3
7
1 2 0
2 1
1 2 5
2 5
1 1 3
1 1 1
1 2 5
4
32 67 9 17
8
1 3 69
2 3
2 89
2 20
1 1 59
1 3 52
2 88
1 3 32
2
0 1
4
2 3
1 1 3
1 1 1
1 1 1
2
10 27
2
2 17
1 2 9
1
5
5
2 8
1 1 2
2 4
2 0
2 10
5
6 8 7 8 7
0
4
9 1 6 0
2
2 4
2 5
3
5 5 2
4
1 3 2
1 2 4
1 2 7
1 3 5
2
0 0
4
1 2 3
2 1
1 2 1
1 2 5
4
81 42 72 5
8
2 46
2 64
2 42
2 55
1 2 31
1 1 98
1 3 15
1 1 73
1
4
5
2 4
1 1 3
1 1 0
2 3
2 1
2
30 19
6
1 1 29
1 2 20
1 2 23
2 22
1 2 29
2 26
1
10
3
2 3
1 1 10
2 4
1
7
0
1
0
2
2 7
2 7
1
3
1
1 1 0
1
4
7
1 1 1
1 1 1
1 1 4
2 4
1 1 3
2 4
2 1
3
1 3 72
4
1 1 54
2 35
2 89
1 2 60
2
0 2
3
2 0
1 2 2
1 1 1
3
16 14 3
2
1 2 7
1 1 27
1
6
4
1 1 5
2 1
1 1 7
2 2
1
9
0
1
5
4
2 8
2 8
2 4
2 7
4
7 10 8 3
3
1 2 4
1 3 5
1 4 8
1
5
5
1 1 0
2 5
2 5
2 5
1 1 1
3
30 26 30
7
2 98
2 80
1 1 80
1 3 28
2 47
2 9
1 2 63
2
4 1
6
2 3
2 2
1 2 0
2 3
1 2 0
2 3
3
12 20 19
4
1 1 8
1 3 13
2 15
2 17
1
6
1
1 1 1
1
1
0
3
6 9 8
5
2 2
2 1
2 10
2 1
2 1
4
4 4 8 1
3
1 2 6
1 3 9
1 4 5
2
5 5
7
1 1 5
2 5
1 2 3
2 5
1 1 5
2 2
1 1 1
4
71 98 42 46
4
2 17
1 2 49
2 82
1 4 72
2
0 1
1
2 1
4
13 8 17 1
6
1 4 11
1 4 25
1 2 29
2 6
2 28
2 7
1
8
4
1 1 5
2 7
1 1 6
1 1 9
3
1 0 2
0
4
0 5 3 1
4
2 2
2 4
2 6
2 9
5
6 8 1 9 8
4
1 3 0
1 3 3
1 1 6
1 4 1
2
0 3
6
1 2 2
2 0
2 3
2 0
2 3
2 1
5
94 60 85 8 84
7
1 3 72
1 3 69
2 67
2 57
2 89
1 1 66
1 3 53
3
2 3 2
4
2 3
1 2 0
2 4
1 2 2
4
20 17 21 18
6
2 28
1 1 3
1 2 8
2 1
2 11
1 4 26
1
3
5
1 1 7
1 1 9
2 0
1 1 3
2 3
2
8 4
0
5
7 4 3 5 7
1
2 8
5
10 2 8 2 4
5
1 3 1
1 2 5
1 4 8
1 2 0
1 3 4
2
3 5
5
1 2 4
1 1 0
1 2 0
1 1 4
1 2 1
2
63 16
1
1 2 67
3
0 2 1
6
2 2
1 2 4
1 1 0
1 3 3
2 4
1 1 3
2
14 7
5
1 1 17
2 24
1 2 28
2 0
2 27
1
5
3
2 8
1 1 3
1 1 10
5
8 0 1 5 5
0
5
3 0 6 1 6
6
2 9
2 1
2 1
2 10
2 7
2 5
2
7 5
5
1 2 7
1 2 6
1 2 5
1 2 3
1 1 6
2
5 5
7
2 2
2 0
1 1 2
1 1 2
1 2 0
1 2 5
2 1
3
40 68 54
8
2 20
1 3 64
2 18
1 1 26
1 1 89
1 1 20
1 2 39
1 2 100
2
0 4
6
1 1 0
1 1 2
1 2 4
1 2 3
1 1 3
1 1 1
1
20
6
1 1 10
2 9
2 17
2 7
2 17
1 1 26
1
6
3
2 0
2 7
2 9
1
6
0
1
7
1
2 5
1
10
6
1 1 2
1 1 2
1 1 0
1 1 5
1 1 1
1 1 3
1
3
7
2 5
1 1 2
2 2
2 5
1 1 2
2 3
1 1 2
2
43 11
8
1 2 13
2 18
2 20
2 99
2 37
2 22
1 2 23
2 14
3
4 3 0
3
1 3 4
2 3
1 2 0
4
28 13 1 21
5
1 3 7
2 24
2 9
1 3 1
2 9
1
3
3
2 9
1 1 6
1 1 6
4
4 7 1 6
0
5
6 8 7 2 5
3
2 7
2 10
2 3
1
1
6
1 1 6
1 1 1
1 1 8
1 1 10
1 1 6
1 1 1
1
5
4
2 2
1 1 2
1 1 3
1 1 5
5
89 92 1 75 60
5
2 40
1 1 92
2 66
2 22
2 79
3
0 2 1
1
2 4
2
13 14
3
1 2 11
1 1 13
1 2 12
1
6
1
1 1 1
2
9 1
0
2
4 2
1
2 1
3
10 10 1
6
1 3 7
1 3 10
1 3 2
1 1 1
1 3 5
1 1 5
2
0 1
6
1 2 2
1 2 1
1 2 1
2 5
1 2 5
1 2 1
3
63 58 89
3
1 2 85
1 2 17
1 2 64
3
1 0 3
2
1 2 3
2 0
1
10
5
1 1 8
1 1 5
2 26
2 29
1 1 4
1
6
2
1 1 6
1 1 4
4
0 7 5 10
0
2
6 2
1
2 9
2
1 10
2
1 2 5
1 2 2
2
0 2
6
1 1 3
2 3
1 1 1
2 1
2 2
1 1 2
4
67 18 49 90
5
1 1 24
1 1 24
1 3 49
2 71
2 45
3
0 3 0
5
1 3 1
1 1 4
1 2 3
2 4
1 3 4
3
18 12 25
1
2 8
1
4
2
1 1 9
2 3
2
8 9
0
2
1 10
1
2 5
4
9 8 5 9
3
1 1 5
1 2 0
1 2 6
1
3
6
1 1 1
1 1 0
1 1 2
1 1 4
1 1 0
1 1 5
5
19 5 54 8 62
6
1 4 31
1 5 60
1 5 29
2 57
2 71
1 1 86
1
1
5
2 3
1 1 2
1 1 3
1 1 4
1 1 0
1
28
2
2 25
2 16
1
5
2
1 1 4
2 10
1
9
0
1
10
2
2 7
2 1
3
3 4 8
2
1 1 9
1 3 2
1
4
6
2 2
2 5
1 1 3
2 2
1 1 1
2 3
2
76 60
6
1 1 51
1 1 42
2 5
1 2 92
2 19
2 85
3
4 3 0
6
2 3
1 2 4
2 3
1 3 0
1 1 2
2 1
1
15
4
2 0
1 1 27
1 1 13
2 1
1
10
3
1 1 2
1 1 6
1 1 2
2
10 10
0
2
1 4
5
2 7
2 10
2 3
2 3
2 3
1
7
2
1 1 4
1 1 8
2
0 0
7
2 1
1 1 0
2 0
2 2
1 2 4
1 1 3
1 2 5
2
77 100
4
2 12
2 67
2 100
1 1 16
3
1 1 2
4
2 3
2 3
2 2
1 1 3
4
22 21 30 3
4
2 15
2 7
2 19
2 29
1
4
4
1 1 8
1 1 10
2 2
1 1 1
3
4 9 1
0
2
2 10
5
2 6
2 3
2 7
2 9
2 7
2
9 4
4
1 2 1
1 1 0
1 1 3
1 1 0
1
0
4
2 0
1 1 5
2 1
2 0
2
91 81
8
1 1 64
2 55
2 17
1 2 81
2 10
2 39
2 64
2 41
3
0 3 4
3
2 3
2 0
1 1 0
1
12
3
2 21
2 9
2 17
1
0
5
2 0
2 5
2 1
1 1 3
1 1 7
1
4
0
5
5 6 7 1 0
2
2 8
2 6
3
3 3 8
4
1 2 4
1 1 5
1 3 4
1 2 0
2
5 4
5
1 1 3
1 2 0
2 1
2 4
1 1 2
4
91 3 45 56
7
1 2 36
2 98
1 1 75
1 2 37
2 45
1 2 57
2 1
3
4 0 0
5
1 2 3
2 2
2 2
1 1 4
1 3 0
2
27 17
4
2 16
1 1 9
2 18
2 10
1
3
4
1 1 0
2 1
1 1 5
1 1 9
2
2 0
0
1
6
3
2 4
2 5
2 10
1
5
2
1 1 3
1 1 5
1
4
7
1 1 2
2 3
2 4
2 3
2 3
2 5
2 3
3
4 18 82
5
1 3 79
2 25
2 89
1 3 77
2 32
3
3 3 4
6
1 2 2
2 0
2 3
2 1
1 2 0
1 1 2
3
22 19 30
2
2 13
2 1
1
8
5
1 1 4
1 1 2
2 1
2 2
2 8
2
7 3
0
4
7 1 7 9
3
2 4
2 4
2 1
4
2 0 5 9
4
1 2 7
1 2 0
1 4 6
1 4 4
2
2 3
3
1 1 4
2 0
1 1 2
5
83 60 70 13 99
8
2 49
2 39
1 4 47
2 31
2 9
2 72
2 21
2 88
1
0
5
2 1
1 1 2
2 3
1 1 3
1 1 2
4
16 2 2 18
2
1 1 2
1 3 12
1
4
1
1 1 2
5
0 0 7 9 6
0
2
6 2
6
2 1
2 1
2 3
2 8
2 1
2 4
5
8 10 0 9 5
1
1 2 1
1
1
3
2 1
1 1 4
1 1 4
2
20 66
8
1 1 55
2 1
1 2 89
2 92
2 6
1 2 7
2 31
2 6
1
0
2
2 3
1 1 3
3
16 28 5
3
1 1 28
1 1 17
1 1 4
1
4
2
2 8
1 1 10
1
6
0
1
6
2
2 4
2 6
4
2 7 1 8
5
1 2 8
1 3 0
1 2 8
1 1 4
1 2 10
1
1
4
1 1 5
1 1 5
1 1 3
2 5
4
61 18 79 7
4
2 77
1 3 34
2 49
1 1 17
3
2 3 1
4
2 0
2 2
2 3
1 3 2
4
29 10 29 14
2
2 15
1 3 14
1
10
4
1 1 3
1 1 0
2 9
2 2
1
2
0
3
5 1 8
5
2 8
2 7
2 7
2 9
2 9
4
7 2 7 4
4
1 3 1
1 1 1
1 4 4
1 3 10
2
4 1
3
2 2
1 1 2
1 2 4
3
52 67 92
8
2 22
1 2 61
1 1 57
2 87
2 13
2 33
1 2 36
2 92
3
3 0 0
5
2 1
2 4
2 1
1 3 4
1 2 0
3
17 24 2
2
2 10
1 2 16
1
8
2
1 1 7
2 5
5
2 0 3 5 3
0
5
4 9 9 4 5
5
2 3
2 9
2 4
2 10
2 5
3
9 1 0
4
1 2 7
1 2 9
1 3 8
1 3 6
2
4 4
5
1 2 3
2 3
1 1 3
2 1
2 0
3
4 100 16
1
2 23
1
4
6
2 0
2 3
2 2
1 1 1
1 1 3
2 1
2
8 23
5
1 2 11
1 1 8
2 17
1 2 21
2 29
1
5
1
2 4
3
2 8 2
0
3
6 0 2
6
2 1
2 3
2 0
2 4
2 2
2 8
1
0
4
1 1 6
1 1 1
1 1 2
1 1 4
1
5
4
2 3
1 1 5
2 5
1 1 0
3
67 87 48
5
2 77
1 1 51
2 45
1 3 11
1 2 46
2
4 2
4
1 2 4
1 1 4
2 1
2 2
3
9 20 21
2
1 3 16
1 3 9
1
10
1
2 9
4
6 3 4 9
0
2
8 2
3
2 3
2 4
2 4
2
5 2
5
1 2 6
1 1 5
1 1 5
1 1 5
1 1 0
1
5
5
2 4
2 5
2 4
1 1 5
1 1 1
3
17 99 100
6
1 1 14
2 50
1 1 97
1 1 21
2 0
1 2 64
1
1
2
2 2
2 1
4
21 25 22 20
3
1 1 5
2 18
2 2
1
9
2
1 1 9
2 2
3
4 4 6
0
3
9 0 6
6
2 6
2 0
2 7
2 4
2 10
2 1
1
10
4
1 1 10
1 1 10
1 1 4
1 1 2
2
4 3
6
2 3
2 5
1 1 2
1 1 0
2 1
1 1 4
5
75 7 7 67 99
8
2 96
2 25
2 97
1 2 72
1 2 19
1 4 14
1 4 1
1 1 19
2
3 2
3
1 2 3
2 3
2 2
1
1
1
1 1 17
1
1
2
2 2
2 4
4
0 3 2 8
0
3
3 1 8
4
2 10
2 10
2 8
2 8
3
2 0 6
2
1 3 0
1 1 0
2
0 2
7
1 2 4
1 1 0
1 1 5
2 0
1 2 1
1 1 3
2 2
3
32 48 31
7
1 1 57
2 75
1 3 42
1 1 7
2 59
1 2 54
2 27
1
0
2
2 4
1 1 4
1
5
6
1 1 16
1 1 9
2 22
2 27
1 1 29
1 1 22
1
3
1
2 10
4
2 3 8 7
0
3
0 10 9
3
2 6
2 5
2 5
2
1 1
2
1 1 1
1 1 5
1
4
3
2 1
1 1 0
1 1 1
3
35 62 89
3
2 35
2 11
1 3 32
2
3 4
5
1 1 4
2 4
1 1 1
1 2 1
1 1 3
1
28
2
2 2
1 1 9
1
1
4
1 1 1
2 7
1 1 3
1 1 7
2
9 1
0
2
10 7
2
2 10
2 0
5
0 0 9 0 5
3
1 4 9
1 4 8
1 2 6
2
1 3
4
2 3
1 2 3
2 1
1 1 3
3
20 40 86
3
1 1 78
1 2 30
2 99
1
2
6
2 2
2 0
1 1 3
2 4
1 1 3
1 1 4
1
14
1
1 1 19
1
3
1
2 2
2
3 9
0
2
0 5
1
2 3
1
2
5
1 1 5
1 1 6
1 1 5
1 1 5
1 1 3
2
5 3
6
1 2 5
1 1 2
1 2 0
1 1 3
2 2
1 1 4
2
19 34
8
2 68
2 43
2 6
2 43
2 91
2 88
1 1 10
1 2 100
3
2 3 2
4
1 3 2
2 4
2 4
1 3 4
1
29
6
2 19
1 1 2
2 7
2 17
2 10
1 1 27
1
0
1
1 1 9
1
10
0
3
2 4 8
5
2 0
2 5
2 8
2 4
2 10
5
8 9 4 3 6
3
1 1 3
1 5 9
1 5 10
2
2 5
5
2 5
2 2
1 1 4
2 4
2 5
5
56 12 33 55 64
8
1 4 16
2 61
1 4 88
1 4 36
1 5 56
2 32
2 13
1 5 29
3
4 4 2
4
2 4
1 1 3
1 3 2
2 0
2
30 8
1
1 2 5
1
1
3
1 1 7
2 7
2 7
5
10 9 0 2 10
0
5
6 6 0 1 5
5
2 7
2 8
2 5
2 2
2 1
5
5 8 1 3 3
2
1 3 2
1 3 4
1
1
4
1 1 3
1 1 2
1 1 5
2 3
5
40 47 45 76 63
6
1 5 19
2 96
2 74
1 4 3
1 2 82
2 42
2
1 4
2
1 2 4
1 2 2
3
8 0 7
2
2 12
1 2 16
1
2
4
1 1 8
2 6
1 1 0
2 2
2
5 10
0
1
5
3
2 5
2 1
2 2
3
1 4 1
2
1 3 2
1 1 5
2
5 3
5
2 1
1 1 5
2 4
2 5
1 1 1
2
95 34
6
1 2 79
2 45
1 2 86
1 2 56
2 78
2 48
2
3 4
1
1 1 3
3
15 7 3
1
2 29
1
4
5
2 6
2 10
2 3
1 1 10
1 1 2
4
6 1 3 10
0
1
6
3
2 3
2 8
2 2
4
5 2 0 1
3
1 1 7
1 1 10
1 3 0
1
5
4
2 1
2 1
2 1
2 0
2
35 8
2
1 1 16
2 23
1
4
1
2 1
4
5 12 8 13
2
2 18
2 7
1
7
2
1 1 2
1 1 9
1
4
0
4
2 4 3 2
6
2 0
2 5
2 0
2 2
2 10
2 10
4
6 5 2 9
3
1 4 5
1 3 0
1 4 7
2
4 5
4
1 1 4
2 2
2 1
2 4
3
7 36 49
4
1 3 32
2 17
2 47
2 17
1
2
2
1 1 1
1 1 4
3
17 14 11
4
2 8
1 1 0
1 3 10
2 28
1
7
2
1 1 3
2 2
5
1 6 5 5 5
0
1
3
6
2 10
2 7
2 5
2 8
2 10
2 5
4
2 10 3 7
4
1 1 2
1 4 4
1 4 1
1 4 6
1
5
6
1 1 5
1 1 3
2 4
2 3
2 0
2 3
4
45 20 11 45
8
1 3 38
2 85
1 2 33
2 85
2 70
2 63
2 81
2 26
1
4
3
2 2
2 0
1 1 0
1
23
5
2 27
2 5
1 1 11
2 4
1 1 4
1
2
3
1 1 10
1 1 8
1 1 10
4
10 10 2 2
0
5
4 5 5 3 5
3
2 7
2 6
2 8
3
8 3 2
1
1 1 5
2
4 3
4
2 2
1 1 4
2 5
1 1 4
4
100 2 11 86
1
1 2 16
2
0 0
2
1 2 0
2 3
3
30 27 22
2
2 6
1 3 19
1
2
3
1 1 7
1 1 2
2 2
1
1
0
2
9 7
3
2 7
2 0
2 9
5
0 4 10 9 4
2
1 3 1
1 5 4
2
5 4
5
1 2 0
1 1 3
2 1
1 1 1
1 1 4
3
12 82 62
5
1 1 97
2 34
2 42
2 0
1 1 67
3
4 1 3
3
2 0
1 2 0
1 3 4
1
10
2
2 28
1 1 15
1
2
5
2 0
2 6
2 1
1 1 10
1 1 9
3
7 5 7
0
1
6
1
2 10
3
9 5 1
1
1 2 6
2
4 2
7
2 5
1 2 2
1 2 0
2 4
2 1
2 1
2 3
5
55 36 8 15 81
5
2 70
2 16
2 21
1 2 61
1 2 44
1
3
5
2 1
2 1
1 1 1
2 2
2 2
3
3 18 16
5
1 3 14
1 1 30
1 2 24
1 1 24
1 3 24
1
6
5
1 1 6
2 0
1 1 3
1 1 7
1 1 1
1
4
0
1
7
2
2 10
2 3
4
3 1 9 9
4
1 1 10
1 1 7
1 1 6
1 4 8
1
3
6
2 4
2 4
2 0
1 1 0
1 1 1
1 1 4
3
43 24 76
3
1 1 88
1 1 19
1 2 55
1
1
6
2 4
1 1 2
1 1 2
1 1 2
2 4
1 1 0
3
7 4 20
2
1 2 25
2 2
1
0
5
2 7
1 1 10
2 3
2 9
1 1 7
2
9 3
0
4
2 10 8 4
5
2 7
2 1
2 7
2 1
2 10
3
8 1 7
4
1 1 4
1 1 6
1 2 10
1 2 1
1
4
7
1 1 3
1 1 3
2 0
1 1 5
1 1 2
2 0
1 1 4
3
28 65 61
2
1 1 20
1 3 55
2
3 1
2
1 1 0
1 2 0
3
24 3 17
3
1 3 7
1 3 0
1 1 19
1
9
5
2 9
2 0
2 9
2 8
1 1 8
1
6
0
1
3
4
2 0
2 3
2 3
2 9
3
6 9 0
1
1 2 5
1
3
5
1 1 2
1 1 1
2 5
1 1 0
1 1 3
3
6 78 10
3
2 44
1 1 82
1 3 60
1
0
3
1 1 4
1 1 2
1 1 1
1
19
3
1 1 19
2 13
2 4
1
1
2
2 3
2 2
1
3
0
3
3 3 9
5
2 0
2 10
2 3
2 4
2 6
2
6 3
3
1 1 7
1 1 9
1 1 0
1
4
3
1 1 2
1 1 3
1 1 3
2
56 42
3
2 34
2 99
2 81
2
2 1
2
1 2 2
1 1 3
1
5
5
1 1 2
1 1 20
2 17
2 23
1 1 16
1
2
2
2 3
1 1 7
4
4 0 9 2
0
1
1
3
2 1
2 8
2 8
5
1 5 6 3 1
4
1 3 0
1 2 5
1 5 0
1 3 4
1
5
3
2 5
2 0
1 1 4
4
56 65 82 36
1
2 33
2
4 1
2
2 4
1 2 4
1
11
4
2 27
2 5
2 28
2 7
1
7
3
1 1 8
2 1
1 1 8
2
1 8
0
3
3 5 6
5
2 10
2 0
2 1
2 2
2 4
1
2
3
1 1 7
1 1 0
1 1 9
1
2
5
1 1 5
2 1
2 1
2 5
2 0
5
90 90 78 86 76
5
2 3
1 5 30
2 22
1 1 99
1 3 73
2
3 3
1
2 0
3
11 5 9
5
1 3 22
2 26
1 2 3
1 3 15
2 24
1
3
1
1 1 5
4
5 6 1 5
0
5
10 2 6 2 6
1
2 7
3
9 1 1
2
1 1 4
1 2 1
2
3 5
4
2 1
2 2
1 1 2
1 2 3
2
61 73
1
1 2 48
1
1
3
1 1 3
2 4
2 2
4
20 7 10 16
2
1 4 11
2 21
1
7
4
2 9
1 1 7
2 3
2 0
1
6
0
3
1 7 0
4
2 0
2 5
2 6
2 2
4
8 1 8 5
1
1 1 0
2
3 2
5
1 2 3
1 1 0
2 3
1 2 5
1 1 0
4
27 66 39 75
5
1 1 73
1 3 56
2 52
1 3 77
2 47
3
0 0 4
6
2 2
2 1
1 1 3
1 1 2
2 2
2 4
4
1 3 25 11
6
1 2 9
2 2
2 1
2 0
1 2 0
1 3 19
1
4
5
2 0
2 6
1 1 8
2 9
1 1 3
1
1
0
3
4 3 3
3
2 0
2 2
2 9
2
10 2
5
1 2 9
1 1 8
1 1 1
1 1 10
1 1 7
1
0
5
2 4
1 1 5
2 1
1 1 3
2 0
2
93 62
1
1 2 96
1
1
5
2 4
2 3
2 1
2 4
1 1 2
3
7 16 19
2
2 23
1 3 19
1
9
1
2 3
5
10 10 5 0 7
0
2
1 8
2
2 8
2 6
2
1 2
6
1 2 1
1 2 7
1 1 7
1 1 6
1 2 9
1 2 5
2
4 2
5
1 2 1
2 5
1 1 5
1 2 0
1 2 3
2
72 16
8
2 80
1 2 74
1 2 10
1 1 60
2 69
1 1 45
2 5
2 65
3
4 1 3
6
2 4
2 3
2 2
1 1 2
2 3
1 1 0
3
13 6 25
4
1 1 22
2 21
2 5
2 29
1
1
3
1 1 7
2 3
1 1 3
1
8
0
2
3 6
3
2 9
2 2
2 3
3
9 3 3
1
1 2 3
2
1 2
5
1 1 2
1 1 5
2 3
1 1 1
2 5
3
48 19 47
7
1 3 47
2 31
1 2 53
2 16
1 2 73
1 1 13
1 2 55
3
0 4 0
6
2 0
2 1
2 3
1 1 2
1 2 1
1 2 2
1
26
6
1 1 3
1 1 29
2 18
1 1 11
2 23
2 21
1
8
4
2 5
1 1 3
1 1 10
2 7
4
5 9 0 5
0
4
6 8 8 3
1
2 6
5
10 6 5 4 0
4
1 5 6
1 3 8
1 5 5
1 1 0
2
3 1
4
1 1 2
1 2 5
2 2
2 0
4
44 56 68 69
2
1 3 55
2 2
2
0 0
6
1 2 0
2 1
2 0
1 2 2
1 1 3
2 4
3
25 10 22
5
1 2 4
2 24
2 12
2 1
2 28
1
0
4
2 7
1 1 1
1 1 9
1 1 0
1
8
0
3
1 9 4
3
2 3
2 3
2 4
1
5
6
1 1 1
1 1 7
1 1 8
1 1 2
1 1 3
1 1 3
2
0 5
6
1 1 2
1 1 5
2 4
1 1 2
1 1 3
2 4
5
37 49 22 87 89
7
1 1 35
1 5 47
1 1 68
1 1 8
1 5 35
1 5 79
2 98
2
4 2
1
2 3
1
21
5
1 1 5
2 24
2 23
1 1 14
1 1 14
1
7
3
1 1 0
1 1 3
1 1 8
1
2
0
1
0
3
2 3
2 8
2 6
5
1 10 2 4 2
3
1 4 8
1 3 7
1 5 1
2
3 3
4
2 5
2 2
2 3
2 4
3
72 27 78
2
1 1 74
1 1 27
3
2 0 1
6
1 1 0
1 3 4
1 1 2
1 1 3
2 1
1 1 3
1
23
6
2 17
2 17
2 11
2 24
2 9
1 1 30
1
10
2
1 1 1
2 0
3
0 4 3
0
1
9
3
2 9
2 5
2 4
2
2 1
3
1 1 3
1 2 4
1 2 0
2
0 4
3
1 1 4
1 2 2
1 1 0
2
28 54
4
2 60
2 37
2 93
2 10
2
3 3
2
1 2 0
1 2 0
3
18 26 6
1
1 2 20
1
7
3
2 4
2 2
2 0
4
2 6 0 10
0
2
8 2
4
2 3
2 10
2 8
2 7
3
8 0 3
5
1 3 10
1 3 4
1 3 4
1 1 5
1 1 9
1
0
5
2 2
1 1 3
2 3
1 1 4
2 5
5
88 82 18 12 6
8
2 92
1 3 93
2 4
2 13
1 5 25
2 49
1 5 13
2 61
2
3 1
3
2 0
2 3
1 2 0
3
11 0 21
6
2 1
1 1 14
1 1 12
1 2 26
1 1 13
2 29
1
5
1
2 5
2
9 10
0
5
7 2 4 8 8
5
2 10
2 6
2 3
2 3
2 0
1
9
6
1 1 4
1 1 5
1 1 0
1 1 7
1 1 5
1 1 5
2
5 0
3
2 0
1 2 2
1 2 4
3
23 13 21
8
1 2 30
2 82
1 2 67
1 1 31
1 1 51
2 68
1 1 9
2 3
3
1 4 0
5
2 0
1 2 3
2 3
1 1 4
1 2 2
4
30 10 27 7
3
2 6
1 3 22
2 2
1
5
1
2 9
3
0 2 2
0
3
5 4 8
5
2 8
2 8
2 1
2 8
2 9
4
3 10 8 3
5
1 2 8
1 1 8
1 3 9
1 3 8
1 1 10
1
3
3
2 4
1 1 2
1 1 4
5
96 22 60 2 2
5
2 61
1 5 26
2 93
1 1 30
2 25
3
1 4 0
3
2 3
1 3 0
1 1 0
1
5
1
2 16
1
6
4
2 10
2 9
1 1 5
1 1 3
1
9
0
3
9 6 1
1
2 10
4
0 1 10 5
4
1 2 2
1 4 7
1 2 9
1 2 10
1
2
6
1 1 3
2 4
2 3
1 1 5
2 2
2 1
4
51 6 47 77
4
2 98
2 7
1 1 18
2 86
1
4
3
2 3
1 1 0
2 3
1
21
4
1 1 24
1 1 25
2 16
2 9
1
9
5
2 7
2 4
1 1 5
2 9
1 1 3
5
4 7 3 9 1
0
1
6
6
2 7
2 1
2 9
2 7
2 8
2 2
2
2 4
3
1 2 1
1 2 0
1 2 4
1
3
3
2 0
1 1 4
1 1 1
4
68 8 77 97
3
2 90
2 5
2 14
3
4 1 3
4
1 3 2
1 2 0
2 3
1 1 1
4
28 10 4 14
1
1 4 20
1
6
2
1 1 4
2 6
5
1 5 9 5 3
0
3
7 2 7
1
2 2
1
1
2
1 1 4
1 1 6
2
0 5
3
1 1 1
1 2 5
2 5
4
1 80 68 4
5
1 1 67
2 95
2 45
1 1 67
2 92
2
0 2
3
2 2
1 2 1
1 2 0
4
22 5 4 29
6
1 2 10
2 24
2 3
1 4 22
2 12
1 3 9
1
5
3
1 1 8
1 1 10
2 4
5
10 9 4 3 8
0
1
0
6
2 4
2 10
2 10
2 1
2 6
2 8
1
10
4
1 1 4
1 1 8
1 1 7
1 1 9
2
0 2
4
2 1
2 3
2 5
1 2 1
4
68 76 51 80
5
1 4 66
2 65
2 5
1 1 45
1 1 47
2
0 0
6
2 3
2 1
1 2 2
2 4
2 2
2 0
2
21 21
4
1 1 7
1 1 16
2 19
2 18
1
8
4
2 6
1 1 1
1 1 4
1 1 4
5
1 3 7 3 4
0
2
6 3
2
2 8
2 0
4
2 0 2 2
5
1 1 1
1 3 6
1 3 9
1 1 10
1 4 0
2
0 5
4
1 2 1
2 0
2 5
2 0
3
45 91 79
3
1 3 6
1 1 95
2 11
2
3 2
3
2 0
1 1 0
1 2 4
1
24
5
2 29
2 6
2 3
2 20
2 25
1
0
1
1 1 7
1
4
0
1
10
2
2 9
2 2
2
6 1
4
1 2 8
1 1 8
1 2 10
1 2 8
1
1
4
2 0
2 4
1 1 2
1 1 0
2
24 82
6
1 2 85
2 86
2 9
1 2 7
1 1 45
2 71
3
4 1 0
1
2 4
3
3 0 21
3
2 16
1 3 14
1 3 18
1
7
5
2 0
2 6
2 8
1 1 9
1 1 9
5
4 9 3 1 3
0
4
2 8 4 4
3
2 2
2 1
2 9
1
7
4
1 1 8
1 1 5
1 1 9
1 1 7
2
1 0
3
2 3
2 4
2 3
2
36 14
3
2 43
2 6
1 2 13
2
3 2
6
1 2 2
2 4
2 4
1 2 1
2 0
2 0
4
5 21 16 14
3
1 1 27
1 2 10
2 12
1
5
5
2 0
2 0
1 1 5
1 1 0
1 1 9
4
9 6 10 9
0
3
9 8 9
1
2 7
1
6
2
1 1 4
1 1 0
1
4
3
1 1 0
2 1
2 2
3
85 45 2
2
2 4
1 2 21
1
2
6
2 0
2 2
2 3
2 1
2 3
1 1 0
2
9 17
1
1 2 23
1
10
3
2 7
1 1 0
2 6
3
2 8 0
0
1
4
6
2 8
2 8
2 7
2 4
2 2
2 6
2
7 8
5
1 1 7
1 1 5
1 2 0
1 1 5
1 2 8
1
5
7
2 4
1 1 2
2 3
2 0
2 3
1 1 0
2 5
2
72 72
3
2 57
1 1 95
2 84
1
0
6
1 1 2
2 4
1 1 1
2 2
2 3
1 1 2
1
0
4
2 1
1 1 0
2 25
2 11
1
0
5
1 1 4
2 2
1 1 3
2 10
1 1 8
3
5 4 7
0
1
9
2
2 4
2 0
1
6
4
1 1 2
1 1 2
1 1 1
1 1 1
2
4 5
7
1 1 3
1 2 1
2 2
1 1 4
1 1 4
1 1 3
2 4
4
96 91 75 24
4
1 1 60
2 66
1 3 30
2 95
3
3 4 0
6
2 3
1 1 1
1 3 0
1 3 0
1 3 0
1 3 1
1
25
3
1 1 11
1 1 26
1 1 1
1
1
3
1 1 6
1 1 7
1 1 2
5
2 9 6 10 6
0
4
5 4 4 2
5
2 9
2 5
2 9
2 10
2 2
3
6 7 4
1
1 1 9
1
3
5
2 1
2 3
2 5
2 0
2 4
4
61 80 69 50
2
1 3 60
2 12
3
4 4 1
6
1 1 3
1 2 2
1 1 2
2 3
1 2 1
2 3
3
4 12 22
2
2 18
1 3 7
1
4
3
2 4
1 1 5
1 1 0
5
9 0 0 9 8
0
1
4
6
2 4
2 5
2 7
2 3
2 8
2 1
2
4 7
1
1 2 8
1
1
6
2 0
2 0
1 1 5
2 1
1 1 2
1 1 5
3
57 53 35
8
1 3 99
1 1 52
2 41
2 53
2 28
2 54
1 2 34
1 2 91
1
1
3
1 1 0
1 1 2
1 1 0
2
19 20
4
2 17
1 1 17
2 12
2 21
1
5
1
1 1 6
2
8 10
0
5
9 0 6 6 9
5
2 2
2 0
2 0
2 10
2 9
1
7
4
1 1 2
1 1 10
1 1 3
1 1 2
2
5 2
7
1 1 1
1 2 0
2 5
2 1
2 0
1 2 0
2 4
2
49 18
5
1 1 24
2 18
1 1 34
1 1 48
1 2 71
1
4
4
2 2
2 4
1 1 3
2 3
4
22 1 20 8
1
1 4 10
1
8
4
2 0
2 9
1 1 0
2 2
1
9
0
4
7 2 5 3
2
2 0
2 5
2
10 8
5
1 2 8
1 2 3
1 1 10
1 1 10
1 1 0
2
3 4
4
2 1
1 2 1
2 5
1 1 1
5
31 89 100 10 22
3
1 5 16
1 4 16
2 17
1
3
3
1 1 4
2 3
1 1 3
4
3 8 8 4
1
1 4 6
1
8
5
1 1 9
1 1 6
1 1 1
1 1 5
1 1 5
2
2 0
0
1
1
2
2 4
2 4
4
10 6 3 1
6
1 3 6
1 1 6
1 1 4
1 4 10
1 3 2
1 4 7
1
2
5
2 1
2 4
1 1 1
2 2
2 5
4
48 97 26 4
8
2 6
2 30
2 23
1 2 41
1 2 64
1 1 76
2 4
2 10
3
3 0 1
3
2 1
1 3 4
2 4
2
27 28
3
2 4
1 1 1
1 1 28
1
8
1
1 1 4
1
10
0
1
0
6
2 10
2 1
2 9
2 1
2 9
2 3
5
1 7 2 1 1
2
1 3 3
1 3 10
2
1 2
4
1 1 4
1 2 3
2 3
1 1 5
5
40 92 71 87 70
5
1 5 25
2 54
1 5 41
1 1 20
1 3 35
1
2
1
1 1 4
4
0 0 7 4
3
1 3 24
2 16
2 9
1
9
2
2 5
2 5
3
1 5 5
0
3
9 8 6
2
2 2
2 5
1
5
4
1 1 2
1 1 0
1 1 4
1 1 10
1
4
4
1 1 1
2 1
1 1 3
2 1
2
66 25
8
1 1 5
1 2 14
1 1 97
1 2 69
1 2 75
2 47
1 1 46
2 20
3
1 4 0
3
1 2 0
1 1 0
2 3
4
23 12 12 10
1
2 13
1
0
4
2 6
2 5
2 0
2 5
1
7
0
5
1 1 3 2 10
4
2 6
2 0
2 7
2 1
3
4 0 5
6
1 1 6
1 3 4
1 3 7
1 1 9
1 1 5
1 3 7
2
0 4
5
1 2 5
1 1 2
2 3
2 0
1 2 2
5
7 46 15 77 33
3
1 3 83
1 1 41
2 38
2
2 2
3
2 0
1 2 2
1 2 0
4
19 3 23 2
3
2 23
2 14
2 10
1
8
4
1 1 10
1 1 1
2 3
2 3
5
4 7 9 6 10
0
5
6 5 8 0 10
1
2 9
3
7 4 5
4
1 1 6
1 1 7
1 3 6
1 3 3
1
0
5
2 0
1 1 0
1 1 2
2 2
2 2
4
18 8 66 56
5
1 2 60
2 90
2 10
1 4 23
1 4 8
3
2 4 3
4
1 3 4
2 1
2 2
2 3
3
15 2 9
2
1 3 5
2 23
1
10
2
2 7
1 1 2
5
8 0 8 9 10
0
2
8 1
6
2 4
2 2
2 9
2 10
2 1
2 1
1
10
4
1 1 8
1 1 4
1 1 0
1 1 8
1
1
5
1 1 4
1 1 1
2 4
2 2
1 1 5
3
5 11 92
2
1 1 42
1 2 75
3
0 4 4
4
1 1 2
2 1
1 1 3
2 4
4
4 23 18 20
6
1 3 11
2 29
2 7
2 4
1 2 9
2 26
1
4
4
1 1 7
1 1 1
1 1 7
1 1 8
4
1 1 0 9
0
4
3 1 7 6
6
2 5
2 0
2 5
2 4
2 3
2 5
1
7
5
1 1 1
1 1 0
1 1 4
1 1 5
1 1 2
1
2
5
2 1
1 1 2
1 1 1
1 1 5
1 1 0
2
24 64
5
2 8
1 2 58
2 33
1 1 80
1 2 0
1
4
1
2 2
3
6 7 9
2
2 15
2 15
1
2
5
1 1 8
1 1 6
2 1
1 1 4
1 1 1
5
2 10 4 3 8
0
4
10 3 2 6
6
2 4
2 1
2 0
2 3
2 9
2 0
4
2 3 9 10
4
1 1 1
1 3 10
1 4 10
1 3 4
2
0 3
6
1 1 5
1 1 3
1 2 0
2 4
2 1
1 1 0
5
80 19 58 9 54
7
2 82
1 4 45
1 5 25
1 4 91
1 4 78
2 84
2 20
1
3
1
2 0
4
21 23 7 24
4
2 21
2 0
1 1 8
1 1 7
1
10
3
1 1 4
2 5
1 1 1
2
2 1
0
1
4
1
2 1
4
2 10 2 9
3
1 1 3
1 2 1
1 2 2
2
3 5
7
1 2 1
1 1 4
2 3
1 2 1
1 1 4
1 2 3
1 2 2
5
37 57 50 8 69
3
1 3 12
1 1 60
1 3 79
1
0
5
1 1 3
2 1
2 1
2 0
1 1 2
2
23 19
3
2 18
2 2
1 2 5
1
10
3
1 1 7
2 1
2 6
3
10 2 4
0
5
6 7 0 7 10
4
2 6
2 6
2 0
2 9
1
0
6
1 1 3
1 1 8
1 1 10
1 1 8
1 1 9
1 1 8
1
1
3
1 1 0
2 3
1 1 2
4
59 88 9 36
8
1 2 25
2 90
1 2 74
1 3 23
1 1 9
1 1 99
1 3 6
1 4 8
1
4
6
1 1 4
1 1 1
2 1
2 0
2 0
2 1
3
29 19 16
2
2 23
1 1 19
1
9
1
2 9
4
0 2 10 5
0
5
10 0 3 0 2
4
2 10
2 7
2 0
2 10
5
1 6 8 10 7
1
1 3 3
2
2 2
5
1 1 0
1 1 2
1 2 0
2 0
1 1 3
4
72 61 33 64
8
1 2 11
2 65
1 3 84
2 60
1 4 7
2 52
2 14
1 3 6
3
0 2 1
2
2 1
1 1 0
2
24 29
6
1 1 12
1 2 10
1 1 7
1 2 1
1 1 19
1 2 30
1
6
1
1 1 3
4
5 0 0 8
0
3
9 7 3
1
2 8
1
7
4
1 1 4
1 1 9
1 1 2
1 1 10
2
0 2
4
1 1 1
2 1
2 0
1 1 2
3
21 10 56
8
1 3 76
1 3 87
2 28
1 2 31
1 3 23
1 3 50
2 6
2 61
3
2 4 4
5
2 1
2 3
2 4
2 2
2 1
2
8 9
5
2 2
2 3
2 16
1 1 6
1 2 6
1
6
1
2 9
1
10
0
1
3
1
2 1
3
4 2 5
5
1 1 2
1 2 10
1 3 8
1 1 0
1 3 9
1
3
6
2 2
2 3
1 1 5
2 0
2 1
1 1 2
3
98 4 41
1
2 29
1
2
3
1 1 1
2 3
1 1 3
2
28 20
1
1 2 14
1
6
4
1 1 4
1 1 9
2 2
1 1 1
5
5 9 9 7 9
0
1
1
6
2 2
2 3
2 2
2 10
2 7
2 9
4
5 0 0 9
4
1 3 9
1 2 4
1 4 3
1 2 10
2
5 2
6
2 5
1 2 4
2 4
1 2 0
2 0
1 1 1
4
59 47 52 53
1
1 1 32
1
4
5
2 1
2 4
1 1 0
2 0
1 1 4
2
22 24
6
2 14
2 28
2 6
1 1 18
2 23
2 23
1
3
5
2 4
2 10
1 1 0
2 4
2 2
5
0 4 1 5 0
0
4
8 7 2 8
1
2 7
3
10 8 9
4
1 3 8
1 2 3
1 1 7
1 2 7
2
5 1
5
1 1 3
2 0
2 0
2 3
2 5
4
44 15 4 93
1
1 4 98
2
3 1
5
1 2 1
1 2 3
2 4
1 2 0
2 2
1
15
1
2 20
1
9
5
2 7
2 9
2 2
1 1 8
1 1 8
2
0 4
0
4
9 4 6 10
2
2 5
2 8
2
10 1
6
1 1 4
1 1 3
1 1 10
1 1 2
1 2 0
1 2 2
2
2 4
5
1 2 1
2 4
2 3
2 3
1 2 4
2
7 44
3
1 1 1
2 51
2 99
1
2
4
1 1 2
2 2
2 0
1 1 0
2
29 10
2
2 28
1 2 7
1
0
5
1 1 1
1 1 7
2 4
1 1 6
2 3
3
7 10 3
0
1
4
5
2 9
2 3
2 8
2 10
2 2
3
0 1 6
5
1 1 3
1 3 5
1 1 10
1 2 1
1 2 3
2
4 3
6
2 0
2 2
2 5
2 0
1 1 1
1 2 3
2
58 32
6
1 1 34
1 2 72
1 1 57
2 88
2 93
2 78
2
1 4
5
2 1
2 2
1 2 3
1 2 4
2 4
4
15 25 12 0
6
2 24
2 16
1 2 8
2 6
1 3 10
1 1 12
1
4
2
2 1
2 10
2
3 10
0
4
7 3 10 8
3
2 6
2 6
2 4
3
0 0 0
4
1 3 10
1 3 2
1 3 9
1 3 3
1
4
6
1 1 4
1 1 1
1 1 3
2 2
1 1 0
2 5
5
13 98 57 5 13
8
2 57
1 1 44
1 5 99
1 2 79
2 100
1 5 57
2 56
1 4 9
1
4
5
2 2
1 1 0
1 1 4
1 1 3
2 0
1
16
6
1 1 1
2 15
1 1 17
1 1 23
2 27
1 1 7
1
1
5
1 1 2
1 1 4
2 5
1 1 9
2 9
2
9 9
0
2
2 9
4
2 0
2 0
2 9
2 1
5
6 2 4 3 0
5
1 5 8
1 3 4
1 3 3
1 3 0
1 4 4
2
4 0
5
2 5
1 2 3
1 1 3
1 2 4
2 3
2
60 87
1
2 74
1
0
6
2 2
2 4
1 1 1
2 3
2 3
2 3
2
29 13
5
1 2 7
1 1 24
1 1 28
2 11
1 1 29
1
5
2
1 1 2
1 1 3
1
6
0
1
3
1
2 10
3
6 9 9
2
1 3 2
1 3 2
2
1 4
7
1 1 2
1 2 2
1 1 3
1 2 4
2 5
2 1
1 1 2
3
92 9 21
4
1 1 82
1 1 84
2 68
2 30
2
1 4
1
1 2 0
3
10 29 8
1
2 0
1
2
2
2 0
1 1 2
2
1 3
0
1
4
4
2 5
2 0
2 3
2 2
1
2
3
1 1 6
1 1 1
1 1 8
2
4 4
4
2 1
1 2 1
2 3
1 2 0
2
13 40
6
1 1 91
1 2 47
2 48
1 1 87
1 1 13
2 100
3
0 1 2
5
2 3
2 3
2 1
2 2
2 0
1
25
4
1 1 14
2 25
2 14
2 1
1
8
2
2 0
1 1 3
1
0
0
4
6 6 5 6
5
2 6
2 3
2 3
2 6
2 5
1
6
1
1 1 2
2
5 1
5
2 1
2 1
2 4
2 3
2 0
3
57 88 17
8
2 19
1 1 84
1 1 46
2 46
2 87
1 3 48
1 1 8
1 2 19
3
2 3 3
6
1 2 3
2 1
1 1 3
1 3 0
1 2 2
2 2
3
0 0 12
5
2 26
1 3 26
1 2 10
1 2 11
1 2 11
1
8
3
2 3
2 4
2 8
5
0 3 8 0 8
0
4
4 2 6 2
3
2 6
2 9
2 1
1
9
5
1 1 8
1 1 7
1 1 7
1 1 7
1 1 0
2
5 4
6
2 0
1 1 5
2 0
2 3
1 1 3
1 1 2
4
54 32 51 77
3
1 1 24
1 2 54
2 84
2
2 3
4
1 1 2
2 2
1 2 2
1 1 1
2
2 29
1
2 23
1
3
1
2 0
5
9 7 0 0 4
0
4
7 6 9 8
6
2 0
2 2
2 7
2 9
2 8
2 10
3
2 9 6
1
1 2 5
1
2
6
1 1 1
1 1 2
1 1 0
1 1 3
1 1 3
1 1 4
4
56 96 62 68
1
1 3 13
2
1 4
6
1 2 4
2 2
1 2 0
2 1
2 4
1 2 0
1
13
5
1 1 17
1 1 28
2 7
1 1 21
2 23
1
9
3
1 1 3
2 3
2 1
3
10 4 1
0
2
8 4
5
2 3
2 6
2 2
2 5
2 2
4
8 1 2 2
2
1 2 7
1 4 1
2
0 0
3
1 2 2
2 4
1 2 5
2
81 16
8
1 1 9
2 7
2 41
2 88
1 1 54
2 29
2 38
2 99
2
4 1
2
1 2 4
1 2 3
4
22 15 15 17
3
1 2 23
1 3 18
1 4 21
1
1
1
2 4
4
3 8 10 8
0
4
10 1 8 7
1
2 3
1
8
4
1 1 0
1 1 5
1 1 10
1 1 9
1
2
5
2 2
1 1 0
2 5
1 1 4
1 1 1
4
13 60 50 96
3
1 2 57
1 1 6
1 3 51
1
4
2
2 2
1 1 2
3
5 14 4
3
2 20
2 30
2 6
1
5
2
2 8
2 10
1
9
0
5
0 3 7 4 2
5
2 4
2 9
2 4
2 9
2 0
1
10
4
1 1 10
1 1 9
1 1 8
1 1 7
1
3
3
1 1 0
2 0
1 1 4
5
63 72 73 43 14
8
1 4 33
1 3 65
1 2 81
2 63
1 3 31
1 4 45
1 5 85
2 37
3
0 1 0
1
2 0
2
18 11
2
2 7
1 2 0
1
6
1
2 9
5
10 8 0 2 8
0
4
9 4 0 8
6
2 6
2 2
2 4
2 8
2 5
2 7
4
4 5 9 7
2
1 3 10
1 3 7
2
4 2
5
2 4
2 2
2 3
2 5
2 1
4
65 47 93 50
2
1 3 5
1 1 26
3
1 3 2
2
2 1
1 2 4
3
20 6 21
4
1 2 21
1 2 5
2 25
2 8
1
5
4
2 1
1 1 6
1 1 9
1 1 9
4
10 1 5 4
0
1
7
3
2 5
2 7
2 9
5
1 2 1 2 1
2
1 1 8
1 1 10
2
3 1
3
1 2 5
1 1 2
1 2 4
2
10 73
5
1 1 41
2 100
2 78
2 79
2 20
1
1
1
1 1 0
3
0 25 10
2
1 1 0
1 1 2
1
2
1
1 1 3
5
7 1 2 7 4
0
4
4 9 6 4
1
2 4
5
9 7 10 2 7
2
1 1 10
1 3 4
2
2 3
4
1 2 2
1 1 4
2 1
2 3
4
61 1 34 42
2
2 96
1 1 98
2
4 1
1
2 3
3
19 28 10
3
1 3 11
1 1 20
2 1
1
2
3
2 1
2 9
1 1 0
2
3 8
0
5
10 4 9 8 7
4
2 3
2 4
2 4
2 8
5
9 1 10 1 9
2
1 2 3
1 3 6
2
3 2
7
1 2 1
2 1
2 2
2 2
1 1 4
2 2
2 3
4
76 8 87 73
1
2 66
2
2 1
4
2 4
1 2 1
2 0
2 2
4
18 8 9 2
2
2 20
1 2 1
1
8
2
1 1 8
1 1 4
3
3 4 7
0
4
0 9 10 1
2
2 10
2 7
3
10 7 2
1
1 2 5
1
0
7
1 1 2
2 1
1 1 5
2 5
2 3
1 1 3
2 0
2
67 68
8
2 62
2 10
1 1 9
1 2 77
2 55
1 2 34
1 2 30
1 2 61
1
1
5
1 1 1
1 1 1
1 1 3
1 1 0
1 1 3
2
21 8
2
1 1 26
2 19
1
1
4
1 1 5
2 2
2 8
1 1 4
1
8
0
3
2 0 0
3
2 7
2 6
2 9
3
4 1 0
5
1 3 4
1 3 2
1 1 2
1 2 7
1 1 1
2
0 2
4
1 1 4
2 1
2 5
2 3
4
33 47 45 32
8
1 4 81
1 3 90
2 49
2 65
2 7
2 41
1 4 55
1 2 43
2
0 2
3
2 1
1 1 2
1 2 2
2
28 25
3
2 11
2 25
2 5
1
1
2
1 1 2
2 7
3
10 6 0
0
1
4
4
2 2
2 8
2 10
2 0
2
7 2
2
1 1 7
1 1 5
2
0 4
6
2 0
1 2 4
1 1 2
1 2 0
1 1 4
1 2 0
5
71 90 19 94 77
4
1 2 74
1 2 84
1 5 62
1 5 22
3
0 4 0
1
1 1 4
1
8
4
1 1 15
1 1 28
2 13
2 23
1
2
3
2 8
1 1 0
2 1
3
10 9 10
0
4
8 6 9 10
5
2 2
2 1
2 1
2 7
2 10
4
7 3 0 9
3
1 4 4
1 3 0
1 2 6
1
1
3
2 1
2 3
2 5
3
22 63 98
2
2 71
2 11
3
4 4 2
3
1 1 0
1 3 3
1 2 0
2
15 30
5
1 1 0
2 6
2 15
1 1 25
2 22
1
9
5
2 4
1 1 3
2 5
1 1 2
1 1 0
1
2
0
5
4 0 4 0 7
2
2 2
2 7
5
6 9 2 3 8
5
1 1 10
1 4 5
1 3 3
1 4 6
1 3 2
1
5
4
2 0
2 2
1 1 4
2 4
2
73 77
4
1 2 94
2 69
2 41
2 53
3
3 2 3
1
2 4
1
11
4
2 28
1 1 2
2 16
1 1 26
1
3
5
2 0
2 5
1 1 2
2 1
2 2
4
4 6 6 9
0
4
7 8 10 0
5
2 4
2 5
2 5
2 9
2 7
1
1
5
1 1 4
1 1 8
1 1 4
1 1 2
1 1 7
1
2
7
2 4
2 4
2 0
1 1 0
1 1 1
2 3
1 1 2
2
51 15
4
1 2 31
2 42
2 71
2 22
1
3
1
1 1 2
4
12 5 19 19
3
2 3
2 17
2 25
1
5
3
1 1 8
1 1 9
2 4
2
10 8
0
3
6 3 4
5
2 1
2 5
2 8
2 9
2 6
4
2 10 2 7
6
1 1 4
1 2 2
1 2 1
1 2 2
1 3 5
1 4 10
1
2
3
2 2
2 5
2 0
4
36 88 54 19
3
1 3 52
2 10
2 76
1
4
4
2 0
2 4
2 3
1 1 2
1
19
2
1 1 5
1 1 11
1
1
3
1 1 9
1 1 9
2 8
3
7 2 5
0
2
9 4
2
2 9
2 8
5
4 4 5 1 2
2
1 1 6
1 4 7
1
3
5
2 0
2 0
2 0
2 2
2 0
5
47 72 32 15 57
5
1 2 60
1 1 56
2 41
2 29
1 1 54
2
0 1
4
2 0
1 2 3
1 2 1
2 3
4
1 25 24 0
5
2 25
2 19
1 3 1
2 18
2 0
1
8
1
1 1 4
1
8
0
5
7 3 2 8 8
5
2 6
2 8
2 4
2 2
2 6
5
9 3 7 4 10
6
1 4 0
1 3 9
1 4 6
1 2 3
1 1 10
1 1 8
2
4 5
7
1 1 5
2 2
1 1 4
2 1
2 0
1 1 1
1 1 0
5
18 93 99 79 78
5
1 2 22
1 2 98
2 61
1 3 48
1 5 54
1
1
5
2 1
2 3
2 1
2 1
2 4
1
26
4
1 1 6
1 1 15
2 9
2 20
1
9
5
1 1 10
2 2
1 1 10
2 8
1 1 10
1
4
0
3
4 9 3
5
2 2
2 10
2 3
2 8
2 1
2
8 10
5
1 1 5
1 1 10
1 1 1
1 1 2
1 2 1
1
2
4
1 1 3
1 1 0
2 5
1 1 5
3
98 68 75
1
2 70
2
4 0
5
1 1 4
2 3
1 2 3
1 2 3
2 1
4
24 8 12 22
3
1 1 11
1 3 6
2 9
1
9
4
2 1
2 5
1 1 10
2 0
4
10 2 3 4
0
2
2 2
1
2 9
2
7 2
4
1 2 0
1 2 10
1 1 3
1 1 9
2
1 3
5
1 1 2
1 1 2
1 1 3
1 1 4
1 2 5
3
95 87 91
2
1 3 30
2 96
2
4 4
1
1 2 3
3
10 13 27
2
2 22
2 23
1
9
3
2 8
1 1 0
2 10
4
9 8 5 5
0
1
0
6
2 8
2 4
2 0
2 0
2 7
2 6
5
0 3 1 2 9
4
1 4 9
1 2 10
1 1 4
1 1 6
1
0
6
1 1 0
2 2
1 1 4
1 1 5
2 2
2 4
5
14 5 60 98 81
5
2 63
1 1 52
2 89
1 4 25
1 2 83
2
1 2
6
2 1
2 0
1 1 0
2 2
2 4
2 1
2
22 25
6
1 1 17
1 2 11
1 2 29
2 21
2 2
2 19
1
1
3
1 1 10
2 0
1 1 2
2
6 6
0
5
2 0 10 3 2
6
2 7
2 7
2 4
2 5
2 8
2 7
1
8
3
1 1 5
1 1 0
1 1 5
2
1 2
7
2 5
2 5
2 1
2 4
2 5
1 2 1
2 1
2
54 94
7
2 46
2 39
1 1 18
2 33
1 2 33
2 7
2 62
2
1 2
3
2 4
1 1 2
1 1 4
1
29
1
1 1 16
1
10
3
1 1 8
1 1 10
2 0
3
3 7 1
0
5
10 4 6 5 6
3
2 0
2 10
2 0
5
2 2 5 3 6
3
1 3 10
1 1 8
1 2 6
1
1
7
1 1 4
1 1 4
1 1 3
1 1 5
1 1 3
1 1 0
2 1
4
68 69 45 7
2
2 78
2 83
3
1 2 1
3
2 1
1 1 3
1 3 0
2
15 6
1
1 2 5
1
2
2
1 1 2
2 1
2
10 4
0
2
5 6
2
2 0
2 5
3
0 1 6
1
1 3 5
2
5 1
4
2 5
1 1 4
2 0
1 2 2
4
20 89 96 35
5
1 1 18
2 74
1 3 12
2 95
1 1 56
2
2 1
1
1 1 1
1
13
1
1 1 28
1
6
4
1 1 8
1 1 10
2 8
2 3
5
5 9 8 2 1
0
3
4 2 9
1
2 2
2
6 2
1
1 1 10
2
2 5
6
2 0
2 2
1 2 4
2 5
1 2 2
2 1
2
9 43
4
2 50
2 99
2 29
2 49
2
4 1
1
1 1 0
3
8 28 28
5
1 1 22
2 9
1 3 12
1 1 28
1 3 12
1
3
1
1 1 4
5
1 6 5 9 2
0
1
0
4
2 3
2 4
2 3
2 0
5
1 7 5 8 0
3
1 5 4
1 2 0
1 2 0
1
0
6
1 1 0
1 1 3
1 1 3
2 5
1 1 4
1 1 2
3
34 53 59
8
1 3 32
2 19
1 3 54
1 1 21
1 2 89
1 1 74
2 43
2 51
1
0
3
1 1 2
1 1 4
1 1 1
1
12
3
1 1 13
2 26
1 1 13
1
8
5
2 7
1 1 9
2 9
1 1 9
2 6
3
4 6 8
0
4
5 6 6 2
4
2 2
2 0
2 2
2 10
4
8 8 5 8
1
1 4 7
1
1
4
2 1
2 3
2 3
2 1
4
28 51 81 46
1
1 3 39
1
1
6
1 1 3
2 2
2 2
2 4
1 1 2
2 1
1
15
1
2 18
1
7
4
2 1
2 7
2 8
2 0
5
4 1 5 3 7
0
1
5
6
2 4
2 1
2 10
2 8
2 3
2 9
4
10 5 1 5
2
1 2 1
1 2 3
1
3
3
2 1
2 0
1 1 2
4
87 1 33 31
1
2 88
1
1
2
1 1 0
2 4
2
25 13
1
2 8
1
1
2
1 1 6
2 8
3
0 5 7
0
1
4
3
2 1
2 1
2 4
2
8 10
4
1 1 0
1 1 3
1 2 4
1 2 4
1
3
6
1 1 5
2 4
2 2
2 2
2 1
2 0
5
13 74 72 64 16
7
1 5 68
2 48
1 2 33
1 1 81
1 2 97
2 8
2 92
1
4
3
2 4
1 1 3
1 1 0
3
28 29 26
3
1 2 10
2 17
2 20
1
6
4
2 9
1 1 9
2 4
1 1 1
1
8
0
4
0 6 4 0
5
2 4
2 0
2 5
2 6
2 9
3
4 7 6
4
1 2 0
1 1 7
1 1 0
1 2 10
1
2
6
2 2
2 2
2 5
1 1 5
1 1 0
1 1 5
4
85 68 3 38
4
2 16
1 2 51
2 43
2 60
2
4 3
4
2 0
2 2
1 1 3
2 2
2
4 18
6
1 1 6
1 2 18
2 1
2 8
2 25
2 27
1
7
3
1 1 0
2 6
1 1 2
5
8 7 8 0 3
0
3
4 2 4
1
2 7
1
5
2
1 1 5
1 1 1
2
1 4
3
1 1 5
2 4
1 2 3
2
18 47
1
1 1 37
2
3 1
5
2 3
2 3
1 2 1
2 0
1 2 0
3
4 23 27
2
2 27
2 1
1
7
1
2 10
2
10 3
0
3
4 4 4
2
2 4
2 5
5
0 5 3 1 1
6
1 2 6
1 1 9
1 4 4
1 3 0
1 4 9
1 1 6
1
4
6
2 5
2 5
1 1 2
1 1 4
1 1 3
1 1 2
4
74 81 95 83
8
2 61
2 50
2 45
2 11
1 3 86
1 3 67
2 51
2 83
1
1
3
1 1 1
1 1 0
2 2
1
25
5
1 1 10
1 1 19
1 1 11
1 1 2
2 11
1
6
2
1 1 3
1 1 1
4
10 8 7 8
0
1
9
4
2 10
2 4
2 1
2 6
4
5 3 10 2
4
1 1 1
1 1 4
1 2 9
1 3 3
2
0 5
6
1 2 3
2 5
1 1 1
2 1
2 3
1 2 0
4
29 81 54 20
2
1 1 79
1 3 26
1
3
1
1 1 1
4
22 9 23 16
4
1 1 29
2 11
2 12
1 3 12
1
6
4
1 1 6
2 7
1 1 1
2 1
2
1 9
0
3
1 8 1
1
2 0
3
7 4 9
6
1 3 7
1 1 6
1 2 8
1 3 1
1 2 0
1 1 10
1
3
5
1 1 5
1 1 2
2 4
1 1 4
2 5
2
25 5
3
1 1 70
1 1 41
1 1 80
1
3
5
1 1 3
1 1 1
2 0
2 1
1 1 3
2
29 1
1
2 8
1
3
5
2 5
2 8
2 10
2 8
2 5
1
6
0
4
6 3 0 8
2
2 5
2 2
2
3 0
6
1 1 0
1 1 5
1 1 8
1 2 10
1 2 0
1 1 0
2
3 1
6
2 5
2 3
1 1 1
2 3
2 4
2 5
3
59 81 75
2
2 57
2 62
3
0 0 1
3
2 4
1 1 3
1 2 3
2
6 29
3
1 1 12
1 1 23
1 1 15
1
6
1
2 1
1
3
0
2
0 10
6
2 9
2 9
2 3
2 0
2 8
2 7
3
1 10 4
6
1 3 1
1 3 10
1 2 8
1 1 6
1 3 1
1 2 9
1
1
6
2 4
1 1 2
2 2
1 1 3
2 5
2 5
2
50 8
8
2 56
1 1 53
2 35
1 2 32
1 1 91
2 24
1 2 11
1 2 75
2
3 3
6
2 0
1 1 2
1 1 4
1 1 0
2 3
2 4
1
16
6
2 24
2 28
1 1 6
2 15
1 1 13
1 1 27
1
7
5
1 1 3
1 1 2
2 8
1 1 5
1 1 4
3
8 10 5
0
5
3 8 3 0 3
3
2 1
2 1
2 5
5
6 2 6 1 0
1
1 4 10
1
5
4
1 1 3
1 1 2
2 0
1 1 1
3
93 75 81
1
1 2 72
1
1
2
1 1 1
2 4
1
11
3
1 1 22
1 1 16
2 19
1
0
2
1 1 7
1 1 5
2
1 10
0
3
6 3 8
5
2 5
2 0
2 2
2 5
2 1
1
1
4
1 1 6
1 1 10
1 1 0
1 1 1
2
3 4
4
2 4
2 0
1 1 4
2 3
4
8 10 20 55
2
2 46
1 3 56
2
3 2
2
2 3
1 2 3
2
26 4
1
1 1 26
1
4
3
1 1 0
2 5
1 1 6
4
6 4 10 8
0
1
4
3
2 1
2 2
2 4
4
10 6 2 8
1
1 4 6
2
1 5
7
1 1 4
2 3
2 5
1 1 2
2 2
1 1 1
1 1 1
5
84 64 28 23 86
8
2 49
1 2 78
2 7
2 30
2 52
1 3 65
1 2 78
2 55
3
0 3 4
5
1 3 4
2 1
1 2 0
2 1
2 1
2
14 8
2
1 2 17
2 27
1
9
2
1 1 4
2 1
4
4 4 10 10
0
1
2
3
2 1
2 9
2 8
1
10
3
1 1 6
1 1 9
1 1 1
2
2 3
4
1 1 1
1 1 4
1 1 0
1 2 0
3
59 58 30
4
2 23
1 1 50
1 1 17
1 2 80
1
0
5
1 1 2
2 2
2 0
2 3
2 0
3
18 27 12
5
2 24
2 18
1 3 16
2 17
2 29
1
1
1
1 1 5
1
7
0
3
0 0 5
2
2 9
2 10
1
9
2
1 1 3
1 1 7
1
3
4
1 1 5
1 1 0
2 4
1 1 5
4
75 53 66 28
7
2 85
1 2 31
2 75
2 89
1 1 82
2 75
1 2 34
2
4 0
1
1 1 2
3
19 13 13
2
1 1 13
1 1 5
1
8
5
2 10
2 4
1 1 2
1 1 0
2 10
3
6 1 5
0
2
1 5
5
2 8
2 3
2 5
2 0
2 6
4
7 7 1 10
1
1 4 0
2
2 1
7
1 1 4
1 1 0
2 5
1 1 0
1 1 1
2 5
1 2 2
5
36 60 22 77 86
1
2 36
3
2 1 3
1
2 1
4
10 15 22 14
5
2 15
1 1 30
1 3 10
1 1 18
1 3 18
1
10
4
2 9
2 5
1 1 6
1 1 8
3
4 5 3
0
1
1
1
2 3
5
0 7 4 5 1
5
1 4 7
1 4 5
1 3 6
1 5 5
1 5 4
1
4
4
1 1 1
1 1 1
1 1 0
1 1 4
2
36 38
6
1 1 29
2 14
2 3
2 51
2 97
1 2 64
2
4 3
2
2 0
2 1
2
19 3
1
2 23
1
4
3
1 1 10
2 2
1 1 9
5
5 0 10 9 4
0
2
0 9
6
2 9
2 8
2 1
2 2
2 10
2 1
2
4 1
4
1 2 0
1 1 10
1 2 10
1 1 9
1
5
5
2 3
1 1 0
1 1 1
2 5
1 1 5
3
62 32 41
3
1 2 30
2 53
2 38
1
4
4
2 2
2 2
2 4
1 1 4
3
10 24 30
6
1 3 14
1 2 7
1 1 11
2 22
2 2
2 0
1
7
4
1 1 10
1 1 6
1 1 0
2 5
2
6 9
0
2
0 2
4
2 7
2 10
2 1
2 2
3
2 10 2
2
1 1 3
1 3 6
2
1 0
3
2 2
1 1 5
2 3
5
78 81 88 87 90
6
2 87
1 4 4
2 8
1 2 40
2 88
2 54
2
1 2
2
1 2 0
1 2 4
1
21
6
2 6
2 2
1 1 17
1 1 7
2 28
1 1 27
1
7
3
1 1 2
2 3
2 6
3
3 10 3
0
4
8 3 0 9
1
2 2
1
4
5
1 1 1
1 1 6
1 1 0
1 1 8
1 1 9
2
2 0
7
2 4
2 3
1 1 4
1 2 0
1 2 3
1 1 2
1 2 4
2
86 76
3
1 2 46
2 57
1 2 31
2
2 1
1
1 1 1
2
21 4
5
1 2 10
1 1 11
2 2
1 1 29
2 8
1
7
2
1 1 8
2 0
4
10 1 10 4
0
5
8 7 9 9 2
1
2 6
1
8
2
1 1 1
1 1 4
1
2
6
2 0
1 1 3
2 4
1 1 5
2 5
1 1 4
3
44 61 68
3
2 100
2 19
1 3 15
1
4
6
1 1 4
2 3
1 1 3
1 1 2
2 2
1 1 0
4
16 5 6 10
4
1 1 11
2 1
2 26
1 1 2
1
8
4
2 2
2 10
2 10
2 1
4
0 1 0 2
0
1
9
2
2 3
2 4
1
2
4
1 1 10
1 1 10
1 1 3
1 1 10
1
2
4
2 5
2 4
2 1
1 1 5
3
93 81 54
8
2 54
2 84
1 2 49
1 1 77
1 3 86
2 26
2 41
2 41
2
3 1
3
1 1 0
2 0
1 2 4
2
7 9
4
2 0
1 2 25
1 2 18
2 24
1
10
5
1 1 6
1 1 5
2 10
2 5
2 6
1
8
0
3
4 7 4
6
2 4
2 4
2 0
2 9
2 3
2 1
3
0 6 3
2
1 2 6
1 3 5
1
4
6
1 1 3
1 1 4
1 1 4
2 2
2 0
2 5
3
66 23 39
2
2 4
1 3 56
3
4 0 2
2
1 2 0
1 3 2
2
2 3
3
1 1 1
1 2 20
2 18
1
7
4
1 1 10
1 1 5
2 3
1 1 4
2
6 7
0
5
5 6 3 1 10
1
2 4
2
9 10
3
1 1 4
1 1 8
1 1 0
1
4
3
1 1 1
1 1 0
2 0
5
28 51 97 93 100
1
2 69
2
1 1
2
2 2
2 1
2
15 26
2
2 23
1 2 20
1
1
2
2 10
1 1 3
2
4 6
0
5
4 1 4 4 3
4
2 0
2 5
2 7
2 0
1
7
6
1 1 4
1 1 7
1 1 0
1 1 3
1 1 4
1 1 8
1
5
6
2 0
1 1 0
1 1 1
2 0
2 0
2 2
3
60 30 74
7
2 48
1 3 19
2 7
1 2 51
2 95
2 28
1 3 90
1
4
5
2 4
1 1 3
1 1 0
1 1 1
2 0
1
6
4
2 1
1 1 27
1 1 21
1 1 1
1
5
3
1 1 5
1 1 4
1 1 9
2
6 6
0
4
10 9 2 7
5
2 2
2 1
2 5
2 8
2 10
3
1 4 9
4
1 1 5
1 1 5
1 2 4
1 2 9
2
4 4
3
2 1
2 2
2 4
3
93 96 97
1
2 39
1
2
4
2 4
2 4
2 4
1 1 2
3
22 4 24
2
2 25
2 26
1
6
1
2 3
5
0 10 0 1 7
0
5
8 3 10 10 3
5
2 5
2 10
2 1
2 10
2 3
4
5 7 10 6
2
1 1 7
1 3 8
2
1 1
6
2 2
2 2
2 3
2 5
2 2
2 4
5
1 60 60 51 14
4
1 2 1
1 5 26
2 90
1 5 4
1
4
1
2 4
4
15 16 30 29
6
1 4 11
1 4 5
1 4 11
2 29
2 9
2 26
1
6
3
1 1 10
1 1 2
2 8
3
1 10 1
0
3
6 2 8
1
2 5
5
2 4 9 8 4
1
1 2 6
1
0
6
1 1 5
2 4
2 0
2 4
2 5
1 1 1
5
44 0 78 23 78
8
1 4 29
2 4
2 50
1 1 37
2 60
2 79
2 68
2 79
3
3 2 4
3
2 0
1 3 0
2 2
4
5 1 21 7
2
2 15
2 27
1
8
5
1 1 3
2 8
2 3
2 1
2 0
3
3 5 1
0
1
9
1
2 0
3
9 4 8
3
1 3 6
1 2 9
1 2 2
2
1 0
6
1 1 0
2 2
1 1 4
2 5
1 2 5
2 2
3
54 7 56
6
2 23
1 3 90
2 28
2 57
2 6
2 37
2
4 2
1
2 3
1
21
1
2 16
1
7
5
2 8
1 1 10
1 1 6
1 1 9
1 1 6
1
5
0
2
7 6
6
2 8
2 6
2 6
2 6
2 6
2 3
4
8 5 3 8
4
1 4 10
1 2 8
1 3 9
1 1 4
2
0 0
4
2 2
2 2
1 2 2
1 1 5
2
21 3
2
1 2 24
2 14
1
1
5
1 1 4
1 1 4
1 1 2
1 1 0
1 1 1
2
28 2
1
1 2 15
1
4
2
1 1 8
1 1 9
4
4 7 3 4
0
4
4 8 3 0
4
2 4
2 1
2 5
2 7
4
3 5 1 7
1
1 3 5
2
0 1
6
2 0
2 3
2 2
1 2 5
2 1
1 1 4
5
2 64 30 71 66
3
1 1 43
2 40
1 2 7
2
1 1
5
1 2 1
1 2 3
2 0
1 1 3
1 1 4
1
20
6
2 21
1 1 28
1 1 9
1 1 7
2 20
1 1 22
1
7
4
2 0
2 1
2 7
2 4
1
7
0
1
6
3
2 1
2 5
2 10
3
3 9 7
6
1 1 10
1 2 9
1 3 0
1 2 0
1 1 6
1 1 10
2
4 0
5
2 0
2 3
2 0
1 2 4
1 2 0
4
61 91 53 55
1
2 7
1
0
4
1 1 1
1 1 4
1 1 0
1 1 1
2
24 12
3
1 2 24
2 26
1 2 22
1
3
3
1 1 9
1 1 8
2 5
3
9 10 0
0
5
5 5 10 4 8
2
2 10
2 7
2
3 5
5
1 1 1
1 1 7
1 1 8
1 2 2
1 2 10
1
1
7
2 4
1 1 5
1 1 0
1 1 3
2 0
2 2
2 3
2
42 4
7
2 71
2 37
2 18
2 19
2 39
1 1 23
2 87
3
1 3 4
3
2 1
2 0
1 1 3
4
2 5 22 5
6
2 20
2 27
2 11
1 3 18
1 4 26
1 1 17
1
2
1
1 1 2
2
10 5
0
2
0 4
5
2 9
2 9
2 3
2 2
2 2
5
5 4 4 0 2
4
1 5 1
1 2 2
1 5 8
1 5 1
2
0 3
4
2 4
2 1
1 1 1
1 1 1
3
10 37 22
1
1 1 62
2
4 3
5
2 3
2 0
2 0
1 1 1
2 3
4
18 10 30 22
1
1 1 24
1
4
1
2 9
1
7
0
4
5 5 8 4
2
2 5
2 1
4
10 4 6 0
3
1 4 3
1 2 5
1 4 2
2
3 5
5
1 1 2
1 1 4
1 2 0
1 1 5
2 2
3
66 54 99
2
1 2 66
1 2 55
2
0 2
1
1 2 3
3
21 30 29
5
1 1 13
2 8
2 7
1 1 9
2 10
1
4
5
1 1 6
1 1 10
2 7
2 0
1 1 7
5
10 6 5 5 0
0
2
0 4
5
2 5
2 6
2 6
2 8
2 7
1
5
4
1 1 0
1 1 5
1 1 2
1 1 10
2
2 0
6
1 1 1
2 5
1 2 3
1 2 3
2 1
2 0
5
20 11 81 21 36
8
2 90
2 97
2 46
2 12
1 4 93
2 46
2 94
2 29
3
2 3 4
5
2 2
2 2
1 3 2
1 2 0
2 4
4
16 17 27 4
4
2 24
1 1 25
2 13
2 28
1
9
2
2 2
2 1
2
6 0
0
2
10 7
4
2 5
2 1
2 9
2 1
1
2
4
1 1 3
1 1 2
1 1 2
1 1 3
2
5 5
7
2 1
1 2 0
1 2 4
2 0
2 2
2 0
2 3
3
79 83 71
2
2 56
1 2 41
1
4
1
1 1 4
2
15 9
3
1 1 15
1 1 6
2 3
1
9
1
2 6
5
10 0 5 2 9
0
1
2
1
2 5
3
0 3 7
3
1 2 6
1 3 3
1 3 7
2
0 5
4
2 2
1 1 5
2 2
1 2 4
5
63 36 6 13 65
1
2 63
2
0 2
2
1 1 1
1 1 3
4
3 30 1 10
4
1 3 5
1 2 27
2 24
1 4 27
1
2
1
1 1 2
2
4 4
0
3
7 10 8
3
2 7
2 6
2 7
4
5 5 4 10
4
1 2 1
1 1 1
1 4 3
1 1 1
2
5 0
5
1 1 5
1 1 1
1 2 5
1 1 4
2 2
5
79 70 7 87 19
5
1 5 88
1 3 13
1 1 46
1 4 90
2 85
2
0 1
1
1 2 0
1
23
3
1 1 21
2 8
1 1 21
1
6
2
1 1 4
2 0
4
6 6 3 2
0
1
1
1
2 3
3
9 9 1
5
1 3 0
1 1 8
1 1 7
1 2 6
1 3 3
1
4
5
1 1 2
2 4
1 1 2
2 5
2 0
2
1 4
6
2 18
1 2 25
2 92
1 1 68
2 4
1 1 5
2
3 0
5
2 2
2 0
1 1 0
2 0
1 1 3
1
27
4
2 27
2 26
2 4
1 1 8
1
7
5
2 9
1 1 7
1 1 3
2 9
2 7
5
7 5 5 8 2
0
1
7
1
2 5
2
8 0
5
1 1 9
1 2 5
1 1 1
1 1 8
1 2 2
1
5
7
2 4
1 1 3
2 1
2 5
1 1 2
2 2
2 1
3
95 23 18
2
1 2 56
2 33
1
2
1
1 1 0
3
27 1 6
1
2 7
1
8
1
2 5
2
6 7
0
4
3 4 3 2
6
2 9
2 3
2 9
2 7
2 4
2 7
4
10 8 3 6
6
1 4 6
1 2 8
1 3 5
1 2 10
1 2 1
1 2 8
1
4
7
1 1 2
1 1 2
1 1 3
1 1 3
1 1 0
1 1 5
1 1 1
3
96 54 40
4
2 60
1 1 97
1 2 5
1 1 48
2
3 3
2
1 1 1
1 1 2
1
19
3
2 22
1 1 27
2 13
1
7
4
1 1 10
2 2
2 3
1 1 3
5
10 1 2 0 7
0
4
6 5 9 6
2
2 1
2 0
4
1 9 0 5
1
1 4 3
2
1 4
4
1 1 5
1 2 1
2 4
2 2
5
94 13 1 2 0
5
2 47
2 75
2 76
2 1
2 20
2
3 4
2
1 1 1
2 2
3
2 13 16
6
2 24
2 28
2 17
2 24
2 13
1 2 6
1
1
1
1 1 5
1
10
0
3
9 4 10
3
2 3
2 10
2 8
4
5 10 1 5
5
1 1 2
1 1 10
1 2 2
1 3 4
1 4 6
2
0 0
6
1 1 0
2 5
2 0
2 2
1 2 0
1 2 4
3
98 81 100
6
1 1 30
1 1 75
2 44
2 90
1 2 69
1 3 7
1
1
5
2 2
2 2
1 1 1
1 1 4
2 1
4
9 29 3 25
2
1 3 13
1 1 30
1
7
1
1 1 5
2
2 6
0
4
6 4 5 2
4
2 7
2 2
2 6
2 7
2
5 8
5
1 2 1
1 2 7
1 2 2
1 2 9
1 1 10
1
0
3
2 4
1 1 4
2 1
4
56 74 70 51
3
1 2 99
2 58
1 1 41
3
1 4 3
6
2 4
1 2 2
1 1 4
2 2
2 1
2 2
3
21 16 5
3
1 2 18
2 3
2 26
1
7
5
2 1
1 1 10
2 3
1 1 0
2 10
4
9 8 5 3
0
5
2 0 8 3 1
5
2 6
2 10
2 4
2 5
2 4
2
5 5
6
1 2 5
1 2 1
1 2 9
1 2 2
1 2 5
1 2 2
2
1 5
7
2 5
1 1 3
2 0
1 2 0
1 2 3
1 1 1
2 0
5
15 18 69 12 11
1
1 4 2
1
0
6
2 2
1 1 2
2 2
1 1 1
2 4
2 4
4
17 4 10 22
3
2 20
2 13
2 7
1
2
2
1 1 7
1 1 5
4
5 5 5 2
0
5
8 5 6 2 1
3
2 4
2 3
2 10
2
7 7
2
1 1 1
1 2 6
2
3 3
3
2 2
2 0
1 2 4
4
0 64 98 46
8
1 1 26
2 65
1 4 91
2 68
2 93
2 98
2 41
2 55
3
3 1 2
5
1 2 1
2 2
2 1
1 1 3
2 3
3
2 19 16
2
1 1 9
1 3 13
1
9
4
2 0
1 1 7
1 1 3
2 0
2
3 7
0
1
10
2
2 10
2 3
1
6
5
1 1 4
1 1 1
1 1 5
1 1 9
1 1 4
1
2
6
1 1 0
1 1 4
1 1 3
1 1 0
2 0
1 1 3
5
51 60 98 12 49
6
1 4 84
1 2 3
1 5 14
2 10
1 5 66
2 2
2
1 0
4
1 1 2
2 0
1 1 1
1 1 1
4
18 2 28 14
1
2 0
1
5
1
1 1 0
4
1 5 9 3
0
3
1 9 7
5
2 5
2 3
2 4
2 7
2 8
2
3 7
2
1 1 6
1 1 10
2
1 4
3
1 1 0
1 2 4
1 2 3
5
34 25 40 35 83
3
2 5
1 5 96
1 1 22
1
4
3
1 1 4
2 1
2 3
1
9
2
2 13
1 1 1
1
7
3
1 1 7
1 1 5
1 1 7
5
6 5 0 6 6
0
5
0 8 4 8 5
2
2 3
2 5
5
10 10 10 2 5
1
1 3 0
1
2
6
2 4
2 0
2 5
2 3
1 1 0
2 4
3
20 75 40
1
1 1 71
2
2 1
6
2 3
2 4
2 3
1 2 4
2 3
2 1
4
15 10 30 29
1
2 8
1
2
1
2 3
5
4 1 9 5 0
0
1
9
5
2 1
2 4
2 5
2 1
2 7
1
1
4
1 1 6
1 1 1
1 1 0
1 1 2
2
0 2
3
2 5
1 2 5
2 2
2
93 29
5
2 16
2 19
1 1 1
1 1 100
2 98
2
3 0
2
2 1
1 1 4
4
30 27 27 15
3
1 1 23
1 1 19
2 8
1
3
2
2 0
1 1 4
4
10 5 1 1
0
1
5
5
2 2
2 7
2 10
2 4
2 5
4
7 8 6 3
6
1 4 8
1 1 1
1 4 6
1 3 0
1 4 4
1 2 3
2
4 1
4
1 1 0
1 1 4
1 1 3
2 5
2
90 53
3
1 1 20
2 72
1 1 21
1
3
6
1 1 3
2 4
2 3
2 4
1 1 3
2 1
1
2
1
2 24
1
8
4
2 8
2 2
1 1 5
1 1 4
1
3
0
2
0 1
2
2 1
2 7
5
1 5 5 2 0
3
1 1 5
1 2 0
1 2 10
1
0
7
1 1 0
1 1 1
1 1 0
1 1 0
2 2
1 1 0
1 1 2
4
40 3 95 2
6
1 2 69
1 3 49
1 3 63
2 26
2 51
1 4 58
1
4
5
2 3
1 1 2
1 1 2
1 1 2
1 1 3
4
23 25 8 28
2
2 3
2 3
1
0
1
1 1 7
1
6
0
1
7
5
2 4
2 1
2 9
2 9
2 1
2
9 5
4
1 2 10
1 2 4
1 2 3
1 1 4
2
0 2
6
2 3
2 3
1 1 4
2 2
2 3
2 3
4
92 44 91 81
1
2 21
3
3 2 4
2
2 2
2 0
2
7 28
3
1 2 23
1 2 7
2 18
1
6
3
2 0
1 1 9
2 1
5
1 1 5 6 8
0
4
9 3 9 10
4
2 10
2 2
2 1
2 7
4
10 2 7 5
6
1 2 2
1 3 5
1 1 10
1 4 8
1 2 9
1 1 6
2
2 3
4
2 1
2 4
1 1 0
2 1
3
29 0 95
7
1 2 38
2 46
2 14
2 21
1 1 83
2 89
2 34
1
0
5
2 1
1 1 0
2 4
1 1 3
2 1
2
13 25
3
2 24
2 15
2 12
1
4
2
2 1
2 1
1
5
0
2
9 5
5
2 1
2 9
2 1
2 1
2 6
5
0 10 8 8 9
4
1 1 7
1 3 5
1 2 7
1 2 6
2
5 0
3
2 1
2 2
2 4
2
61 17
1
2 57
2
0 4
6
1 2 1
2 1
1 1 2
2 2
1 1 4
1 1 3
1
26
5
1 1 14
2 16
1 1 3
1 1 16
2 16
1
10
3
2 4
1 1 3
1 1 1
4
10 3 9 3
0
1
1
6
2 9
2 10
2 10
2 3
2 5
2 2
4
8 1 3 10
5
1 3 9
1 4 5
1 4 7
1 2 0
1 1 5
1
2
4
2 3
2 0
1 1 5
1 1 2
4
99 16 50 38
1
1 2 82
3
2 0 2
6
2 3
1 1 3
2 2
2 4
1 2 1
2 1
3
19 18 23
4
2 14
1 3 3
1 1 6
1 1 14
1
3
2
2 9
2 9
3
0 1 0
0
2
5 4
5
2 8
2 3
2 1
2 9
2 6
4
10 1 8 0
4
1 1 2
1 4 4
1 4 9
1 4 7
2
0 2
4
2 1
2 2
1 1 2
2 4
3
84 79 87
7
1 2 74
1 3 76
2 0
2 70
2 64
1 3 36
2 13
3
3 3 0
1
2 2
3
23 24 14
1
2 5
1
6
3
2 2
2 9
1 1 6
1
9
0
4
6 1 4 4
1
2 7
5
2 4 0 9 7
2
1 5 9
1 1 1
1
3
3
1 1 5
2 4
2 4
3
6 68 46
6
1 1 56
1 1 51
1 1 96
1 1 89
1 1 2
2 16
3
1 1 2
1
1 1 1
1
26
2
2 25
2 14
1
7
2
2 2
1 1 4
1
7
0
3
8 1 6
6
2 9
2 1
2 6
2 7
2 2
2 5
1
1
3
1 1 4
1 1 4
1 1 1
1
4
3
1 1 5
1 1 0
2 1
2
72 80
2
2 68
1 2 71
1
4
1
1 1 2
4
19 14 9 23
4
1 3 21
2 11
2 10
1 4 28
1
10
2
1 1 0
1 1 1
1
7
0
5
6 4 9 3 8
1
2 3
3
2 9 1
1
1 2 9
2
2 1
3
2 3
2 4
2 3
3
49 74 97
6
2 26
2 91
1 3 97
1 1 79
1 1 69
1 3 15
1
1
1
2 1
1
4
3
2 28
1 1 22
2 8
1
6
5
2 5
2 5
2 2
1 1 7
2 6
1
8
0
5
1 4 3 6 5
2
2 2
2 0
1
2
3
1 1 5
1 1 6
1 1 0
2
2 4
4
2 5
2 1
2 1
1 2 0
3
51 88 9
5
2 58
1 2 39
2 72
1 2 8
2 45
2
3 3
6
2 4
1 2 2
2 1
2 1
1 2 4
2 4
1
18
2
1 1 19
1 1 20
1
6
3
1 1 7
1 1 4
2 10
4
4 6 0 8
0
3
6 7 0
4
2 5
2 7
2 10
2 10
2
0 3
4
1 1 3
1 1 9
1 2 0
1 1 9
2
3 2
3
2 5
2 0
1 2 0
4
97 58 7 53
1
2 24
1
0
2
1 1 2
2 4
4
20 0 22 28
2
2 22
1 2 21
1
7
5
2 3
1 1 7
1 1 6
2 8
2 0
2
9 2
0
3
10 1 6
5
2 3
2 10
2 5
2 9
2 10
4
4 1 3 0
4
1 3 2
1 1 3
1 1 1
1 4 3
2
0 0
7
1 1 4
2 0
2 5
1 1 5
1 2 3
2 0
1 2 3
3
57 93 78
7
1 1 70
2 93
1 1 83
1 2 96
1 3 56
1 3 21
2 69
2
2 1
4
2 2
2 1
2 2
1 1 3
4
18 12 24 4
4
1 4 24
1 4 6
1 3 21
1 3 4
1
4
4
1 1 7
1 1 0
2 4
1 1 2
1
6
0
1
7
4
2 5
2 0
2 7
2 10
3
8 5 7
4
1 2 8
1 3 8
1 1 10
1 2 0
1
2
3
2 4
2 4
1 1 2
3
59 58 40
3
1 1 64
1 2 48
2 11
2
3 4
2
1 2 2
2 4
1
8
1
2 28
1
3
1
2 9
1
3
0
2
0 0
2
2 6
2 6
5
9 4 8 9 4
3
1 1 6
1 4 0
1 1 0
1
4
3
2 1
1 1 3
2 5
2
32 44
4
1 1 3
2 64
1 1 90
1 1 26
3
0 4 1
5
2 1
2 3
2 4
2 0
1 3 3
1
2
5
2 10
1 1 11
1 1 3
2 5
2 5
1
7
2
1 1 1
2 5
2
7 4
0
3
7 7 3
5
2 9
2 6
2 10
2 6
2 3
2
0 2
2
1 1 9
1 1 4
2
3 1
3
2 2
1 2 0
2 3
5
70 54 100 60 87
2
1 1 90
2 65
1
4
1
1 1 1
3
8 19 4
4
1 2 28
2 17
2 25
2 12
1
0
4
2 2
1 1 3
1 1 0
2 1
3
1 5 1
0
3
3 9 9
3
2 6
2 2
2 4
3
5 9 5
6
1 2 0
1 2 10
1 3 4
1 1 2
1 2 5
1 2 5
2
4 4
7
1 2 5
1 1 1
1 1 1
1 1 0
1 1 1
2 2
2 2
3
68 29 93
4
1 2 95
2 47
1 2 53
1 1 37
1
0
3
2 0
1 1 1
2 2
1
15
1
1 1 13
1
6
4
1 1 4
1 1 6
1 1 1
2 4
2
10 3
0
4
4 8 9 8
4
2 3
2 4
2 2
2 8
4
4 10 9 9
3
1 4 0
1 3 0
1 3 4
2
2 0
7
1 2 2
1 2 3
2 5
2 1
2 0
1 2 3
2 1
2
8 82
1
2 55
2
3 4
1
1 1 1
4
7 18 10 30
1
2 25
1
6
3
1 1 2
2 2
1 1 8
4
7 0 10 6
0
4
6 2 6 4
4
2 1
2 6
2 6
2 2
5
6 6 3 4 5
3
1 1 7
1 2 7
1 1 2
1
4
5
2 5
2 1
2 2
2 0
2 1
5
64 83 10 29 34
3
2 38
1 3 64
2 24
3
1 1 2
3
2 0
2 3
2 1
3
9 2 0
4
2 20
1 1 15
1 1 13
2 20
1
10
3
1 1 9
2 6
1 1 9
2
1 2
0
5
1 6 7 6 7
1
2 9
5
4 5 1 4 1
4
1 1 0
1 2 5
1 5 4
1 3 5
1
2
6
2 2
2 1
2 2
2 2
2 3
2 5
2
94 85
3
1 2 23
2 89
1 1 6
2
3 2
6
2 4
2 1
1 1 0
2 3
2 0
2 1
4
8 0 30 12
5
1 4 30
2 7
1 2 19
2 21
1 4 15
1
0
3
1 1 10
1 1 3
2 7
3
7 5 4
0
3
2 6 6
2
2 9
2 2
1
6
4
1 1 0
1 1 9
1 1 0
1 1 9
2
4 3
4
2 2
2 5
1 1 0
1 2 0
3
99 60 84
2
2 52
2 10
1
1
2
1 1 1
1 1 3
2
17 25
2
1 2 30
1 1 24
1
4
2
1 1 4
2 5
1
7
0
4
0 6 7 6
1
2 2
3
4 3 2
3
1 2 4
1 1 10
1 1 3
2
0 5
4
1 1 0
2 2
1 2 3
1 2 1
2
33 68
4
1 1 12
2 85
2 94
1 1 71
2
2 1
2
2 1
2 3
4
26 22 22 5
3
1 3 10
1 1 17
2 3
1
0
2
2 10
2 3
5
5 3 10 9 3
0
2
8 8
1
2 2
5
8 7 5 7 9
5
1 4 1
1 5 4
1 4 1
1 4 7
1 4 7
1
0
4
1 1 2
1 1 0
1 1 0
2 2
5
49 6 66 55 91
2
2 98
1 1 2
3
0 0 1
5
2 2
2 2
2 4
2 2
1 3 2
4
22 21 5 8
4
2 16
2 14
1 3 8
2 24
1
8
1
2 10
3
2 3 6
0
3
0 6 2
5
2 8
2 9
2 2
2 5
2 5
5
9 3 7 3 4
1
1 1 5
1
5
3
2 5
2 3
1 1 2
3
59 91 8
5
2 18
2 89
2 66
1 1 85
1 3 60
1
3
1
1 1 1
1
5
1
2 0
1
5
4
1 1 8
1 1 0
1 1 3
2 7
4
5 8 10 2
0
1
9
4
2 8
2 8
2 6
2 4
4
5 0 2 2
1
1 1 0
1
0
5
1 1 1
1 1 1
2 0
2 3
1 1 5
2
64 43
1
2 98
2
4 4
6
2 2
1 2 4
1 1 3
1 1 1
2 1
1 2 4
1
29
6
1 1 27
1 1 11
2 24
2 25
2 16
1 1 6
1
7
1
2 4
1
0
0
1
3
5
2 6
2 3
2 8
2 8
2 5
4
1 4 1 6
3
1 3 10
1 3 3
1 1 7
1
5
5
2 5
2 3
1 1 0
2 1
2 2
4
56 4 6 38
7
1 3 45
2 48
1 4 2
2 80
2 24
1 3 15
1 1 71
1
1
1
2 4
2
28 23
5
2 10
2 16
1 2 5
1 2 29
2 7
1
0
5
2 2
2 8
1 1 7
2 8
1 1 1
2
8 2
0
3
5 9 3
1
2 9
5
5 8 0 1 3
6
1 3 8
1 4 8
1 1 4
1 3 10
1 3 1
1 1 6
1
4
3
1 1 5
2 5
2 1
5
40 16 35 79 86
1
1 5 0
2
0 3
2
1 2 0
2 2
1
16
4
1 1 27
2 21
1 1 21
1 1 28
1
5
4
2 9
1 1 0
2 3
1 1 0
4
1 6 0 10
0
3
9 5 10
3
2 1
2 0
2 2
5
2 6 2 7 10
3
1 3 0
1 5 6
1 4 0
1
5
4
1 1 2
1 1 2
1 1 2
1 1 0
2
13 96
7
2 57
2 96
1 2 3
1 1 49
1 2 4
2 57
1 1 89
1
1
3
2 2
2 0
2 2
4
26 0 6 30
1
1 4 0
1
1
3
1 1 5
1 1 6
2 9
1
3
0
2
3 5
5
2 1
2 6
2 3
2 3
2 3
1
0
6
1 1 9
1 1 7
1 1 4
1 1 8
1 1 4
1 1 3
1
4
4
2 5
1 1 3
2 4
1 1 2
4
73 82 37 87
7
2 33
2 88
1 2 65
1 3 83
1 3 76
2 54
1 2 14
2
4 4
1
1 2 3
3
15 3 0
6
1 3 13
2 17
2 3
1 3 3
1 3 1
2 9
1
8
1
1 1 4
3
3 1 7
0
3
0 5 4
4
2 5
2 8
2 7
2 8
2
7 8
2
1 2 2
1 2 4
1
0
3
2 5
2 2
1 1 2
2
97 3
5
1 2 60
2 44
2 87
1 1 90
1 1 75
1
1
4
2 2
1 1 2
1 1 1
1 1 4
3
11 0 18
1
2 4
1
6
5
1 1 2
1 1 3
1 1 9
2 9
1 1 1
1
0
0
3
8 9 6
4
2 10
2 8
2 4
2 1
2
2 5
4
1 1 2
1 2 6
1 2 5
1 1 9
2
4 1
5
2 2
2 2
1 1 5
1 1 1
2 2
5
84 16 28 78 36
1
2 10
1
1
6
1 1 4
1 1 3
1 1 1
2 1
1 1 4
2 3
4
23 24 19 20
4
2 6
1 1 27
2 15
2 16
1
0
1
1 1 9
2
2 0
0
3
10 1 8
1
2 2
3
6 4 7
2
1 1 1
1 2 5
1
5
5
1 1 5
2 0
2 4
2 2
1 1 3
3
43 75 28
6
1 3 17
1 3 8
2 68
2 5
2 28
2 76
1
4
6
2 3
1 1 2
2 1
1 1 0
1 1 4
1 1 3
1
24
1
2 21
1
9
1
2 4
3
9 2 3
0
1
3
2
2 9
2 5
2
1 3
3
1 1 1
1 1 3
1 1 8
2
0 5
5
1 2 1
1 2 4
2 2
1 2 0
1 2 5
3
24 76 83
3
2 51
2 43
2 95
1
0
5
1 1 0
2 1
1 1 2
1 1 1
2 1
3
30 29 23
1
2 0
1
5
4
2 0
2 0
1 1 6
2 4
5
6 2 8 9 4
0
5
6 2 4 2 0
1
2 6
1
7
1
1 1 7
2
0 2
6
2 0
2 2
2 2
1 1 3
2 3
1 1 1
2
40 83
3
2 19
2 28
1 1 11
1
0
5
1 1 0
1 1 2
1 1 4
1 1 3
2 2
1
10
2
1 1 15
1 1 17
1
0
4
1 1 7
1 1 3
2 2
2 4
1
0
0
4
8 4 7 10
6
2 1
2 5
2 2
2 7
2 7
2 1
2
8 6
6
1 2 4
1 1 3
1 1 8
1 1 1
1 2 6
1 2 3
1
5
7
2 3
2 0
1 1 5
1 1 0
2 3
1 1 3
1 1 2
5
47 68 94 85 90
3
1 3 94
1 4 95
1 2 19
3
4 1 4
4
2 4
1 2 2
2 4
1 3 4
2
22 15
2
2 23
2 18
1
8
5
2 1
1 1 6
1 1 5
2 8
1 1 6
2
1 5
0
5
7 4 4 8 7
2
2 10
2 9
4
6 8 0 4
4
1 1 9
1 1 2
1 1 6
1 4 3
1
5
5
1 1 4
1 1 2
2 1
1 1 4
2 2
3
17 52 29
6
2 79
2 59
2 84
1 1 0
1 2 56
2 43
3
0 4 0
2
1 3 4
1 1 1
2
25 15
6
2 24
1 2 4
2 16
1 1 0
2 6
2 8
1
5
2
2 3
2 9
4
8 6 2 9
0
3
0 0 0
5
2 7
2 6
2 9
2 2
2 5
1
2
1
1 1 10
1
3
4
1 1 3
1 1 4
1 1 5
2 0
5
74 72 35 18 17
1
2 6
2
3 4
6
1 2 2
1 2 0
2 0
1 2 2
2 0
1 1 1
4
2 12 7 22
5
2 0
1 3 6
2 17
1 4 6
2 29
1
0
3
2 8
2 2
1 1 3
4
5 0 0 7
0
3
3 9 1
6
2 9
2 9
2 7
2 9
2 10
2 1
5
0 4 4 2 5
4
1 1 6
1 1 9
1 5 2
1 5 10
1
2
5
1 1 1
2 2
1 1 1
1 1 5
1 1 0
3
9 49 2
1
1 3 97
1
1
3
1 1 1
2 1
2 0
2
11 22
6
2 14
1 2 6
2 26
2 9
1 1 14
2 7
1
6
4
2 7
1 1 0
1 1 3
2 7
2
5 7
0
2
8 2
4
2 2
2 0
2 4
2 0
4
8 3 8 7
3
1 4 4
1 2 6
1 2 9
1
4
7
2 0
1 1 4
1 1 2
2 4
1 1 5
1 1 0
1 1 1
2
30 65
5
2 60
1 2 55
1 1 18
2 61
2 47
1
2
3
1 1 3
2 0
1 1 1
3
2 22 27
6
1 3 17
2 8
1 2 0
1 1 3
2 6
2 1
1
4
4
1 1 9
2 2
2 7
2 5
1
6
0
4
10 2 6 8
3
2 3
2 0
2 4
5
5 2 3 2 4
6
1 1 7
1 4 7
1 4 9
1 1 4
1 4 7
1 1 3
2
0 2
3
2 5
2 1
2 1
4
20 2 61 1
2
1 3 41
2 16
1
0
6
1 1 0
1 1 2
1 1 1
1 1 3
1 1 3
2 0
4
25 3 17 28
5
1 4 23
2 20
1 1 2
2 16
1 4 12
1
8
5
1 1 2
2 2
2 0
1 1 8
2 5
4
0 1 1 9
0
5
5 0 8 4 4
6
2 3
2 0
2 6
2 9
2 10
2 9
4
10 8 7 0
3
1 1 9
1 3 10
1 3 5
2
2 4
4
2 3
2 3
2 5
2 2
2
69 61
7
1 1 21
2 12
2 85
2 58
2 29
1 1 65
1 2 81
3
4 1 0
3
1 3 0
2 0
1 3 4
2
24 15
4
1 2 4
1 1 18
1 2 1
1 1 7
1
5
1
1 1 4
5
0 2 1 8 0
0
5
6 9 3 1 8
4
2 9
2 4
2 4
2 6
4
0 2 4 7
6
1 1 0
1 3 0
1 2 2
1 1 1
1 3 4
1 2 0
1
5
4
2 0
1 1 5
2 5
1 1 0
4
87 3 14 40
8
2 70
2 22
1 2 9
2 18
2 92
1 4 28
2 59
1 3 64
1
1
4
1 1 0
1 1 1
1 1 0
2 3
4
8 22 21 30
3
2 5
1 1 2
2 4
1
7
5
2 7
2 2
1 1 2
1 1 10
1 1 7
1
9
0
3
2 0 4
4
2 0
2 6
2 7
2 4
5
2 1 7 7 4
1
1 4 0
2
1 4
5
1 1 1
2 2
1 1 2
2 5
2 3
4
7 31 75 90
3
2 96
2 2
1 4 76
2
0 3
5
1 1 2
1 2 0
2 1
1 1 2
1 1 0
3
8 30 30
1
1 3 16
1
1
2
2 9
1 1 9
4
3 3 0 8
0
4
4 10 3 10
3
2 0
2 2
2 1
1
3
1
1 1 4
1
4
4
1 1 0
2 5
1 1 0
2 5
3
52 58 27
6
1 3 29
2 89
1 2 79
1 2 45
1 3 59
2 1
2
4 1
1
2 0
2
12 18
2
1 1 9
2 18
1
10
4
2 10
2 6
1 1 8
1 1 8
2
9 0
0
3
3 0 5
4
2 8
2 5
2 8
2 2
2
9 9
6
1 1 1
1 2 1
1 1 5
1 1 7
1 2 1
1 1 0
1
0
5
2 4
2 0
1 1 1
2 3
2 1
5
100 7 37 41 35
4
1 5 77
2 40
2 89
2 71
3
3 2 3
1
2 4
1
14
4
2 14
2 17
1 1 18
2 15
1
3
2
1 1 7
2 3
3
7 4 9
0
2
8 2
5
2 5
2 5
2 9
2 3
2 3
5
10 6 4 6 7
5
1 1 0
1 1 9
1 1 4
1 4 8
1 2 5
2
1 5
4
1 2 5
1 1 0
1 1 0
2 2
4
36 26 3 44
1
2 61
3
0 0 3
5
2 1
2 1
1 3 3
2 2
2 0
1
10
3
2 1
1 1 24
1 1 25
1
4
5
1 1 1
1 1 10
2 7
2 1
1 1 8
3
1 5 8
0
2
5 5
2
2 5
2 5
1
8
4
1 1 0
1 1 5
1 1 10
1 1 8
1
2
6
2 3
2 1
2 1
2 0
2 1
1 1 5
3
25 16 68
4
1 1 68
1 3 45
1 3 56
2 58
1
4
6
1 1 3
1 1 2
2 4
1 1 0
1 1 3
2 3
3
13 27 7
2
1 3 21
1 1 28
1
2
3
1 1 7
2 8
1 1 4
4
1 2 2 3
0
5
1 8 2 4 2
3
2 5
2 5
2 3
2
6 2
6
1 1 5
1 2 6
1 1 1
1 1 4
1 2 4
1 1 6
1
4
3
1 1 5
2 4
2 3
2
80 55
5
2 77
2 37
2 70
2 30
1 1 16
1
0
4
1 1 3
2 4
1 1 1
1 1 1
3
16 26 6
3
2 14
2 6
1 1 4
1
4
1
2 4
5
4 5 5 7 2
0
2
8 8
3
2 4
2 5
2 3
4
8 9 3 3
3
1 4 7
1 4 0
1 4 10
1
3
6
1 1 5
2 2
1 1 5
1 1 1
1 1 1
2 5
3
9 30 48
4
2 21
2 73
1 2 97
2 80
2
1 0
6
2 1
1 1 4
1 1 1
1 1 4
2 1
1 1 4
2
24 30
1
2 15
1
0
4
2 9
2 8
1 1 6
1 1 1
1
5
0
5
7 9 8 2 0
1
2 1
4
4 5 7 2
4
1 4 9
1 1 1
1 4 5
1 2 6
1
3
6
2 4
2 5
1 1 5
2 2
2 3
1 1 1
2
85 38
5
1 1 58
2 66
1 2 41
1 1 74
2 77
3
4 0 0
1
1 2 4
4
2 27 16 30
1
1 3 10
1
4
2
2 8
2 9
4
7 10 6 7
0
1
2
3
2 1
2 9
2 8
5
2 9 4 9 8
4
1 5 2
1 5 8
1 4 9
1 1 6
2
4 2
4
1 2 0
1 2 2
1 1 1
2 5
5
69 10 33 6 78
7
2 34
1 4 90
2 50
2 63
2 73
2 11
2 11
1
3
2
2 1
1 1 0
3
14 11 7
1
2 3
1
8
2
2 5
2 0
3
1 6 0
0
1
6
5
2 6
2 8
2 10
2 7
2 10
2
2 0
3
1 2 8
1 2 6
1 1 10
2
0 3
3
1 2 4
2 1
1 1 1
2
100 38
2
2 31
2 25
2
1 2
4
2 4
2 4
1 2 4
2 0
3
2 24 27
2
2 18
2 21
1
3
2
1 1 1
1 1 7
2
8 6
0
1
10
3
2 3
2 10
2 0
2
10 8
3
1 2 10
1 2 0
1 1 9
1
2
3
2 4
2 0
1 1 0
3
66 37 40
5
1 3 32
2 87
2 28
1 1 20
2 19
3
1 4 3
4
1 2 4
2 0
2 2
1 1 3
4
8 18 6 19
3
1 2 28
2 28
2 5
1
3
3
1 1 4
2 3
2 6
5
9 10 3 2 3
0
4
5 7 0 9
3
2 8
2 4
2 10
4
5 5 7 10
3
1 3 2
1 2 8
1 4 4
1
2
7
1 1 4
2 1
2 0
1 1 4
1 1 4
2 5
1 1 1
3
31 86 77
8
1 2 92
2 21
2 43
1 1 69
1 2 82
2 72
2 100
2 65
3
0 4 1
6
1 2 1
2 1
1 1 0
2 1
1 2 1
2 4
3
27 25 20
6
2 21
2 26
1 1 16
2 8
2 21
2 17
1
4
2
1 1 1
2 7
2
5 7
0
3
0 3 0
4
2 0
2 1
2 2
2 9
2
3 3
3
1 1 0
1 1 4
1 2 5
2
0 4
4
2 1
2 2
2 1
2 4
2
65 93
1
1 1 40
1
2
3
1 1 4
1 1 2
2 1
4
24 12 30 16
6
1 4 16
2 28
2 30
2 29
1 1 22
1 2 4
1
2
1
2 6
2
9 8
0
5
3 5 9 1 10
5
2 7
2 1
2 5
2 4
2 7
3
2 2 7
5
1 3 2
1 1 3
1 2 8
1 3 3
1 3 9
1
0
3
1 1 2
2 4
2 4
3
81 58 17
8
2 8
2 14
2 62
2 74
1 2 64
1 1 60
1 2 35
1 1 82
1
2
5
2 3
1 1 2
1 1 0
1 1 1
2 1
1
18
2
2 30
2 3
1
0
2
2 8
1 1 5
2
6 2
0
1
9
6
2 8
2 5
2 9
2 8
2 9
2 0
4
0 1 8 2
3
1 2 3
1 4 0
1 1 8
2
4 3
4
1 1 5
1 2 3
1 1 2
2 1
5
3 56 79 65 70
6
1 1 67
2 35
1 3 1
2 35
2 39
1 4 57
2
4 1
6
2 3
2 4
1 2 3
1 2 0
2 2
1 1 2
2
26 22
5
2 0
2 29
2 12
1 1 6
2 25
1
1
1
2 9
1
1
0
5
4 0 10 3 0
2
2 0
2 10
4
10 3 1 10
2
1 2 10
1 3 7
2
5 3
7
1 1 5
2 3
1 2 1
2 4
1 1 3
1 1 5
1 2 5
4
48 40 40 88
1
1 3 25
3
0 2 0
2
2 1
2 1
4
6 29 6 6
6
2 9
1 4 16
1 2 14
2 14
2 10
1 3 27
1
4
4
2 5
2 2
1 1 2
2 6
3
6 6 5
0
2
4 5
6
2 10
2 1
2 1
2 6
2 8
2 0
3
6 4 4
6
1 1 2
1 2 1
1 3 3
1 1 0
1 2 1
1 3 4
1
1
3
2 2
1 1 1
1 1 3
4
83 63 10 0
7
1 3 92
1 2 46
1 2 72
1 1 36
2 7
2 54
2 14
1
1
1
2 1
4
18 20 30 23
5
2 23
1 4 29
1 2 15
1 1 8
1 4 16
1
10
3
1 1 2
2 0
1 1 2
4
7 3 5 6
0
3
9 5 0
3
2 4
2 7
2 1
2
0 6
6
1 2 8
1 1 9
1 1 3
1 2 1
1 1 4
1 2 8
1
4
6
1 1 2
1 1 3
1 1 3
1 1 2
1 1 2
1 1 4
5
52 85 60 42 32
7
1 2 98
1 1 92
1 4 66
1 2 34
1 2 3
2 88
1 5 1
3
0 4 1
2
1 1 3
1 2 3
3
22 0 18
2
1 2 23
2 10
1
1
2
1 1 9
1 1 8
1
1
0
5
10 4 10 8 5
1
2 8
3
0 10 4
1
1 3 3
2
5 1
5
1 1 2
1 1 2
2 1
2 0
1 2 5
3
80 96 5
4
2 98
2 75
2 48
2 41
3
3 4 2
5
1 3 4
2 4
1 3 2
1 2 3
2 0
2
26 8
1
2 22
1
10
5
2 5
1 1 7
2 8
2 6
1 1 2
5
10 3 4 0 5
0
3
8 9 6
6
2 0
2 3
2 8
2 10
2 8
2 1
1
7
3
1 1 7
1 1 6
1 1 1
1
2
4
1 1 4
1 1 0
1 1 5
2 4
5
34 46 83 73 31
6
2 68
2 5
1 3 4
1 4 42
1 2 50
1 3 8
1
1
2
1 1 4
1 1 2
3
28 12 17
4
2 13
1 3 17
2 15
1 2 21
1
4
1
1 1 7
2
1 6
0
3
7 3 6
3
2 3
2 8
2 6
2
5 4
2
1 1 10
1 2 0
1
5
5
1 1 0
1 1 5
2 1
2 4
1 1 0
4
55 57 15 52
6
1 1 14
2 45
2 45
1 3 88
2 74
2 27
2
1 0
4
2 1
2 1
2 0
1 1 1
4
15 25 8 27
3
1 4 16
2 4
1 2 20
1
3
3
2 0
2 3
2 7
5
1 1 4 7 1
0
1
10
5
2 0
2 8
2 7
2 8
2 7
2
2 3
6
1 1 9
1 1 6
1 1 0
1 2 2
1 2 8
1 2 10
1
3
3
1 1 2
2 5
2 4
4
3 49 12 43
6
2 95
2 86
2 68
1 4 49
1 3 18
2 44
2
2 2
2
2 3
1 1 2
1
22
4
1 1 26
1 1 0
1 1 4
1 1 0
1
1
3
2 6
1 1 4
2 6
2
2 8
0
1
1
1
2 6
3
4 9 6
1
1 3 2
2
0 4
6
2 5
1 2 5
1 1 3
2 3
2 2
2 2
4
2 42 51 22
7
2 27
2 52
1 4 15
1 2 83
2 100
1 4 40
1 2 57
1
0
6
2 2
1 1 3
2 2
1 1 2
2 1
2 4
1
9
1
2 8
1
7
5
2 2
2 2
2 0
1 1 1
2 10
5
8 7 5 0 7
0
2
8 8
1
2 4
4
4 1 3 1
2
1 4 9
1 3 6
1
0
3
1 1 1
1 1 2
2 2
4
92 69 44 44
6
1 3 100
2 32
1 4 62
1 3 71
1 3 25
1 2 72
1
1
3
2 4
2 3
2 1
4
5 27 29 21
4
1 2 7
1 4 2
2 26
2 15
1
7
1
1 1 0
1
10
0
5
4 6 1 3 6
1
2 3
5
7 6 4 5 10
4
1 5 1
1 2 4
1 5 8
1 3 7
1
2
6
1 1 1
2 4
1 1 5
2 2
1 1 0
2 0
5
77 56 33 70 7
4
2 59
2 96
1 2 69
1 5 55
2
0 1
6
1 2 2
2 1
1 2 3
1 2 2
2 1
2 0
4
17 10 2 12
2
1 2 28
1 3 21
1
5
4
2 5
1 1 0
1 1 2
2 1
1
5
0
5
4 2 3 7 2
3
2 3
2 8
2 7
2
7 2
1
1 1 0
2
5 5
4
2 3
2 0
1 1 5
2 2
2
88 90
6
1 2 13
2 72
1 1 71
1 1 2
2 17
2 83
3
3 4 3
3
1 3 2
2 4
1 3 1
2
20 1
4
2 20
2 8
2 29
2 7
1
1
5
1 1 2
2 0
2 8
1 1 9
2 2
3
6 8 4
0
5
5 4 3 4 0
2
2 4
2 8
5
9 5 1 2 10
5
1 3 8
1 3 4
1 4 5
1 1 1
1 3 7
2
1 2
4
2 4
2 4
2 1
2 0
4
99 31 27 42
4
1 4 85
1 3 89
2 60
2 51
2
0 4
3
1 2 0
1 2 2
2 2
2
13 29
6
2 22
2 3
1 1 2
1 2 25
1 1 19
1 1 5
1
5
5
1 1 8
1 1 1
2 10
2 4
1 1 9
1
5
0
5
0 3 10 9 9
5
2 10
2 8
2 6
2 1
2 6
2
8 2
2
1 1 4
1 1 3
2
5 2
6
2 3
2 5
1 1 5
2 3
1 2 1
1 2 5
2
55 87
5
2 78
2 61
1 1 86
1 2 6
2 16
3
0 1 0
5
1 3 1
2 2
1 1 1
2 1
2 0
3
13 14 7
2
2 15
2 22
1
5
1
2 6
3
0 10 2
0
3
9 2 9
4
2 2
2 1
2 1
2 7
3
5 4 0
6
1 2 6
1 1 8
1 2 7
1 3 7
1 2 9
1 3 3
2
1 3
3
1 1 0
1 1 3
2 0
2
8 13
7
2 88
1 1 1
2 39
1 1 95
1 2 67
1 1 34
1 2 31
1
2
6
1 1 4
2 3
1 1 4
2 3
2 3
2 4
4
30 12 22 10
5
2 13
1 1 11
1 3 14
2 7
2 24
1
1
2
1 1 8
2 4
4
2 4 2 9
0
2
4 4
5
2 5
2 7
2 9
2 4
2 2
3
9 0 0
4
1 3 4
1 1 8
1 2 4
1 2 9
2
1 0
6
1 2 2
2 1
2 5
2 4
1 2 5
2 1
5
27 62 19 93 39
7
1 3 97
1 1 21
1 1 9
1 1 9
2 61
2 60
2 71
3
1 0 0
4
2 2
2 0
1 3 4
2 0
1
4
2
1 1 26
1 1 15
1
7
3
2 7
2 0
2 5
3
8 0 8
0
3
8 3 0
3
2 6
2 5
2 5
2
2 9
1
1 2 8
2
0 5
3
1 2 4
2 3
2 5
3
33 89 74
8
1 1 26
1 3 31
1 2 43
2 63
2 71
2 62
1 3 25
2 12
2
2 1
6
2 1
2 2
2 4
2 2
2 3
2 3
1
25
1
2 6
1
8
3
2 2
1 1 0
2 2
1
5
0
1
2
3
2 4
2 9
2 10
2
4 6
5
1 1 10
1 2 8
1 2 8
1 1 3
1 1 0
1
0
5
1 1 2
2 4
1 1 3
1 1 1
1 1 5
4
98 73 7 66
2
1 2 8
2 14
1
3
4
1 1 2
2 0
2 0
2 0
4
9 7 20 8
2
1 2 3
1 2 23
1
10
4
2 5
1 1 9
2 2
2 6
4
3 0 8 6
0
3
5 10 3
6
2 4
2 5
2 3
2 4
2 5
2 10
1
3
5
1 1 0
1 1 1
1 1 10
1 1 1
1 1 0
2
0 3
7
2 1
1 2 5
2 4
2 4
1 2 0
2 3
1 1 1
4
94 45 90 53
1
1 3 55
3
2 4 3
3
2 0
2 1
2 4
3
18 4 2
2
2 10
2 6
1
7
1
2 10
1
2
0
1
2
5
2 9
2 5
2 2
2 6
2 2
3
4 7 4
4
1 2 1
1 1 4
1 2 1
1 2 7
1
0
7
1 1 4
1 1 4
2 0
1 1 4
2 2
1 1 2
1 1 3
4
18 38 83 71
8
1 2 79
2 54
2 54
1 3 0
1 2 79
2 89
1 1 36
1 3 9
3
1 0 0
6
1 1 2
1 1 2
2 2
2 3
2 2
1 3 1
3
26 20 18
2
2 26
2 14
1
0
2
1 1 6
1 1 6
1
2
0
4
10 4 3 7
1
2 0
4
2 0 0 1
6
1 4 10
1 4 9
1 3 2
1 4 4
1 4 7
1 2 2
1
5
5
1 1 1
1 1 0
1 1 0
2 3
2 3
4
97 2 72 10
5
1 4 53
1 3 51
1 3 93
1 1 34
1 4 58
1
3
1
2 0
2
30 20
5
2 15
2 6
1 1 14
2 2
1 2 15
1
6
4
2 9
2 3
2 2
1 1 9
5
8 6 4 3 7
0
1
7
5
2 3
2 0
2 2
2 5
2 0
2
4 1
6
1 1 3
1 2 9
1 2 1
1 2 7
1 2 9
1 1 9
1
2
3
1 1 5
2 3
2 1
2
95 61
6
1 1 22
1 2 80
2 88
2 11
2 60
2 11
2
0 4
3
1 1 3
1 2 1
2 2
2
4 16
5
1 1 29
1 1 24
2 25
1 2 13
1 1 16
1
1
3
2 8
2 6
2 0
5
3 4 3 10 0
0
1
8
4
2 10
2 1
2 7
2 5
2
9 0
2
1 1 2
1 2 1
2
3 5
4
1 1 1
2 4
1 2 1
2 2
2
37 15
6
2 46
2 44
2 78
2 49
1 1 5
1 2 21
2
2 2
5
1 1 3
1 2 2
2 4
1 2 1
2 3
4
27 24 7 19
2
2 6
2 1
1
9
4
2 5
1 1 0
2 5
2 1
4
3 10 1 10
0
4
10 5 6 3
3
2 9
2 0
2 2
4
1 8 8 7
6
1 4 6
1 3 0
1 4 7
1 3 0
1 1 7
1 4 2
2
1 1
3
1 1 0
2 3
2 3
3
53 53 86
1
1 3 92
3
3 2 4
3
1 2 1
2 2
1 2 4
4
30 30 30 11
5
1 2 2
1 3 23
2 2
1 3 22
2 1
1
2
1
2 0
3
4 1 0
0
1
7
4
2 0
2 9
2 4
2 9
4
6 3 10 7
2
1 1 6
1 4 0
1
1
7
2 2
1 1 3
1 1 5
1 1 5
1 1 2
2 2
2 3
4
94 88 58 8
4
1 1 37
1 4 60
2 87
2 70
3
2 3 0
3
2 3
2 0
2 0
3
3 26 5
1
2 27
1
4
1
1 1 6
1
2
0
4
8 1 0 3
4
2 7
2 1
2 0
2 2
2
7 8
1
1 1 3
1
4
4
1 1 0
1 1 3
1 1 1
2 4
5
5 94 12 52 33
6
2 35
2 21
1 4 53
2 18
1 5 28
2 25
1
1
4
1 1 0
1 1 3
2 2
1 1 2
1
3
4
2 20
2 2
1 1 8
1 1 18
1
0
3
1 1 0
1 1 5
2 6
2
4 9
0
1
4
4
2 7
2 1
2 2
2 4
5
3 5 10 0 1
3
1 2 8
1 1 1
1 1 4
2
5 4
3
1 2 0
1 1 5
2 5
2
59 16
4
1 2 17
2 89
1 2 80
1 1 12
3
1 2 3
2
1 1 4
2 1
3
13 18 3
6
2 19
1 1 12
1 3 2
2 12
1 2 15
2 11
1
7
2
2 8
2 5
4
6 5 0 2
0
5
4 5 1 2 3
5
2 0
2 8
2 8
2 5
2 8
1
5
1
1 1 7
2
2 1
5
1 2 0
2 1
1 2 5
1 2 4
2 5
2
58 46
1
2 89
1
0
2
2 1
1 1 3
1
26
6
1 1 8
1 1 14
2 4
2 1
2 14
1 1 22
1
6
1
2 8
5
6 7 9 10 10
0
2
6 5
2
2 4
2 0
2
8 9
6
1 2 10
1 2 3
1 1 3
1 1 9
1 2 3
1 2 0
2
5 2
4
2 2
1 1 1
1 2 4
1 1 4
3
49 56 79
6
1 3 76
1 1 95
2 56
2 13
1 1 50
2 90
2
3 3
3
1 1 3
2 0
1 2 1
3
29 20 12
6
2 17
2 12
2 2
1 2 17
2 30
1 3 16
1
5
2
1 1 2
2 3
1
9
0
5
1 3 7 9 5
2
2 9
2 3
3
2 9 8
6
1 1 5
1 3 2
1 2 8
1 1 4
1 1 6
1 3 5
1
4
5
1 1 3
1 1 5
2 3
2 5
1 1 3
2
63 2
2
2 82
1 2 88
3
3 3 2
4
2 1
2 0
2 4
1 3 3
1
26
2
1 1 24
1 1 17
1
7
1
2 0
2
10 1
0
3
5 1 6
2
2 4
2 2
1
3
6
1 1 0
1 1 5
1 1 1
1 1 4
1 1 7
1 1 9
1
0
5
2 1
2 3
1 1 3
1 1 4
2 1
4
41 51 16 6
8
2 78
1 3 51
1 2 32
2 2
1 3 31
1 3 14
2 57
2 88
2
3 3
4
2 4
2 3
2 4
2 4
3
3 1 9
1
1 3 3
1
1
3
1 1 0
2 10
1 1 1
2
8 3
0
1
10
3
2 3
2 4
2 8
3
9 8 3
1
1 3 4
2
4 4
7
2 2
1 2 5
2 0
2 2
2 2
2 0
1 2 1
3
62 80 4
1
2 8
1
2
3
2 4
1 1 2
2 1
1
2
2
1 1 8
1 1 23
1
7
5
1 1 6
1 1 8
1 1 10
1 1 9
2 0
2
8 5
0
2
10 5
5
2 3
2 0
2 3
2 10
2 1
1
6
6
1 1 3
1 1 4
1 1 9
1 1 2
1 1 4
1 1 6
1
2
4
1 1 0
2 4
2 2
2 1
3
70 80 59
3
1 1 46
2 81
2 76
3
0 3 2
6
1 1 3
2 0
1 2 0
1 3 0
2 0
1 3 0
3
14 20 21
1
2 16
1
0
4
1 1 9
2 5
2 8
1 1 8
1
8
0
3
4 3 2
3
2 8
2 3
2 6
5
0 6 10 2 10
5
1 3 10
1 5 0
1 5 9
1 4 2
1 3 4
2
1 1
3
1 1 5
1 1 4
2 0
2
23 14
5
2 51
2 40
1 1 31
2 25
2 24
3
0 1 0
2
1 1 2
2 4
1
29
3
1 1 8
1 1 5
1 1 10
1
9
1
2 9
3
10 1 7
0
4
4 5 9 3
3
2 1
2 4
2 0
2
6 1
1
1 1 10
1
2
4
1 1 1
1 1 1
2 1
2 0
2
7 65
7
1 1 76
1 1 42
2 96
2 61
2 76
1 1 22
2 53
1
3
5
2 2
1 1 2
2 2
1 1 1
1 1 1
3
17 16 0
5
2 16
2 0
2 23
1 1 30
1 3 3
1
2
4
1 1 7
2 8
2 5
2 10
2
1 3
0
5
0 4 7 9 6
5
2 4
2 4
2 8
2 1
2 1
1
10
2
1 1 3
1 1 1
1
2
3
1 1 5
2 0
1 1 4
3
69 7 56
2
2 1
1 2 49
1
2
4
1 1 0
1 1 3
2 2
2 2
4
9 22 20 27
2
2 19
1 3 16
1
9
1
1 1 10
5
7 5 3 3 9
0
5
2 9 8 7 4
4
2 8
2 1
2 8
2 10
2
6 8
4
1 2 6
1 1 3
1 2 1
1 2 2
1
4
4
2 2
1 1 3
1 1 5
1 1 5
2
18 76
3
1 2 13
1 1 63
1 2 0
2
0 4
5
1 2 1
2 2
2 1
1 1 2
1 1 3
4
7 9 15 9
4
1 1 17
2 12
2 14
2 22
1
4
2
2 5
1 1 10
1
2
0
1
5
2
2 5
2 7
3
3 4 6
3
1 2 0
1 3 3
1 3 9
1
3
7
2 5
2 2
1 1 0
2 4
1 1 0
2 1
2 5
3
42 98 3
6
1 1 96
2 0
1 3 88
1 3 83
1 3 4
1 1 23
2
2 2
5
1 1 2
2 1
1 2 0
2 2
1 1 3
4
29 8 1 6
2
2 24
1 1 11
1
5
1
2 0
3
8 6 5
0
2
10 2
2
2 10
2 7
4
5 9 4 0
1
1 2 6
1
3
6
2 4
2 4
2 4
1 1 3
2 4
1 1 3
4
42 89 40 31
5
2 41
1 4 29
2 32
1 2 2
2 100
2
2 2
4
1 1 1
2 2
1 1 2
2 2
3
25 30 26
6
1 2 23
2 1
2 3
2 21
2 6
1 3 2
1
9
3
2 1
2 8
2 3
3
3 8 4
0
5
5 2 1 5 1
3
2 10
2 0
2 7
4
1 0 4 8
1
1 1 6
2
2 0
4
1 2 2
1 2 5
2 2
1 2 1
4
98 62 15 62
1
1 1 16
3
1 4 0
3
1 2 3
1 3 1
2 2
2
18 22
2
1 2 4
1 2 29
1
5
4
1 1 1
1 1 8
2 4
2 9
4
0 1 5 9
0
5
8 10 4 2 9
5
2 9
2 0
2 3
2 10
2 9
4
2 0 2 0
2
1 4 3
1 2 7
2
5 4
5
1 1 3
1 2 3
1 1 4
1 2 1
2 2
3
47 7 96
7
1 2 15
1 2 98
2 2
2 33
1 2 95
2 81
1 2 45
1
0
4
2 0
1 1 0
1 1 1
1 1 1
2
13 9
5
2 21
2 14
2 21
1 1 1
2 17
1
5
2
1 1 3
2 6
4
5 9 3 10
0
4
6 6 9 5
2
2 8
2 3
1
3
6
1 1 10
1 1 3
1 1 6
1 1 6
1 1 2
1 1 4
1
0
7
2 1
1 1 4
2 0
1 1 3
1 1 0
2 0
1 1 1
2
95 62
3
1 2 85
1 1 36
2 29
2
2 2
6
2 0
2 2
2 0
1 2 1
1 1 2
1 1 4
4
25 22 11 18
2
2 10
1 3 9
1
5
5
1 1 0
2 5
1 1 5
2 5
2 10
4
9 1 3 9
0
2
0 5
4
2 2
2 2
2 6
2 8
2
6 6
1
1 1 2
1
3
7
2 0
2 5
1 1 5
1 1 0
1 1 5
1 1 4
2 5
2
53 93
7
2 34
2 17
2 44
2 34
2 90
1 2 64
2 18
3
2 3 1
5
1 2 4
2 3
2 1
2 4
2 2
2
21 27
6
1 2 23
1 1 2
1 1 10
2 6
1 1 5
1 2 30
1
7
2
1 1 6
1 1 9
3
3 6 9
0
3
5 4 4
5
2 3
2 2
2 2
2 7
2 6
4
9 6 1 1
1
1 3 8
2
4 1
4
2 5
2 2
1 2 1
1 2 3
5
30 98 72 63 89
1
2 75
3
4 2 3
6
1 1 3
2 1
2 4
1 2 3
2 2
2 2
1
6
4
2 15
1 1 3
2 0
1 1 9
1
10
2
2 2
2 5
5
6 7 10 5 8
0
4
2 8 1 0
4
2 0
2 1
2 7
2 5
1
2
5
1 1 4
1 1 0
1 1 5
1 1 9
1 1 7
2
4 0
5
2 5
2 3
2 2
2 4
2 1
3
89 56 7
4
2 4
1 3 62
1 1 18
1 1 77
1
0
5
2 3
1 1 4
1 1 3
1 1 1
2 0
4
4 14 15 3
6
1 4 15
2 17
1 4 3
2 21
1 4 30
1 2 6
1
2
2
1 1 10
2 4
2
1 8
0
3
10 4 2
6
2 5
2 1
2 3
2 3
2 7
2 9
2
10 3
1
1 1 10
2
1 3
7
2 5
1 1 3
2 2
2 2
2 5
1 1 5
1 1 4
4
54 54 31 95
8
1 3 34
1 1 20
2 83
1 1 3
1 4 52
1 1 40
2 84
1 3 35
1
4
1
2 0
1
23
6
1 1 28
2 4
2 22
2 6
2 27
1 1 10
1
3
5
1 1 9
1 1 3
2 1
2 4
2 1
2
5 10
0
2
6 7
4
2 4
2 10
2 9
2 8
5
9 4 9 8 6
5
1 2 8
1 5 8
1 4 2
1 4 4
1 3 6
2
3 4
4
1 1 2
1 2 3
1 2 3
1 2 3
3
9 91 72
1
1 3 85
1
3
1
2 4
1
2
4
2 18
2 11
1 1 15
2 11
1
10
5
2 10
2 6
2 9
2 10
1 1 8
2
0 9
0
5
6 4 6 6 4
4
2 3
2 7
2 5
2 7
4
10 9 2 8
3
1 2 8
1 2 6
1 3 9
2
5 5
4
2 1
1 2 0
1 2 0
2 4
2
80 27
5
1 1 89
1 2 89
1 2 27
2 96
1 2 27
2
3 2
4
1 1 3
2 4
1 1 0
2 2
1
9
3
2 18
1 1 13
1 1 23
1
10
3
1 1 3
1 1 9
1 1 0
4
6 8 5 1
0
3
1 9 3
1
2 1
4
1 9 2 8
3
1 1 9
1 1 9
1 4 7
2
4 5
3
1 1 4
2 4
1 1 2
2
84 50
6
2 29
2 0
1 2 50
2 7
1 1 92
2 2
2
1 2
3
2 2
1 2 4
1 2 1
3
10 7 19
4
2 17
1 2 24
2 9
2 24
1
8
1
1 1 9
1
3
0
4
4 3 2 7
1
2 0
4
7 5 8 6
6
1 2 10
1 1 6
1 1 9
1 3 4
1 3 6
1 3 3
1
1
6
1 1 4
2 3
1 1 1
2 5
1 1 4
1 1 3
2
43 32
1
1 2 51
1
4
2
2 1
1 1 1
1
24
5
1 1 22
2 12
1 1 18
2 10
1 1 23
1
8
3
1 1 9
2 3
2 0
5
5 6 9 9 1
0
2
10 10
5
2 2
2 5
2 7
2 4
2 0
5
0 1 10 6 7
2
1 4 4
1 1 10
2
4 2
7
2 1
2 2
2 2
2 4
2 5
2 0
2 0
2
24 80
4
2 20
1 1 93
1 1 99
1 2 39
2
4 0
6
1 2 0
2 1
2 2
2 3
1 2 3
2 1
1
6
6
2 17
1 1 29
1 1 18
1 1 26
1 1 11
1 1 13
1
0
2
1 1 6
1 1 3
1
8
0
2
2 8
3
2 0
2 7
2 10
3
10 3 3
5
1 2 4
1 2 9
1 1 9
1 1 1
1 1 0
2
5 1
4
2 4
1 2 2
2 5
1 2 3
5
34 37 79 15 9
2
1 1 39
2 96
3
4 0 1
1
1 1 1
3
19 26 11
4
2 3
1 1 21
1 2 26
1 2 26
1
3
3
2 7
1 1 5
2 3
1
10
0
5
6 0 4 4 4
5
2 4
2 7
2 8
2 8
2 1
5
0 7 3 3 7
5
1 4 3
1 3 6
1 2 1
1 4 5
1 3 5
1
1
7
1 1 3
2 3
2 2
2 3
1 1 5
2 5
2 0
2
7 19
6
1 1 94
2 65
2 5
2 57
2 46
1 2 36
1
3
6
2 3
1 1 3
1 1 3
2 4
2 2
1 1 4
2
6 22
3
1 1 15
1 2 27
1 2 4
1
2
1
1 1 3
3
1 10 10
0
1
3
6
2 0
2 4
2 2
2 10
2 5
2 1
5
7 2 1 3 9
4
1 1 9
1 3 5
1 2 10
1 1 2
1
4
3
1 1 2
1 1 5
1 1 3
3
73 23 59
2
1 1 71
2 46
2
4 0
3
1 1 1
1 1 3
2 0
2
0 10
6
2 22
2 4
2 29
1 2 13
1 2 4
2 10
1
6
3
2 10
1 1 10
1 1 3
4
1 6 5 3
0
2
6 1
2
2 2
2 7
1
3
6
1 1 4
1 1 10
1 1 5
1 1 10
1 1 0
1 1 4
2
0 2
3
2 4
1 1 3
1 2 0
2
35 80
5
1 2 80
1 1 79
1 1 10
1 1 88
1 2 19
2
1 0
5
2 3
2 2
1 1 2
2 4
2 0
2
1 12
4
2 15
2 14
1 1 16
2 13
1
4
3
1 1 0
1 1 9
2 10
2
8 9
0
3
1 7 6
3
2 0
2 4
2 6
2
3 9
4
1 1 1
1 1 1
1 2 1
1 1 7
2
0 4
5
2 2
1 1 5
2 5
1 2 0
2 5
2
18 3
6
2 71
1 2 1
2 87
1 2 16
2 25
2 93
3
4 4 3
1
1 2 2
3
11 25 14
1
2 26
1
3
3
1 1 10
2 2
2 2
4
7 8 7 6
0
4
10 9 8 9
6
2 5
2 8
2 9
2 1
2 1
2 7
1
6
5
1 1 2
1 1 0
1 1 2
1 1 2
1 1 3
1
2
4
2 5
1 1 3
2 4
2 1
3
9 33 78
1
1 1 14
2
3 4
5
2 1
2 1
1 2 2
1 1 1
2 3
3
14 26 30
2
1 1 20
1 2 13
1
4
1
2 5
2
9 4
0
4
5 2 1 2
2
2 2
2 8
5
6 6 3 4 3
5
1 4 0
1 4 4
1 4 6
1 5 5
1 3 1
2
0 2
7
2 4
1 1 3
2 1
1 2 2
1 2 1
1 2 2
1 1 0
4
65 81 55 72
2
1 2 65
2 21
2
2 0
2
1 1 4
2 1
2
20 28
2
2 24
2 17
1
2
5
1 1 3
2 5
1 1 0
2 5
2 1
1
1
0
1
10
3
2 9
2 8
2 10
3
1 10 2
1
1 3 8
1
1
3
1 1 4
1 1 5
1 1 0
5
38 87 11 3 93
3
1 4 89
1 2 81
1 2 16
2
3 0
4
1 2 1
2 0
1 2 2
2 4
2
7 3
1
1 1 4
1
8
5
2 5
2 10
2 9
1 1 0
2 4
3
10 10 3
0
4
6 10 9 7
2
2 0
2 8
2
5 6
2
1 1 3
1 2 2
2
2 4
7
2 3
1 2 1
2 3
2 1
2 1
2 0
2 0
2
27 0
4
1 2 50
1 2 32
1 1 45
1 1 59
1
0
6
2 3
1 1 1
2 4
1 1 1
1 1 0
1 1 3
3
28 21 7
3
1 2 0
2 16
2 23
1
5
3
1 1 3
1 1 7
2 6
5
3 1 6 0 10
0
2
2 1
3
2 1
2 5
2 7
1
6
4
1 1 9
1 1 5
1 1 4
1 1 0
1
2
5
1 1 2
2 4
1 1 2
1 1 5
1 1 0
5
81 87 98 22 45
6
1 5 47
1 3 83
2 59
1 2 9
1 1 75
2 32
1
1
5
2 2
1 1 4
2 0
1 1 3
2 2
2
5 9
3
1 1 0
2 12
1 1 14
1
4
2
1 1 4
1 1 10
5
4 5 1 6 8
0
2
5 10
4
2 7
2 3
2 0
2 9
2
10 5
5
1 1 9
1 1 1
1 2 3
1 2 8
1 1 2
2
3 3
7
1 2 2
2 3
2 0
2 5
2 2
2 4
1 1 2
3
60 84 65
1
2 94
3
0 0 2
6
1 1 2
1 2 4
2 3
1 2 0
1 2 0
2 0
2
20 8
3
2 25
1 1 17
2 23
1
1
2
2 1
1 1 0
1
2
0
2
9 2
4
2 10
2 10
2 10
2 5
4
5 9 7 10
1
1 3 1
1
3
7
1 1 4
1 1 5
2 0
2 4
1 1 4
2 1
1 1 5
4
35 62 1 58
4
1 2 12
2 52
2 1
1 3 24
2
4 3
3
2 1
1 2 0
2 1
2
9 13
3
2 10
2 6
2 21
1
2
2
2 3
2 4
1
4
0
3
9 3 4
6
2 7
2 0
2 6
2 10
2 4
2 2
2
8 9
5
1 1 2
1 1 10
1 2 0
1 1 2
1 1 4
2
3 0
5
2 1
2 5
1 2 4
1 1 3
1 1 4
2
63 29
7
1 1 94
1 2 24
1 2 73
1 1 71
2 81
1 1 72
1 1 22
2
0 4
2
1 1 3
1 1 0
4
14 6 17 22
2
2 22
1 3 30
1
5
1
2 7
1
9
0
5
0 7 2 1 1
3
2 6
2 7
2 1
1
9
5
1 1 2
1 1 3
1 1 10
1 1 8
1 1 3
2
5 0
4
2 2
2 5
2 1
1 1 1
5
41 93 65 5 93
4
2 85
2 19
2 16
2 100
1
4
5
2 2
2 2
2 2
1 1 1
1 1 4
4
28 1 16 28
4
2 19
2 9
1 4 20
1 1 4
1
10
1
1 1 10
3
9 0 10
0
4
4 9 3 3
5
2 1
2 1
2 7
2 4
2 8
2
10 10
3
1 2 0
1 2 4
1 2 8
1
5
6
2 1
1 1 2
2 5
2 2
1 1 2
2 1
2
65 45
4
1 2 8
2 74
2 89
1 1 59
1
0
1
1 1 1
3
22 1 3
2
1 1 13
1 1 30
1
1
2
1 1 4
1 1 6
5
0 2 0 0 10
0
3
7 4 5
3
2 6
2 3
2 10
3
7 0 7
4
1 2 5
1 2 9
1 3 9
1 3 5
2
5 0
7
2 5
2 5
1 2 0
1 2 2
2 5
2 3
2 5
4
32 42 21 93
8
1 4 83
1 1 6
2 70
2 73
2 42
2 7
1 3 22
1 2 85
1
2
6
2 3
2 2
2 2
2 1
2 0
2 2
3
19 2 7
2
1 2 30
2 12
1
7
4
2 8
1 1 8
2 0
1 1 6
2
4 4
0
1
6
3
2 1
2 1
2 9
4
5 7 10 7
4
1 1 8
1 3 2
1 1 7
1 3 1
1
1
7
2 4
1 1 3
1 1 3
1 1 5
2 5
2 1
1 1 2
4
30 21 85 95
1
2 49
3
0 0 1
6
2 4
1 1 3
2 0
2 3
1 1 2
2 1
3
5 1 28
4
1 2 0
2 4
2 13
2 11
1
0
1
1 1 5
5
2 5 8 9 8
0
5
8 10 8 3 7
5
2 4
2 3
2 8
2 0
2 1
1
0
2
1 1 4
1 1 6
2
0 5
7
2 3
2 1
1 2 3
1 1 5
1 2 5
2 0
2 2
3
9 99 6
5
1 1 77
2 17
2 14
1 3 23
2 53
3
3 0 2
3
2 1
2 4
1 1 4
2
13 27
4
1 2 8
2 22
1 1 2
2 6
1
10
4
2 8
2 4
1 1 2
2 6
3
1 9 9
0
4
5 5 1 8
3
2 10
2 10
2 5
1
6
1
1 1 7
1
3
3
2 2
2 1
2 3
3
28 81 42
2
2 37
1 3 79
3
1 3 2
2
2 3
2 2
2
11 6
2
2 26
2 29
1
2
2
2 3
2 10
5
5 4 2 4 1
0
3
7 0 5
2
2 6
2 4
4
8 5 6 7
2
1 2 0
1 1 4
2
2 2
5
1 2 5
1 1 5
1 1 0
2 1
1 2 0
3
76 52 71
2
1 1 10
1 3 22
3
4 4 0
5
2 4
1 3 2
2 1
1 2 4
2 2
1
0
3
2 2
2 13
2 3
1
9
1
2 6
2
7 2
0
1
7
6
2 0
2 5
2 9
2 9
2 2
2 8
3
6 2 4
1
1 1 8
2
4 5
3
1 1 5
1 2 1
1 1 2
4
61 88 89 5
2
2 14
2 9
2
0 0
6
2 4
2 2
1 2 4
1 1 1
2 1
2 0
1
22
2
2 3
2 6
1
8
1
2 0
5
3 5 6 8 5
0
2
1 2
4
2 6
2 9
2 10
2 6
1
1
6
1 1 8
1 1 7
1 1 0
1 1 5
1 1 9
1 1 3
1
5
5
2 4
2 1
1 1 1
1 1 5
2 1
5
8 18 96 19 78
2
2 3
1 3 30
3
3 0 4
3
1 3 1
2 4
1 3 2
3
17 30 9
5
1 3 12
1 2 23
1 1 17
1 1 4
2 23
1
1
2
1 1 4
1 1 9
4
9 9 8 5
0
2
1 7
4
2 8
2 5
2 10
2 8
3
5 6 8
4
1 3 10
1 3 9
1 2 3
1 3 4
2
3 4
7
1 1 4
2 1
1 2 3
1 1 4
1 2 5
2 3
1 2 4
4
97 9 79 25
8
2 0
1 3 3
2 52
2 28
2 11
2 36
2 91
1 2 86
3
0 2 1
6
1 3 3
1 1 4
2 1
2 0
2 1
2 1
2
10 30
2
2 29
1 2 13
1
5
4
1 1 8
1 1 2
1 1 0
1 1 8
5
4 9 9 7 7
0
2
2 10
6
2 8
2 2
2 7
2 5
2 7
2 0
5
10 7 7 2 9
6
1 4 3
1 2 2
1 3 3
1 4 7
1 1 7
1 1 5
1
5
4
1 1 0
1 1 0
2 5
2 1
4
21 44 14 91
2
1 1 44
1 3 65
2
0 2
4
2 0
2 1
2 4
1 1 0
3
12 10 0
6
1 2 19
1 1 30
1 3 14
1 2 6
2 14
1 1 2
1
7
3
2 2
1 1 10
1 1 3
1
8
0
2
5 9
6
2 6
2 5
2 9
2 5
2 10
2 0
1
5
2
1 1 0
1 1 10
2
2 1
4
1 2 1
1 1 2
1 2 1
1 1 3
3
45 62 32
7
2 2
2 77
1 2 5
1 1 83
1 2 73
1 1 94
2 69
1
2
3
1 1 0
2 1
1 1 1
3
12 20 1
4
2 7
1 1 1
2 18
1 1 22
1
0
2
2 0
1 1 10
5
6 6 5 0 8
0
5
3 0 0 9 7
3
2 9
2 9
2 7
4
8 7 6 6
3
1 4 1
1 1 3
1 2 6
2
3 0
3
2 5
1 1 4
1 2 2
3
96 70 27
4
1 2 22
2 0
2 54
2 83
1
1
1
1 1 0
1
28
3
1 1 29
1 1 18
2 19
1
5
5
2 6
1 1 9
1 1 0
2 1
1 1 3
1
0
0
4
10 2 2 1
3
2 8
2 0
2 6
3
6 7 7
5
1 1 7
1 1 1
1 1 5
1 3 10
1 3 8
1
2
5
1 1 1
1 1 0
2 0
1 1 1
2 3
4
72 3 46 49
6
2 59
1 2 97
1 2 1
1 2 53
2 15
1 1 27
1
1
2
1 1 0
1 1 4
4
18 11 17 28
3
1 4 1
1 3 25
1 1 14
1
2
5
2 5
2 7
2 1
1 1 9
1 1 9
2
9 9
0
5
8 3 0 10 10
1
2 6
1
6
5
1 1 10
1 1 8
1 1 2
1 1 1
1 1 2
1
3
5
2 2
1 1 5
2 5
1 1 2
2 5
2
32 64
4
2 16
1 1 17
1 2 85
1 2 51
3
4 0 2
3
2 1
2 3
1 3 2
2
13 11
3
2 6
2 19
1 1 8
1
9
3
2 1
2 0
2 10
3
5 1 1
0
3
2 6 0
5
2 4
2 7
2 7
2 7
2 5
4
8 0 1 10
1
1 4 8
1
4
3
1 1 1
2 2
1 1 5
3
20 70 17
1
1 3 23
3
0 3 2
2
1 2 4
1 3 1
4
27 12 8 25
3
2 23
1 3 23
2 4
1
3
4
2 1
2 7
1 1 5
2 7
3
5 7 9
0
4
8 3 4 10
3
2 7
2 9
2 1
3
5 9 2
6
1 2 0
1 1 10
1 1 2
1 1 2
1 3 3
1 2 7
2
4 5
4
2 1
2 5
1 1 3
1 1 0
3
63 63 91
5
2 88
1 1 34
2 24
2 1
2 45
1
2
3
1 1 2
2 4
2 4
2
1 14
6
1 2 17
2 13
1 2 28
1 1 26
1 1 8
2 4
1
8
4
2 0
2 1
2 3
1 1 6
3
2 10 7
0
2
9 3
6
2 8
2 0
2 5
2 7
2 1
2 2
4
9 7 2 6
3
1 2 0
1 3 4
1 2 0
1
5
5
1 1 4
1 1 3
2 1
2 0
2 3
2
100 9
3
1 2 88
2 77
1 2 80
1
0
2
1 1 3
2 4
4
18 2 13 16
4
2 28
2 3
2 2
1 3 5
1
10
2
2 7
1 1 8
1
4
0
1
10
6
2 5
2 7
2 7
2 8
2 5
2 5
1
1
5
1 1 2
1 1 4
1 1 1
1 1 6
1 1 0
2
0 2
6
2 4
1 1 3
2 3
1 1 0
2 5
2 5
2
0 74
2
1 1 82
2 50
2
1 0
4
1 1 3
1 2 4
1 2 4
1 2 4
3
26 5 30
2
2 20
1 2 18
1
2
2
2 0
1 1 1
3
3 5 10
0
2
0 10
1
2 9
3
9 1 1
4
1 2 0
1 2 1
1 1 3
1 3 5
1
3
7
2 2
1 1 4
1 1 3
1 1 3
2 5
2 1
1 1 1
3
62 43 12
5
2 8
1 3 98
2 31
1 3 8
2 1
1
1
3
2 2
1 1 0
2 1
2
23 6
4
1 1 25
1 2 5
1 2 9
2 11
1
3
2
1 1 2
2 6
3
1 2 10
0
4
1 1 0 5
2
2 2
2 2
1
6
4
1 1 0
1 1 5
1 1 3
1 1 5
2
1 2
3
2 3
2 1
1 2 1
4
76 82 19 88
2
1 1 1
2 35
2
1 1
3
2 3
2 4
2 4
1
8
2
1 1 2
2 8
1
4
4
1 1 5
2 2
2 7
1 1 5
2
8 2
0
3
7 9 1
1
2 9
1
6
2
1 1 5
1 1 0
1
0
7
2 3
1 1 3
1 1 1
1 1 4
1 1 2
1 1 2
1 1 2
4
65 32 38 60
4
1 3 56
1 2 59
2 37
2 35
3
0 2 3
2
2 1
1 3 1
2
16 7
6
2 21
2 24
2 0
1 1 2
2 16
1 2 30
1
10
3
1 1 5
1 1 0
1 1 9
1
3
0
2
6 4
3
2 9
2 10
2 7
2
3 9
3
1 2 5
1 2 2
1 2 9
1
2
6
1 1 4
1 1 0
1 1 2
2 5
2 0
2 4
2
77 32
3
2 92
1 2 88
1 1 35
2
0 1
1
2 2
1
12
3
2 10
1 1 12
1 1 24
1
4
5
1 1 6
1 1 6
2 0
1 1 1
2 0
4
5 8 4 3
0
2
2 7
3
2 0
2 7
2 1
1
7
2
1 1 3
1 1 6
2
3 2
6
2 5
2 2
1 2 5
2 1
1 1 5
1 2 1
4
0 27 83 60
3
1 3 97
2 3
2 94
1
0
2
1 1 0
2 1
4
10 8 15 9
6
1 1 25
1 3 29
1 3 14
2 23
1 4 4
1 2 14
1
1
3
2 1
1 1 10
2 3
2
9 6
0
5
10 7 6 6 6
1
2 1
3
8 0 10
1
1 3 0
1
4
4
2 2
1 1 0
2 0
1 1 3
2
71 50
4
1 1 37
2 20
2 96
2 33
3
0 0 2
5
1 2 4
2 1
1 3 4
2 0
1 2 2
4
18 23 11 8
2
2 24
2 16
1
2
2
2 0
2 6
4
10 1 6 0
0
5
10 3 2 10 8
4
2 9
2 5
2 0
2 4
2
2 6
2
1 2 4
1 2 2
2
4 2
5
1 2 5
2 2
2 3
2 0
2 0
2
36 32
6
1 2 57
1 1 13
1 2 79
2 51
2 38
2 96
3
4 2 2
6
1 2 3
2 0
2 1
2 0
1 3 1
2 3
3
2 15 2
1
2 28
1
5
5
2 4
1 1 0
2 3
1 1 2
1 1 8
2
4 4
0
3
6 2 8
3
2 9
2 2
2 9
4
3 1 8 1
6
1 3 6
1 3 0
1 4 2
1 3 8
1 2 3
1 1 4
1
3
3
2 2
2 1
2 5
4
6 95 26 92
2
1 1 20
2 70
1
0
4
1 1 2
2 4
2 3
1 1 1
2
28 6
4
1 2 23
1 1 27
1 2 19
1 1 0
1
4
3
1 1 2
2 4
1 1 3
3
9 8 8
0
1
4
3
2 5
2 4
2 9
4
0 3 7 5
5
1 4 4
1 2 4
1 2 3
1 1 8
1 4 2
1
5
6
1 1 2
2 0
1 1 3
2 4
2 2
1 1 2
2
22 100
1
1 1 8
2
1 2
2
2 0
1 2 2
2
23 16
1
2 29
1
6
3
1 1 4
1 1 9
1 1 6
2
5 1
0
5
1 9 4 4 9
3
2 3
2 10
2 10
5
0 2 2 2 3
2
1 2 5
1 5 3
2
0 4
5
1 1 3
1 2 5
1 1 0
1 2 5
1 1 0
4
54 42 36 9
3
2 56
2 1
2 74
2
2 3
2
1 1 3
1 2 3
1
27
1
1 1 8
1
8
4
2 7
1 1 2
2 5
1 1 4
2
4 10
0
4
6 8 7 6
2
2 8
2 4
4
7 8 2 2
4
1 2 10
1 2 4
1 2 0
1 4 10
2
2 2
7
1 2 1
2 4
2 1
1 1 3
1 2 2
1 2 1
1 1 4
3
86 22 58
7
2 3
2 37
1 3 21
2 73
2 15
2 47
2 84
3
2 3 0
6
1 1 4
2 3
2 0
1 2 4
1 1 0
2 3
2
28 16
4
1 1 22
2 15
2 13
2 23
1
8
1
2 2
3
4 3 5
0
5
7 0 9 0 7
2
2 8
2 7
4
2 0 10 10
6
1 2 0
1 2 10
1 1 3
1 3 3
1 3 10
1 4 4
1
2
5
2 3
1 1 2
2 2
2 5
2 4
4
2 48 2 68
5
2 76
1 4 17
2 26
2 25
2 80
3
2 4 0
3
2 2
1 1 0
2 3
1
22
3
1 1 15
1 1 1
1 1 0
1
9
1
2 2
1
8
0
4
1 9 1 0
5
2 0
2 10
2 0
2 3
2 7
4
4 0 1 0
5
1 4 2
1 2 9
1 4 9
1 2 8
1 1 0
2
0 3
6
1 2 0
2 3
2 1
2 1
1 1 2
1 1 3
4
77 20 48 88
2
2 0
1 2 85
2
3 0
1
2 4
1
26
3
1 1 15
1 1 27
1 1 21
1
0
2
1 1 2
1 1 2
3
5 8 10
0
2
1 6
5
2 1
2 0
2 6
2 8
2 7
1
5
4
1 1 0
1 1 1
1 1 7
1 1 9
1
3
7
2 3
2 4
2 5
2 5
1 1 5
1 1 5
1 1 4
4
39 33 20 2
3
1 4 30
1 1 19
2 62
2
0 0
4
1 1 0
1 2 2
2 0
2 1
4
11 15 17 3
5
1 1 21
2 2
1 1 5
2 18
2 3
1
1
3
1 1 0
1 1 1
1 1 1
5
7 2 10 6 1
0
1
3
5
2 3
2 1
2 1
2 10
2 1
2
4 4
6
1 1 5
1 1 5
1 2 10
1 1 2
1 2 10
1 1 9
1
3
7
2 3
1 1 0
2 3
2 4
2 0
1 1 5
1 1 1
5
73 26 65 100 1
6
2 50
1 2 39
1 5 32
2 84
2 17
1 3 95
1
1
1
1 1 2
2
1 0
5
2 22
2 24
1 2 9
2 2
1 2 22
1
0
2
1 1 10
2 5
4
1 7 8 8
0
2
7 0
4
2 3
2 9
2 8
2 9
2
3 6
4
1 2 8
1 1 7
1 1 2
1 2 8
2
1 4
6
2 2
2 3
2 1
1 2 1
1 2 0
1 2 3
4
86 69 69 14
1
1 2 95
1
3
1
1 1 1
4
26 15 17 5
2
2 19
2 23
1
4
1
1 1 3
3
9 10 2
0
5
4 10 1 4 6
6
2 2
2 10
2 5
2 3
2 7
2 9
2
2 10
1
1 2 8
1
0
3
2 3
1 1 2
1 1 0
2
87 78
4
2 63
2 54
2 87
2 93
3
2 0 4
3
1 3 3
1 3 0
2 0
1
8
6
2 17
1 1 20
1 1 15
1 1 16
1 1 25
1 1 1
1
9
4
2 6
2 9
1 1 10
1 1 0
5
9 9 2 0 9
0
2
3 2
5
2 0
2 5
2 0
2 1
2 8
1
1
5
1 1 1
1 1 7
1 1 2
1 1 4
1 1 0
1
0
5
2 4
1 1 1
1 1 4
2 4
2 1
5
70 51 69 77 68
5
2 17
2 90
2 73
1 1 41
1 5 66
2
1 0
2
2 1
1 2 4
2
3 17
1
1 2 3
1
4
5
1 1 7
2 8
2 9
1 1 0
2 10
3
5 10 1
0
5
6 8 10 7 2
6
2 10
2 9
2 9
2 9
2 6
2 3
1
3
4
1 1 7
1 1 10
1 1 1
1 1 8
1
3
6
2 3
2 5
2 3
1 1 3
2 2
1 1 4
3
80 50 56
1
2 51
1
4
1
2 2
3
24 16 1
4
1 3 3
2 23
2 6
2 11
1
5
3
1 1 7
1 1 7
1 1 6
3
7 1 10
0
4
4 8 10 0
5
2 2
2 1
2 8
2 5
2 9
4
3 4 3 3
2
1 2 3
1 1 1
1
1
6
2 5
1 1 2
2 5
2 4
1 1 5
1 1 1
2
30 37
7
1 1 99
2 6
1 2 25
2 88
2 46
1 2 65
2 52
1
0
4
2 4
2 0
2 4
1 1 0
3
25 7 21
2
1 1 26
1 3 12
1
4
1
1 1 3
4
7 7 10 8
0
1
2
6
2 3
2 4
2 7
2 10
2 7
2 3
5
5 0 1 1 4
6
1 5 3
1 3 6
1 5 2
1 5 4
1 3 5
1 4 10
2
3 4
6
1 2 1
2 2
2 3
1 2 3
2 4
1 1 3
4
98 34 3 56
6
1 2 72
2 22
2 12
1 3 36
2 67
2 22
3
1 4 2
1
1 1 4
4
15 15 10 24
3
2 11
2 19
2 13
1
4
4
2 6
2 8
1 1 7
2 6
2
5 9
0
4
9 7 2 3
6
2 5
2 2
2 2
2 9
2 2
2 1
1
1
2
1 1 5
1 1 0
1
5
3
2 1
2 3
1 1 3
5
57 39 34 38 42
2
2 23
2 24
1
2
3
1 1 2
2 3
2 4
3
24 9 22
6
1 2 23
2 7
2 12
1 3 10
2 1
2 21
1
10
5
1 1 9
1 1 4
1 1 10
1 1 9
2 9
2
9 1
0
3
5 7 4
6
2 10
2 4
2 4
2 3
2 2
2 6
2
0 0
1
1 2 8
1
5
6
1 1 4
1 1 3
2 4
2 5
1 1 0
2 3
3
100 32 97
3
2 63
2 71
2 51
3
2 1 0
3
2 2
1 3 4
1 2 4
2
29 4
6
1 2 0
1 1 13
1 1 22
2 1
2 14
1 1 21
1
5
1
2 2
5
7 10 10 7 1
0
3
6 0 9
5
2 3
2 8
2 1
2 0
2 10
3
4 6 0
3
1 3 7
1 3 0
1 3 0
2
1 0
3
1 2 5
1 1 1
1 2 2
4
16 35 49 46
3
2 0
1 1 74
2 19
2
4 1
5
2 3
2 1
2 2
2 4
1 1 3
2
16 23
2
1 1 19
1 2 8
1
5
1
2 2
1
10
0
4
0 2 10 5
6
2 10
2 5
2 0
2 6
2 3
2 5
1
1
3
1 1 4
1 1 9
1 1 3
1
0
7
1 1 4
2 2
2 0
2 4
2 0
1 1 4
1 1 4
5
59 20 41 54 2
6
1 5 90
2 51
1 4 55
2 73
1 5 14
2 100
2
4 0
3
1 2 3
2 4
2 4
4
11 14 19 21
2
1 4 4
1 2 23
1
4
1
2 9
3
0 1 7
0
1
9
4
2 6
2 9
2 4
2 8
3
1 4 5
1
1 1 8
2
4 2
7
1 1 0
2 1
2 0
1 2 5
2 0
2 0
1 1 5
5
33 30 39 5 12
4
1 2 42
1 5 83
2 70
2 30
2
3 1
6
2 2
1 1 4
2 3
1 1 2
2 2
1 2 4
3
16 29 6
6
1 3 16
2 25
2 13
1 3 22
2 26
2 18
1
2
4
1 1 1
2 6
1 1 6
2 1
4
8 3 0 1
0
1
6
1
2 6
5
5 1 0 1 9
5
1 4 2
1 4 3
1 5 6
1 2 5
1 3 8
1
0
5
2 3
2 2
2 5
2 3
2 2
4
38 95 42 100
2
2 58
1 3 67
2
4 1
5
2 0
1 1 2
2 2
1 2 0
1 1 3
3
2 27 0
4
1 3 3
2 25
2 7
1 1 17
1
0
5
2 1
2 6
2 5
1 1 3
1 1 3
1
1
0
2
4 0
5
2 0
2 9
2 3
2 1
2 9
3
8 9 9
6
1 2 7
1 3 5
1 3 4
1 3 8
1 3 4
1 2 10
1
0
4
2 1
2 5
2 3
1 1 1
3
4 37 100
4
1 3 64
2 15
1 2 60
1 3 52
2
3 2
3
2 2
2 1
1 1 0
2
24 27
3
1 1 25
1 2 24
2 26
1
2
1
1 1 2
2
3 2
0
1
10
2
2 8
2 8
5
4 8 3 0 6
2
1 2 2
1 1 4
2
0 2
6
1 1 3
1 2 2
2 2
2 5
2 2
2 0
4
62 84 46 52
3
1 1 72
2 23
1 4 1
3
0 1 4
5
1 1 4
1 3 2
1 1 1
1 2 1
2 3
1
20
6
2 11
1 1 14
1 1 23
2 12
1 1 28
1 1 28
1
6
2
2 7
2 2
2
2 1
0
5
10 0 5 0 0
3
2 6
2 6
2 7
4
0 10 9 4
5
1 2 6
1 2 7
1 1 2
1 1 6
1 1 0
1
0
3
1 1 3
1 1 3
2 2
2
49 49
3
1 1 78
1 1 40
1 2 49
1
4
1
1 1 4
4
24 11 1 12
2
1 1 3
2 15
1
0
1
1 1 2
4
9 4 5 9
0
2
0 7
2
2 2
2 5
2
2 3
6
1 2 3
1 1 6
1 2 4
1 1 6
1 1 9
1 2 5
2
5 1
5
1 2 5
2 2
2 4
1 2 4
1 1 1
2
82 49
5
1 1 92
1 2 24
1 2 69
2 36
1 2 57
2
2 0
4
2 4
2 2
1 2 1
2 4
3
27 27 24
2
2 19
2 18
1
2
1
1 1 9
4
10 5 4 9
0
4
6 4 8 0
3
2 6
2 10
2 0
4
0 5 10 4
2
1 4 7
1 1 10
2
5 3
7
1 2 3
1 2 5
2 4
2 5
2 4
1 2 2
2 3
3
68 67 85
4
1 2 51
2 82
2 18
1 1 62
3
3 2 2
4
2 1
1 1 4
1 3 3
2 2
2
8 14
2
2 12
1 2 27
1
4
2
1 1 2
2 5
2
10 3
0
3
6 7 4
5
2 0
2 9
2 0
2 1
2 4
1
5
5
1 1 3
1 1 10
1 1 2
1 1 1
1 1 1
2
0 3
3
1 2 1
2 3
2 1
2
93 99
8
1 2 69
1 1 38
1 1 13
2 71
2 18
1 1 20
2 71
2 8
1
1
6
2 2
1 1 2
1 1 0
1 1 0
1 1 1
1 1 0
2
3 28
4
2 12
1 1 23
2 20
2 7
1
1
2
1 1 6
1 1 0
1
7
0
4
6 8 8 3
2
2 10
2 4
1
7
3
1 1 2
1 1 2
1 1 8
1
3
6
1 1 1
1 1 2
1 1 1
1 1 5
1 1 0
2 3
5
63 29 17 17 84
1
1 5 16
3
0 3 4
5
1 3 0
2 0
2 3
2 1
2 1
1
26
5
2 1
1 1 7
1 1 27
1 1 11
2 5
1
5
3
1 1 10
1 1 8
1 1 5
3
2 10 2
0
4
9 6 1 1
5
2 3
2 8
2 5
2 6
2 9
4
0 9 2 1
6
1 4 2
1 4 1
1 2 4
1 1 8
1 2 1
1 4 5
1
0
3
1 1 3
2 0
2 4
4
22 70 59 88
4
2 44
2 100
1 3 73
2 93
3
3 1 4
2
2 2
2 4
4
11 28 15 19
3
2 17
2 4
2 6
1
5
3
1 1 9
2 2
1 1 3
2
2 3
0
5
8 9 7 9 9
4
2 9
2 8
2 9
2 1
5
6 0 7 2 6
5
1 2 1
1 5 2
1 5 7
1 5 2
1 3 6
1
2
6
1 1 3
1 1 5
1 1 1
2 4
2 2
2 2
4
47 90 23 21
1
1 3 4
3
2 3 0
4
2 0
2 3
2 3
1 1 2
1
17
2
1 1 9
2 3
1
1
1
1 1 2
2
10 9
0
4
4 0 8 1
4
2 10
2 6
2 0
2 5
5
0 2 3 7 1
4
1 5 4
1 1 6
1 5 2
1 3 9
1
1
5
1 1 1
1 1 3
1 1 2
2 1
2 5
3
23 89 62
1
1 3 27
1
3
2
1 1 1
2 0
2
5 25
1
1 2 18
1
1
3
2 9
2 9
2 6
1
6
0
4
1 0 4 4
6
2 4
2 0
2 9
2 9
2 3
2 9
5
3 3 10 0 4
5
1 2 5
1 5 8
1 2 0
1 5 0
1 5 8
2
1 5
5
2 1
1 2 2
1 1 3
2 4
1 1 4
4
54 70 4 71
1
2 30
3
0 1 3
2
2 1
2 1
4
21 26 1 6
3
2 19
2 24
1 4 25
1
4
4
2 9
2 3
1 1 9
2 2
5
1 1 10 5 9
0
3
10 10 6
6
2 2
2 6
2 4
2 1
2 6
2 1
1
6
2
1 1 5
1 1 2
1
5
6
2 2
2 4
2 1
1 1 5
2 4
1 1 2
4
86 88 42 87
3
2 35
1 1 14
2 21
3
0 4 4
6
1 3 2
1 2 0
2 0
1 2 4
2 0
1 3 3
3
12 3 16
6
2 18
1 2 23
1 1 3
1 1 5
2 30
1 3 18
1
7
4
1 1 8
2 10
2 7
1 1 7
2
10 8
0
3
9 0 5
3
2 7
2 4
2 10
1
5
3
1 1 0
1 1 0
1 1 6
1
4
5
1 1 0
2 4
1 1 4
1 1 3
2 4
3
84 59 92
8
2 30
1 2 60
2 5
2 63
1 3 100
1 1 77
1 1 51
2 21
3
4 3 1
4
2 4
1 2 4
2 0
1 3 3
4
25 15 19 3
6
1 4 20
2 1
1 3 17
1 2 20
2 20
2 6
1
5
5
2 10
1 1 9
1 1 8
2 7
2 10
1
8
0
1
0
5
2 4
2 2
2 6
2 2
2 0
1
3
6
1 1 6
1 1 3
1 1 2
1 1 3
1 1 7
1 1 7
2
4 1
6
1 1 3
2 1
2 1
2 0
2 1
1 2 4
4
1 23 88 31
3
1 1 26
1 1 91
2 4
2
4 4
3
2 2
1 2 4
1 1 4
2
17 7
2
2 24
2 23
1
0
1
1 1 0
1
2
0
5
10 5 9 5 10
6
2 10
2 1
2 10
2 3
2 0
2 1
2
10 4
4
1 1 3
1 1 4
1 1 4
1 1 4
1
5
7
1 1 1
2 2
2 5
2 4
1 1 2
1 1 0
1 1 0
4
70 37 2 8
2
1 2 87
2 94
3
3 2 2
4
2 2
2 0
2 1
1 1 4
3
0 18 21
2
1 1 23
1 2 22
1
5
5
2 8
2 9
2 4
2 1
2 10
2
10 7
0
3
0 7 8
6
2 5
2 4
2 7
2 10
2 3
2 10
3
10 2 0
5
1 2 4
1 2 1
1 2 3
1 1 6
1 3 10
2
3 3
4
2 3
2 2
1 1 3
2 5
2
77 39
2
2 93
2 85
2
1 2
5
2 2
2 4
2 0
2 0
1 2 0
2
5 2
2
1 2 20
1 1 14
1
0
1
1 1 4
4
4 10 9 3
0
1
3
1
2 7
2
8 4
3
1 1 6
1 1 0
1 2 3
2
5 2
4
1 2 2
1 1 1
1 1 3
1 1 1
3
15 9 42
7
1 3 9
1 3 35
1 3 49
2 29
2 27
2 8
1 2 58
1
3
3
1 1 4
1 1 1
2 1
1
5
1
2 3
1
7
1
1 1 9
2
9 3
0
2
5 3
3
2 2
2 2
2 8
4
3 4 6 1
4
1 2 9
1 3 10
1 4 5
1 3 6
1
5
4
1 1 2
2 2
1 1 5
2 4
2
72 25
1
1 2 2
1
4
5
1 1 3
1 1 1
2 2
2 1
2 0
3
25 16 1
5
1 2 23
2 4
1 3 0
1 3 24
2 2
1
9
4
1 1 8
1 1 7
1 1 0
1 1 0
4
5 3 4 6
0
5
9 10 5 8 2
6
2 10
2 4
2 10
2 3
2 9
2 3
4
3 10 3 7
5
1 4 6
1 2 4
1 3 8
1 4 10
1 1 5
2
3 1
5
2 1
1 2 4
2 1
1 1 0
1 2 4
2
63 62
8
2 3
2 69
1 2 26
1 1 89
1 2 7
2 20
1 1 17
2 5
1
4
4
1 1 3
1 1 4
2 0
2 4
4
10 24 23 9
4
1 2 9
1 3 28
2 1
2 4
1
10
4
2 9
2 3
2 10
1 1 8
2
7 5
0
4
7 6 10 1
6
2 5
2 9
2 0
2 3
2 6
2 0
3
6 0 9
6
1 2 0
1 2 6
1 2 4
1 3 10
1 1 2
1 1 2
2
5 3
3
2 3
2 2
1 1 5
2
29 93
8
1 2 72
2 25
1 1 17
2 5
1 1 52
2 2
2 85
2 36
2
1 3
2
2 4
1 2 0
4
18 26 9 20
2
2 19
2 21
1
9
2
2 2
1 1 8
5
5 8 2 9 5
0
5
8 9 2 7 2
6
2 10
2 0
2 4
2 3
2 2
2 1
5
3 8 0 10 7
1
1 4 7
1
1
7
1 1 2
1 1 2
1 1 2
2 1
2 0
1 1 4
1 1 2
3
99 47 46
4
1 1 36
2 73
2 34
1 2 3
1
1
5
1 1 2
2 0
2 1
1 1 4
1 1 0
4
15 20 30 21
4
1 2 2
2 22
2 0
2 26
1
3
1
1 1 7
1
7
0
3
0 3 0
4
2 1
2 1
2 10
2 8
2
0 8
4
1 2 5
1 1 9
1 2 0
1 1 1
2
3 4
7
2 1
2 2
1 1 0
2 5
1 2 2
2 0
1 1 1
2
44 82
6
2 25
1 1 63
1 2 48
1 2 67
1 2 76
1 2 84
2
4 1
4
2 1
1 2 3
1 2 4
2 2
3
26 4 6
6
2 30
1 1 24
2 2
2 20
1 2 26
1 1 18
1
8
2
2 3
1 1 8
3
6 4 5
0
2
1 7
1
2 1
4
9 7 2 10
4
1 1 1
1 4 8
1 3 9
1 4 0
2
4 0
7
1 2 3
1 1 3
1 1 3
1 1 4
2 2
1 2 4
1 1 4
4
76 82 33 2
6
1 3 73
2 59
1 4 23
2 13
1 3 87
1 3 98
3
3 1 3
4
2 2
2 4
1 1 1
2 3
2
15 13
1
1 2 30
1
2
5
2 2
1 1 4
2 2
2 5
1 1 4
5
2 2 4 9 10
0
1
8
2
2 1
2 9
5
6 8 3 1 1
6
1 4 3
1 5 6
1 5 9
1 2 8
1 3 3
1 2 3
1
1
3
1 1 5
1 1 4
2 3
4
87 53 79 61
3
1 4 4
2 15
2 56
1
1
3
2 2
1 1 0
1 1 3
3
22 4 7
1
2 27
1
5
1
1 1 6
1
2
0
3
7 6 3
5
2 4
2 8
2 3
2 10
2 6
5
2 8 9 4 9
6
1 3 10
1 2 9
1 5 5
1 1 7
1 3 5
1 1 7
2
5 0
5
1 1 3
1 2 5
1 2 1
1 1 4
2 3
4
17 91 64 34
6
2 46
2 90
2 50
2 88
2 61
1 2 4
1
4
2
1 1 0
2 0
1
21
3
1 1 28
2 6
2 3
1
3
1
2 8
2
4 2
0
2
1 7
6
2 2
2 7
2 9
2 6
2 6
2 2
3
6 4 7
6
1 3 0
1 3 3
1 3 3
1 3 6
1 3 0
1 1 3
2
4 1
7
1 1 0
2 3
1 1 0
1 1 5
2 1
1 1 4
1 2 0
4
33 61 4 95
1
2 44
1
4
5
2 3
2 2
2 3
1 1 3
2 4
1
14
5
2 7
1 1 25
1 1 1
2 0
2 7
1
6
4
1 1 9
2 2
1 1 5
2 3
3
10 7 7
0
5
1 7 6 0 10
1
2 0
4
7 4 9 0
5
1 4 9
1 2 9
1 3 1
1 1 7
1 4 10
1
4
6
2 5
1 1 0
1 1 4
2 5
2 1
1 1 5
3
56 48 3
6
2 17
2 52
1 1 57
2 53
1 3 83
1 3 72
3
1 2 3
3
1 1 1
1 1 1
2 3
1
30
3
1 1 10
2 17
2 5
1
7
3
2 6
1 1 10
2 10
2
3 5
0
2
2 0
4
2 5
2 2
2 2
2 8
2
7 1
2
1 2 4
1 1 10
1
4
5
1 1 4
1 1 0
1 1 3
1 1 2
1 1 4
2
54 99
6
2 88
2 42
1 1 74
2 98
1 2 5
1 2 97
1
3
1
2 3
1
8
3
2 11
2 22
2 28
1
8
3
1 1 9
1 1 2
2 9
4
9 1 6 9
0
3
1 10 2
1
2 8
3
4 6 2
5
1 3 6
1 2 0
1 2 5
1 1 2
1 3 1
1
4
3
1 1 2
1 1 5
1 1 2
5
52 61 56 75 13
8
2 19
2 10
2 20
1 1 83
2 80
2 80
2 34
1 2 57
2
2 4
5
2 2
1 1 3
1 1 2
2 4
2 2
4
11 27 14 20
2
1 1 4
1 4 26
1
0
5
1 1 8
1 1 10
2 6
1 1 4
2 4
4
3 8 8 6
0
3
9 10 8
2
2 0
2 6
3
2 2 1
6
1 3 4
1 1 10
1 3 1
1 2 4
1 3 3
1 1 5
1
3
7
2 4
1 1 3
1 1 4
1 1 1
2 0
2 1
2 0
4
27 97 93 61
1
1 4 92
2
1 1
5
2 3
2 0
2 4
1 2 3
1 1 0
4
28 19 20 6
4
2 5
1 3 29
1 3 1
2 17
1
2
1
1 1 6
3
7 3 9
0
1
9
1
2 9
5
0 2 6 7 2
4
1 4 7
1 4 5
1 2 7
1 3 4
1
3
6
2 0
1 1 3
1 1 1
1 1 4
2 1
1 1 2
4
59 46 66 26
4
1 1 67
2 37
1 3 48
2 77
2
1 0
6
2 1
1 1 1
2 0
1 1 1
2 1
2 1
2
1 24
2
2 27
1 2 28
1
9
1
2 1
1
6
0
3
1 6 9
6
2 4
2 5
2 1
2 3
2 3
2 0
1
3
3
1 1 10
1 1 10
1 1 4
1
3
5
2 3
1 1 4
2 3
1 1 5
2 0
4
55 59 93 88
8
1 4 29
1 1 10
1 2 92
2 5
2 45
2 24
2 31
2 98
1
4
2
2 2
2 3
2
22 25
3
1 2 29
1 1 2
1 2 3
1
5
1
1 1 3
4
7 3 4 4
0
3
0 9 7
1
2 9
4
5 5 9 8
2
1 1 8
1 1 10
2
3 2
3
2 4
1 1 4
2 3
4
93 64 3 66
5
1 4 34
2 28
1 3 52
2 87
1 4 9
2
2 2
5
1 2 1
1 2 1
2 1
2 1
1 1 0
1
21
5
1 1 9
1 1 20
2 4
1 1 14
1 1 14
1
8
5
1 1 6
2 10
2 7
1 1 7
2 9
3
7 1 7
0
3
8 6 9
4
2 1
2 9
2 2
2 6
3
0 7 7
3
1 2 4
1 1 8
1 1 5
2
3 0
5
1 1 5
2 3
1 2 1
2 4
2 0
3
97 16 59
1
1 2 86
2
1 3
4
1 2 3
1 1 4
1 2 3
2 1
3
9 23 19
1
1 2 8
1
6
4
2 7
2 1
1 1 4
1 1 2
2
3 3
0
1
5
4
2 0
2 4
2 2
2 1
4
2 3 0 10
4
1 2 4
1 3 7
1 3 5
1 2 1
1
4
5
2 5
1 1 5
2 1
2 5
2 4
3
82 5 7
3
2 65
1 1 1
2 12
3
4 1 0
5
1 3 4
1 3 1
1 2 4
2 3
2 2
4
23 19 0 3
5
1 2 2
1 2 3
2 30
1 1 23
1 2 11
1
5
1
2 3
5
10 4 2 1 0
0
3
2 3 7
5
2 5
2 4
2 3
2 8
2 3
3
8 4 10
1
1 2 6
2
0 2
5
2 2
1 2 3
2 1
1 2 5
2 0
5
52 60 99 17 11
4
1 5 40
1 5 25
1 5 70
2 74
2
3 3
5
1 1 1
2 0
2 2
2 4
2 2
3
3 28 18
5
1 2 29
1 3 14
2 19
1 3 27
2 0
1
6
3
1 1 7
2 4
2 8
2
4 1
0
2
4 0
4
2 8
2 2
2 10
2 7
5
8 7 10 8 7
4
1 3 3
1 3 6
1 1 9
1 3 10
1
4
3
1 1 3
1 1 1
1 1 3
3
65 3 18
1
2 97
3
3 2 0
3
2 4
2 3
1 1 1
4
6 9 24 17
5
2 0
1 1 26
2 9
1 3 29
2 25
1
1
4
2 8
1 1 3
1 1 8
2 3
4
0 5 4 6
0
3
10 7 6
1
2 3
2
9 1
1
1 2 6
2
1 0
6
1 2 0
2 4
1 1 1
1 1 1
1 1 4
1 1 1
3
42 0 66
6
2 37
2 40
1 3 56
2 81
2 7
1 2 9
3
2 3 1
1
2 2
1
6
6
1 1 7
2 29
2 5
1 1 16
1 1 11
2 17
1
10
2
1 1 2
2 7
4
9 10 3 6
0
2
10 7
5
2 5
2 0
2 0
2 2
2 0
5
0 0 4 6 4
6
1 4 10
1 4 10
1 4 4
1 5 10
1 3 6
1 1 2
1
5
7
2 3
1 1 3
2 2
2 4
2 4
1 1 3
1 1 1
3
6 76 98
8
1 1 53
1 2 8
1 1 79
2 21
1 2 63
1 3 45
1 3 34
2 23
1
0
1
1 1 4
2
9 11
6
1 1 24
2 5
1 2 27
1 1 11
2 9
2 17
1
3
1
2 10
4
7 2 0 7
0
1
7
4
2 8
2 10
2 10
2 5
5
0 0 10 1 5
5
1 3 8
1 2 6
1 4 8
1 2 0
1 1 7
1
0
5
1 1 0
2 3
1 1 5
1 1 2
2 3
3
21 86 34
6
2 72
1 1 34
2 64
1 1 25
1 1 30
1 3 45
1
3
1
1 1 3
4
17 3 5 20
4
2 14
2 29
2 18
1 3 2
1
8
4
1 1 1
1 1 8
1 1 1
2 6
2
6 9
0
1
0
2
2 8
2 5
2
2 5
1
1 2 8
2
3 0
7
2 2
1 1 2
1 1 1
1 2 2
1 2 0
1 1 2
1 1 3
5
70 73 46 40 13
2
1 1 60
1 5 65
1
0
6
2 3
2 2
1 1 4
1 1 3
1 1 3
2 2
1
26
3
2 17
1 1 10
2 6
1
7
5
1 1 6
1 1 0
1 1 5
2 0
1 1 3
1
3
0
2
1 2
2
2 3
2 4
4
6 0 4 4
5
1 3 0
1 4 8
1 2 10
1 4 1
1 1 5
1
2
7
2 1
2 1
1 1 5
1 1 0
2 2
2 3
2 0
2
45 61
7
2 2
2 7
1 2 39
1 1 19
1 1 94
1 1 58
1 1 78
2
4 0
6
1 1 4
2 0
1 2 3
1 1 2
2 2
2 0
4
10 20 12 7
6
2 16
2 27
1 4 1
2 17
2 20
2 27
1
10
4
2 7
2 5
1 1 4
2 5
1
0
0
3
10 0 10
4
2 3
2 5
2 0
2 9
5
5 10 1 5 8
5
1 3 7
1 2 6
1 3 8
1 1 10
1 5 1
2
3 1
7
2 0
1 1 2
2 4
2 5
2 1
1 1 0
1 1 2
5
100 48 28 66 99
3
1 4 36
2 89
1 3 97
2
3 0
5
1 2 1
1 1 4
2 4
2 3
1 2 0
4
6 6 28 23
4
2 5
2 10
2 7
2 21
1
8
5
1 1 6
1 1 0
2 5
1 1 6
2 6
2
7 2
0
2
4 4
4
2 6
2 6
2 7
2 9
5
0 2 0 8 7
5
1 4 2
1 2 4
1 5 0
1 2 3
1 5 2
1
4
7
2 1
2 5
2 1
2 5
1 1 5
2 3
1 1 5
2
82 24
1
1 2 94
3
4 0 3
2
2 2
2 1
3
0 20 26
6
2 27
2 7
1 1 28
2 28
1 1 17
1 2 9
1
9
4
1 1 3
2 4
2 0
1 1 6
1
6
0
5
5 4 2 6 4
5
2 9
2 6
2 5
2 10
2 9
3
10 1 7
4
1 3 3
1 3 5
1 1 10
1 2 7
1
0
5
1 1 4
2 1
1 1 4
2 2
2 5
5
92 13 9 24 58
4
1 4 21
1 3 95
1 2 44
2 4
1
1
3
1 1 0
1 1 0
1 1 1
4
23 11 25 18
1
1 2 4
1
5
1
1 1 2
1
9
0
5
6 0 9 7 9
2
2 7
2 10
4
4 5 0 3
1
1 4 1
1
1
6
2 5
2 1
2 0
1 1 0
2 2
2 2
4
61 73 50 87
4
1 3 99
1 4 94
1 2 70
1 3 11
3
3 2 3
3
2 3
2 3
2 3
3
19 27 23
3
1 1 28
1 1 6
2 1
1
3
2
1 1 3
2 1
5
5 7 8 9 6
0
2
8 0
1
2 9
1
0
5
1 1 8
1 1 0
1 1 2
1 1 2
1 1 0
2
1 0
7
2 5
1 2 5
1 1 0
2 0
2 1
1 2 1
2 2
3
4 85 32
3
2 88
2 87
2 65
2
3 4
1
1 1 3
2
20 22
5
1 2 7
1 1 5
1 2 9
2 16
2 25
1
7
1
2 10
5
10 7 2 4 3
0
1
8
1
2 5
4
5 9 1 0
5
1 3 10
1 3 6
1 2 3
1 3 6
1 2 7
1
1
3
2 0
2 4
1 1 3
3
23 76 12
4
2 32
1 3 0
2 82
2 57
1
0
1
1 1 0
4
6 21 14 28
3
1 2 1
2 5
2 8
1
5
3
1 1 7
2 8
1 1 8
3
4 9 4
0
3
4 2 10
2
2 8
2 7
5
6 8 0 3 8
6
1 4 8
1 5 6
1 4 2
1 1 4
1 2 1
1 5 0
1
4
3
2 4
1 1 2
2 5
2
82 20
2
1 2 23
2 100
1
0
6
2 3
1 1 2
1 1 0
2 2
1 1 4
1 1 4
1
20
4
2 28
2 23
2 25
1 1 5
1
5
3
1 1 6
2 8
2 3
3
5 1 8
0
1
5
3
2 3
2 2
2 2
2
6 5
6
1 1 9
1 2 8
1 2 1
1 2 10
1 1 3
1 2 5
2
1 2
6
1 2 0
2 3
1 1 1
2 5
1 2 1
2 1
4
69 5 75 3
3
1 4 73
1 4 38
2 40
3
4 3 2
6
1 1 1
1 2 4
2 3
1 3 0
1 3 4
1 2 3
3
26 25 23
3
1 3 4
2 16
1 3 28
1
2
1
1 1 10
2
6 0
0
2
1 0
6
2 2
2 3
2 10
2 0
2 5
2 9
1
7
1
1 1 10
2
0 0
5
2 2
1 1 5
2 4
1 1 0
2 0
5
95 8 67 32 5
8
1 1 33
1 5 75
1 5 82
1 1 96
2 26
2 94
1 3 91
1 5 87
3
2 1 2
1
2 3
2
3 0
1
2 7
1
4
3
1 1 9
2 10
1 1 9
1
10
0
3
7 10 5
2
2 3
2 1
3
3 2 10
4
1 2 4
1 2 6
1 3 0
1 3 2
2
1 3
6
1 1 0
2 1
2 0
1 2 1
1 2 4
2 3
4
34 73 11 1
3
1 2 19
1 4 77
2 45
1
1
4
1 1 3
1 1 0
1 1 1
2 0
1
19
1
1 1 7
1
3
5
2 6
1 1 7
2 7
1 1 9
1 1 10
4
0 1 10 0
0
3
8 1 6
6
2 9
2 3
2 8
2 7
2 2
2 1
1
7
3
1 1 10
1 1 8
1 1 8
2
3 0
4
2 4
2 4
2 3
1 1 1
2
8 67
6
1 2 30
1 1 37
2 14
1 2 84
1 2 14
2 89
3
4 4 4
6
2 2
2 0
2 4
1 1 2
1 3 2
1 2 3
2
20 10
5
2 5
1 1 25
2 23
1 2 18
1 1 2
1
10
3
1 1 4
1 1 7
2 9
5
5 0 5 4 8
0
5
6 5 6 4 8
4
2 8
2 1
2 2
2 9
3
4 4 4
4
1 2 6
1 1 1
1 3 3
1 1 4
1
1
6
2 1
2 5
1 1 4
2 2
1 1 0
2 5
3
45 55 99
5
2 100
2 29
2 50
1 1 45
1 2 91
2
0 0
6
2 2
1 1 0
1 1 2
2 4
2 1
1 2 0
1
0
4
1 1 14
1 1 11
1 1 10
1 1 28
1
10
2
1 1 5
2 0
1
9
0
3
10 9 9
5
2 1
2 7
2 5
2 8
2 5
3
10 3 5
3
1 2 1
1 3 6
1 1 3
1
0
5
1 1 1
1 1 1
1 1 1
1 1 2
2 3
5
95 35 13 70 44
3
2 47
1 4 4
1 4 14
3
2 1 3
3
2 0
2 2
1 1 1
1
13
2
2 3
2 22
1
1
3
1 1 2
2 5
2 3
4
3 6 0 9
0
4
10 9 4 9
2
2 6
2 6
1
0
1
1 1 4
2
3 5
6
1 1 3
1 2 1
1 2 2
2 1
2 4
2 2
3
7 60 13
3
1 3 53
1 1 15
2 79
1
2
2
1 1 1
1 1 0
3
27 0 6
5
2 22
1 1 10
1 1 13
1 1 20
2 6
1
10
3
2 3
2 1
1 1 9
1
7
0
5
5 0 4 9 10
5
2 3
2 8
2 4
2 8
2 10
3
3 8 5
4
1 3 10
1 2 5
1 2 3
1 1 5
1
5
3
2 3
1 1 5
1 1 2
4
76 4 59 3
6
2 99
2 5
1 3 73
2 18
1 3 28
1 4 38
3
1 1 3
1
1 2 1
2
7 9
6
2 26
1 2 16
1 1 13
1 2 22
2 28
2 5
1
0
4
2 0
1 1 0
2 9
2 9
1
3
0
2
3 7
5
2 2
2 7
2 4
2 1
2 9
1
2
4
1 1 4
1 1 8
1 1 3
1 1 6
2
5 5
4
1 2 2
2 5
1 2 3
2 2
5
49 25 79 82 75
6
1 1 24
1 4 92
1 2 6
1 2 73
2 10
2 19
1
3
2
2 4
2 4
4
21 30 1 27
2
1 2 18
2 15
1
4
5
2 3
2 3
1 1 7
1 1 1
2 5
4
1 8 10 8
0
3
1 7 7
6
2 2
2 5
2 7
2 0
2 8
2 3
2
5 6
1
1 1 6
1
5
5
1 1 3
2 0
1 1 5
1 1 5
2 1
3
15 67 47
1
1 1 76
3
3 2 3
3
1 2 3
1 2 4
1 3 2
1
18
3
2 4
2 0
1 1 16
1
8
4
2 8
1 1 0
2 8
2 1
5
5 9 2 10 0
0
5
9 5 4 1 1
5
2 6
2 6
2 4
2 6
2 9
3
0 3 3
1
1 1 7
1
1
6
1 1 5
1 1 5
2 4
1 1 1
1 1 3
2 5
4
68 28 40 26
5
2 78
1 3 69
2 86
2 14
1 1 0
1
3
1
1 1 3
1
25
2
1 1 28
1 1 11
1
8
1
1 1 10
1
7
0
4
8 3 2 3
2
2 0
2 6
1
3
4
1 1 1
1 1 3
1 1 8
1 1 2
1
5
7
1 1 5
2 5
1 1 3
2 4
1 1 3
1 1 3
1 1 5
3
12 53 5
6
1 3 57
2 0
1 3 56
2 51
2 81
2 35
1
1
5
2 3
2 2
2 4
2 2
2 2
1
18
1
1 1 13
1
3
2
1 1 0
1 1 3
4
9 3 7 7
0
2
5 0
2
2 3
2 10
1
3
5
1 1 2
1 1 9
1 1 6
1 1 6
1 1 7
2
0 3
7
2 1
2 5
1 1 1
1 1 5
1 1 4
1 2 2
2 1
3
7 32 46
6
1 2 34
1 1 50
1 1 92
1 2 54
2 85
2 47
3
1 3 0
5
1 1 0
1 2 1
2 3
1 3 0
2 0
3
17 25 12
3
2 27
2 22
2 17
1
10
4
2 0
2 7
1 1 1
2 3
2
4 1
0
3
2 7 5
4
2 7
2 4
2 0
2 10
1
4
4
1 1 3
1 1 5
1 1 0
1 1 1
2
2 5
6
2 0
2 2
1 2 4
1 1 5
1 2 2
2 2
4
64 78 53 43
1
1 2 37
2
1 3
5
2 4
1 1 0
2 1
2 4
2 0
2
26 10
3
1 2 16
2 2
2 15
1
10
5
1 1 5
1 1 6
1 1 10
2 3
1 1 7
2
8 4
0
4
4 0 1 5
1
2 7
1
2
1
1 1 0
2
1 5
5
1 2 0
2 1
2 1
1 1 5
1 2 4
3
86 27 87
2
1 3 31
1 3 58
3
4 1 0
5
1 1 1
1 1 4
2 1
1 2 2
2 2
2
9 1
6
2 21
1 2 0
2 16
2 6
1 2 12
1 2 0
1
0
1
2 2
4
1 8 1 1
0
3
5 2 8
4
2 1
2 9
2 8
2 1
3
0 2 5
3
1 3 8
1 1 8
1 2 10
1
4
7
1 1 3
1 1 1
1 1 3
2 3
1 1 3
1 1 2
2 0
4
70 55 14 87
6
2 19
1 3 31
1 4 56
2 44
1 3 62
2 52
2
0 4
6
2 2
2 4
2 3
1 2 2
1 2 1
1 2 0
1
9
5
2 21
1 1 24
2 4
2 23
1 1 21
1
4
5
1 1 4
2 10
2 2
2 10
2 6
1
2
0
3
2 6 6
2
2 2
2 5
4
3 0 0 4
3
1 2 4
1 4 9
1 2 3
1
0
3
1 1 3
1 1 3
1 1 2
4
14 91 13 33
2
1 4 52
2 5
3
4 3 4
3
2 4
2 1
1 1 2
1
17
6
1 1 24
2 25
1 1 7
2 24
1 1 7
1 1 2
1
1
5
2 10
2 4
2 3
2 9
1 1 6
3
4 4 1
0
3
4 7 5
1
2 7
4
8 0 6 7
3
1 1 4
1 2 5
1 2 5
2
5 3
7
1 2 4
2 0
2 5
1 1 3
2 3
2 2
2 1
2
36 60
5
2 52
1 1 96
1 1 53
2 33
2 45
2
4 1
4
2 0
2 2
1 1 2
1 1 2
3
17 20 14
3
2 11
2 25
1 3 11
1
3
4
2 5
2 9
2 0
1 1 5
3
5 10 1
0
5
5 4 0 5 6
1
2 0
3
9 0 9
4
1 1 3
1 1 0
1 3 1
1 2 0
2
4 0
6
2 4
2 0
2 0
1 2 2
2 1
2 5
3
49 26 28
6
2 6
2 79
2 15
2 79
1 1 38
2 29
1
1
6
1 1 2
2 4
1 1 4
2 3
1 1 4
1 1 3
3
1 8 29
6
1 2 4
2 5
2 10
1 3 5
1 3 30
2 6
1
2
5
1 1 6
2 5
1 1 2
1 1 2
1 1 1
1
7
0
2
0 1
1
2 3
2
2 8
6
1 1 9
1 2 6
1 1 10
1 1 6
1 2 6
1 2 7
1
4
3
2 3
2 5
1 1 3
5
59 48 88 53 6
8
2 26
1 4 14
2 2
2 61
2 96
2 78
1 4 93
2 56
2
2 0
6
2 1
1 2 3
1 1 0
2 2
1 2 3
2 3
3
17 20 4
1
2 23
1
7
4
1 1 9
1 1 7
1 1 5
2 9
1
5
0
1
9
2
2 1
2 9
3
9 10 7
6
1 1 1
1 3 3
1 2 3
1 1 8
1 1 6
1 1 9
1
1
6
2 3
1 1 4
1 1 5
2 1
1 1 4
1 1 5
5
30 61 19 49 82
1
2 47
2
2 4
2
1 1 1
1 1 1
2
3 24
3
1 2 16
2 19
1 2 21
1
0
5
2 1
1 1 6
2 4
2 8
1 1 2
3
0 4 2
0
4
7 10 2 0
3
2 8
2 10
2 9
5
3 4 6 1 3
6
1 4 7
1 2 6
1 1 0
1 5 3
1 5 8
1 1 3
1
2
7
1 1 2
2 0
2 4
2 3
2 3
2 5
2 4
5
82 36 50 3 6
8
2 13
2 56
1 4 6
1 1 45
1 1 26
2 60
1 1 35
1 4 34
1
4
4
2 0
2 0
1 1 1
2 4
3
6 9 21
3
2 10
1 1 9
2 27
1
5
1
2 4
3
3 8 4
0
2
3 7
1
2 9
5
4 3 1 5 0
2
1 5 5
1 2 2
1
2
4
1 1 1
2 4
2 5
1 1 0
2
77 58
5
2 49
2 16
1 1 51
2 9
1 2 26
3
2 1 0
2
2 3
1 3 0
2
17 22
2
1 2 26
1 2 18
1
8
2
1 1 9
2 0
2
5 2
0
5
0 0 3 10 3
2
2 2
2 4
4
10 6 5 3
6
1 2 0
1 3 5
1 4 6
1 3 8
1 1 7
1 1 5
2
5 3
7
2 2
1 1 1
2 2
1 2 0
2 5
2 5
1 2 0
3
75 46 31
5
1 3 13
2 71
1 3 44
2 77
2 78
1
3
3
1 1 3
2 3
1 1 3
4
0 13 2 3
6
2 8
2 2
2 28
2 14
1 2 21
2 11
1
3
4
2 4
1 1 10
2 2
1 1 1
5
9 4 10 4 0
0
1
9
1
2 10
1
6
2
1 1 2
1 1 1
1
2
6
1 1 0
2 0
2 2
1 1 2
2 4
1 1 2
5
32 84 11 53 72
6
1 1 82
1 4 7
1 4 26
2 93
1 5 24
1 5 81
2
0 0
6
2 3
1 1 3
2 4
1 2 4
2 2
2 4
3
3 27 0
6
2 12
2 11
2 18
1 2 9
1 2 8
2 29
1
3
2
1 1 9
1 1 5
2
4 6
0
1
10
4
2 10
2 1
2 0
2 10
2
10 4
5
1 2 6
1 1 0
1 2 1
1 2 7
1 2 3
2
1 5
3
1 1 4
2 5
2 0
4
98 55 31 28
6
2 42
2 79
1 2 61
1 3 93
1 2 94
1 1 11
3
1 4 0
2
1 3 2
2 0
3
29 8 16
4
1 3 0
1 1 12
2 23
1 3 26
1
9
3
2 7
2 0
2 4
2
2 1
0
1
9
5
2 9
2 4
2 6
2 2
2 7
4
10 9 5 1
1
1 2 8
2
3 3
4
1 2 1
1 2 1
2 3
2 3
5
13 70 50 65 39
2
2 9
1 5 16
2
2 4
3
2 3
1 2 2
2 1
1
14
5
2 1
2 6
1 1 20
1 1 1
2 23
1
7
4
1 1 6
2 10
1 1 6
2 3
1
0
0
4
10 0 0 9
5
2 0
2 1
2 3
2 6
2 2
5
1 9 1 0 10
3
1 5 6
1 3 8
1 1 0
2
1 1
3
1 2 1
1 1 3
1 2 0
5
4 92 56 48 100
7
1 1 27
1 1 49
1 4 75
1 3 41
2 1
1 5 76
2 69
3
1 2 1
2
2 1
2 3
4
7 2 15 1
2
2 2
1 3 17
1
6
4
2 9
2 1
2 0
2 8
5
9 8 4 1 5
0
2
7 2
5
2 8
2 8
2 5
2 4
2 3
2
9 6
1
1 1 7
2
0 2
3
1 2 1
1 1 0
1 1 0
5
0 25 76 58 81
6
2 41
2 71
2 21
2 78
2 85
2 94
3
0 1 0
6
1 1 0
1 1 1
2 4
1 3 1
1 1 4
2 3
3
14 1 7
4
2 1
2 20
1 2 14
1 1 16
1
0
4
2 5
1 1 4
2 3
2 8
2
3 7
0
4
3 2 3 9
5
2 4
2 10
2 4
2 9
2 5
4
8 1 0 3
1
1 1 10
2
1 5
7
2 4
1 2 0
2 2
1 2 1
2 1
1 1 1
1 2 3
2
49 56
3
2 1
2 47
2 34
1
1
4
1 1 1
1 1 0
2 2
2 4
3
16 5 8
4
1 3 20
1 1 8
2 16
2 4
1
2
2
2 8
1 1 2
2
0 1
0
4
9 5 1 1
3
2 0
2 9
2 7
5
9 3 9 5 9
2
1 4 3
1 4 6
1
5
6
1 1 4
2 0
1 1 3
2 4
2 3
2 5
3
57 54 85
7
2 80
1 2 70
1 2 48
1 2 26
1 3 97
2 98
1 2 98
1
4
1
1 1 2
3
26 23 2
4
1 3 30
2 19
2 29
1 2 11
1
4
2
2 2
2 0
1
4
0
3
5 9 4
6
2 6
2 10
2 3
2 3
2 4
2 1
2
6 9
3
1 2 3
1 2 1
1 2 9
1
0
6
2 4
2 3
1 1 1
1 1 4
2 3
2 5
4
19 69 36 75
4
1 3 96
1 4 7
2 16
2 81
3
2 4 0
6
1 2 2
2 1
2 4
1 3 1
2 2
1 3 2
1
23
5
1 1 9
2 21
1 1 24
1 1 10
2 27
1
2
5
1 1 7
1 1 9
1 1 2
2 8
1 1 3
3
9 5 2
0
1
10
4
2 6
2 0
2 8
2 5
4
8 0 5 2
4
1 3 8
1 2 1
1 4 6
1 3 4
2
3 0
5
2 1
2 1
2 4
2 3
1 2 4
3
42 68 17
2
2 22
2 86
2
4 3
3
2 0
1 2 4
1 2 1
3
7 5 8
4
1 3 22
1 2 29
2 26
2 24
1
7
1
2 3
3
4 9 3
0
2
7 6
2
2 10
2 4
2
2 8
4
1 2 2
1 2 1
1 2 0
1 1 2
1
1
4
2 1
1 1 1
2 4
1 1 1
2
81 69
4
2 36
2 23
2 9
1 2 47
1
1
5
2 1
2 1
1 1 2
1 1 4
1 1 1
4
29 13 23 2
6
1 4 27
2 0
2 17
2 12
1 1 16
1 2 13
1
3
1
1 1 1
5
8 1 10 9 4
0
2
5 10
2
2 10
2 1
1
2
2
1 1 2
1 1 1
2
3 4
3
1 2 4
1 2 5
2 5
4
68 38 93 45
4
2 59
1 1 86
1 4 59
1 3 64
2
4 3
1
2 4
3
4 7 26
1
1 2 1
1
7
4
1 1 1
1 1 2
1 1 7
2 5
3
5 1 7
0
2
3 9
4
2 10
2 2
2 10
2 6
3
7 3 5
4
1 3 10
1 2 0
1 3 5
1 2 5
1
3
6
1 1 1
1 1 3
2 2
1 1 1
1 1 4
2 2
3
86 23 99
1
1 2 43
2
3 0
1
1 1 4
4
11 20 12 3
6
1 2 8
1 4 5
1 1 27
2 8
2 21
2 4
1
0
2
1 1 9
1 1 5
2
10 6
0
5
8 4 9 4 6
1
2 8
1
0
1
1 1 10
1
4
7
2 2
1 1 2
1 1 0
1 1 3
1 1 2
2 5
2 2
2
9 7
2
2 63
1 2 90
1
4
4
2 4
2 1
1 1 0
1 1 4
2
19 15
1
1 2 17
1
3
1
1 1 9
2
6 8
0
4
4 0 1 10
5
2 5
2 5
2 0
2 4
2 3
3
5 9 5
5
1 3 1
1 3 8
1 2 3
1 3 3
1 1 2
2
1 3
7
2 5
2 1
1 1 3
2 1
1 2 4
1 1 3
2 3
4
76 47 46 21
4
1 2 19
2 6
2 70
2 20
2
4 2
3
2 0
1 2 3
1 1 2
4
26 25 19 12
2
2 29
1 3 3
1
1
4
1 1 5
1 1 7
1 1 2
1 1 2
2
3 10
0
3
5 10 8
5
2 9
2 2
2 4
2 7
2 1
3
3 2 5
3
1 3 7
1 1 8
1 2 10
2
4 0
6
2 3
1 2 3
1 1 4
2 4
2 2
1 1 0
5
10 30 65 35 50
8
1 5 25
1 1 7
1 2 36
2 90
1 2 98
2 62
1 4 69
1 4 97
1
1
6
2 3
1 1 4
2 1
2 3
1 1 3
1 1 1
2
6 21
2
1 2 13
1 2 14
1
6
2
1 1 8
1 1 6
1
3
0
4
10 10 1 2
2
2 5
2 10
3
9 5 10
1
1 3 9
1
3
5
1 1 2
1 1 4
2 4
1 1 5
2 3
4
70 57 82 40
7
2 27
1 2 67
2 41
2 11
1 3 11
1 2 30
2 2
2
4 4
6
1 2 0
2 3
2 1
1 2 4
1 2 3
2 4
3
1 9 20
1
2 0
1
2
5
2 2
1 1 8
2 6
2 0
2 4
1
9
0
4
8 5 0 3
2
2 9
2 7
2
0 1
3
1 1 2
1 1 4
1 1 8
2
4 0
7
2 1
2 0
1 1 2
2 4
1 2 4
2 3
2 2
3
94 86 73
1
2 46
3
3 3 1
3
1 2 4
1 3 3
1 1 3
2
23 12
2
1 1 17
2 22
1
7
4
1 1 10
1 1 8
1 1 9
1 1 0
1
8
0
2
9 0
4
2 7
2 0
2 3
2 6
5
6 3 7 0 8
6
1 2 2
1 3 0
1 3 3
1 5 3
1 4 8
1 3 9
2
1 1
5
1 2 0
1 2 5
2 2
2 5
2 1
5
99 73 79 35 91
7
1 2 37
1 3 0
2 83
1 2 16
2 60
1 5 53
2 84
2
3 4
1
1 2 3
3
24 15 14
5
1 3 0
2 16
1 2 18
1 1 27
1 2 28
1
0
5
2 8
1 1 10
1 1 8
1 1 5
1 1 4
5
0 1 7 2 6
0
2
8 2
2
2 3
2 6
3
1 3 1
2
1 2 8
1 3 6
2
0 3
3
2 1
2 5
1 1 1
2
21 60
1
2 97
1
0
4
2 2
2 3
1 1 1
2 1
2
7 21
5
2 4
2 8
2 22
2 0
1 2 23
1
3
1
2 8
5
5 1 6 1 1
0
2
3 9
3
2 7
2 0
2 2
4
1 8 9 1
2
1 1 2
1 1 5
2
4 5
7
2 4
2 4
2 1
2 1
2 4
2 3
1 2 4
3
77 81 13
2
1 1 58
2 38
1
4
5
2 0
2 3
2 4
2 3
2 2
1
26
6
2 19
2 3
1 1 7
2 10
2 19
2 1
1
0
3
2 1
2 3
2 9
5
0 6 6 0 8
0
5
5 3 2 6 7
6
2 2
2 6
2 8
2 1
2 9
2 9
1
1
6
1 1 0
1 1 4
1 1 1
1 1 4
1 1 10
1 1 2
1
3
4
2 3
2 4
1 1 0
2 0
5
73 93 34 66 61
6
1 5 9
2 68
1 4 30
1 4 69
2 72
2 90
2
0 4
1
1 1 0
1
20
3
1 1 4
1 1 28
2 13
1
8
3
1 1 10
1 1 2
1 1 3
3
2 4 8
0
3
3 4 9
2
2 6
2 5
1
9
4
1 1 0
1 1 8
1 1 4
1 1 2
1
0
3
1 1 3
2 0
1 1 2
2
90 63
4
1 1 60
1 2 23
1 2 55
1 1 21
3
1 2 2
2
1 2 4
2 2
3
15 12 14
5
1 2 5
2 9
2 1
1 2 11
1 1 17
1
2
4
1 1 3
2 3
2 6
2 3
5
0 2 5 5 7
0
3
1 7 2
5
2 7
2 5
2 4
2 0
2 4
5
9 4 8 0 6
2
1 5 3
1 4 4
2
2 2
5
2 5
2 4
1 2 3
1 1 0
1 2 2
3
21 42 56
3
1 2 13
2 88
1 3 76
2
4 0
2
1 2 4
1 1 1
1
9
2
1 1 4
2 1
1
9
2
2 5
1 1 9
4
7 8 4 0
0
4
9 6 7 3
1
2 10
1
2
4
1 1 5
1 1 3
1 1 3
1 1 8
1
1
4
1 1 2
2 4
1 1 2
2 2
3
93 29 86
7
1 3 41
2 100
2 9
1 1 67
2 33
1 3 28
1 1 53
1
4
4
2 0
2 2
1 1 1
2 3
2
14 17
5
1 2 23
1 2 15
2 9
1 1 26
2 12
1
10
2
2 3
1 1 3
1
7
0
2
4 1
3
2 4
2 10
2 6
1
1
2
1 1 9
1 1 4
1
1
7
2 3
1 1 0
2 3
1 1 4
1 1 1
1 1 0
1 1 2
2
86 40
2
1 1 33
2 7
1
4
6
2 0
1 1 4
2 4
2 1
1 1 0
1 1 0
1
20
6
1 1 23
2 24
2 13
2 16
2 29
2 30
1
9
5
2 3
2 5
1 1 2
2 8
1 1 4
4
3 5 0 1
0
3
5 7 10
2
2 4
2 1
4
1 2 10 10
4
1 2 8
1 1 5
1 2 6
1 1 1
1
5
3
1 1 1
2 3
1 1 1
4
12 7 74 54
4
1 2 37
1 1 91
2 50
1 4 2
1
3
2
2 0
1 1 4
1
5
3
1 1 1
1 1 23
1 1 2
1
7
5
2 6
2 1
2 5
1 1 7
1 1 0
3
3 10 9
0
3
2 9 9
1
2 9
4
7 10 1 7
1
1 3 7
2
2 4
6
2 1
2 3
2 3
2 3
1 2 4
1 2 3
2
5 93
2
1 1 94
2 18
1
1
2
2 3
2 4
4
18 5 14 11
1
1 3 20
1
8
3
2 0
2 6
1 1 1
3
4 8 4
0
4
2 1 3 9
4
2 9
2 2
2 6
2 1
5
4 1 8 3 9
5
1 2 7
1 3 7
1 4 3
1 2 7
1 3 3
1
3
7
2 3
1 1 3
2 0
2 0
2 1
2 0
1 1 1
2
52 32
4
1 1 50
1 2 87
1 1 22
2 83
1
1
2
2 1
1 1 2
3
1 23 28
5
2 13
1 3 7
1 2 1
2 30
1 3 12
1
1
1
1 1 2
4
6 2 1 9
0
3
10 2 2
3
2 2
2 10
2 8
1
2
3
1 1 4
1 1 8
1 1 9
2
1 3
5
2 0
1 2 0
2 2
1 1 1
2 5
2
58 60
6
2 70
2 12
2 9
2 15
2 77
2 14
3
0 1 0
6
1 3 1
1 2 1
1 3 3
2 4
2 1
2 2
4
29 17 14 11
1
2 30
1
8
3
1 1 9
2 2
1 1 9
4
8 3 7 9
0
5
0 3 6 6 8
6
2 4
2 9
2 7
2 5
2 3
2 6
1
6
3
1 1 0
1 1 9
1 1 1
1
0
3
2 3
1 1 5
1 1 5
2
21 89
8
2 50
1 1 82
2 40
2 89
1 1 24
2 97
1 2 1
1 1 55
2
0 0
1
1 2 1
1
2
1
2 7
1
10
4
2 4
2 2
2 7
1 1 2
3
8 2 10
0
4
1 2 10 9
1
2 8
2
5 5
2
1 1 0
1 2 9
1
4
6
2 4
2 5
1 1 4
2 1
2 4
1 1 5
3
1 28 29
5
2 100
2 27
2 94
1 2 10
2 58
3
0 4 1
6
2 3
1 3 0
1 1 0
1 2 3
1 2 2
1 3 4
4
23 19 5 3
3
2 9
1 3 6
2 5
1
5
5
2 2
2 10
1 1 2
1 1 6
1 1 7
3
10 7 0
0
5
6 5 8 8 7
1
2 2
2
0 9
5
1 1 7
1 2 6
1 2 8
1 2 7
1 1 6
1
0
3
2 4
2 4
2 5
2
89 54
3
2 75
1 1 24
1 1 66
2
2 1
2
2 3
1 2 2
4
5 12 14 8
6
1 2 20
1 3 3
2 7
2 21
1 4 20
1 2 3
1
9
2
2 3
1 1 8
2
0 4
0
1
8
1
2 2
5
3 6 6 10 2
6
1 3 3
1 3 4
1 2 9
1 1 10
1 2 9
1 3 6
2
0 3
5
2 4
1 2 5
1 1 2
2 1
1 1 0
5
52 72 97 25 83
2
2 12
2 59
3
3 3 0
6
2 0
2 4
1 1 1
2 3
2 0
1 2 2
3
5 29 21
2
1 3 1
2 3
1
0
2
2 7
2 8
2
7 10
0
3
9 1 5
5
2 10
2 5
2 1
2 9
2 4
5
5 2 6 0 3
4
1 2 7
1 1 3
1 3 4
1 4 8
1
1
4
1 1 1
2 1
2 0
1 1 4
2
21 73
6
1 2 38
2 14
2 49
2 66
2 83
2 64
2
1 1
2
1 1 1
1 2 2
2
1 2
6
1 1 27
2 22
1 2 14
1 1 20
2 0
1 1 5
1
7
4
1 1 10
1 1 6
2 5
2 6
4
9 10 8 1
0
1
5
2
2 6
2 5
2
8 2
3
1 1 8
1 2 4
1 1 10
2
1 2
7
1 1 2
2 0
1 1 1
2 3
2 2
2 3
1 1 3
2
22 97
5
2 58
1 1 100
2 79
1 2 14
2 10
3
4 2 0
2
2 4
2 0
1
7
6
2 29
2 17
1 1 3
2 11
1 1 7
2 21
1
9
2
2 5
2 7
3
9 4 2
0
5
9 2 6 10 5
5
2 2
2 2
2 3
2 2
2 7
2
7 10
1
1 1 1
2
5 0
7
2 1
1 1 2
2 4
1 2 3
2 2
2 3
2 3
2
99 27
7
2 65
2 12
2 50
1 1 12
1 1 62
2 4
1 2 86
1
4
5
1 1 3
1 1 1
2 0
2 2
2 4
3
3 2 9
3
2 24
2 17
1 3 12
1
7
4
1 1 7
1 1 10
2 1
2 9
4
3 4 7 3
0
2
10 9
5
2 9
2 7
2 2
2 10
2 8
2
10 4
4
1 1 0
1 2 5
1 2 7
1 2 7
1
5
3
1 1 5
2 3
1 1 4
3
26 97 33
5
1 3 35
1 3 8
2 56
1 2 6
1 1 47
3
3 0 4
1
1 2 3
1
8
1
1 1 0
1
3
5
1 1 8
2 6
1 1 5
2 0
1 1 4
5
0 3 9 3 2
0
5
4 1 8 9 0
2
2 8
2 8
5
1 0 9 9 8
5
1 4 8
1 3 1
1 3 2
1 1 0
1 1 10
1
1
6
2 2
1 1 1
2 1
2 5
1 1 3
2 0
2
68 4
6
1 2 24
1 1 1
1 1 98
1 2 57
2 6
2 38
1
2
3
1 1 1
1 1 2
1 1 4
1
26
6
2 1
1 1 18
2 11
2 30
1 1 27
2 7
1
2
1
2 5
5
3 3 2 0 5
0
3
10 7 0
4
2 1
2 2
2 6
2 2
4
9 8 3 7
1
1 4 7
2
2 5
3
1 2 4
2 2
1 2 0
4
40 98 66 69
2
2 85
2 75
2
1 2
5
1 1 4
2 4
1 1 0
1 1 0
2 3
1
2
6
2 3
2 30
2 16
1 1 5
2 20
2 3
1
0
2
2 3
2 0
4
6 7 10 3
0
3
3 0 0
4
2 1
2 6
2 9
2 8
1
4
6
1 1 2
1 1 7
1 1 8
1 1 1
1 1 0
1 1 6
1
3
5
2 4
1 1 0
1 1 2
2 4
1 1 1
3
99 23 40
2
1 1 32
2 40
3
3 0 2
5
1 1 4
1 2 4
2 2
1 2 1
2 3
1
25
2
2 16
1 1 13
1
4
4
2 3
2 1
1 1 10
2 6
2
5 2
0
4
0 6 10 4
1
2 4
2
7 0
4
1 1 9
1 1 5
1 1 3
1 2 9
2
5 4
3
1 1 3
1 2 2
2 5
2
43 16
4
1 2 76
1 2 85
2 31
1 2 95
2
3 3
2
2 1
1 1 2
3
6 14 22
6
2 3
2 29
1 2 19
1 1 4
1 1 25
1 1 28
1
10
3
2 7
2 1
2 2
2
7 10
0
3
5 0 7
4
2 0
2 3
2 6
2 10
1
10
6
1 1 0
1 1 1
1 1 2
1 1 2
1 1 9
1 1 7
1
4
7
1 1 4
2 5
2 4
1 1 0
2 3
1 1 4
2 5
4
15 95 92 71
4
1 3 83
2 40
2 90
2 67
3
1 1 2
5
2 3
1 1 2
1 3 2
2 2
1 2 4
2
28 21
2
1 2 27
1 2 5
1
3
5
2 4
1 1 8
2 4
1 1 9
2 2
2
8 10
0
4
10 10 4 0
3
2 1
2 9
2 3
2
8 3
4
1 2 9
1 2 7
1 2 1
1 2 1
2
2 2
4
1 1 3
2 0
2 3
2 4
2
95 68
5
1 1 66
1 1 16
1 2 20
1 2 71
1 2 41
2
4 4
4
2 2
2 1
2 3
2 0
1
11
1
2 1
1
7
3
2 6
1 1 2
1 1 4
4
2 8 5 0
0
5
10 0 8 0 4
2
2 0
2 2
5
7 9 4 1 9
2
1 4 0
1 3 5
2
2 2
7
2 0
1 2 1
1 2 3
1 2 5
1 2 1
1 1 4
2 0
5
16 75 23 53 88
6
2 99
2 52
2 50
2 21
2 64
1 4 78
3
1 3 4
1
1 1 3
1
30
4
2 3
1 1 30
2 20
2 8
1
10
5
2 9
2 10
2 6
2 1
2 7
4
0 1 3 5
0
3
1 0 1
4
2 5
2 3
2 6
2 6
2
5 4
3
1 1 2
1 1 0
1 2 3
2
5 5
5
2 2
2 1
1 1 4
2 1
1 1 1
5
16 25 90 38 92
4
1 3 89
1 5 48
1 5 96
1 2 80
3
4 2 0
1
1 2 2
3
20 1 6
3
2 12
1 1 13
1 1 16
1
9
5
2 0
1 1 0
2 2
1 1 7
2 10
3
10 9 2
0
1
7
2
2 0
2 4
2
4 4
1
1 2 4
2
3 3
6
2 3
2 5
2 3
2 3
1 2 5
1 1 5
4
19 67 20 25
3
1 4 67
1 3 94
2 19
3
0 1 1
5
1 2 3
2 3
1 1 4
2 0
2 2
4
20 26 7 16
5
1 2 5
2 19
1 4 5
1 4 11
2 19
1
6
5
1 1 3
1 1 4
2 2
1 1 5
2 9
3
9 4 7
0
2
2 6
6
2 6
2 0
2 3
2 5
2 8
2 3
2
2 1
6
1 1 5
1 2 0
1 2 6
1 1 6
1 1 10
1 1 3
2
3 5
4
1 2 1
2 5
2 4
1 1 0
2
64 25
1
2 95
3
3 3 0
5
2 1
2 1
1 2 1
1 1 3
2 1
1
7
3
1 1 22
2 11
1 1 10
1
5
5
1 1 6
1 1 9
2 3
1 1 4
1 1 3
1
4
0
2
8 0
5
2 7
2 6
2 2
2 4
2 9
2
2 10
1
1 1 6
1
0
6
1 1 0
1 1 2
1 1 1
1 1 0
1 1 1
2 0
2
54 69
6
2 49
2 17
1 1 72
1 2 53
2 1
2 50
3
2 2 1
4
2 3
1 3 3
2 2
2 0
4
21 2 3 6
1
2 25
1
5
3
2 0
2 7
2 10
4
5 3 3 10
0
1
9
3
2 9
2 3
2 0
4
7 2 8 2
2
1 4 6
1 3 4
1
2
6
1 1 5
2 4
1 1 0
2 2
2 3
1 1 0
5
30 19 51 22 24
3
1 2 95
1 5 58
2 94
1
1
6
1 1 4
1 1 4
1 1 1
1 1 4
1 1 0
1 1 4
1
10
1
2 26
1
1
5
1 1 0
1 1 7
1 1 7
2 1
1 1 4
1
5
0
4
5 6 5 5
6
2 9
2 10
2 2
2 7
2 1
2 10
1
8
4
1 1 4
1 1 6
1 1 7
1 1 4
1
3
4
2 2
1 1 2
1 1 2
1 1 5
4
3 55 81 77
8
2 40
1 1 93
2 3
1 2 64
1 1 80
2 84
1 2 79
2 23
2
2 1
3
1 2 4
2 2
1 1 1
1
30
6
2 5
2 0
2 12
2 19
2 8
1 1 10
1
5
2
1 1 2
2 2
5
9 2 4 6 0
0
5
8 2 7 5 6
2
2 1
2 6
1
3
4
1 1 10
1 1 5
1 1 5
1 1 0
1
1
3
2 5
1 1 1
2 2
4
72 65 65 75
7
2 46
1 4 47
1 2 64
2 73
1 1 13
2 13
2 17
1
2
6
2 4
2 1
1 1 2
1 1 2
1 1 1
2 3
1
30
1
2 10
1
9
5
1 1 5
2 8
1 1 1
1 1 10
1 1 10
1
9
0
4
10 8 0 0
2
2 1
2 10
3
10 5 8
5
1 1 8
1 1 10
1 2 8
1 1 0
1 2 2
1
0
7
1 1 0
2 4
1 1 1
1 1 0
2 4
2 2
2 2
5
32 71 34 78 58
3
1 2 71
1 1 58
1 5 96
2
2 3
6
1 2 3
1 2 1
1 1 0
2 2
1 2 0
1 2 2
3
13 7 15
2
1 3 1
1 3 8
1
6
1
1 1 4
4
8 7 1 9
0
5
2 6 0 6 8
3
2 1
2 0
2 7
3
3 3 10
4
1 3 2
1 2 9
1 1 6
1 2 2
1
0
3
2 4
1 1 0
2 5
4
17 57 38 33
4
2 59
2 50
1 3 84
2 57
2
0 1
6
2 4
2 2
1 1 3
1 2 1
1 1 4
1 1 4
4
10 7 29 11
4
1 2 18
1 1 21
2 29
2 27
1
2
2
1 1 0
1 1 8
3
1 4 1
0
5
7 8 0 7 7
4
2 8
2 7
2 7
2 0
3
6 2 3
2
1 1 4
1 1 6
2
5 4
5
1 2 1
2 4
2 5
1 1 3
1 1 0
4
99 22 60 8
5
2 98
2 80
1 4 48
2 69
2 90
1
2
5
2 1
2 3
1 1 1
1 1 1
1 1 2
1
17
2
2 5
2 20
1
4
2
2 5
2 5
1
7
0
4
1 6 3 7
3
2 4
2 2
2 0
2
9 5
4
1 2 3
1 1 1
1 1 2
1 1 10
1
4
7
1 1 4
1 1 2
1 1 3
1 1 0
2 3
1 1 0
1 1 4
3
9 77 90
8
1 2 81
1 2 77
2 8
1 3 31
1 2 58
2 52
1 2 1
1 2 8
1
3
1
2 4
2
29 17
1
2 1
1
2
1
1 1 4
2
7 0
0
1
1
1
2 10
2
3 9
5
1 2 2
1 1 4
1 1 10
1 1 8
1 1 2
2
4 5
7
2 0
1 1 0
1 1 1
1 2 0
2 4
1 1 4
1 1 1
4
30 32 59 94
5
1 2 90
1 2 11
1 3 9
2 82
2 93
2
3 4
4
2 0
2 0
2 1
2 2
4
4 12 7 6
4
1 3 15
2 15
1 3 6
2 28
1
4
2
2 3
2 1
4
8 1 2 0
0
4
9 0 6 10
6
2 8
2 3
2 0
2 4
2 4
2 10
1
0
6
1 1 3
1 1 10
1 1 7
1 1 3
1 1 4
1 1 4
2
5 0
6
2 4
2 1
1 1 2
1 2 4
1 2 4
2 1
4
90 95 89 97
3
2 65
2 76
2 60
1
2
6
1 1 3
1 1 4
2 1
2 3
1 1 2
2 4
3
1 10 10
5
2 7
1 3 10
1 3 8
1 2 30
1 3 21
1
2
3
2 8
1 1 3
1 1 8
5
10 3 8 7 10
0
5
6 10 0 4 7
2
2 10
2 2
5
8 4 2 1 1
2
1 1 2
1 1 7
2
5 3
7
2 4
2 3
2 0
2 3
1 2 2
2 4
2 3
3
74 31 62
4
2 12
2 6
1 1 17
1 1 74
2
3 3
4
1 1 0
2 4
1 1 3
2 0
2
8 24
6
1 2 25
2 29
2 9
1 1 3
2 15
2 28
1
0
2
1 1 6
1 1 7
4
4 7 7 5
0
1
3
1
2 2
4
6 4 7 8
1
1 4 6
2
0 4
3
1 1 5
1 1 5
2 2
3
62 98 83
4
1 1 72
2 72
2 4
1 2 8
2
4 4
3
2 3
2 1
1 2 0
3
15 29 11
4
1 3 9
1 1 24
2 4
2 28
1
1
1
1 1 4
4
8 9 10 8
0
5
9 1 2 4 5
2
2 2
2 7
4
1 8 3 1
4
1 4 1
1 4 9
1 4 3
1 1 6
1
2
7
2 2
1 1 4
2 0
2 0
1 1 3
1 1 4
2 1
4
30 98 17 70
4
1 1 33
2 100
2 95
1 2 80
1
4
4
1 1 1
1 1 4
1 1 3
1 1 1
2
22 9
6
1 1 18
2 13
2 15
1 1 13
1 2 15
2 22
1
7
4
1 1 10
1 1 1
1 1 8
1 1 1
2
6 2
0
4
0 10 1 5
1
2 6
1
10
4
1 1 8
1 1 0
1 1 2
1 1 2
1
4
7
2 2
2 0
2 1
1 1 1
1 1 3
1 1 1
1 1 3
5
71 99 4 32 86
3
1 5 23
1 2 24
2 48
3
0 2 3
6
2 3
1 2 1
1 2 2
2 2
2 3
1 3 4
3
25 7 17
5
2 6
2 11
1 1 21
2 7
2 28
1
10
5
1 1 4
2 7
1 1 0
2 5
2 5
1
6
0
3
8 9 1
5
2 7
2 5
2 2
2 7
2 6
1
6
6
1 1 10
1 1 2
1 1 8
1 1 3
1 1 0
1 1 6
1
4
7
1 1 0
2 3
1 1 5
2 0
2 4
2 4
2 1
4
56 100 69 35
2
2 16
2 62
3
4 4 2
6
2 2
1 1 4
1 2 3
1 1 4
1 3 4
1 1 0
1
6
6
1 1 14
2 10
1 1 23
2 25
1 1 28
2 29
1
3
4
1 1 9
2 0
1 1 10
1 1 5
4
2 8 2 7
0
2
2 0
1
2 0
1
4
5
1 1 9
1 1 0
1 1 7
1 1 6
1 1 1
2
2 1
4
1 2 1
2 1
1 1 0
2 3
3
51 85 80
7
1 1 52
1 1 67
2 95
1 3 17
2 77
1 1 4
2 99
3
1 4 2
4
2 3
2 3
1 1 4
1 2 2
2
15 29
5
1 1 15
2 18
1 1 5
1 1 28
1 1 28
1
10
2
1 1 6
2 6
2
10 10
0
1
8
6
2 0
2 5
2 8
2 8
2 0
2 3
1
3
2
1 1 0
1 1 0
1
4
5
1 1 4
1 1 2
2 3
1 1 4
1 1 5
3
33 16 91
3
1 1 22
2 63
1 1 73
2
4 1
3
2 3
2 0
2 2
2
30 11
1
2 15
1
7
4
2 4
2 10
2 2
1 1 8
1
4
0
2
9 3
1
2 0
3
3 3 6
5
1 2 6
1 2 5
1 3 9
1 3 0
1 1 1
1
2
6
1 1 0
1 1 5
2 1
2 1
1 1 2
1 1 3
3
65 77 34
6
1 2 43
1 2 62
2 48
2 63
1 3 31
1 3 37
1
0
3
1 1 1
1 1 3
1 1 3
3
20 4 9
3
1 2 9
1 2 16
2 25
1
2
2
2 3
2 0
5
4 9 8 1 2
0
1
5
6
2 5
2 10
2 9
2 2
2 4
2 9
2
0 10
3
1 2 6
1 2 0
1 2 7
1
1
3
1 1 0
2 3
2 1
5
34 100 8 2 30
2
2 21
2 32
1
2
3
1 1 1
1 1 2
1 1 2
1
0
6
1 1 19
2 9
1 1 3
2 16
2 28
1 1 17
1
6
3
2 9
2 8
2 4
2
1 6
0
5
7 6 6 9 6
4
2 5
2 6
2 10
2 8
3
1 10 7
5
1 1 7
1 1 2
1 3 0
1 2 9
1 2 0
2
5 1
4
2 4
2 0
1 2 1
2 5
4
89 0 61 55
2
2 53
2 93
3
4 2 0
4
2 3
1 1 1
1 1 1
2 3
1
7
2
1 1 25
1 1 16
1
8
4
1 1 8
1 1 4
2 1
2 8
5
8 0 2 0 10
0
5
5 1 5 5 10
5
2 0
2 10
2 10
2 10
2 10
3
0 7 9
3
1 2 3
1 3 1
1 2 2
2
3 1
5
2 0
2 0
2 0
2 1
2 1
4
87 19 35 0
8
1 2 74
2 12
2 78
2 65
2 81
1 4 30
1 1 58
1 4 29
1
1
5
1 1 4
1 1 4
1 1 1
2 2
2 4
4
19 27 18 28
6
1 2 26
1 2 7
2 21
2 30
1 2 20
1 1 25
1
1
5
2 5
1 1 6
1 1 8
1 1 8
2 3
4
9 10 10 3
0
1
6
1
2 2
1
10
3
1 1 4
1 1 3
1 1 6
1
4
7
1 1 2
1 1 3
2 1
2 5
2 4
2 2
1 1 5
3
12 71 97
4
2 22
2 16
2 0
1 2 81
2
3 2
5
1 2 3
1 2 1
1 2 0
2 2
1 1 0
1
16
1
1 1 7
1
9
1
1 1 7
1
1
0
1
1
1
2 9
5
8 5 0 8 9
5
1 2 9
1 5 5
1 3 5
1 3 8
1 4 6
2
2 5
3
2 0
2 3
2 2
2
37 91
1
2 82
3
4 4 0
4
1 1 4
2 2
2 4
2 4
1
21
4
2 12
1 1 4
1 1 9
2 29
1
2
5
1 1 9
1 1 4
2 9
1 1 1
1 1 6
4
7 2 9 3
0
1
6
1
2 3
1
0
6
1 1 2
1 1 0
1 1 5
1 1 1
1 1 9
1 1 6
1
2
6
1 1 0
1 1 2
2 1
2 1
2 2
2 1
3
0 99 79
6
1 3 52
2 59
2 26
2 17
1 3 71
2 75
1
3
5
2 2
2 1
2 4
1 1 3
2 0
4
26 28 26 26
6
2 22
2 9
1 2 15
2 1
1 4 24
1 3 16
1
3
1
2 10
5
9 2 6 1 6
0
5
8 10 3 3 0
4
2 2
2 1
2 10
2 6
4
6 4 6 1
3
1 3 7
1 3 10
1 3 2
2
5 5
3
1 2 1
1 2 2
2 4
5
18 92 43 19 40
1
1 1 50
1
1
1
2 3
2
4 12
2
2 11
1 1 30
1
1
2
2 9
2 0
4
1 0 6 2
0
1
5
4
2 7
2 8
2 7
2 1
5
4 0 0 2 3
4
1 1 2
1 1 0
1 4 5
1 1 8
1
2
3
1 1 3
1 1 5
2 1
3
1 24 30
7
2 53
2 88
1 2 95
1 1 23
1 3 26
2 30
1 3 52
3
0 0 4
1
2 0
1
19
6
2 25
1 1 18
1 1 7
1 1 10
2 10
1 1 30
1
4
5
2 3
1 1 6
2 0
2 7
2 0
1
10
0
2
9 8
4
2 7
2 5
2 4
2 5
3
10 3 7
6
1 2 4
1 2 7
1 1 0
1 3 3
1 3 9
1 2 4
1
5
5
1 1 2
1 1 0
2 5
1 1 3
1 1 0
3
41 82 65
3
2 48
1 3 42
1 2 20
3
1 4 0
3
2 2
2 0
1 3 1
2
5 21
1
2 27
1
4
4
2 10
1 1 4
1 1 7
2 0
4
9 6 8 1
0
3
1 2 5
3
2 6
2 6
2 4
4
9 6 8 8
3
1 2 5
1 2 7
1 3 6
1
2
7
2 2
1 1 3
1 1 1
2 2
2 5
1 1 2
1 1 0
3
38 45 21
6
1 3 19
1 2 49
2 82
1 2 44
1 2 69
2 7
3
3 0 1
2
2 4
1 1 2
4
1 25 3 23
1
2 6
1
9
1
2 10
3
9 6 5
0
4
10 3 5 0
3
2 7
2 7
2 4
4
6 3 2 8
6
1 2 7
1 3 1
1 3 3
1 1 10
1 4 9
1 4 10
2
5 4
4
1 2 2
2 5
1 2 2
1 2 4
4
83 36 3 83
2
1 1 28
1 1 43
3
4 2 4
1
1 3 4
4
17 9 29 19
1
1 4 22
1
9
5
2 8
1 1 8
1 1 7
2 9
1 1 8
1
9
0
5
8 6 10 9 8
5
2 4
2 7
2 4
2 6
2 1
2
10 6
1
1 1 6
2
1 1
3
2 2
1 2 2
1 1 1
2
10 55
5
1 1 100
2 44
2 88
2 73
1 1 65
3
3 0 1
6
1 3 3
1 3 2
2 3
2 0
2 4
2 2
4
25 11 11 5
1
2 9
1
5
2
1 1 10
1 1 5
1
2
0
1
1
3
2 1
2 4
2 9
1
9
5
1 1 1
1 1 0
1 1 4
1 1 6
1 1 0
2
0 3
7
1 2 4
2 5
2 5
1 2 4
1 1 4
1 1 3
1 2 3
3
46 17 99
1
1 1 82
3
3 4 1
3
2 0
1 2 1
1 1 1
3
19 0 7
4
2 27
1 1 10
2 11
2 14
1
1
3
1 1 7
2 0
1 1 1
2
7 3
0
2
9 4
2
2 1
2 6
5
5 7 10 7 0
5
1 2 2
1 1 1
1 2 10
1 2 2
1 4 5
2
1 3
3
1 1 1
1 2 3
2 2
3
64 26 95
6
1 3 77
2 87
1 3 41
2 19
2 26
1 3 93
2
3 2
4
1 1 1
1 1 0
2 0
1 1 0
4
27 23 9 22
5
1 1 29
2 29
1 3 27
2 0
2 20
1
5
2
2 3
1 1 6
4
2 6 4 10
0
2
9 0
6
2 8
2 3
2 4
2 9
2 7
2 3
5
1 8 1 6 9
2
1 1 2
1 1 2
2
4 2
7
1 2 4
2 5
2 4
2 5
2 0
2 3
1 2 2
3
31 34 91
7
1 3 64
1 3 35
1 3 30
1 2 33
2 64
2 38
2 21
1
4
3
2 0
2 1
1 1 0
1
15
4
1 1 26
2 2
1 1 0
2 20
1
0
1
1 1 4
5
7 7 2 9 2
0
5
4 3 7 3 8
1
2 5
4
4 8 1 3
1
1 2 9
2
1 3
6
2 1
1 2 4
2 3
1 1 5
2 0
1 1 4
2
87 63
6
1 1 78
2 27
1 1 41
2 95
2 40
1 2 69
2
2 4
5
2 4
1 1 0
2 1
1 2 0
1 2 0
2
2 8
5
2 2
1 2 29
2 7
2 7
2 7
1
9
5
1 1 6
2 10
1 1 4
2 3
1 1 1
4
2 8 0 5
0
2
3 1
6
2 6
2 6
2 4
2 0
2 2
2 2
4
7 5 3 1
5
1 1 2
1 2 7
1 3 2
1 4 9
1 2 3
1
5
3
1 1 1
2 2
1 1 5
3
31 24 75
7
2 20
2 58
1 2 92
1 1 78
2 44
2 16
2 92
3
4 1 4
1
1 3 2
3
17 18 7
4
1 2 28
2 14
1 2 0
1 3 28
1
4
1
2 3
3
10 4 6
0
1
6
5
2 1
2 1
2 5
2 4
2 9
5
0 1 5 2 7
4
1 1 6
1 4 6
1 5 0
1 1 0
1
3
5
1 1 5
2 2
2 5
2 5
2 3
3
68 66 64
6
2 58
1 2 7
1 2 79
1 1 86
1 1 12
2 13
3
0 3 0
6
2 1
1 2 4
1 3 3
2 0
1 3 2
2 2
1
23
6
1 1 5
2 24
2 13
1 1 18
1 1 20
1 1 14
1
1
4
1 1 7
1 1 4
1 1 10
2 0
1
2
0
3
10 1 2
1
2 2
4
4 0 2 4
5
1 3 4
1 3 1
1 3 10
1 4 8
1 1 6
1
1
5
1 1 2
2 0
2 5
1 1 2
2 2
4
40 80 26 34
6
1 3 54
1 3 85
2 26
2 30
2 78
2 60
3
2 0 2
2
2 1
2 1
3
5 26 0
6
2 26
2 28
1 3 30
2 20
2 2
1 1 15
1
5
3
2 2
2 1
2 0
3
3 10 6
0
3
7 1 2
4
2 5
2 10
2 6
2 7
4
10 6 6 2
5
1 1 9
1 1 3
1 2 7
1 3 1
1 4 1
2
0 2
4
1 1 4
1 1 0
1 1 1
2 5
5
55 54 92 27 83
8
2 75
1 4 74
2 95
1 2 26
1 5 46
1 5 22
1 5 21
2 75
1
1
2
1 1 4
1 1 2
3
30 8 24
2
1 2 16
2 30
1
3
1
1 1 1
5
8 1 4 4 4
0
2
4 3
3
2 2
2 9
2 1
1
6
1
1 1 4
1
0
6
1 1 0
2 0
1 1 3
1 1 1
1 1 0
2 1
3
52 96 81
1
2 77
3
2 1 0
5
1 2 3
1 3 4
2 1
1 3 0
2 1
4
25 25 7 14
3
1 1 17
1 1 5
1 4 19
1
6
1
2 4
2
1 8
0
4
6 3 7 8
2
2 9
2 7
2
4 5
3
1 2 4
1 1 8
1 1 6
2
5 0
4
2 5
2 3
1 2 1
1 1 3
2
96 100
8
2 76
2 10
2 82
2 12
1 2 20
1 1 14
2 54
2 7
1
0
5
1 1 0
2 1
2 3
1 1 3
1 1 4
2
11 27
2
1 1 1
2 15
1
9
3
1 1 8
1 1 9
1 1 1
2
3 3
0
2
9 6
3
2 8
2 2
2 9
2
8 5
3
1 2 0
1 1 8
1 1 10
1
0
6
1 1 0
1 1 1
1 1 2
2 1
2 2
2 5
2
46 77
1
1 2 1
1
1
2
1 1 2
2 0
3
5 27 29
5
1 3 21
2 16
2 16
2 8
2 28
1
0
2
1 1 10
1 1 5
3
3 2 6
0
5
6 5 6 1 1
1
2 4
1
6
6
1 1 9
1 1 2
1 1 10
1 1 10
1 1 3
1 1 9
1
4
6
1 1 5
2 5
2 1
2 1
1 1 3
1 1 3
5
9 12 45 8 12
8
2 77
2 62
2 71
1 5 67
2 94
1 2 10
2 88
1 1 29
3
0 2 2
5
2 0
1 3 0
1 1 0
1 3 0
1 2 3
4
13 14 4 9
6
2 10
1 2 23
1 3 5
2 20
2 30
1 4 17
1
2
1
1 1 10
2
1 4
0
4
10 5 8 5
5
2 9
2 0
2 10
2 8
2 1
5
8 3 4 0 7
2
1 4 4
1 1 8
1
1
7
1 1 2
1 1 2
1 1 5
2 0
2 4
1 1 4
1 1 2
4
33 48 70 34
5
1 3 85
1 1 72
1 3 22
2 76
1 4 89
3
1 1 3
4
1 1 1
1 3 1
2 2
2 3
4
30 7 20 14
6
1 4 16
1 2 5
1 4 26
2 22
2 0
2 15
1
7
3
2 4
2 10
2 1
2
4 3
0
2
10 9
4
2 5
2 5
2 10
2 4
5
0 7 9 3 3
1
1 3 1
2
0 3
6
2 1
2 3
2 0
1 2 2
2 4
2 2
4
85 83 68 61
5
1 3 31
2 87
1 2 41
1 2 42
1 3 49
3
0 1 2
2
1 1 1
1 3 4
4
4 24 13 28
5
2 3
1 4 12
1 1 12
2 29
2 0
1
1
4
2 9
1 1 5
2 2
2 3
5
3 8 3 2 3
0
2
4 6
1
2 4
5
6 1 1 9 6
2
1 2 1
1 4 9
1
0
5
1 1 2
2 4
1 1 0
1 1 1
1 1 2
4
8 87 99 99
8
2 99
1 4 46
2 79
1 1 68
2 82
1 3 4
1 1 88
1 1 98
3
4 1 1
2
2 0
2 0
3
0 1 21
3
1 1 30
2 12
1 2 15
1
10
5
1 1 8
1 1 9
2 8
2 3
1 1 7
5
6 4 4 2 6
0
5
4 0 10 1 0
3
2 6
2 5
2 1
5
3 9 5 6 7
2
1 3 4
1 1 5
2
0 0
6
2 3
2 1
1 1 0
1 2 2
2 0
1 2 2
5
70 27 99 71 21
8
2 74
1 3 53
2 13
1 2 52
2 84
1 1 15
1 2 31
1 1 17
1
0
4
1 1 3
2 3
2 0
1 1 2
4
3 28 17 28
1
1 1 1
1
0
3
1 1 3
1 1 2
2 5
4
0 1 7 2
0
4
2 9 5 0
4
2 5
2 9
2 7
2 1
3
7 3 6
5
1 2 8
1 2 5
1 2 8
1 2 7
1 2 9
1
4
7
1 1 4
1 1 4
1 1 1
2 2
2 1
1 1 2
2 3
3
54 19 29
5
2 89
1 2 75
1 1 6
2 22
2 32
2
1 0
4
2 1
1 2 2
1 2 4
1 2 4
3
2 29 11
6
1 3 27
2 7
1 2 26
2 6
1 2 11
1 3 14
1
6
1
2 2
3
7 2 3
0
3
5 5 3
1
2 6
4
9 6 8 3
2
1 3 6
1 4 7
2
0 0
5
2 0
2 4
2 0
1 2 0
1 1 5
3
86 47 95
3
1 3 29
2 70
2 26
3
1 1 2
3
2 1
2 2
1 2 4
3
11 19 21
1
2 23
1
9
1
2 1
4
6 7 10 9
0
4
2 9 2 2
3
2 8
2 10
2 2
5
2 3 6 1 5
5
1 4 3
1 1 1
1 2 2
1 3 5
1 3 0
1
5
5
1 1 0
1 1 5
1 1 1
2 5
1 1 5
4
17 4 61 88
3
2 63
1 4 100
2 87
2
1 1
3
1 1 0
1 1 2
1 1 0
4
12 5 18 15
1
2 7
1
10
1
1 1 10
1
8
0
2
6 0
1
2 8
2
1 5
4
1 1 8
1 2 9
1 2 7
1 2 9
2
3 5
6
1 1 5
1 2 0
1 2 0
2 5
2 2
2 1
5
88 32 85 28 82
1
1 4 27
2
3 1
5
1 1 2
2 1
2 1
2 1
1 2 0
1
23
1
1 1 19
1
0
1
1 1 1
2
7 8
0
4
3 10 0 3
4
2 8
2 3
2 2
2 2
4
0 9 10 6
3
1 1 7
1 4 7
1 2 7
1
2
4
2 4
2 2
2 5
2 0
3
59 43 17
6
2 13
2 9
1 1 14
1 1 14
1 2 85
1 1 98
2
0 3
5
2 3
2 0
1 1 3
2 4
1 1 4
3
6 5 6
5
1 3 30
2 20
1 3 11
2 10
1 2 15
1
1
2
1 1 0
1 1 1
1
8
0
3
9 10 10
1
2 1
5
6 9 7 1 3
3
1 1 4
1 2 9
1 3 4
2
5 2
3
1 2 5
2 5
1 2 0
2
50 30
8
1 2 14
2 11
1 1 16
1 1 66
1 2 57
1 2 4
1 2 17
1 1 21
3
3 4 3
6
1 1 2
2 1
2 2
2 3
1 2 4
2 0
4
6 24 10 16
4
1 2 23
2 27
2 5
2 28
1
5
4
1 1 6
2 6
2 10
2 5
3
4 1 8
0
1
8
3
2 3
2 4
2 2
5
0 7 8 1 4
4
1 4 6
1 4 0
1 3 9
1 4 5
1
2
6
2 2
1 1 0
2 4
2 1
2 0
2 2
3
82 32 92
8
2 37
1 3 13
2 14
2 98
2 7
1 1 30
1 3 89
1 1 96
1
1
4
2 4
1 1 1
2 3
1 1 1
3
25 24 0
1
2 23
1
5
4
2 0
2 5
2 2
1 1 5
2
1 6
0
2
1 9
6
2 0
2 8
2 5
2 9
2 1
2 3
3
3 10 10
1
1 2 3
1
4
4
2 2
2 5
2 5
1 1 3
4
84 94 64 64
8
2 60
1 3 41
2 24
1 3 96
2 81
2 42
2 87
1 3 68
2
4 3
2
2 3
2 4
3
28 13 25
5
1 1 3
1 2 26
2 8
1 2 5
2 16
1
9
3
1 1 0
2 8
1 1 4
5
5 9 3 3 3
0
2
7 9
6
2 1
2 1
2 10
2 7
2 3
2 7
3
0 3 7
2
1 1 9
1 2 0
1
5
7
1 1 0
2 5
1 1 1
1 1 1
2 5
2 5
1 1 1
3
69 35 23
5
2 44
1 2 18
2 27
1 1 69
2 95
3
4 4 3
2
1 3 4
1 2 4
4
1 4 25 21
6
2 12
2 16
1 4 22
2 28
1 4 15
1 1 4
1
2
5
1 1 7
2 9
2 1
1 1 9
1 1 6
2
4 2
0
2
3 4
6
2 4
2 0
2 1
2 6
2 4
2 1
3
4 6 4
1
1 2 2
1
2
6
2 5
2 0
1 1 1
1 1 1
2 5
2 1
4
37 45 46 7
2
1 4 9
2 71
3
2 0 2
5
2 0
2 2
1 3 0
2 1
2 4
4
29 3 28 21
4
2 11
2 1
2 25
1 1 15
1
8
2
1 1 7
2 2
1
8
0
4
3 4 9 7
3
2 10
2 7
2 4
5
9 4 10 9 5
2
1 1 7
1 5 1
2
5 4
3
2 5
2 4
1 1 0
4
95 37 84 80
3
2 15
2 100
2 74
3
3 1 0
1
2 2
4
20 12 24 30
1
1 4 26
1
2
1
1 1 6
1
4
0
2
9 6
6
2 4
2 8
2 5
2 0
2 5
2 7
2
0 8
3
1 1 5
1 1 8
1 2 0
2
4 4
5
1 2 3
2 0
1 2 0
2 3
2 3
5
26 12 6 23 1
4
2 79
1 2 32
2 70
2 52
1
2
1
1 1 2
2
13 5
1
2 12
1
9
4
1 1 2
1 1 5
1 1 0
1 1 1
5
9 8 8 2 8
0
3
8 8 9
3
2 0
2 2
2 5
1
5
3
1 1 6
1 1 8
1 1 8
1
3
5
1 1 4
2 2
2 5
1 1 3
1 1 2
3
67 73 32
5
1 1 9
1 3 50
1 2 88
2 12
1 2 85
2
3 4
4
1 2 1
1 2 3
2 3
1 2 3
4
13 18 20 16
1
2 29
1
2
4
2 3
1 1 3
2 2
1 1 6
3
8 3 9
0
4
9 5 1 5
4
2 10
2 4
2 8
2 3
1
7
3
1 1 4
1 1 4
1 1 6
1
2
4
1 1 1
2 5
2 2
1 1 2
2
99 32
8
2 49
2 13
2 52
2 85
1 1 91
1 1 84
2 73
2 49
2
1 3
2
1 2 4
2 3
4
23 12 25 10
1
2 1
1
9
4
1 1 6
1 1 10
2 6
1 1 4
2
9 10
0
1
1
6
2 8
2 10
2 1
2 10
2 1
2 9
5
6 9 2 10 5
3
1 1 4
1 5 6
1 5 0
1
3
3
2 5
2 3
1 1 4
2
43 100
5
2 83
2 42
1 1 46
1 1 71
1 2 44
3
4 2 4
3
2 2
1 3 0
1 1 3
1
19
1
1 1 21
1
5
2
2 5
1 1 7
4
4 10 4 1
0
4
2 6 2 1
4
2 7
2 8
2 2
2 6
3
9 3 3
1
1 2 3
1
4
7
1 1 4
1 1 3
2 0
1 1 4
1 1 0
1 1 2
2 3
4
78 55 24 57
1
2 37
3
0 1 1
1
1 1 4
3
13 8 26
6
1 3 8
1 1 0
2 13
1 3 13
2 16
2 22
1
7
1
2 8
5
7 8 1 7 5
0
4
10 6 0 9
3
2 3
2 3
2 9
5
10 1 7 2 4
5
1 1 8
1 1 2
1 4 8
1 1 7
1 1 8
2
3 3
3
1 1 3
1 2 2
2 0
5
55 35 14 62 86
3
2 97
1 5 64
1 3 53
3
1 1 4
3
1 3 1
1 2 2
1 3 0
4
30 5 26 8
2
2 25
1 3 2
1
2
3
2 8
1 1 4
2 1
1
4
0
4
4 0 8 7
3
2 1
2 0
2 7
4
7 0 3 5
2
1 4 9
1 3 1
1
5
7
1 1 4
1 1 3
2 4
2 0
2 2
1 1 2
2 5
4
2 34 4 28
3
1 4 21
2 2
2 43
2
0 1
2
2 3
1 1 2
1
2
1
1 1 4
1
10
4
2 3
2 5
1 1 1
2 7
5
0 8 10 10 5
0
1
3
4
2 2
2 8
2 0
2 1
2
3 7
6
1 1 4
1 2 5
1 1 4
1 2 8
1 2 4
1 1 4
2
4 0
4
1 2 0
1 2 0
2 3
1 2 3
5
84 31 99 59 55
3
2 47
2 58
2 79
2
0 1
3
1 2 3
1 2 1
2 2
1
19
3
2 1
1 1 11
1 1 14
1
0
1
1 1 10
2
2 10
0
1
7
4
2 1
2 1
2 6
2 6
5
2 0 7 4 7
4
1 4 7
1 4 7
1 5 0
1 1 10
1
2
4
1 1 2
1 1 5
2 5
1 1 5
5
10 76 89 37 50
4
2 3
2 38
2 23
2 83
3
3 0 0
2
1 2 4
2 0
1
13
2
2 11
2 4
1
1
2
1 1 2
2 6
2
4 9
0
3
3 5 3
6
2 4
2 0
2 9
2 2
2 2
2 9
2
2 10
1
1 2 9
1
2
7
1 1 4
2 5
2 4
1 1 4
1 1 0
2 3
2 5
2
60 25
6
2 61
1 2 7
1 2 24
2 43
1 1 21
1 2 94
2
1 4
6
1 1 3
1 1 1
2 1
2 3
1 2 3
1 2 3
2
26 7
1
2 19
1
6
2
1 1 10
1 1 0
4
3 7 3 8
0
3
2 4 9
3
2 0
2 3
2 4
3
1 1 10
4
1 2 9
1 1 5
1 2 6
1 2 7
1
5
4
2 4
2 1
2 4
1 1 4
5
71 85 61 49 69
6
1 4 26
2 63
2 66
1 3 24
1 4 57
1 1 97
3
2 0 2
4
2 1
1 2 0
1 1 4
1 1 1
4
3 15 14 12
4
1 4 13
1 2 5
1 1 21
2 22
1
4
3
1 1 0
1 1 2
1 1 9
2
1 0
0
3
4 9 3
2
2 9
2 6
3
4 7 5
6
1 1 10
1 1 3
1 3 0
1 1 1
1 1 7
1 3 10
1
2
7
2 3
1 1 3
2 2
1 1 4
2 4
2 5
2 3
5
43 29 45 85 67
4
1 4 74
2 90
1 4 54
2 72
3
3 1 3
5
1 1 2
1 3 3
2 1
2 1
2 0
1
19
2
2 30
1 1 14
1
5
2
2 1
1 1 10
1
8
0
2
9 6
3
2 9
2 4
2 1
5
6 8 1 8 3
5
1 4 10
1 2 6
1 1 3
1 3 1
1 3 10
1
5
4
2 3
1 1 3
1 1 1
2 4
4
8 59 57 97
2
2 100
2 23
1
3
3
2 2
1 1 1
1 1 2
2
3 1
2
1 2 24
1 2 4
1
8
1
2 5
2
5 7
0
5
8 8 10 1 4
5
2 9
2 1
2 3
2 2
2 7
1
10
5
1 1 3
1 1 3
1 1 9
1 1 0
1 1 6
2
2 3
4
1 1 1
2 4
2 2
1 1 1
5
35 86 45 2 56
2
1 4 2
1 2 18
3
4 2 1
2
2 1
2 4
1
17
5
2 25
1 1 14
2 8
1 1 10
1 1 30
1
3
2
2 6
1 1 10
3
8 5 9
0
4
2 10 4 2
6
2 10
2 0
2 8
2 8
2 10
2 5
5
2 4 6 7 2
2
1 2 8
1 4 5
2
1 0
4
1 2 1
1 1 0
2 5
2 5
4
77 85 97 38
3
1 4 20
2 28
1 2 87
3
4 1 2
6
2 0
1 3 3
1 3 1
1 3 4
2 3
2 4
4
4 14 18 20
2
2 28
1 3 22
1
6
1
2 0
2
5 5
0
5
3 9 3 7 0
5
2 3
2 7
2 6
2 6
2 4
4
4 2 3 8
6
1 3 4
1 1 10
1 2 0
1 4 0
1 2 4
1 4 2
1
5
7
1 1 2
2 2
2 0
1 1 4
1 1 3
2 5
1 1 0
4
45 1 82 19
1
2 61
3
3 0 2
5
2 1
2 0
2 0
1 1 3
1 2 3
2
17 11
5
2 0
1 1 3
1 2 27
1 1 0
1 1 19
1
6
1
1 1 2
2
9 0
0
5
0 7 10 8 8
6
2 10
2 1
2 7
2 6
2 9
2 7
2
9 3
6
1 1 10
1 2 0
1 1 10
1 1 4
1 1 9
1 1 4
2
3 1
3
2 4
1 2 4
1 1 4
4
30 52 47 41
7
1 3 36
1 3 56
2 49
2 27
1 1 88
1 4 74
2 73
1
0
5
1 1 2
1 1 1
2 0
2 0
1 1 1
2
22 10
4
1 2 6
1 2 17
2 9
1 1 4
1
0
4
2 5
1 1 2
2 0
1 1 7
5
7 1 0 9 5
0
5
0 10 2 3 5
3
2 0
2 5
2 6
4
2 8 4 3
5
1 2 7
1 1 1
1 2 10
1 3 1
1 4 0
1
5
4
2 4
2 2
1 1 2
2 2
5
55 9 80 80 36
3
1 1 74
1 1 1
2 98
1
3
2
2 2
2 4
2
5 15
6
2 24
1 2 21
2 14
2 19
2 15
2 13
1
10
3
2 9
1 1 10
2 9
2
0 10
0
2
10 4
3
2 1
2 8
2 8
2
0 10
4
1 2 4
1 1 9
1 1 10
1 2 0
1
4
4
1 1 1
2 4
2 3
2 2
3
91 88 22
5
2 57
1 1 28
2 35
1 3 3
1 2 87
3
0 4 1
4
2 0
2 0
1 1 4
2 0
1
7
4
2 27
2 11
2 28
2 1
1
0
4
2 5
2 0
2 1
2 5
4
1 4 3 9
0
1
2
4
2 1
2 4
2 7
2 9
5
0 1 3 5 1
1
1 4 6
2
4 0
3
1 2 5
1 2 3
2 3
4
27 72 55 11
3
2 55
2 82
2 94
3
3 4 4
3
2 3
1 1 1
1 2 2
3
11 11 2
4
2 21
2 14
1 2 14
1 2 26
1
8
5
2 6
1 1 5
1 1 0
2 10
2 10
1
1
0
1
4
2
2 3
2 0
2
6 4
5
1 1 2
1 1 9
1 2 3
1 2 2
1 2 9
1
0
5
1 1 2
1 1 0
1 1 0
2 2
2 1
5
42 43 100 22 95
5
2 14
2 54
2 31
2 33
2 46
1
0
6
1 1 4
2 4
1 1 0
2 0
1 1 0
2 4
3
18 17 8
3
2 6
1 2 27
1 3 27
1
9
4
1 1 8
1 1 7
2 5
2 9
5
4 3 9 8 0
0
3
8 5 6
5
2 3
2 1
2 7
2 5
2 7
5
10 6 5 10 0
6
1 4 6
1 2 0
1 4 9
1 2 2
1 1 2
1 1 5
2
2 1
4
1 1 0
1 2 2
1 2 5
2 3
2
84 94
4
2 53
1 2 71
2 66
1 2 31
3
4 2 1
6
1 1 1
1 2 1
2 4
2 4
1 1 0
2 0
1
26
5
1 1 25
2 6
2 9
2 15
1 1 6
1
5
5
2 10
1 1 1
2 7
2 4
2 1
4
9 2 2 4
0
4
6 2 8 0
4
2 0
2 4
2 7
2 0
3
6 5 6
6
1 1 8
1 1 4
1 1 10
1 3 6
1 3 9
1 3 1
2
4 4
5
2 2
2 5
2 4
2 3
1 2 1
2
50 34
4
1 2 6
1 2 30
2 21
2 35
2
4 1
3
2 3
2 0
1 1 0
4
25 29 27 4
2
2 21
1 3 21
1
8
1
2 4
1
6
0
5
5 1 3 10 6
5
2 8
2 4
2 10
2 7
2 2
3
2 2 7
2
1 2 10
1 1 10
2
4 4
4
1 2 3
1 1 1
1 1 2
1 1 1
3
95 0 40
7
1 3 31
1 2 31
1 1 68
1 3 0
1 2 85
1 1 86
2 55
3
4 4 1
6
1 1 1
1 2 4
1 2 2
2 2
1 1 3
2 1
2
19 5
1
1 1 25
1
9
5
2 3
2 3
1 1 5
1 1 6
1 1 8
4
1 2 4 1
0
1
8
5
2 6
2 10
2 6
2 7
2 3
3
9 8 6
3
1 2 5
1 2 0
1 3 7
2
5 4
5
2 0
1 2 2
1 1 0
2 4
2 5
4
97 0 99 26
3
2 60
2 47
2 74
2
0 0
3
1 1 1
1 1 0
1 1 4
3
23 7 25
2
2 11
1 1 28
1
7
2
1 1 6
2 9
1
4
0
2
10 1
2
2 7
2 1
4
1 8 3 3
4
1 4 6
1 2 1
1 3 10
1 4 8
2
4 2
4
2 2
2 3
2 4
1 2 5
3
11 16 40
2
2 21
2 96
2
1 0
6
2 4
1 2 2
1 2 1
2 0
1 1 3
2 2
3
21 23 20
5
2 15
2 29
1 1 12
2 15
1 3 10
1
3
5
1 1 1
1 1 6
2 5
2 10
1 1 3
3
9 7 4
0
3
2 2 2
5
2 1
2 7
2 7
2 5
2 3
3
0 3 4
1
1 2 8
1
0
4
2 3
2 0
2 4
1 1 2
3
29 17 15
5
2 79
1 1 57
2 88
1 2 77
1 1 63
2
0 4
4
2 1
1 2 3
2 4
2 0
2
30 24
4
1 2 4
2 25
1 2 16
2 20
1
7
4
1 1 7
2 0
2 1
1 1 5
3
1 9 1
0
3
8 1 3
5
2 3
2 7
2 1
2 3
2 2
2
8 5
2
1 2 7
1 2 8
2
1 1
6
1 1 5
1 1 0
2 4
2 4
2 3
1 2 0
5
17 91 33 85 49
6
1 1 39
1 2 93
1 3 5
1 1 21
1 2 3
1 2 22
3
2 0 0
4
2 1
2 1
1 1 0
1 1 0
3
11 23 7
2
1 3 16
1 3 22
1
8
1
1 1 10
2
6 10
0
4
4 7 0 4
4
2 5
2 8
2 3
2 4
4
5 9 2 6
1
1 2 7
1
4
3
2 1
1 1 2
2 4
5
18 81 97 27 0
6
1 2 38
2 19
2 28
2 78
2 1
1 2 67
3
0 3 1
6
2 1
1 2 0
1 1 2
2 3
2 0
2 1
4
22 0 20 21
6
1 2 13
1 2 17
1 4 30
1 4 11
1 1 6
1 2 6
1
4
2
2 1
2 0
2
3 3
0
5
6 3 5 3 5
5
2 2
2 7
2 1
2 9
2 1
2
2 6
1
1 1 0
2
4 1
7
1 1 4
2 2
2 0
1 1 4
1 2 1
1 2 1
2 5
4
66 32 12 45
4
2 72
1 4 37
2 16
2 32
3
0 0 3
5
2 3
1 2 3
1 2 1
1 3 3
1 1 2
3
30 13 29
3
2 27
1 3 0
1 3 5
1
1
2
2 1
2 4
1
10
0
2
9 7
1
2 10
2
6 7
1
1 2 4
1
4
4
1 1 1
2 4
2 2
2 0
3
85 32 50
3
1 1 66
1 2 41
2 35
2
1 1
5
2 0
1 1 4
2 1
1 2 2
1 1 4
3
16 3 15
1
2 7
1
8
4
2 5
1 1 7
2 8
2 9
5
2 7 3 0 10
0
4
0 2 5 0
4
2 2
2 3
2 7
2 7
3
10 10 8
4
1 1 10
1 2 8
1 1 6
1 2 4
2
4 5
6
2 2
1 2 3
1 1 5
1 2 4
1 1 4
2 0
4
0 46 55 59
4
2 34
1 4 93
1 1 23
2 68
1
4
1
1 1 2
4
20 10 13 3
5
2 6
2 8
2 17
2 6
1 2 27
1
1
3
1 1 4
2 9
2 6
4
7 9 1 5
0
3
0 0 7
5
2 3
2 5
2 7
2 2
2 6
1
1
5
1 1 6
1 1 5
1 1 8
1 1 9
1 1 6
2
0 3
5
2 2
1 2 1
2 1
2 1
1 1 3
4
53 61 53 91
7
1 2 68
1 2 11
2 49
1 4 42
2 85
1 3 63
1 2 33
2
2 4
4
1 2 1
2 2
1 2 3
1 2 1
3
9 2 10
1
1 3 3
1
7
5
2 3
1 1 0
2 4
2 7
1 1 7
1
3
0
1
9
1
2 3
5
4 10 3 5 1
1
1 2 4
1
1
6
2 3
2 0
2 0
2 5
1 1 3
2 5
5
10 2 99 71 70
6
1 2 88
1 5 76
2 38
2 20
2 40
2 36
1
0
5
1 1 0
2 3
1 1 1
2 1
1 1 2
2
7 17
2
2 23
2 23
1
1
3
2 3
2 7
2 5
1
3
0
3
9 2 9
2
2 10
2 3
1
5
5
1 1 2
1 1 6
1 1 0
1 1 7
1 1 10
2
0 3
4
2 5
1 1 5
2 4
1 2 4
2
28 70
8
1 2 89
1 1 91
2 72
2 11
1 1 72
1 2 87
2 80
2 72
1
1
2
2 3
1 1 3
1
27
3
1 1 15
1 1 24
1 1 10
1
6
5
1 1 6
1 1 6
1 1 3
2 1
2 2
2
8 8
0
2
0 10
6
2 2
2 8
2 10
2 2
2 6
2 7
4
2 8 8 5
3
1 2 10
1 1 3
1 3 2
2
4 1
6
1 2 2
1 2 3
1 1 0
2 0
1 1 2
1 2 5
5
38 69 6 4 74
8
1 2 52
2 70
1 2 80
2 25
2 6
2 10
2 84
1 1 28
3
2 3 4
6
1 2 4
2 1
2 1
2 0
1 2 0
1 3 0
3
21 17 24
2
1 1 12
2 6
1
9
1
2 7
5
2 10 4 7 1
0
3
7 10 2
1
2 9
5
2 3 10 3 2
3
1 5 3
1 4 6
1 2 2
1
2
3
2 0
1 1 0
2 4
4
84 2 16 88
8
1 2 28
1 4 43
1 1 32
2 23
1 2 66
1 3 33
1 4 10
1 3 99
1
3
5
2 0
1 1 2
2 4
2 4
2 2
3
17 6 17
3
1 1 14
2 4
1 2 18
1
8
5
1 1 1
2 7
1 1 10
1 1 9
2 4
2
6 7
0
1
8
1
2 7
2
5 5
3
1 2 5
1 2 1
1 2 8
1
3
7
2 2
2 2
2 0
2 2
1 1 2
2 4
2 2
2
100 18
7
1 1 39
1 2 8
2 8
2 89
1 1 58
1 2 31
2 52
2
1 1
2
1 1 1
1 1 2
3
30 24 16
1
2 4
1
0
4
1 1 4
2 9
2 5
2 2
5
5 0 6 7 6
0
5
0 1 5 6 7
2
2 3
2 10
1
3
5
1 1 7
1 1 0
1 1 9
1 1 9
1 1 5
1
4
5
1 1 5
1 1 4
1 1 1
1 1 3
2 3
3
94 71 1
1
2 82
3
2 1 0
4
1 3 3
2 4
2 3
2 1
1
16
6
1 1 21
2 0
1 1 13
2 11
1 1 20
2 22
1
0
2
1 1 6
1 1 2
3
2 10 5
0
5
2 5 9 8 10
6
2 4
2 0
2 5
2 1
2 7
2 8
4
3 8 1 3
1
1 3 0
2
4 4
5
1 2 4
1 2 0
1 1 1
2 1
2 3
3
40 14 72
7
1 1 78
1 2 75
1 2 52
1 3 51
1 2 57
2 73
1 3 40
1
2
2
2 4
1 1 2
4
13 12 1 6
3
2 16
2 28
1 1 4
1
7
5
2 5
1 1 3
1 1 8
2 9
2 5
4
0 7 4 5
0
5
9 9 6 2 5
3
2 10
2 5
2 9
2
8 1
6
1 2 7
1 2 6
1 2 6
1 2 6
1 2 5
1 2 10
1
3
5
1 1 3
1 1 4
1 1 3
1 1 2
2 4
4
24 93 40 80
6
2 3
2 99
2 30
1 3 49
2 37
2 89
1
2
1
2 1
4
2 5 27 9
3
2 2
2 6
1 1 18
1
2
5
1 1 1
1 1 5
2 4
1 1 3
1 1 6
1
4
0
1
2
6
2 8
2 9
2 3
2 7
2 5
2 9
2
7 8
2
1 2 10
1 1 10
2
3 5
5
2 4
2 4
1 2 3
2 1
2 0
5
29 58 22 4 43
1
1 3 64
3
2 4 3
2
2 0
1 2 0
3
2 13 7
5
2 19
1 3 18
2 10
2 17
1 1 15
1
7
3
1 1 3
2 10
2 6
1
6
0
4
4 9 0 2
4
2 1
2 4
2 9
2 8
4
3 4 8 7
6
1 1 10
1 2 5
1 4 0
1 4 4
1 4 5
1 2 0
1
3
3
2 1
2 4
2 3
2
18 33
2
2 56
2 78
