50000
772 135 24
640 729 861
423 553 525
563 279 326
818 293 723
193 944 365
709 507 869
365 222 190
681 435 974
85 96 246
570 75 392
428 45 186
995 314 382
494 106 531
42 712 27
892 671 937
498 907 895
867 848 425
653 500 313
398 100 183
473 297 974
206 607 329
448 826 947
701 561 281
669 738 441
123 510 562
524 434 911
170 533 9
400 613 243
132 5 190
179 183 231
612 436 62
821 307 45
231 829 199
59 791 530
168 263 417
389 209 659
852 159 244
782 26 461
115 878 546
852 153 942
982 555 623
498 720 376
13 60 473
328 623 20
638 693 841
643 453 750
910 898 106
9 450 913
410 344 112
138 560 145
267 208 491
58 424 744
640 493 123
204 321 619
481 209 252
774 527 785
779 981 484
842 984 361
989 108 548
2 248 393
903 202 162
755 800 655
105 321 801
416 33 118
546 214 875
321 483 901
928 414 733
931 786 411
327 519 887
143 678 462
563 307 286
440 719 220
899 465 267
427 484 47
364 767 259
908 190 182
769 275 391
239 258 857
926 527 344
168 948 233
166 965 254
773 179 976
554 963 160
147 955 965
813 155 394
864 438 465
3 69 59
411 502 332
186 481 69
810 137 957
727 440 366
154 600 352
300 823 780
984 378 714
164 661 411
670 864 34
190 897 244
534 828 603
364 152 821
173 735 3
773 221 854
701 682 939
991 669 652
820 572 201
908 948 758
203 685 999
172 255 799
38 99 740
518 423 882
607 261 843
187 669 850
616 481 244
292 615 227
383 283 445
787 643 60
435 676 303
449 167 491
813 300 716
304 411 634
435 839 252
950 934 716
335 152 121
327 756 889
382 361 288
293 58 980
462 777 988
512 273 140
872 405 287
680 605 880
549 668 3
728 188 252
722 996 905
154 979 894
504 806 251
872 471 842
264 418 840
154 865 368
669 627 381
562 718 945
489 268 353
822 587 899
326 240 705
248 756 126
846 126 351
56 548 571
851 359 641
922 62 511
831 349 546
88 785 936
513 20 727
585 419 981
953 837 883
160 851 25
424 88 473
446 127 125
526 828 111
124 878 596
673 62 961
460 291 371
703 178 441
837 570 328
168 110 152
228 332 215
733 241 312
254 106 750
272 450 739
153 966 545
862 479 840
770 72 327
158 594 636
940 808 879
235 744 237
87 769 499
110 22 101
605 181 184
463 924 315
553 716 761
462 127 227
568 410 21
773 600 214
331 177 536
167 617 816
604 357 189
70 831 511
721 232 544
850 956 614
855 762 498
196 822 378
679 589 247
914 911 140
614 344 105
273 196 809
814 89 595
853 236 448
661 282 720
853 607 615
152 749 357
60 40 64
194 262 746
841 667 168
10 178 831
233 346 979
280 675 448
937 127 821
123 297 758
396 181 938
500 722 16
506 700 925
507 99 380
92 328 43
955 206 625
580 503 706
469 745 774
302 270 952
195 647 106
340 398 692
128 847 702
113 414 289
644 413 574
889 868 942
95 421 526
544 529 996
429 125 739
534 439 656
26 802 386
297 458 938
184 183 539
72 155 392
916 427 990
526 141 967
492 783 353
933 647 960
187 755 47
393 452 883
659 307 57
850 312 191
947 559 741
909 52 710
91 800 684
268 156 806
756 520 868
841 162 729
152 146 737
940 521 413
722 49 339
835 655 677
123 769 209
652 703 359
698 629 282
836 610 279
133 32 30
750 644 531
828 100 165
875 392 611
929 288 985
144 845 389
70 63 468
85 969 148
449 985 448
780 423 899
345 251 848
564 44 87
727 753 343
830 851 317
870 968 186
268 181 348
351 851 70
768 435 495
900 603 315
508 597 129
61 18 317
775 408 909
101 17 910
638 198 725
869 605 375
699 164 355
110 466 873
379 869 653
951 468 302
148 8 940
467 796 793
360 552 5
823 708 983
939 841 390
847 68 197
587 483 997
35 872 1
958 138 511
933 39 291
879 975 670
754 503 162
468 820 3
246 605 683
590 27 13
148 776 61
162 918 676
205 141 392
255 191 619
536 135 852
374 518 713
604 466 784
647 135 473
233 478 503
436 899 642
734 416 756
873 831 414
472 698 382
67 619 182
856 402 321
575 533 142
824 841 750
876 583 741
485 606 391
808 418 385
91 361 110
939 647 351
36 874 605
495 18 485
165 120 593
170 799 571
185 390 415
263 12 57
278 428 426
769 560 818
509 685 880
823 92 128
964 123 124
620 961 376
8 791 908
102 905 758
302 663 623
431 690 80
816 910 993
418 290 274
171 978 427
353 90 549
181 862 572
608 155 983
15 959 17
509 734 533
391 819 610
15 817 577
57 351 893
703 789 352
235 306 148
418 610 128
85 346 568
248 683 195
106 130 355
194 815 6
573 954 14
363 92 631
768 618 998
691 935 975
132 826 816
513 506 511
596 726 876
29 708 719
337 195 505
941 832 771
276 922 131
801 933 201
686 836 403
481 638 841
928 39 331
810 850 65
255 397 370
139 585 222
542 411 475
375 855 994
261 313 182
455 943 453
907 905 912
508 997 61
25 855 706
673 842 314
32 676 103
458 453 560
231 463 661
601 10 109
534 139 85
949 777 665
766 171 378
999 21 916
600 342 258
115 251 631
804 252 498
719 397 602
235 840 456
154 99 47
359 46 913
147 869 789
652 647 709
629 274 100
45 732 329
384 288 619
321 214 121
550 142 579
931 85 94
388 793 979
795 734 523
524 194 308
454 441 893
6 698 919
944 613 666
491 341 34
607 251 482
825 106 993
646 16 870
500 224 186
27 964 250
976 943 659
773 260 948
626 373 165
71 165 968
482 982 883
187 189 240
815 459 913
957 476 353
784 794 240
778 568 587
432 471 369
525 380 20
609 693 677
756 692 287
200 425 298
898 91 926
253 276 468
612 167 172
880 809 566
227 546 323
104 686 349
419 346 467
89 969 582
875 737 625
40 455 77
793 307 632
990 596 931
112 239 740
624 128 707
541 804 597
665 992 188
142 541 425
776 703 227
21 379 781
391 189 214
246 288 626
741 93 839
581 257 937
158 832 54
834 898 196
447 60 837
487 670 729
526 839 23
299 968 20
573 800 716
274 268 291
995 920 687
683 184 365
58 42 794
941 85 953
537 690 213
149 125 746
746 877 823
511 795 732
968 356 975
393 238 126
241 45 970
329 876 683
894 802 944
6 222 523
39 743 524
365 364 100
789 541 112
611 750 606
398 702 948
772 624 884
883 388 795
586 423 764
686 97 529
692 360 328
545 691 795
565 593 28
80 527 709
153 681 895
296 215 584
308 40 465
719 363 170
727 328 606
757 373 877
471 98 687
860 952 297
566 378 685
589 101 479
745 435 822
274 549 755
807 553 743
746 771 65
895 792 4
690 472 983
877 691 429
95 141 909
705 110 359
359 940 559
578 400 719
229 335 1
974 88 493
548 680 979
193 85 570
305 521 543
79 447 60
342 718 654
672 124 772
586 693 198
463 199 580
683 152 647
414 133 718
548 255 628
354 705 835
747 565 44
410 185 752
220 887 976
784 452 992
282 234 331
980 355 194
664 777 199
895 425 825
37 642 810
977 726 300
978 389 366
667 157 980
839 71 917
8 546 140
740 552 948
758 983 62
676 25 874
225 507 424
148 124 704
359 591 564
267 880 636
895 789 943
513 426 735
819 989 510
927 626 454
365 493 818
847 642 240
851 842 563
443 576 710
82 405 131
807 879 912
946 336 238
42 162 765
123 415 150
520 945 184
149 703 140
296 877 269
907 624 484
668 897 498
179 711 596
894 368 353
967 360 871
455 446 281
710 677 440
643 842 961
646 955 984
426 801 36
267 190 336
809 521 865
163 151 112
327 118 729
89 676 727
280 919 828
890 206 735
660 320 585
742 451 690
512 675 653
112 57 332
123 573 73
929 231 216
121 561 449
99 19 398
873 84 970
628 419 532
869 870 287
235 214 266
845 945 336
389 912 539
194 493 978
346 551 105
144 915 673
109 460 731
881 459 357
884 540 105
278 92 827
731 702 448
238 311 304
280 898 155
414 615 349
427 341 998
740 194 398
800 329 115
981 659 283
788 4 908
993 35 229
178 842 14
343 406 514
572 426 743
972 768 198
737 26 40
930 896 912
514 693 3
224 172 836
293 995 56
133 876 3
233 206 334
989 473 892
925 253 221
882 638 786
612 460 649
927 510 564
146 382 227
64 553 104
59 37 703
582 837 462
836 868 839
153 302 657
798 599 140
943 924 316
242 86 946
758 136 169
279 918 802
724 13 383
160 697 578
708 355 890
269 717 173
327 252 994
515 67 250
470 689 623
979 728 838
535 422 544
613 550 617
276 341 112
399 3 763
805 866 314
109 720 744
543 434 991
42 165 450
457 602 527
305 625 28
380 115 165
200 825 728
768 297 976
913 110 264
234 320 857
548 650 213
646 718 159
539 446 651
829 767 895
921 5 498
504 12 349
565 765 826
27 903 881
14 717 250
264 98 518
233 745 935
723 948 148
334 511 942
508 478 523
186 544 41
575 618 869
565 791 178
92 961 595
390 100 131
324 87 507
979 22 920
678 700 794
825 238 605
607 649 572
693 220 435
431 413 132
813 901 37
145 654 252
231 708 637
110 314 221
313 812 586
474 738 656
375 838 846
573 262 815
812 617 926
169 391 637
165 378 868
367 937 998
471 339 181
48 526 149
78 244 765
715 175 395
33 80 385
312 423 288
311 789 480
149 990 1000
379 70 397
471 663 356
124 84 400
707 232 799
467 149 23
521 614 99
315 473 775
630 292 81
248 941 189
18 350 372
482 218 683
746 901 637
388 621 406
451 639 474
212 440 963
244 296 705
493 242 76
316 697 42
460 224 691
982 890 702
958 81 685
179 83 735
981 516 734
424 490 688
783 346 981
902 409 35
350 111 375
735 133 241
327 457 425
301 50 683
605 762 481
237 505 308
74 859 461
345 809 735
291 452 932
307 723 885
407 239 54
354 245 929
675 829 734
537 420 944
867 913 817
666 321 547
933 11 72
645 685 654
884 234 561
308 341 335
426 650 63
837 497 82
290 427 671
668 132 869
867 392 354
472 395 758
763 167 588
346 342 858
50 788 386
217 441 193
803 924 895
185 404 30
514 868 801
974 298 55
605 964 30
71 498 293
839 359 541
590 948 275
192 357 962
364 879 414
589 243 859
229 120 263
255 261 391
986 721 189
417 29 931
244 549 514
20 694 926
775 335 685
56 167 327
449 246 935
617 704 519
356 349 479
634 1000 257
743 867 864
876 470 283
306 556 316
109 580 596
486 716 207
684 780 630
873 512 747
418 721 512
777 259 547
824 945 602
638 193 804
115 800 941
873 713 394
267 418 288
471 878 406
237 821 692
954 404 885
707 210 881
812 574 554
572 893 165
862 224 622
205 186 381
280 754 262
482 945 278
767 572 611
21 40 757
465 41 363
629 727 835
978 215 912
499 409 237
395 99 219
278 626 129
946 962 944
522 83 75
235 346 990
773 538 400
977 411 784
146 324 954
765 801 181
570 875 514
281 280 626
27 230 126
130 833 54
320 66 906
634 466 187
494 520 597
227 447 81
455 573 639
880 250 997
96 748 386
839 826 445
462 282 692
63 251 742
417 698 773
239 508 523
657 307 561
198 715 953
783 365 988
100 356 883
511 824 194
633 910 847
766 486 798
997 49 802
828 893 584
754 192 211
226 636 420
198 885 213
788 705 562
58 518 550
343 499 2
146 666 620
664 361 905
942 194 552
118 842 135
775 917 35
71 70 314
986 679 661
625 621 707
804 687 709
929 314 464
895 563 402
819 345 748
358 630 771
821 595 48
8 285 955
906 830 928
1000 113 772
602 351 555
705 974 333
530 602 642
928 157 318
888 693 439
95 642 82
485 269 649
523 117 928
642 469 831
10 441 295
871 529 707
827 299 323
60 249 893
129 160 902
806 900 788
820 467 331
208 525 257
607 433 507
419 82 753
789 86 65
674 825 194
810 492 924
466 929 226
402 434 206
4 580 10
462 86 788
191 753 571
760 805 590
340 249 184
187 989 961
219 902 26
953 263 193
93 339 787
771 594 813
700 917 841
762 706 837
108 37 258
836 71 951
312 662 314
915 194 443
841 657 690
249 721 220
528 639 217
606 566 119
273 775 80
279 942 437
453 643 94
882 191 510
352 54 961
988 244 376
814 482 612
453 286 810
731 869 525
83 746 168
362 949 934
481 726 521
469 394 92
548 883 581
574 357 178
401 404 294
413 689 868
568 740 461
411 267 494
61 956 254
640 601 92
286 436 13
438 147 246
352 698 382
925 542 816
596 913 653
624 737 356
710 367 878
617 734 666
470 856 249
246 421 258
782 422 187
205 798 868
214 893 96
564 256 815
467 875 589
441 485 124
794 774 327
114 453 575
953 539 322
77 600 112
247 64 984
811 568 368
440 618 564
314 388 171
429 129 384
698 641 120
24 431 440
98 396 509
237 341 597
628 496 880
967 219 65
703 491 482
850 890 405
445 378 986
182 521 132
798 868 846
627 570 582
92 838 331
435 235 830
353 297 691
546 886 717
742 949 935
724 252 545
549 787 567
83 488 117
437 794 564
119 61 739
79 71 409
386 804 871
602 255 456
778 951 34
251 2 410
991 289 484
561 584 765
489 880 442
245 502 61
748 28 457
677 182 401
926 743 635
256 651 41
335 110 843
320 105 37
643 566 505
348 441 656
833 947 663
573 928 820
388 849 150
650 142 825
443 424 363
525 38 979
780 362 578
236 670 124
419 307 0
303 744 115
802 30 822
50 540 975
92 181 290
434 44 598
849 881 239
740 205 575
248 480 151
324 46 123
156 161 987
588 503 725
161 972 140
404 537 343
307 989 345
118 715 592
511 924 37
329 480 844
732 191 695
888 796 769
196 932 751
442 353 675
281 474 792
757 676 48
901 364 142
685 84 475
428 596 929
399 117 842
456 83 576
262 491 865
548 312 759
808 696 886
717 249 692
623 59 146
986 151 441
42 875 357
429 224 859
563 817 73
86 121 53
954 466 900
705 787 211
510 200 150
466 387 589
497 678 322
87 639 118
938 577 942
812 376 896
781 723 639
92 753 399
755 126 530
22 657 374
658 777 691
924 379 472
224 296 218
824 764 731
384 710 944
644 745 737
669 401 960
861 935 479
543 320 89
146 587 130
781 661 336
228 307 117
57 899 946
313 265 174
109 552 565
857 127 369
305 361 845
314 101 586
164 614 752
177 811 493
23 676 803
781 929 3
556 38 169
81 866 737
323 358 926
380 652 672
986 115 976
558 503 146
984 324 989
966 521 347
239 546 969
468 776 273
224 833 675
6 168 890
457 722 859
119 794 842
268 327 974
786 457 631
196 402 836
487 981 712
682 569 796
275 529 521
814 115 550
40 694 470
150 304 412
573 720 136
321 113 534
173 996 840
827 453 802
705 416 96
653 614 205
307 725 982
94 493 329
153 438 576
116 17 606
502 365 734
649 169 475
848 829 44
224 510 490
216 685 661
8 823 372
259 257 30
824 968 654
442 707 890
646 786 618
431 682 529
750 979 253
12 226 86
7 263 411
774 728 945
16 195 228
528 479 320
361 105 7
457 54 985
147 41 553
809 116 718
898 191 683
797 297 437
758 866 931
959 36 46
43 154 787
647 267 662
143 695 310
315 390 530
121 384 374
68 244 937
692 403 289
62 114 484
0 273 774
762 578 381
856 165 212
595 930 537
877 399 738
54 2 542
124 807 10
720 243 821
643 642 350
419 666 135
546 289 721
692 831 262
191 178 194
856 553 462
643 336 957
729 596 862
154 324 90
145 545 284
823 276 392
883 579 382
656 137 882
945 511 957
796 939 811
621 352 867
34 161 418
908 983 594
326 99 632
412 278 352
308 556 239
125 74 494
337 981 173
660 281 582
146 144 645
174 51 247
348 834 240
640 868 793
192 189 638
613 181 463
417 494 370
1000 702 432
603 913 707
649 368 182
970 843 131
751 358 86
802 403 919
647 629 223
189 668 712
621 125 245
3 388 414
637 238 595
471 964 173
760 168 150
574 439 119
969 976 99
278 169 283
67 205 166
661 407 796
959 592 325
85 598 616
332 494 487
230 196 992
855 889 182
507 89 461
101 940 538
921 698 839
647 85 597
960 464 987
678 635 95
363 233 889
732 263 917
563 107 189
297 852 854
441 915 861
557 268 216
484 703 60
81 997 560
685 828 293
465 942 291
774 430 361
302 776 58
465 243 571
941 379 873
923 796 613
581 64 889
30 322 801
88 740 293
785 404 260
390 588 516
521 242 951
952 470 893
847 247 589
998 301 161
814 916 27
499 526 439
388 699 946
889 617 192
470 932 211
500 832 955
53 595 849
926 855 724
517 459 944
191 817 928
82 233 144
871 782 601
106 46 535
280 211 861
275 667 379
503 80 368
259 214 734
341 80 951
797 189 681
622 794 943
753 680 23
468 493 995
455 684 890
420 697 680
66 437 54
296 492 672
488 71 215
361 812 933
68 879 541
323 807 455
320 727 680
289 773 364
918 825 932
826 247 903
3 549 139
511 534 764
999 347 451
273 864 484
117 225 63
939 342 867
459 599 756
699 833 767
532 884 8
885 283 411
145 931 298
591 959 289
155 880 194
681 150 43
570 113 225
654 761 761
281 534 814
622 564 262
22 305 338
120 839 733
245 953 361
30 59 561
44 368 525
551 638 529
402 165 368
815 756 248
95 173 323
67 727 564
885 962 105
401 517 806
71 538 303
228 498 602
477 732 173
782 806 425
548 91 144
556 611 456
402 789 973
54 712 570
715 502 914
133 240 803
654 386 817
441 506 800
919 283 501
732 912 752
659 213 461
841 651 445
445 549 828
836 746 331
523 915 638
685 113 937
985 430 720
653 984 308
14 448 68
654 791 440
766 316 712
257 776 531
532 45 417
519 393 622
315 360 473
109 196 614
50 502 334
263 979 357
301 525 693
619 581 713
354 375 653
505 69 990
545 944 706
226 97 621
530 588 92
771 711 437
499 255 772
182 910 657
73 871 188
601 594 580
51 545 734
442 766 470
598 639 752
969 521 657
204 611 293
233 668 588
576 776 987
964 438 438
103 261 506
769 346 86
776 518 321
825 366 587
79 676 231
124 654 664
908 368 281
58 938 26
302 108 10
844 615 990
777 666 542
588 843 696
964 776 544
619 686 559
798 936 296
154 345 969
369 366 147
905 142 479
720 206 669
810 528 282
786 257 720
31 644 382
943 335 762
835 898 859
200 675 468
287 156 108
329 664 883
990 106 990
79 521 757
887 438 931
206 739 549
791 171 249
374 136 403
622 46 799
614 532 108
39 369 513
588 759 380
737 339 0
914 140 441
853 567 54
583 664 256
775 208 69
314 240 992
179 367 915
778 591 175
285 766 142
626 256 993
372 91 253
379 239 994
974 921 57
121 823 682
58 109 807
902 578 656
491 104 661
970 628 161
872 139 966
260 540 760
508 78 437
993 473 549
680 529 62
115 914 451
443 877 457
91 713 18
14 706 981
422 2 717
72 399 122
523 172 434
660 821 859
452 40 896
141 303 353
214 452 840
581 940 990
589 549 72
961 657 686
240 203 733
687 803 6
563 514 640
291 325 569
96 152 327
650 435 42
713 398 6
532 856 57
527 877 769
218 905 43
872 353 872
362 681 205
906 745 785
244 806 181
1000 882 582
997 562 33
933 945 602
642 997 551
152 33 121
987 406 571
519 869 277
301 989 339
483 255 538
864 340 729
539 260 454
737 319 769
108 942 292
784 454 43
132 404 147
76 491 8
174 823 487
941 653 17
721 364 998
891 907 98
546 572 77
315 406 84
889 315 945
58 796 905
399 436 221
732 91 381
58 512 330
797 139 60
678 312 583
196 756 824
51 159 106
565 532 547
21 405 306
563 534 802
412 381 826
77 89 599
654 174 685
497 520 305
838 64 64
412 32 512
431 982 957
682 86 740
800 646 982
247 178 963
186 632 727
268 481 954
1000 376 53
494 650 876
471 197 985
606 995 438
264 614 169
491 788 450
100 129 433
983 530 860
297 422 501
831 35 304
155 464 248
496 664 999
243 466 398
704 996 500
676 532 835
203 873 775
387 410 260
122 96 402
398 212 206
726 156 96
664 282 911
456 158 253
562 20 894
878 814 110
453 702 559
501 494 748
446 579 950
373 473 810
849 202 899
821 312 565
467 424 647
208 875 829
109 280 498
222 13 92
171 875 517
872 227 238
864 824 765
688 418 347
980 347 636
481 242 861
421 575 41
261 38 823
737 333 89
222 767 823
313 734 3
150 511 631
415 638 867
757 434 741
543 910 301
581 868 846
248 697 137
879 36 935
270 913 444
711 147 902
250 664 332
536 45 612
621 657 126
249 775 396
716 87 566
142 82 473
871 932 291
353 211 564
322 396 344
992 92 633
968 72 693
387 818 396
169 169 857
585 819 83
625 310 405
110 103 880
369 465 881
650 830 181
500 248 250
674 505 623
364 174 91
578 472 118
122 132 0
285 279 549
772 176 459
916 896 929
364 48 323
906 415 797
987 975 554
91 72 790
613 574 729
818 320 815
575 729 285
30 257 449
909 313 657
39 519 197
296 276 788
130 341 747
504 384 824
776 433 394
109 727 15
787 949 859
497 981 410
0 565 198
92 799 107
43 755 634
376 189 97
675 585 841
729 109 253
19 499 525
291 356 439
787 195 650
356 419 33
850 325 553
211 471 675
709 401 823
218 891 118
232 514 468
723 698 349
386 985 198
749 746 156
679 622 754
535 5 151
961 592 122
219 32 116
570 448 90
157 430 726
301 253 161
876 765 469
450 221 398
879 645 231
219 437 186
488 425 709
345 897 856
769 443 444
403 320 340
474 562 806
530 130 287
829 42 847
115 550 392
657 363 259
515 498 104
683 339 976
625 801 322
964 480 735
739 411 214
906 624 757
925 414 428
450 933 22
111 203 424
978 734 541
365 259 756
691 333 941
999 361 298
132 232 661
178 821 890
808 23 292
654 354 748
302 617 274
848 531 459
941 192 411
640 696 247
380 52 588
988 72 380
348 288 210
350 844 177
352 607 470
604 800 245
2 173 568
116 93 564
841 62 526
250 194 410
874 75 517
834 302 969
402 234 878
11 238 657
34 204 256
492 716 769
854 502 970
911 676 584
476 394 421
425 467 784
165 692 586
55 757 832
207 930 327
482 742 704
468 230 113
818 999 549
258 12 426
155 365 603
155 328 21
452 851 564
772 922 332
269 687 540
697 454 645
759 695 28
42 38 760
670 158 190
126 997 322
234 783 728
380 901 237
666 398 111
166 188 830
837 194 736
11 961 674
219 788 447
975 29 339
573 79 113
850 751 491
597 749 196
739 679 510
117 683 447
714 718 210
297 286 654
759 904 993
675 292 513
145 992 242
154 213 777
536 461 579
716 379 667
563 990 119
427 61 554
371 165 666
119 515 434
540 602 963
889 255 576
933 90 0
803 646 751
682 728 77
981 746 519
549 539 415
450 130 493
454 364 81
186 91 660
493 524 867
418 930 531
936 185 340
363 647 863
323 10 456
560 66 652
929 700 626
35 108 373
656 44 66
722 848 251
156 381 625
459 994 450
572 633 76
376 979 568
465 844 182
345 665 479
676 903 352
173 215 949
65 162 96
906 68 54
321 37 780
306 420 139
587 70 586
852 110 944
613 808 832
429 749 925
319 934 321
557 241 503
983 643 196
685 181 734
47 586 947
549 867 431
108 224 248
659 245 282
762 622 537
870 452 712
820 331 189
644 417 695
415 462 397
133 820 323
864 297 484
492 311 688
157 88 476
278 715 143
415 279 80
570 87 178
149 889 262
950 992 503
948 534 750
447 132 78
49 834 400
877 732 508
15 379 267
545 609 370
262 754 813
369 50 726
677 956 109
502 568 16
471 793 614
832 500 234
518 637 60
893 898 870
395 606 766
192 631 284
649 914 485
939 952 646
857 100 593
344 717 107
633 733 969
855 119 244
83 511 573
373 867 162
753 772 793
178 12 462
784 900 229
958 302 910
561 584 886
612 452 82
527 42 345
406 522 357
549 659 420
324 564 506
964 424 165
923 543 783
921 6 286
965 748 370
334 754 158
521 187 733
290 442 584
903 802 673
134 836 663
544 975 87
616 365 111
901 461 273
954 979 401
12 55 236
199 441 636
135 202 994
523 939 890
955 678 228
568 106 639
965 662 281
116 474 634
337 927 688
600 656 621
28 66 165
863 24 541
343 707 523
779 618 134
496 271 125
278 692 56
188 979 461
564 661 600
832 152 816
306 418 126
300 728 265
558 847 854
43 881 606
243 805 871
119 624 374
368 554 973
439 868 815
829 994 666
890 111 650
552 174 629
846 495 942
36 595 595
337 474 698
825 889 369
282 454 981
568 957 542
40 989 687
99 211 887
289 13 326
899 467 354
0 969 971
895 495 208
836 594 760
981 38 28
412 456 945
160 410 614
476 310 172
889 768 975
383 407 710
537 779 411
415 118 996
858 522 670
511 127 270
994 359 881
871 557 86
338 54 558
282 191 889
145 511 110
27 878 869
479 564 613
821 85 469
27 878 737
252 768 878
672 29 290
512 73 695
664 72 762
673 297 152
648 65 218
797 60 825
139 625 946
123 477 209
382 844 984
479 735 688
466 882 94
974 90 38
50 383 78
3 763 799
90 473 909
176 389 811
183 94 921
875 86 720
123 909 851
19 341 835
370 334 929
564 55 588
39 122 165
724 429 405
693 162 528
746 32 129
918 21 311
579 300 379
459 751 475
567 400 877
725 352 64
966 279 203
782 482 562
655 886 204
887 944 213
977 218 63
956 93 199
549 539 289
946 108 49
140 506 813
914 777 75
133 686 529
670 205 554
103 428 373
553 838 687
341 816 29
88 841 306
749 725 657
155 680 578
329 757 478
485 642 555
11 165 777
1000 742 215
499 230 164
682 343 991
693 318 75
752 298 156
332 152 420
201 204 951
491 376 856
796 106 295
434 628 970
504 815 524
782 692 59
991 109 246
274 972 709
862 851 767
681 968 708
566 719 778
120 49 700
43 465 662
980 656 964
408 262 870
733 357 793
678 999 564
649 101 711
556 695 591
986 60 113
648 707 511
988 740 907
637 418 762
125 578 710
852 228 437
589 668 449
875 853 561
175 920 716
645 272 46
924 298 561
472 420 515
4 121 930
348 105 153
53 535 726
598 177 870
685 906 800
104 173 572
83 301 829
860 137 359
677 899 803
109 656 202
93 360 967
204 318 343
403 145 475
215 313 543
822 959 63
36 923 824
923 15 262
251 788 627
140 893 161
864 368 455
309 463 864
127 806 610
977 735 140
517 64 665
895 356 987
476 133 492
896 160 819
57 73 799
862 979 408
897 931 598
462 892 413
244 537 800
345 125 210
898 423 273
328 951 467
415 453 959
25 508 711
556 700 793
305 196 332
30 489 496
341 799 395
187 939 876
606 487 9
452 609 737
486 710 453
96 681 725
953 899 834
154 708 508
4 188 58
27 664 177
375 861 995
877 618 457
448 21 966
795 794 197
514 912 21
755 819 113
130 736 837
728 268 6
344 801 897
636 536 739
843 429 171
611 991 798
149 663 584
506 734 621
625 779 803
522 613 43
893 482 138
444 532 219
456 536 753
284 483 301
727 220 125
237 731 188
592 723 258
442 6 462
827 304 680
676 252 110
162 560 4
893 963 442
463 432 523
773 868 611
325 788 257
335 987 461
113 830 113
93 144 2
302 980 677
488 459 275
335 497 955
365 318 772
927 566 6
630 524 633
302 304 223
23 451 750
696 416 471
823 43 417
78 212 367
527 500 943
121 992 861
147 544 999
171 98 147
854 778 903
397 631 348
10 474 188
202 423 485
269 828 724
878 791 122
830 108 112
772 716 84
476 86 187
77 506 591
273 635 616
106 257 656
79 207 663
659 707 397
755 528 941
39 521 162
90 333 435
510 919 460
284 710 833
318 395 728
397 125 69
216 104 581
620 79 610
570 392 917
861 0 313
41 747 205
524 704 610
466 555 80
301 324 314
22 974 610
616 844 436
283 613 274
313 831 27
652 311 221
981 50 548
326 849 12
163 13 873
439 283 932
584 660 809
355 820 524
813 962 823
802 664 90
125 575 623
192 127 793
877 928 760
249 289 825
246 565 271
859 802 773
277 445 748
149 446 59
649 60 608
28 470 632
570 895 343
130 672 991
810 802 54
182 380 954
346 342 373
568 198 534
57 335 309
212 964 502
316 487 276
833 772 179
668 181 988
458 419 610
172 622 233
951 432 471
572 340 829
997 143 378
125 314 185
934 285 921
966 908 830
32 970 783
563 880 269
710 2 199
943 867 608
898 8 902
377 417 298
930 196 36
545 787 343
892 7 414
683 932 452
375 760 142
394 286 680
777 176 507
895 636 421
584 820 405
764 542 954
300 933 39
379 496 280
265 1000 326
620 927 260
683 420 530
981 702 648
616 724 482
270 287 449
821 384 373
453 962 326
117 349 775
479 656 216
28 574 680
939 187 897
741 0 357
44 541 263
515 680 580
668 516 193
641 398 493
556 324 133
123 811 597
163 963 77
186 883 658
948 863 763
985 501 121
206 449 668
690 1 28
898 418 179
229 347 387
587 458 440
767 641 89
478 676 394
694 35 358
278 483 8
924 2 341
348 774 539
884 637 551
647 78 538
306 28 291
403 808 421
358 6 59
247 933 745
300 301 618
564 901 56
289 398 768
774 954 456
765 949 30
158 253 385
808 434 654
0 128 101
688 240 830
756 932 465
728 843 6
525 471 750
931 336 706
129 804 585
745 31 994
961 236 880
405 657 98
289 207 595
642 41 174
532 746 453
968 261 243
762 804 771
378 56 97
904 501 306
565 401 868
517 447 178
85 150 58
824 666 226
282 782 144
321 265 52
362 827 357
266 178 747
932 925 553
645 163 723
317 753 150
83 23 270
939 660 385
705 929 102
927 481 501
326 549 664
171 533 902
4 480 854
27 239 761
489 894 968
620 641 379
192 940 137
910 282 680
465 574 296
17 310 568
933 47 143
670 585 752
661 333 644
509 570 702
35 984 51
407 398 626
190 906 773
72 48 644
704 743 853
396 123 872
885 535 544
515 190 116
691 916 105
922 87 603
441 32 684
885 663 82
324 78 676
960 275 155
246 421 137
562 759 272
154 22 425
420 809 286
910 675 819
254 958 230
0 508 401
9 616 915
435 251 814
770 627 804
944 896 585
287 337 394
109 25 80
985 175 213
250 1 161
135 146 142
277 892 41
383 677 381
338 650 9
791 690 670
730 991 709
617 675 777
321 890 10
809 463 255
754 914 843
800 964 353
97 654 834
495 413 968
972 225 854
999 256 872
558 337 45
424 483 204
211 136 680
156 716 165
958 233 811
474 259 579
272 854 921
247 234 827
987 537 301
689 136 286
240 71 907
780 674 356
615 359 567
818 426 418
104 929 618
50 359 678
770 516 398
889 73 37
171 994 575
268 85 949
776 375 838
340 953 389
519 138 565
522 826 208
633 31 631
24 732 801
31 607 262
459 90 119
369 517 528
203 403 162
715 778 213
746 206 898
87 845 218
611 698 370
117 604 888
812 892 358
640 559 266
802 869 600
678 167 849
83 435 733
306 97 487
490 940 826
772 231 994
593 263 71
829 578 371
63 300 842
958 998 848
19 30 716
833 676 449
127 638 481
698 697 39
109 28 466
849 610 371
69 885 838
263 697 397
856 268 602
254 771 387
839 646 994
602 247 214
211 419 185
382 215 126
672 234 152
643 502 82
244 510 576
487 842 62
242 476 805
380 542 431
531 943 339
19 480 433
457 743 284
851 150 189
514 246 591
237 278 54
497 496 543
281 554 309
427 876 898
836 287 187
832 133 109
119 694 982
873 485 426
905 115 999
485 995 911
894 960 851
965 105 32
958 83 941
674 939 304
558 45 51
697 221 478
671 523 1000
309 362 656
905 256 394
633 816 700
844 546 914
87 528 114
804 549 273
526 459 528
279 318 890
751 537 497
464 218 846
803 681 820
532 277 328
180 65 828
951 62 9
855 712 424
79 638 375
217 185 47
74 785 3
984 824 884
617 611 673
90 286 260
215 47 95
607 584 755
309 19 727
427 816 217
449 109 732
655 724 481
479 843 303
404 932 205
934 417 873
135 553 539
125 916 499
787 933 912
242 77 629
671 163 446
636 432 339
961 472 415
157 236 106
177 26 406
564 475 823
880 577 373
207 95 571
993 235 939
74 200 78
981 225 364
524 790 553
825 474 393
204 937 936
668 62 234
609 690 97
305 964 436
995 675 125
110 853 100
461 117 618
490 219 485
194 896 789
719 537 700
59 875 713
172 576 886
708 940 141
166 912 907
88 96 109
68 794 536
673 512 405
83 618 982
209 912 303
807 486 101
284 329 290
672 663 377
280 815 723
609 767 867
875 39 994
921 178 976
197 37 53
312 615 967
372 463 675
491 327 257
697 191 248
261 734 423
950 269 51
333 776 58
714 750 845
442 50 239
92 953 903
13 91 425
487 811 794
961 18 812
216 400 362
274 775 572
951 898 842
181 954 174
258 710 161
869 834 437
183 621 44
223 983 431
729 556 285
930 315 221
162 522 842
190 119 277
648 579 153
944 928 913
232 45 107
321 348 248
106 184 844
260 138 344
27 247 699
518 570 766
156 192 777
141 190 519
560 847 658
57 645 851
162 227 924
892 333 16
386 312 20
656 352 15
971 514 715
132 678 427
981 164 857
500 310 904
437 804 424
679 471 460
510 485 122
457 403 386
180 693 19
160 589 474
337 926 277
793 291 383
83 639 649
987 335 404
975 650 868
81 177 654
784 350 101
146 62 826
406 742 875
728 177 935
909 441 350
633 864 192
776 616 798
529 991 374
194 994 302
165 70 44
402 156 61
159 786 278
156 329 582
715 364 963
493 608 417
902 393 819
866 793 662
875 420 730
180 65 991
885 847 493
0 731 561
284 833 502
620 823 489
178 0 693
491 987 251
108 566 697
57 987 230
448 662 12
399 809 275
453 657 775
344 886 995
105 752 117
21 245 114
816 590 870
662 950 734
559 433 463
509 476 799
955 174 890
763 393 546
127 297 19
164 729 56
913 737 386
682 424 613
995 243 173
511 855 9
934 501 720
125 32 700
830 657 256
540 440 706
101 877 570
445 815 946
392 974 570
441 339 704
68 80 770
448 873 647
497 291 583
735 774 643
104 406 656
818 159 383
214 426 273
233 607 874
106 720 120
936 553 306
117 117 610
286 851 745
803 551 370
759 838 58
300 614 555
457 31 280
41 575 177
888 125 496
961 691 355
324 652 145
468 328 66
338 40 138
728 636 78
149 734 868
830 621 243
449 984 145
886 98 182
578 946 751
85 448 18
47 921 380
857 107 901
991 107 423
562 615 717
14 34 537
32 41 95
766 271 334
274 260 509
359 93 518
920 188 124
694 45 776
982 604 609
370 558 864
898 10 104
774 258 642
867 812 95
358 508 33
135 275 875
861 990 72
257 979 800
541 427 47
555 145 194
746 4 369
227 124 30
496 790 860
71 530 437
358 594 754
730 152 19
298 876 143
520 150 839
384 313 390
260 391 111
0 796 734
107 3 773
585 461 756
722 716 435
139 921 415
488 736 591
397 758 162
385 268 198
270 217 643
42 104 334
686 628 956
406 468 468
217 376 504
475 51 690
65 306 531
615 403 558
381 307 405
702 668 931
836 277 591
83 998 209
824 85 452
401 653 771
167 48 315
548 978 511
544 504 134
904 41 843
937 847 10
473 742 603
954 222 565
34 141 680
419 188 461
384 502 352
696 403 809
115 145 76
869 590 859
439 552 569
561 522 933
766 690 382
952 518 973
246 64 382
760 537 64
507 415 744
766 582 724
333 598 73
373 747 75
675 203 780
681 932 870
682 204 200
910 407 514
67 871 338
691 419 549
263 204 396
889 286 634
998 65 205
498 202 127
133 299 250
102 772 177
785 175 605
242 333 499
562 975 985
438 993 270
944 969 321
799 90 396
44 998 476
1000 231 722
768 54 359
391 921 530
841 998 845
647 764 513
148 755 505
727 359 5
973 980 394
691 69 938
928 813 535
777 936 247
662 406 817
155 246 9
107 525 904
874 699 251
479 165 388
510 244 866
929 658 400
65 433 857
473 928 208
992 920 176
118 597 841
314 404 302
221 48 825
355 963 739
601 565 705
8 494 541
272 805 130
428 146 805
401 966 926
779 39 455
869 29 149
408 920 205
77 935 265
577 970 55
443 502 486
146 817 604
137 633 248
403 669 144
569 350 905
177 295 899
109 118 703
195 564 830
434 238 528
592 624 273
353 210 213
608 181 136
938 151 846
451 71 926
737 561 48
505 272 24
90 831 604
265 81 361
58 122 772
315 94 813
412 708 847
550 240 522
885 607 350
480 874 632
172 815 367
513 25 127
396 416 743
815 991 726
391 162 244
236 134 789
429 563 28
706 888 603
229 72 878
356 251 642
254 376 23
797 263 916
522 760 33
942 925 589
932 15 811
592 380 478
97 993 154
852 545 412
160 600 157
279 310 383
672 573 9
15 464 90
515 702 216
650 595 737
519 637 327
752 72 535
733 787 875
880 186 423
46 472 660
543 995 634
763 34 76
374 482 820
747 47 186
138 68 284
379 437 532
591 508 678
28 543 662
687 97 487
391 724 622
462 812 583
619 87 493
588 440 245
855 58 196
930 491 971
326 864 952
863 859 764
942 147 368
370 752 388
435 811 62
761 555 853
735 124 230
103 831 404
651 371 549
640 753 710
907 353 498
161 99 137
460 36 899
785 439 219
238 364 358
251 915 942
414 996 402
426 154 315
62 233 214
269 559 748
49 764 223
674 633 952
891 587 858
604 384 28
458 652 940
307 24 304
724 310 384
737 352 814
878 669 967
257 636 152
315 500 963
326 714 6
277 62 527
606 246 198
415 986 295
860 453 785
804 901 953
378 921 51
952 368 659
983 381 667
124 53 62
547 345 264
963 276 212
968 476 378
20 752 27
428 720 190
16 482 845
902 382 775
1 902 932
484 234 357
363 98 931
980 23 19
162 146 54
416 427 407
973 109 39
274 39 470
28 336 215
719 643 775
466 562 769
291 680 397
434 388 283
32 195 334
100 373 17
89 734 46
902 385 370
101 739 23
148 554 573
1 238 594
691 49 573
879 49 502
650 688 293
478 923 513
653 404 227
911 251 987
462 727 735
558 372 389
391 455 628
727 841 780
763 560 303
591 128 974
217 493 664
243 353 219
756 187 716
110 412 180
496 903 725
940 971 622
54 34 127
312 563 827
363 670 738
511 380 867
824 768 127
311 910 246
156 976 24
994 75 567
553 121 379
969 459 745
152 104 724
166 794 340
531 933 19
550 581 545
323 997 679
166 866 435
328 456 794
26 650 597
958 599 8
365 434 770
137 34 178
957 162 581
952 194 19
349 156 619
298 224 252
223 52 714
648 511 103
904 744 904
431 118 910
276 228 49
526 689 142
139 597 137
949 356 216
319 638 981
638 60 985
669 467 376
271 990 788
67 657 1000
385 853 822
16 756 854
391 640 229
925 390 554
747 171 930
796 85 792
389 891 803
366 436 601
283 302 432
804 414 532
373 357 926
57 209 148
755 757 496
236 4 289
954 456 576
967 406 8
130 626 469
40 899 195
408 317 696
220 963 262
476 231 979
730 103 38
313 893 804
505 338 896
823 756 528
346 988 305
689 442 583
713 808 934
690 55 628
761 331 26
51 395 508
697 669 131
134 791 34
969 747 46
507 543 528
635 802 519
87 642 187
700 553 783
586 570 597
343 286 473
188 760 860
407 344 41
916 809 896
149 887 113
352 822 121
276 928 108
682 796 72
383 311 930
971 115 682
267 590 336
69 172 730
814 89 114
134 333 949
653 284 673
879 617 38
482 652 992
216 803 125
450 231 545
293 882 907
957 596 138
402 150 885
105 188 118
910 550 784
215 955 881
591 606 398
119 872 493
406 356 483
810 859 109
601 693 314
825 72 66
691 337 760
664 306 194
608 871 832
709 862 172
933 362 573
525 409 690
522 576 81
632 47 275
907 920 408
732 474 315
442 513 73
521 182 272
456 786 205
487 950 516
537 643 66
633 444 993
596 592 436
748 346 564
823 698 623
471 256 154
535 381 337
352 229 638
949 937 985
165 979 57
578 298 797
313 770 632
794 129 955
439 784 437
936 830 698
205 592 612
433 834 596
933 476 601
639 93 678
151 858 958
540 990 537
136 968 803
720 368 311
164 300 198
723 113 216
838 30 637
746 717 821
118 476 54
222 643 608
631 589 372
500 487 459
236 609 736
498 851 263
274 290 533
785 12 642
113 702 631
519 126 207
646 139 66
520 863 931
603 449 193
505 47 143
76 355 943
668 757 364
221 708 422
48 796 965
406 651 172
845 413 174
349 682 897
51 558 889
433 493 752
231 431 327
129 788 775
352 696 520
360 372 252
853 804 290
684 426 211
998 258 129
722 313 732
593 988 566
910 257 354
454 506 290
132 949 442
33 647 647
98 177 174
260 894 138
997 869 473
547 879 855
671 10 665
807 944 505
924 514 569
226 674 878
895 57 983
421 688 931
963 400 102
412 257 740
456 212 222
604 886 353
608 504 460
372 588 783
459 395 557
971 593 977
304 533 815
974 777 687
590 218 150
25 634 835
351 955 555
139 344 34
115 465 506
865 700 104
829 993 277
812 580 237
177 690 359
961 272 935
318 658 475
739 114 380
570 577 316
218 863 398
972 618 472
998 637 598
952 672 841
751 777 248
476 155 533
589 93 118
211 7 492
505 654 505
617 260 938
764 834 848
293 995 56
123 936 361
360 103 287
990 252 115
530 360 310
374 559 388
474 349 18
669 690 486
202 505 792
390 195 29
949 462 642
76 155 575
480 932 742
325 675 646
500 136 192
925 424 47
481 702 733
314 539 728
246 98 716
431 499 612
28 877 205
535 739 262
268 410 378
324 327 989
504 509 664
420 787 559
537 222 31
781 701 833
316 646 501
217 783 652
80 680 215
544 104 333
757 742 489
602 403 698
566 117 710
323 173 205
810 113 746
10 361 420
982 413 380
159 179 1000
790 810 753
845 182 203
402 10 336
531 763 732
996 873 643
784 170 577
8 872 469
669 433 959
125 216 112
517 95 292
118 455 467
999 355 661
273 834 194
426 984 844
67 516 296
523 971 936
0 699 200
797 837 202
472 257 631
935 865 945
425 393 34
6 36 779
720 63 149
449 153 179
825 487 730
518 384 583
646 731 1
870 249 762
151 330 301
675 845 129
145 289 404
367 54 598
612 612 641
609 944 188
298 771 333
421 671 279
865 121 452
639 469 227
491 208 815
599 47 959
591 24 47
476 539 257
363 750 764
70 408 986
876 141 325
311 834 77
690 174 75
226 754 155
529 669 483
707 65 454
451 872 523
719 908 560
841 901 750
186 757 457
493 952 637
294 548 730
490 762 899
790 245 164
718 852 351
395 973 144
979 349 691
924 692 35
56 478 217
59 441 238
950 811 267
113 864 583
117 958 387
794 291 198
365 296 470
281 877 244
661 170 112
687 189 726
693 302 189
73 776 474
148 314 43
952 162 826
431 464 108
172 797 785
733 713 153
463 142 180
10 12 545
374 456 646
379 418 650
122 624 429
288 918 275
399 705 322
3 198 85
987 622 508
774 629 280
904 650 433
791 780 831
998 656 324
301 356 590
433 726 57
719 133 288
455 35 434
82 293 956
990 589 609
77 975 389
948 339 695
793 501 72
687 101 710
680 329 212
440 394 177
929 155 222
153 608 778
901 73 180
351 49 982
206 94 895
629 745 280
901 912 337
600 683 914
182 427 529
956 945 199
24 79 678
407 923 757
53 2 754
417 707 698
238 454 870
976 913 633
155 605 633
707 558 292
544 456 478
483 47 233
466 537 287
265 243 677
580 314 627
240 43 61
656 996 384
613 4 43
480 731 762
408 710 138
914 777 444
136 287 998
905 270 636
916 977 71
700 409 96
374 950 933
857 237 69
125 269 286
465 715 785
902 856 922
825 606 504
630 644 402
216 663 807
312 595 971
893 612 597
328 178 863
184 560 556
798 218 150
368 957 310
986 573 38
573 943 543
812 930 44
739 513 308
39 771 917
519 763 870
344 850 312
723 384 511
141 624 721
919 738 477
750 395 245
373 502 786
468 844 491
728 730 678
555 188 805
132 309 779
757 485 487
242 955 460
50 419 706
206 820 444
306 172 909
292 309 555
242 198 726
331 61 797
916 250 499
79 828 939
943 623 261
987 724 1
578 174 328
130 765 252
849 958 98
346 870 650
332 821 104
201 987 855
152 871 849
679 838 449
420 86 756
18 757 81
703 793 155
417 781 510
682 134 563
147 934 782
464 860 178
631 59 813
545 576 477
580 343 274
932 44 958
769 317 989
676 166 766
167 268 744
257 642 986
1 293 788
911 999 492
249 585 295
45 26 439
278 581 326
661 325 167
873 820 829
75 16 887
121 140 844
725 478 140
514 557 235
427 284 40
1000 118 707
145 928 987
744 999 842
232 246 938
654 833 537
641 912 650
499 264 511
920 735 957
397 435 735
372 741 222
688 295 588
59 271 93
357 716 344
917 798 987
878 262 457
36 476 23
551 613 623
148 349 599
513 425 466
515 705 340
241 958 843
459 79 481
886 797 334
747 301 228
161 331 396
209 619 172
728 438 819
327 689 578
400 567 187
937 14 776
402 489 427
69 320 987
886 765 924
350 934 748
883 960 638
259 364 177
776 392 915
354 52 313
958 193 347
218 555 631
440 352 871
838 711 119
73 585 716
202 571 963
719 724 200
290 401 967
867 510 524
120 472 703
717 395 359
737 483 626
987 173 329
691 4 566
770 677 93
735 218 884
307 198 78
425 201 24
778 752 568
582 185 379
698 379 582
951 165 371
207 647 19
782 957 280
337 731 715
734 943 680
574 915 415
487 665 893
239 383 58
490 444 815
124 992 131
122 128 419
904 176 206
73 723 44
992 776 889
49 893 581
512 195 294
742 37 242
637 782 98
573 462 582
483 241 51
359 483 18
60 554 66
84 875 409
79 76 611
368 458 244
545 441 468
891 366 445
782 42 800
928 252 975
795 681 3
304 566 935
887 690 364
342 795 228
479 34 331
114 323 650
167 545 148
316 620 244
288 590 782
182 779 310
101 419 615
255 86 12
302 524 280
870 212 24
976 597 667
538 851 22
986 13 214
957 75 276
630 549 762
440 560 371
777 443 143
874 321 505
112 850 442
496 987 19
884 100 487
552 624 106
628 740 628
863 572 29
15 108 269
590 244 726
156 278 754
990 631 198
913 789 659
393 676 152
735 744 71
399 968 2
650 268 265
645 350 300
73 895 85
700 340 727
459 68 605
155 576 158
178 687 893
968 592 847
861 374 288
528 595 867
265 427 738
277 94 407
90 14 995
637 246 229
408 638 824
856 626 714
5 257 511
702 260 267
308 383 507
518 857 429
879 438 822
441 150 395
532 352 918
705 413 441
738 55 38
249 233 251
405 828 745
971 553 351
116 482 484
368 124 812
961 211 408
187 320 742
176 655 217
462 584 922
498 547 524
673 416 52
310 689 746
404 436 2
269 805 270
158 850 13
18 923 560
32 612 466
65 453 395
902 341 193
570 656 357
539 244 955
482 814 36
475 26 362
913 544 863
366 418 40
74 440 285
978 8 31
416 33 543
596 288 180
316 433 315
297 693 680
79 967 312
399 401 461
303 209 870
604 89 669
537 591 730
452 441 970
103 829 811
777 567 215
971 551 276
926 392 261
123 787 945
105 635 618
714 838 231
337 388 80
640 12 880
852 435 693
714 911 849
262 770 588
224 891 943
384 873 564
972 558 416
548 395 479
394 744 334
373 857 691
998 241 389
877 491 938
447 739 224
592 82 241
446 621 69
168 855 368
629 720 566
395 311 988
50 128 841
548 222 879
326 640 912
17 910 450
354 941 44
732 867 703
378 929 248
514 159 302
646 278 823
108 173 837
950 399 174
24 52 8
686 146 312
195 812 845
786 531 403
345 218 210
195 206 639
13 950 770
112 538 927
243 850 304
721 377 679
407 650 126
665 518 820
897 472 904
135 300 547
706 329 272
270 713 124
187 897 322
713 687 124
596 165 153
891 44 49
937 186 221
277 421 305
367 693 597
419 993 899
700 673 927
759 363 278
36 243 814
410 271 594
740 23 592
796 417 468
554 292 192
113 903 437
814 683 255
742 761 819
611 83 0
795 556 961
744 774 549
37 986 999
223 881 303
158 824 602
919 520 605
892 329 216
43 403 249
228 767 65
873 871 579
953 475 468
663 588 150
169 385 327
885 979 247
542 545 353
204 786 221
786 913 638
522 836 192
979 987 139
627 59 613
593 534 986
741 69 710
916 879 258
452 167 140
630 513 82
95 367 932
87 17 688
706 648 706
971 374 10
28 688 323
805 936 693
804 215 736
959 750 145
621 140 789
449 695 480
797 609 440
66 813 300
543 260 809
649 722 687
1000 716 928
856 91 640
413 27 402
311 708 431
400 641 649
988 817 504
232 601 287
949 934 476
443 100 724
730 384 563
309 306 262
352 154 152
151 997 518
787 746 140
125 259 877
271 260 101
132 955 696
21 209 756
280 917 418
808 445 680
178 474 22
23 218 669
104 323 345
988 785 427
859 457 117
126 758 959
820 233 991
886 124 423
863 696 793
845 716 230
888 42 463
530 396 699
965 944 424
981 185 211
955 677 21
44 656 190
616 837 914
954 720 65
319 807 357
932 443 20
821 986 649
655 378 851
9 377 261
70 580 530
994 411 606
158 905 501
586 685 450
548 665 547
153 529 263
626 355 726
738 248 394
401 796 546
807 913 223
180 50 328
795 496 991
284 892 380
636 470 595
946 355 288
655 512 160
229 810 567
700 255 390
41 841 975
517 695 966
534 476 944
88 841 731
766 135 422
697 615 785
39 631 334
505 537 543
138 74 730
849 976 672
469 391 841
763 266 923
299 117 777
770 399 436
129 453 322
820 723 450
926 464 265
368 573 352
634 299 501
252 191 686
381 440 195
289 146 659
518 775 753
719 713 780
797 686 154
82 231 273
451 274 3
972 586 246
379 105 310
469 54 734
108 410 949
149 58 961
382 483 708
436 494 2
527 165 847
757 446 919
836 81 581
841 664 645
822 140 398
979 938 537
380 892 505
791 532 210
818 80 655
743 226 345
536 212 740
473 141 424
422 476 242
296 425 910
406 872 527
110 226 391
458 950 630
962 321 970
767 496 384
581 249 39
112 136 559
315 490 413
82 139 369
54 793 139
189 507 148
356 924 421
108 715 331
159 365 393
133 551 812
404 249 409
346 214 484
921 771 374
678 575 266
734 59 516
576 405 208
557 48 922
801 355 284
547 569 345
277 770 806
635 842 336
648 726 575
375 405 651
629 985 454
397 783 14
766 906 147
658 93 494
755 211 92
256 695 670
998 552 803
714 50 849
243 78 798
403 944 943
124 869 372
678 850 895
690 204 118
351 858 630
212 42 626
468 811 483
340 900 787
516 489 17
511 83 751
519 177 821
294 770 430
32 892 8
517 478 826
147 866 574
919 217 133
751 214 73
951 657 674
217 237 765
76 210 686
680 121 587
274 669 635
87 280 346
137 816 6
758 938 216
10 610 257
655 886 733
787 513 720
585 897 329
37 276 816
542 413 469
475 456 282
304 280 745
296 848 464
2 491 12
560 529 456
84 873 308
965 176 541
712 344 921
781 444 274
878 445 958
925 857 905
643 511 694
889 500 674
667 901 312
399 559 229
607 927 72
776 275 670
261 528 770
211 984 84
261 669 49
507 507 202
249 438 203
79 372 785
438 539 990
278 443 610
392 22 739
26 538 669
934 582 78
49 563 365
386 782 806
77 859 828
982 11 852
549 836 371
773 482 476
170 627 785
813 352 317
578 191 164
297 139 381
390 571 339
553 471 476
995 575 465
835 567 523
270 348 376
296 970 226
549 626 788
569 637 790
655 489 810
86 695 908
47 352 189
948 205 785
42 842 814
188 291 525
832 448 559
863 927 827
240 1 248
318 146 184
199 337 997
136 8 131
662 312 490
646 599 635
122 823 834
436 192 1000
426 225 38
520 893 45
173 422 125
646 144 827
524 832 535
406 934 395
505 483 53
899 854 248
928 38 873
583 397 249
218 679 743
628 555 442
695 730 133
705 411 580
238 89 593
678 355 700
795 586 923
361 921 830
849 797 542
363 523 771
782 775 915
159 959 945
533 396 115
543 451 390
446 39 471
615 716 732
408 126 514
874 444 391
61 308 790
380 558 42
791 546 524
902 181 213
179 801 353
203 938 83
749 698 54
674 418 862
898 307 629
984 763 621
151 541 429
446 666 630
760 707 199
896 900 711
356 156 334
86 361 16
339 441 222
227 430 438
759 254 217
432 451 927
471 973 852
292 309 300
636 257 913
429 617 102
290 749 648
532 453 242
398 372 546
174 921 860
37 871 604
709 973 353
918 884 32
12 661 248
140 259 69
380 968 4
389 286 631
632 528 626
621 440 205
641 950 75
327 518 126
969 891 325
877 677 474
354 430 232
916 625 219
866 812 1
669 769 379
586 349 218
237 252 128
197 478 335
159 282 383
439 354 288
25 37 13
942 567 371
840 558 3
200 294 576
559 833 81
669 223 297
397 183 18
237 979 3
471 670 110
215 131 192
310 334 456
237 817 718
155 224 377
342 164 55
176 627 381
138 91 981
873 657 719
155 255 809
11 340 672
929 452 883
344 138 489
901 974 324
741 101 472
229 663 643
492 281 858
27 714 739
347 273 622
74 969 347
675 84 360
905 470 992
719 545 745
789 270 717
625 334 641
951 229 62
191 214 730
877 226 767
648 776 591
256 59 178
825 569 357
954 674 586
355 127 766
727 3 104
986 921 150
26 356 993
468 595 248
640 354 417
635 301 1
474 972 520
594 542 684
482 519 873
159 607 161
746 625 867
10 253 102
785 517 429
931 259 566
395 131 137
291 686 354
183 951 641
956 796 964
780 765 851
773 417 403
778 263 492
376 61 254
448 53 93
393 844 581
464 415 247
247 951 716
691 28 14
812 579 439
676 303 392
167 13 902
564 392 22
248 728 635
790 457 987
513 735 205
637 488 809
867 709 894
993 572 412
53 517 986
175 396 186
309 943 448
615 584 193
14 69 330
872 294 802
904 3 535
738 178 526
281 379 200
624 207 737
471 866 502
791 710 495
436 95 312
64 945 842
997 27 842
500 85 201
851 394 45
752 417 209
657 426 95
864 875 597
116 590 960
361 60 329
800 998 748
281 583 869
515 873 377
761 25 84
652 617 949
533 902 364
902 86 151
952 248 406
19 663 951
135 407 177
842 967 11
478 982 140
74 103 443
173 748 881
519 901 897
873 5 87
507 196 747
616 638 478
11 460 910
830 927 424
228 363 79
795 408 754
553 141 269
121 163 877
854 172 132
311 623 391
773 100 677
328 67 266
831 800 64
460 199 579
385 974 821
866 134 376
201 995 963
154 181 266
880 795 518
319 76 387
251 187 164
545 351 102
928 364 599
860 258 52
755 754 887
770 850 163
316 540 905
365 30 855
953 632 34
732 119 224
395 623 364
696 171 876
901 387 190
316 199 891
146 681 269
223 186 758
719 715 258
811 542 561
94 42 284
178 252 787
776 699 169
600 147 141
561 99 568
529 196 913
827 781 980
724 691 661
577 836 247
178 146 467
694 186 221
221 133 38
832 589 667
704 957 215
977 868 549
44 826 809
144 791 161
45 345 752
565 663 955
9 666 322
246 621 104
211 324 572
228 147 320
506 355 978
802 727 778
770 362 446
122 272 642
32 531 531
288 61 797
937 761 72
971 739 310
377 65 766
244 212 867
599 553 849
143 449 723
597 934 968
178 797 772
37 300 729
127 931 523
352 109 820
84 342 307
553 648 875
880 440 646
539 537 828
201 195 867
536 296 16
766 947 1000
703 76 796
130 962 259
516 47 596
512 293 503
442 738 551
393 265 9
745 232 463
277 372 422
7 461 460
377 270 649
960 421 218
381 425 551
695 288 322
760 380 714
287 296 275
855 75 422
570 718 779
511 834 112
989 266 752
631 978 412
507 698 643
347 84 967
610 950 296
131 889 10
476 689 871
288 770 659
452 511 742
652 358 489
764 90 684
846 492 974
318 462 281
298 585 5
888 889 272
55 595 518
848 568 895
564 224 875
389 546 335
218 611 963
991 362 800
377 556 862
189 5 167
14 664 50
924 338 128
140 719 196
574 360 507
43 319 16
591 325 90
175 78 801
99 608 206
526 824 809
581 784 84
42 869 424
845 939 582
821 263 379
706 928 146
96 190 97
753 363 891
150 385 838
612 725 155
343 484 221
643 615 739
82 717 2
823 985 594
990 553 884
747 865 971
47 768 45
504 423 583
775 903 613
297 999 372
74 399 603
983 281 613
587 44 267
279 368 193
2 663 25
386 655 724
643 450 467
7 452 213
330 388 501
484 422 765
606 611 140
497 394 579
185 778 269
254 36 650
810 515 743
381 480 279
418 448 436
7 755 20
219 873 684
419 435 591
67 30 234
60 7 59
605 794 777
596 645 285
463 623 715
800 797 238
600 977 397
985 616 153
70 315 371
400 510 874
862 31 745
485 287 428
989 519 183
375 707 960
535 964 543
171 318 5
775 50 810
415 960 583
989 133 461
809 857 768
949 275 760
104 360 839
744 598 959
542 346 82
968 586 367
183 612 140
894 371 487
374 842 782
788 951 776
988 274 106
800 707 263
260 185 413
756 122 43
845 528 732
731 612 529
221 674 801
922 286 148
234 621 841
631 758 799
427 989 735
75 279 810
784 477 993
475 212 755
573 939 799
115 263 379
819 776 296
51 808 56
645 884 918
634 364 920
978 884 578
199 857 326
121 795 91
441 193 598
197 591 764
357 369 662
406 198 912
721 995 650
955 283 565
431 81 453
139 474 452
511 523 262
176 532 635
137 592 250
826 114 768
610 85 464
252 180 576
223 256 299
693 315 28
187 331 169
229 740 247
334 799 540
793 663 778
771 216 353
941 530 70
233 77 236
926 343 745
167 358 111
678 223 348
544 829 960
415 13 456
773 808 208
419 528 845
403 734 837
575 646 237
823 584 972
351 818 950
226 534 25
149 526 321
519 424 826
193 804 667
27 380 849
871 151 160
269 768 98
87 862 391
379 392 727
475 323 646
982 326 45
55 764 470
463 265 445
432 517 638
598 767 466
57 673 158
51 148 252
523 833 172
809 48 677
996 435 876
400 72 300
698 638 954
30 167 483
65 438 688
21 331 578
481 639 228
215 821 31
453 371 191
306 771 985
521 100 769
997 636 739
680 634 91
49 481 325
573 378 77
966 529 460
902 403 325
10 438 947
755 452 606
713 500 913
947 770 625
611 222 129
840 838 431
448 565 680
126 495 296
154 911 637
710 76 962
897 413 315
654 164 263
692 852 973
895 996 362
380 540 572
860 764 558
757 643 823
776 590 459
348 765 44
723 749 745
195 826 460
835 791 835
964 756 330
597 599 779
566 914 429
693 368 174
329 412 592
542 804 717
381 180 660
0 929 607
175 58 768
567 880 392
59 721 535
552 284 192
41 76 414
351 13 123
442 781 678
943 401 620
662 657 12
669 902 329
577 611 882
98 698 936
745 409 634
378 532 669
453 768 309
874 542 892
944 97 532
782 388 883
638 514 994
32 553 488
723 333 173
40 147 131
561 423 423
828 10 896
755 749 754
437 27 727
368 559 113
120 608 228
221 470 145
351 900 511
312 438 825
924 441 837
731 453 743
868 117 31
829 818 306
415 438 844
257 249 854
907 702 8
275 33 252
869 961 532
242 934 764
843 927 787
929 220 721
656 288 374
214 868 489
535 773 633
607 895 731
745 844 730
202 609 85
864 594 227
737 412 534
66 484 173
90 632 485
511 990 365
865 123 716
994 548 734
244 50 72
809 687 708
620 222 922
139 403 475
100 650 166
980 909 103
94 886 310
672 307 160
462 79 238
340 153 733
406 292 299
741 13 239
411 797 595
935 249 321
310 79 659
535 231 579
187 931 824
864 218 586
771 422 652
147 531 936
10 180 375
207 893 882
129 293 691
150 842 820
320 976 802
13 730 449
551 284 601
352 530 427
869 634 861
503 339 334
720 273 337
475 200 757
572 318 29
819 713 737
629 534 570
121 700 903
795 188 773
440 471 95
581 522 851
905 262 18
147 490 111
459 514 654
150 975 887
774 544 930
638 104 192
887 619 53
371 689 206
27 105 523
962 839 213
5 746 353
633 193 409
398 944 10
327 365 167
885 817 708
842 171 520
968 216 813
825 246 792
638 998 274
625 63 253
784 207 673
307 643 235
470 755 292
839 820 994
283 112 545
373 829 58
229 34 801
160 975 760
985 897 716
988 633 401
878 775 842
924 529 116
213 93 666
204 572 171
23 673 83
782 497 378
144 355 618
900 854 957
53 43 11
255 394 54
880 546 197
362 277 581
430 719 52
397 598 635
996 421 669
48 840 807
670 823 693
832 720 725
43 846 285
9 271 232
421 539 892
709 341 739
218 176 191
387 816 979
473 580 901
556 774 233
140 874 338
988 520 885
869 544 828
768 269 957
725 775 721
665 811 133
495 26 488
759 350 839
479 465 74
991 313 386
498 919 528
104 149 284
205 741 643
181 64 429
629 330 789
49 703 114
11 62 969
997 740 241
579 533 363
330 919 387
291 259 542
852 932 554
954 247 349
109 200 206
535 432 780
473 232 799
508 126 502
334 18 348
264 500 190
334 838 981
389 786 555
379 671 746
699 991 520
625 413 261
382 533 137
596 204 989
824 928 860
630 845 525
83 422 385
538 916 134
940 884 561
496 165 666
709 776 616
629 957 319
797 354 508
675 923 781
145 57 904
148 127 462
676 434 498
131 533 597
241 151 825
743 777 307
85 424 227
470 89 745
183 342 381
22 850 954
862 41 681
605 957 908
580 407 120
75 722 309
502 60 843
543 663 85
371 381 787
767 3 205
521 713 697
245 804 227
458 449 40
112 988 481
158 869 434
193 217 113
875 528 211
686 468 965
689 149 694
385 563 732
496 680 958
275 117 197
609 683 726
980 551 21
311 746 923
577 464 882
677 900 562
412 232 250
665 220 357
848 732 440
205 250 753
666 900 448
669 613 257
654 318 890
18 563 784
336 540 763
37 714 419
969 482 166
121 211 996
135 427 987
971 829 997
510 495 127
517 229 281
866 305 987
706 5 274
699 644 813
110 101 695
367 889 251
711 652 116
955 429 1000
57 843 53
618 797 234
293 972 142
664 586 652
974 807 637
447 666 987
800 392 318
312 304 614
390 576 784
558 29 739
208 825 562
453 654 448
640 587 995
546 492 296
692 367 467
578 181 896
855 314 896
61 647 610
89 508 885
566 430 200
849 937 85
996 501 878
522 341 279
91 869 404
931 850 301
543 388 785
285 573 935
814 791 723
858 239 845
396 463 908
274 883 61
461 897 57
309 513 899
348 806 169
863 932 355
660 465 960
638 886 624
20 482 600
518 906 677
136 148 404
308 554 797
341 859 404
982 380 586
332 829 3
27 145 345
71 120 151
662 510 208
662 185 309
656 213 392
869 983 690
96 188 860
296 315 636
425 1 38
797 309 897
401 611 453
277 93 685
406 966 660
414 35 206
423 986 393
315 490 17
468 241 82
939 755 886
398 197 551
477 968 420
303 896 1
253 399 252
159 791 154
489 230 394
366 852 715
541 140 75
920 775 895
905 67 253
971 61 66
740 6 895
120 15 88
850 247 898
920 732 541
262 292 611
710 946 548
446 272 378
969 990 849
796 313 445
467 873 904
727 241 481
29 141 380
289 28 349
568 827 474
344 449 639
235 291 596
243 772 0
583 996 178
558 857 366
982 574 988
782 277 576
910 148 867
907 1000 727
365 398 793
743 456 756
264 91 909
16 337 578
346 458 987
213 24 823
511 810 934
566 617 421
861 847 123
540 793 92
268 613 779
253 267 906
493 27 391
775 251 696
137 918 17
540 548 246
563 388 498
418 720 270
239 369 316
256 244 360
633 734 788
570 293 322
364 748 647
275 905 388
437 530 339
705 115 91
209 47 479
399 442 102
398 936 720
143 4 23
215 996 123
595 123 606
402 803 219
345 149 753
931 402 168
651 445 162
487 762 737
841 78 672
229 697 726
336 145 563
739 531 157
589 125 28
932 563 914
40 955 264
512 335 244
43 938 509
522 204 289
659 90 845
801 489 587
127 71 212
272 983 922
136 872 682
439 241 311
795 716 537
387 843 791
166 182 353
611 156 186
711 327 579
988 63 426
180 580 131
589 949 655
101 721 366
878 912 444
587 133 933
948 306 347
69 663 542
277 60 278
918 122 321
798 939 692
287 549 471
338 74 829
112 413 746
2 938 936
79 146 474
543 772 671
518 583 917
180 579 304
796 169 50
299 364 66
172 458 446
392 783 799
682 290 551
156 319 751
824 838 909
901 211 427
884 657 612
296 938 630
938 405 75
306 541 940
340 315 436
812 19 604
337 418 908
486 984 64
254 380 901
595 531 106
188 936 512
855 845 289
220 127 444
696 940 934
54 647 830
462 478 661
827 794 503
451 152 424
682 49 804
681 731 318
951 124 93
837 687 591
113 218 635
512 265 862
825 557 524
787 758 628
285 596 249
104 894 992
927 459 3
346 154 407
675 548 767
754 590 935
347 252 392
306 104 392
228 396 717
977 153 68
709 816 539
172 97 820
724 506 165
745 521 959
719 675 232
809 348 894
885 662 758
655 235 633
271 3 421
656 101 792
989 770 272
95 622 504
661 97 786
6 667 607
541 453 818
840 932 357
382 731 307
900 115 404
146 477 330
279 137 657
65 870 571
505 831 625
826 770 732
722 475 390
71 117 733
602 684 7
347 249 150
703 611 243
345 838 57
755 968 395
53 540 609
241 802 846
100 546 899
150 954 856
489 943 611
941 164 384
839 653 391
186 986 716
867 876 801
537 867 863
219 308 959
400 88 777
88 2 43
129 478 155
173 482 110
830 859 218
877 264 488
245 746 67
686 830 487
148 432 646
312 578 263
451 170 543
261 595 440
98 351 857
120 719 666
582 620 815
259 549 277
146 691 586
464 444 107
698 252 499
337 798 866
886 325 826
973 853 631
739 4 749
108 870 724
1000 861 261
835 867 658
992 399 781
836 506 221
249 864 52
243 954 889
373 851 375
237 970 701
401 444 572
327 514 337
844 1000 844
226 414 284
563 826 637
816 144 880
469 479 962
723 754 139
199 439 621
803 387 843
168 869 782
490 194 250
159 555 451
909 113 491
27 70 80
726 211 89
908 460 952
990 102 813
63 409 983
919 148 876
439 462 159
281 260 930
454 438 50
74 113 619
859 683 453
823 559 259
381 618 537
155 660 662
931 368 527
472 4 950
764 616 176
46 405 494
97 89 593
569 931 671
915 434 277
543 82 40
261 509 776
59 727 10
313 739 731
377 600 281
378 569 763
477 405 177
170 608 832
767 789 953
373 407 49
392 525 357
20 719 563
392 752 205
876 275 422
427 499 529
483 531 233
664 498 603
883 795 215
496 126 165
848 786 857
952 3 489
672 928 133
777 733 95
284 966 128
354 694 152
608 146 353
721 514 352
675 453 418
996 420 587
404 215 352
675 488 665
880 111 848
687 45 610
717 671 824
957 583 529
548 293 821
412 806 472
813 26 795
829 200 196
28 161 787
664 39 742
647 700 40
771 782 532
764 445 512
144 532 609
759 632 925
220 98 220
210 7 554
970 46 236
394 562 258
579 40 905
532 140 365
70 511 536
449 605 258
38 388 358
304 838 268
282 72 460
172 658 108
393 729 586
187 514 476
794 497 113
805 850 574
923 718 687
851 13 20
108 561 682
858 714 686
453 496 491
155 55 549
426 29 396
178 220 964
108 719 692
437 241 140
97 578 652
440 790 570
267 104 810
648 640 448
77 979 720
548 282 947
347 263 566
635 943 416
835 628 729
297 588 39
185 621 317
261 503 718
977 938 550
139 576 988
775 694 181
101 902 187
290 713 602
330 904 490
662 451 372
809 312 179
198 750 579
285 753 503
603 617 383
560 222 262
975 16 578
869 85 206
567 895 204
163 683 84
702 523 565
976 956 934
495 424 709
269 651 690
558 854 91
290 758 996
660 934 932
566 37 525
857 999 837
851 336 736
57 197 236
599 265 289
406 358 63
122 153 532
497 754 984
113 311 148
26 46 811
319 69 36
560 756 218
95 967 901
395 144 593
649 354 346
85 711 355
859 564 755
174 366 28
249 543 988
560 208 715
86 545 229
245 981 284
695 436 515
841 963 119
26 151 403
864 273 590
172 924 661
148 842 722
234 571 840
751 478 769
221 323 638
320 879 870
7 899 824
144 203 236
456 959 302
402 169 555
619 402 920
180 848 59
698 516 287
111 678 659
188 923 933
620 699 298
775 456 953
953 683 322
60 28 487
482 878 722
824 151 448
121 977 669
950 851 195
685 444 100
588 313 255
350 592 294
678 583 552
905 396 248
374 282 632
926 467 361
133 331 672
805 721 547
977 634 552
125 121 901
602 917 847
231 618 747
911 665 759
477 132 236
659 644 813
52 821 158
950 915 959
719 373 635
278 286 483
584 901 296
456 286 907
243 860 653
870 309 955
945 460 444
440 766 370
59 139 84
282 662 142
729 521 57
184 178 210
383 192 401
785 568 804
514 838 687
665 940 107
812 221 273
932 742 988
90 798 961
248 248 481
395 590 229
294 145 367
646 689 53
945 867 863
766 974 811
671 614 597
286 389 397
850 112 28
12 700 246
252 812 424
412 489 273
609 854 622
81 20 916
567 638 31
338 416 120
186 408 947
896 71 324
673 438 333
122 43 74
853 995 406
112 275 866
48 140 305
968 48 788
413 510 133
104 22 574
869 74 47
189 489 293
759 629 694
885 41 995
470 839 649
850 770 583
10 305 980
782 582 455
169 694 816
595 649 575
468 57 205
645 886 973
846 82 131
270 617 522
88 909 90
71 120 537
469 935 121
656 316 621
139 910 350
418 518 180
184 586 371
805 146 462
1 905 513
662 295 1
968 960 477
834 695 124
496 444 505
545 872 272
239 150 602
943 656 422
660 972 55
986 20 616
183 566 487
225 564 686
258 302 244
82 429 477
497 799 261
873 278 649
150 637 867
852 888 865
281 56 339
484 18 113
747 534 931
86 552 690
940 245 961
766 779 902
697 724 339
865 132 132
424 331 922
459 2 457
138 559 485
93 280 19
288 124 734
798 377 239
352 722 738
827 420 644
269 129 47
53 356 409
331 869 629
580 705 490
907 887 439
842 42 483
456 158 812
143 430 571
155 334 899
234 540 535
519 438 382
870 490 937
421 958 28
471 624 954
836 163 791
659 285 156
920 702 870
753 731 734
925 995 805
611 796 919
927 570 590
507 591 860
99 60 767
221 401 37
687 781 567
644 298 660
19 780 284
490 42 830
202 846 520
784 338 16
323 170 214
163 336 596
673 530 410
789 386 283
294 373 844
898 735 345
470 103 469
126 99 667
55 493 842
867 966 993
973 464 718
994 115 724
875 585 638
146 299 793
139 733 33
709 54 918
591 582 471
392 127 117
770 767 184
917 11 724
100 607 408
224 874 87
897 297 829
495 456 590
950 898 460
466 999 501
854 297 209
192 643 202
535 546 677
734 725 490
800 753 107
603 249 528
637 199 935
727 327 522
469 481 160
689 341 946
935 713 804
489 197 870
570 642 801
427 499 811
3 660 696
989 832 839
797 947 462
290 225 537
906 260 175
392 721 538
880 576 168
676 76 529
347 189 594
3 495 355
956 848 305
40 162 209
283 811 180
963 877 341
359 517 171
570 121 631
549 482 870
831 997 879
832 712 495
78 384 506
581 580 853
657 123 218
360 496 325
552 507 519
520 400 893
66 920 735
406 340 301
278 183 183
934 109 117
419 209 916
348 592 803
276 801 237
495 687 146
1000 607 315
576 838 656
574 990 554
523 655 934
230 939 425
225 79 337
453 216 169
560 178 839
185 671 104
286 353 510
471 936 728
857 605 932
625 922 748
716 25 237
399 513 246
888 469 900
650 514 800
171 468 644
251 530 402
913 652 609
242 190 895
953 411 708
802 806 809
301 948 773
128 115 574
247 925 513
379 640 56
117 24 602
64 926 976
383 754 73
570 988 171
731 828 170
505 269 543
486 528 778
929 256 47
936 343 89
895 686 413
382 267 97
368 446 66
644 5 681
928 358 667
568 844 492
411 197 761
792 183 241
336 540 166
483 992 474
912 955 729
34 815 432
527 268 78
165 854 65
695 102 78
715 720 505
951 355 737
187 28 81
230 691 691
851 285 931
717 282 980
412 206 15
878 143 726
936 932 95
162 501 124
536 754 897
458 916 393
414 556 248
252 606 713
359 935 43
695 314 330
778 349 39
555 658 525
110 211 266
814 350 152
711 156 338
745 140 359
857 143 977
618 218 752
931 626 589
458 407 794
339 552 713
342 140 962
434 297 234
553 779 226
723 69 373
140 698 899
796 905 710
330 934 299
71 14 208
741 2 232
838 819 586
505 383 561
862 111 986
733 654 29
913 125 875
935 314 18
708 953 139
184 46 127
416 763 585
431 275 181
117 789 849
605 596 76
923 661 799
952 122 981
133 49 947
836 521 657
599 49 964
701 628 195
119 332 367
746 405 650
579 619 280
943 585 548
30 921 126
107 196 899
873 89 463
289 521 718
898 585 744
194 552 948
201 888 435
594 805 921
321 159 258
619 85 110
118 120 97
8 922 875
104 603 637
986 912 787
871 444 358
310 412 638
187 273 931
8 822 377
61 543 347
675 386 368
178 81 421
805 452 695
965 638 690
36 109 604
737 823 846
783 240 364
809 60 430
569 380 84
151 471 734
908 283 397
608 944 168
174 638 32
754 797 565
7 218 523
346 910 513
88 957 459
262 692 553
896 315 884
974 111 600
205 245 252
588 223 762
608 401 344
923 617 984
528 512 604
979 101 210
2 217 772
416 970 915
668 345 730
127 479 55
169 521 760
958 553 467
677 452 946
246 968 989
435 728 812
653 366 544
357 693 469
264 155 326
534 325 514
70 752 748
957 219 35
489 788 858
718 23 407
912 480 212
806 781 363
99 746 458
603 155 878
48 342 348
33 961 766
883 381 2
842 848 878
404 646 230
781 731 706
771 35 874
658 348 497
256 196 250
818 830 481
473 721 566
879 922 61
119 342 50
748 123 417
71 579 260
114 622 666
563 322 111
380 540 384
446 923 776
168 108 351
377 353 163
732 31 198
646 276 347
472 642 981
411 788 114
999 311 992
626 189 80
889 996 7
679 123 671
590 621 660
621 11 867
371 976 936
246 31 617
521 973 546
608 379 737
193 50 584
322 41 863
757 723 418
6 737 347
918 283 323
57 833 174
907 863 253
183 631 418
594 24 590
722 85 406
964 240 905
835 190 621
738 379 595
164 775 209
380 318 859
380 476 120
590 768 904
892 637 973
376 423 702
561 761 639
641 627 318
166 384 424
109 545 447
873 742 382
118 711 382
974 33 828
751 909 718
578 779 133
14 343 711
151 166 212
488 809 556
111 791 101
226 30 706
325 771 186
567 272 269
978 155 931
886 444 622
795 10 385
699 18 67
417 406 764
789 750 741
430 456 319
52 775 985
768 607 976
591 341 732
515 37 222
489 451 14
295 354 319
197 822 886
71 665 236
820 93 596
734 52 703
523 61 263
366 958 658
427 209 827
965 298 74
100 757 630
836 802 515
480 442 534
240 935 912
705 162 730
161 208 48
409 716 775
994 546 135
739 672 268
510 801 647
523 431 701
864 103 840
967 594 844
577 781 977
381 418 735
783 792 657
30 150 395
307 651 604
136 61 877
663 510 12
477 696 636
7 197 476
422 567 716
732 127 440
262 486 969
227 497 812
6 254 733
817 795 607
446 754 37
196 518 440
953 936 714
476 288 93
210 265 373
10 568 265
438 149 201
246 669 607
105 902 30
92 25 819
162 739 308
394 135 640
971 692 589
162 635 677
849 712 114
83 785 941
637 613 551
157 126 997
31 609 455
561 85 200
392 289 749
390 224 2
547 317 425
206 229 267
563 171 645
428 689 653
652 791 41
996 515 781
974 24 155
604 510 909
562 605 338
138 659 522
30 307 974
993 321 613
375 163 671
603 900 153
240 46 969
587 981 246
479 979 244
278 251 273
519 582 1000
518 32 984
123 687 899
986 534 657
379 929 611
143 325 877
901 987 659
668 523 275
912 514 945
523 100 810
280 128 740
284 574 194
625 293 1000
218 94 706
825 150 700
278 179 977
456 713 114
958 281 845
346 342 97
19 277 106
883 763 958
937 303 531
768 521 38
4 585 294
918 707 269
376 889 387
440 812 363
566 243 75
864 670 714
829 901 915
967 636 537
977 152 245
568 625 38
974 668 954
3 889 614
828 774 372
808 724 534
770 925 648
768 428 202
677 926 796
858 744 714
593 93 655
935 95 426
845 298 14
985 200 683
565 311 209
526 283 498
204 281 259
765 424 800
984 376 767
445 45 666
810 532 435
287 530 725
33 328 784
688 18 610
170 240 442
68 42 375
156 635 841
17 828 957
430 839 171
549 366 563
460 217 990
275 95 100
487 551 422
725 773 998
283 595 542
757 652 927
888 263 606
944 813 990
35 986 822
563 609 313
328 788 181
606 43 975
477 14 989
837 51 145
706 805 965
714 215 858
671 704 954
748 784 136
283 940 219
316 150 826
552 597 697
801 309 547
345 285 763
125 176 2
58 591 813
676 815 223
79 185 784
528 822 897
0 493 276
51 248 841
724 954 136
275 269 233
724 161 830
704 44 808
889 13 847
631 866 573
909 985 883
529 324 473
165 537 919
736 752 961
878 716 685
947 229 707
366 347 24
40 340 800
701 935 695
652 935 147
4 125 914
668 365 940
642 327 374
755 27 573
165 423 794
391 954 171
811 109 109
476 541 145
296 884 139
985 128 76
858 58 183
527 647 617
21 534 475
374 588 74
262 416 967
2 605 728
183 719 236
225 427 243
113 757 643
212 688 577
138 793 3
86 607 492
229 811 39
573 898 929
611 65 740
483 674 148
323 959 423
797 208 250
827 471 283
49 406 784
932 378 125
422 526 784
332 99 914
84 439 774
263 660 882
876 883 894
116 2 342
115 670 1
991 600 104
564 688 267
626 158 69
258 85 156
546 846 569
964 630 927
541 362 31
635 202 615
508 56 659
103 990 508
163 446 955
907 525 643
714 349 920
86 733 219
379 584 207
685 206 213
712 988 540
311 277 680
46 596 541
810 795 997
735 53 916
53 651 890
458 326 782
641 349 107
239 67 307
724 983 31
379 570 752
624 548 245
794 313 762
910 815 473
905 504 28
933 579 166
564 681 345
105 860 854
249 221 495
573 439 572
4 403 51
694 911 3
393 204 142
96 179 148
861 475 674
532 373 337
576 87 924
189 561 835
742 237 246
432 268 111
955 205 519
327 434 20
649 706 538
662 115 903
264 560 481
432 75 526
419 936 300
115 25 353
880 864 930
464 273 935
480 588 125
282 592 46
895 160 54
465 881 880
225 52 417
889 683 25
280 989 643
40 452 126
648 489 14
889 448 18
57 600 132
315 226 562
801 35 697
580 302 962
890 28 79
511 860 907
602 807 900
57 706 808
364 15 238
99 600 259
909 522 424
379 447 246
642 752 424
4 672 542
265 617 964
225 958 869
466 963 327
671 723 96
594 463 988
241 511 529
274 184 864
597 442 572
159 697 954
53 915 527
915 443 810
22 689 639
705 349 56
459 161 61
113 342 107
633 459 649
327 791 832
602 923 469
497 739 673
597 947 888
83 727 445
247 771 326
754 857 565
39 602 319
703 991 299
138 161 486
218 998 860
106 392 209
380 853 614
44 92 230
479 725 370
552 123 3
74 887 435
583 87 299
530 418 873
523 281 212
75 763 694
756 677 649
495 348 55
224 954 195
746 188 668
421 300 795
905 298 369
138 45 547
219 241 499
885 364 511
529 796 800
195 916 765
454 717 456
10 292 883
94 459 244
773 178 936
203 221 999
616 893 373
746 985 681
312 856 404
602 607 338
786 739 394
988 267 490
534 156 234
308 914 98
902 893 34
105 364 181
412 229 88
531 830 798
173 563 920
860 193 698
524 978 466
460 200 674
201 381 746
890 706 113
998 296 890
225 47 932
988 953 567
821 649 719
276 850 995
181 332 468
849 893 592
927 620 201
855 214 837
993 850 573
771 465 498
491 46 161
382 768 9
636 68 954
705 756 23
8 271 783
839 985 337
652 384 794
196 645 556
463 606 294
211 180 344
208 235 653
183 106 778
29 489 688
392 828 896
165 149 307
404 821 784
630 496 334
800 398 988
227 165 906
110 293 857
11 173 28
450 59 20
751 649 259
97 562 216
348 610 292
972 478 699
386 229 43
657 256 271
443 54 172
752 608 704
87 953 968
238 862 632
738 350 13
59 780 143
399 570 51
865 968 888
344 736 298
850 826 347
745 288 561
111 457 29
707 224 114
153 938 374
348 378 725
43 896 149
632 985 836
847 19 339
740 815 364
287 19 900
267 729 258
83 926 268
710 705 933
474 754 480
256 489 170
111 224 387
531 695 855
481 360 319
267 593 924
439 687 338
286 956 551
857 984 921
383 347 90
239 929 612
219 464 983
817 502 835
566 257 408
675 964 777
353 637 237
52 133 447
415 601 981
598 969 278
734 923 655
941 306 91
487 897 320
473 980 415
591 899 369
658 264 245
433 15 548
46 939 586
6 606 261
152 723 306
431 483 250
525 445 781
436 342 207
322 221 404
996 895 405
771 510 306
521 603 235
100 312 715
346 500 537
127 633 784
360 779 638
375 266 831
162 860 906
800 772 326
825 493 838
268 918 216
324 759 166
736 299 241
21 15 978
562 144 961
307 46 899
878 660 614
143 799 522
448 280 164
395 502 650
315 742 646
840 234 726
353 151 220
396 237 266
581 219 106
92 655 714
357 179 500
911 122 643
303 853 50
681 270 964
314 631 194
412 945 717
600 241 565
675 395 538
514 219 948
511 54 368
789 251 913
916 923 192
845 215 87
897 528 347
561 296 371
672 497 361
111 180 772
907 86 878
86 656 735
702 399 738
133 848 948
753 888 503
92 821 112
652 956 104
517 513 672
736 127 841
136 806 704
854 485 721
968 476 239
734 127 402
93 214 114
839 342 879
590 938 948
647 658 587
613 577 944
110 852 194
606 983 280
294 82 455
970 35 49
797 426 515
195 403 686
440 348 744
903 669 333
357 252 755
182 589 429
417 809 57
587 782 565
56 806 48
102 64 906
571 143 815
93 12 596
746 60 932
436 0 378
403 891 365
705 404 27
543 26 735
217 341 241
72 19 863
2 381 505
603 820 848
237 270 294
583 409 504
436 328 539
244 637 849
611 779 965
792 505 733
354 517 72
924 187 516
439 95 263
455 823 868
617 459 936
38 598 110
60 864 343
772 963 249
847 737 174
666 891 837
487 894 336
290 193 168
757 117 142
326 80 631
652 520 336
313 575 252
112 452 152
450 519 556
812 884 872
604 92 797
609 117 967
162 353 266
204 258 341
179 323 983
141 409 18
640 261 102
728 847 202
343 236 740
688 433 142
237 61 589
641 17 422
809 529 101
71 196 343
747 9 833
996 156 65
443 655 654
89 828 860
557 593 2
553 37 623
793 81 3
508 483 650
564 641 292
21 653 987
561 422 554
336 456 202
385 477 421
187 263 475
913 3 894
914 255 24
245 351 721
155 458 883
223 860 782
597 872 16
808 249 840
777 726 654
337 894 53
67 836 690
146 321 314
548 614 333
987 32 824
303 835 69
19 346 726
646 229 151
688 825 626
892 207 775
949 289 743
873 898 191
451 565 201
402 977 978
975 472 424
523 828 802
735 733 217
210 617 746
864 285 51
500 606 554
742 962 181
472 798 291
929 119 862
385 126 441
101 686 773
252 352 270
799 291 308
593 85 196
410 671 784
8 175 576
418 999 252
439 131 477
696 211 323
740 874 546
500 189 587
347 101 975
363 822 641
544 543 78
263 364 387
397 736 161
85 957 151
458 141 116
298 445 219
101 66 248
999 191 902
995 993 996
288 182 408
150 815 843
230 597 779
945 738 450
804 20 932
698 606 650
788 718 123
383 278 683
282 683 149
629 157 7
708 826 304
989 108 758
143 272 514
203 767 660
14 59 550
966 406 859
862 850 749
520 113 365
184 121 411
422 103 581
454 106 507
434 614 71
126 207 608
792 236 173
297 747 992
824 182 797
646 847 662
847 859 543
214 391 3
180 107 806
659 111 60
613 297 695
506 525 971
945 504 3
391 641 553
880 537 107
791 901 804
619 58 313
625 79 659
938 524 533
351 197 151
507 781 357
884 739 857
689 747 610
894 850 62
30 489 660
260 305 912
297 184 420
598 685 876
67 529 260
630 862 283
88 993 322
825 680 377
239 759 169
70 287 157
662 944 251
956 505 66
121 159 452
58 681 461
535 703 231
319 454 13
437 972 643
390 40 521
95 966 744
705 764 865
490 79 87
863 934 973
807 966 863
399 35 264
817 695 490
837 616 573
987 91 66
137 168 233
465 814 539
598 172 455
892 83 377
586 126 797
578 875 195
488 427 960
527 110 985
55 209 882
860 883 582
515 546 758
514 123 314
528 888 691
152 975 746
955 163 630
121 836 94
833 252 164
363 39 73
860 72 284
999 198 697
970 218 935
545 630 666
59 922 627
192 216 923
89 587 926
99 399 259
995 919 482
768 374 252
442 219 746
957 958 657
43 63 762
445 14 950
788 435 338
863 827 543
715 599 924
375 359 415
228 733 964
226 99 367
985 335 766
791 380 758
15 893 358
641 820 215
591 88 944
863 36 159
944 840 436
962 782 52
373 408 3
459 772 158
548 758 427
592 556 853
656 485 216
961 536 34
823 437 64
555 150 903
257 131 673
183 976 943
970 799 768
61 221 638
44 611 123
912 743 523
998 942 908
304 541 938
101 720 909
609 440 816
81 448 494
369 933 770
36 235 316
514 30 28
211 347 949
497 860 112
955 78 759
305 444 583
872 245 70
176 723 715
465 249 62
528 637 628
280 970 999
714 738 586
56 743 304
251 684 198
827 462 553
815 865 598
303 66 619
488 844 117
954 984 147
712 723 770
667 973 928
576 151 373
88 289 985
271 407 953
256 774 852
464 103 259
737 169 117
565 205 20
984 138 975
190 524 554
365 281 898
239 139 971
650 746 423
774 531 502
467 492 361
499 166 620
672 68 238
915 0 237
796 858 919
547 757 141
951 117 950
71 962 682
772 642 516
425 514 765
756 106 242
830 383 831
933 551 926
491 436 528
374 342 73
326 293 329
19 784 6
600 297 687
774 130 193
147 892 998
15 604 589
720 464 990
402 205 611
199 159 983
81 273 780
944 295 402
612 917 512
428 562 207
369 940 933
682 754 334
131 421 88
689 537 50
854 566 69
554 670 353
140 855 635
753 112 539
957 54 379
725 398 734
89 582 990
266 551 913
637 189 83
621 72 711
845 856 575
851 446 145
432 585 937
201 279 667
409 587 612
509 71 746
177 231 58
903 762 632
30 291 315
809 382 597
296 501 316
212 377 353
586 281 489
427 355 802
902 795 663
674 184 962
786 482 892
810 350 744
955 550 697
700 523 689
617 68 576
677 671 351
122 296 551
475 516 749
241 171 772
137 214 394
993 106 71
923 72 829
1 848 490
143 70 686
686 134 580
274 688 410
762 430 654
661 547 557
684 169 360
591 956 597
749 922 310
60 83 731
29 537 937
776 144 381
162 232 506
419 393 691
586 8 433
351 685 623
201 515 843
829 996 822
412 879 945
516 47 716
429 636 427
907 671 631
887 173 440
631 886 43
172 832 345
281 188 59
92 930 526
817 801 284
633 357 522
413 498 497
142 728 31
713 980 944
484 992 319
163 259 315
133 429 71
808 638 640
870 270 757
282 865 454
177 840 931
190 342 323
533 192 996
868 69 308
231 51 381
952 154 187
678 729 830
313 606 623
883 240 337
90 160 287
207 501 997
561 305 515
226 905 454
284 844 847
888 260 756
343 102 13
711 200 182
642 51 41
937 961 104
697 559 962
391 525 265
594 163 328
645 91 78
303 385 906
658 129 946
108 381 29
521 909 216
453 463 739
241 393 400
726 781 833
584 653 270
875 304 213
90 301 334
897 439 145
310 316 301
9 980 299
240 616 340
79 721 269
919 997 876
674 275 813
695 995 325
480 998 151
224 606 654
947 792 600
698 962 320
787 956 45
775 709 939
171 386 395
51 106 23
155 161 756
208 513 134
679 980 683
95 275 508
911 792 436
312 439 545
251 4 847
802 377 102
965 246 570
571 337 269
58 917 938
89 826 438
787 945 978
996 586 228
778 673 251
543 856 571
409 206 541
621 151 781
116 544 216
248 824 107
685 614 69
309 970 389
743 443 590
25 882 677
229 476 818
749 734 524
284 632 936
457 830 477
750 83 467
342 402 121
586 247 328
508 642 830
319 804 699
459 799 88
637 289 751
833 564 677
93 654 358
15 216 501
123 584 571
595 571 743
714 368 663
221 952 345
503 103 456
189 516 189
737 865 376
414 16 168
511 0 186
579 816 858
259 325 934
975 785 364
970 558 737
142 530 253
12 967 450
238 672 773
17 930 65
148 757 865
792 892 800
810 245 938
145 639 831
705 631 126
101 490 212
737 408 696
419 838 676
707 768 557
823 671 757
885 63 865
319 676 823
743 684 686
617 825 165
661 381 530
615 331 740
692 681 505
526 674 853
36 774 257
705 46 447
573 528 466
181 314 135
889 471 862
303 158 849
412 262 379
405 798 40
967 736 122
99 717 55
221 872 283
138 379 154
311 116 235
440 7 269
860 476 410
279 996 334
672 968 297
313 932 247
780 787 127
770 379 262
609 177 225
33 435 768
86 571 24
962 800 27
844 127 54
819 500 294
475 852 89
645 950 651
60 301 737
992 868 187
220 38 697
71 146 811
520 727 689
734 650 555
975 757 224
328 706 610
14 880 531
293 802 476
766 389 345
807 504 420
272 666 366
593 680 894
282 221 750
399 587 592
910 24 620
592 543 451
915 223 153
865 961 421
857 955 318
39 945 726
992 268 51
905 652 600
668 369 492
968 771 52
522 113 312
27 451 717
130 847 404
7 870 417
648 284 247
436 527 690
566 908 801
648 100 380
431 351 698
369 34 184
255 825 613
107 981 260
511 407 858
179 640 967
462 683 61
48 913 734
623 603 973
415 397 341
899 354 15
555 316 557
356 540 874
353 644 155
563 437 572
928 334 539
768 991 244
557 603 738
8 173 385
52 926 185
3 969 95
703 883 754
706 65 694
174 766 354
153 247 445
430 87 593
358 423 741
146 625 6
374 450 137
184 374 647
694 749 184
230 547 493
718 667 415
217 977 509
828 460 107
651 767 720
819 266 775
8 118 504
308 802 652
353 653 763
633 856 59
598 556 436
71 158 129
331 413 212
250 325 647
696 803 412
783 576 243
233 693 911
823 368 63
640 844 42
790 346 996
492 964 497
54 917 825
969 935 355
961 95 983
298 812 616
849 305 562
902 297 750
230 331 842
534 992 247
689 644 563
345 973 0
595 984 485
371 987 910
504 373 486
963 620 287
438 706 686
27 875 34
678 749 198
160 940 381
832 540 446
615 506 372
495 52 6
448 574 646
664 806 296
39 835 249
366 236 539
400 951 449
503 194 708
321 113 392
363 624 605
182 750 240
67 614 591
490 21 408
649 578 92
280 925 816
752 62 305
634 694 195
384 429 542
344 819 974
972 296 45
370 840 669
47 578 7
603 466 840
442 839 562
654 805 185
565 997 160
755 830 679
640 354 680
145 493 457
174 463 661
183 275 257
920 315 6
659 479 785
652 240 542
22 739 811
98 607 372
733 399 223
680 253 47
257 200 929
48 358 165
882 173 764
999 253 378
66 793 413
65 11 203
289 791 665
713 413 656
15 214 20
48 191 827
633 987 955
233 374 31
396 993 402
618 292 293
199 148 726
391 603 731
987 574 509
500 998 857
140 926 452
117 394 616
944 815 792
690 108 598
843 432 2
879 52 881
175 274 419
905 195 765
60 868 106
522 97 73
22 16 374
507 35 522
757 319 898
9 187 37
196 323 673
207 825 675
365 407 699
462 918 495
358 9 514
774 423 954
103 884 313
505 486 498
824 972 38
581 360 461
667 193 18
378 914 944
402 913 664
74 547 781
756 425 57
361 755 747
311 848 21
223 477 193
712 567 561
498 910 733
567 557 69
438 184 667
275 694 356
167 99 65
682 848 207
447 108 871
455 454 499
470 134 40
461 247 730
133 374 499
950 958 821
612 998 983
287 585 693
960 603 992
289 281 340
729 284 853
920 823 467
769 828 581
167 504 928
434 925 387
36 569 57
42 858 881
267 709 831
237 98 505
899 436 164
644 242 488
803 297 12
41 233 187
212 331 50
8 945 650
543 454 51
52 105 14
327 251 486
33 875 901
434 47 335
339 487 328
269 628 545
405 813 763
354 402 880
54 527 372
956 500 279
46 87 144
101 55 902
316 561 415
522 125 34
562 539 583
310 26 830
818 94 151
786 333 472
210 989 377
428 61 479
705 106 33
91 236 948
461 667 262
110 344 607
284 407 155
563 198 65
12 636 574
976 28 248
769 28 603
776 765 394
906 692 762
738 774 825
129 213 877
754 276 792
902 544 37
609 594 964
552 515 442
951 627 295
852 851 468
206 843 632
556 664 481
179 380 244
629 290 948
906 104 889
519 191 390
62 527 556
114 621 909
77 882 778
212 597 239
885 126 819
860 801 411
230 566 47
110 210 722
775 829 751
931 725 277
283 455 826
188 506 972
220 146 539
0 593 457
795 459 266
340 481 652
528 186 432
741 537 256
190 177 262
275 30 965
821 568 272
216 689 739
312 92 854
146 723 873
807 619 551
15 287 986
937 973 537
305 690 489
910 637 844
922 306 929
898 90 797
521 588 127
496 740 345
255 833 764
592 167 266
722 824 242
841 560 370
543 867 200
983 276 588
628 939 286
609 639 821
317 884 772
732 551 147
272 338 622
661 165 981
712 390 267
779 192 840
892 244 215
314 132 324
12 797 321
572 671 464
661 732 840
349 510 658
955 105 905
510 538 974
693 289 897
168 605 984
556 882 508
585 915 701
542 704 761
76 312 356
254 229 759
945 661 675
374 613 298
189 998 11
307 1000 548
234 780 212
915 445 239
75 769 114
573 573 632
391 624 950
654 490 534
872 588 162
196 556 201
495 46 791
657 628 585
930 771 511
806 542 151
723 495 360
44 690 459
130 2 979
788 760 239
29 635 92
363 766 704
446 662 18
353 978 199
492 598 566
493 282 547
629 604 106
933 439 847
162 400 248
687 182 999
95 20 449
171 401 396
327 136 282
152 118 258
578 632 510
716 401 556
777 792 483
330 419 278
21 984 511
697 935 141
45 31 260
5 52 561
379 51 374
889 228 164
862 773 641
849 463 581
325 225 145
523 205 996
674 844 403
809 657 66
162 961 211
640 276 71
177 667 733
229 637 34
974 76 837
402 729 394
762 482 844
151 92 457
375 786 13
199 970 911
840 387 800
925 527 539
619 609 410
64 435 584
553 644 812
85 950 408
955 875 337
849 465 39
581 805 465
97 53 402
414 550 582
34 497 830
651 358 180
522 618 954
338 52 991
790 981 878
629 581 877
53 723 464
442 140 151
746 277 80
492 817 553
801 380 458
169 603 423
268 989 256
44 559 226
550 550 131
802 843 436
723 694 842
363 302 363
993 365 795
236 282 316
790 199 57
475 372 969
450 338 370
933 466 979
679 114 829
532 981 23
997 290 977
532 551 835
578 722 969
529 752 725
329 402 907
299 639 140
666 680 13
411 398 93
823 747 146
888 57 801
139 143 749
663 825 722
841 347 994
781 758 884
869 417 177
818 301 781
175 617 195
484 58 43
831 596 3
157 955 934
9 835 225
595 154 757
687 561 410
124 395 410
701 764 823
839 845 219
600 342 547
521 618 849
869 943 627
575 250 783
995 94 310
128 273 713
279 197 761
668 502 185
125 428 118
552 447 970
633 62 961
755 264 575
780 336 975
13 819 786
560 0 501
543 995 554
89 203 44
419 457 581
656 417 665
914 516 254
936 355 368
885 744 804
109 546 721
247 107 838
397 722 512
323 862 461
852 605 549
719 212 837
866 147 516
879 207 943
145 876 683
322 51 632
133 619 829
520 288 617
958 489 118
396 708 530
401 313 546
476 791 390
893 90 959
191 729 122
727 760 811
870 586 683
648 274 909
113 473 23
448 342 619
426 988 700
923 760 965
878 334 424
907 848 627
972 244 501
269 294 416
441 642 736
103 686 27
146 445 920
120 192 453
110 735 107
335 177 617
796 2 518
346 255 488
133 924 199
625 552 544
862 314 166
140 67 38
84 988 230
656 426 566
513 205 941
834 371 69
876 589 463
565 326 471
520 927 347
325 767 179
991 768 397
822 472 992
699 69 444
495 443 537
813 139 730
877 913 762
914 18 839
353 1000 386
951 460 495
649 1000 251
709 826 276
891 345 975
498 103 671
563 501 475
731 822 365
737 568 809
840 667 92
830 413 545
276 498 169
327 582 775
629 382 752
32 927 998
822 373 932
206 624 351
635 73 698
434 517 863
548 635 680
173 724 134
151 448 499
645 156 836
438 484 428
300 832 616
42 864 446
206 236 355
483 597 45
838 433 398
327 501 559
492 111 529
960 154 94
683 446 647
71 485 101
871 796 344
327 639 185
374 268 728
938 77 88
771 888 78
787 409 794
68 531 699
282 150 323
213 369 54
113 534 540
751 77 675
918 911 446
185 730 722
4 434 859
343 384 524
564 29 971
558 198 860
852 832 441
773 801 972
282 856 88
28 769 5
192 987 426
602 635 803
313 707 779
929 8 539
750 303 319
398 299 976
483 132 49
979 151 872
433 874 932
622 77 123
211 497 886
237 866 970
485 520 191
420 131 63
769 857 901
896 611 699
847 211 843
228 678 61
138 377 342
54 16 234
356 168 255
394 744 827
896 761 454
150 374 736
302 834 526
889 3 557
137 974 925
827 451 369
401 279 499
204 543 301
630 497 683
598 557 530
245 731 681
325 727 313
498 576 176
176 553 993
110 302 32
65 127 13
179 899 535
492 326 669
601 975 106
441 16 863
190 637 385
895 336 561
723 474 677
622 908 286
509 67 519
460 848 996
670 42 69
947 158 174
605 776 984
920 569 500
138 338 1000
708 418 541
885 378 579
616 872 14
82 620 590
985 800 88
341 372 708
797 637 510
967 11 166
530 856 828
568 783 623
81 677 495
676 99 456
117 481 387
952 51 76
839 298 698
817 854 508
356 895 123
362 107 505
754 381 609
685 366 22
1 340 577
488 400 581
909 158 420
459 168 986
320 427 93
292 43 999
203 13 144
576 368 42
593 926 208
644 781 685
137 845 982
74 99 17
28 32 84
822 827 123
262 781 485
758 332 217
853 657 322
124 731 686
687 262 451
854 106 735
646 30 430
637 584 515
594 123 174
776 78 270
820 459 251
177 19 62
727 651 202
821 4 942
175 892 269
683 377 175
296 327 954
724 484 93
458 560 83
14 832 461
734 247 172
87 841 781
332 129 153
108 150 818
137 51 24
770 537 477
555 383 604
315 318 152
391 997 47
582 220 667
455 283 535
243 341 596
549 855 894
956 106 54
216 907 221
429 705 27
775 952 384
993 73 373
628 688 75
139 311 738
89 960 36
423 427 111
398 534 12
41 751 203
879 285 588
383 649 931
4 18 225
225 955 194
594 780 726
145 468 675
210 478 777
303 386 936
170 233 930
310 378 578
497 248 563
223 585 413
956 718 125
804 305 576
159 546 918
703 394 749
496 1 121
443 916 573
221 107 641
334 58 789
465 650 554
845 423 41
598 135 197
572 988 344
899 831 660
288 710 272
397 200 167
877 138 82
570 605 379
306 201 19
430 667 484
512 172 68
9 47 885
858 608 452
807 604 867
258 987 480
6 819 362
488 304 268
855 520 302
372 897 610
941 266 310
421 601 740
797 81 930
729 121 104
406 302 276
908 665 359
368 452 576
862 830 653
73 432 870
932 772 415
953 82 428
963 577 91
477 133 343
745 766 619
916 100 652
36 48 235
912 703 511
653 832 39
278 565 115
978 979 640
125 688 924
823 706 568
645 281 329
56 798 435
611 351 454
730 721 299
463 305 666
326 686 36
910 657 826
792 629 440
770 225 310
807 291 956
257 897 594
843 79 526
258 769 888
197 187 389
713 652 816
567 577 869
793 458 71
382 275 781
892 23 233
361 513 593
655 453 457
717 354 322
501 497 99
478 106 686
272 770 108
69 795 428
273 42 359
638 906 720
58 689 703
344 924 619
618 226 553
159 840 613
548 373 874
903 655 209
621 11 843
623 770 57
832 539 898
414 536 562
490 600 711
905 263 935
47 495 97
433 359 437
127 984 489
716 825 291
627 430 974
722 867 616
213 864 956
45 962 705
60 32 954
828 388 474
375 513 483
609 990 486
263 533 353
839 422 215
563 246 251
725 380 585
517 456 592
661 893 688
166 93 15
690 104 935
506 657 77
738 387 2
391 838 774
122 889 885
849 276 163
244 275 952
741 836 440
571 972 263
710 541 363
749 420 393
588 739 931
16 622 573
377 534 255
225 726 883
417 243 327
891 949 429
978 746 947
730 466 781
817 27 842
978 23 869
818 441 165
948 273 167
306 859 197
541 191 239
834 187 158
655 306 253
447 557 793
589 136 153
837 552 304
19 577 402
603 583 362
133 992 622
780 517 463
931 187 298
179 16 58
210 652 711
387 625 648
76 196 240
723 119 543
934 312 458
273 630 977
386 662 31
378 443 448
450 856 321
131 414 541
689 611 49
377 595 625
865 484 816
56 613 580
105 425 945
379 532 681
921 471 287
9 826 125
561 262 988
558 248 847
676 67 215
699 975 964
773 495 168
822 575 476
996 925 989
676 892 896
167 863 655
151 602 621
122 67 598
540 202 698
768 472 745
904 340 845
456 490 293
152 587 890
371 251 959
910 529 42
150 541 790
314 34 218
192 305 828
515 391 697
419 234 590
687 599 466
715 858 527
590 954 986
778 568 107
951 640 921
990 478 513
282 659 557
868 890 85
638 818 736
718 525 211
962 470 338
472 791 142
740 915 264
882 458 948
346 44 318
976 501 374
534 624 795
254 979 42
950 253 291
986 584 260
840 227 334
746 300 572
439 942 230
223 609 501
645 216 432
728 546 509
645 74 495
444 774 251
581 409 619
680 988 610
259 983 996
861 268 407
710 994 874
762 975 25
904 447 848
770 779 105
79 490 1000
749 763 549
671 846 180
502 618 551
914 931 391
253 734 717
832 264 394
686 734 361
124 37 202
537 430 513
436 274 126
613 896 360
718 944 475
190 716 598
91 214 130
339 872 390
472 339 627
162 282 629
94 255 116
533 665 57
290 866 782
979 55 50
210 504 881
511 909 717
757 249 517
41 62 538
458 217 547
640 292 388
801 496 241
288 364 873
28 172 57
24 144 793
377 44 127
112 915 655
535 55 401
565 361 15
637 157 597
790 358 19
918 599 88
131 228 114
423 352 84
967 650 516
943 213 178
952 10 250
11 123 839
278 255 140
446 802 539
671 372 491
619 914 89
800 563 353
742 170 367
179 579 942
856 112 687
92 819 508
414 148 1000
809 714 521
927 442 890
685 783 816
853 33 511
272 236 673
186 650 895
12 89 462
836 243 69
113 840 805
960 142 592
705 410 793
766 337 156
906 18 428
810 249 376
174 49 764
956 312 76
612 787 725
664 849 436
278 872 592
985 97 195
229 222 965
835 74 327
987 948 842
828 943 970
539 323 987
454 892 445
788 38 231
319 414 975
519 293 420
327 113 546
448 241 885
276 803 142
907 984 839
134 604 844
97 139 843
220 431 891
479 911 270
863 565 922
684 631 428
135 214 46
302 494 54
738 902 570
790 158 797
361 69 480
474 698 430
93 393 722
42 743 228
528 769 562
260 407 983
300 91 981
666 51 545
293 23 937
449 980 481
512 262 94
694 275 118
520 138 688
508 808 963
172 913 120
443 528 292
58 81 475
79 559 966
558 941 637
46 191 306
478 649 214
185 159 997
663 602 543
601 543 985
589 579 961
417 553 766
662 525 617
418 132 194
788 83 646
329 246 739
99 348 199
511 681 134
43 676 745
280 69 541
179 376 321
239 226 773
392 226 487
718 408 434
611 608 404
523 148 642
777 356 265
534 419 757
520 410 138
834 199 247
580 114 139
869 573 0
314 551 849
747 629 245
16 598 426
23 94 136
675 824 332
838 643 273
518 621 31
16 456 432
455 387 193
911 40 86
673 742 892
879 20 720
322 632 566
354 696 880
901 527 976
496 532 1000
7 195 30
681 452 434
963 25 651
591 614 328
744 460 13
721 925 744
682 784 469
815 45 355
630 936 856
18 60 89
105 164 270
176 791 650
705 904 91
355 147 741
885 311 552
204 403 492
136 72 785
782 815 970
7 575 104
268 433 212
892 275 972
983 464 81
238 983 955
609 28 4
815 924 400
420 885 663
339 514 520
74 392 471
864 109 586
787 864 850
12 232 388
812 163 756
617 159 390
670 618 72
719 899 383
363 793 824
662 443 710
433 566 891
782 219 972
434 976 256
905 126 378
22 428 617
331 93 249
142 307 659
261 675 958
486 175 485
508 886 832
906 439 608
847 940 886
255 751 896
276 900 555
423 919 95
298 60 425
931 384 271
251 572 9
430 1 910
186 51 558
19 986 127
202 595 189
293 543 359
7 371 911
624 647 32
644 400 7
511 798 122
539 220 374
712 993 719
395 494 152
602 193 682
833 899 140
886 810 34
495 426 513
789 72 738
382 970 872
736 49 844
941 474 217
63 792 484
140 999 712
738 312 495
751 290 280
849 817 755
465 403 110
901 492 688
417 834 465
547 289 687
269 786 275
47 931 442
1000 423 961
495 207 630
771 379 344
19 788 482
550 59 104
22 326 305
183 166 61
587 252 59
575 720 951
861 831 315
147 831 829
35 644 898
838 85 853
584 270 29
319 149 993
370 60 944
146 414 313
545 836 516
41 354 783
206 466 502
887 346 942
833 202 710
754 280 103
382 610 634
948 95 659
341 861 155
948 536 602
892 507 647
729 479 605
835 35 197
674 81 275
945 877 606
740 908 661
564 383 61
673 144 944
5 332 136
354 85 238
651 735 82
590 647 604
813 359 200
719 389 840
469 278 858
353 121 754
133 591 479
147 683 367
893 881 919
228 111 488
44 485 326
645 275 226
785 477 213
245 72 799
911 41 395
418 739 239
239 798 524
101 589 317
52 625 852
524 104 351
792 790 543
738 30 395
648 732 486
603 334 602
695 44 608
184 831 574
303 739 126
296 448 711
394 46 448
655 87 860
150 913 332
644 836 27
959 689 159
594 726 813
913 279 179
584 875 934
410 317 192
395 52 878
484 354 287
472 434 310
908 178 542
388 248 604
441 576 650
42 842 40
250 291 654
140 937 71
499 114 718
725 58 138
206 74 923
9 852 719
574 120 388
857 824 809
389 666 277
50 230 185
810 916 222
326 851 153
922 738 240
669 938 147
138 26 244
219 681 135
73 474 265
372 592 707
684 4 676
140 458 556
841 498 155
199 834 991
693 646 548
417 293 314
378 979 84
138 9 417
447 978 909
902 752 997
877 164 621
920 293 189
532 234 237
748 442 804
181 881 500
890 967 282
331 748 853
802 7 190
315 691 370
539 28 619
487 161 107
501 428 455
785 596 874
132 178 15
478 797 565
251 621 359
452 329 310
147 328 486
538 130 278
203 407 915
349 238 806
300 865 9
403 478 641
502 595 963
690 717 528
906 961 323
237 592 750
825 578 31
214 794 820
59 251 385
536 232 944
497 578 471
610 704 592
1000 334 227
355 14 674
76 840 784
608 500 686
573 49 840
876 918 979
197 672 808
434 990 457
20 446 895
559 90 547
771 556 718
702 593 645
487 244 249
462 947 552
564 910 892
180 236 945
660 701 919
79 113 893
543 696 351
865 198 279
672 289 731
386 917 834
528 880 634
75 249 66
250 459 179
882 306 688
583 1000 351
555 437 125
842 902 226
460 644 122
395 319 870
207 583 926
840 452 920
483 564 709
343 475 933
801 230 911
982 504 14
765 131 376
31 535 98
824 679 156
408 935 832
864 762 481
36 297 171
677 713 658
938 116 538
135 88 489
309 494 4
469 774 364
65 390 83
706 650 735
737 511 115
909 354 421
581 406 27
709 664 794
259 289 22
559 1000 928
427 146 78
520 287 243
469 754 761
860 405 693
202 124 202
701 634 571
348 122 260
320 320 958
983 937 602
292 74 935
109 244 399
989 921 777
116 853 864
645 967 723
646 794 485
256 32 611
665 514 909
365 534 109
790 428 365
923 901 267
620 55 114
500 659 947
298 752 42
732 723 587
363 238 38
684 484 546
248 156 14
541 575 75
719 421 366
272 464 598
664 700 814
111 533 677
824 819 516
743 777 187
410 818 489
862 679 204
144 187 654
662 28 808
688 303 534
470 854 801
525 86 153
196 48 236
440 95 4
348 55 854
887 469 381
907 441 401
720 669 944
279 527 715
615 743 129
737 92 931
521 236 261
143 234 904
725 153 918
563 866 470
1000 165 942
866 284 974
309 891 940
565 639 137
266 257 640
130 663 149
744 756 569
228 5 958
61 398 64
41 525 273
462 628 827
961 966 495
731 2 191
408 117 67
524 29 970
876 473 21
160 215 302
418 702 268
339 838 165
408 301 422
527 8 797
495 564 215
918 272 207
909 710 787
534 534 891
467 356 239
555 914 726
123 105 236
318 57 994
906 881 529
600 355 63
444 486 486
872 456 295
126 694 667
534 613 525
558 74 619
3 533 697
378 203 963
894 185 73
88 918 202
358 106 735
183 765 726
730 600 419
603 865 150
81 110 466
508 671 205
596 342 311
275 674 21
152 71 61
625 135 527
29 278 557
205 709 683
708 569 882
157 232 935
352 345 913
682 909 673
287 408 213
347 341 448
579 936 195
45 623 780
3 790 271
802 702 533
581 352 158
182 647 342
883 727 814
742 929 116
739 780 629
559 607 406
853 313 763
865 893 9
478 148 534
854 589 442
947 185 957
858 942 272
644 73 638
266 408 571
938 607 630
54 17 498
369 297 491
196 363 360
107 733 795
106 365 134
259 320 530
127 147 306
550 826 247
813 939 971
448 844 74
537 285 738
268 761 657
497 616 1000
434 144 51
991 470 851
709 362 505
741 711 953
366 608 949
72 346 186
833 175 848
821 804 453
328 888 569
538 185 366
355 297 341
361 530 596
679 593 656
511 314 337
740 51 535
453 639 345
401 662 606
10 706 279
436 715 935
329 995 443
178 475 173
8 14 495
270 9 676
338 427 877
749 919 968
476 811 627
957 30 346
629 301 306
633 664 149
118 158 907
471 806 844
230 806 702
26 940 992
978 802 388
645 270 82
279 525 902
88 17 127
268 354 106
166 845 299
581 124 212
324 446 320
40 82 893
577 10 166
185 251 903
62 381 633
214 160 116
36 869 79
382 550 161
661 138 225
847 491 337
942 809 599
471 668 572
43 917 713
23 313 373
119 360 104
378 144 409
289 712 748
669 242 977
16 804 727
420 46 298
765 977 360
290 199 887
258 777 331
822 271 843
893 203 920
973 659 98
404 853 618
846 479 888
384 248 330
969 84 328
687 160 777
8 142 610
852 557 866
408 166 756
220 903 144
446 463 561
997 390 1
72 215 302
133 49 306
316 564 126
207 513 817
586 773 526
416 443 794
680 164 883
382 214 980
931 438 494
265 600 657
447 583 521
868 132 92
758 205 122
686 549 801
230 666 628
797 233 534
981 817 21
273 305 641
415 649 765
886 623 67
252 336 874
17 699 290
28 873 129
313 809 54
686 311 333
307 548 652
244 432 895
261 881 320
390 614 964
207 688 170
561 437 132
52 272 44
189 909 714
15 189 386
809 13 45
737 140 88
435 469 199
287 121 608
904 122 657
147 814 878
676 380 974
109 851 267
536 291 822
205 419 162
622 439 215
114 800 625
310 943 713
405 851 937
461 221 584
13 20 416
281 30 306
771 499 674
115 9 370
662 943 901
874 620 126
959 991 245
484 145 23
374 877 144
933 175 766
737 215 17
814 999 361
940 436 2
3 773 919
431 579 770
958 514 537
417 290 269
687 296 179
74 95 732
507 43 914
610 52 191
55 745 660
34 881 648
542 9 63
238 866 329
546 266 426
367 295 414
453 895 632
956 501 323
114 808 453
717 378 479
24 372 911
405 95 742
956 323 9
49 347 343
23 451 990
888 210 242
716 209 49
271 254 281
765 443 131
645 993 887
141 381 648
600 859 323
154 259 582
218 329 381
71 421 444
729 326 385
254 586 156
742 474 962
874 493 737
612 780 543
234 743 242
627 977 286
151 893 480
443 363 215
999 129 242
716 960 300
921 292 734
558 969 421
150 620 973
447 780 575
622 931 985
120 732 687
975 695 452
771 870 632
769 982 355
365 518 542
446 324 52
676 515 237
792 946 899
551 46 735
292 128 927
780 488 84
560 468 15
736 184 419
845 517 269
759 275 458
991 270 655
579 494 367
841 474 388
14 640 467
810 312 375
98 873 98
955 17 210
335 38 667
69 624 897
372 515 51
173 723 643
107 343 553
752 906 384
327 977 879
834 503 616
110 144 612
82 174 751
414 924 452
701 794 969
515 433 493
26 107 285
403 785 62
120 709 520
908 961 778
839 266 480
451 602 616
65 66 269
223 306 554
771 991 782
711 761 921
835 833 153
461 265 189
878 908 516
169 776 269
247 228 620
56 17 429
576 794 362
217 457 333
19 21 669
373 453 503
966 312 939
428 596 334
189 217 348
834 194 733
511 162 430
552 149 597
761 640 728
464 351 6
603 227 789
195 782 44
109 543 408
892 18 636
267 122 614
711 517 15
413 142 23
528 209 147
333 701 426
423 848 150
222 552 552
667 490 452
70 605 829
786 791 207
433 464 736
109 974 776
297 603 628
705 276 954
436 349 545
885 72 488
995 540 483
848 132 721
408 172 107
679 700 707
818 640 134
537 956 952
187 761 980
553 66 824
209 861 794
281 799 468
785 740 765
638 146 526
279 985 24
22 366 983
553 701 279
595 544 646
458 9 494
317 736 893
445 537 750
520 938 987
45 262 240
292 108 618
406 902 420
335 277 928
583 431 959
176 743 866
114 971 464
875 704 835
434 986 143
523 936 297
289 313 133
826 53 658
910 620 246
881 418 471
273 998 388
650 611 580
766 40 908
539 693 912
797 815 728
801 649 323
102 906 118
310 634 356
798 519 624
25 777 88
237 509 316
686 991 216
234 784 523
385 109 882
228 369 267
657 948 5
488 917 989
54 982 490
118 951 506
610 397 599
578 791 288
672 713 928
609 841 350
730 840 943
641 920 933
843 163 32
456 171 208
536 636 125
428 309 102
935 191 770
866 813 772
297 800 83
775 633 669
931 650 782
345 14 455
719 222 900
927 260 783
858 615 447
957 445 655
774 825 113
214 513 98
373 439 28
800 89 218
412 16 355
334 505 641
895 480 394
328 433 768
932 774 482
854 407 546
865 242 397
632 681 32
982 149 455
337 235 832
945 217 270
70 201 89
832 624 636
520 182 825
447 333 917
295 156 711
439 648 487
437 93 355
958 985 558
983 787 476
263 542 869
385 188 68
122 495 426
689 459 383
532 326 0
907 934 361
791 696 865
757 919 205
600 772 456
96 366 504
542 421 3
542 72 981
5 659 359
805 597 452
965 236 33
721 106 461
365 724 111
117 457 643
664 681 394
12 485 19
693 20 510
871 896 945
243 748 481
147 38 112
350 103 83
412 749 244
98 884 554
431 176 560
940 849 239
765 397 778
153 966 83
642 278 271
78 957 174
665 628 451
223 919 904
515 686 404
352 569 502
94 938 819
184 341 361
236 527 330
376 508 548
585 208 209
708 346 376
728 280 592
81 748 398
672 29 57
583 305 307
944 36 434
214 431 248
871 61 967
274 724 297
711 178 641
435 129 746
697 517 667
568 394 270
892 660 356
611 298 97
248 796 610
430 398 380
558 953 308
616 704 609
612 144 685
556 398 600
927 628 957
874 155 520
995 523 987
810 444 742
724 262 325
598 917 320
349 553 609
868 218 612
40 196 158
418 16 952
894 495 632
10 122 477
352 674 166
319 20 841
161 514 145
277 854 65
408 360 355
609 66 447
1000 177 159
468 775 755
677 857 373
240 444 478
248 731 678
105 697 794
250 880 831
898 708 490
856 284 626
842 686 443
703 247 492
61 545 898
47 515 162
904 955 168
824 215 657
820 205 24
208 972 1
75 380 94
551 877 93
142 93 398
240 738 682
254 547 597
535 841 375
615 552 780
870 345 892
595 619 439
938 741 641
249 546 681
21 637 456
801 62 291
109 823 257
439 964 254
729 175 265
307 341 615
970 327 587
319 416 2
429 1 613
273 235 486
223 925 701
566 146 537
687 804 246
791 699 55
483 794 397
189 364 399
113 845 844
807 22 623
899 891 573
926 526 615
917 311 332
16 730 455
515 139 982
282 482 380
983 343 533
731 855 591
583 818 811
948 536 1000
691 13 593
495 532 999
486 873 946
276 869 603
825 565 243
804 168 370
1 699 547
440 295 487
951 13 84
687 540 668
867 972 179
562 506 636
979 548 949
305 382 229
776 584 255
876 979 93
470 727 275
524 961 816
568 323 739
465 745 357
575 187 517
431 526 11
819 152 885
65 340 580
855 269 196
899 205 768
750 768 709
608 171 284
369 22 996
799 814 488
790 881 210
148 692 522
268 96 785
866 809 516
268 60 502
867 102 612
632 216 195
815 130 901
607 392 308
227 379 868
956 777 366
958 969 931
358 89 558
964 417 545
435 751 251
405 863 153
937 210 593
956 13 724
8 574 444
178 678 154
797 887 52
32 449 458
638 113 28
512 605 191
678 540 435
116 737 512
805 322 484
667 506 891
280 356 463
461 33 933
643 15 221
981 319 257
715 537 166
523 721 797
32 145 60
133 916 537
707 734 321
726 720 425
475 330 632
764 193 263
328 822 666
536 912 321
985 832 100
718 50 664
963 95 84
70 300 869
670 134 993
521 558 398
448 265 966
438 599 858
747 447 779
936 627 73
698 0 687
212 326 866
328 613 224
658 944 258
41 895 456
987 50 904
624 910 191
570 897 775
140 927 156
352 986 56
232 76 936
513 4 165
257 135 335
200 910 129
946 754 846
958 991 47
894 308 588
76 199 493
280 334 364
628 211 256
458 402 84
202 99 16
936 979 430
600 213 146
223 338 869
712 84 384
154 826 79
697 133 747
624 184 404
14 491 28
156 40 678
183 117 895
248 308 849
619 994 18
958 75 14
489 26 62
535 852 834
335 917 478
970 781 557
726 851 960
1 966 834
949 875 123
396 514 548
667 84 923
366 359 647
351 545 662
496 874 690
951 949 453
697 841 573
411 306 511
104 45 743
64 701 401
997 570 495
905 778 9
654 147 147
314 519 272
976 526 307
873 454 127
257 68 127
454 457 578
804 502 933
246 496 153
878 74 123
851 358 228
61 572 811
182 498 268
232 573 549
316 81 579
956 394 943
415 299 600
619 872 28
273 830 208
951 771 702
385 728 560
462 15 967
429 566 512
764 568 812
225 384 428
791 345 862
719 645 504
884 95 642
251 628 608
858 238 919
226 921 245
201 809 942
135 483 640
873 112 290
754 503 773
432 610 21
854 734 915
56 183 453
515 869 164
84 924 399
57 958 373
467 252 337
862 949 220
204 26 100
331 178 818
120 480 755
702 370 366
167 385 256
901 971 601
546 529 365
953 842 99
517 885 91
632 994 532
100 52 51
363 666 928
850 398 761
192 430 752
587 841 530
486 594 289
332 735 398
924 704 541
576 700 121
208 72 811
297 65 684
905 124 715
331 932 20
395 304 172
566 49 675
488 140 714
55 976 813
571 791 728
574 233 700
628 804 762
805 8 316
279 276 863
497 456 135
683 9 186
289 65 442
190 575 860
714 357 113
39 888 228
129 211 237
834 301 570
402 121 257
181 339 562
306 816 37
315 364 47
809 577 768
396 586 834
331 604 895
879 848 556
76 115 161
957 16 161
938 348 374
880 40 528
180 366 908
348 502 303
660 84 41
17 249 879
227 289 100
708 414 266
808 901 115
849 726 326
302 363 882
434 820 378
844 861 869
15 239 15
227 372 826
774 419 276
310 576 34
756 537 441
825 943 71
255 140 611
133 26 966
78 19 716
411 70 290
109 559 299
799 894 781
921 470 896
890 878 171
372 94 241
58 806 279
994 503 936
901 829 705
902 744 440
923 21 645
830 920 396
463 140 406
143 593 813
175 529 582
474 873 561
754 172 881
293 995 251
229 929 12
441 919 762
346 790 119
554 870 879
626 530 4
931 750 473
829 660 795
415 48 710
240 407 656
856 443 53
185 872 468
361 584 585
574 485 550
475 115 961
527 142 877
834 665 784
287 719 592
392 848 728
871 82 73
17 322 33
151 890 978
452 284 521
504 623 503
329 31 51
95 995 811
339 485 613
541 355 21
92 646 574
286 80 17
442 325 355
937 568 733
205 589 466
738 361 914
683 819 777
162 729 20
853 117 256
739 360 681
22 553 664
763 630 512
700 595 93
850 735 264
444 214 446
819 38 860
270 367 342
3 818 844
100 956 344
468 834 210
603 480 643
42 396 449
462 175 274
52 21 20
868 271 824
297 647 72
357 120 889
829 706 267
294 566 152
217 229 189
395 209 528
257 931 694
523 836 627
241 22 235
976 792 339
955 533 733
398 551 5
341 360 440
448 578 654
48 666 634
560 220 604
4 667 795
646 503 775
359 604 630
783 990 342
333 899 590
21 985 136
392 177 83
144 414 409
49 402 930
828 702 400
297 806 655
342 460 632
699 336 451
15 166 220
443 717 877
288 177 374
366 491 272
290 841 21
383 799 515
628 284 828
728 407 641
492 292 737
628 28 49
167 309 800
137 455 616
224 456 118
592 470 299
885 494 133
888 631 371
360 11 585
683 325 284
346 99 745
150 13 841
312 891 484
360 568 965
103 606 906
829 455 658
110 566 934
352 351 983
904 743 964
356 601 560
575 628 946
940 1000 956
658 347 456
276 497 173
544 569 602
877 810 916
411 631 266
120 702 537
807 757 566
357 187 545
11 374 175
69 601 284
347 438 362
688 628 947
67 940 253
361 416 934
501 680 242
817 964 934
585 29 769
186 409 122
917 237 286
145 270 578
454 817 759
696 802 711
195 323 189
768 1000 799
446 334 947
66 731 159
116 271 187
279 295 649
870 258 23
560 762 434
34 232 220
254 410 478
831 402 838
343 837 599
363 25 532
944 96 817
378 69 75
37 870 283
818 520 521
850 698 907
211 282 165
551 387 1000
942 368 872
324 326 144
496 676 511
832 44 577
628 617 442
449 704 486
745 672 670
104 282 635
621 630 546
852 872 291
413 721 334
595 17 869
633 808 657
564 831 766
359 860 863
254 51 794
38 942 740
424 191 44
755 347 124
115 748 570
607 382 175
707 306 811
986 494 541
98 94 218
598 30 13
988 664 41
878 312 381
974 530 563
994 149 344
188 705 668
98 535 378
268 60 111
582 666 209
734 530 434
729 284 956
359 842 506
13 414 150
43 922 721
174 667 238
878 146 160
702 80 995
855 519 679
46 741 141
632 900 705
68 51 567
1000 328 57
674 335 679
394 918 8
828 724 566
995 38 475
180 264 850
632 155 79
655 457 530
337 356 544
144 66 873
451 251 89
471 802 149
956 330 527
595 131 650
669 55 624
70 482 549
323 719 499
9 856 370
398 397 122
942 692 921
498 525 181
201 140 362
463 221 830
184 606 469
633 273 655
275 840 438
574 232 362
128 891 99
825 789 211
350 240 797
487 194 170
544 991 915
729 914 737
161 921 736
687 39 621
786 889 460
152 777 710
342 935 330
756 787 352
329 73 713
128 341 416
350 896 585
310 494 770
107 410 623
619 432 832
778 858 502
359 87 205
413 899 403
538 612 925
371 857 973
462 499 589
714 127 872
435 99 627
0 575 934
637 765 733
174 761 875
25 306 649
384 69 149
426 940 114
277 949 968
195 973 300
717 915 484
50 264 930
521 334 728
824 676 421
559 312 758
426 24 814
258 932 10
420 272 902
725 950 465
999 87 537
529 321 193
53 932 721
113 646 470
861 700 505
829 597 362
567 465 325
614 67 837
994 178 295
765 44 944
155 62 33
192 68 667
886 118 568
208 247 362
394 413 787
876 219 643
472 528 439
522 986 260
711 340 477
113 962 593
861 489 896
228 482 925
657 951 914
53 391 812
132 685 971
357 798 282
501 253 718
103 830 380
197 926 913
52 350 869
471 885 809
734 821 280
768 244 743
794 694 886
998 207 270
664 866 643
227 187 54
794 139 66
734 483 15
896 878 386
2 18 889
901 914 364
535 671 496
258 329 987
419 962 857
812 51 763
222 419 356
497 209 215
780 292 962
796 39 34
779 857 367
971 171 332
150 426 557
167 280 705
88 934 869
483 558 455
682 320 631
422 234 245
58 951 484
305 50 831
15 946 744
649 941 326
864 292 111
996 856 77
742 552 527
407 950 585
756 797 668
700 788 748
74 887 942
806 863 549
273 552 633
890 866 445
584 946 162
238 254 803
627 266 75
314 857 942
789 506 567
217 729 640
230 101 594
322 170 142
945 34 490
859 613 259
770 193 186
737 221 681
333 683 15
952 744 36
798 392 710
914 400 660
363 155 983
563 112 892
130 901 320
935 633 129
499 432 177
397 603 242
901 406 879
173 193 69
241 897 408
272 301 76
389 373 420
448 14 850
402 951 180
919 441 104
868 864 927
481 449 350
701 298 707
957 841 913
882 139 918
550 505 303
136 428 710
509 481 340
384 604 151
518 621 193
684 394 316
396 954 587
969 54 553
963 438 494
528 902 798
511 62 981
23 237 650
988 266 935
895 514 963
930 532 564
241 842 645
992 687 247
148 184 306
843 984 378
54 117 753
68 227 780
330 845 277
246 726 904
60 240 7
374 226 390
417 272 467
691 301 77
655 982 146
603 152 749
200 768 896
562 386 814
942 653 481
423 795 924
166 703 112
219 809 89
74 113 783
57 698 623
571 382 435
471 650 758
758 280 60
689 821 449
842 346 493
882 422 897
765 97 698
603 186 970
889 7 630
307 1 720
845 929 621
341 894 449
203 601 195
924 378 999
577 888 116
378 541 197
579 786 431
171 310 454
945 448 628
749 733 838
690 969 206
576 236 927
417 811 199
893 930 878
91 276 689
814 162 816
297 944 98
690 866 178
11 93 809
940 644 812
689 403 154
31 504 705
587 86 535
763 214 44
855 434 528
148 232 754
331 35 761
786 386 840
533 48 249
313 432 106
105 11 326
571 373 618
661 952 97
214 597 35
717 238 377
825 885 926
604 541 224
325 202 15
350 1000 880
690 84 807
86 619 207
191 258 296
983 876 449
699 272 793
166 82 188
151 547 756
679 456 22
852 507 755
138 790 943
923 357 98
595 838 107
901 292 726
221 58 958
645 725 680
238 618 839
808 168 525
150 471 974
762 528 0
92 385 883
791 723 968
212 967 907
455 899 8
949 749 635
433 941 25
860 604 797
261 912 781
593 150 447
246 298 610
552 504 173
125 781 98
215 751 661
8 585 527
527 79 58
935 105 212
995 438 860
354 686 67
187 295 427
513 218 602
893 958 798
701 461 953
979 496 533
680 906 248
661 684 402
956 163 499
396 381 462
23 107 50
740 805 136
997 196 514
457 266 423
912 443 770
442 800 28
235 584 570
316 760 328
98 114 301
887 231 910
941 632 943
239 13 427
205 170 940
441 153 557
908 539 572
463 575 625
948 962 481
621 894 960
307 712 448
900 321 270
694 805 670
692 272 935
969 964 806
907 193 227
622 986 712
664 721 992
520 104 553
322 575 972
969 825 649
493 413 535
506 713 178
349 280 232
200 108 148
586 890 967
618 745 556
385 181 603
868 443 199
483 615 438
4 565 601
338 680 549
127 129 576
390 825 764
289 312 135
37 435 367
721 131 934
138 253 833
666 947 3
722 631 558
469 11 659
971 526 999
87 804 939
383 848 394
4 981 171
422 916 859
794 451 797
567 798 74
764 659 770
717 96 866
136 259 655
646 910 591
422 15 642
61 225 46
596 956 755
578 783 391
93 725 571
712 918 774
412 36 945
742 537 223
858 105 82
129 757 117
467 313 226
721 718 830
708 296 332
172 249 10
27 323 366
965 400 425
99 214 105
276 716 835
614 634 843
583 927 215
213 131 381
640 238 921
966 542 414
366 654 87
624 142 588
160 420 552
717 616 449
889 380 878
845 887 883
502 98 996
170 468 276
977 847 142
591 97 11
934 154 18
419 993 490
689 686 135
504 614 688
255 906 655
853 613 229
960 901 194
396 527 914
296 516 348
125 374 601
344 231 469
334 217 381
1 8 462
465 795 753
251 172 768
469 730 629
227 966 380
78 720 686
893 751 829
950 450 81
386 304 52
377 532 218
219 260 891
149 320 935
775 971 947
412 24 980
552 140 293
158 290 517
771 245 356
56 481 351
385 222 546
411 234 1000
456 551 927
496 203 566
745 888 827
370 430 89
393 645 901
280 343 424
389 385 179
26 319 716
968 377 909
455 927 28
195 766 742
614 723 402
678 310 218
579 39 419
414 734 171
876 791 549
827 424 794
551 264 675
295 950 112
83 430 430
600 466 348
489 3 720
508 540 345
278 767 987
949 103 353
423 927 750
581 506 676
42 70 577
794 796 534
166 320 94
449 677 601
398 964 223
686 101 255
849 222 750
798 916 461
901 852 69
178 260 764
791 455 426
867 844 843
116 997 592
373 413 227
280 390 382
383 684 0
580 7 280
561 625 243
544 957 907
891 767 894
62 187 5
808 644 8
259 60 479
161 915 797
306 168 914
332 874 217
635 172 268
49 224 229
768 30 813
996 813 166
434 320 172
928 635 510
680 499 610
909 423 779
728 687 769
821 113 149
603 994 737
987 132 481
468 141 587
338 663 177
715 87 179
483 651 162
179 575 58
876 333 339
523 469 8
341 582 501
548 442 256
805 106 215
563 40 763
0 747 919
674 67 856
978 958 757
613 128 289
516 19 98
947 452 156
328 803 934
318 787 816
641 826 104
50 300 98
169 539 59
68 574 993
855 731 191
820 233 669
167 726 190
258 665 39
179 826 747
613 579 482
419 996 631
897 100 525
460 338 627
958 996 720
117 590 563
325 251 462
677 286 806
405 875 376
788 614 926
538 744 357
332 333 673
81 45 533
351 817 607
671 969 523
139 704 695
961 130 726
137 898 996
425 673 511
64 880 180
350 855 618
64 268 591
529 3 196
363 323 916
84 777 473
446 951 477
785 156 46
653 216 203
852 785 716
873 144 472
323 627 317
617 626 568
778 482 348
997 815 443
159 779 680
650 752 690
216 890 239
326 79 743
672 934 189
58 40 475
696 961 84
408 529 586
856 388 239
990 885 458
245 622 478
884 252 148
512 498 614
72 32 449
930 525 839
852 433 668
159 824 274
988 388 13
645 516 401
728 484 663
230 872 947
148 517 67
708 710 378
582 50 438
446 328 660
247 716 393
176 658 977
69 395 277
115 566 433
742 255 49
921 793 487
461 716 854
467 674 411
388 603 756
988 580 60
575 463 741
139 235 953
792 641 62
82 58 925
49 653 5
889 919 321
207 11 785
629 316 24
919 540 865
45 18 548
657 80 98
233 775 674
73 701 607
670 643 328
242 588 963
293 854 500
589 904 387
970 534 906
724 111 129
342 495 755
221 87 361
800 793 824
358 692 133
994 171 484
292 994 430
989 231 731
169 61 13
2 82 393
829 446 103
849 32 123
135 297 456
302 430 849
386 271 720
517 91 762
93 354 388
194 438 682
973 785 969
382 962 969
511 622 75
892 247 842
91 320 523
800 424 45
500 67 559
155 212 582
593 858 802
631 875 473
28 802 678
945 588 112
16 754 608
890 895 33
908 656 371
723 773 721
237 732 220
83 743 465
71 829 904
122 746 463
713 28 487
696 64 6
877 176 856
703 70 548
221 872 695
572 606 29
141 321 539
4 553 985
179 100 581
495 203 492
442 164 826
125 236 647
706 306 5
413 396 888
11 590 829
171 743 165
443 781 207
357 393 261
121 791 235
740 563 371
961 80 897
692 585 92
153 712 207
896 603 945
564 525 619
782 352 923
41 467 765
641 473 553
194 915 486
248 153 782
758 882 41
430 83 770
734 222 430
545 524 737
140 793 43
438 894 305
813 581 387
899 451 527
271 254 286
152 562 778
460 879 533
124 372 200
924 287 998
262 374 375
461 231 281
741 10 357
974 822 698
644 112 106
804 431 988
776 419 55
990 359 666
455 498 978
465 850 864
440 826 918
488 663 949
819 521 606
537 770 137
172 715 880
497 265 167
48 21 437
252 574 69
41 894 674
275 383 204
299 397 162
282 558 968
769 266 179
609 868 987
111 257 329
311 496 398
317 899 543
720 934 531
826 596 70
926 976 246
612 662 259
874 507 370
39 399 740
981 73 327
704 32 453
547 938 741
967 661 635
697 518 81
324 257 648
405 689 481
889 92 174
523 982 348
118 360 972
580 197 329
802 478 566
65 641 593
109 163 225
175 665 239
871 536 896
930 702 211
502 74 422
543 647 66
783 987 532
100 688 925
583 944 392
6 31 509
858 109 750
886 862 978
210 208 440
694 101 46
630 254 785
79 551 596
143 132 639
548 380 369
580 789 160
338 36 414
603 76 637
668 999 356
448 542 568
508 943 434
827 673 819
0 487 847
27 97 754
530 422 446
836 420 370
128 289 417
410 851 167
695 548 432
642 451 535
489 14 125
148 127 251
483 8 326
871 336 456
752 218 501
183 997 391
309 515 299
328 139 260
874 72 459
923 8 189
418 796 795
507 33 195
65 606 701
772 16 571
259 670 402
78 198 303
803 720 123
247 516 72
595 873 844
504 190 406
20 761 44
520 588 914
349 841 386
751 576 649
784 521 77
925 812 25
657 637 37
349 997 228
557 910 495
206 302 725
444 893 223
721 447 623
460 207 309
434 30 561
59 891 157
264 214 580
74 904 558
130 24 488
61 125 727
564 615 772
438 591 239
311 662 938
817 157 88
708 884 426
328 288 537
510 182 822
226 682 688
715 777 304
978 388 455
21 23 310
238 849 492
374 701 717
677 54 105
989 883 373
793 136 447
18 627 759
123 730 59
307 407 903
579 635 686
80 817 722
461 67 834
157 155 782
807 349 61
697 346 454
696 881 401
178 204 921
305 234 851
244 766 617
964 954 272
842 763 247
208 210 920
860 307 276
495 13 61
989 315 69
538 250 270
762 878 75
990 436 350
887 381 664
84 683 444
639 740 726
363 362 968
32 55 618
144 899 452
706 849 120
86 327 966
378 17 552
743 649 252
514 890 322
583 922 990
481 172 886
680 506 275
119 840 733
161 413 932
343 723 23
278 836 977
215 815 541
516 941 975
728 88 353
429 530 364
812 378 970
696 130 456
116 615 350
995 886 795
673 894 872
961 45 356
923 996 136
414 343 167
521 0 243
926 461 796
133 580 12
762 641 903
365 527 231
10 383 567
49 48 438
257 57 345
107 140 331
55 584 622
217 488 388
712 326 873
604 966 792
402 139 961
878 638 467
112 833 106
910 414 784
383 942 782
77 665 434
548 550 157
408 777 967
836 107 428
377 278 398
982 534 699
44 725 928
231 113 923
851 944 270
785 669 299
272 97 421
350 440 863
330 383 939
594 663 268
314 801 813
446 940 473
78 187 203
575 549 129
323 692 607
636 94 373
164 690 940
288 731 586
834 79 574
237 386 312
993 438 978
919 54 764
298 228 185
121 97 300
501 758 693
322 157 535
521 647 961
223 926 219
290 243 217
181 10 486
672 353 105
657 688 424
418 115 834
956 810 585
855 979 704
21 161 686
321 854 880
461 749 236
860 476 892
947 929 171
491 740 53
764 949 982
395 515 735
479 652 838
745 910 566
670 501 950
412 661 356
487 166 230
882 751 584
890 662 963
922 562 207
595 163 118
832 219 13
666 74 50
880 435 787
682 416 969
84 993 376
930 947 56
654 778 748
141 175 708
213 795 379
752 248 473
450 565 665
365 233 320
34 274 284
997 204 721
344 166 665
130 254 41
883 321 269
500 525 544
236 968 602
146 298 437
198 854 800
635 17 732
39 819 641
501 306 385
759 24 47
759 971 53
177 969 148
555 534 13
917 421 747
359 760 43
640 57 391
294 260 578
7 817 567
777 30 616
693 597 534
220 333 403
951 622 748
171 440 557
804 361 208
593 788 535
352 424 62
147 32 311
976 874 63
103 119 775
407 10 75
54 461 741
828 934 733
64 243 847
639 376 468
504 809 20
835 332 837
348 656 658
657 160 871
484 36 796
873 498 600
89 732 561
360 282 910
310 638 134
745 482 166
621 958 571
546 531 335
152 529 483
158 564 483
69 462 146
456 992 450
236 531 544
482 279 659
311 456 713
463 278 163
392 116 241
211 432 250
309 161 579
494 709 900
827 715 744
132 108 124
796 501 902
818 375 742
589 919 214
359 638 219
968 136 316
635 284 859
287 522 641
498 191 335
73 168 497
567 427 429
553 633 106
289 533 565
720 835 149
105 514 578
900 609 713
839 442 513
129 818 254
893 355 961
887 738 121
730 43 205
514 651 441
448 359 328
867 973 361
215 886 220
711 959 732
700 875 711
271 227 995
829 677 788
138 659 511
479 269 202
225 734 271
742 653 866
725 117 640
458 18 851
868 869 105
42 40 811
216 469 499
215 111 748
458 345 677
217 458 361
566 453 400
758 480 591
58 886 723
449 54 760
702 495 719
143 639 748
90 409 104
652 597 101
67 702 524
15 465 272
155 882 711
934 286 770
172 855 735
71 795 382
124 984 424
956 543 518
344 63 150
257 105 384
78 908 780
711 367 44
486 873 434
832 957 653
562 277 23
18 176 494
664 803 722
234 216 315
794 502 916
986 318 632
496 934 392
601 548 496
426 148 632
924 868 991
132 603 857
181 654 955
630 689 385
468 719 117
891 246 908
198 30 648
409 804 937
665 243 718
687 484 396
628 824 785
606 334 943
150 424 369
255 362 957
461 903 347
978 729 391
209 638 18
159 287 489
596 945 667
208 294 51
395 715 703
117 603 707
978 280 117
800 182 702
925 788 758
222 956 851
656 669 349
583 983 776
204 911 612
776 219 249
528 857 103
246 919 84
903 964 632
821 591 793
902 563 474
239 334 182
317 553 316
581 143 328
362 630 256
183 257 677
934 954 713
677 689 502
129 880 359
953 309 731
327 607 478
396 917 166
963 316 983
130 322 12
177 36 760
801 816 8
0 96 878
689 672 637
145 577 285
954 769 438
260 727 301
655 464 692
55 318 794
810 714 57
207 391 200
754 486 385
992 953 936
34 203 918
693 616 181
862 191 60
681 419 184
398 984 483
544 206 619
782 896 687
565 375 218
385 829 695
996 632 940
887 652 316
312 740 883
721 499 722
161 730 527
147 161 434
637 298 780
223 515 501
627 677 185
378 757 929
981 825 959
956 927 150
791 5 610
619 366 320
143 155 593
171 193 957
445 368 286
539 193 565
653 25 231
981 883 788
962 471 495
400 917 333
567 260 339
442 677 515
128 698 764
437 697 710
411 628 438
489 295 174
920 109 100
617 329 892
304 873 256
41 451 469
347 13 858
565 290 403
517 466 833
439 960 482
963 432 831
736 970 299
541 395 270
889 919 244
681 228 630
492 917 177
605 323 742
238 808 796
553 227 898
155 722 612
187 169 465
933 400 339
840 198 378
516 665 568
304 40 109
760 82 824
822 980 679
695 895 546
773 656 198
574 763 728
269 724 460
901 212 240
717 250 794
411 426 87
350 252 778
378 271 203
563 588 203
308 243 551
614 689 202
443 5 923
118 468 764
468 26 5
583 686 898
240 937 440
823 251 199
979 64 765
312 700 137
966 206 99
898 28 235
788 505 184
499 954 379
617 234 270
28 694 151
675 193 744
322 930 973
544 260 235
622 256 658
958 326 43
907 927 821
751 829 349
807 528 264
303 21 657
509 150 120
580 523 48
289 671 58
651 535 355
546 888 896
460 666 745
938 711 440
494 16 839
291 83 20
121 438 619
959 473 18
48 676 526
149 927 418
543 974 369
696 597 667
984 810 117
161 277 262
49 23 829
71 622 113
268 320 615
791 2 40
975 290 537
189 901 230
90 658 711
398 607 216
189 493 708
133 14 887
380 409 874
432 453 950
831 297 340
301 845 526
408 282 354
454 584 259
395 740 293
814 354 155
247 116 937
559 989 42
778 8 20
256 408 849
161 970 370
744 434 997
558 188 740
39 804 879
279 741 451
397 548 270
325 501 508
794 577 184
55 114 894
376 232 786
330 518 20
115 807 192
817 704 720
725 328 921
864 640 796
318 201 150
872 974 428
642 148 234
817 150 641
80 245 484
737 123 944
629 461 356
600 289 275
926 176 825
396 390 753
621 252 751
231 59 629
137 720 508
449 502 428
979 157 252
173 786 272
22 725 656
177 109 449
21 198 313
53 876 722
12 190 923
479 575 735
328 672 293
865 636 324
883 409 841
32 0 21
701 709 568
15 637 924
938 603 363
551 881 255
659 631 807
505 640 50
720 40 223
794 296 971
900 535 107
966 953 751
385 562 943
667 663 374
5 201 235
121 195 323
286 363 834
539 715 259
522 317 467
822 416 527
811 824 201
247 234 143
986 247 661
393 427 813
132 996 20
968 870 552
257 243 345
249 868 509
212 0 78
901 932 768
552 593 690
66 789 839
293 78 314
115 162 775
773 400 135
327 291 498
900 53 899
305 898 849
452 534 979
238 349 420
667 272 50
842 851 943
398 326 492
926 619 604
642 285 738
152 437 259
745 167 894
145 538 788
576 534 198
856 309 506
332 181 599
84 491 978
174 528 158
791 228 974
995 847 310
610 813 231
172 725 866
871 423 748
676 84 712
672 615 649
490 41 417
846 278 92
234 201 829
965 548 726
684 128 9
733 680 19
327 22 912
927 598 4
397 859 342
432 653 501
206 939 56
258 609 754
687 891 791
64 633 155
144 954 776
634 74 728
972 595 269
219 542 982
577 474 191
991 118 445
291 550 374
289 170 239
244 955 730
644 628 757
946 729 561
477 786 185
6 55 826
307 272 658
648 770 302
950 594 677
41 944 421
360 679 286
766 221 571
626 953 429
331 907 764
539 584 456
242 867 541
724 807 66
807 409 287
625 875 353
815 482 753
471 255 40
495 396 28
642 324 394
342 630 541
886 55 382
763 63 396
674 312 527
240 531 467
258 307 414
27 398 724
668 142 339
254 235 415
138 205 930
117 17 322
433 259 855
290 806 254
668 604 932
439 584 512
445 609 544
697 721 645
251 126 229
127 136 846
281 353 279
50 327 213
118 750 745
350 293 976
633 210 199
610 845 901
953 768 87
153 929 481
652 671 314
191 203 556
731 162 551
509 799 209
951 985 524
280 633 146
770 18 634
400 702 319
503 671 494
921 550 742
428 314 465
587 445 345
404 919 412
516 679 479
489 191 764
644 764 570
356 84 318
769 306 129
461 978 825
128 847 131
227 57 908
143 899 468
505 323 910
694 875 967
179 619 578
365 785 582
48 957 542
882 850 507
234 646 340
132 978 86
389 102 660
329 854 958
562 206 585
514 614 155
447 66 84
224 675 893
176 1 691
231 267 600
650 937 762
419 949 605
425 892 918
46 228 307
691 65 567
813 51 97
44 401 833
863 709 64
555 265 915
339 59 97
440 139 46
480 625 2
382 749 341
645 397 688
659 720 343
140 431 755
961 468 777
459 8 954
100 250 366
298 403 568
752 754 758
149 989 687
121 360 636
688 531 274
525 630 905
867 197 929
235 985 127
346 57 546
711 818 720
744 825 642
671 997 79
193 112 764
26 462 348
796 590 86
699 3 309
378 754 69
335 818 205
332 231 477
810 568 59
480 786 503
549 34 631
12 944 628
601 75 835
24 543 626
499 352 259
832 283 347
354 379 46
227 972 925
84 495 348
594 594 736
72 360 766
743 696 626
237 731 556
76 677 84
676 539 312
728 265 950
993 81 539
670 263 414
388 352 222
478 213 817
26 188 762
264 302 975
288 862 489
184 793 548
620 250 212
971 523 682
136 548 322
317 530 255
761 48 903
910 84 719
984 47 138
407 569 202
670 139 285
338 132 556
979 701 382
834 873 37
961 869 52
97 466 62
430 672 849
657 448 231
35 184 174
514 51 427
82 488 703
605 12 382
555 74 270
513 170 665
274 441 341
43 238 98
485 329 482
661 230 460
93 30 503
541 484 897
560 371 873
614 642 581
674 444 732
867 377 253
188 202 748
582 692 723
50 602 725
837 694 767
613 633 151
790 203 390
501 462 814
396 532 658
836 34 352
232 327 215
646 251 439
995 253 208
711 253 506
224 336 460
996 128 262
947 276 114
289 980 285
314 998 212
631 958 982
902 314 518
292 834 925
969 470 854
907 945 312
561 488 592
788 378 634
719 881 379
965 630 845
621 761 107
247 504 312
359 942 218
551 181 446
486 662 881
504 93 177
918 267 738
343 23 575
55 859 478
316 516 705
421 722 467
626 925 647
930 101 633
941 595 865
398 325 208
71 445 619
146 177 993
502 704 632
245 643 272
859 777 508
263 703 200
963 747 741
258 925 194
6 686 221
303 561 180
22 21 704
426 130 288
899 50 948
286 781 432
939 224 419
481 314 349
610 423 876
161 438 758
862 794 818
900 818 786
657 783 364
562 637 5
805 748 14
14 403 70
196 400 801
470 954 962
706 907 23
951 690 100
263 838 120
484 424 881
262 715 405
944 504 417
779 733 3
812 374 173
550 671 580
985 155 915
900 819 706
95 480 133
830 281 232
41 895 327
448 632 480
941 272 841
961 294 904
307 710 238
924 199 775
448 27 678
373 952 649
548 629 12
884 810 6
714 566 371
685 602 195
235 693 298
879 571 619
210 430 589
236 531 272
320 664 318
838 943 778
856 684 136
251 341 925
876 898 570
551 686 76
51 708 33
31 852 221
960 149 87
822 97 775
569 16 492
104 389 989
682 834 152
90 207 574
882 219 698
171 553 807
69 447 383
196 84 127
528 864 0
17 859 776
267 527 265
124 574 759
297 22 817
106 881 699
304 669 238
709 578 169
589 679 775
420 695 430
404 867 549
212 442 528
863 50 588
63 565 304
250 309 425
375 608 83
846 637 460
918 525 655
998 803 212
869 321 578
401 585 757
245 703 756
620 523 811
58 743 90
243 806 616
947 47 259
785 423 533
160 163 678
500 367 368
546 409 822
689 324 956
931 472 630
1 526 976
689 502 714
987 3 496
75 512 847
489 715 925
674 764 620
531 79 502
312 346 258
255 783 792
392 886 316
956 366 989
230 986 516
265 562 687
122 131 770
320 550 546
690 632 844
52 959 269
552 611 334
372 170 944
442 997 361
132 896 754
519 513 918
833 567 86
179 958 955
336 196 876
219 199 242
783 642 770
725 106 68
487 947 2
982 523 681
542 739 782
568 93 355
275 333 579
417 946 516
475 891 672
910 925 375
799 310 200
485 907 292
733 883 629
247 428 558
224 158 300
466 222 838
91 540 70
286 22 866
451 417 499
275 553 155
630 898 100
317 36 441
187 997 614
762 226 876
143 173 352
243 161 988
523 878 370
125 815 966
99 212 990
530 81 390
930 523 70
950 914 594
870 360 559
807 169 83
544 153 744
578 482 940
309 312 654
159 902 139
306 7 796
192 846 928
12 949 112
668 875 505
526 485 977
55 0 318
349 93 946
963 92 632
118 584 310
693 86 231
416 975 361
231 760 885
664 196 79
727 367 755
537 326 721
373 128 44
773 817 519
236 259 471
772 877 139
440 891 647
211 637 226
191 231 912
758 78 404
81 666 628
484 927 319
552 948 485
614 164 933
459 560 905
855 801 737
439 84 771
602 521 889
405 77 334
500 857 536
885 115 262
655 540 757
212 374 348
365 701 570
843 612 79
972 833 92
503 932 575
725 544 851
680 669 520
83 223 433
460 595 155
77 857 161
387 877 675
617 574 996
198 17 41
769 937 772
991 918 991
851 851 799
619 16 616
518 665 569
316 762 469
167 905 715
54 360 829
881 463 168
10 577 763
417 400 335
267 230 889
667 593 842
373 831 718
505 763 226
294 326 335
919 768 985
923 623 86
598 489 37
72 204 103
370 649 299
875 515 963
67 740 24
940 926 342
942 492 310
508 218 109
33 791 301
51 197 668
4 798 292
222 495 383
40 837 23
714 154 841
613 949 610
500 308 778
66 627 675
578 19 998
725 600 415
982 831 373
898 995 446
979 447 38
331 184 756
154 933 735
772 553 999
62 907 855
377 767 0
696 611 65
669 447 343
898 313 535
451 563 345
888 908 988
194 46 184
883 490 154
194 817 179
322 836 755
466 520 703
810 986 304
232 704 558
889 906 785
501 769 636
45 483 264
642 798 197
603 843 782
543 865 106
501 691 30
63 578 620
653 78 597
738 201 423
619 862 222
486 677 606
896 962 569
574 926 154
973 910 797
112 929 451
524 87 432
884 563 499
520 997 779
943 271 412
383 31 875
396 801 946
843 446 4
541 718 10
610 850 476
540 904 40
193 434 455
420 698 934
629 569 934
344 403 989
328 327 415
285 849 527
802 935 439
464 322 357
827 249 576
140 384 901
162 561 621
179 850 483
934 932 574
723 203 187
663 749 826
124 84 469
362 499 622
712 140 372
98 139 924
588 992 298
547 343 270
408 795 95
872 869 540
584 822 455
546 91 783
18 424 842
639 982 751
29 231 461
261 828 467
179 921 525
287 466 883
357 333 160
222 606 716
26 911 277
333 827 278
316 135 683
318 417 534
421 446 214
47 448 917
32 894 131
858 902 981
160 50 845
476 359 617
446 843 256
334 545 817
256 903 57
3 99 907
544 569 19
740 350 113
178 930 358
590 362 507
924 915 660
846 628 369
942 129 651
954 103 640
294 789 933
320 414 541
757 296 862
821 926 78
804 58 610
178 465 717
529 344 27
536 548 143
836 722 841
708 131 582
542 772 520
528 406 864
773 495 446
987 899 948
947 133 698
380 81 30
509 871 15
605 104 148
307 170 189
791 598 706
232 687 857
306 497 648
486 696 968
143 225 613
434 299 905
403 903 745
791 916 192
322 184 377
124 746 380
917 389 16
567 989 173
371 521 46
713 808 594
790 537 772
241 521 640
527 685 333
19 959 406
890 453 744
432 551 399
469 941 346
94 164 224
410 803 650
538 508 671
382 646 398
13 369 901
865 954 423
13 493 628
208 776 6
311 394 138
59 469 231
944 91 248
55 67 140
417 570 429
475 722 543
543 374 878
770 647 70
716 241 229
513 920 983
390 879 965
615 453 57
583 849 764
20 24 915
359 862 544
971 794 509
515 574 256
867 544 546
984 524 967
10 125 968
414 925 452
453 617 430
331 354 593
592 24 417
551 909 600
434 171 329
986 701 950
152 804 361
167 914 487
129 50 865
481 976 116
397 829 917
742 299 57
285 780 428
566 81 86
363 679 552
223 317 35
936 540 736
626 580 339
133 110 48
842 200 527
917 866 73
585 414 943
810 3 483
743 648 282
107 469 849
434 272 892
416 38 121
922 524 733
259 227 847
719 791 225
682 899 797
587 595 447
594 416 640
365 91 750
364 402 897
816 316 655
122 632 151
991 853 545
276 642 844
389 728 344
755 618 114
872 956 258
153 309 279
285 996 479
981 624 75
105 397 761
341 957 187
686 98 172
632 755 105
953 798 168
827 627 964
660 733 672
402 136 971
198 932 228
326 630 446
744 480 750
419 699 329
288 533 840
39 151 315
949 402 299
691 19 523
67 943 63
744 79 802
149 503 621
261 160 633
459 846 995
142 895 614
390 134 352
560 138 364
434 264 749
850 298 889
94 314 419
851 655 709
267 887 421
357 344 837
357 866 273
300 240 393
156 26 900
486 389 878
804 920 54
374 903 265
70 73 247
783 632 284
402 773 857
624 536 526
252 379 588
200 330 258
336 455 502
483 584 913
492 868 204
122 194 414
74 400 420
236 254 746
372 58 516
215 223 344
150 619 561
909 998 325
411 584 487
965 73 583
212 708 690
384 977 872
69 854 638
286 572 99
887 561 304
467 884 385
734 741 901
200 8 369
592 621 369
597 595 193
408 129 6
919 65 385
692 18 786
355 328 426
604 442 478
233 33 973
125 848 300
970 162 161
301 757 752
449 620 450
378 510 221
624 770 270
221 134 539
474 357 290
979 561 312
54 160 121
408 682 392
710 556 331
72 218 638
294 675 725
737 504 479
746 479 222
279 688 478
562 350 954
105 571 705
910 670 417
396 680 165
755 833 42
194 280 422
109 818 400
35 486 403
714 505 531
627 797 526
449 947 76
109 67 303
744 798 483
87 713 165
824 188 823
155 669 408
584 236 977
696 671 799
6 27 320
756 970 651
659 8 251
225 226 875
354 363 438
926 638 901
175 208 107
589 149 205
689 293 193
188 376 369
358 153 433
542 720 766
744 682 659
256 309 356
719 398 393
343 274 915
449 40 89
879 226 209
568 139 372
941 533 937
328 551 631
584 56 159
27 341 924
614 761 900
881 852 992
679 872 258
505 89 220
556 540 209
656 562 834
699 317 529
207 667 463
148 489 858
562 156 44
295 403 125
925 835 777
528 923 288
940 938 613
234 595 792
692 3 270
365 95 991
727 146 69
760 328 813
260 956 579
362 386 125
370 311 548
821 627 265
405 992 806
495 352 511
19 202 451
178 83 349
969 899 603
726 790 178
333 163 831
882 599 462
474 955 455
816 116 943
651 180 667
990 258 178
479 708 605
991 407 355
974 796 269
861 38 555
365 541 226
350 162 88
399 804 723
525 603 60
29 691 994
153 963 549
388 145 413
19 66 999
261 906 16
994 510 114
774 297 47
695 878 947
149 267 513
838 170 354
22 361 164
300 229 986
638 375 783
201 340 951
821 535 925
48 56 83
536 431 636
812 144 158
669 276 898
485 175 525
863 813 159
775 917 182
652 556 664
681 595 610
182 897 288
611 862 224
117 97 65
653 971 810
560 115 813
907 752 154
466 54 801
976 986 331
240 923 176
23 204 244
492 90 121
887 696 812
711 576 714
689 890 997
108 297 334
590 250 538
750 161 382
5 550 622
788 820 852
726 399 765
198 929 366
213 446 255
655 53 815
521 622 807
52 516 48
582 652 814
914 630 176
203 178 137
719 985 181
688 766 985
388 544 665
208 877 14
925 560 806
634 387 543
336 889 623
262 528 256
676 410 631
947 608 266
630 595 141
629 581 129
521 868 263
545 726 534
620 142 127
717 512 602
759 196 108
391 592 331
823 147 157
412 707 818
833 137 609
53 555 461
215 566 525
145 66 78
864 559 139
859 428 27
745 135 232
11 815 271
900 71 568
536 4 957
939 384 619
158 877 325
699 59 806
191 411 973
162 314 567
53 246 941
636 512 126
21 905 841
315 899 454
527 485 127
437 498 893
226 334 24
629 396 220
707 439 804
448 538 601
453 502 243
589 239 824
856 357 154
509 615 933
121 442 543
745 83 123
80 252 416
1000 265 150
838 116 698
489 429 726
124 89 613
55 326 133
960 904 747
982 189 482
965 442 121
147 715 940
153 103 809
908 557 993
568 1 255
399 777 383
349 58 346
140 590 342
415 357 779
228 625 21
81 266 307
442 467 456
25 436 883
292 40 104
641 649 930
227 549 120
575 190 666
975 46 193
956 182 432
558 849 41
966 333 410
107 881 335
980 335 198
673 499 973
362 577 920
720 2 476
394 753 935
6 926 540
538 42 488
567 671 709
625 755 273
650 108 205
848 834 266
408 924 590
348 707 275
104 430 273
928 130 167
907 121 408
139 477 479
461 624 837
570 609 208
663 622 932
47 149 222
996 253 86
309 533 916
199 700 694
167 371 354
329 563 215
532 673 747
395 71 604
11 591 623
585 498 508
802 365 593
182 566 892
232 240 924
912 725 173
578 152 203
562 618 282
647 604 305
630 97 878
793 52 883
911 511 978
799 524 326
258 22 349
635 361 111
635 414 832
766 629 579
673 426 8
484 80 228
650 115 196
235 599 249
767 758 629
109 347 707
199 714 525
911 470 426
901 2 234
314 658 690
982 789 195
733 326 796
192 201 11
128 226 953
991 400 434
179 627 229
771 484 848
356 891 467
212 95 259
436 35 796
796 278 310
812 977 39
954 216 926
292 122 671
456 199 153
645 881 394
313 263 79
134 927 769
267 877 239
914 23 785
66 719 967
10 23 894
16 453 436
971 715 0
318 876 255
23 136 366
11 982 284
792 285 873
74 294 382
200 225 797
201 79 934
954 200 71
198 622 245
837 190 201
398 759 29
901 937 564
483 737 652
297 896 84
793 453 554
942 714 490
393 955 941
95 546 817
81 197 732
874 645 837
865 249 69
363 290 305
497 369 153
274 807 786
235 437 468
255 722 406
249 483 358
395 56 646
927 964 95
654 163 379
366 834 829
339 924 58
722 949 176
21 183 485
937 995 234
656 609 675
17 808 52
40 713 560
660 581 803
601 335 668
540 827 505
564 654 455
568 855 764
187 317 725
332 351 317
153 637 30
961 787 879
265 44 546
453 800 839
286 181 461
978 506 561
525 697 739
512 189 929
49 808 633
404 299 982
822 716 381
198 949 649
204 569 175
600 350 684
533 722 657
494 554 132
724 591 970
878 999 301
350 970 590
159 696 748
669 784 931
429 341 969
290 444 166
11 795 35
57 762 585
565 957 486
707 118 806
802 337 120
548 944 81
940 939 313
975 776 519
104 811 318
927 181 334
70 686 391
514 84 678
171 867 27
337 586 681
122 587 110
87 61 774
946 318 88
866 36 272
231 900 345
369 559 541
257 441 103
107 938 126
69 610 310
449 222 726
354 26 665
27 104 822
745 853 885
566 105 244
598 770 448
163 619 32
18 534 681
375 432 555
746 6 516
862 314 678
891 387 293
407 584 82
508 247 8
324 276 617
245 575 186
721 987 852
430 281 429
867 908 384
588 488 157
369 831 562
582 573 584
890 214 259
187 616 538
365 325 833
590 472 234
388 398 227
661 176 181
843 668 403
617 371 534
598 102 142
526 775 424
93 191 140
130 30 942
335 491 272
681 943 464
861 333 137
236 757 328
681 297 685
692 295 449
15 792 785
903 760 503
417 280 265
82 117 401
317 550 561
317 496 284
228 987 813
923 889 504
222 161 585
867 773 613
885 898 439
707 495 906
873 612 533
765 698 717
147 840 451
811 122 53
6 888 851
945 687 34
538 210 706
415 692 938
666 748 40
958 73 475
804 137 227
525 640 562
843 546 346
925 570 226
300 826 604
978 807 879
397 175 330
759 419 218
865 159 35
343 205 520
651 310 931
70 150 14
687 253 694
659 159 368
661 992 635
536 642 364
839 561 633
260 912 240
757 721 435
446 576 363
507 649 627
774 821 771
419 427 605
182 518 318
966 227 744
760 959 591
728 229 801
891 339 206
619 450 580
691 785 989
458 844 891
138 522 794
244 422 201
386 513 635
302 452 103
621 40 418
294 869 683
660 119 599
591 525 127
518 204 252
586 944 108
762 877 734
233 987 245
237 396 816
996 278 213
199 913 465
860 306 902
314 954 567
39 37 289
579 684 432
838 839 53
982 724 578
31 474 140
383 106 583
766 297 351
351 675 359
877 266 161
323 66 742
995 903 951
899 444 453
297 321 504
73 301 476
750 781 31
469 443 783
552 977 984
903 67 8
435 103 941
365 735 262
238 766 467
561 817 922
238 356 855
225 356 691
825 280 9
858 506 325
277 14 370
450 482 848
595 191 589
389 876 801
784 635 724
880 302 556
920 851 485
476 984 70
854 532 819
772 446 652
395 773 584
936 851 882
825 320 461
849 462 982
153 642 328
312 308 635
71 329 692
466 14 251
408 412 634
358 837 756
108 588 909
368 590 984
703 22 265
244 638 808
616 674 874
452 141 804
68 750 967
119 669 757
705 108 758
620 217 726
997 203 189
347 279 869
912 740 607
271 80 493
108 176 348
96 438 787
743 863 370
972 603 288
238 692 838
474 900 503
321 755 353
341 296 163
452 680 978
698 990 649
198 543 713
997 621 533
172 798 721
354 154 798
917 405 752
409 629 803
716 752 840
267 480 265
631 627 826
712 363 564
211 390 239
13 349 902
661 246 986
164 426 743
0 80 564
101 811 47
873 181 613
163 603 91
189 104 662
354 305 453
824 406 646
770 54 30
637 887 22
600 609 89
397 569 314
154 992 391
201 890 554
165 561 20
976 755 155
786 197 318
518 772 236
417 86 623
746 356 425
223 177 582
774 389 348
317 788 985
56 104 876
537 689 974
609 809 767
861 478 886
611 950 935
99 855 349
16 227 146
704 264 221
558 386 966
779 700 348
883 145 981
691 709 992
305 854 58
687 64 530
655 655 281
345 516 829
179 112 121
92 842 359
719 512 558
679 664 196
962 121 823
455 150 323
986 537 153
97 689 127
689 886 655
122 444 880
455 918 16
878 130 369
324 678 554
822 359 117
306 409 401
455 558 264
767 558 731
785 626 236
31 985 482
516 946 513
839 348 702
61 192 337
214 979 404
382 725 136
976 885 631
959 275 824
995 537 494
467 627 827
450 181 913
842 409 902
572 196 970
32 246 125
788 946 240
159 792 562
218 757 16
555 275 959
252 962 973
824 678 740
140 966 216
805 886 725
35 749 860
289 566 163
934 945 851
437 607 97
9 708 957
175 984 564
587 198 872
760 65 757
131 556 620
418 31 288
837 488 992
968 812 144
474 330 666
67 195 427
547 487 739
486 759 867
686 510 942
92 338 109
782 781 265
966 365 15
271 278 445
518 396 75
407 276 152
197 94 763
756 856 65
658 379 480
306 708 862
435 823 727
791 496 879
859 553 556
896 725 797
877 524 579
281 173 63
114 48 576
274 711 593
4 12 947
639 294 226
534 336 596
926 61 383
109 143 383
624 624 861
517 509 534
569 355 399
67 568 623
115 261 178
504 495 330
592 988 958
344 463 658
440 812 533
434 691 427
584 855 694
603 347 381
416 965 998
49 110 110
625 108 57
522 370 483
651 546 94
802 189 770
78 47 841
505 980 672
669 45 255
358 307 905
718 126 802
919 4 601
65 613 546
972 736 156
332 678 956
976 627 197
776 318 549
733 978 657
630 519 332
305 714 415
637 374 168
306 178 315
587 120 400
174 1000 870
797 899 911
828 921 122
207 632 123
169 978 842
858 791 671
100 606 991
280 660 223
794 980 827
342 619 623
395 209 408
373 513 851
618 703 346
132 60 90
260 392 678
342 631 518
246 797 810
856 737 263
472 802 920
735 989 497
39 781 133
675 879 174
48 670 431
506 180 251
695 822 408
741 619 945
261 949 379
703 976 992
282 619 981
45 713 654
391 48 352
479 252 355
875 683 456
910 522 545
437 515 546
103 178 118
252 142 291
188 784 930
856 986 275
152 465 244
586 410 133
603 417 978
313 752 464
764 598 523
912 685 858
734 533 689
892 424 828
835 246 586
370 767 356
642 590 363
466 827 693
953 557 70
348 85 141
94 144 568
897 36 385
725 40 635
704 292 681
512 198 454
532 794 194
448 758 252
526 864 724
603 670 755
904 626 469
718 430 486
155 765 412
232 375 656
764 440 219
788 898 648
590 869 183
189 913 916
249 2 798
571 498 125
678 672 555
964 923 843
472 702 923
375 819 969
619 671 163
803 231 926
147 908 842
404 866 403
58 252 199
972 921 40
467 515 971
782 226 825
643 390 943
902 711 692
58 315 747
480 699 302
71 131 549
421 338 323
875 532 438
262 379 424
284 685 602
539 394 476
251 660 780
978 712 436
366 566 475
574 299 61
409 471 102
294 572 164
615 387 55
742 225 192
715 153 78
77 668 718
199 308 376
961 488 968
834 281 613
897 417 549
474 632 54
2 949 73
638 81 448
485 201 241
262 280 106
207 288 220
121 947 994
764 873 333
362 226 372
407 692 39
842 853 826
554 463 456
93 184 413
424 844 318
665 485 726
444 477 64
615 690 61
675 459 927
797 87 143
370 125 201
958 37 641
505 573 433
925 533 652
776 801 167
633 124 938
975 696 486
877 243 771
44 332 965
97 94 298
604 299 163
664 419 569
93 125 923
805 559 443
180 90 100
614 962 22
831 906 344
452 738 627
209 988 91
358 342 101
472 206 424
286 903 285
793 48 853
211 49 83
559 262 401
227 904 218
841 673 509
580 414 803
131 163 352
421 144 158
257 2 625
368 791 873
346 765 613
388 977 781
425 841 399
33 48 641
248 75 805
523 783 731
61 249 198
642 655 779
520 508 513
252 782 698
419 900 733
229 993 260
152 97 632
32 511 576
289 678 13
588 964 348
658 213 953
195 450 133
85 207 842
180 338 574
93 215 278
217 446 863
110 988 953
348 881 533
0 813 470
488 292 117
683 835 930
124 613 170
282 128 530
621 475 390
551 782 784
469 251 874
5 676 668
231 882 417
555 311 255
635 331 277
48 51 147
276 963 295
440 988 23
1000 562 637
282 341 475
717 891 132
978 837 857
986 620 200
911 821 220
667 802 951
46 350 32
337 491 610
729 409 764
780 207 178
873 611 382
854 140 121
635 616 400
607 29 892
33 207 740
432 212 47
968 134 330
335 478 996
636 219 109
403 480 322
6 62 812
488 832 979
502 428 560
189 276 220
120 581 46
664 136 260
731 802 168
283 80 214
704 139 371
806 892 882
165 338 717
810 11 258
30 160 573
719 610 545
317 316 510
536 746 403
270 173 60
744 268 681
647 970 556
661 47 756
608 413 564
482 91 504
203 967 66
13 312 390
366 396 534
226 288 234
393 705 743
176 529 444
28 481 749
112 162 344
122 573 314
922 820 738
235 358 582
330 276 880
721 512 362
700 732 12
980 279 878
457 614 424
142 975 470
172 210 673
419 142 971
859 23 716
624 19 307
611 196 626
69 171 407
655 606 267
903 912 225
231 202 923
832 804 66
701 526 120
687 781 427
978 980 301
999 882 942
588 550 530
358 137 627
532 868 253
293 658 798
785 43 939
990 35 911
96 632 115
618 651 560
410 232 211
420 760 929
278 286 6
340 706 765
813 946 478
66 937 329
511 190 993
679 683 550
704 807 995
880 849 217
821 316 577
248 609 291
197 56 750
62 870 525
943 203 512
713 434 669
844 983 917
159 833 488
575 126 256
175 948 434
190 260 586
293 702 542
93 639 684
60 62 894
327 193 132
916 817 540
605 731 12
567 172 614
124 119 68
488 956 173
949 871 815
68 337 622
603 541 550
724 789 180
140 296 759
40 528 745
777 521 568
907 85 489
501 598 465
861 539 255
883 935 60
504 222 100
608 935 597
620 837 601
20 338 899
786 194 781
267 396 307
707 893 214
291 651 3
969 919 697
465 958 603
995 403 157
582 741 313
876 952 178
498 701 497
115 153 938
434 709 310
995 364 7
544 631 544
222 668 885
637 189 629
927 301 868
238 425 930
304 11 114
40 482 587
483 736 62
725 104 852
449 594 771
871 479 180
704 762 246
938 357 587
429 517 492
272 604 350
88 641 735
176 243 438
139 156 563
464 28 965
93 881 836
48 377 198
712 905 527
390 84 337
588 548 793
653 879 536
296 61 847
429 460 370
659 996 969
474 30 219
396 315 595
700 918 706
353 726 851
38 40 865
692 981 195
62 434 107
89 105 644
457 510 971
891 465 861
35 698 690
821 289 497
327 531 368
61 805 831
848 18 16
71 177 463
366 214 472
605 173 917
276 512 740
143 481 855
487 818 485
725 736 690
853 327 219
38 371 455
235 17 825
189 572 323
244 695 764
251 553 576
939 371 352
708 2 15
844 922 619
842 415 802
33 64 884
369 84 997
46 485 61
31 179 31
519 152 513
755 889 643
221 117 726
821 777 217
927 244 965
660 341 629
762 114 901
530 839 692
691 719 742
92 325 527
311 93 110
135 839 573
668 530 897
954 995 768
846 706 560
152 55 531
267 609 404
674 637 260
809 525 368
788 753 778
938 479 560
73 424 583
69 231 623
866 88 42
243 112 802
498 534 755
756 252 605
4 919 659
56 263 392
26 218 715
286 761 439
659 866 806
814 59 644
81 586 62
471 771 419
947 753 623
903 425 245
432 458 7
370 550 2
881 47 55
511 857 569
902 335 812
176 14 897
971 97 839
427 44 769
431 467 568
808 357 287
667 650 277
427 889 311
771 668 635
386 73 103
15 849 498
540 649 781
638 643 181
616 403 650
517 510 440
335 769 83
931 933 137
262 4 441
927 422 99
261 116 25
611 111 548
585 259 875
14 733 85
48 854 657
588 472 69
129 878 466
646 708 90
978 327 124
145 984 992
825 810 35
257 186 646
287 847 505
493 116 959
157 660 763
292 106 424
780 132 74
401 436 175
938 240 466
442 609 524
804 989 169
6 787 931
47 449 777
998 853 160
671 666 750
65 979 650
343 795 674
291 301 180
908 189 425
133 632 240
895 110 683
299 79 639
678 950 516
658 355 238
97 482 10
675 887 235
855 453 94
309 623 90
464 283 53
12 949 205
634 372 90
207 77 623
979 752 280
801 760 735
751 361 818
9 176 759
528 482 799
939 264 55
17 440 952
831 335 756
502 999 645
364 264 335
566 581 619
824 495 994
589 172 90
34 258 115
521 69 561
467 59 705
47 560 889
507 39 230
894 770 233
618 953 161
766 674 841
22 164 571
277 211 920
357 864 415
667 505 243
866 557 115
819 354 584
61 655 765
191 315 21
920 896 487
872 556 260
891 23 970
740 22 567
888 138 240
791 858 280
296 325 246
474 165 260
41 150 289
468 854 202
351 19 922
634 600 876
527 744 900
857 398 438
815 879 41
203 34 3
413 274 184
798 931 812
919 564 579
657 687 803
560 88 320
384 441 777
861 765 371
101 22 721
373 538 133
741 426 20
925 437 65
265 512 133
952 818 580
447 308 490
640 809 385
78 382 650
514 706 118
69 294 616
284 514 353
170 864 246
109 425 724
189 19 749
132 566 798
820 957 662
876 899 932
29 738 274
669 943 577
757 479 417
150 556 377
813 937 785
95 917 801
926 133 221
681 924 802
476 783 22
236 832 26
847 990 447
213 125 169
831 939 64
981 518 4
729 694 16
277 752 946
505 726 975
526 548 850
937 919 30
588 690 202
567 141 566
118 608 529
426 446 35
368 458 215
200 151 821
50 491 346
129 116 990
284 318 589
505 456 760
430 717 227
841 359 923
11 160 835
268 166 568
88 503 451
713 31 618
963 835 198
320 429 347
593 762 697
213 664 355
524 88 867
901 627 490
514 421 869
438 428 808
630 81 435
229 950 978
903 436 742
966 548 152
704 689 908
718 324 650
907 756 111
187 703 69
724 471 815
347 819 407
176 928 918
983 394 490
666 107 831
55 845 708
680 654 705
566 973 258
502 663 404
900 542 361
555 476 472
962 125 729
796 707 968
334 499 882
708 897 550
36 148 542
300 865 191
184 444 255
492 442 717
333 444 995
388 425 304
274 894 485
560 760 19
639 257 809
274 586 795
51 407 122
132 407 809
969 93 288
753 54 168
891 745 260
338 515 223
995 308 192
4 397 949
542 227 16
581 130 492
578 954 918
278 964 698
107 906 133
706 772 303
186 127 922
738 965 561
712 741 108
201 718 408
125 398 84
246 657 275
778 671 897
867 327 28
456 878 986
664 444 824
11 426 983
2 338 839
792 68 890
226 692 135
975 867 80
640 753 109
966 961 473
345 768 959
270 502 810
886 889 71
511 484 182
211 123 903
962 162 15
62 327 382
716 908 512
272 0 740
814 509 361
266 312 688
823 991 684
347 544 271
741 728 438
547 919 196
449 958 552
429 657 431
145 404 63
323 380 832
903 461 125
222 603 458
912 793 284
3 522 644
465 728 698
644 847 660
246 194 400
155 956 189
955 454 47
142 574 278
3 979 709
39 114 622
31 331 508
192 866 633
349 834 385
895 517 558
330 8 8
686 46 759
647 393 591
529 127 421
901 342 720
46 311 979
834 973 268
309 428 896
231 768 494
779 979 871
352 725 212
846 828 223
919 63 142
74 854 539
42 481 606
655 176 170
615 958 616
281 21 451
486 573 729
237 838 973
864 515 606
290 715 864
358 988 691
27 975 673
543 669 40
220 610 516
73 673 617
52 92 475
216 455 181
195 405 42
161 90 714
15 80 179
62 256 438
421 116 314
571 595 759
433 688 237
467 95 340
349 999 345
390 804 418
668 334 957
484 175 272
815 191 471
646 597 871
147 414 80
910 645 562
428 411 875
739 849 736
836 719 490
230 919 90
517 697 83
692 289 143
608 717 489
303 914 744
394 534 986
807 232 130
19 21 243
275 983 56
973 209 145
659 475 627
700 327 231
646 452 790
194 814 6
677 585 858
857 843 184
825 179 803
466 700 281
385 287 348
34 156 336
778 354 301
319 994 446
226 538 267
70 631 341
388 404 756
55 874 521
369 8 843
121 628 930
426 536 877
0 632 297
468 992 441
865 807 308
547 304 582
643 152 317
34 431 91
317 945 199
239 327 596
505 310 300
682 310 933
161 175 470
189 20 434
707 510 542
682 868 460
145 339 92
727 180 549
332 788 117
179 758 537
954 343 254
956 263 575
660 215 88
643 699 898
538 197 807
830 313 991
206 629 74
335 569 726
341 615 429
489 628 769
372 110 663
918 431 278
764 423 528
648 495 460
736 477 662
602 302 529
153 721 409
165 171 127
170 528 656
735 919 509
938 749 682
664 80 809
633 676 159
677 904 252
688 196 152
742 294 136
205 516 672
368 639 972
162 31 608
965 896 473
440 799 208
822 208 955
202 290 819
572 304 235
743 114 991
877 223 995
297 482 661
236 769 587
466 889 660
837 23 887
912 564 743
505 823 674
784 893 476
241 306 195
715 195 360
637 179 163
947 466 822
469 347 893
251 26 633
760 493 390
817 53 576
259 829 38
432 741 26
864 196 405
248 687 537
355 281 450
232 821 840
566 933 519
996 846 673
26 304 858
422 165 340
336 351 428
898 658 958
587 537 89
453 499 316
152 884 618
231 814 867
178 36 272
334 828 177
785 841 411
576 198 402
151 590 325
235 170 483
561 302 967
599 32 226
305 309 867
194 603 432
996 578 404
562 990 2
440 838 262
166 687 620
311 117 419
413 79 721
693 897 4
831 883 892
108 95 515
518 994 887
748 524 39
976 29 215
581 999 611
703 427 379
118 461 708
885 13 840
834 659 748
304 858 987
91 133 526
221 994 166
418 143 48
713 866 595
814 927 608
93 952 516
588 565 445
512 254 432
483 702 898
755 431 31
514 96 717
105 79 694
692 826 581
460 918 191
687 85 157
309 346 555
319 186 495
796 298 657
804 913 689
352 656 476
706 504 111
844 921 408
633 875 883
200 768 537
882 127 36
889 410 162
55 263 878
929 83 839
508 89 788
261 472 387
575 448 467
808 343 434
692 921 199
717 854 760
959 994 263
760 288 540
67 351 12
847 306 920
857 705 420
432 974 79
798 588 298
728 589 522
714 175 275
629 37 867
636 373 878
199 928 931
12 175 165
931 136 981
738 979 389
202 401 767
413 473 643
223 553 974
769 478 733
162 122 338
102 458 513
768 99 301
37 348 46
869 363 551
798 898 666
187 177 844
337 837 913
596 205 751
80 505 400
423 391 448
185 476 531
672 431 964
798 607 808
906 508 672
690 828 668
715 132 735
147 655 509
838 214 253
675 74 971
766 615 268
208 862 292
593 511 296
757 728 354
904 608 153
308 613 509
341 356 371
166 513 219
203 433 367
448 707 162
112 785 723
846 141 839
446 588 596
15 607 59
477 173 338
600 795 508
941 520 612
956 858 713
737 43 245
345 917 431
358 327 539
168 846 799
13 441 416
607 879 971
396 578 108
26 871 307
259 718 997
503 2 536
315 779 656
681 229 523
749 830 913
14 957 386
414 224 11
963 369 136
580 616 944
641 931 45
365 812 335
923 465 450
190 306 511
574 323 272
108 636 284
554 865 213
205 626 636
909 148 361
838 710 159
307 88 46
598 950 636
319 302 664
761 12 336
645 970 750
423 637 448
169 816 612
945 782 380
982 859 52
465 801 355
168 102 585
31 976 445
232 296 370
433 390 837
692 136 417
127 621 628
223 240 83
296 612 977
976 30 334
860 157 515
95 166 688
183 689 726
766 424 278
661 483 520
316 56 28
805 402 260
689 737 79
597 266 959
413 815 267
424 775 320
615 191 616
407 388 947
259 196 702
852 339 669
389 68 435
235 910 793
377 204 933
705 900 314
880 988 531
40 481 455
903 371 944
536 616 108
341 795 882
897 515 306
293 448 432
547 837 826
851 464 847
272 916 467
647 312 174
500 869 997
662 213 384
455 3 545
213 13 961
931 439 668
658 2 463
254 468 298
351 103 774
556 439 261
330 381 622
314 42 775
523 392 969
674 671 640
527 160 197
971 105 772
78 167 199
472 77 680
467 918 618
164 358 515
127 762 567
863 496 205
755 23 316
394 745 814
145 922 53
343 769 738
554 805 946
726 737 753
7 560 678
841 554 300
228 938 207
358 562 110
697 392 573
445 216 799
460 286 537
51 209 41
791 544 280
253 979 296
404 23 242
461 887 155
174 167 513
45 70 374
603 527 528
389 858 621
144 71 980
956 327 738
388 857 245
505 889 463
901 760 495
747 500 282
92 817 439
735 352 975
945 657 731
468 587 852
660 484 587
529 829 854
986 423 637
750 653 549
742 76 557
845 378 40
775 234 995
699 190 127
752 69 550
755 774 356
690 322 966
373 14 84
685 721 997
478 492 520
673 389 662
9 328 212
473 510 669
963 462 172
471 137 780
713 693 291
647 221 245
104 846 778
713 292 343
958 696 719
842 400 935
182 297 281
403 557 91
861 841 706
105 944 181
530 222 9
887 715 371
923 943 851
638 773 867
834 621 348
102 127 522
773 997 495
259 575 472
638 262 318
412 590 89
87 3 452
453 961 202
425 225 479
762 454 208
211 47 563
847 225 736
762 210 630
970 595 720
529 850 419
117 252 802
394 583 736
897 657 149
203 419 394
728 895 295
719 700 519
580 994 991
979 871 712
742 571 580
655 291 417
516 218 402
680 967 88
119 911 848
654 167 351
831 495 725
104 450 621
997 112 494
61 908 784
344 311 449
475 23 49
558 590 237
363 405 389
407 249 575
508 725 102
268 162 503
926 970 319
261 582 399
519 123 300
63 180 232
73 687 668
79 863 184
0 925 560
543 893 995
171 896 915
544 939 879
532 175 16
498 299 125
387 585 27
238 293 542
567 931 462
249 909 502
959 169 598
952 321 947
847 35 921
233 890 126
510 837 33
931 113 805
396 807 642
289 453 130
218 111 93
88 155 413
509 175 260
283 600 547
948 304 699
524 316 143
205 972 131
517 490 983
412 224 628
343 590 677
476 181 461
688 117 402
849 603 594
558 258 729
471 837 977
538 241 377
442 626 182
619 343 751
933 519 660
242 995 184
707 587 186
196 80 620
197 594 776
668 333 171
127 4 785
94 882 536
372 547 622
310 106 676
426 922 579
423 997 958
175 778 523
816 878 703
430 358 786
42 412 195
628 212 190
896 188 397
732 389 598
361 428 214
96 568 271
56 803 373
580 939 230
416 780 273
762 814 198
541 525 876
650 815 878
248 677 347
881 254 262
774 433 25
712 885 452
89 59 221
875 111 261
435 107 243
572 596 969
306 834 934
387 756 87
437 251 982
542 641 426
944 818 518
14 326 466
348 515 495
290 960 242
186 656 235
436 949 203
362 177 507
688 427 624
959 829 258
134 376 970
338 835 928
806 550 856
939 972 602
785 191 393
654 639 207
456 378 339
477 516 739
347 904 989
727 848 28
864 935 950
2 315 339
163 808 192
62 229 84
187 409 32
252 620 315
403 37 479
255 934 415
39 175 261
312 173 637
719 118 553
272 611 827
252 927 685
727 413 38
280 270 390
156 341 114
193 413 905
323 973 83
503 227 635
368 576 151
637 285 296
738 151 417
872 73 504
856 612 493
408 697 262
359 782 212
312 832 919
214 824 992
574 417 363
801 84 292
27 308 428
633 750 217
599 566 694
720 236 224
280 652 208
612 531 730
968 680 598
283 379 21
232 588 25
496 210 375
522 997 723
468 564 713
684 273 128
529 135 358
145 884 894
53 988 260
101 611 597
439 631 150
458 125 893
929 182 944
960 948 839
118 166 246
953 545 584
93 808 88
875 37 670
968 98 553
891 693 18
655 922 672
284 127 776
968 899 405
288 0 996
876 422 496
562 675 154
576 713 602
784 307 220
212 20 518
826 254 276
553 876 175
361 204 321
355 202 685
922 635 325
717 956 359
133 206 912
95 772 842
511 399 571
979 838 488
937 241 187
386 980 687
52 199 46
667 152 332
37 309 455
280 506 474
316 496 836
526 898 656
3 137 187
46 18 862
455 857 554
121 1000 174
437 910 621
556 169 110
591 944 410
947 588 816
773 503 120
815 910 891
726 606 375
161 203 435
339 340 139
826 197 634
332 572 182
871 555 564
754 588 107
577 996 694
970 379 334
802 670 75
427 39 803
650 932 820
966 889 917
85 901 898
117 866 753
481 14 610
663 383 704
993 463 664
730 747 299
604 35 67
702 430 480
287 717 843
655 558 809
840 313 396
175 918 792
881 525 536
73 41 445
400 55 11
658 768 568
286 570 189
405 935 411
480 982 243
451 893 225
515 905 810
507 967 314
107 457 689
82 892 991
462 485 720
852 259 282
980 656 462
696 150 527
939 685 695
104 748 601
219 76 425
523 259 160
216 152 288
44 732 513
215 84 314
316 932 614
39 836 361
973 539 369
274 322 976
10 465 21
145 37 262
356 511 351
579 28 631
460 258 337
227 172 216
9 8 469
503 268 71
98 159 453
953 589 62
922 454 838
493 256 809
38 430 311
232 979 391
5 740 346
161 364 318
790 216 426
79 340 219
485 211 30
292 562 235
507 999 732
173 532 131
896 752 799
138 150 89
549 975 588
855 68 774
341 208 281
88 730 594
149 92 155
352 450 917
753 54 853
620 843 207
303 443 398
469 712 696
665 980 373
515 603 794
37 921 178
36 747 833
252 287 779
578 122 745
184 368 94
359 409 881
979 891 838
269 224 142
425 665 830
195 242 91
552 114 264
251 267 610
643 999 527
647 432 611
569 467 466
57 619 385
913 2 413
134 385 988
462 631 453
822 863 882
462 633 880
699 779 23
737 495 417
112 486 861
348 433 331
562 28 490
503 570 93
351 238 315
563 590 317
494 922 63
980 517 36
487 240 956
832 696 467
330 748 293
144 953 158
959 832 187
419 43 859
717 360 505
222 132 437
608 908 636
858 669 989
700 297 397
480 116 140
774 89 998
60 197 888
85 129 400
77 264 840
544 894 834
75 157 844
386 860 203
224 33 174
536 332 82
530 903 878
883 36 296
286 75 927
844 49 885
735 505 60
873 2 252
706 841 948
784 176 712
938 161 374
749 979 814
615 538 968
693 847 615
704 639 728
931 628 465
767 288 830
754 51 690
501 825 397
706 871 756
794 715 764
138 927 26
987 398 936
799 210 103
838 478 22
678 483 328
890 299 138
79 667 406
418 88 523
535 538 963
178 352 441
645 536 471
262 672 919
750 113 318
115 363 978
894 653 785
167 225 924
32 861 649
917 936 883
835 959 539
330 834 431
926 47 704
983 200 63
223 329 709
977 230 230
759 399 83
462 931 105
450 105 284
988 335 360
272 87 225
919 686 57
939 138 702
736 481 897
916 447 18
985 201 42
89 44 767
90 980 159
803 574 13
324 296 69
282 829 427
591 434 604
841 702 774
42 940 422
431 247 689
559 147 538
234 856 585
417 522 421
914 725 66
54 933 287
15 336 243
638 512 556
541 538 839
431 152 568
617 319 897
571 524 530
924 611 148
128 972 607
989 649 451
749 781 435
733 562 109
89 421 461
211 271 363
437 580 765
84 722 836
810 884 214
599 631 304
419 163 922
953 934 441
882 724 278
821 722 393
509 818 404
141 450 573
836 317 547
109 384 97
604 887 947
445 276 448
817 796 876
459 21 976
232 940 264
738 792 675
16 182 268
714 879 735
387 755 988
53 891 473
172 255 822
3 334 596
79 7 981
936 437 3
110 492 244
392 863 629
646 284 281
463 543 45
765 736 971
655 887 119
492 767 16
971 841 602
292 931 676
534 266 298
753 191 967
375 495 653
61 767 297
280 278 740
44 142 349
237 135 755
609 233 931
923 519 325
377 983 469
5 805 897
398 624 596
49 590 802
9 891 647
535 330 728
674 205 437
999 553 726
13 655 960
789 294 467
238 975 92
885 268 307
223 496 899
207 400 552
569 431 104
749 869 17
743 48 161
501 57 24
188 470 658
548 391 844
416 908 996
85 255 153
634 76 512
845 17 176
816 981 200
332 660 905
704 42 618
109 151 474
330 421 73
181 295 95
112 318 146
969 849 806
890 893 775
870 633 876
640 431 542
98 278 341
740 788 166
70 358 778
278 290 21
130 899 606
532 938 448
34 516 143
364 723 816
860 480 957
628 553 699
812 167 516
588 365 171
160 414 616
999 857 1
347 292 305
184 736 832
322 943 314
852 738 341
986 751 706
645 152 67
315 52 947
532 519 979
245 507 885
679 92 792
705 80 340
657 924 741
629 966 820
478 623 409
885 334 521
185 834 309
948 786 862
710 915 853
575 632 455
88 421 346
907 902 403
971 459 636
22 702 894
82 178 297
532 267 253
463 709 715
403 351 516
204 212 527
8 129 77
832 199 503
469 116 788
874 18 99
212 267 233
761 267 240
553 625 362
488 377 827
77 712 819
868 627 579
250 54 413
54 187 910
388 652 497
834 316 915
880 933 655
669 153 867
157 424 652
48 21 848
794 394 840
927 306 104
891 856 902
504 631 993
51 205 223
559 230 959
371 425 779
40 922 732
743 16 863
540 186 442
984 611 267
814 918 378
325 821 280
305 518 40
971 711 755
839 640 697
804 247 466
366 628 414
520 830 305
559 940 629
398 294 523
303 581 525
4 494 451
747 886 345
968 752 121
983 138 156
329 91 853
580 247 641
220 283 525
843 382 103
210 139 999
871 505 804
803 984 337
380 691 62
837 984 128
962 679 730
445 306 573
788 491 864
885 298 686
83 606 456
324 466 996
632 592 59
636 381 910
373 482 764
278 419 246
210 45 713
250 242 548
790 943 946
827 526 749
685 833 926
243 620 471
532 216 766
316 285 768
296 516 714
431 622 489
451 338 914
486 206 237
579 835 517
224 76 141
921 363 407
434 759 466
23 472 227
130 481 621
485 592 59
401 285 382
190 204 20
403 887 783
594 479 680
503 238 613
264 924 610
74 682 85
171 694 411
226 39 553
148 325 22
108 629 526
965 429 923
537 444 450
525 869 940
171 535 515
951 72 737
219 939 410
338 358 117
135 744 740
465 745 306
86 823 111
414 762 512
388 215 943
370 194 621
518 315 544
524 432 909
114 642 181
835 845 501
510 179 938
435 63 273
639 379 286
830 415 323
509 95 493
116 522 534
602 676 952
404 910 245
604 800 791
477 214 814
813 809 75
835 308 809
999 969 522
87 680 769
524 423 849
284 666 843
175 158 498
754 944 567
802 454 489
959 259 881
439 765 519
314 284 946
986 134 414
385 944 731
942 437 587
304 560 472
86 328 212
556 142 173
484 831 125
586 666 958
666 761 652
399 323 530
676 853 910
324 89 188
581 383 913
540 309 199
260 529 334
631 144 629
229 173 278
756 391 404
958 731 80
147 1000 780
994 167 580
610 979 703
584 585 639
113 989 871
40 391 28
205 320 652
804 674 956
979 936 644
752 606 977
211 182 716
8 141 219
490 601 557
598 504 689
78 488 626
944 952 124
335 100 723
114 302 757
171 900 178
600 128 337
638 461 246
991 823 932
551 73 712
198 980 511
163 45 4
188 570 296
643 760 663
370 134 127
830 457 493
175 70 774
225 415 720
420 847 37
64 142 997
465 681 105
141 88 548
25 79 768
31 651 322
968 228 31
255 488 461
209 248 824
961 3 606
501 91 316
685 172 478
29 805 399
278 939 73
960 756 683
542 587 702
207 394 950
414 478 87
235 756 998
975 967 512
520 46 580
968 438 992
13 629 354
698 277 803
2 502 899
477 666 311
848 916 532
926 975 761
959 485 629
274 842 315
502 227 674
434 195 168
322 376 712
891 320 976
968 395 296
211 243 978
992 675 837
632 480 317
449 417 291
148 151 986
209 899 392
522 943 83
674 263 279
80 915 298
385 911 98
982 713 824
400 293 986
484 85 202
317 131 20
672 923 443
871 741 315
883 637 747
224 599 623
897 505 423
84 706 341
346 842 90
865 38 425
110 476 876
965 586 177
368 34 798
291 63 202
554 476 86
319 243 947
649 111 181
820 542 213
595 819 394
745 539 842
897 300 375
645 488 644
483 977 367
60 74 499
813 191 405
835 174 359
668 746 725
275 454 405
681 132 958
564 841 276
529 50 366
818 693 225
871 911 378
698 295 80
960 446 862
578 230 635
148 182 474
594 4 841
168 514 86
966 85 322
68 527 164
202 43 850
694 146 737
352 827 141
894 561 33
774 386 881
418 307 589
894 71 79
217 227 446
871 726 755
38 862 633
801 106 883
41 792 868
940 753 166
446 654 352
72 986 91
431 722 456
872 874 60
332 538 357
879 853 603
453 650 60
871 476 661
747 854 551
804 158 215
574 673 688
721 891 576
943 494 288
268 952 412
0 353 283
867 409 125
539 973 728
425 253 338
147 674 16
503 919 300
17 743 754
381 861 957
581 327 15
673 516 900
491 34 484
845 643 119
921 931 931
531 717 801
2 198 407
348 813 486
488 476 237
650 712 898
147 783 870
526 58 987
17 715 783
626 148 218
305 603 499
682 447 659
446 429 890
618 979 473
646 511 292
603 4 709
681 282 416
599 573 728
487 509 438
53 927 410
440 173 819
386 982 222
937 867 622
752 211 45
87 199 685
67 698 708
766 646 816
453 168 224
837 584 934
726 27 907
97 849 307
775 965 672
853 102 622
202 555 281
405 311 461
742 792 10
322 573 9
710 464 578
15 964 879
488 128 180
451 821 368
967 721 895
87 114 597
822 84 466
404 756 589
170 577 200
18 885 77
296 889 145
924 265 894
787 367 620
250 520 390
195 364 331
533 528 829
718 456 451
481 885 261
993 594 397
936 990 231
380 97 132
947 451 869
964 567 865
741 858 696
887 189 359
362 148 211
447 891 933
860 745 989
520 871 746
757 761 768
333 869 435
355 306 393
178 198 678
787 247 486
3 65 49
829 31 818
852 564 985
691 432 867
722 387 856
609 646 495
496 210 451
908 327 484
598 476 6
654 173 426
887 929 768
414 44 849
936 933 430
268 224 252
844 665 960
96 857 649
841 525 340
545 883 529
315 604 243
987 255 797
752 722 355
793 581 540
390 745 759
999 858 751
892 587 129
470 752 362
828 322 954
635 692 689
307 291 900
293 479 119
6 251 810
451 938 280
264 73 976
415 506 444
873 812 340
700 935 26
620 802 396
306 233 961
312 831 20
915 408 521
214 994 646
402 548 707
145 382 819
9 647 438
84 752 289
895 368 79
911 116 868
335 530 588
568 488 125
731 94 815
305 205 202
215 789 235
740 398 628
483 806 741
977 679 597
776 805 506
440 961 515
429 148 400
912 959 27
705 829 87
917 63 237
809 31 867
372 91 782
640 909 386
230 118 332
868 616 918
923 330 326
873 506 777
388 732 571
374 604 181
739 783 771
668 358 929
83 575 709
87 567 417
544 149 763
674 403 232
48 412 539
808 589 665
836 587 222
945 269 729
882 785 64
754 891 494
270 426 185
766 964 442
718 721 489
278 58 51
161 956 641
640 90 645
881 962 847
355 252 132
390 528 784
792 775 982
219 276 454
104 376 754
109 254 649
963 978 45
433 368 922
244 14 164
145 297 509
728 75 277
261 997 250
676 410 248
153 32 6
113 504 310
224 953 965
451 67 739
88 554 277
268 823 30
126 47 102
409 142 554
753 378 185
876 447 922
229 606 201
365 774 648
553 398 369
403 509 242
243 781 42
428 193 479
371 843 530
66 208 222
328 981 493
670 829 994
698 913 563
445 662 336
550 620 531
809 63 816
815 29 760
700 32 305
159 905 469
781 441 310
381 592 232
842 926 151
106 849 992
977 745 782
701 248 762
430 927 138
437 362 690
697 540 251
852 352 716
359 608 159
675 56 847
660 84 812
997 24 684
296 513 242
574 250 737
968 680 147
782 537 826
537 967 919
987 588 809
720 369 974
950 780 185
522 969 924
457 971 490
906 609 926
887 191 730
757 805 819
917 142 287
601 713 527
587 221 815
662 101 242
275 932 329
28 965 61
967 461 676
89 419 608
918 110 697
927 443 530
771 950 429
231 561 204
851 926 221
268 877 326
861 936 570
990 681 416
403 422 904
45 837 756
316 430 220
475 260 430
878 522 378
232 935 826
353 702 39
787 932 742
333 161 384
83 493 379
900 283 479
851 399 85
354 515 265
352 761 114
657 642 576
453 572 700
303 446 443
216 258 869
672 582 33
506 114 851
706 833 598
955 457 818
857 204 194
114 257 935
562 986 485
859 275 739
18 637 981
445 627 542
132 820 718
927 386 230
545 55 817
308 924 182
671 808 40
794 20 974
281 908 185
548 990 246
802 207 691
674 48 540
127 34 560
948 705 689
780 554 156
533 365 400
438 234 741
966 137 822
233 981 469
322 742 969
540 640 675
253 128 471
984 41 561
284 886 403
353 622 682
884 773 728
618 592 801
464 752 610
172 139 752
919 478 594
608 366 926
411 721 9
525 89 272
646 452 954
833 928 230
980 164 802
408 504 898
642 699 780
823 112 585
636 608 644
534 932 404
881 315 902
186 437 180
327 337 522
593 523 970
105 856 282
629 212 726
367 652 534
82 614 338
244 743 114
565 215 782
898 183 650
604 898 478
659 357 745
158 769 290
355 873 574
324 339 814
538 201 963
471 445 968
122 640 891
991 229 52
366 612 52
515 773 927
408 924 163
210 188 565
557 366 920
33 328 604
536 786 141
41 831 1
355 429 403
842 174 888
690 553 667
702 543 899
55 61 242
475 467 337
22 254 78
956 618 962
720 657 126
75 963 155
565 526 830
989 728 19
108 811 77
790 518 893
532 264 807
773 524 55
94 771 162
873 608 664
281 402 1000
733 93 384
973 508 846
667 15 495
969 754 745
817 852 131
888 679 625
259 586 586
549 257 91
948 373 54
852 411 672
258 252 614
755 209 432
662 958 659
174 847 0
303 817 403
580 689 692
768 683 104
431 121 417
323 286 334
381 672 431
185 230 613
428 985 535
895 103 637
426 145 500
65 590 286
149 474 970
369 561 872
978 777 439
370 940 229
577 998 31
171 435 744
141 395 524
34 257 483
309 243 718
369 368 838
24 915 468
342 236 753
747 542 745
43 22 455
851 244 360
39 523 894
962 862 754
12 211 275
7 366 788
157 899 677
665 707 208
366 193 324
304 3 931
841 261 584
354 5 277
532 158 367
15 761 853
213 660 833
615 625 817
280 917 508
914 635 129
907 481 689
806 26 826
651 931 669
86 428 217
108 223 478
363 634 516
453 874 487
195 885 255
631 935 247
182 63 940
233 939 834
49 2 670
13 65 487
846 543 918
894 195 23
867 65 613
92 877 650
822 329 737
687 482 48
424 899 549
598 63 738
625 53 517
938 974 162
810 261 329
371 715 627
193 300 213
178 829 959
251 199 650
271 943 109
858 129 905
699 502 268
537 586 902
416 591 955
847 660 459
17 165 256
3 39 942
445 32 692
710 877 507
121 889 864
452 278 584
557 501 494
663 42 659
892 656 863
857 296 27
67 476 398
182 968 367
772 996 118
995 18 962
652 333 651
446 283 901
381 967 828
129 325 188
598 62 651
256 886 133
821 767 843
508 372 114
688 609 800
48 981 842
118 11 900
115 369 984
368 992 793
539 712 775
899 682 858
273 115 810
773 858 61
909 679 398
345 569 998
675 15 256
135 400 16
709 834 419
742 171 268
967 886 966
365 552 445
924 533 572
173 231 68
692 470 224
428 734 953
668 846 713
962 420 117
88 161 789
297 402 926
712 559 858
580 148 886
147 871 111
783 926 476
948 236 7
876 997 786
924 463 89
687 12 16
342 834 288
972 747 388
791 393 271
148 650 72
458 71 899
394 258 583
573 801 915
304 145 184
349 623 137
590 47 144
310 76 20
459 287 308
317 112 624
185 449 408
640 559 811
776 745 613
150 871 64
775 322 469
143 574 614
131 966 308
842 33 476
127 192 761
983 467 498
38 420 320
178 35 259
904 579 303
164 345 950
634 87 616
843 675 775
393 17 395
791 263 458
219 709 736
330 419 213
69 225 88
785 943 473
374 313 799
351 265 224
518 179 825
911 181 131
680 21 253
676 388 201
659 237 904
26 643 455
496 198 307
149 806 671
226 988 442
736 401 489
617 530 621
83 128 507
412 593 305
455 283 935
890 566 617
334 149 647
508 996 65
332 172 325
661 883 932
200 666 682
752 207 903
170 983 518
374 712 464
124 88 233
443 657 521
270 160 502
550 50 41
136 776 920
141 711 281
279 50 94
906 801 183
617 202 159
200 233 411
388 551 814
375 116 351
910 880 604
16 413 556
600 13 220
547 876 768
214 366 629
804 146 527
949 610 601
437 49 162
301 566 420
297 808 997
709 369 141
655 692 357
750 299 454
57 254 247
568 218 665
261 885 192
260 960 827
337 930 843
725 313 715
188 941 487
112 575 346
57 548 901
355 706 74
6 428 863
373 841 477
895 854 42
480 87 517
634 188 956
536 770 237
569 574 31
864 337 210
842 477 318
616 828 809
365 673 439
579 743 336
120 764 753
454 736 989
1 551 458
465 385 800
969 524 810
109 706 74
182 513 801
368 41 833
42 701 950
606 919 630
472 595 664
482 966 233
309 663 942
816 469 228
1 88 837
331 841 825
132 495 837
622 189 684
857 569 999
806 776 980
78 164 736
158 66 230
756 281 157
295 979 463
461 243 332
74 313 545
145 122 407
832 494 457
960 639 889
436 279 76
350 250 930
321 488 109
214 646 496
771 693 940
975 983 610
605 275 385
344 196 935
296 676 752
555 708 329
347 382 768
179 810 11
413 15 643
814 93 933
467 270 537
680 988 176
175 592 179
359 120 516
739 105 367
79 555 323
791 648 392
346 613 628
523 639 903
419 324 674
130 302 699
552 403 604
390 784 849
553 99 594
305 792 303
493 274 569
9 843 757
943 606 690
649 60 171
773 251 398
906 478 612
760 1 948
889 85 112
255 848 43
712 626 288
128 103 360
223 627 776
344 403 119
182 933 37
846 944 908
995 611 901
691 775 103
686 785 411
625 870 674
518 467 37
191 154 753
788 576 788
449 130 12
527 681 914
333 927 126
939 34 830
748 439 749
206 185 882
188 865 535
719 963 840
432 784 335
449 876 3
810 804 657
790 431 988
927 123 534
36 94 896
254 794 112
279 387 988
317 632 183
333 210 489
277 351 424
987 52 595
625 61 320
14 379 680
870 793 9
960 837 865
454 892 123
464 159 184
988 257 231
501 681 392
578 316 376
111 435 554
932 595 730
749 396 499
578 971 68
35 187 223
283 11 452
99 807 824
722 361 580
947 560 970
51 369 951
329 693 109
957 563 427
942 91 465
759 728 610
48 941 252
172 620 253
402 278 663
858 427 660
988 646 722
808 735 384
888 532 256
638 830 436
611 640 468
654 150 859
52 592 242
157 914 386
905 815 372
63 285 47
769 758 765
217 768 789
480 361 103
694 119 328
219 441 682
336 763 239
949 554 568
940 927 767
223 74 795
311 31 534
654 477 894
875 251 507
180 685 786
730 533 122
392 605 48
238 17 684
361 422 852
13 301 701
299 174 782
964 477 132
634 658 280
913 175 381
200 395 461
646 672 355
746 89 320
621 313 462
780 589 934
971 511 196
633 893 202
702 411 727
134 666 696
726 107 131
731 556 81
811 835 915
184 252 227
852 510 937
742 540 623
638 983 695
410 239 624
504 619 627
329 450 945
659 672 874
15 382 702
548 618 781
97 73 525
305 317 399
190 918 663
205 55 716
775 792 585
902 490 37
716 300 870
97 250 172
540 219 661
256 539 634
483 490 689
300 357 391
268 897 837
594 95 296
660 731 543
72 684 541
942 682 471
271 889 548
694 545 646
633 702 728
908 800 653
755 440 309
530 736 222
198 439 678
354 62 74
226 540 495
979 541 814
949 218 128
258 747 589
34 965 983
348 359 864
825 480 907
608 978 839
622 982 451
521 877 90
822 134 475
509 461 284
72 798 307
243 309 944
578 454 685
282 191 588
208 741 815
9 883 401
453 236 808
519 338 922
633 986 784
731 381 453
753 84 701
520 865 482
579 762 341
494 965 870
378 650 806
2 132 567
667 664 695
309 477 632
710 307 571
109 158 325
527 374 801
17 858 121
979 228 397
242 491 717
333 642 683
407 105 362
290 838 663
917 591 874
624 242 573
231 439 862
403 352 125
806 1000 692
416 38 341
48 521 382
612 864 811
351 77 847
715 798 671
917 705 118
505 93 954
223 537 532
657 530 272
53 906 571
660 645 515
19 500 273
517 135 263
641 96 460
181 514 552
155 840 875
686 52 192
414 514 44
807 376 384
690 731 584
401 823 815
786 803 194
160 760 427
515 540 816
893 138 1000
104 463 326
623 355 315
233 227 380
738 204 452
947 842 588
670 523 774
694 99 142
902 553 542
557 282 261
960 123 605
151 746 415
293 736 721
529 345 524
518 708 210
437 872 110
271 777 139
847 316 275
71 993 924
255 361 367
127 691 584
746 911 585
953 804 315
379 764 324
986 800 261
108 650 233
307 831 930
281 533 500
784 628 68
679 980 391
187 945 250
662 479 970
29 376 228
225 941 415
284 927 963
151 490 580
954 147 44
763 515 961
285 795 830
542 972 586
580 7 316
741 423 48
339 263 618
59 663 298
176 69 45
817 512 284
542 708 198
94 120 782
404 523 170
182 872 580
639 948 28
848 668 926
851 481 941
44 466 466
168 603 548
31 211 517
792 771 387
191 387 768
253 645 976
766 752 590
205 445 248
224 954 682
927 119 992
650 868 481
838 52 122
705 962 967
569 641 60
465 559 245
73 930 40
738 461 679
820 604 856
517 716 943
846 316 562
617 530 88
966 228 946
131 933 663
730 306 25
656 849 919
476 836 243
878 273 120
793 604 951
896 553 601
633 56 55
296 292 180
607 919 603
93 775 764
619 507 357
791 508 595
464 918 144
145 737 212
133 711 761
15 646 109
2 781 915
266 453 897
111 966 214
953 928 132
326 568 663
749 189 181
570 660 735
822 253 705
810 853 314
506 325 268
609 642 718
992 755 387
553 386 336
14 928 436
763 134 38
388 421 410
291 425 24
757 854 153
904 375 483
27 166 860
946 900 269
147 199 845
811 272 219
830 641 808
440 116 477
620 880 849
81 804 583
669 878 954
571 296 865
398 6 931
679 474 222
136 190 75
766 59 864
830 245 36
547 5 913
649 694 269
955 977 335
434 664 743
3 190 899
154 222 676
483 411 431
429 780 809
257 167 933
382 822 778
836 498 697
818 718 154
996 748 765
75 842 809
807 127 589
879 910 146
424 606 838
648 630 784
718 437 318
677 198 762
326 817 468
403 661 488
907 769 230
504 41 83
509 371 393
243 409 954
811 711 462
554 710 984
16 801 295
53 79 646
768 812 589
927 526 596
86 12 5
577 601 973
433 346 676
94 985 814
919 378 917
641 703 407
946 324 214
870 431 713
349 181 582
698 548 759
679 785 613
787 167 800
217 327 498
446 699 339
860 413 486
74 629 560
880 724 21
223 698 244
409 10 830
379 439 135
699 439 906
663 809 761
767 504 827
569 963 484
175 80 506
175 693 831
715 684 287
572 318 0
492 137 96
208 268 741
110 942 343
233 268 907
277 464 595
980 624 776
458 621 577
752 575 669
714 28 614
283 915 595
480 348 81
540 210 432
539 898 143
17 800 480
659 853 353
935 78 89
812 830 83
670 87 656
238 822 432
486 637 917
279 880 948
369 154 693
911 347 811
721 662 724
455 589 208
147 781 103
787 682 147
985 65 625
48 691 59
900 881 860
365 506 699
26 386 227
908 786 155
365 948 309
284 405 130
557 675 421
265 531 355
981 506 886
393 932 911
527 18 594
351 737 674
896 429 55
366 463 305
419 379 872
21 751 751
85 94 186
415 597 774
320 367 107
740 686 672
223 661 179
880 381 89
849 66 139
827 782 632
607 51 6
493 202 611
650 531 344
207 530 773
923 919 238
375 709 724
388 909 299
424 907 828
450 464 450
48 617 466
759 879 783
573 9 583
944 739 236
666 890 91
998 630 26
700 216 992
106 629 665
771 420 821
1 514 888
714 317 497
670 212 703
967 767 786
191 56 306
69 171 225
724 309 469
580 324 957
58 726 717
679 828 443
301 836 549
147 14 938
182 754 42
320 50 222
61 607 93
895 778 937
614 625 597
23 369 417
436 883 41
268 287 390
942 184 644
588 899 875
837 77 200
284 452 706
588 183 779
308 983 106
300 330 364
727 778 319
425 539 661
722 489 187
18 691 933
334 869 602
857 343 25
757 863 317
521 627 528
757 890 245
544 376 80
430 744 432
962 857 77
431 828 962
229 289 837
144 670 976
431 674 229
414 646 339
9 927 5
102 972 102
38 248 654
447 268 616
671 160 999
70 243 917
587 765 270
350 298 930
429 932 513
521 564 414
970 688 442
802 137 913
122 16 232
469 654 371
272 605 29
47 234 407
75 597 218
947 773 503
901 592 381
474 82 798
874 776 169
778 190 466
591 137 32
409 364 120
501 373 378
528 288 202
552 950 377
681 198 603
850 684 394
477 888 80
977 172 513
810 21 827
855 135 678
24 914 252
696 226 176
864 586 375
786 505 726
669 107 872
986 795 25
759 835 584
910 671 218
307 962 777
711 425 360
537 830 781
558 666 280
373 897 731
125 601 35
881 301 116
812 138 71
690 620 408
979 219 958
80 601 264
75 923 624
120 691 184
320 51 73
575 589 213
976 200 843
180 206 230
688 720 95
748 741 150
694 327 577
491 610 202
765 211 739
683 762 775
92 726 320
203 521 771
245 213 484
620 439 328
247 580 462
916 674 479
829 900 822
187 740 927
611 172 981
976 709 160
295 88 662
886 594 334
810 351 535
625 755 196
942 921 767
994 558 874
87 133 941
763 133 237
458 675 683
645 463 163
579 399 356
180 952 725
875 491 309
121 677 91
888 897 833
352 660 356
230 790 254
697 532 925
430 432 192
577 292 470
25 688 724
705 952 771
603 162 944
328 741 538
140 481 606
660 835 206
546 189 168
915 652 506
83 845 648
375 132 384
37 242 404
60 812 203
837 739 970
726 552 905
354 717 346
247 119 442
606 728 341
98 367 255
988 876 324
68 283 412
123 129 938
120 558 550
450 74 290
240 799 889
337 16 405
641 57 760
683 640 144
772 659 381
946 167 79
844 213 326
594 195 364
163 337 961
648 266 775
805 997 725
178 92 168
246 368 240
18 853 257
371 544 289
867 76 209
965 68 933
328 88 217
887 589 411
601 230 843
764 363 744
987 995 824
740 959 812
215 112 438
889 853 569
959 680 336
432 705 719
674 78 857
880 948 306
207 394 568
936 855 340
985 530 407
210 994 416
103 478 626
602 946 80
532 838 898
496 931 798
205 916 757
423 60 140
907 873 579
164 298 907
456 889 796
615 965 110
585 470 672
384 900 938
848 225 728
86 517 589
314 803 594
755 749 853
143 311 404
173 334 648
688 397 258
546 293 221
519 64 392
740 857 710
437 631 895
400 118 280
971 880 820
457 196 694
900 386 303
404 379 511
78 889 223
354 879 81
851 419 658
720 975 795
417 137 432
668 879 350
907 184 850
119 590 62
186 849 951
762 377 183
930 691 810
470 92 702
220 343 252
408 357 994
751 959 164
754 672 123
424 415 523
940 704 718
222 654 616
354 246 166
964 948 426
64 901 804
351 986 782
961 773 64
844 7 820
368 963 981
283 442 192
654 200 288
411 43 244
779 691 87
380 361 518
561 896 526
537 508 857
245 464 540
656 920 345
861 753 571
495 954 874
693 15 260
401 575 20
76 935 618
339 488 713
160 800 493
393 67 694
313 58 414
667 456 235
803 579 615
424 475 893
300 576 369
371 687 442
306 59 378
115 328 569
476 338 927
862 935 41
442 479 433
988 363 342
282 98 144
761 114 101
812 958 215
205 950 215
112 955 550
635 878 659
764 909 342
567 240 589
960 553 588
383 434 811
866 30 54
569 514 689
178 726 861
183 262 927
722 926 169
779 565 716
308 743 139
579 336 237
670 339 787
753 889 67
7 31 908
777 406 216
166 266 192
700 443 825
67 525 922
835 624 754
391 972 664
700 73 89
132 490 632
540 757 70
400 209 444
510 840 80
213 472 385
942 100 668
644 187 60
389 373 375
710 64 22
408 430 972
800 127 601
390 108 632
576 147 522
737 444 156
744 709 301
818 941 51
905 770 946
418 131 490
407 184 789
949 601 891
828 917 450
495 496 368
648 249 188
794 428 701
785 231 515
480 569 495
499 250 439
699 413 377
120 509 717
255 718 992
158 625 129
711 345 895
795 317 654
432 482 472
458 481 834
75 64 186
439 169 682
221 735 433
590 756 935
159 124 377
798 914 679
565 262 367
645 79 170
25 470 468
131 773 632
92 146 561
66 942 916
994 824 220
724 585 911
950 363 792
34 547 588
511 265 477
447 105 769
400 936 81
114 587 887
960 508 55
878 530 311
235 75 233
103 803 355
905 74 814
323 876 764
471 244 608
456 633 397
732 536 305
867 33 748
460 266 781
759 908 568
55 243 179
200 735 734
844 794 884
462 260 159
549 553 99
506 918 667
854 251 844
145 945 994
174 856 642
830 93 41
724 766 528
946 933 973
512 971 868
853 194 921
6 444 870
469 658 507
321 296 968
963 398 513
357 10 723
810 964 546
384 696 934
611 254 876
437 999 636
694 702 655
533 250 435
249 799 975
688 202 228
19 784 601
392 418 124
502 539 90
758 739 414
876 359 111
470 402 9
567 470 871
203 862 536
345 186 216
902 891 90
20 181 886
80 202 453
198 599 378
825 298 803
218 253 62
538 824 857
102 219 442
334 431 682
176 167 182
903 761 472
903 48 663
91 866 195
690 231 743
398 365 853
306 921 483
205 24 447
453 812 875
16 566 171
433 662 749
900 652 254
699 972 612
443 165 415
134 109 134
672 27 336
404 150 607
89 100 947
360 483 239
552 871 281
568 834 565
128 683 585
773 290 19
391 524 932
895 14 169
246 157 151
431 344 887
128 895 356
135 699 133
649 141 748
23 984 532
23 797 764
690 736 910
221 585 710
476 638 443
566 999 255
407 184 615
953 927 990
170 274 93
140 932 969
356 578 342
39 449 106
973 579 781
89 742 743
197 310 226
843 282 590
891 49 833
535 719 483
118 669 567
697 452 186
84 14 483
911 111 840
780 202 38
725 964 43
71 188 732
473 245 120
885 4 863
488 847 88
101 476 387
792 227 844
781 480 612
62 804 560
285 389 873
583 538 928
124 311 175
862 369 832
958 5 386
848 723 459
266 581 709
39 338 521
870 96 484
866 937 990
43 750 670
516 196 862
461 580 601
902 935 644
677 383 232
885 884 73
741 698 600
393 48 454
848 211 951
43 18 16
947 1 902
215 738 342
633 525 82
669 139 410
171 825 133
730 85 886
874 783 171
47 320 151
972 224 759
554 571 202
946 834 345
188 780 184
852 496 79
213 118 975
161 517 279
451 945 28
157 109 99
593 801 935
586 568 484
715 110 744
793 942 810
636 638 812
587 721 574
398 440 35
389 660 619
694 164 19
694 305 985
900 365 680
21 119 188
700 730 801
907 116 289
113 800 893
400 268 989
524 864 743
750 757 844
90 332 404
123 764 709
538 657 781
575 43 180
452 679 277
407 167 790
378 627 348
622 366 1
462 181 857
843 401 607
854 934 854
643 834 622
145 299 80
404 443 884
471 180 88
782 476 17
372 795 74
44 706 763
320 810 433
534 303 752
879 517 85
362 151 414
332 52 78
198 120 851
111 3 866
274 123 409
305 840 721
679 847 170
926 416 804
377 521 167
653 467 893
918 794 762
352 256 970
140 622 327
934 467 982
756 40 839
774 487 171
525 179 156
373 655 503
501 408 576
327 574 597
383 213 63
764 446 49
122 89 947
861 862 611
763 966 330
412 494 29
822 777 595
98 166 673
483 875 267
454 380 21
145 309 190
216 592 278
160 176 220
996 35 679
734 119 341
503 980 735
252 676 670
529 46 641
474 513 349
285 770 740
446 628 219
259 786 216
223 251 264
197 576 944
188 145 844
653 910 777
109 578 277
81 78 87
883 669 909
496 674 596
47 561 153
504 426 686
299 71 710
380 468 726
289 221 374
531 626 973
767 291 186
274 161 428
967 786 962
894 39 337
810 768 439
6 162 11
508 208 709
16 219 887
551 335 520
962 201 980
286 717 319
603 882 814
314 56 263
515 257 443
933 90 214
21 431 627
644 676 212
542 60 990
393 105 384
457 621 719
765 661 397
303 98 13
41 51 184
246 477 917
353 853 241
493 211 78
501 364 246
4 416 528
429 447 10
70 100 206
81 647 834
136 690 429
271 246 656
851 831 627
23 895 614
702 133 452
377 602 724
117 674 74
875 252 891
34 801 905
280 984 387
237 987 83
360 812 128
983 613 266
99 262 854
688 881 764
353 854 714
632 913 243
387 225 462
890 547 357
467 330 260
971 870 6
171 281 82
69 298 438
75 106 284
781 513 260
839 993 801
574 619 619
232 583 35
942 983 798
234 77 541
799 644 862
848 165 910
833 658 162
952 787 715
346 357 460
975 412 359
900 836 941
822 313 484
663 879 683
893 224 610
747 438 855
8 721 729
963 660 761
449 518 193
348 0 231
252 547 431
293 685 407
854 251 797
668 644 796
65 243 48
589 826 117
25 269 60
773 442 125
358 831 433
246 927 248
426 879 161
658 524 293
528 132 764
806 454 193
651 36 118
847 651 815
221 834 683
762 345 923
871 588 534
544 953 52
715 796 964
312 3 112
551 327 704
41 775 324
958 479 592
636 49 722
635 356 639
697 565 458
150 981 216
306 840 619
300 756 266
455 504 998
980 975 369
362 91 759
607 351 532
783 327 482
544 664 528
536 970 0
819 50 99
386 816 479
48 472 15
997 911 435
984 735 26
578 42 701
543 721 712
606 186 265
567 684 470
543 893 267
410 765 752
370 495 173
117 474 319
129 864 379
966 913 230
737 849 68
289 838 142
67 204 302
823 327 273
70 822 723
950 450 756
782 915 563
246 541 202
724 674 688
647 569 833
664 247 41
1 140 608
682 940 174
759 328 567
807 495 216
58 984 790
895 371 542
984 322 737
321 889 122
70 411 871
739 907 675
595 819 615
16 457 274
64 505 804
395 415 56
30 406 412
647 941 778
174 31 54
768 853 789
630 508 786
781 286 676
374 467 16
763 946 179
991 300 392
601 36 287
230 134 259
108 32 450
789 126 186
113 108 325
721 326 981
771 721 558
501 691 837
997 326 792
826 765 716
113 125 254
103 392 774
362 736 963
892 580 136
186 596 768
554 194 222
357 465 648
948 751 359
228 572 873
298 402 779
518 667 893
925 619 965
625 988 390
27 197 519
571 240 345
662 881 971
846 335 187
567 671 566
97 170 444
761 571 373
639 345 527
562 785 919
416 804 911
637 608 247
506 79 316
54 634 137
325 655 445
637 273 725
984 579 265
749 355 76
384 535 84
31 427 277
254 165 515
923 733 539
924 401 873
265 917 76
493 360 502
697 115 750
298 550 275
244 940 669
190 761 472
967 374 89
94 893 313
118 22 638
90 772 598
827 908 317
499 263 973
388 787 15
275 804 200
344 30 486
927 937 729
470 183 905
671 771 809
872 908 92
111 706 710
224 697 131
10 379 882
112 350 143
252 750 696
226 509 288
708 98 966
468 901 53
834 568 321
234 673 723
491 691 441
694 804 464
526 436 27
434 266 162
754 770 713
342 628 675
676 289 833
957 508 854
835 769 151
875 379 438
419 178 339
377 612 703
42 201 334
166 729 705
592 996 866
834 405 649
541 564 976
781 789 166
362 73 399
494 701 718
285 240 587
599 946 726
833 405 975
191 923 757
696 445 403
509 85 78
924 239 780
303 618 939
600 105 144
969 106 452
482 414 692
375 948 356
880 518 256
626 596 755
443 547 90
697 1000 724
562 83 311
158 248 367
284 711 760
287 240 372
77 807 328
201 24 602
346 378 271
821 252 6
414 167 797
587 660 848
573 713 932
844 257 452
437 619 661
792 477 400
887 902 672
903 635 90
370 584 762
199 88 316
360 677 262
681 524 532
730 231 986
749 275 820
630 222 748
86 66 886
471 933 863
153 605 501
678 391 447
611 797 597
537 577 949
179 641 126
773 888 139
286 703 103
101 713 635
811 413 287
530 106 160
228 218 646
290 10 68
166 969 855
161 349 111
3 610 483
158 8 723
101 195 445
226 403 153
477 963 222
894 201 721
280 839 410
600 693 151
693 391 313
375 770 194
656 729 688
947 945 188
353 293 869
183 767 569
587 821 976
957 928 412
358 325 16
140 32 624
722 561 216
108 300 539
692 291 114
604 561 772
758 629 926
247 234 52
902 524 357
52 389 399
340 32 655
145 969 518
314 700 170
907 959 585
182 740 609
345 423 202
549 485 758
826 824 981
289 878 594
949 835 200
937 902 840
181 87 389
491 442 10
170 605 697
544 358 971
549 89 304
617 627 724
755 958 246
291 148 574
749 905 132
324 663 828
386 600 296
454 470 210
262 182 693
126 135 850
180 568 316
16 871 455
615 848 684
869 150 280
37 735 967
109 350 435
567 924 308
692 15 852
481 170 341
268 670 690
298 1 881
824 968 898
404 259 178
133 738 120
143 757 657
335 849 691
713 647 8
989 461 135
490 148 785
395 879 642
503 658 499
698 213 395
865 513 698
51 846 228
587 545 628
44 927 463
949 102 822
382 82 825
425 88 12
922 569 735
429 118 578
287 337 161
934 594 616
557 699 653
713 73 5
514 954 127
409 809 717
388 208 272
233 230 700
503 555 129
616 518 92
454 238 94
417 325 723
811 793 883
272 309 976
555 597 796
255 734 446
390 720 23
728 222 436
35 358 479
472 98 146
730 357 362
737 817 315
996 201 31
174 47 950
657 117 584
43 557 470
56 887 932
823 250 111
348 826 661
444 900 278
22 609 675
280 959 97
470 471 584
933 312 994
921 99 655
972 696 292
463 162 665
73 553 98
113 75 87
984 100 477
109 294 111
329 186 569
851 368 532
713 430 525
864 538 220
688 861 529
688 925 689
301 893 935
648 280 813
176 656 256
178 30 653
716 438 279
590 724 539
957 641 926
389 80 179
33 967 915
942 480 795
910 67 223
954 995 221
196 801 120
78 103 608
751 60 137
46 694 601
237 173 813
147 412 516
713 823 732
142 834 649
141 931 683
277 33 851
184 539 516
726 418 14
303 287 443
170 703 122
612 25 868
165 184 956
362 920 619
202 485 898
774 543 775
749 605 558
0 685 916
349 941 139
329 118 447
644 909 246
684 596 243
105 601 546
509 781 182
240 262 521
840 950 22
719 278 569
54 661 895
203 469 116
520 97 895
115 228 947
72 579 874
745 604 219
310 55 955
565 45 676
494 24 30
592 95 103
837 290 89
851 429 400
399 508 463
356 314 263
526 824 848
314 646 763
921 461 521
416 380 994
483 870 89
89 572 622
678 919 723
615 260 567
820 675 782
773 300 609
564 467 937
358 942 715
504 709 227
198 589 591
954 198 697
566 394 243
855 664 103
452 635 260
990 111 787
33 683 811
983 437 907
830 915 246
268 721 706
687 506 266
128 480 581
10 395 330
770 254 740
926 624 888
885 346 499
272 58 332
208 912 370
950 228 787
388 656 315
143 773 171
906 784 560
54 582 592
478 550 921
394 261 252
988 339 259
797 235 917
820 524 769
666 930 118
956 971 920
161 850 947
427 952 847
620 44 11
885 201 580
758 921 575
576 588 67
687 120 133
165 460 180
878 532 83
285 21 570
977 875 968
734 910 705
464 270 873
928 460 115
268 937 848
586 339 959
46 163 921
407 619 102
678 90 937
608 793 350
77 89 819
78 323 339
485 530 722
170 888 552
545 890 412
56 514 718
509 660 395
565 101 920
849 565 822
825 498 230
522 853 265
174 241 946
935 173 93
511 209 511
384 77 85
737 427 723
179 327 306
132 789 96
203 521 827
51 459 933
223 622 570
5 737 66
952 955 468
661 148 1
455 621 519
575 215 56
563 860 125
532 228 303
322 308 563
665 632 736
364 874 943
624 538 459
944 394 213
539 896 794
130 614 489
206 770 554
878 436 231
330 829 699
986 9 237
426 713 332
309 488 797
923 664 831
914 270 563
230 833 317
375 440 909
579 388 334
681 579 750
681 366 196
614 735 604
12 558 913
673 435 558
858 997 141
158 549 854
922 809 264
374 732 51
797 388 990
968 211 974
226 463 852
875 661 185
420 997 301
867 162 624
115 637 701
618 280 681
115 704 328
972 537 486
88 965 413
383 827 416
231 215 630
158 906 167
398 692 200
233 218 207
47 751 211
264 215 711
126 969 921
546 607 77
941 426 298
805 919 785
378 570 902
96 293 873
343 465 311
514 565 357
999 251 823
32 39 474
697 459 243
89 532 131
363 926 540
861 762 135
6 556 66
865 900 200
709 513 960
134 887 306
232 202 511
144 130 670
98 473 245
246 99 298
850 660 98
968 662 17
584 171 740
866 489 35
875 718 990
547 854 922
956 151 206
74 419 933
559 355 253
706 251 225
269 277 392
511 659 131
39 459 848
327 419 297
339 115 146
695 874 668
693 360 316
687 833 820
438 994 814
433 159 656
976 877 984
9 819 530
933 387 552
797 825 995
241 851 350
955 86 807
124 216 263
245 424 174
154 769 661
715 845 785
256 398 937
616 532 434
69 808 41
393 648 891
902 927 525
266 471 308
964 311 335
634 298 396
541 666 963
182 921 510
498 956 464
1000 897 156
82 187 482
311 403 711
768 159 315
763 652 525
799 317 480
490 929 234
246 851 746
732 388 405
436 102 275
417 457 891
352 29 727
493 308 740
589 137 483
394 405 361
694 163 578
561 218 965
540 1000 403
494 861 151
175 26 292
212 277 319
641 270 823
775 968 285
433 547 499
433 326 811
826 102 81
28 561 240
612 144 948
780 967 587
252 974 376
552 643 220
562 402 937
588 722 425
473 54 256
883 19 876
605 141 401
920 500 348
732 840 256
840 615 340
19 874 655
73 653 837
611 148 52
684 368 902
931 93 14
195 615 580
781 653 962
378 207 71
967 970 174
701 155 702
5 136 605
92 220 70
488 828 335
565 615 889
987 290 63
974 271 306
376 483 377
38 978 693
241 466 566
810 192 133
707 947 499
136 939 659
441 85 519
924 33 445
283 544 847
101 461 243
230 336 657
247 284 535
471 455 406
885 259 148
89 554 552
407 733 692
171 773 575
673 395 944
552 770 368
759 184 802
965 110 62
772 29 405
694 935 625
660 212 18
645 6 927
565 955 184
313 206 290
489 872 361
593 515 985
769 41 148
865 482 665
672 237 239
356 316 919
450 621 302
27 432 841
472 632 350
505 201 429
176 383 121
826 538 175
714 349 606
874 921 431
895 516 198
654 42 146
745 474 834
844 77 21
666 672 114
267 502 757
735 878 570
531 205 792
889 133 834
237 397 850
48 50 732
830 380 852
97 142 182
617 426 65
292 830 188
753 454 758
802 724 180
469 671 471
109 722 797
616 183 30
89 824 47
362 147 800
424 430 286
118 541 627
826 575 601
987 379 868
293 121 337
712 389 70
192 458 684
640 840 812
499 327 132
627 818 736
166 731 419
368 357 974
59 266 368
941 569 837
570 477 766
824 720 684
984 709 58
772 742 631
29 314 886
487 575 541
330 796 456
565 224 763
110 85 649
3 352 282
18 372 362
971 487 465
782 847 373
243 170 852
727 97 703
533 220 863
556 933 682
748 488 323
785 677 767
162 47 261
60 215 44
413 261 526
278 882 23
442 775 791
805 584 568
281 596 391
193 894 316
237 497 377
395 838 293
216 108 768
875 643 16
318 213 695
144 540 557
8 289 572
714 110 252
241 193 626
227 833 672
118 350 663
989 990 21
183 261 591
243 383 187
313 424 677
485 454 844
373 838 666
916 587 209
306 47 585
430 131 272
492 641 5
233 74 364
152 165 424
64 919 949
541 5 353
738 994 320
640 565 671
461 816 339
544 969 829
526 656 986
114 932 524
22 422 150
80 1000 875
33 16 596
666 948 407
851 390 956
920 137 577
143 879 183
498 303 166
324 250 830
588 305 406
325 340 652
805 477 763
377 872 976
288 221 148
785 307 48
301 889 129
519 158 684
306 915 53
107 122 379
810 44 915
322 833 273
75 508 18
620 144 208
500 446 880
879 933 777
758 583 817
855 876 701
840 574 600
204 355 538
305 428 760
978 188 398
290 869 352
767 823 9
832 355 224
904 148 267
858 721 55
984 941 347
42 538 628
190 747 487
719 127 50
927 815 959
449 891 267
851 372 20
146 414 174
90 592 560
322 74 336
46 141 366
768 279 205
968 312 63
997 470 59
91 965 198
328 434 799
908 340 823
449 744 856
317 301 24
71 125 985
183 37 901
383 160 456
869 731 285
896 81 409
606 440 232
276 349 83
768 277 349
916 222 606
405 803 950
52 48 690
418 241 0
838 734 37
798 377 542
888 409 578
106 377 123
567 739 860
473 784 586
67 234 390
565 639 704
118 979 602
952 109 269
604 316 772
696 351 777
298 910 180
439 406 78
717 626 10
336 379 637
97 494 654
408 139 423
549 848 837
461 140 240
403 70 494
579 286 445
49 620 701
458 129 564
672 161 809
308 28 6
835 713 665
281 57 259
82 988 701
874 277 174
557 712 38
810 993 109
660 346 781
867 515 595
612 927 868
824 256 842
141 298 691
47 421 206
764 429 604
809 542 267
943 864 214
364 467 782
396 615 832
656 480 888
613 952 707
240 878 635
523 138 213
117 363 52
185 609 580
332 408 552
97 824 561
352 545 450
444 79 460
830 988 312
783 189 409
362 764 339
779 444 899
317 545 224
606 741 75
222 678 541
675 9 189
457 910 883
789 714 858
701 839 834
147 200 528
897 671 358
448 826 966
896 296 207
577 409 316
136 365 94
693 290 109
518 865 843
221 91 244
711 509 193
998 797 516
283 689 464
308 777 289
859 311 246
134 79 99
488 920 859
510 357 335
489 566 432
470 142 857
534 767 624
582 930 891
82 463 7
381 462 25
387 300 697
47 101 75
917 938 745
298 125 345
869 708 729
394 797 41
223 609 288
687 125 849
837 606 559
294 639 399
990 65 665
332 59 697
814 987 456
844 559 815
937 128 856
750 594 251
848 892 97
871 399 538
126 690 837
302 201 496
977 862 378
55 237 962
330 962 367
917 468 204
683 541 418
371 749 694
285 613 341
312 107 553
409 450 529
947 594 414
292 47 801
260 541 928
987 81 574
830 660 377
48 878 170
773 183 246
60 60 0
349 859 201
814 18 0
317 807 226
941 463 409
582 165 861
355 219 942
531 931 440
406 120 742
54 111 672
445 565 226
934 665 289
639 347 35
97 704 321
812 423 412
348 139 178
985 213 454
76 49 939
508 404 640
827 131 341
92 492 965
537 898 348
112 54 32
892 223 265
373 499 535
117 575 634
710 230 348
750 248 198
828 166 894
768 953 399
352 828 464
867 151 510
905 989 680
578 432 154
831 145 200
34 618 912
387 718 596
856 45 136
111 516 992
320 626 279
626 774 265
955 534 933
78 750 478
858 410 354
199 80 563
428 768 840
669 938 648
161 227 411
51 677 853
775 427 548
534 275 151
620 498 205
391 128 139
514 258 385
703 436 983
676 65 472
757 196 103
829 909 731
832 174 887
212 761 833
88 31 114
56 729 789
564 575 254
638 988 766
537 126 816
554 508 85
314 942 732
774 911 577
219 221 164
970 989 713
184 82 761
310 83 386
449 157 839
790 440 170
244 770 686
875 71 132
965 40 104
710 417 754
929 192 265
183 959 752
260 237 36
219 332 507
962 858 901
352 350 448
311 761 932
192 52 237
917 816 829
322 135 859
33 705 918
836 802 251
387 625 924
993 450 388
825 254 365
492 584 585
576 938 71
417 954 807
283 22 60
399 415 940
9 314 40
512 372 397
797 209 140
463 784 149
736 844 724
556 688 954
247 518 18
39 704 43
186 574 502
147 552 122
81 890 782
378 57 377
157 103 150
577 701 172
977 451 894
38 876 692
562 974 456
512 839 491
564 115 331
794 588 212
103 647 336
668 760 368
669 371 617
144 530 915
496 604 703
566 368 330
104 614 493
82 862 334
430 217 851
245 125 839
496 629 41
412 540 773
486 709 257
423 562 266
744 432 436
414 408 517
542 819 536
472 269 177
990 308 886
581 247 81
128 487 748
611 317 677
799 63 693
426 825 969
907 772 54
949 803 610
254 784 469
798 728 457
761 51 154
950 686 232
4 649 678
234 272 188
82 423 784
607 951 750
507 873 9
215 756 650
860 685 250
899 543 282
372 480 539
959 849 70
160 810 358
832 331 29
322 911 385
13 741 381
518 655 238
563 673 534
877 565 508
949 107 58
484 52 991
411 264 295
322 113 661
867 13 102
918 817 631
128 226 289
919 165 896
703 515 871
421 991 547
395 446 932
253 507 197
231 765 62
894 280 167
709 258 266
46 521 9
783 29 967
856 217 750
567 218 796
155 231 809
737 311 731
881 997 448
28 577 518
96 925 433
965 687 319
413 20 551
585 664 618
712 947 124
253 343 752
418 387 142
323 567 975
166 589 106
936 240 494
335 506 578
373 491 78
227 16 377
356 619 56
182 57 551
594 993 376
636 128 407
635 761 384
596 341 935
580 65 347
287 19 113
494 104 550
154 666 754
933 498 40
337 79 236
630 595 808
807 452 602
817 992 539
924 113 610
125 155 363
48 656 511
970 400 78
463 609 91
922 78 368
247 126 478
97 138 11
924 821 839
669 997 747
694 573 256
624 667 280
699 173 761
73 767 511
107 87 702
917 24 691
127 34 535
984 800 870
916 47 204
686 935 140
500 92 709
675 548 159
349 7 720
23 223 452
566 667 877
964 124 843
101 372 175
498 381 893
50 217 858
125 777 822
375 132 191
17 914 545
485 16 208
37 406 784
860 281 192
698 175 302
173 86 603
616 542 217
651 357 397
683 161 403
291 643 0
187 365 278
35 950 484
357 301 308
973 158 569
783 940 896
25 242 1
613 674 585
514 440 720
785 775 284
270 584 664
387 214 996
874 733 18
15 631 806
229 864 869
402 915 793
298 210 221
282 516 377
295 455 190
183 894 363
81 341 534
666 399 244
716 443 524
541 450 505
46 651 442
21 789 508
111 33 997
56 786 394
209 200 846
94 301 905
807 335 879
861 286 284
371 770 17
26 597 165
146 124 619
133 422 199
653 945 392
509 369 126
903 223 439
278 887 296
700 16 602
680 689 489
926 615 348
223 640 607
694 900 525
792 481 778
369 204 522
83 772 339
318 687 891
607 802 922
325 890 100
441 156 222
494 136 398
577 233 894
508 580 658
419 569 467
988 650 134
208 379 109
809 548 297
607 498 30
77 887 504
129 699 15
149 87 346
916 864 311
75 126 383
961 640 271
464 656 930
80 148 584
729 96 303
781 845 84
840 634 888
692 539 127
393 696 999
143 690 903
63 793 190
200 695 947
751 545 395
713 660 729
853 58 498
820 647 38
450 64 787
829 703 944
822 841 230
208 687 7
87 560 479
33 809 31
656 251 862
855 546 540
964 499 278
617 246 224
922 909 19
988 999 417
370 148 819
486 224 997
765 442 449
572 648 33
203 856 441
978 546 680
436 161 906
183 253 450
470 736 429
882 321 659
509 902 244
877 318 858
910 600 665
815 796 755
348 461 566
625 607 956
619 695 60
667 75 938
123 422 263
897 563 859
407 786 459
312 464 846
117 57 670
3 606 39
203 894 511
835 971 514
626 744 948
296 875 972
779 979 135
375 782 632
82 195 321
512 722 158
202 299 429
75 486 26
964 575 728
188 51 477
551 610 997
429 118 358
62 119 862
164 524 258
621 980 294
742 162 383
507 658 228
580 670 272
44 761 918
834 282 32
395 823 199
846 156 436
511 636 690
417 614 5
248 232 471
276 244 914
486 6 36
55 484 578
19 632 410
887 887 534
189 644 218
63 347 536
242 349 24
121 192 280
869 33 364
567 629 741
366 799 312
144 10 796
259 780 675
336 616 866
411 480 878
779 657 644
992 862 54
278 647 817
589 588 664
165 955 894
99 921 601
342 804 613
616 746 983
689 585 37
865 757 453
7 750 736
205 145 483
782 218 248
211 761 923
915 143 569
814 340 288
485 490 89
528 37 485
826 981 364
619 926 869
586 529 127
465 368 830
888 757 634
773 938 866
84 548 429
365 867 759
495 41 584
951 666 14
578 91 934
385 536 972
768 357 873
418 552 846
45 764 895
734 18 544
81 391 117
72 623 952
975 541 268
833 153 250
580 635 344
318 543 352
808 296 706
625 318 1000
107 350 322
697 706 223
785 934 4
587 98 751
731 30 178
854 167 776
590 1 829
9 537 722
447 101 495
207 688 991
901 825 899
300 675 59
149 746 501
876 768 592
847 175 646
379 410 31
593 361 106
671 390 504
731 731 364
331 277 659
860 104 416
687 208 789
984 925 183
263 448 884
212 100 205
621 544 960
729 486 877
540 206 420
844 774 11
697 260 675
458 647 514
699 327 651
169 776 810
712 480 925
338 835 406
541 288 989
755 281 813
786 966 929
797 743 117
969 522 944
841 250 871
728 806 108
300 907 180
318 992 527
14 772 580
996 354 535
58 866 161
967 998 328
477 296 215
336 253 641
290 493 906
905 55 204
53 117 698
609 558 40
290 637 406
920 228 865
809 811 463
726 7 368
318 317 788
677 794 375
637 320 71
670 737 755
224 994 813
358 976 800
130 617 362
552 653 885
305 705 873
123 590 534
744 471 129
307 841 648
246 989 346
288 256 537
520 574 171
990 285 692
602 695 336
854 932 692
916 706 948
154 686 961
807 237 713
27 102 285
846 12 177
188 962 657
982 420 484
993 213 106
542 747 960
283 363 759
331 636 0
799 725 488
574 81 196
312 366 93
241 686 340
127 411 201
975 927 753
497 112 542
788 57 541
838 381 624
486 681 163
203 621 779
367 362 678
131 294 405
887 218 259
124 1 941
652 864 592
28 128 265
174 352 426
202 239 843
658 307 144
156 558 516
675 480 590
384 488 314
267 979 164
282 205 734
622 791 643
545 26 768
978 419 884
155 964 347
871 193 311
215 616 10
813 344 454
198 237 429
136 287 59
56 859 3
476 504 96
645 18 706
35 566 456
128 781 107
754 411 38
565 652 32
590 418 208
11 427 31
663 193 19
668 749 782
360 164 685
838 991 134
714 124 695
956 269 885
388 840 24
636 477 268
636 434 336
174 31 578
888 978 684
402 390 622
588 898 492
266 455 735
84 275 876
728 797 113
25 584 582
445 517 742
690 299 452
826 212 243
91 316 524
405 551 752
808 164 595
496 148 529
427 709 11
11 876 2
812 44 816
786 917 899
941 989 896
214 58 701
270 79 278
386 518 837
981 71 310
824 910 695
773 731 12
520 875 554
160 13 318
356 496 107
408 843 720
331 725 532
943 462 90
608 276 721
657 49 653
850 78 708
609 574 589
632 319 322
115 620 405
563 60 183
211 262 77
961 766 883
427 836 276
51 186 593
659 747 178
269 695 454
606 809 809
922 199 601
919 103 168
710 593 730
638 769 648
457 173 672
74 578 502
665 275 376
913 680 36
452 373 944
84 696 938
634 355 201
308 904 936
361 611 835
55 749 819
109 179 650
372 911 441
996 928 61
961 96 646
770 440 65
797 935 270
390 368 194
107 28 433
124 168 497
912 801 157
431 379 517
804 559 70
502 255 678
441 605 663
917 954 882
48 411 830
634 139 825
195 764 849
189 816 567
601 247 806
94 135 722
603 276 320
90 825 579
209 591 146
97 642 167
77 652 829
667 39 88
903 865 200
921 964 801
548 112 879
412 897 997
648 52 131
317 808 152
66 665 815
234 580 898
25 189 972
326 724 873
501 605 126
607 524 687
166 520 969
960 198 992
826 97 198
920 636 106
498 400 42
196 375 965
497 619 933
447 794 702
756 233 137
819 617 652
983 336 619
637 779 811
945 651 655
217 652 487
560 616 34
225 215 398
985 70 926
248 385 471
84 849 495
136 951 820
31 633 919
764 853 481
85 797 88
133 402 397
34 778 925
839 783 363
730 260 267
667 432 465
249 978 269
325 48 994
956 429 226
251 370 858
903 268 15
190 762 691
288 884 718
545 148 138
652 738 743
701 541 319
439 520 710
275 382 424
876 242 575
968 161 550
671 796 63
819 85 401
539 261 896
284 618 376
89 395 878
38 280 835
355 881 252
80 458 61
497 399 714
73 220 404
59 693 446
758 544 677
221 761 692
400 599 559
382 976 971
288 318 292
164 806 379
270 49 304
266 36 269
103 647 847
248 798 988
91 944 365
847 536 495
40 201 911
925 812 161
992 840 730
930 950 273
678 754 699
717 111 332
745 385 309
244 46 92
592 145 545
112 235 257
12 509 115
883 935 918
160 731 373
64 411 604
144 614 917
263 545 452
829 245 223
25 91 905
488 97 133
61 894 844
125 109 146
936 430 884
582 760 537
532 887 197
980 859 419
592 525 815
389 861 695
207 205 615
559 817 703
227 756 619
471 469 157
0 908 225
418 433 670
917 514 148
63 536 93
952 105 518
622 82 526
979 674 275
530 786 141
870 35 406
912 567 217
885 916 74
985 717 810
184 463 977
641 828 400
363 912 412
943 128 726
309 826 907
52 173 920
127 175 972
842 44 277
355 611 228
550 210 414
163 559 596
485 407 526
961 327 326
198 869 8
50 797 50
811 666 193
783 396 251
488 951 963
773 251 233
768 938 360
136 460 828
984 336 95
565 59 19
115 515 483
657 886 809
72 545 242
695 817 35
779 443 924
551 357 85
253 581 330
108 900 769
493 670 318
789 164 353
169 1000 386
416 616 983
862 290 969
173 297 518
390 789 928
370 586 408
960 793 211
219 573 341
883 797 257
618 232 902
65 680 157
526 936 883
704 155 941
432 189 146
163 54 30
69 151 932
56 500 400
690 618 522
737 831 638
749 632 954
792 344 717
527 641 416
626 490 7
170 112 307
269 238 311
692 297 500
902 17 140
433 203 288
720 191 845
258 884 112
15 513 396
139 31 135
990 590 670
698 562 233
273 200 523
305 336 963
4 977 263
575 330 820
554 972 414
909 515 154
464 420 902
862 53 8
82 253 944
966 474 45
495 823 549
769 728 578
876 403 204
784 591 566
345 478 139
421 72 486
874 446 288
143 989 811
272 789 17
564 563 935
529 37 585
596 954 593
726 52 548
903 744 593
11 191 683
322 205 673
372 473 398
884 974 681
451 664 822
770 1 143
357 752 704
458 577 619
171 871 333
526 341 144
923 301 762
931 983 848
795 641 560
395 416 613
376 672 91
318 679 568
451 795 686
313 958 34
290 851 367
418 335 856
720 508 180
132 236 193
916 147 446
840 425 608
932 880 558
60 276 197
766 556 714
72 85 935
686 891 828
615 561 312
237 207 956
255 52 200
901 156 482
616 835 577
368 175 645
799 597 222
690 344 224
399 74 311
243 137 6
396 959 686
971 353 65
829 266 736
816 297 426
449 970 920
772 165 162
976 818 922
308 657 127
394 81 743
97 513 378
685 665 271
701 449 953
633 704 940
473 114 553
570 324 717
340 473 717
834 378 131
477 766 644
87 690 351
990 190 722
174 839 845
661 579 427
630 154 822
208 334 158
818 674 333
178 850 11
542 538 877
693 217 881
321 962 852
745 406 906
676 488 436
824 110 999
4 692 855
828 980 713
654 655 429
768 417 714
299 669 265
22 308 131
414 737 486
270 606 886
378 882 737
561 835 703
897 689 572
519 173 407
327 349 306
960 118 412
59 953 406
475 944 249
535 875 375
528 866 325
33 113 326
256 878 573
843 921 400
7 232 904
220 49 125
752 984 371
414 707 996
707 600 498
287 762 652
953 265 635
688 120 362
653 228 801
240 501 612
994 134 842
656 166 914
778 793 193
202 803 909
28 888 438
505 841 155
796 231 101
578 875 486
945 643 298
591 954 453
786 478 69
689 105 228
406 25 278
250 310 310
225 10 468
572 476 339
249 421 172
612 359 480
580 391 176
341 406 289
453 180 343
419 510 870
304 526 954
246 711 129
51 496 123
924 387 49
915 686 374
84 789 258
441 167 623
155 227 978
841 643 680
601 574 114
678 982 621
598 332 356
365 389 29
331 508 920
198 11 746
58 503 292
964 970 999
840 720 971
648 223 15
1000 253 470
950 475 645
239 593 879
157 25 936
994 155 588
894 958 883
642 869 156
159 101 894
476 622 616
118 867 742
835 237 17
142 964 610
915 146 951
74 54 722
388 882 844
855 585 218
455 581 527
777 302 600
862 427 976
143 449 811
167 527 742
781 357 690
993 981 584
304 580 92
87 674 67
171 494 951
176 996 366
996 596 726
949 295 262
654 532 95
604 599 24
445 305 517
564 619 621
645 267 14
561 752 235
387 365 978
845 67 114
542 340 657
695 651 500
58 368 567
961 112 196
910 313 416
847 441 33
938 555 211
120 808 503
487 644 285
441 536 493
39 820 814
818 701 118
282 601 627
437 701 964
33 169 946
402 336 877
423 431 660
154 541 748
923 993 550
756 333 77
527 847 898
83 720 66
763 324 772
213 450 511
299 90 754
532 547 771
109 778 477
643 175 871
521 655 41
232 548 523
780 244 873
959 607 571
270 662 700
302 865 555
947 198 295
309 658 583
921 903 132
630 83 473
601 61 625
972 236 115
624 244 675
961 208 324
693 849 105
329 544 16
91 289 302
646 445 183
817 975 593
811 617 735
84 50 197
346 876 687
475 71 662
952 247 224
666 458 287
627 32 386
28 925 282
650 213 993
65 458 121
390 360 930
225 31 859
687 98 854
440 639 83
68 781 502
61 953 352
437 693 160
444 538 798
677 528 384
608 30 614
353 208 760
29 762 952
445 902 674
539 637 849
672 363 372
819 763 223
852 406 882
551 747 273
360 963 581
6 116 586
711 37 383
319 646 156
789 57 475
224 812 36
745 557 883
733 970 948
671 959 214
512 656 404
756 66 993
507 444 781
484 287 635
333 162 426
458 786 380
836 355 879
775 647 667
178 677 393
338 993 674
551 246 856
719 980 309
15 563 339
67 470 136
195 1000 19
814 857 683
624 855 716
779 244 73
782 713 820
311 811 853
534 890 428
38 844 373
795 939 676
513 991 177
440 450 956
199 149 295
749 592 695
103 509 262
236 955 208
978 792 155
746 584 301
912 81 482
184 511 603
545 428 210
579 123 896
186 495 304
320 919 279
879 631 865
576 171 401
618 431 267
545 950 305
798 732 302
531 922 191
462 428 245
759 431 82
352 339 427
807 514 800
708 452 677
571 378 376
158 619 380
170 190 637
815 566 95
483 838 658
38 395 245
526 209 527
108 164 540
189 500 476
301 305 604
34 32 897
962 260 937
485 522 351
47 122 57
191 136 871
1000 773 871
791 442 185
738 637 642
376 348 897
400 91 814
177 823 495
427 878 815
635 613 842
945 412 911
16 928 541
7 689 532
871 670 10
865 313 95
787 732 411
479 190 724
201 749 0
181 214 304
83 830 702
503 47 682
898 844 338
429 546 474
731 549 101
555 261 233
716 81 572
417 408 39
860 525 832
853 731 897
119 583 283
970 356 966
254 31 39
995 530 704
766 397 642
100 821 623
744 270 298
616 411 700
179 582 812
786 958 909
458 817 907
294 29 556
972 654 923
59 377 163
474 919 216
887 598 669
509 311 336
12 941 750
555 448 722
920 367 722
632 91 28
538 24 333
940 670 847
59 579 645
51 786 937
631 279 527
962 204 238
972 619 28
483 804 936
667 947 104
791 560 318
362 901 803
434 827 675
868 259 707
848 195 126
440 795 111
177 731 932
430 263 480
185 31 673
615 327 524
508 792 38
351 561 562
586 985 996
24 446 110
570 549 65
217 969 662
765 71 118
310 676 167
411 272 328
611 157 895
782 66 528
983 457 962
679 15 748
322 141 762
589 366 785
103 768 95
503 53 920
175 685 302
308 600 203
32 284 654
179 138 808
778 739 969
279 79 435
179 464 384
310 671 979
405 838 590
80 809 4
882 892 832
519 706 605
549 81 899
501 733 708
637 981 266
691 972 933
911 588 404
214 500 495
652 715 85
467 254 247
714 235 838
469 898 617
174 822 200
790 203 414
965 992 881
733 578 964
425 241 59
841 801 37
561 884 934
159 677 543
477 433 24
443 324 855
652 451 976
366 534 719
186 419 872
511 248 130
762 110 982
899 998 832
246 488 516
89 558 242
245 589 374
256 200 882
331 86 411
613 685 565
119 8 119
880 447 460
968 242 442
19 227 582
632 527 245
287 223 844
233 622 330
528 418 108
861 948 674
194 138 841
11 681 371
419 874 909
513 113 312
894 125 887
560 33 934
484 730 382
836 912 580
959 894 862
187 893 383
483 398 118
568 199 620
593 994 178
337 698 304
554 423 879
269 423 695
223 160 352
72 507 369
284 134 323
146 716 301
521 102 190
227 241 497
878 318 252
153 638 829
977 921 531
801 890 139
603 33 281
824 319 443
736 671 448
411 254 397
691 113 870
836 42 979
431 332 703
995 911 575
921 211 247
219 206 751
835 587 153
484 152 317
632 524 895
908 865 812
842 692 32
550 953 229
438 168 918
865 785 553
968 77 999
451 837 951
73 49 35
505 82 236
448 38 862
281 731 733
359 96 206
737 699 497
659 535 118
975 919 445
385 796 823
900 598 621
706 230 270
820 571 746
165 279 958
316 704 462
539 23 981
144 551 204
266 830 575
837 293 37
682 843 13
421 637 222
572 419 162
250 697 90
55 782 822
875 755 914
162 802 154
780 448 977
130 426 379
98 138 797
265 579 82
353 148 378
671 774 305
630 978 962
824 270 205
819 449 909
429 393 150
972 438 376
571 335 952
463 815 622
454 558 364
207 58 467
621 58 754
518 125 166
370 93 434
216 403 698
535 875 676
152 31 143
579 755 140
701 197 1
785 137 338
190 716 740
982 725 162
870 534 547
723 747 152
210 361 434
34 279 382
683 135 270
35 21 904
146 296 939
154 910 480
548 751 407
574 604 915
110 627 769
833 743 179
425 26 807
49 703 361
281 130 995
976 637 750
176 214 976
718 198 780
22 391 255
805 216 18
894 637 125
673 419 724
122 821 112
116 582 82
330 901 511
434 395 769
794 230 605
911 300 686
561 493 606
282 134 717
288 67 110
799 736 238
429 716 77
330 520 441
609 199 79
356 832 688
213 309 95
382 152 627
648 801 622
433 449 919
618 231 315
109 18 565
744 829 639
251 803 936
773 324 51
237 766 94
13 433 581
453 938 32
128 372 944
436 235 976
768 750 904
856 854 650
352 978 13
382 188 807
872 581 152
717 427 299
763 508 194
617 177 3
473 539 225
676 941 356
43 953 624
87 694 393
925 927 805
115 249 58
631 711 38
69 494 671
361 367 386
218 365 682
264 804 702
514 243 312
419 919 114
247 439 129
472 786 708
417 668 1000
465 968 895
488 105 355
120 191 830
562 835 725
308 908 814
208 552 786
246 757 790
409 379 88
528 878 579
86 355 138
468 565 134
273 523 367
468 915 873
622 44 865
665 416 54
4 644 664
154 201 237
60 568 973
993 584 628
824 185 972
321 100 99
36 110 423
781 437 538
126 756 289
45 528 86
298 562 510
238 965 101
115 145 230
931 423 908
726 901 465
950 926 294
15 466 844
699 985 914
250 97 409
863 435 246
916 927 819
504 580 611
473 525 970
308 882 233
632 228 846
912 530 498
84 920 438
929 447 145
412 634 204
44 108 947
804 277 690
520 74 775
475 468 775
782 152 217
374 760 938
462 491 19
343 26 6
876 618 788
489 457 25
705 271 180
822 411 712
780 956 17
386 198 736
769 706 433
938 813 835
800 848 211
96 881 424
258 257 249
836 540 964
353 397 181
393 361 321
388 51 337
210 741 166
335 880 946
875 804 449
929 151 172
81 539 173
622 556 787
122 738 321
970 873 474
108 385 355
403 66 115
837 754 348
624 462 547
231 285 356
339 222 611
229 797 354
668 230 994
56 696 225
425 608 582
447 581 156
278 474 521
692 85 751
486 40 199
813 0 767
125 617 653
58 100 194
968 474 412
989 432 675
23 597 438
381 161 660
805 111 608
513 890 333
584 944 622
850 237 433
702 752 356
519 875 108
157 6 510
237 144 344
652 587 805
873 113 739
340 852 781
971 107 782
214 568 324
249 322 911
461 798 738
891 643 972
726 60 727
875 789 39
861 852 898
918 540 620
649 65 906
208 356 522
735 262 343
20 367 949
669 927 805
583 721 826
982 450 319
624 915 102
466 476 742
526 445 86
365 943 41
439 262 999
88 73 248
318 911 770
976 957 272
899 284 196
463 769 685
394 296 302
322 206 845
50 54 602
594 697 119
371 226 738
577 390 770
418 768 307
952 937 345
569 214 492
749 355 266
596 804 454
574 80 506
689 308 392
729 597 920
611 961 866
982 276 354
244 538 859
687 801 269
916 26 515
821 438 78
674 662 624
535 739 958
821 228 853
568 411 127
272 108 128
163 728 907
758 340 754
837 246 846
882 866 938
886 418 690
504 950 650
559 837 191
85 718 793
152 632 405
358 140 935
655 732 636
329 895 656
857 79 210
291 156 869
376 988 725
194 571 965
390 294 991
952 179 146
862 960 168
603 245 422
67 345 758
710 54 550
103 127 749
435 980 296
439 46 58
586 204 927
776 606 239
52 730 618
736 494 660
344 391 917
737 923 674
176 320 289
875 67 44
982 28 641
407 140 212
618 26 865
456 409 979
479 170 186
207 364 392
944 660 350
942 889 228
764 988 424
524 134 686
194 874 651
734 150 582
688 558 472
959 10 91
493 12 845
194 370 496
682 228 878
200 926 877
807 46 807
160 318 27
670 679 857
492 354 501
837 495 739
486 845 969
661 481 254
962 607 269
71 98 259
184 768 760
191 132 515
48 697 172
237 263 549
919 75 944
310 208 486
520 646 237
912 983 108
680 396 998
533 206 133
842 462 952
354 698 187
52 129 561
415 272 692
617 221 485
164 736 449
933 904 664
374 478 246
61 753 765
364 115 221
436 20 887
933 774 695
301 475 287
906 271 88
499 189 37
684 182 798
756 779 386
460 293 736
369 360 328
47 500 637
911 479 157
10 706 485
291 236 963
996 722 841
667 422 559
50 133 701
86 492 462
170 826 855
113 191 601
564 267 714
764 428 363
708 728 386
465 781 991
768 830 232
651 56 343
830 429 350
493 594 162
279 277 870
387 863 213
509 268 443
318 224 104
939 165 790
425 383 169
364 359 205
885 217 659
8 610 878
342 731 257
217 575 785
129 568 556
424 436 782
629 361 394
170 204 423
250 766 280
56 370 63
235 970 963
724 563 870
85 52 535
31 184 520
195 766 146
807 314 508
635 889 709
291 915 776
620 403 549
138 297 985
673 164 227
429 877 111
609 810 7
34 317 373
479 340 757
231 777 236
703 857 538
641 296 846
419 541 580
229 945 604
522 692 198
722 440 304
434 935 133
658 942 172
623 1 423
166 640 423
822 30 13
307 744 96
203 841 683
775 344 15
846 925 505
409 49 616
620 281 240
536 94 111
818 356 636
429 712 32
60 83 859
312 730 193
517 814 474
699 838 678
416 718 2
931 87 235
622 466 819
672 617 937
533 272 291
160 210 911
439 359 801
456 692 172
844 333 442
785 575 903
916 616 885
732 762 956
998 906 609
66 803 365
164 960 180
130 752 962
657 330 812
184 320 677
38 883 987
385 136 515
535 789 761
949 95 478
489 320 108
76 10 641
71 398 67
418 90 119
511 121 34
354 408 467
416 556 209
251 177 973
599 998 212
65 237 35
121 294 866
659 756 829
871 110 819
420 868 490
775 675 852
339 615 153
544 432 334
933 796 33
810 953 91
274 284 752
996 927 49
950 460 33
708 639 345
168 847 818
240 801 671
420 244 941
607 745 124
400 896 360
995 169 855
599 315 88
274 349 328
536 750 739
494 919 414
452 772 623
702 317 2
485 101 939
979 283 302
976 800 684
80 635 285
383 727 396
317 164 871
492 6 130
43 351 557
545 863 515
344 977 427
197 709 826
509 973 584
743 860 977
479 829 890
514 283 187
636 755 947
904 117 958
417 341 774
454 826 537
340 4 804
476 883 364
109 360 972
790 703 490
215 476 776
765 501 91
927 211 601
206 262 928
713 892 686
697 724 42
537 356 838
823 8 164
966 934 745
250 904 366
728 168 26
810 230 533
35 642 140
894 272 44
435 595 678
32 321 144
981 336 532
890 307 396
426 400 728
930 306 430
436 277 543
878 457 876
666 20 568
791 408 552
507 817 171
172 33 796
185 911 604
804 98 263
803 752 14
464 158 631
990 883 315
479 810 317
696 196 132
278 294 657
356 334 229
658 703 823
40 995 558
873 594 662
337 162 677
606 570 780
331 121 416
47 915 386
765 41 11
384 79 769
957 689 805
481 297 880
854 348 209
91 444 331
753 394 454
811 387 188
921 330 326
257 430 192
963 369 805
661 764 100
323 650 831
87 718 285
410 745 828
577 99 515
535 799 474
531 393 351
502 480 517
412 101 580
218 50 152
700 650 224
237 63 847
310 268 902
932 845 405
935 238 878
846 383 204
832 290 387
65 786 614
204 16 807
646 250 271
142 216 245
996 478 537
289 864 697
918 853 806
989 196 918
803 276 739
326 380 47
917 94 352
510 534 279
153 295 151
582 260 531
729 982 40
293 149 835
877 738 228
813 823 764
127 116 424
884 195 514
858 319 836
897 392 540
695 199 475
837 429 430
671 494 480
589 812 390
717 136 400
292 838 481
112 443 803
85 784 817
650 184 950
678 805 76
714 600 561
63 576 29
504 134 591
974 339 744
450 517 945
450 865 829
844 679 222
379 599 65
209 771 528
175 927 520
465 711 917
451 423 108
266 799 416
229 545 981
20 681 761
603 914 611
872 776 603
409 237 500
320 364 177
461 433 777
661 851 598
168 18 630
342 233 62
300 678 42
372 487 213
430 518 541
264 116 150
909 785 455
573 258 695
667 597 300
249 409 676
906 483 920
791 332 388
181 700 623
300 29 784
57 416 356
460 422 689
209 853 654
409 545 62
848 331 722
579 550 68
363 124 21
971 567 421
768 192 381
763 915 121
998 860 28
718 659 604
162 951 426
518 820 833
850 64 743
124 346 559
405 909 158
145 216 858
685 332 519
610 265 829
563 875 723
827 850 537
84 735 67
434 146 226
929 469 461
797 555 454
791 274 329
942 472 184
759 106 906
213 914 944
248 599 134
687 404 328
404 763 525
415 541 769
683 679 833
820 582 621
347 215 878
208 528 196
990 919 855
124 900 536
694 792 145
149 605 853
108 982 850
391 275 568
951 561 545
49 402 242
909 360 936
949 711 13
734 200 889
513 185 823
575 591 386
455 684 422
719 90 259
132 851 206
533 604 689
775 407 612
145 660 770
144 154 126
911 573 450
246 157 366
526 154 385
621 427 8
175 993 190
86 751 2
888 260 321
44 907 654
105 382 843
112 140 955
11 496 114
38 17 503
206 626 471
823 153 203
501 313 6
17 339 32
878 553 300
306 345 462
10 294 942
376 146 943
956 211 136
845 224 438
145 842 939
486 22 143
833 87 691
667 290 919
990 270 834
375 342 29
773 468 865
262 419 110
642 581 78
333 719 701
925 350 324
748 812 102
685 803 484
537 431 964
410 995 11
191 50 199
23 503 350
51 591 564
577 400 192
547 81 885
434 954 709
871 543 767
940 731 431
898 303 63
829 18 474
218 334 26
545 656 4
656 360 486
92 651 854
60 786 355
391 236 930
407 737 956
563 761 389
569 100 36
595 58 124
899 141 315
737 723 740
482 616 788
979 993 214
824 310 298
906 357 817
909 831 494
653 275 859
352 326 929
483 466 379
855 719 46
144 418 986
80 673 170
901 646 981
952 944 933
81 749 640
711 593 854
787 755 14
830 320 401
767 798 239
696 845 628
670 739 312
706 471 44
94 712 868
348 625 145
700 6 844
218 833 790
492 825 581
212 806 201
964 431 66
494 556 550
674 409 612
442 613 122
883 442 684
72 480 670
610 355 357
875 688 224
535 50 924
426 107 174
557 439 143
689 971 80
474 718 265
981 420 877
393 669 822
41 36 669
589 361 552
196 504 132
897 912 506
949 847 958
0 956 766
881 964 459
558 449 275
522 621 510
184 146 377
694 306 247
420 116 604
540 353 619
66 620 153
222 412 837
175 339 766
273 944 123
457 272 442
714 188 87
426 416 420
273 596 600
761 44 477
81 929 912
691 312 885
303 597 329
269 176 820
849 871 824
951 269 736
709 247 833
612 46 855
801 874 308
496 624 411
797 593 582
924 482 328
87 97 922
804 979 202
54 752 267
699 240 450
316 407 353
433 431 136
973 320 459
515 767 183
556 484 226
556 529 266
760 519 413
840 122 69
932 240 131
473 608 858
782 85 92
479 413 398
615 863 245
521 28 949
78 551 191
844 883 733
146 613 36
106 61 831
177 965 309
78 910 547
244 773 439
274 564 460
203 610 535
393 726 626
178 939 780
602 278 765
619 468 806
259 625 661
674 512 860
153 465 348
26 349 455
726 630 411
397 602 712
381 833 947
793 841 588
658 796 161
53 934 744
125 617 749
75 791 936
394 195 882
536 218 748
839 92 726
8 550 103
668 50 646
493 810 315
418 923 306
211 176 895
999 666 317
583 349 632
121 736 220
34 390 611
926 257 190
886 139 723
293 663 100
463 654 115
156 488 251
297 984 660
146 585 678
178 888 861
314 614 356
815 275 326
386 585 428
39 383 725
43 515 783
112 184 625
889 634 773
386 207 432
633 286 741
445 79 445
357 621 596
695 626 555
664 256 905
903 919 537
527 886 190
758 769 160
774 550 152
70 371 878
290 619 18
48 450 895
64 762 824
832 674 150
343 84 664
679 102 886
618 970 935
596 694 492
851 917 554
90 324 815
376 428 362
531 498 143
241 70 292
474 707 909
281 27 53
817 539 782
428 868 826
497 583 610
461 206 996
88 581 46
480 6 207
493 378 971
566 728 835
511 331 663
740 160 951
969 300 722
951 589 778
65 92 282
794 211 683
142 669 886
845 323 222
546 535 863
719 797 712
559 736 271
228 196 305
877 8 947
980 445 632
931 785 862
790 439 897
572 636 994
730 932 416
203 71 776
34 467 403
521 801 386
93 163 409
48 693 570
894 755 136
633 567 369
89 543 284
426 950 67
182 676 386
791 664 947
885 311 725
351 161 60
176 73 227
129 584 563
374 47 859
648 683 151
123 697 40
434 802 192
843 861 994
59 86 998
808 9 391
7 143 574
400 56 276
630 574 894
957 232 446
175 220 747
433 147 349
24 26 803
524 732 179
294 435 23
896 85 678
341 13 955
239 699 223
928 701 355
133 226 88
190 668 725
630 503 519
127 537 422
237 142 849
727 130 668
375 681 158
651 496 506
459 276 402
191 237 943
222 649 505
714 89 336
752 548 118
975 172 286
650 780 49
928 804 953
527 713 615
831 16 615
584 839 639
123 255 764
959 903 990
446 96 1000
818 602 5
353 442 641
279 786 25
532 462 744
300 117 773
689 492 391
975 529 430
739 392 993
576 373 610
217 903 904
304 766 526
684 964 142
566 519 680
708 731 678
654 409 572
502 778 48
400 510 315
153 794 707
972 934 700
830 294 986
779 720 940
804 526 730
715 153 660
309 810 192
482 225 728
116 38 645
341 830 29
318 950 57
751 173 955
866 670 572
644 583 548
760 965 993
502 37 509
981 364 424
57 613 602
657 986 533
907 728 326
539 909 13
628 835 542
934 270 830
75 558 882
738 349 349
967 492 171
996 347 146
477 997 242
106 262 932
593 491 401
354 373 203
606 436 972
960 556 7
169 996 274
320 657 928
274 391 839
807 804 235
659 214 635
214 16 446
46 213 689
682 817 387
177 341 304
845 897 906
932 350 927
83 67 725
637 386 575
491 991 456
256 515 114
716 157 502
751 954 629
383 173 741
956 21 430
2 483 160
895 856 371
522 765 17
689 643 776
584 362 245
86 741 183
434 787 910
220 411 750
348 816 477
168 7 532
901 465 13
133 113 298
280 450 184
878 722 850
528 233 285
135 342 741
437 767 244
99 546 778
961 797 960
900 591 638
336 623 382
736 601 629
577 387 829
857 775 190
323 309 6
96 980 796
1 996 532
827 638 626
438 40 457
560 955 871
792 172 626
103 306 648
0 18 933
426 255 559
716 29 488
829 500 435
164 582 696
808 821 388
165 201 165
104 43 58
696 823 46
763 979 943
973 339 566
645 216 193
34 261 852
771 640 523
860 657 604
679 216 318
413 128 597
453 628 446
316 649 578
197 978 807
999 133 138
264 144 154
591 37 876
740 563 493
43 970 349
639 377 935
851 351 966
511 738 618
430 123 267
207 599 427
700 712 264
861 103 514
248 355 512
274 437 477
134 426 408
73 755 663
301 332 394
231 577 650
160 205 100
65 650 929
800 948 776
89 471 303
889 393 355
460 617 543
607 76 937
996 177 260
935 339 809
16 926 547
166 707 991
945 636 724
239 772 866
983 759 514
487 871 65
96 790 510
303 872 212
604 604 342
567 828 918
230 44 352
682 476 50
918 797 920
106 342 956
783 566 25
857 74 279
703 832 328
583 961 132
9 816 616
55 408 241
924 30 466
91 429 380
767 746 944
841 142 437
832 696 657
343 350 47
813 49 743
365 901 476
848 287 853
798 819 7
515 776 762
804 814 705
134 611 685
696 804 841
840 364 894
440 544 744
284 971 843
850 784 872
141 952 723
582 168 702
1 514 963
839 971 568
489 404 1000
147 531 20
795 606 241
16 377 230
402 126 103
160 129 630
398 454 237
261 252 771
573 356 250
865 973 99
663 265 76
637 408 789
15 992 479
114 979 568
119 834 435
265 929 823
929 471 654
902 92 47
267 976 973
365 883 467
702 520 40
742 700 670
406 35 63
15 90 465
392 801 602
176 445 242
883 197 35
682 376 847
994 872 569
945 507 770
536 600 889
997 359 674
992 312 296
140 853 642
179 71 175
747 757 557
262 423 503
865 253 636
731 9 521
968 119 629
473 220 612
573 50 670
826 56 404
646 223 222
373 281 490
51 856 76
938 245 491
778 706 138
494 106 8
211 819 305
700 949 493
458 34 7
82 549 886
870 144 310
552 789 574
46 644 293
550 380 792
429 455 362
719 829 469
60 322 105
902 301 173
938 915 265
324 996 857
218 621 900
646 888 232
937 539 92
974 209 998
115 388 932
853 963 639
133 227 167
462 31 693
304 196 478
617 679 497
54 938 150
580 326 739
174 355 855
657 306 933
491 904 862
872 782 453
835 794 352
29 708 620
918 479 163
516 566 948
862 108 207
701 919 306
248 43 548
603 97 217
289 786 637
245 458 449
610 262 60
368 653 785
785 815 724
489 195 634
570 921 472
68 173 409
853 965 763
1000 861 344
989 938 567
653 453 827
938 74 488
708 827 303
307 843 628
368 678 169
343 994 484
965 231 39
560 321 589
904 388 167
456 425 207
142 561 4
459 268 581
397 933 263
459 560 575
254 199 924
10 544 72
708 471 703
566 780 711
486 270 274
586 616 345
998 510 157
222 589 611
107 696 844
473 610 944
658 898 76
899 813 423
643 375 722
654 37 701
175 477 726
875 649 735
199 83 308
561 159 197
11 319 597
15 975 944
402 863 208
366 187 807
157 889 721
510 976 599
507 530 270
339 155 679
173 238 237
57 448 995
807 752 751
518 6 772
146 314 519
287 784 729
931 848 619
530 596 647
666 169 320
888 771 29
850 451 306
252 948 940
983 745 449
572 379 568
78 912 362
13 732 71
284 413 784
612 873 333
206 327 437
324 39 562
528 813 160
248 196 54
858 323 797
45 732 307
789 745 126
683 893 314
457 916 905
968 257 413
507 283 611
445 666 544
368 991 308
794 747 927
800 128 688
506 133 570
669 325 589
355 647 847
219 46 856
394 125 402
792 674 102
599 710 352
952 722 331
295 732 278
12 305 740
959 761 345
678 526 6
280 343 165
269 608 988
237 877 178
436 353 271
922 675 699
690 16 18
472 744 164
44 598 826
282 156 527
412 603 526
351 962 95
141 432 170
812 457 126
116 110 667
514 650 401
461 980 994
431 225 101
230 877 393
574 113 211
765 703 879
622 866 104
356 487 331
813 100 660
754 634 495
963 465 381
549 691 692
840 464 157
568 682 78
985 716 107
205 200 199
965 481 975
735 463 2
860 639 639
243 930 242
120 44 618
480 498 55
752 414 130
989 556 355
226 113 734
819 845 370
346 292 885
155 37 401
142 246 843
971 0 800
357 952 222
775 787 432
244 685 775
323 726 643
985 478 301
666 502 856
898 394 68
200 441 303
856 820 905
214 919 849
665 534 274
787 328 895
787 322 443
830 457 991
315 746 523
140 570 904
692 140 116
719 701 430
785 125 581
639 649 383
22 315 667
961 389 990
61 527 800
398 536 398
179 126 589
99 107 605
982 618 523
652 394 106
993 806 794
839 540 93
986 499 372
95 978 27
83 758 541
250 766 328
67 616 20
866 197 266
696 155 15
824 175 99
781 188 951
147 895 812
243 243 911
211 642 78
568 380 729
964 178 583
935 288 719
854 38 18
93 135 433
271 147 774
987 792 731
737 92 15
141 905 930
379 709 996
353 713 408
480 339 85
724 506 283
229 14 907
786 209 649
634 359 373
917 223 972
136 806 422
757 186 889
648 683 170
413 307 568
935 273 617
560 640 733
361 344 868
750 848 427
6 856 164
672 958 991
656 93 668
443 422 819
922 868 753
39 362 20
304 458 678
981 980 711
478 613 631
548 895 473
843 110 857
58 0 573
835 798 435
144 444 813
395 430 579
180 90 180
21 265 163
962 747 562
694 884 221
388 594 447
19 105 806
163 194 924
159 72 22
858 718 760
87 6 360
880 952 346
276 97 532
715 162 780
722 836 8
661 90 83
52 363 131
57 423 173
883 114 68
25 352 691
424 281 127
849 394 952
970 746 536
994 939 885
931 578 606
103 499 836
208 885 6
881 355 889
838 268 785
229 530 307
771 392 830
615 558 549
114 155 553
790 759 44
356 768 408
120 775 773
255 896 366
93 458 349
576 33 432
394 564 832
700 277 487
7 235 191
92 969 173
573 91 589
49 131 151
664 648 171
654 871 549
889 184 335
351 461 154
895 649 339
695 856 763
762 595 47
252 730 864
452 249 434
871 918 315
173 436 575
557 607 951
259 187 951
241 639 173
729 112 281
195 333 20
337 229 204
456 557 971
806 192 16
406 522 230
873 999 646
955 369 629
239 748 474
534 4 512
243 140 393
916 348 457
493 582 464
749 641 177
783 812 63
962 271 438
23 264 773
162 551 362
662 348 797
203 838 480
883 209 489
573 544 63
758 905 232
556 424 488
149 129 20
519 372 16
276 907 546
984 688 42
312 876 997
475 785 126
829 601 628
578 966 787
692 998 328
592 195 648
910 388 383
877 366 636
293 307 29
893 713 812
737 362 601
303 948 633
514 245 313
25 650 329
53 30 125
283 918 879
950 208 523
268 877 452
475 868 823
438 905 517
410 643 345
861 147 350
777 354 223
552 102 664
662 770 624
910 2 580
789 712 590
648 363 475
103 155 676
822 711 3
9 561 477
404 809 33
825 792 978
34 340 628
603 570 901
506 417 692
694 324 86
49 358 46
996 330 822
196 737 949
746 598 444
485 732 346
563 63 691
728 867 495
910 970 919
845 570 843
832 249 661
446 923 408
249 774 340
123 794 610
993 737 414
977 175 889
98 600 755
114 466 362
993 697 869
464 456 539
670 109 460
389 911 701
784 596 388
153 474 928
76 604 121
829 271 437
834 995 983
768 729 413
325 307 868
21 867 909
771 458 356
565 331 510
783 129 844
589 92 66
198 240 419
461 150 602
525 576 498
104 898 938
368 809 799
646 735 20
506 622 904
337 752 464
162 968 325
877 519 602
261 47 305
753 648 220
730 641 455
564 639 271
186 593 316
950 340 899
493 267 46
528 539 712
568 117 445
544 618 374
945 430 301
338 879 364
912 110 524
243 211 526
935 8 438
109 677 848
702 864 280
750 341 657
969 595 717
689 755 963
59 405 420
812 276 896
29 317 811
732 167 591
894 853 335
145 303 51
905 906 642
561 499 431
637 348 713
699 999 116
752 164 412
10 652 185
717 102 676
835 993 612
462 690 992
777 842 606
984 282 527
263 702 76
762 420 934
12 97 728
951 888 982
248 636 985
992 436 859
567 951 31
648 969 204
479 4 655
790 418 67
91 290 896
369 35 808
172 515 515
206 789 642
249 494 38
767 305 533
784 285 327
182 270 304
439 684 13
278 364 206
885 536 615
265 27 558
181 985 242
993 618 66
507 847 496
535 739 73
693 666 131
429 646 110
243 303 300
262 867 987
870 701 119
874 676 235
901 20 848
74 250 695
769 284 696
994 703 184
144 24 93
399 701 194
295 348 325
391 888 780
131 182 522
629 198 643
243 923 856
106 725 235
645 74 952
875 180 878
623 454 345
237 348 524
403 18 991
320 367 563
42 674 140
430 113 626
380 887 940
550 67 112
91 361 336
690 319 230
702 592 991
310 730 303
680 689 938
521 837 141
645 642 439
868 693 654
519 107 916
104 687 208
739 429 76
528 540 216
162 418 64
744 19 512
684 751 286
862 581 957
977 350 396
99 652 376
147 872 310
50 932 437
303 677 224
486 953 4
230 684 525
774 940 66
338 815 661
872 514 958
269 440 985
425 599 318
538 997 150
41 842 2
324 472 975
927 256 107
781 772 247
869 422 525
404 329 516
878 17 867
898 32 969
239 966 243
756 352 935
869 175 4
79 2 825
878 990 153
304 95 220
346 484 540
957 354 386
907 573 532
408 578 922
839 267 146
144 187 109
288 359 728
948 198 80
941 651 426
718 464 256
442 199 281
302 271 977
264 173 125
468 149 647
154 278 284
878 550 424
104 729 884
656 908 665
910 862 37
912 651 131
604 520 636
915 782 635
86 596 672
591 699 111
840 347 541
991 949 974
758 693 762
673 341 675
452 278 718
568 516 971
55 355 962
172 429 105
880 932 647
325 252 526
675 189 172
340 273 650
482 884 382
972 430 876
258 348 874
181 584 803
431 586 815
663 919 644
431 778 245
361 885 356
776 962 674
767 138 63
661 61 151
33 957 825
546 132 194
724 452 807
823 882 696
306 533 590
287 344 918
875 588 829
623 623 645
588 878 921
199 953 906
707 609 705
938 403 571
261 59 925
1 177 240
639 922 3
638 948 5
845 332 709
219 962 427
249 524 400
757 384 900
409 500 921
856 213 75
691 85 861
744 919 388
787 306 581
669 215 814
926 669 854
951 72 461
418 396 259
88 74 872
362 974 4
768 881 796
111 890 149
943 70 435
257 155 967
841 314 615
394 146 742
651 464 289
619 608 810
119 776 609
281 897 406
165 305 414
466 280 34
397 598 5
591 440 708
924 386 385
98 614 862
401 64 395
168 484 41
547 494 132
936 277 975
618 627 380
481 800 109
816 270 263
509 851 866
78 490 108
609 17 745
256 409 843
628 170 242
683 628 221
834 477 231
831 343 691
326 434 491
789 616 3
150 682 840
839 323 417
769 887 245
237 130 89
78 181 300
367 431 5
225 412 924
610 267 432
517 612 254
169 117 363
228 423 926
846 0 317
834 450 880
926 612 449
211 286 64
813 491 78
835 486 873
822 301 956
885 331 240
872 946 779
246 126 647
268 945 690
439 419 999
148 163 1
903 715 900
486 198 472
680 982 477
449 797 754
515 36 622
632 804 533
485 818 187
761 544 828
17 307 672
45 483 411
858 305 47
189 282 572
434 26 398
366 531 814
672 51 666
605 401 429
781 632 127
270 480 164
348 195 873
310 35 896
17 657 911
477 894 183
730 363 396
109 400 417
53 406 284
362 779 38
200 414 144
932 37 838
558 476 391
849 615 101
500 525 995
228 340 243
802 720 539
451 269 204
177 473 330
263 867 108
115 140 395
923 313 243
238 847 78
613 988 45
916 568 605
281 403 910
454 636 941
113 851 866
195 755 494
994 577 431
711 842 688
388 933 514
738 802 545
550 358 587
29 525 610
885 547 563
70 298 957
965 174 360
632 90 209
294 698 757
536 826 442
78 25 101
301 595 68
982 397 699
600 663 902
579 48 880
514 355 261
396 624 883
723 694 653
394 166 879
242 169 877
362 247 323
106 784 567
132 939 491
639 979 928
215 386 865
36 137 524
996 32 503
486 315 598
734 717 940
805 336 124
344 392 46
22 891 750
791 835 354
899 753 609
968 128 82
947 59 397
432 457 542
26 728 625
636 152 158
744 965 759
413 81 769
585 171 13
107 593 953
691 92 148
905 677 334
748 789 442
47 613 333
832 843 870
810 437 43
65 858 805
928 697 894
809 96 699
221 938 663
893 725 12
891 758 849
308 771 593
515 6 933
520 473 338
183 688 916
775 460 643
71 300 687
902 549 288
515 490 709
346 822 593
430 671 533
891 594 626
330 603 14
428 6 196
426 981 162
70 25 663
678 316 894
801 28 919
287 674 292
293 589 822
268 860 967
544 164 626
526 238 10
113 79 363
900 686 59
947 110 236
5 285 721
326 875 244
130 103 986
637 714 581
218 782 683
842 325 69
770 307 1000
90 661 902
616 391 508
440 720 195
17 278 956
497 795 501
467 298 328
725 82 87
309 659 446
805 791 557
389 700 424
919 259 772
511 984 272
858 660 975
498 871 13
650 606 707
294 268 949
295 810 403
224 641 325
782 879 34
971 505 174
390 636 706
219 911 906
942 416 205
370 549 120
803 319 933
19 489 247
925 760 815
449 471 189
266 583 922
450 649 963
425 730 905
606 190 891
940 114 986
811 815 914
955 90 76
331 268 416
845 565 976
786 130 657
283 704 369
600 456 511
930 854 938
280 122 431
524 164 945
269 820 188
533 333 368
341 5 294
761 359 670
690 15 186
512 568 214
47 945 623
292 381 299
48 399 173
904 401 962
44 831 541
422 363 441
318 425 301
704 541 414
654 410 814
233 961 727
36 980 188
187 636 299
650 54 40
186 917 331
540 513 898
166 9 664
951 421 509
665 867 212
831 345 745
145 264 994
531 290 565
116 673 450
92 973 347
940 472 9
455 263 469
893 996 300
466 518 291
326 928 517
69 491 753
594 79 648
888 5 547
587 568 395
332 797 111
468 244 408
642 891 343
367 946 225
891 761 651
578 598 988
255 20 630
196 868 138
126 741 929
283 775 981
863 753 349
451 666 306
416 601 643
850 477 427
79 25 809
760 947 440
490 990 710
579 852 798
606 459 238
248 273 497
906 899 365
461 276 996
712 543 146
92 333 65
49 622 801
390 970 621
525 298 736
990 336 415
183 723 668
90 805 61
421 262 182
583 759 576
247 663 35
846 427 623
772 985 543
364 978 472
255 103 792
56 49 573
621 971 371
452 213 248
967 830 898
752 664 143
607 663 86
652 390 970
613 773 348
197 755 297
992 370 914
761 302 73
194 213 586
632 449 219
165 867 890
728 495 2
789 387 5
735 229 643
869 957 952
662 588 397
272 27 625
812 636 87
390 742 908
827 947 116
964 123 506
884 375 947
511 761 261
559 873 12
436 350 83
246 308 839
865 326 660
328 659 566
823 880 140
839 706 845
975 821 45
751 377 60
251 103 824
625 737 709
323 631 277
291 579 26
275 992 662
744 455 497
609 825 123
54 24 756
800 334 880
702 550 249
527 534 168
36 522 894
771 877 253
291 344 52
152 149 322
83 570 300
487 655 946
213 398 324
118 332 288
829 319 288
81 426 110
380 266 686
799 564 775
164 603 663
786 560 534
668 436 715
860 507 28
957 699 337
852 573 897
920 449 494
670 306 751
401 549 413
547 591 546
664 667 105
42 384 766
121 980 550
527 452 387
150 763 560
313 138 524
318 900 813
508 966 534
24 671 6
750 291 142
722 912 906
265 109 38
512 26 326
815 298 383
154 787 329
334 54 240
800 552 236
426 523 422
257 972 969
936 27 301
874 115 558
292 234 325
920 351 555
879 973 384
336 812 993
574 681 622
566 965 798
416 190 200
866 935 231
145 192 236
927 814 165
199 497 170
637 254 80
225 939 137
428 685 126
6 57 379
409 746 401
938 234 879
196 128 721
648 463 301
392 188 110
434 283 860
329 13 865
458 780 474
965 114 951
729 522 135
876 798 601
738 182 76
537 869 404
677 326 224
343 77 585
0 284 433
565 925 190
721 388 486
601 722 955
453 453 553
405 15 467
826 774 58
162 276 83
850 541 879
207 93 237
996 35 694
832 686 151
196 552 868
165 433 429
929 755 833
657 644 212
839 521 454
721 717 737
505 730 518
985 720 331
689 372 978
114 729 878
25 654 5
583 251 927
307 685 181
406 143 137
264 51 888
769 372 209
547 488 980
511 852 568
610 4 208
7 764 402
26 14 2
633 98 250
419 911 663
679 149 87
924 457 825
287 740 38
847 820 19
389 722 350
947 140 343
937 337 957
530 92 725
637 309 390
413 614 830
770 652 326
623 891 118
480 53 538
404 252 685
958 822 152
334 895 746
955 855 412
190 962 248
437 763 150
435 583 883
764 729 33
73 84 973
943 607 903
233 609 881
552 678 135
434 533 553
462 276 100
278 808 972
657 716 283
812 267 560
551 879 691
759 154 982
38 33 164
145 447 925
258 707 765
221 311 113
185 182 95
776 568 915
954 31 507
217 704 987
511 576 36
734 952 531
716 536 62
201 93 873
415 892 682
54 576 74
629 39 616
563 909 530
657 979 3
945 932 569
806 25 935
614 111 562
781 291 272
865 550 672
918 20 446
198 313 587
363 739 968
310 555 374
235 978 453
754 35 940
813 896 710
990 199 656
369 950 897
86 223 477
115 701 868
287 363 866
593 401 733
456 325 430
472 789 247
1 511 622
270 506 650
640 760 838
896 594 670
659 206 223
250 527 171
633 61 775
948 698 470
68 839 963
504 745 339
782 240 900
735 928 25
638 383 191
419 66 634
949 636 621
347 388 75
992 938 498
685 23 404
581 614 563
623 886 976
692 158 994
786 775 695
408 789 778
40 309 966
869 405 434
892 971 755
996 654 306
830 992 343
969 252 332
206 565 217
339 228 24
780 201 786
233 77 260
188 159 68
729 132 197
0 468 63
404 426 860
4 616 667
937 395 253
100 765 873
6 614 339
365 4 689
608 812 206
238 863 518
510 720 975
16 887 110
288 256 649
186 151 498
667 434 820
121 913 189
858 742 94
228 564 584
168 124 684
862 336 987
17 755 257
484 966 234
415 779 806
287 770 612
534 692 355
742 935 407
146 205 827
686 710 531
367 918 20
131 326 918
485 913 627
263 598 254
768 485 305
272 662 858
786 402 515
728 614 597
342 224 990
883 177 360
417 720 163
636 362 661
617 729 209
835 388 369
466 715 632
845 834 446
797 904 895
770 899 662
645 9 912
231 656 269
732 956 614
586 15 663
846 91 329
722 945 461
549 605 557
360 662 218
961 34 480
2 212 343
240 911 112
659 739 136
129 800 976
349 928 217
910 381 726
895 879 742
795 731 235
458 163 705
197 40 291
304 183 473
880 799 181
921 704 811
547 936 321
831 273 990
628 428 150
902 441 75
318 711 834
3 992 56
386 49 531
134 542 13
730 717 133
944 703 437
791 101 53
941 156 264
680 732 444
545 679 29
109 690 357
918 894 322
991 861 718
272 968 283
909 999 185
103 838 942
464 224 102
632 302 750
933 902 55
798 549 122
525 395 467
593 774 737
783 178 766
562 287 319
396 320 33
469 464 167
735 982 951
858 991 905
254 491 740
329 405 263
596 365 782
660 27 279
229 15 428
568 647 29
990 144 155
127 55 197
985 185 293
5 737 345
46 63 437
667 76 913
282 617 625
327 536 461
857 321 198
324 361 918
779 255 880
422 172 828
698 413 172
678 474 643
608 109 334
502 178 271
918 52 422
603 267 859
133 41 16
196 771 813
568 406 435
572 394 508
539 840 77
208 617 645
149 699 906
807 207 551
4 958 648
442 496 865
13 512 815
973 445 14
557 961 674
449 2 67
391 637 478
958 842 347
730 306 139
922 48 631
77 43 165
930 234 84
699 556 685
724 550 169
530 440 582
294 438 962
391 284 503
667 765 141
88 392 965
223 642 708
646 161 870
391 161 967
472 996 184
568 73 935
492 838 251
240 448 126
670 366 562
945 79 389
225 571 785
239 966 552
486 998 108
178 555 396
223 216 331
97 809 851
430 475 921
956 927 522
607 390 117
187 941 591
960 668 183
749 51 811
912 90 981
508 944 809
973 335 535
326 390 546
366 248 139
710 947 266
463 608 45
305 819 72
525 342 284
842 9 910
336 127 555
144 171 454
986 981 269
221 53 124
556 226 825
138 289 897
988 169 585
153 241 417
931 212 298
717 117 356
681 496 374
168 383 765
566 224 846
985 24 273
411 441 216
934 682 92
916 815 94
932 548 786
246 491 818
162 705 424
564 299 732
885 951 401
666 116 63
407 940 225
234 587 297
615 184 864
767 827 934
989 763 326
384 930 687
604 594 622
209 35 428
231 448 408
784 174 37
838 308 318
110 805 943
937 393 834
190 815 256
456 123 326
157 151 362
142 764 276
142 416 810
212 190 2
891 707 487
174 669 664
348 311 206
575 718 565
656 649 43
44 249 387
387 604 436
793 471 794
608 894 464
928 420 670
187 311 340
871 835 879
552 63 112
880 21 139
430 59 341
849 71 491
590 809 200
185 716 593
76 917 219
971 251 380
652 196 676
946 361 353
754 816 384
344 472 162
359 294 895
142 108 58
793 492 337
397 40 770
915 288 668
351 648 487
161 894 433
64 437 407
440 376 204
872 295 444
924 836 523
252 599 62
326 180 447
246 531 809
24 325 942
363 814 853
392 644 453
761 428 136
854 493 485
525 996 437
800 41 592
234 369 872
197 22 941
59 89 629
85 933 151
98 99 943
596 26 614
966 197 249
126 810 291
773 981 126
154 231 82
346 589 492
259 240 960
924 24 770
899 643 970
120 717 213
486 833 805
623 902 759
8 319 566
770 524 306
935 745 298
445 589 65
876 322 848
172 888 463
373 389 552
849 286 633
552 293 97
446 596 707
707 963 61
483 597 137
119 256 821
93 258 684
536 881 80
145 360 301
833 619 787
799 42 326
206 834 877
656 253 7
687 370 789
779 162 560
136 715 934
178 967 996
585 943 399
928 191 277
706 709 979
851 590 976
411 421 944
865 290 869
580 120 829
237 714 354
114 911 519
713 30 822
653 362 683
204 608 322
152 674 906
451 437 202
86 206 10
461 360 877
757 675 859
803 827 532
646 890 431
733 744 878
261 978 926
402 389 638
559 948 724
498 693 28
41 261 40
415 263 976
929 702 710
639 373 0
424 179 678
723 629 718
873 848 694
208 989 223
600 456 907
643 73 272
778 122 951
479 46 6
581 8 126
601 797 154
703 380 958
986 608 654
919 268 789
963 30 935
909 347 524
486 634 127
414 898 81
727 848 491
996 112 413
719 674 40
334 513 851
211 546 975
8 559 591
209 650 181
217 51 218
143 460 816
308 167 322
443 180 949
877 887 140
622 577 537
630 929 345
271 596 230
42 288 408
206 948 570
999 613 584
606 170 137
368 851 274
456 809 725
515 304 303
968 993 260
70 18 333
23 251 404
4 143 480
688 675 878
221 192 545
899 99 693
790 53 764
910 887 611
967 574 965
782 34 938
378 823 475
98 943 615
731 136 277
992 492 119
275 573 561
798 43 269
897 647 298
951 29 701
234 322 744
42 435 45
285 632 389
12 342 16
434 578 177
630 224 13
909 976 971
360 436 45
45 122 559
298 237 610
144 784 54
844 939 522
993 416 244
919 785 640
19 108 429
337 579 650
728 395 518
800 811 945
500 582 490
962 594 940
316 277 102
255 525 90
41 405 201
5 766 520
398 610 993
101 691 455
337 241 56
975 267 99
359 545 367
916 166 90
641 274 295
409 80 879
174 737 247
806 708 840
642 87 361
338 872 791
711 758 841
184 372 611
21 312 115
687 370 398
672 971 29
843 709 281
730 203 89
489 645 363
741 163 556
324 157 356
937 327 839
141 416 439
284 263 608
527 554 200
54 765 673
829 459 871
83 990 210
861 319 656
138 626 827
850 109 850
722 969 497
956 865 893
155 684 813
996 276 221
893 898 579
695 30 705
330 626 960
627 57 884
155 247 739
578 86 663
985 602 853
848 839 65
847 752 433
32 684 151
88 232 661
610 78 830
311 327 594
99 405 963
352 778 652
484 715 362
665 731 368
161 518 706
602 356 137
709 305 91
535 212 899
187 875 721
54 5 260
546 925 801
252 622 468
709 144 866
894 600 104
890 111 104
716 499 531
28 262 80
141 63 912
144 878 407
138 299 242
508 183 283
569 30 835
28 615 364
892 955 599
939 723 785
469 109 504
331 7 742
63 330 658
660 562 753
363 131 964
726 755 53
146 643 743
864 255 524
849 220 763
783 400 277
397 638 873
882 971 136
501 796 956
921 376 59
454 672 602
544 898 900
228 809 191
13 107 99
215 40 724
826 117 821
326 517 100
738 796 860
445 57 429
901 711 603
300 105 29
917 183 535
826 998 915
296 931 248
64 324 896
767 467 124
186 10 248
264 790 802
181 715 129
761 529 526
64 565 966
595 694 91
8 315 578
218 120 123
121 469 497
844 114 465
980 3 888
260 822 162
727 567 238
305 889 496
272 138 731
969 864 168
197 457 388
589 459 889
220 600 998
72 306 867
92 908 285
827 834 985
377 972 563
204 923 402
80 520 729
688 942 663
955 299 610
57 764 197
641 54 398
197 661 963
616 789 97
616 619 408
739 763 621
659 360 330
25 545 531
199 436 908
288 810 886
306 507 649
823 878 205
160 527 670
558 751 942
656 127 742
121 943 453
933 29 245
626 199 304
579 656 126
557 572 588
537 931 202
833 934 132
18 858 508
44 207 705
61 279 557
365 453 893
858 76 477
268 435 578
133 915 111
207 829 891
319 849 581
851 928 982
538 34 478
767 611 185
789 695 207
625 209 145
835 189 899
82 136 834
79 985 820
112 147 218
876 971 502
504 297 561
522 194 888
978 69 878
254 463 159
387 890 209
784 425 220
691 87 626
212 901 827
137 645 628
982 423 867
375 553 170
140 237 641
893 107 520
881 592 234
858 46 593
289 801 666
780 185 738
933 651 152
131 463 723
999 82 939
96 271 298
257 259 750
868 14 991
828 486 896
50 610 629
273 316 670
198 474 134
113 839 933
439 922 619
577 913 222
968 264 982
809 398 83
854 773 255
463 414 570
820 162 4
486 284 787
197 492 361
902 882 55
437 109 591
922 456 863
612 313 151
150 328 529
277 286 948
782 882 444
657 573 275
557 359 828
733 905 345
287 287 19
732 916 425
903 299 162
484 69 872
442 883 809
253 319 550
460 311 407
930 717 130
538 661 514
187 116 148
9 161 668
6 199 240
763 37 16
929 162 839
817 80 40
953 577 113
686 737 264
414 267 497
389 172 351
706 854 6
275 447 19
600 822 683
657 987 3
505 679 769
235 807 109
403 873 695
610 480 82
222 893 119
893 707 979
548 652 142
672 445 200
443 345 254
369 766 698
667 526 322
450 950 876
503 491 209
234 808 282
481 375 189
132 787 493
325 588 122
126 405 452
682 615 126
306 451 317
842 842 268
724 653 984
276 235 325
108 723 376
815 226 667
572 958 752
637 949 862
271 771 892
944 305 577
132 204 254
219 498 150
547 651 698
417 489 522
843 847 586
407 98 665
314 363 5
499 780 927
905 673 603
952 592 518
504 825 832
696 333 786
221 617 14
155 943 347
108 687 6
112 73 341
559 903 958
66 198 890
235 842 895
171 202 803
13 292 897
690 214 294
840 823 446
96 514 672
589 321 710
949 201 214
749 942 64
314 248 953
361 708 446
15 772 931
875 193 144
552 421 926
118 552 581
286 656 265
744 364 387
241 394 475
422 22 147
923 711 676
430 960 246
235 265 480
551 115 693
836 791 907
952 501 704
476 641 61
918 1000 544
951 886 177
601 528 4
541 743 158
295 480 962
14 887 490
348 567 880
835 604 944
609 955 588
143 38 561
752 161 11
32 565 645
109 269 359
337 608 913
551 358 513
829 157 141
833 739 506
343 361 596
498 840 705
243 971 490
69 552 307
575 299 767
649 674 868
217 854 975
955 249 957
27 654 243
20 739 57
228 637 520
508 443 921
913 356 63
492 138 753
958 861 711
994 551 301
901 526 635
246 477 277
473 715 828
130 169 962
975 311 478
836 745 201
252 695 749
110 533 780
986 827 868
282 947 530
8 395 269
991 252 410
442 227 672
262 289 569
778 610 554
485 153 628
240 726 644
859 707 179
480 350 282
970 717 650
256 406 972
268 772 633
591 759 631
428 126 10
891 838 771
602 807 254
791 50 119
596 208 998
107 363 423
639 454 648
999 351 441
593 880 776
793 611 586
435 871 139
596 737 684
682 98 5
560 712 547
747 973 766
96 932 331
730 9 227
644 514 877
14 248 803
445 745 941
883 953 669
631 538 726
298 44 951
172 753 553
996 966 524
960 639 871
407 362 428
785 322 72
192 140 606
144 245 473
463 74 85
675 709 925
870 551 902
911 656 374
301 360 484
949 380 833
2 361 941
637 507 127
68 431 251
723 214 794
175 292 462
415 524 140
803 799 139
243 810 55
311 579 62
450 608 520
801 80 932
921 277 755
905 942 273
752 409 417
343 507 740
848 632 783
167 924 582
769 885 485
477 911 683
417 431 222
384 961 777
581 357 410
488 605 728
436 510 354
421 331 281
551 139 509
953 985 818
256 895 901
735 684 595
217 838 591
993 568 888
21 303 653
424 13 279
55 45 16
534 73 933
127 676 878
224 860 583
579 96 103
968 440 69
59 231 781
782 204 808
531 224 557
516 979 83
287 390 908
222 697 688
204 351 827
233 329 182
474 67 359
387 519 560
349 97 95
141 337 68
550 960 606
893 493 292
208 306 95
389 912 98
777 352 416
464 29 538
306 819 835
655 303 265
50 725 972
117 676 565
82 174 63
87 335 244
442 238 501
559 796 871
784 982 897
43 798 858
358 272 893
636 142 480
187 957 936
276 752 431
822 40 812
875 452 420
850 662 172
229 653 245
173 418 13
391 424 526
351 1 812
197 422 842
913 660 123
915 454 291
872 437 36
949 793 186
618 756 45
375 686 639
88 850 368
135 731 900
58 872 321
741 253 918
75 434 692
255 71 8
535 623 1
383 932 374
596 895 454
875 620 185
399 916 957
671 663 960
849 866 225
206 427 690
317 727 705
892 269 780
615 407 883
887 501 848
1 833 791
348 689 616
348 695 555
461 958 646
102 242 951
663 680 944
665 837 163
824 463 246
149 435 725
508 997 762
981 622 707
734 533 525
313 671 786
593 760 521
957 572 154
667 147 585
211 206 608
575 847 438
837 306 267
869 444 763
8 810 978
348 562 654
520 844 790
116 457 761
493 189 797
779 819 924
487 239 209
185 296 691
956 282 973
204 885 330
805 218 966
978 699 553
68 337 874
426 102 515
235 697 610
148 516 922
514 590 225
767 566 49
303 490 171
495 721 234
5 871 897
661 36 931
59 365 967
238 884 113
342 80 237
20 76 270
372 493 305
877 96 964
434 609 830
650 427 565
844 113 158
184 739 845
43 577 680
621 467 712
947 421 265
571 115 184
568 795 667
959 143 584
15 114 704
536 190 995
598 138 900
1000 326 944
312 150 358
593 794 731
577 118 174
984 173 973
504 682 701
27 248 900
366 213 265
200 751 878
205 477 866
656 317 677
103 165 346
852 867 90
523 183 38
193 521 861
928 66 343
221 432 10
608 860 617
51 551 660
466 88 38
666 194 888
210 907 163
144 295 690
580 629 585
785 51 75
793 830 839
815 481 403
441 962 294
735 741 512
186 171 576
575 650 774
165 884 101
5 626 861
270 769 781
994 33 772
495 594 959
970 275 695
7 654 979
70 336 555
730 171 292
710 517 985
258 722 709
820 830 85
586 905 443
996 458 785
297 421 382
937 835 884
217 89 682
836 465 500
951 912 818
47 591 323
453 769 112
532 702 180
673 837 516
661 995 523
311 556 50
171 130 717
394 554 434
343 551 914
6 329 651
730 223 520
877 598 200
307 195 566
331 813 408
653 191 930
184 959 915
650 73 764
679 497 872
704 113 28
814 867 20
774 432 467
260 332 818
221 450 34
299 258 401
703 415 202
820 140 69
880 259 564
807 206 314
162 969 811
740 109 159
29 848 973
392 540 762
35 842 643
237 809 506
875 606 318
415 888 525
256 754 282
863 748 150
164 112 852
930 732 235
275 629 126
976 223 859
33 149 981
17 44 191
731 135 953
874 199 200
938 315 885
883 135 358
629 808 784
969 137 406
614 761 456
922 470 500
776 737 741
77 511 628
691 774 988
696 699 629
851 726 658
504 536 44
311 547 164
201 442 600
435 199 505
753 931 291
861 804 110
47 608 832
995 901 52
131 937 551
639 682 172
634 255 621
648 678 635
227 657 852
782 490 244
715 629 631
656 974 708
759 579 458
351 317 956
940 71 109
248 854 276
442 622 192
9 375 686
559 305 991
132 553 746
444 685 395
213 750 603
439 58 556
914 362 594
524 267 772
202 618 284
693 143 509
398 617 478
312 501 405
326 655 80
216 841 853
51 782 545
842 174 550
353 655 782
568 565 948
388 63 434
186 310 91
701 462 882
337 44 924
887 675 365
603 391 577
78 36 425
28 876 865
551 291 3
92 57 55
331 513 781
798 500 16
967 653 464
310 918 595
269 547 445
374 487 224
982 717 369
332 302 161
609 544 893
767 685 658
974 417 455
550 470 255
206 672 500
856 359 400
832 176 865
363 275 353
866 997 458
528 396 420
902 627 325
601 51 522
908 876 8
9 754 216
446 745 8
701 631 235
324 941 449
853 609 4
608 965 918
311 538 89
252 726 500
503 616 870
849 819 963
393 484 955
324 611 933
418 387 554
689 639 563
149 596 300
619 254 488
8 152 690
194 703 356
484 259 379
739 687 975
840 146 441
232 43 559
875 312 86
694 56 941
846 878 347
180 596 864
483 59 214
648 75 399
626 22 814
87 269 973
20 902 575
83 799 446
847 184 64
886 889 453
994 628 606
588 998 528
462 307 585
650 726 432
762 341 6
893 493 721
43 785 392
686 456 306
522 702 832
936 251 231
570 975 478
689 83 25
380 138 783
303 175 68
984 85 848
676 151 208
853 530 584
724 252 458
768 435 564
308 692 615
253 290 407
900 48 656
219 555 108
576 989 13
284 123 717
704 483 684
493 920 375
259 63 692
149 897 635
88 603 517
150 967 195
159 441 738
980 793 896
429 702 240
66 598 209
720 397 967
477 81 675
618 659 145
914 482 57
291 654 165
737 191 371
86 541 962
153 27 252
670 563 711
376 767 159
820 5 2
644 96 684
590 651 650
283 49 481
778 924 12
337 621 276
558 329 376
87 469 445
657 788 958
643 533 170
534 100 890
171 412 914
149 335 541
491 790 275
235 959 128
327 956 159
708 987 110
285 94 748
908 516 390
670 711 88
426 756 483
292 32 689
960 338 97
864 719 253
880 953 852
272 114 972
329 494 469
699 267 861
446 763 398
393 429 711
610 372 268
361 105 986
397 796 490
821 586 617
973 699 186
462 297 253
291 361 979
166 344 419
190 706 662
430 212 468
355 889 989
920 452 463
824 764 323
880 252 188
114 172 465
670 161 242
140 496 666
442 244 710
280 201 940
876 157 982
406 304 333
475 498 282
698 725 608
197 352 311
409 998 52
265 986 661
183 802 832
176 908 777
748 964 180
489 133 735
921 689 209
851 582 518
747 169 517
602 647 233
873 184 73
213 571 490
134 835 419
237 405 745
532 950 246
6 623 92
508 140 380
572 52 463
642 969 853
79 791 754
599 123 191
771 264 604
480 58 677
680 903 249
238 99 948
951 360 912
758 727 605
578 978 377
150 587 376
887 402 369
266 258 977
78 953 995
656 883 70
262 945 344
65 544 610
60 973 330
19 621 954
927 372 983
64 422 340
696 539 476
169 388 882
276 983 547
980 118 247
980 756 942
147 955 599
127 306 723
246 170 479
463 168 466
436 542 279
527 985 284
821 333 313
675 500 207
356 717 863
767 782 181
535 669 909
859 401 606
965 961 727
167 661 564
655 854 165
964 764 364
123 369 878
716 840 161
602 747 711
76 300 813
462 29 142
191 815 3
172 308 141
451 422 703
97 632 725
371 573 330
982 410 379
295 595 411
37 82 312
335 680 739
649 645 614
499 852 1000
64 16 147
221 395 102
514 971 988
734 44 582
237 914 136
806 448 79
73 194 803
265 725 635
948 779 652
69 565 485
294 696 730
421 832 419
419 727 660
242 774 768
633 597 827
80 24 770
447 96 697
798 160 22
419 760 306
88 717 886
66 850 280
750 551 763
898 69 475
508 466 905
221 186 608
494 778 857
8 765 320
909 443 598
626 568 107
883 92 856
138 144 437
400 335 26
951 136 26
615 441 908
641 857 153
14 448 593
179 289 10
773 126 183
129 678 441
989 861 312
221 669 392
688 345 214
387 600 286
314 208 755
803 846 586
796 346 645
53 65 899
987 121 36
497 218 665
951 184 302
858 702 960
806 13 12
336 120 748
890 984 635
752 602 634
166 749 998
525 904 42
868 102 413
190 674 851
46 412 425
353 421 895
183 600 923
347 92 795
535 740 567
578 916 772
504 839 862
165 662 927
124 578 763
586 824 887
495 411 126
55 900 32
194 664 468
199 986 151
809 19 175
729 698 533
695 390 494
969 495 118
605 661 880
249 328 809
957 346 167
297 587 380
852 636 235
24 171 625
108 178 285
435 617 390
623 666 268
374 146 948
221 945 699
248 556 125
745 531 388
721 645 458
825 821 16
293 57 966
437 183 131
920 871 401
376 863 546
197 19 553
827 440 318
604 627 616
422 861 343
426 39 199
837 498 130
944 553 865
950 899 165
878 639 571
679 30 251
118 633 448
729 769 411
608 396 642
363 222 363
857 355 20
706 6 282
603 638 152
721 599 450
802 995 760
760 230 56
235 837 635
269 542 45
21 297 356
840 152 991
359 542 715
366 96 748
592 152 256
470 409 583
175 923 286
581 34 423
162 165 873
822 718 689
532 290 9
47 334 155
976 415 815
486 1 852
991 643 783
746 930 181
391 941 217
909 364 281
975 723 559
350 524 297
971 972 808
460 614 730
823 991 74
593 615 153
449 558 273
840 309 11
296 514 687
115 797 627
328 518 365
810 744 939
281 195 788
314 319 103
346 380 877
55 959 292
255 962 432
194 143 155
267 119 549
387 981 404
279 389 747
918 800 805
423 594 430
284 392 157
201 823 758
765 680 369
454 660 524
301 738 806
850 51 853
306 629 904
537 822 198
907 538 372
556 695 835
409 761 904
699 176 624
207 763 637
2 746 421
675 109 191
891 984 384
988 184 756
914 586 786
81 324 787
359 115 634
242 630 847
325 865 693
333 568 56
515 221 544
278 448 278
201 571 89
369 972 642
483 334 755
192 970 751
512 869 914
397 124 309
21 150 200
37 627 975
705 657 490
769 128 793
420 449 286
462 533 284
597 550 523
36 189 420
113 823 929
672 689 479
750 768 74
902 912 763
77 758 717
643 864 336
86 820 827
996 468 6
995 826 596
72 306 667
947 326 999
777 589 384
667 551 821
772 753 981
47 137 145
570 794 908
926 734 792
718 627 781
700 33 830
891 526 20
685 559 645
671 426 776
483 912 689
558 741 636
853 322 65
730 810 711
331 223 7
717 860 709
349 737 805
554 998 614
395 218 490
550 144 705
48 571 244
492 530 856
764 835 170
608 106 750
365 901 570
836 353 43
539 736 274
219 491 486
628 21 244
710 724 112
580 56 97
615 463 958
740 682 964
835 135 433
63 996 307
12 818 198
77 181 434
524 305 323
684 34 125
239 672 99
340 650 756
621 5 753
321 441 482
483 14 936
24 984 678
77 842 816
25 348 690
966 479 495
732 248 434
856 876 799
591 724 334
722 964 406
647 384 433
14 170 276
587 772 357
307 290 823
803 441 494
390 708 373
782 406 472
274 930 111
687 863 656
562 464 610
703 772 523
407 682 266
1000 661 636
246 245 358
409 893 700
134 906 719
642 258 503
436 599 797
856 499 70
895 753 142
592 375 852
372 142 912
590 804 758
758 275 297
650 960 870
249 287 193
432 218 384
231 83 718
831 629 648
369 484 351
445 975 113
376 549 703
425 74 301
365 437 534
647 466 964
486 385 380
292 11 390
105 850 466
578 98 651
948 530 233
297 730 861
66 352 189
933 988 594
640 362 423
302 333 141
347 459 479
874 16 4
394 51 557
238 671 234
918 287 964
873 1 248
913 272 495
302 390 205
134 937 422
940 712 832
671 272 55
446 530 723
422 127 930
211 64 899
269 889 8
499 543 698
515 385 716
602 669 238
451 490 159
669 525 89
87 45 739
752 351 824
394 112 213
405 549 44
768 884 93
790 312 43
626 529 763
129 362 626
311 504 666
588 457 7
427 925 364
669 25 268
507 744 237
424 196 548
907 11 489
819 912 730
448 85 397
287 463 169
532 33 554
167 142 684
665 500 203
241 305 896
12 638 142
546 612 290
455 767 359
720 688 414
143 862 142
410 905 240
395 788 207
211 656 705
383 540 872
871 198 184
437 420 16
296 454 525
652 485 955
454 989 305
498 816 636
880 849 34
399 537 826
467 842 732
521 947 811
243 156 715
530 194 668
804 39 316
425 137 437
691 787 706
341 914 981
683 53 341
69 150 311
967 618 445
199 712 113
975 5 750
191 841 31
265 143 639
293 217 530
630 292 450
632 683 374
532 689 393
835 453 161
353 42 707
162 839 454
462 506 671
60 861 270
329 785 822
896 399 560
760 756 20
544 916 508
561 143 872
377 666 262
362 276 973
792 865 775
567 363 608
874 67 602
665 474 643
868 259 110
410 741 212
802 68 23
483 804 169
921 356 806
902 423 988
121 647 16
648 318 182
105 679 494
843 102 207
191 798 342
533 878 285
360 421 536
424 619 918
115 661 490
206 518 880
290 822 531
626 417 512
621 277 625
125 550 430
610 305 572
711 574 442
557 390 45
554 596 788
249 576 382
544 220 640
647 293 801
529 914 203
342 269 726
325 146 19
241 159 461
733 325 160
313 684 616
136 724 319
933 777 495
274 827 322
109 199 197
310 110 538
803 803 76
322 555 37
866 952 481
911 713 143
22 755 555
793 445 626
883 743 683
358 894 368
622 303 116
961 79 780
550 67 229
517 796 470
580 468 877
181 922 415
380 438 711
996 533 55
469 337 372
783 880 556
153 595 731
774 352 419
122 772 246
677 918 662
51 193 890
193 455 809
254 266 420
312 597 635
190 905 824
65 959 453
932 282 79
846 527 623
442 580 820
743 52 353
719 801 274
188 181 714
825 395 770
348 829 132
774 713 712
277 460 927
224 795 898
270 301 537
577 282 936
16 345 401
943 539 338
625 284 479
967 7 807
386 340 818
347 135 285
427 568 569
211 982 82
953 858 53
358 387 705
788 325 212
740 389 60
25 270 667
278 946 954
556 349 579
262 323 993
761 231 438
991 327 305
868 158 411
1 674 360
397 231 971
858 963 967
567 200 460
561 618 169
500 348 597
655 486 19
696 338 513
435 769 547
311 149 368
563 615 255
327 282 203
208 869 392
781 331 58
886 244 798
34 751 866
898 377 967
567 490 902
658 667 475
835 976 835
175 657 37
771 805 222
320 832 676
716 129 494
888 991 190
126 401 883
64 999 404
614 748 596
874 693 657
354 602 689
10 774 258
273 983 803
194 992 450
966 444 808
756 315 249
952 584 430
320 109 618
751 88 103
564 404 968
140 845 634
173 198 802
597 273 977
384 33 836
474 209 609
432 54 899
819 263 577
647 737 974
620 524 455
376 823 666
63 539 213
113 985 517
317 708 948
714 895 235
176 895 694
409 760 431
357 369 664
371 886 436
866 327 251
528 337 199
367 504 279
75 587 423
294 210 121
164 103 645
879 661 233
555 847 939
762 12 702
577 987 279
977 357 658
884 17 210
622 42 143
186 155 440
522 111 28
571 349 447
540 743 251
80 513 109
933 443 345
994 647 233
800 885 946
155 975 122
410 73 268
614 390 681
987 901 357
699 657 14
53 694 185
454 255 235
992 804 255
25 976 237
709 400 258
594 305 330
542 740 131
530 896 257
443 539 50
363 790 545
248 103 261
779 639 205
719 59 785
377 775 289
527 239 922
979 501 839
571 807 927
924 615 549
604 121 839
134 281 75
949 63 310
579 67 410
753 711 415
611 681 982
484 72 625
466 2 366
78 409 473
467 797 710
565 682 484
493 696 243
36 449 992
924 629 463
817 455 996
920 72 359
802 963 329
798 944 910
417 392 330
869 746 316
308 213 360
269 439 367
818 861 321
395 275 793
882 355 211
55 459 674
445 420 468
175 537 272
507 427 291
252 167 658
672 268 799
22 672 108
380 752 928
67 196 590
782 93 901
847 241 968
182 270 45
867 642 465
674 649 644
134 183 44
740 335 173
5 231 606
771 487 59
807 225 838
565 864 381
70 345 255
419 215 326
60 973 946
645 607 924
931 874 665
720 956 160
596 169 349
990 340 940
264 727 359
266 230 1000
966 911 757
274 179 614
47 510 248
474 680 978
424 985 668
648 902 799
47 291 869
416 58 468
459 881 761
151 77 195
123 155 984
697 562 484
443 304 404
712 457 499
516 837 696
32 350 97
405 901 13
847 194 410
749 1 430
1 645 603
97 638 629
252 191 526
171 391 183
728 179 531
314 981 679
857 359 869
631 141 132
765 618 723
724 677 741
744 968 97
486 749 143
278 528 193
903 326 935
152 604 304
163 343 568
570 140 338
361 6 715
540 404 985
873 382 800
669 231 7
622 945 237
279 135 300
946 555 94
333 215 415
741 930 648
739 869 419
992 150 477
200 908 287
975 70 46
626 220 519
586 771 937
533 438 201
570 4 821
502 256 329
274 489 926
399 334 310
693 792 623
464 145 201
732 942 314
919 261 667
416 132 231
645 1000 888
723 661 235
332 805 949
586 230 211
975 977 508
995 939 695
111 956 462
194 188 218
449 115 520
996 259 576
753 964 204
544 15 505
258 935 615
926 213 842
605 401 274
915 61 874
87 583 126
328 656 581
286 522 599
361 300 490
978 270 125
744 872 137
480 703 656
547 649 943
340 596 65
412 732 739
251 100 582
722 622 815
6 284 971
30 990 32
154 907 932
173 848 550
372 246 416
322 981 821
450 765 494
825 652 588
976 412 578
329 917 844
989 84 453
295 268 12
773 106 816
779 775 598
54 304 972
115 654 649
410 212 303
599 48 731
295 361 405
326 668 560
137 318 0
600 285 120
847 19 87
595 591 110
938 358 501
837 914 266
966 601 99
455 251 559
502 910 189
491 597 431
108 562 612
9 801 387
736 104 773
727 59 816
850 107 6
351 691 358
598 58 484
372 6 122
145 691 918
896 589 412
744 757 601
838 920 15
231 406 82
406 557 614
696 876 459
271 80 735
292 342 676
76 550 560
546 334 222
5 273 33
899 326 998
253 123 266
331 276 365
375 357 409
298 498 61
750 462 246
63 391 529
951 429 440
936 583 487
820 254 377
121 726 584
314 69 194
459 333 517
482 457 9
448 229 868
790 951 756
439 602 819
943 154 769
369 542 429
893 662 291
683 873 638
697 750 961
807 468 21
239 830 566
813 58 574
171 249 968
716 572 20
4 475 845
11 634 783
536 161 179
301 860 275
172 62 131
699 939 982
963 106 515
563 224 896
832 392 723
549 43 721
433 798 720
211 626 910
438 118 440
689 32 823
1000 180 482
694 151 69
327 309 288
301 722 586
435 686 545
151 690 313
933 877 273
232 668 495
537 18 286
692 85 280
916 342 721
495 684 498
89 219 714
185 46 506
941 117 539
645 908 824
103 620 851
572 880 285
782 967 382
642 570 756
990 792 249
462 137 732
456 576 776
105 346 171
501 662 211
923 815 773
341 590 255
82 560 245
369 794 587
730 904 168
222 135 846
986 709 780
521 604 131
995 651 192
340 58 601
24 494 181
717 655 763
919 929 709
45 989 901
659 18 661
523 160 810
623 373 843
479 537 110
525 446 320
917 747 480
402 674 597
305 233 672
684 238 694
82 338 376
922 371 862
584 846 840
376 616 611
788 855 345
338 299 617
196 545 842
43 162 958
256 718 671
244 463 217
100 805 245
538 583 604
400 969 414
236 875 16
84 363 1000
686 937 713
803 40 922
822 56 205
954 764 612
388 835 657
359 85 861
791 920 37
325 404 304
358 475 724
592 338 926
3 831 979
356 322 225
961 77 438
772 949 305
624 631 568
690 771 60
779 380 536
322 557 878
211 894 640
228 450 406
992 73 884
568 564 515
103 100 961
947 580 880
777 926 480
282 306 948
795 232 314
928 22 946
335 762 740
189 464 617
917 432 1
903 29 441
19 717 151
61 406 886
672 355 490
232 805 212
485 788 925
980 79 855
587 845 548
452 269 526
329 939 229
805 909 539
22 511 921
408 59 496
637 602 801
277 454 729
611 912 21
282 854 373
622 643 774
349 837 7
638 552 585
391 694 517
691 68 262
304 398 481
273 734 38
846 121 893
822 19 88
96 405 214
820 234 955
727 865 772
151 385 519
401 373 502
761 98 675
110 390 420
484 955 520
575 894 594
492 277 666
842 321 26
641 750 736
51 840 456
351 878 388
235 823 487
531 299 663
287 321 108
386 731 579
187 597 870
507 598 63
891 741 728
658 719 611
384 413 241
836 273 381
696 840 874
742 391 72
252 954 894
451 626 185
981 97 854
17 741 499
172 468 93
660 261 238
228 803 597
621 189 262
578 126 707
845 862 381
613 99 98
367 12 786
926 757 718
951 290 9
214 913 702
853 361 93
639 820 544
560 609 363
6 673 964
140 749 743
616 560 359
245 851 363
174 513 589
823 127 460
217 565 839
714 61 808
511 136 199
358 790 404
222 726 442
84 822 151
206 1000 980
64 284 146
451 339 698
685 857 298
728 228 1
197 762 393
422 56 147
47 863 484
346 127 731
748 44 470
295 38 340
943 509 424
438 347 935
106 178 301
555 226 855
664 529 428
590 669 544
611 412 850
619 860 770
31 278 723
126 494 402
171 994 315
399 53 159
814 908 732
674 160 465
238 186 889
986 641 999
457 51 195
976 600 879
959 991 408
847 954 254
127 764 664
999 231 775
6 941 686
302 231 243
965 790 382
500 563 329
435 317 837
228 21 70
529 600 103
418 457 273
168 29 462
862 758 507
126 313 912
195 241 321
258 100 113
378 412 835
994 55 339
902 452 879
839 607 968
442 598 25
398 718 740
163 153 884
274 712 215
69 598 958
379 173 701
932 1 996
928 227 677
432 73 254
173 910 700
531 95 285
826 225 300
840 708 840
205 467 906
994 274 761
756 967 425
853 300 840
471 226 592
734 954 29
695 988 387
629 621 967
827 643 274
926 937 840
646 598 612
292 72 319
121 342 6
991 435 885
257 249 822
919 465 411
471 815 816
408 451 571
842 932 218
443 281 38
630 742 16
64 682 98
533 299 873
936 28 531
411 582 514
254 792 615
228 639 635
475 265 497
343 904 287
562 852 662
378 530 734
673 278 34
851 109 158
469 190 238
33 17 514
454 569 971
523 607 405
53 682 997
291 119 32
59 865 855
735 335 112
134 688 826
290 680 114
114 571 989
628 87 262
591 245 793
743 92 291
980 701 968
53 209 378
604 604 891
2 794 463
241 587 898
443 9 614
52 555 10
341 572 340
844 375 865
361 169 927
719 294 216
472 308 141
305 284 159
593 135 133
198 944 187
94 413 666
370 969 262
866 754 506
250 851 533
126 821 507
959 527 912
814 688 349
78 759 551
993 605 481
689 565 596
196 449 932
78 785 474
430 979 207
156 361 234
201 507 729
506 817 305
552 172 791
231 890 198
709 423 762
292 751 786
44 308 638
351 456 507
658 980 541
671 220 360
996 887 593
462 562 404
377 147 66
844 70 408
151 516 517
106 698 119
761 262 239
155 556 700
798 186 698
500 22 341
453 486 478
325 263 8
253 233 295
657 969 972
38 117 786
110 88 475
461 867 475
558 181 827
945 918 170
12 629 409
61 354 233
586 428 791
68 748 164
290 180 441
935 143 151
309 690 570
103 865 560
938 24 913
114 726 376
665 899 3
434 397 240
197 489 984
179 394 926
89 621 674
413 343 366
821 961 902
466 102 418
601 979 393
138 350 836
31 380 399
348 46 368
111 349 802
106 340 508
232 469 871
194 172 58
509 385 657
30 162 605
626 401 903
592 565 349
82 265 761
606 1000 238
379 351 938
71 767 85
925 550 53
524 429 195
235 29 726
337 553 551
377 678 453
47 817 93
686 684 471
422 822 757
253 73 757
448 440 412
545 163 473
363 112 940
162 177 728
733 651 779
381 415 747
7 977 583
340 727 371
403 4 693
216 392 492
312 46 311
635 248 364
291 651 931
501 812 414
75 893 567
708 705 715
842 655 586
125 56 4
744 484 173
591 14 45
827 453 961
346 761 538
721 396 591
100 970 933
583 833 537
831 768 539
903 98 148
25 288 548
66 643 726
888 724 620
546 86 776
772 652 302
258 714 423
938 449 288
398 145 549
488 914 827
60 615 523
527 700 491
273 644 182
867 420 974
585 486 378
597 3 527
150 477 990
828 81 24
298 274 239
906 386 369
264 595 393
955 841 597
882 516 380
491 667 141
420 499 708
106 780 944
941 30 362
717 2 810
498 841 580
170 201 551
335 481 501
402 979 177
854 316 234
791 248 328
125 63 518
350 82 394
718 308 996
95 47 798
834 96 18
271 681 366
232 354 710
141 163 763
369 710 54
313 206 523
95 655 655
463 340 219
451 473 982
34 966 127
887 956 575
181 198 360
573 689 628
334 870 316
618 754 301
793 324 707
174 780 878
335 385 714
331 676 599
202 779 227
346 827 102
947 311 368
569 985 153
844 918 560
436 30 769
830 436 371
919 555 6
839 314 397
476 817 105
677 425 915
558 550 712
305 699 869
973 76 297
383 623 944
500 921 583
981 788 666
671 978 524
344 771 65
569 268 249
182 944 86
40 540 779
580 703 342
420 808 888
674 501 410
299 94 59
243 773 321
507 432 324
755 872 966
901 216 263
126 102 747
190 82 174
772 197 974
691 866 908
278 196 998
65 458 594
372 897 647
677 161 625
897 169 520
195 834 819
335 505 900
17 988 198
755 772 625
475 616 278
564 650 454
434 587 935
727 513 464
343 470 395
970 133 168
32 208 377
802 100 92
869 703 617
275 795 873
360 570 964
568 397 460
116 979 252
983 212 333
331 131 958
760 467 602
467 606 144
199 638 651
929 672 258
503 923 925
911 122 348
48 385 199
765 195 287
188 675 553
437 433 698
847 379 630
141 469 25
920 449 410
701 212 498
422 982 614
210 862 661
97 410 177
803 88 396
224 752 634
924 155 261
434 793 145
108 745 391
156 729 978
285 952 846
186 621 846
214 949 467
248 659 333
76 723 608
803 355 632
15 983 214
644 920 863
723 90 183
616 282 889
315 128 356
838 101 132
951 137 709
710 811 592
846 824 108
606 276 947
611 663 368
336 632 144
157 425 998
444 949 106
487 199 563
739 962 517
524 530 908
566 231 24
997 293 449
666 678 3
862 981 551
312 532 462
540 266 370
986 840 289
777 167 510
585 615 331
107 916 832
160 271 559
216 832 478
977 506 489
471 200 44
548 995 423
99 388 169
214 943 806
886 0 832
939 520 40
540 819 412
460 744 266
883 9 868
251 492 290
937 344 42
833 141 641
175 613 47
741 707 366
134 881 851
348 8 744
545 350 194
712 459 636
820 915 6
186 432 896
716 104 669
326 292 274
586 414 90
683 699 876
420 843 397
381 131 467
522 859 767
914 657 950
429 486 730
743 754 888
294 959 565
595 821 940
780 628 753
179 985 674
453 989 323
934 26 858
491 2 531
850 288 623
98 815 80
682 641 420
946 204 773
91 541 821
378 928 573
242 264 895
634 785 322
600 745 948
260 858 878
600 614 562
316 788 448
767 40 260
747 20 368
43 218 245
847 78 773
978 357 438
416 0 574
448 490 117
116 37 196
673 517 483
676 822 398
875 270 706
781 162 156
961 727 346
470 519 690
313 828 10
895 890 34
591 135 738
198 919 452
685 771 853
189 874 343
601 982 744
199 727 596
146 875 999
638 12 550
858 609 683
525 962 815
18 576 859
458 230 36
632 106 911
23 945 805
904 746 624
927 395 742
766 570 247
309 350 531
539 419 976
168 500 135
429 314 224
387 416 895
150 965 473
370 326 157
840 218 981
463 27 753
213 543 832
806 303 373
10 641 408
557 959 212
822 431 183
878 957 314
698 726 301
727 180 865
127 369 48
209 668 774
566 310 955
420 925 35
329 961 564
276 31 424
998 98 251
90 521 268
892 683 669
439 694 262
314 71 706
626 605 105
738 106 854
943 409 866
33 33 337
980 279 445
137 988 754
156 719 639
454 82 753
229 865 425
25 878 292
62 688 17
409 804 502
610 591 712
957 147 913
242 698 810
94 322 403
873 803 413
155 717 191
117 893 382
571 403 771
757 683 497
89 677 155
78 439 898
640 777 364
32 909 367
64 945 113
153 980 66
31 338 562
808 1000 489
295 661 124
70 850 627
961 350 871
373 998 431
87 762 955
982 508 663
30 315 374
478 192 301
186 951 665
17 401 535
772 279 640
894 404 843
777 70 844
168 218 400
404 636 248
478 45 318
191 663 116
331 965 131
209 877 339
47 582 308
125 399 186
414 555 951
961 952 53
216 417 389
353 366 584
294 613 874
479 1 360
177 696 767
81 145 908
741 407 798
469 176 521
491 382 494
413 877 349
689 881 359
279 747 528
945 40 851
840 565 364
1000 133 568
449 115 52
866 61 282
9 275 638
197 736 736
910 708 397
561 499 932
351 49 561
946 56 840
581 513 27
401 360 18
613 715 919
193 189 662
106 950 145
466 392 566
129 213 896
214 726 1000
754 935 500
88 555 649
383 274 110
344 946 718
174 871 803
85 762 601
878 572 428
5 775 863
615 430 468
407 780 500
737 538 407
878 475 227
221 166 59
126 873 685
60 673 345
471 717 781
326 960 754
977 909 231
800 436 747
32 54 394
11 407 705
566 566 628
875 560 356
482 952 623
411 938 316
527 246 486
550 546 348
830 939 726
851 389 615
57 776 768
519 141 677
13 958 186
546 812 150
123 282 643
640 860 245
877 868 652
74 306 96
380 478 96
117 341 859
24 378 343
951 878 282
408 370 586
56 636 138
300 361 885
83 249 280
665 361 370
877 239 330
690 923 832
360 95 529
682 197 847
414 303 160
809 923 846
416 550 59
8 619 178
335 862 234
611 997 851
673 366 198
290 665 411
571 904 274
893 703 46
280 685 190
650 585 762
621 45 349
367 166 450
947 611 62
798 143 596
141 361 686
24 730 945
714 643 581
13 704 16
90 332 356
296 38 898
454 909 90
855 720 816
833 21 380
169 912 673
22 131 219
300 549 782
594 735 443
515 332 273
25 975 414
155 838 876
190 300 515
696 477 716
663 201 191
662 462 836
43 555 584
294 74 564
718 479 633
670 444 845
476 842 639
782 618 341
149 441 366
938 488 774
612 136 169
761 331 801
893 916 384
422 537 54
796 825 508
537 1000 698
532 427 254
850 357 465
99 668 832
765 677 91
961 668 822
724 998 757
885 705 78
63 492 1000
729 464 452
625 711 393
787 962 595
269 898 864
160 762 415
560 457 558
650 370 873
64 329 789
213 518 345
121 757 123
569 358 129
930 108 899
444 28 466
593 977 397
745 204 44
152 79 498
306 587 69
461 502 900
301 611 863
976 879 957
513 877 525
309 229 755
39 119 132
937 477 717
95 209 531
112 477 818
882 391 40
275 494 684
407 459 426
668 347 892
653 886 724
515 232 264
651 704 717
428 92 58
793 863 975
615 238 518
402 749 9
14 194 505
2 80 307
322 207 322
254 109 244
525 648 772
132 394 630
480 590 494
314 321 887
49 691 692
879 512 130
580 113 716
299 1 37
920 796 341
377 150 527
345 354 215
126 616 515
878 977 821
228 534 635
533 374 527
176 810 662
569 280 156
933 515 100
86 748 954
130 777 238
149 546 876
165 823 406
292 21 281
254 534 301
961 783 807
89 438 191
981 662 861
318 237 227
234 820 458
757 750 716
20 410 573
536 86 547
864 497 413
189 658 672
299 481 128
606 243 321
905 762 646
745 797 644
979 102 107
735 481 602
593 943 454
852 628 114
860 682 419
698 517 171
623 578 439
30 166 628
250 771 646
281 160 189
599 980 477
726 173 809
277 481 486
980 354 75
82 5 969
470 597 875
639 147 446
898 771 718
462 870 254
553 270 136
923 225 507
356 844 567
234 846 757
686 458 544
689 145 792
709 472 508
907 11 874
440 768 830
599 127 164
809 253 535
988 263 105
124 149 317
986 122 964
951 878 432
688 186 674
25 565 327
297 335 688
217 593 814
612 350 876
110 762 236
981 881 826
752 650 209
737 902 925
19 308 341
253 582 316
750 827 324
372 558 310
843 708 811
873 727 591
706 156 792
165 247 801
202 788 168
485 242 236
85 175 434
23 546 309
252 84 885
14 856 932
403 689 516
192 202 436
359 728 938
811 592 323
782 822 209
933 68 366
698 562 889
457 267 847
972 128 88
418 331 380
890 596 860
617 193 216
822 692 951
878 189 695
463 997 63
97 543 74
904 763 603
716 122 593
208 315 898
126 936 183
512 287 477
697 541 49
501 679 647
363 397 902
589 868 48
981 624 117
813 966 834
140 567 757
16 963 176
387 972 181
370 391 69
437 436 192
884 238 871
882 693 79
572 127 548
814 477 636
794 281 276
577 545 45
736 195 324
620 149 346
181 66 146
369 278 82
711 462 970
987 508 794
255 353 102
685 781 764
81 511 466
489 46 246
558 960 806
604 418 112
79 178 157
6 453 568
538 392 678
479 234 59
187 198 55
546 319 790
89 70 465
703 466 760
75 87 202
118 331 402
858 620 96
705 166 974
464 365 804
615 531 307
856 894 509
970 521 108
110 943 518
658 843 399
137 935 521
954 620 380
912 237 399
190 144 356
990 347 74
597 397 765
32 145 926
34 530 923
58 338 353
319 299 412
840 529 355
432 571 688
361 813 277
174 180 732
970 857 509
128 384 881
355 480 918
536 597 37
278 246 242
762 339 275
72 931 163
820 639 789
27 584 421
804 95 581
630 173 333
737 240 30
739 77 392
461 334 75
958 484 501
286 749 525
730 303 236
200 363 787
454 688 630
85 162 30
634 437 270
581 337 536
417 776 183
340 827 71
571 617 262
907 643 494
278 637 860
594 645 259
417 10 262
772 533 276
645 142 129
445 971 373
378 466 424
790 298 312
397 179 187
457 841 271
398 707 817
979 313 494
357 46 419
420 296 435
87 190 942
619 175 385
311 763 305
285 185 611
752 175 431
462 551 121
58 745 260
139 400 691
400 516 193
937 888 919
519 308 92
387 661 794
119 27 534
888 445 204
245 74 753
627 12 826
916 268 27
196 268 634
708 115 23
530 819 349
754 768 296
796 736 117
543 164 714
233 771 281
737 197 764
522 599 724
564 409 753
591 622 280
989 147 337
207 372 167
392 157 279
789 379 665
614 362 799
925 132 289
271 972 996
41 308 892
447 651 143
92 134 599
165 834 229
834 694 984
211 664 92
548 539 626
155 583 811
970 104 541
834 908 216
709 221 133
798 422 651
186 621 352
811 724 642
125 859 976
770 403 487
310 222 429
578 219 145
440 259 337
159 975 392
302 320 608
576 546 201
443 855 82
455 903 851
252 331 270
751 123 237
658 279 628
858 869 678
883 212 275
755 694 17
631 134 560
3 941 78
877 288 977
311 60 544
287 578 659
839 699 938
104 46 710
178 518 39
903 806 847
244 494 976
784 558 753
862 714 501
754 531 259
909 625 965
521 199 637
74 318 769
124 45 978
257 287 545
72 498 260
799 168 704
319 949 196
510 33 620
573 926 110
647 549 547
277 841 925
51 325 185
197 738 790
13 833 628
871 177 321
844 577 805
559 76 291
142 517 568
519 235 106
411 120 753
253 840 819
660 351 519
985 485 604
729 767 753
368 898 282
411 511 847
933 40 878
681 454 440
78 281 716
772 64 429
722 936 420
313 414 897
505 19 947
482 185 761
831 808 847
375 982 578
840 193 310
704 52 733
31 481 71
374 136 635
832 579 973
669 480 742
141 945 834
256 193 894
438 493 27
451 720 42
957 998 780
346 663 276
555 872 179
37 844 919
908 219 436
973 513 372
931 735 228
581 848 648
940 450 38
274 286 943
694 941 909
466 776 677
832 818 908
553 47 284
281 128 816
860 741 85
991 255 479
862 418 899
539 922 115
8 982 756
151 595 224
356 426 199
284 425 943
405 943 740
849 317 857
79 913 668
625 762 970
641 294 714
117 707 140
220 253 725
884 237 886
525 627 620
163 813 920
809 338 295
326 363 286
255 284 364
404 502 525
228 561 440
315 936 488
121 91 965
882 775 677
993 133 60
82 238 572
998 971 372
597 997 999
237 793 150
68 909 871
793 27 44
225 163 618
285 217 259
499 109 724
414 290 653
916 104 435
919 303 38
436 847 388
753 927 267
611 405 235
869 812 197
605 347 44
344 462 609
826 956 703
614 51 110
855 82 752
95 325 780
595 439 264
367 562 497
175 501 44
696 676 988
795 683 751
656 859 560
212 636 503
251 526 263
698 294 442
534 464 125
125 783 104
645 752 914
307 860 9
816 818 71
892 923 484
489 133 4
467 317 445
652 752 233
456 13 297
893 745 468
105 703 756
824 326 995
906 954 656
740 231 329
553 363 831
248 617 243
9 936 814
990 946 111
489 792 456
711 96 359
7 399 708
664 423 934
735 67 68
505 105 3
152 367 119
828 523 775
134 15 902
324 730 526
884 744 972
588 971 677
371 583 965
660 299 400
127 385 596
100 710 513
322 675 672
612 572 53
765 394 334
111 9 915
721 941 51
886 15 461
967 248 769
303 803 516
229 985 919
838 743 826
200 443 837
669 589 800
648 675 932
631 421 880
631 456 303
643 487 599
639 686 7
212 689 852
585 135 931
317 360 460
445 150 459
148 370 785
931 863 947
360 946 342
591 36 322
616 916 0
404 737 314
658 69 470
440 271 690
836 892 372
939 202 897
594 331 687
815 730 718
279 785 434
917 845 438
109 154 392
482 433 61
890 421 525
660 536 78
314 7 231
915 814 325
555 739 137
382 818 43
374 474 275
489 463 250
558 158 921
530 584 904
910 691 854
269 347 266
943 628 367
497 474 908
751 252 996
76 765 312
547 315 228
281 713 680
143 60 348
355 919 631
871 992 743
861 992 943
281 246 304
570 53 537
64 5 806
264 942 803
596 826 733
131 811 167
988 362 843
172 653 266
222 81 743
350 396 217
865 422 173
94 470 85
678 610 672
827 103 825
222 907 41
796 324 183
592 333 850
214 84 249
19 278 252
367 420 677
404 800 512
702 467 629
336 992 400
177 195 494
649 210 693
399 514 325
809 465 258
431 339 854
485 529 626
158 368 441
338 251 605
300 751 425
492 261 955
244 731 724
997 949 684
730 90 613
537 192 133
646 736 613
897 898 884
766 818 728
16 814 22
47 937 168
500 948 609
840 155 209
789 126 101
990 282 291
281 112 490
195 791 664
951 304 670
53 759 441
66 739 778
910 91 632
357 861 741
852 53 771
117 422 929
979 237 619
947 721 572
218 540 814
641 733 664
448 874 466
49 747 861
97 265 850
828 674 707
591 17 558
174 143 324
547 597 326
17 67 386
229 854 545
984 821 985
771 851 880
848 910 652
53 176 956
426 732 59
65 336 379
658 279 102
509 146 679
920 643 642
564 827 635
76 291 693
71 524 276
901 808 470
431 458 247
559 520 262
237 391 311
333 147 409
633 373 997
13 865 627
758 264 314
463 765 179
920 553 584
327 786 498
230 894 452
760 671 308
922 471 736
289 522 420
808 785 862
8 842 685
187 377 684
836 986 236
894 670 804
635 63 842
293 684 117
113 906 2
749 52 810
508 411 55
761 707 263
972 695 437
846 332 90
643 502 87
753 942 508
958 402 776
560 885 702
122 300 632
376 791 605
426 433 913
753 635 970
716 712 479
879 169 469
30 398 245
842 831 307
158 732 993
207 509 461
223 737 221
682 94 427
463 434 337
25 699 713
169 849 801
850 507 640
393 232 673
211 846 131
15 776 126
221 388 807
298 155 533
480 219 760
662 483 909
107 698 462
455 113 510
388 524 509
930 517 202
544 968 819
919 813 313
524 907 208
824 535 229
958 382 15
613 733 338
706 230 997
598 325 130
953 218 366
455 172 507
181 396 951
798 216 773
777 560 715
313 687 496
622 741 515
536 985 774
853 263 156
802 917 500
942 166 557
108 548 966
198 581 158
929 736 901
301 896 425
711 960 271
914 371 161
487 243 780
555 539 701
956 316 304
856 398 878
144 695 217
286 726 317
336 498 75
834 624 686
21 51 459
125 239 125
606 11 893
945 375 505
698 213 813
667 954 480
1 129 663
590 526 385
254 817 477
561 330 425
954 877 844
326 302 886
581 177 738
106 273 626
135 522 442
185 582 546
839 996 382
489 26 842
486 995 930
557 657 807
449 49 927
460 158 211
320 247 996
97 738 274
2 697 556
509 513 320
453 181 859
307 454 572
786 2 370
966 571 454
650 761 345
466 259 423
16 981 336
281 352 127
501 549 986
419 586 843
711 745 115
733 951 301
622 234 441
514 678 736
574 972 136
830 673 649
454 797 616
416 57 856
11 855 666
895 925 642
199 341 385
987 274 192
945 516 548
784 126 494
1 58 346
87 777 961
761 227 597
370 356 961
273 991 353
67 856 603
476 93 299
433 869 542
345 204 989
642 971 704
350 732 404
466 147 117
237 297 869
112 186 533
802 862 84
374 870 472
278 714 147
114 868 760
647 369 702
436 223 383
768 903 166
374 29 656
414 501 520
589 974 803
838 966 358
236 26 269
448 52 830
658 290 234
401 777 422
537 302 197
414 65 951
591 817 503
252 710 356
566 736 933
306 593 194
104 601 94
213 679 303
915 883 804
92 808 263
922 159 17
20 502 735
28 55 573
55 210 110
179 64 717
381 587 522
397 350 313
388 976 397
222 172 845
62 304 399
516 926 479
986 822 362
642 392 768
10 395 462
826 149 283
379 212 11
518 309 39
493 571 34
246 23 91
320 764 21
156 748 157
615 841 794
591 360 502
559 202 99
873 512 384
848 741 870
46 299 979
416 173 361
667 721 26
797 262 647
236 999 698
872 558 387
842 527 926
324 954 185
551 453 235
821 443 962
268 555 349
31 955 490
905 945 148
893 321 694
388 362 558
910 276 997
6 145 72
545 658 926
409 329 946
646 383 597
900 791 967
985 364 148
244 858 395
275 457 694
622 247 421
651 920 692
54 784 240
62 278 613
832 189 105
41 346 963
140 802 517
183 434 140
331 470 385
84 9 37
473 524 656
768 884 839
625 58 807
389 591 855
687 784 865
818 937 919
241 956 593
788 694 876
694 882 608
257 847 527
905 376 932
55 979 706
822 790 208
776 934 869
789 199 645
392 358 689
544 581 256
691 535 19
403 83 357
967 502 191
944 952 298
272 193 52
417 597 598
73 473 172
370 592 523
790 469 994
856 28 17
531 716 266
637 932 942
615 894 45
888 488 617
933 8 638
856 868 84
169 473 928
428 383 812
162 40 882
291 517 327
930 726 531
393 144 942
816 139 910
258 184 815
731 710 562
461 482 537
563 628 539
729 748 528
576 170 634
204 340 80
83 149 154
411 338 280
284 525 157
47 70 988
547 696 923
960 13 353
450 412 992
293 153 505
909 757 913
195 261 631
880 627 674
628 916 848
646 781 390
397 871 18
302 4 932
891 210 67
719 458 48
162 533 108
813 331 615
328 323 254
964 381 199
889 172 385
464 449 154
357 154 380
864 792 662
777 255 918
355 510 435
324 120 619
495 142 299
143 811 272
728 304 479
864 266 934
261 58 499
731 408 246
922 675 365
770 855 448
9 625 208
926 273 319
906 219 916
386 678 793
953 469 711
750 93 748
994 645 584
271 568 810
764 110 67
283 734 907
381 47 379
702 792 886
231 434 655
803 112 172
610 974 440
577 246 376
645 860 91
250 512 367
904 173 341
161 912 864
58 394 843
96 258 438
22 197 298
999 899 762
954 215 220
589 941 372
568 353 434
424 57 630
171 509 786
696 297 760
743 691 57
398 92 86
796 884 334
835 667 191
228 617 951
283 990 22
967 185 707
260 618 629
328 52 844
915 381 507
465 47 804
543 308 507
453 353 765
117 642 31
780 924 831
361 183 434
219 198 209
914 557 944
176 575 63
362 530 164
721 283 674
167 708 398
789 993 291
952 253 717
516 644 286
931 8 115
747 816 226
484 349 732
227 391 803
69 662 633
294 755 0
934 287 964
352 654 891
795 32 49
365 496 845
430 442 418
757 908 363
735 309 881
779 972 746
544 982 858
529 53 833
273 182 115
445 799 123
994 88 979
262 494 688
814 243 455
50 75 990
632 45 665
951 208 971
239 566 150
281 496 815
921 882 450
752 669 876
860 87 300
930 81 241
240 410 864
802 561 687
595 958 940
318 774 590
888 753 674
400 167 761
272 760 988
940 178 757
219 309 985
908 574 983
206 328 197
866 730 671
535 988 463
397 749 537
150 833 255
691 191 407
657 460 498
453 329 882
773 462 634
129 846 806
279 220 214
118 956 182
400 641 480
750 914 114
958 749 462
560 656 588
900 506 192
829 569 460
535 8 635
715 677 83
299 157 677
634 32 311
35 792 661
490 337 346
868 917 360
184 247 822
646 292 979
295 93 579
775 819 31
392 615 912
330 514 540
492 803 617
725 135 863
331 708 532
508 289 205
304 929 918
655 968 443
531 406 35
927 946 319
859 281 648
644 466 376
646 790 955
100 357 148
594 733 109
176 420 967
78 769 134
806 827 542
31 21 204
8 665 520
58 82 888
502 242 845
861 695 567
119 797 312
508 967 432
150 117 117
501 244 918
940 540 692
137 640 633
106 82 103
782 615 551
703 939 454
484 731 867
819 813 675
112 534 600
871 803 855
661 61 823
552 35 160
219 24 148
270 273 586
618 675 817
673 448 121
97 107 948
208 413 235
37 870 649
750 810 243
716 689 351
405 868 53
440 998 719
283 757 526
59 536 828
601 951 440
289 191 167
398 566 717
764 530 733
249 488 679
572 43 978
325 949 852
26 624 9
911 148 91
762 386 366
700 662 818
430 565 518
395 485 209
98 940 717
43 348 193
786 887 25
918 197 244
680 645 143
376 455 375
274 832 985
630 146 476
422 866 302
828 986 883
251 916 461
666 573 586
93 959 32
646 640 304
721 182 100
156 454 893
799 519 145
222 95 190
819 318 834
83 594 393
750 865 350
744 803 803
689 910 547
289 924 102
988 227 391
662 617 261
20 865 555
839 470 761
603 285 480
546 357 660
598 122 451
694 506 893
325 331 445
119 902 232
685 571 524
2 635 187
237 310 499
867 326 923
235 744 571
200 600 516
863 608 744
557 126 665
986 456 516
980 855 951
861 998 190
223 150 915
487 868 681
738 886 274
888 97 543
544 577 456
704 144 666
854 934 743
824 41 866
771 285 814
486 699 903
179 852 486
626 218 260
782 788 0
42 979 134
718 588 928
695 871 471
483 19 359
847 722 560
152 458 38
738 294 484
25 667 298
859 900 987
838 930 375
406 173 603
874 596 488
368 376 375
98 617 981
430 929 997
340 935 639
752 988 186
507 650 21
882 157 906
932 507 733
75 708 904
976 222 175
831 208 130
343 71 626
536 437 479
15 453 359
587 464 264
907 624 540
119 291 896
2 273 370
372 39 243
464 499 999
909 42 684
216 688 294
715 18 912
700 967 376
115 291 526
472 124 849
836 555 299
261 676 564
192 784 290
640 701 311
344 957 56
602 252 695
633 939 430
855 303 388
822 248 485
863 577 675
527 35 595
661 324 423
989 594 270
860 410 178
538 823 159
78 169 177
382 180 356
967 724 7
535 789 475
939 260 426
201 390 560
182 655 66
546 367 173
202 78 94
193 677 951
705 369 245
180 647 312
653 420 849
168 862 158
485 567 986
3 389 148
991 857 91
558 296 587
333 403 177
227 132 111
544 25 91
722 684 442
246 444 684
546 637 578
149 682 687
767 593 234
819 561 544
987 509 909
93 747 338
149 325 414
684 995 479
278 383 755
658 262 987
678 461 999
559 830 525
559 51 81
614 303 571
127 2 716
871 952 675
961 404 105
128 224 175
296 2 610
457 148 821
586 445 585
984 39 535
99 875 0
186 136 522
156 976 51
914 47 405
490 477 363
654 462 358
283 648 605
615 471 305
874 309 454
352 493 175
11 599 693
770 351 241
399 510 601
483 999 111
705 463 767
35 494 565
575 876 163
648 285 330
708 728 454
396 130 712
627 242 77
501 720 897
346 581 392
148 189 264
334 960 389
296 385 432
482 632 784
922 309 6
904 667 946
345 777 931
884 16 715
508 314 711
153 978 582
255 276 332
376 120 807
590 686 866
126 482 961
666 52 430
766 106 466
653 35 120
981 118 168
705 257 253
455 62 443
410 792 553
157 627 444
257 91 282
210 192 187
761 408 218
312 151 77
610 535 186
976 118 663
71 76 465
18 604 315
791 742 555
988 454 262
856 948 855
268 159 661
669 158 581
626 391 70
596 960 570
458 160 718
923 323 481
771 571 216
636 197 715
803 184 307
776 602 279
131 342 124
120 974 286
673 893 566
842 831 69
797 466 121
280 734 202
85 11 341
72 303 94
532 371 835
795 313 912
885 670 17
848 210 613
591 398 689
792 132 408
209 813 48
793 5 702
513 262 54
479 824 328
980 180 768
709 678 723
23 317 587
802 907 496
753 607 538
84 768 759
910 355 635
61 646 941
742 75 143
904 963 606
9 735 835
59 359 837
848 412 522
638 927 65
586 985 626
29 459 966
806 184 72
335 960 221
787 852 361
531 854 877
349 957 657
676 465 97
998 210 482
519 736 98
446 516 694
840 159 674
938 622 654
665 554 754
876 984 172
402 111 360
538 211 459
190 70 411
356 724 823
793 99 133
50 361 797
950 764 613
56 859 269
554 908 4
406 876 625
380 826 977
44 355 18
161 427 266
7 869 183
391 849 41
699 416 845
496 727 443
644 13 204
224 904 426
181 477 742
373 662 692
97 721 267
941 266 672
826 765 634
908 117 155
696 272 398
371 926 569
678 388 640
241 929 194
131 840 812
824 773 170
393 174 180
983 694 159
799 960 44
240 446 384
253 110 889
721 584 302
986 597 405
572 775 366
106 51 92
913 228 940
411 47 671
853 979 969
501 225 128
335 261 603
86 746 2
370 356 76
159 692 145
512 877 714
914 109 620
525 467 424
431 102 728
452 70 846
525 101 870
510 679 395
589 699 278
634 231 589
573 897 597
929 971 472
551 209 96
816 214 133
959 302 805
611 96 448
392 384 306
430 172 736
723 621 480
671 164 190
98 797 978
642 990 703
337 451 617
842 871 175
963 604 462
122 592 602
45 830 750
4 839 623
961 851 836
489 698 500
362 143 395
627 306 823
905 519 187
620 812 978
37 612 114
656 772 881
342 837 611
657 766 439
763 634 983
874 57 262
515 434 939
796 174 502
247 362 326
978 223 358
853 319 844
432 606 566
287 690 608
360 161 955
354 945 790
770 432 409
815 776 550
783 118 920
320 765 693
725 303 407
397 32 414
762 784 209
391 733 853
861 907 846
555 764 780
360 823 390
257 316 374
153 133 52
688 68 100
163 939 640
410 782 379
378 438 72
584 21 52
664 687 161
602 294 141
544 1 967
543 605 179
873 741 892
319 383 81
30 556 820
247 100 888
378 97 514
630 439 120
688 244 676
259 407 847
865 873 46
504 684 942
685 840 2
328 576 525
816 393 791
397 662 101
626 1 365
321 857 746
105 985 387
85 804 662
219 172 619
414 133 599
896 514 792
620 358 631
248 338 469
428 491 672
207 996 575
142 572 362
925 276 169
133 289 817
978 83 507
550 134 840
310 551 800
60 430 784
840 435 962
642 302 198
369 791 618
742 949 874
963 680 11
664 573 659
912 294 1000
135 130 482
462 897 358
629 468 707
731 675 705
182 832 419
43 350 678
542 903 469
650 887 352
820 558 742
827 696 292
606 709 660
132 319 31
121 155 750
386 296 421
620 628 242
967 617 958
59 98 623
661 228 80
599 659 131
888 496 944
54 233 901
178 885 886
683 118 329
387 819 583
1 896 421
234 486 625
234 369 215
540 312 372
271 755 181
258 11 17
560 901 135
960 266 708
553 693 562
477 619 281
467 529 987
522 927 258
311 484 67
70 249 600
757 217 4
435 386 393
749 943 857
833 557 825
261 244 691
225 431 473
320 566 45
694 391 599
620 478 101
537 351 542
410 585 102
964 483 854
917 938 135
12 53 315
21 771 566
184 292 493
895 980 46
32 649 553
539 722 561
87 413 549
675 500 696
753 509 674
215 591 24
51 239 576
210 240 518
207 357 240
181 315 219
90 390 632
422 466 631
884 597 137
950 244 326
214 128 474
934 550 232
2 481 68
326 202 990
376 44 583
702 350 976
670 296 832
361 384 713
584 611 797
344 169 331
335 782 921
704 363 184
589 356 730
299 386 716
321 858 670
158 760 344
584 212 803
512 763 592
745 232 177
113 836 690
809 577 898
290 447 335
243 276 561
184 628 900
276 653 324
478 96 188
354 820 898
472 787 735
986 772 866
972 587 36
680 529 59
9 107 521
535 477 510
664 249 312
10 792 753
866 155 18
406 820 668
723 714 576
687 830 417
67 80 92
263 930 34
697 652 933
540 37 247
227 528 599
519 793 339
49 325 535
328 20 814
783 470 950
353 243 124
344 485 1000
148 832 430
973 904 989
386 960 220
509 21 951
876 456 721
149 533 313
275 17 155
322 689 207
383 608 511
3 365 334
611 573 629
329 218 952
85 18 618
456 725 934
220 671 937
510 494 920
699 72 45
503 215 832
501 169 276
907 68 807
770 216 489
182 914 327
79 491 246
183 641 523
789 19 775
342 366 957
853 230 244
246 362 605
888 756 605
603 868 503
159 21 403
335 371 825
595 883 810
920 595 321
152 18 419
332 341 935
847 826 547
141 927 420
747 130 439
273 628 755
909 962 168
664 636 797
584 816 726
128 554 289
879 442 713
181 734 932
560 610 446
618 586 550
293 721 399
704 591 42
770 893 624
386 339 922
407 494 338
361 216 849
75 433 883
441 259 18
5 183 805
501 334 834
622 291 193
564 608 86
422 934 437
414 263 147
278 607 743
320 333 49
207 643 660
913 646 370
741 718 148
230 27 321
309 901 119
135 608 314
614 773 236
90 489 906
863 4 165
327 324 825
646 772 440
349 120 693
930 197 6
910 819 56
586 906 667
322 218 426
985 859 474
543 286 782
19 529 300
243 416 345
317 564 921
733 908 241
711 459 579
279 667 233
893 359 514
91 400 706
69 460 360
747 583 824
693 383 97
509 344 457
839 275 426
78 444 748
157 698 476
251 461 885
798 730 287
983 380 934
925 101 756
205 360 26
48 276 605
395 660 523
402 659 165
150 546 201
534 490 628
63 48 568
495 33 181
185 83 942
549 834 33
460 653 680
119 115 887
110 484 33
276 192 219
238 180 318
491 809 128
740 822 412
937 570 591
430 996 533
154 911 401
96 272 434
980 587 931
484 249 335
395 361 456
229 438 293
943 519 878
546 650 868
126 514 722
326 302 920
484 593 765
492 437 115
161 903 427
319 780 984
186 284 821
331 892 525
609 287 231
222 387 198
721 258 589
167 641 836
588 797 283
951 77 338
155 387 35
203 242 808
957 795 391
976 568 571
969 311 777
12 623 43
439 838 310
330 388 470
133 419 761
718 425 944
48 448 613
847 727 700
428 176 408
683 201 860
647 157 510
665 792 458
552 398 641
15 704 613
741 678 333
770 832 937
654 765 596
328 89 870
107 105 467
511 332 268
732 800 997
486 527 632
220 25 114
255 106 785
727 855 797
367 571 104
100 106 350
456 373 198
8 879 885
768 860 515
750 908 942
521 287 130
671 487 854
308 571 417
518 640 504
230 482 448
667 329 38
398 811 126
393 673 69
385 680 860
329 66 391
871 201 296
793 610 750
58 846 554
751 987 877
394 89 979
808 222 194
996 384 140
436 343 236
643 404 705
451 54 32
828 244 321
620 895 650
300 815 295
886 229 965
643 120 560
192 402 913
104 650 172
126 297 505
827 928 532
820 981 853
203 195 918
995 689 680
316 985 712
876 568 346
320 352 612
156 186 790
726 747 67
286 129 192
296 52 12
667 790 465
46 92 747
258 587 152
458 411 604
139 719 777
112 301 573
919 483 258
523 210 778
32 319 819
58 220 790
756 552 501
175 834 67
746 472 604
223 30 839
0 121 278
972 895 893
322 638 264
444 250 721
493 297 311
237 253 863
993 83 627
252 647 997
787 332 948
446 547 630
411 838 188
560 530 75
635 104 718
558 357 607
751 60 449
298 195 155
793 581 141
920 210 781
78 383 169
396 718 652
905 357 67
252 17 0
367 809 488
874 716 74
98 275 159
940 122 752
379 119 145
435 950 581
275 74 493
532 1000 146
896 589 147
735 736 925
597 717 380
286 934 855
835 286 139
778 878 702
471 297 167
522 696 573
605 547 141
398 295 995
529 725 118
866 675 760
835 741 57
942 587 346
969 545 786
22 885 442
158 216 891
647 316 532
851 249 578
252 867 607
878 858 753
334 710 486
550 213 124
422 171 480
140 229 422
589 27 31
355 753 247
98 333 377
0 297 883
688 767 369
71 570 265
686 320 243
644 47 348
806 30 716
174 724 353
538 586 758
195 949 667
77 286 610
913 333 667
482 950 105
470 699 99
303 56 404
249 224 906
211 20 859
136 57 194
9 761 626
529 616 385
415 18 31
73 461 122
347 120 329
182 179 343
189 761 900
516 587 755
757 38 899
707 569 428
634 651 849
636 284 687
705 14 400
584 589 731
295 683 116
297 726 638
890 218 276
930 308 953
355 780 278
151 552 931
146 881 226
250 210 727
953 49 619
908 25 114
41 292 662
500 309 875
533 633 736
487 548 957
919 473 33
112 226 839
807 521 637
746 302 76
483 431 587
399 379 877
189 807 628
905 489 181
601 287 809
355 763 201
566 706 231
424 598 2
834 956 507
589 491 753
423 379 842
826 55 761
292 788 837
41 779 784
858 182 573
810 409 530
60 29 923
746 625 333
323 534 910
884 646 485
992 32 402
893 764 614
480 507 64
349 230 736
510 805 770
595 451 520
239 912 981
462 746 264
331 504 734
982 5 196
597 313 213
414 414 770
840 407 796
702 789 720
252 254 769
303 698 589
28 126 167
815 197 991
436 614 206
896 259 475
113 930 347
14 941 511
88 625 579
945 521 315
270 972 702
113 901 151
295 523 103
505 394 333
589 11 542
113 971 216
245 588 586
171 707 184
638 431 309
855 860 215
792 221 884
45 626 72
641 90 876
713 116 350
324 125 35
474 315 577
257 460 469
219 20 391
496 31 202
576 358 351
716 206 365
249 322 832
388 278 788
891 351 850
39 935 54
949 260 218
346 111 104
210 497 307
632 462 269
981 783 883
683 164 522
928 615 731
62 748 326
683 372 245
640 729 118
563 501 903
553 12 759
66 48 365
369 205 210
767 679 502
854 653 468
435 700 985
59 941 328
765 598 778
114 520 988
787 661 339
705 935 805
721 185 753
253 419 104
371 314 125
202 956 463
762 943 210
725 230 278
200 222 915
787 575 313
659 355 392
685 462 214
258 732 751
9 498 298
557 69 356
514 822 986
799 38 73
831 725 725
405 210 281
197 817 842
265 579 148
819 94 77
283 633 55
7 32 924
826 282 866
201 351 674
883 500 913
913 983 345
24 282 571
633 341 979
732 277 140
509 220 191
727 710 834
423 213 815
420 670 87
864 731 677
578 538 230
565 377 791
411 321 931
421 537 163
140 74 9
776 860 12
549 452 535
140 81 102
819 929 209
580 978 416
272 112 815
876 562 294
630 150 953
860 249 181
791 272 61
826 901 283
767 638 621
694 172 841
666 462 75
42 21 273
487 518 22
58 520 493
538 200 133
251 555 317
909 143 796
231 16 891
653 170 108
379 214 39
139 431 321
441 790 564
545 857 275
786 481 485
45 135 618
62 260 671
968 909 947
312 468 166
919 129 669
629 47 678
55 726 326
513 796 543
707 778 504
553 610 90
88 195 959
633 545 83
323 725 937
113 132 235
761 356 586
905 756 838
695 936 951
258 883 577
872 206 77
831 285 776
799 304 894
153 729 852
706 616 894
282 384 791
322 496 165
231 51 585
771 532 514
426 935 7
925 481 702
408 697 939
801 714 388
601 246 182
420 138 173
348 442 902
538 281 678
636 456 700
91 853 387
136 66 114
177 587 402
104 35 68
40 98 53
494 541 162
166 173 732
116 437 389
676 529 679
741 460 788
707 539 456
264 258 435
842 786 382
454 101 671
52 313 85
927 156 884
77 833 572
779 699 516
381 203 290
367 742 141
996 956 995
19 999 99
648 377 163
849 143 961
100 623 891
160 509 372
488 733 204
631 933 251
51 684 659
809 694 579
432 997 431
830 684 130
103 697 37
729 172 875
755 615 131
236 939 486
260 307 157
795 743 332
216 780 726
704 335 434
978 529 998
729 638 914
785 940 644
654 666 365
767 507 923
352 242 357
651 779 60
955 839 257
939 120 224
3 205 491
43 796 960
503 445 270
797 578 350
631 442 889
111 336 52
987 545 928
177 547 785
25 843 595
523 38 904
634 236 68
879 663 228
883 370 762
586 194 977
290 89 847
900 650 246
963 851 364
622 735 607
342 424 207
424 706 198
792 190 359
144 328 362
133 600 638
502 913 353
381 419 434
141 821 254
582 657 15
43 522 927
774 157 554
941 814 832
551 810 705
864 355 277
994 399 349
278 26 541
285 531 582
297 682 565
185 379 665
459 313 441
597 966 60
701 792 47
864 301 837
44 399 895
704 991 767
845 570 692
668 218 459
64 491 112
904 758 954
54 913 230
160 289 168
280 262 311
534 800 724
392 963 690
756 491 125
368 291 265
710 449 119
527 888 685
306 116 656
730 389 235
117 359 579
604 636 722
696 825 570
348 357 492
674 110 585
967 455 577
644 675 401
279 971 782
113 163 185
45 75 844
505 141 916
79 644 21
254 565 331
250 484 862
265 399 609
890 306 305
405 369 531
846 242 997
962 680 421
130 237 543
514 837 255
879 292 776
679 708 79
716 523 640
440 667 854
840 638 206
934 860 986
29 144 577
177 988 598
231 828 884
651 556 684
12 676 387
923 29 933
96 788 952
352 424 600
847 628 910
854 620 880
839 497 502
132 549 831
63 985 4
279 933 718
289 180 161
687 533 66
399 119 861
207 765 359
976 697 119
151 443 516
688 154 273
543 640 653
61 544 422
667 642 9
882 532 311
359 397 580
393 748 631
345 747 262
889 191 638
516 800 390
575 994 225
356 789 969
766 694 80
108 695 456
773 253 528
581 75 219
562 329 729
655 587 378
321 58 718
281 182 346
258 734 282
163 959 625
300 43 561
192 969 67
366 340 613
857 318 249
776 282 472
806 363 317
932 545 385
761 730 561
181 812 303
552 646 109
634 219 383
944 570 579
61 377 947
640 199 789
615 48 829
28 418 784
929 541 261
798 954 548
660 202 257
470 626 281
570 422 49
93 492 969
512 890 39
730 543 907
383 1000 290
243 344 197
868 468 123
932 134 24
302 360 604
372 430 783
468 967 60
182 797 244
855 228 902
946 117 646
963 861 479
584 535 950
876 543 486
173 767 179
621 407 134
224 858 500
232 420 416
419 686 570
621 14 66
220 203 199
741 750 188
813 857 819
191 560 108
824 538 999
510 926 159
678 520 331
275 717 164
304 689 709
460 574 891
274 932 435
43 576 331
965 454 865
946 976 656
460 733 634
857 698 322
38 359 409
48 262 889
569 696 900
358 354 470
286 528 801
910 736 928
523 695 634
527 175 674
137 842 694
979 379 399
877 530 494
134 804 148
148 508 601
490 20 486
844 622 562
702 76 982
849 588 814
900 851 230
39 81 233
287 626 233
658 173 916
86 815 964
233 150 198
91 507 350
284 217 481
789 21 866
300 599 303
466 438 467
323 44 676
837 914 950
68 407 187
534 522 116
327 732 938
67 596 326
554 973 606
784 270 161
211 602 803
156 811 1
199 945 434
293 537 350
928 435 439
992 472 803
209 327 293
471 414 627
863 523 260
332 21 934
765 775 287
41 825 360
568 816 207
60 330 433
251 832 99
517 702 192
2 458 190
415 321 237
775 395 505
526 3 335
94 900 952
485 349 330
164 257 321
254 320 373
344 164 795
82 615 692
978 279 453
140 801 41
856 967 743
411 474 925
197 977 163
433 999 925
147 47 187
395 670 840
859 673 212
253 312 212
163 30 699
673 751 473
990 744 685
149 612 292
509 316 625
650 345 72
529 664 223
488 501 179
186 725 312
992 608 290
225 20 417
441 397 219
339 185 282
714 758 237
251 27 738
372 854 62
0 417 236
447 536 782
654 432 544
811 238 363
317 342 281
564 301 525
300 985 325
539 555 110
404 686 259
840 797 595
633 840 83
361 431 701
368 569 505
268 294 881
147 836 37
661 611 541
556 77 845
544 366 103
755 606 53
401 341 678
246 813 311
319 554 923
904 29 268
45 566 916
654 185 238
575 148 151
914 856 71
801 516 934
630 850 996
311 496 883
463 96 916
751 542 82
598 589 974
644 451 377
781 757 355
862 558 587
510 130 529
445 745 983
119 989 576
921 947 566
217 937 844
794 303 327
69 145 858
847 54 566
102 878 123
850 779 703
399 260 884
448 133 696
359 285 676
702 706 173
820 741 359
312 734 801
625 218 818
661 346 860
477 849 104
543 502 438
550 548 959
594 859 862
439 456 407
488 489 819
113 409 586
292 9 135
983 956 982
347 896 437
314 391 89
349 834 22
327 958 796
467 105 423
913 173 55
614 649 309
651 891 967
45 88 925
257 100 182
347 239 830
834 406 570
850 302 355
206 772 663
916 594 99
117 562 971
700 234 82
683 173 407
445 361 781
456 820 190
85 929 628
645 784 735
830 781 813
353 421 292
491 640 217
598 751 109
270 69 582
604 458 967
954 312 484
296 155 387
365 303 844
883 882 269
374 654 196
67 861 78
117 719 102
14 300 898
843 117 631
494 84 613
862 451 306
446 835 539
669 49 580
257 476 766
753 189 138
847 676 387
520 595 652
783 119 595
529 560 413
795 725 50
377 250 722
407 432 832
45 832 617
576 875 918
479 370 78
740 245 302
753 722 551
402 47 210
852 599 521
558 514 220
618 722 531
73 155 981
595 268 678
112 48 581
507 411 378
750 24 495
352 29 614
308 75 210
218 493 280
911 518 82
871 271 515
816 665 473
263 836 166
391 187 734
223 228 106
281 49 243
244 576 786
858 614 409
179 187 21
601 667 979
369 178 312
404 666 754
965 13 728
945 289 893
374 828 892
482 420 638
55 40 197
968 809 493
550 214 491
4 537 344
264 921 844
270 909 519
369 479 473
990 909 784
851 814 131
173 428 323
54 821 362
936 207 849
24 530 251
840 418 948
9 389 904
438 201 108
579 306 323
805 539 595
637 171 549
622 400 305
267 297 770
228 329 486
877 882 397
558 979 844
291 998 840
340 596 786
771 601 522
973 524 809
199 271 528
33 908 131
393 69 921
963 570 233
436 997 510
98 191 886
859 377 890
887 469 130
4 14 109
365 37 238
347 824 14
202 38 21
351 585 929
484 836 133
727 914 183
873 845 643
34 790 632
528 778 795
809 480 763
719 786 180
575 208 410
727 829 288
285 234 649
562 211 843
545 350 51
495 286 396
193 797 789
12 995 132
698 189 688
729 295 711
282 740 722
690 545 972
683 747 397
186 674 507
69 207 676
775 127 381
856 311 516
719 246 241
851 580 274
190 413 530
672 86 865
855 288 168
161 423 380
892 505 539
824 975 567
451 182 823
241 435 525
676 476 968
353 760 915
307 116 257
906 597 799
805 189 550
450 363 705
990 264 690
531 857 789
193 457 654
487 641 274
788 676 561
8 943 249
303 556 915
470 682 793
976 784 497
288 18 587
726 892 270
100 487 602
752 10 474
850 980 648
660 222 403
432 634 77
857 725 226
697 210 703
281 462 696
339 638 968
70 935 471
509 938 548
339 846 951
59 755 861
545 953 913
685 504 297
360 383 306
135 333 904
314 334 439
375 298 179
502 140 317
409 953 908
908 844 291
887 98 620
938 82 446
486 766 804
843 477 44
672 766 668
432 574 647
536 174 785
642 530 23
913 150 396
45 289 231
444 996 496
923 276 287
181 101 123
914 486 872
608 80 731
372 868 83
776 786 86
103 516 746
803 1000 453
782 772 884
750 499 603
550 548 499
572 673 345
957 982 942
832 525 74
911 316 257
168 210 818
184 443 341
939 618 763
991 215 235
656 934 467
262 693 713
201 858 1000
336 194 869
76 613 29
887 749 613
939 459 42
479 251 527
119 286 644
498 636 165
327 583 954
296 901 160
949 258 305
869 491 778
177 975 781
536 700 879
286 484 737
892 993 198
706 7 325
227 111 509
557 11 852
754 81 63
316 688 551
233 448 613
812 295 663
168 716 524
800 908 643
357 5 548
212 188 362
953 624 798
384 248 671
175 788 144
895 503 427
885 133 621
442 54 470
618 235 212
959 1000 640
208 522 51
758 918 714
373 951 272
362 683 150
725 92 203
43 967 819
529 6 831
21 104 832
920 560 997
565 261 649
935 464 868
908 722 848
981 952 936
265 269 75
792 364 770
395 276 348
260 71 866
634 412 582
684 652 512
230 75 830
625 54 648
154 94 935
87 859 631
519 665 452
886 988 422
233 649 390
646 688 826
494 978 739
552 105 122
342 732 829
69 462 638
202 194 263
445 786 671
221 437 392
86 559 655
467 731 97
995 195 822
257 912 394
300 537 436
96 25 712
785 749 846
43 879 558
905 388 628
141 120 394
401 695 398
533 415 118
952 229 986
516 357 484
538 917 883
281 742 224
553 558 838
98 803 945
221 862 891
742 446 107
764 262 764
273 721 537
782 94 868
388 546 943
584 756 444
820 762 370
465 550 535
745 141 95
9 885 840
660 568 677
340 233 306
868 27 94
437 702 897
888 254 298
386 654 503
697 618 117
79 126 19
781 47 702
649 272 258
880 567 960
968 151 541
10 559 83
204 394 932
203 116 559
273 165 792
483 27 333
462 789 297
179 703 950
953 950 717
622 803 465
846 591 646
105 63 348
555 384 206
128 584 490
111 754 717
714 923 299
199 314 156
903 85 324
378 313 736
221 300 156
222 968 365
403 541 797
510 490 140
135 172 561
855 371 487
137 204 305
286 488 666
35 598 432
994 403 123
224 841 434
76 352 345
2 410 390
299 466 802
503 26 76
802 562 522
911 502 378
863 980 42
906 361 936
477 808 616
306 16 460
186 1000 123
81 375 453
45 896 748
532 148 204
838 1 919
482 652 694
968 608 76
334 430 74
546 585 879
412 659 886
458 45 936
712 675 634
886 358 202
232 942 937
656 206 689
50 390 282
277 356 120
593 51 897
481 80 40
151 647 844
449 870 942
644 893 109
943 913 805
662 935 854
872 989 757
22 702 205
58 487 381
229 939 332
437 838 88
126 39 314
150 997 450
769 353 33
894 457 983
218 612 511
52 387 303
520 841 152
266 990 467
979 517 104
434 851 132
277 664 958
593 262 960
695 409 737
982 812 210
528 166 507
476 28 917
307 504 59
45 435 667
599 646 510
112 891 320
902 430 337
828 399 256
315 763 92
162 75 701
715 884 478
311 686 942
42 53 842
877 314 392
940 215 872
96 974 271
938 743 512
527 116 49
344 172 657
638 415 464
950 89 926
831 285 966
320 256 593
318 781 832
459 9 799
539 93 309
171 415 157
344 718 799
895 43 610
485 506 161
242 741 527
223 0 959
982 45 526
272 876 672
487 187 376
362 813 75
381 553 952
621 935 527
75 694 172
521 14 978
461 26 517
134 11 127
650 74 675
848 765 100
316 251 721
763 989 194
579 219 712
576 994 750
728 157 712
461 195 902
490 178 688
104 570 86
305 452 119
981 783 982
13 492 980
626 772 528
149 627 261
579 991 657
829 212 295
937 619 944
252 874 636
751 666 248
228 604 795
134 27 337
163 187 844
79 283 213
893 472 185
578 957 122
375 849 29
223 252 852
759 467 372
815 82 510
441 701 101
854 14 735
868 679 880
246 257 816
731 105 60
696 899 897
621 475 440
726 977 695
612 413 543
588 925 891
1000 603 361
128 388 928
53 11 514
85 729 488
587 688 78
542 423 25
117 524 586
893 133 827
391 110 851
232 478 621
114 981 57
716 802 988
531 107 490
406 927 511
1000 363 870
999 405 461
342 244 954
849 712 69
895 710 426
523 328 455
52 921 914
810 854 141
664 15 997
284 863 764
114 138 592
751 24 608
22 449 194
584 90 690
957 420 906
550 392 864
124 762 589
321 284 125
942 22 561
602 980 776
523 960 379
947 102 806
587 933 850
470 605 248
805 894 796
637 479 641
340 449 207
511 339 127
314 624 756
932 640 57
515 496 605
244 637 500
260 498 356
10 120 538
497 167 540
391 160 417
432 712 203
518 718 940
621 389 495
40 411 829
728 325 952
166 150 284
546 463 236
448 766 573
996 781 697
179 321 214
578 155 278
894 450 705
19 621 180
549 775 674
836 361 473
597 941 561
235 656 130
155 530 462
41 849 38
491 526 639
387 31 343
813 728 309
884 382 580
500 86 433
932 642 716
910 249 112
846 425 338
422 967 509
139 814 206
746 85 852
129 512 91
168 670 86
930 634 26
477 972 293
471 506 565
644 528 363
59 236 30
527 715 435
811 426 693
323 426 766
238 767 913
716 523 167
472 536 712
756 467 548
658 58 259
750 114 915
341 146 521
849 941 200
472 552 943
149 717 273
887 438 431
916 741 799
242 732 724
509 371 376
526 608 335
672 919 189
386 392 554
19 2 398
481 585 39
852 693 23
753 433 241
202 508 420
655 42 332
907 297 488
732 840 224
95 521 743
214 501 353
721 191 752
533 908 473
382 619 877
838 84 184
74 560 264
776 82 420
434 853 425
918 25 796
608 540 843
859 414 61
57 901 148
428 531 167
431 417 422
985 497 381
418 450 812
23 804 654
595 855 814
583 486 370
29 792 798
611 23 654
76 489 269
616 796 408
829 337 252
630 33 798
880 598 956
658 80 636
485 702 55
429 642 460
399 684 745
802 854 251
972 300 607
725 415 55
972 522 331
98 845 877
265 45 472
362 748 521
48 51 176
123 98 918
213 149 345
773 87 332
674 129 371
504 205 18
195 950 832
130 623 435
260 229 461
708 339 399
867 712 799
562 185 450
506 666 851
420 292 45
400 687 657
315 224 542
964 896 487
746 23 482
849 578 15
924 924 851
258 250 236
644 239 63
156 115 656
904 618 43
584 198 11
362 526 837
165 226 566
532 819 930
216 765 75
451 277 625
12 297 336
8 705 202
156 34 971
205 422 29
745 574 252
713 83 760
184 946 987
946 795 125
484 276 147
880 59 853
526 400 182
918 9 530
35 642 966
156 672 608
129 563 783
539 195 496
398 163 250
613 719 302
318 691 278
467 280 760
558 656 814
568 143 362
410 135 785
985 574 494
50 302 402
785 120 726
992 541 319
628 602 27
335 535 101
502 876 862
76 898 688
802 900 324
228 830 223
31 836 819
425 336 471
735 884 988
278 362 63
717 365 237
376 800 517
494 287 47
351 833 960
330 132 374
65 859 476
757 438 870
815 456 891
409 376 435
787 399 619
497 59 906
100 660 672
269 642 15
25 124 372
266 34 626
987 832 741
850 139 752
932 203 655
643 860 571
472 956 526
912 31 931
444 802 354
628 750 401
484 132 560
459 2 796
807 752 38
358 396 975
780 359 82
497 193 123
34 570 381
229 120 68
895 177 751
505 495 829
469 820 259
304 33 256
719 315 157
252 250 935
79 35 485
762 826 606
777 752 472
927 140 559
6 196 589
472 762 506
60 610 755
427 608 993
731 335 245
860 473 988
808 32 115
984 665 151
55 286 346
577 128 619
769 999 146
877 60 324
709 676 249
6 875 254
290 169 14
629 325 782
144 99 138
779 215 178
124 379 197
486 10 143
181 587 918
216 726 542
940 506 556
390 618 833
933 658 966
753 269 661
259 688 642
1000 683 709
141 872 361
356 953 737
875 445 25
690 40 500
878 137 394
862 285 474
588 293 924
72 874 240
963 972 752
335 869 505
876 246 327
853 793 283
489 389 631
205 735 22
398 181 776
850 995 418
108 988 478
435 442 293
673 968 93
394 553 796
847 352 991
336 798 191
432 72 375
825 286 296
636 991 472
107 112 313
346 281 307
713 605 641
702 94 509
103 914 705
77 159 307
349 536 252
206 18 730
890 996 357
308 214 217
125 198 467
560 571 615
317 92 500
391 609 114
741 522 352
456 461 12
674 349 47
666 348 440
19 594 414
395 492 251
827 507 155
393 561 328
635 632 567
29 352 529
808 757 481
887 618 707
895 455 205
610 786 562
166 643 239
617 209 193
67 671 43
180 893 972
919 400 976
776 543 264
418 755 966
880 33 855
708 943 774
461 673 25
169 887 381
315 430 779
480 843 672
91 816 496
596 43 778
171 358 606
998 390 662
734 642 652
902 802 812
108 503 456
878 216 417
551 115 307
155 164 126
781 963 157
607 415 292
535 440 213
572 845 69
796 595 610
664 417 293
54 249 74
580 460 54
916 102 736
358 860 291
987 409 374
136 328 11
138 310 656
476 251 920
834 909 905
234 289 771
699 702 829
605 493 843
293 591 959
646 291 642
64 80 548
426 452 402
345 722 37
497 669 992
899 422 95
254 693 632
610 115 142
820 227 598
697 308 66
401 206 193
721 450 528
409 134 757
446 113 27
738 722 770
536 695 593
815 472 46
916 855 668
719 684 668
584 921 422
580 717 854
258 95 920
691 865 980
761 7 458
407 293 54
705 937 503
1000 601 78
283 686 848
358 529 792
431 663 302
145 240 1
960 6 229
358 790 939
13 40 338
949 752 488
908 710 27
760 152 614
95 621 520
866 523 748
954 542 201
704 805 787
542 93 374
48 815 11
616 88 578
40 60 641
278 910 959
676 171 593
759 292 848
591 649 617
488 151 520
914 319 999
416 199 942
499 20 125
305 358 236
396 156 455
310 766 424
767 238 99
381 607 503
875 25 81
425 317 630
142 680 430
232 541 791
890 497 626
333 325 732
616 591 960
738 913 169
401 583 219
608 329 339
225 109 419
186 374 949
951 638 326
980 874 264
673 856 704
509 100 860
433 66 524
53 489 599
635 558 146
171 927 574
613 420 414
960 8 744
315 894 778
976 787 733
529 198 951
393 75 405
467 91 773
63 727 337
178 95 768
886 839 656
543 901 938
984 214 716
48 33 750
41 301 260
291 230 57
695 833 547
724 47 159
654 195 762
268 409 512
6 930 738
159 93 91
27 995 232
835 552 614
67 380 697
259 246 907
122 307 253
844 891 221
494 742 430
218 863 184
647 266 646
72 745 185
10 358 6
254 478 40
228 788 289
481 618 623
947 550 748
68 443 72
658 518 280
594 142 912
486 264 126
309 203 464
322 537 390
895 55 899
587 863 882
403 76 992
809 133 199
511 82 655
657 941 503
678 814 960
663 248 161
509 754 356
207 627 807
529 115 996
979 232 787
791 322 862
116 592 194
143 236 591
517 359 214
39 957 260
342 476 480
815 764 450
527 42 979
99 982 973
284 109 228
418 918 317
382 480 754
56 140 375
343 234 971
818 723 933
707 553 806
154 722 508
67 6 132
685 843 334
932 197 31
106 603 40
349 505 756
168 329 206
718 975 490
234 604 871
485 992 330
115 724 583
354 689 412
978 446 684
991 678 992
548 941 279
621 498 640
416 927 956
75 671 475
973 748 156
764 537 757
118 217 305
183 698 490
795 511 928
29 44 919
451 199 162
789 991 100
637 635 186
984 677 142
832 899 336
206 812 324
379 895 166
806 603 730
971 24 12
388 214 645
589 92 748
374 538 325
894 809 674
373 741 803
421 575 124
462 625 503
448 689 84
90 529 229
861 112 55
818 248 734
223 611 139
94 630 754
731 632 114
44 390 882
993 144 853
869 433 912
354 468 942
965 618 995
700 246 257
946 247 878
502 986 832
857 660 482
873 80 977
384 739 212
565 869 638
107 640 235
613 372 126
614 808 540
685 771 45
54 377 201
888 869 736
129 81 106
641 484 500
681 441 53
289 72 835
968 941 183
651 398 936
438 602 299
822 191 625
278 428 767
231 496 326
716 495 734
76 584 915
997 23 694
949 816 511
690 4 11
161 392 862
311 422 321
324 836 403
18 79 564
54 406 455
659 564 322
507 601 349
413 912 108
276 390 36
489 149 810
306 975 481
281 426 191
422 457 463
752 173 8
474 329 602
894 459 557
853 292 811
563 552 695
773 762 712
167 753 211
924 287 512
851 579 859
208 475 505
726 517 583
274 544 255
394 231 476
634 0 732
691 557 90
953 687 901
159 870 946
506 955 517
477 920 836
924 909 212
90 323 113
841 912 778
525 737 151
898 124 712
185 167 576
743 358 704
56 537 42
988 172 932
418 686 841
543 510 151
864 35 300
546 633 101
650 644 414
979 816 677
521 909 637
183 714 412
288 821 311
441 995 626
243 41 69
257 180 595
211 840 11
368 503 5
182 616 457
948 510 452
42 820 55
472 110 420
768 479 694
802 234 260
895 196 920
206 343 454
245 282 991
651 481 75
935 38 747
229 853 3
361 766 905
500 915 359
399 742 588
458 712 620
575 200 957
690 143 653
485 114 593
29 852 591
770 611 89
315 877 32
592 889 444
494 953 80
906 854 529
924 190 362
537 131 709
895 549 331
193 829 582
599 163 322
500 944 856
668 488 601
143 893 85
514 207 243
428 445 435
256 172 411
406 720 133
538 488 610
811 257 297
418 419 729
146 670 549
685 846 908
458 135 472
166 389 577
182 164 602
900 596 173
341 361 133
904 258 863
669 434 280
989 742 978
517 277 912
721 107 902
928 167 17
912 661 3
280 610 164
583 340 192
249 237 729
782 36 758
901 396 19
854 569 935
197 513 512
168 548 202
355 299 650
489 636 719
958 101 90
907 917 933
958 910 677
700 800 863
752 105 777
35 550 629
427 904 549
365 319 281
12 174 447
513 423 140
595 203 621
880 362 514
458 581 278
38 839 811
583 682 983
980 523 139
354 269 372
667 624 12
822 468 928
471 609 617
855 552 335
272 870 872
591 935 436
139 887 226
234 661 775
524 109 970
933 879 790
197 753 366
263 602 771
694 138 571
356 206 630
517 589 799
988 148 158
516 976 48
473 314 414
854 806 64
349 870 704
109 605 323
341 876 848
461 371 381
8 315 829
661 275 635
125 877 603
541 769 142
31 791 773
849 894 497
579 95 341
451 989 396
717 92 830
439 36 933
124 974 62
890 266 55
748 424 572
620 244 90
111 330 837
803 998 911
351 924 824
388 589 396
350 389 653
236 505 372
561 506 592
335 662 493
24 607 217
320 912 638
28 854 409
264 244 303
136 253 346
317 756 789
918 456 516
952 702 919
135 320 39
305 394 394
107 216 334
2 131 550
156 753 768
264 212 107
944 83 502
884 472 276
263 606 918
667 668 448
553 137 596
886 108 40
14 341 590
141 730 127
250 976 598
531 938 175
457 209 714
653 404 308
672 659 248
449 156 498
183 715 502
565 773 514
577 690 999
952 777 594
898 513 247
400 604 706
984 307 532
907 761 924
386 209 97
200 873 224
375 202 680
934 460 747
854 125 111
719 462 4
345 122 891
708 14 24
126 644 211
676 171 825
529 623 660
147 933 77
15 252 280
676 96 642
225 554 318
23 907 121
493 709 693
382 705 531
281 330 585
833 211 624
938 593 972
67 436 288
912 523 28
500 510 666
492 806 961
167 163 236
716 47 351
532 43 177
129 780 171
623 657 822
849 509 16
330 70 353
701 870 600
923 160 628
916 213 483
489 229 971
467 786 436
931 154 246
612 288 586
474 168 441
238 396 794
409 624 903
570 639 748
152 838 670
809 740 50
777 401 239
659 918 963
124 273 152
139 629 85
671 523 813
189 930 491
836 813 272
347 870 646
340 801 970
82 928 96
810 606 991
298 36 493
204 461 845
801 835 473
117 298 607
183 756 613
273 352 449
701 379 267
332 665 735
265 660 282
275 4 230
615 179 207
589 65 666
991 284 320
472 67 299
705 65 680
987 543 500
657 955 487
565 628 834
466 48 852
1000 438 643
894 423 646
91 810 2
585 496 557
756 418 970
309 9 457
230 543 544
468 949 768
47 798 228
720 746 605
127 209 789
559 589 148
402 992 672
935 860 7
454 596 404
711 872 953
386 550 899
182 65 587
779 853 950
387 94 686
51 131 109
529 744 338
616 720 475
492 127 340
921 710 313
984 879 982
368 339 772
706 21 660
182 348 387
625 239 776
624 428 943
109 15 625
273 795 8
777 729 776
631 413 211
808 838 77
933 344 112
395 962 346
688 844 392
366 917 474
458 959 993
988 95 673
483 57 251
92 570 648
150 323 180
992 746 376
949 316 853
451 489 512
819 29 226
151 821 457
874 183 841
544 330 727
200 538 646
952 985 171
907 342 157
641 904 330
322 730 434
575 190 474
378 157 597
399 119 810
2 496 248
57 344 974
109 39 855
574 913 181
586 727 175
886 921 29
826 562 45
814 966 72
234 214 71
401 306 458
749 867 241
221 831 185
984 30 249
641 352 823
906 31 163
906 105 186
791 514 959
342 1000 402
304 338 347
319 466 407
737 579 761
93 936 345
659 882 932
575 85 927
362 279 659
664 674 183
124 510 565
719 739 786
753 536 447
311 169 85
503 62 886
821 662 750
194 926 24
252 562 324
129 330 706
298 282 958
47 311 402
941 224 927
368 471 393
681 360 776
71 93 222
410 907 591
548 211 177
401 367 455
970 892 303
576 176 303
996 633 395
151 588 501
827 996 394
952 463 360
920 161 571
609 196 419
665 21 427
704 245 944
888 338 592
913 839 497
934 631 939
816 393 637
126 57 613
822 744 995
362 970 319
532 741 906
289 954 522
888 762 611
11 589 398
896 584 956
912 645 622
48 33 839
903 542 809
201 603 643
85 903 326
327 946 845
464 118 613
703 737 520
495 301 432
462 234 559
778 83 379
683 110 232
198 41 424
375 705 784
821 185 787
438 591 981
533 62 380
544 875 504
938 960 816
402 671 118
576 655 265
526 173 537
241 505 902
310 443 52
634 384 239
551 646 391
379 265 414
676 229 15
981 958 869
686 918 243
873 766 61
660 989 818
42 200 533
674 233 253
277 257 320
511 614 135
319 761 718
622 879 45
532 792 65
273 275 859
735 131 711
609 789 653
457 640 446
122 39 652
927 394 431
995 94 883
501 110 121
593 375 910
982 265 129
66 888 753
300 117 0
872 347 99
52 183 735
575 201 555
179 353 683
579 966 572
687 813 305
987 205 695
607 150 885
220 326 400
49 992 72
838 433 17
212 637 950
931 538 129
306 959 822
488 510 2
593 546 363
50 744 629
900 48 898
843 978 794
325 904 392
229 950 685
10 667 942
565 973 451
125 975 205
985 159 566
587 245 410
453 307 267
729 812 858
496 509 375
370 792 757
874 0 557
237 998 95
649 817 195
302 81 395
223 243 938
494 520 944
51 887 185
81 781 834
259 788 372
23 763 675
248 944 865
903 303 744
703 239 600
860 709 214
693 109 143
509 794 95
553 453 227
751 149 909
419 613 59
188 913 634
592 828 413
578 766 968
52 568 191
74 188 159
290 947 802
113 882 539
148 439 886
110 334 290
415 937 211
471 379 548
398 760 589
186 918 453
367 629 510
368 709 536
432 76 401
413 2 664
76 816 995
993 533 522
738 39 905
963 664 800
338 641 878
303 933 523
123 882 622
40 134 444
659 878 904
140 520 769
457 919 209
907 555 179
952 737 81
54 774 157
826 827 255
772 35 370
541 352 176
634 481 336
912 720 808
469 633 256
359 73 500
62 656 792
793 784 961
183 51 366
236 884 317
754 20 300
590 526 694
449 693 738
979 363 865
233 516 861
3 286 503
623 553 244
962 202 775
324 2 879
548 586 347
270 921 799
965 737 812
501 350 362
687 36 114
656 496 298
702 970 487
851 722 827
643 548 926
867 615 786
912 406 580
678 910 148
509 632 819
0 136 789
730 96 708
252 742 678
734 647 17
916 628 132
102 608 227
339 592 27
664 718 628
30 666 17
972 460 1
861 390 740
314 408 962
592 176 460
884 96 284
594 494 260
29 321 133
911 593 397
941 227 664
228 181 736
903 450 485
562 895 999
695 66 646
21 865 902
125 937 179
154 381 498
514 794 938
232 30 274
98 606 881
698 937 715
545 824 87
190 848 512
252 402 248
339 129 316
79 416 660
461 382 673
521 245 254
783 480 204
723 166 810
796 868 294
926 985 804
282 88 290
834 958 26
572 695 164
867 311 324
308 638 392
563 433 453
53 690 239
882 151 257
238 739 438
449 894 602
682 27 91
356 801 428
978 463 909
597 944 357
465 277 332
636 29 265
161 85 57
678 358 917
954 871 101
34 341 21
853 583 405
237 630 493
177 95 313
120 712 511
913 262 384
939 312 671
945 924 329
469 552 789
669 579 19
91 92 245
69 434 119
856 403 577
5 505 189
747 730 53
641 388 561
978 51 707
587 816 243
787 148 719
405 366 150
367 485 890
175 979 699
96 748 71
736 640 242
709 360 688
622 907 401
324 383 146
663 872 167
422 986 52
468 300 355
887 449 886
255 198 530
395 567 27
248 944 596
844 672 256
0 936 888
513 820 566
846 291 615
268 759 138
234 91 379
535 83 362
859 189 862
429 137 867
162 187 136
141 511 711
665 608 677
160 722 81
676 993 605
187 34 236
628 454 507
503 774 781
468 247 726
50 66 331
553 454 710
962 361 892
279 383 547
437 632 214
0 575 457
920 271 634
29 725 287
625 33 54
849 9 287
160 162 110
993 940 197
857 540 406
910 711 645
709 838 502
427 950 676
802 528 484
249 313 210
515 812 893
197 722 77
985 751 348
37 984 148
727 267 313
888 833 819
470 319 778
330 777 410
276 376 641
789 516 144
167 53 763
434 261 156
916 69 880
17 683 348
762 918 781
949 182 302
402 590 310
503 777 313
436 186 887
706 146 970
459 327 664
359 169 613
220 544 705
309 674 760
631 299 494
262 704 317
754 628 549
276 85 769
344 248 91
345 373 691
722 487 294
611 307 620
925 486 244
699 503 734
999 465 258
656 252 355
293 648 233
957 612 538
56 99 938
7 83 847
354 163 217
835 317 854
71 714 227
936 516 774
593 666 264
903 422 943
986 771 675
751 973 897
462 965 815
729 669 249
44 755 80
91 677 371
317 732 622
192 668 633
833 699 562
728 172 917
82 283 972
16 316 174
30 423 701
181 504 58
937 387 392
448 317 91
424 206 438
642 488 286
625 683 330
781 480 665
728 669 834
124 338 774
754 546 439
289 241 430
322 448 383
873 52 90
936 628 458
335 413 173
435 258 90
224 547 278
901 485 7
706 208 252
119 974 522
297 882 196
64 596 106
472 742 598
810 991 596
738 63 630
583 298 462
35 73 522
683 420 810
5 244 522
766 869 866
868 68 626
228 789 701
297 869 614
380 842 524
550 689 593
976 759 11
139 903 603
22 146 580
803 196 429
119 41 625
139 215 974
636 154 741
390 261 847
846 2 815
347 524 387
950 467 103
19 133 177
276 359 719
857 290 926
732 154 286
748 829 227
271 293 817
965 358 468
730 365 801
223 203 107
352 861 589
821 256 104
849 534 356
889 414 88
635 571 682
696 992 459
233 610 830
244 804 915
227 68 522
740 132 954
204 985 794
813 989 458
509 335 81
92 484 277
355 431 161
246 16 598
384 372 683
639 856 72
44 272 414
789 839 189
508 429 0
18 448 481
323 68 570
384 414 476
937 893 501
668 270 446
456 355 284
468 582 969
570 712 847
472 465 938
640 471 157
947 561 316
235 842 832
304 888 382
453 757 637
772 822 724
515 686 267
958 745 941
190 990 221
262 7 899
391 100 76
681 406 276
161 114 104
551 415 743
981 435 924
166 946 171
554 819 507
588 168 454
454 386 973
304 150 819
420 490 663
613 997 563
135 212 592
494 420 651
870 549 498
847 885 136
334 399 814
554 152 414
682 23 597
276 377 451
226 888 148
791 499 601
212 41 139
39 213 37
730 244 180
585 310 495
784 265 416
9 510 471
425 150 208
805 849 308
858 668 399
541 177 886
572 938 235
547 505 98
240 109 904
665 968 909
551 575 884
537 766 396
621 165 570
267 917 193
522 987 766
590 521 773
387 410 868
21 915 320
606 813 181
633 361 735
394 577 799
117 830 138
602 387 334
88 627 282
441 965 502
447 408 361
716 708 886
517 875 188
892 811 159
249 876 912
564 555 771
373 556 550
410 947 753
914 289 337
545 965 451
324 287 206
900 364 281
137 729 796
42 450 242
436 548 800
587 649 550
619 793 740
638 60 249
942 988 112
756 100 465
831 735 823
134 750 869
314 664 411
91 576 737
646 358 349
344 820 913
372 94 115
106 974 54
526 837 775
996 821 779
599 891 107
104 503 542
751 480 605
329 605 339
558 457 370
871 420 393
182 749 293
898 952 446
395 901 572
824 37 846
367 218 544
194 458 687
373 715 619
79 64 634
632 372 879
459 820 380
436 778 541
179 177 779
430 375 646
126 664 477
425 504 981
517 414 552
7 392 741
952 751 835
922 590 221
169 119 558
971 73 875
545 965 489
497 390 167
641 210 833
149 706 904
980 867 511
302 796 669
659 631 908
40 198 301
279 106 607
61 238 18
294 269 929
188 103 838
536 329 238
748 50 923
969 675 669
820 606 729
436 8 605
810 814 454
271 969 295
921 820 772
822 227 573
37 633 580
947 627 374
572 8 266
689 941 121
436 443 407
35 278 520
730 60 767
493 311 847
832 596 259
985 564 490
225 2 645
449 872 446
995 570 923
505 234 227
21 231 286
850 88 59
304 59 320
366 944 548
964 899 828
794 345 123
225 83 667
739 392 776
44 761 875
86 655 205
954 598 554
559 421 798
79 831 166
681 614 631
106 595 878
520 796 490
161 423 161
351 434 61
887 388 13
279 764 749
708 826 334
772 153 254
447 617 911
529 244 312
56 936 80
70 379 187
413 848 705
461 769 295
972 490 658
453 903 403
262 550 971
260 692 680
699 220 405
139 49 600
151 571 693
710 716 188
649 99 774
386 311 800
971 898 685
331 956 695
519 116 131
18 414 271
252 263 11
543 631 187
318 450 848
163 495 223
654 942 796
481 837 899
342 680 468
456 262 904
875 448 240
308 204 528
760 553 491
832 402 230
562 267 397
214 639 195
728 303 538
277 3 966
844 717 637
671 934 553
966 313 225
52 378 174
735 841 129
9 517 790
68 951 763
600 421 668
121 963 385
469 10 282
399 373 560
394 222 909
713 897 87
119 105 183
763 501 253
600 2 433
585 63 788
621 135 233
748 416 406
487 525 762
36 972 259
870 774 239
12 880 971
3 364 845
339 641 569
144 237 502
774 34 320
896 277 501
333 298 838
417 512 975
218 222 807
423 511 492
853 38 787
7 7 822
533 389 1000
990 878 372
389 352 410
945 410 31
959 822 887
228 601 782
62 282 181
306 444 357
443 584 829
746 393 437
547 295 473
773 904 356
956 43 866
300 398 520
997 983 938
283 571 201
317 720 418
900 47 689
724 194 271
201 245 147
97 546 79
976 87 139
29 948 100
263 238 958
625 302 665
946 736 353
488 329 690
108 280 168
184 411 71
163 715 669
838 663 642
304 159 558
442 9 752
154 22 860
258 842 545
726 610 807
486 306 384
311 562 495
318 120 939
4 975 986
39 452 281
612 380 328
991 546 230
382 223 866
101 834 54
293 119 117
685 21 591
226 407 839
501 969 404
547 504 27
162 184 196
178 629 829
436 119 165
433 351 282
72 970 686
452 701 228
530 898 455
325 595 445
533 374 107
758 361 552
984 834 123
224 875 154
121 277 92
822 72 84
105 308 106
88 996 273
743 400 907
1000 239 941
12 335 152
465 591 779
38 452 850
113 91 946
731 66 426
73 866 223
599 255 238
844 11 858
749 980 399
999 447 127
536 218 300
562 272 952
748 494 895
721 660 226
261 958 9
802 354 220
524 46 98
47 585 569
48 512 395
485 718 738
601 684 134
346 636 339
825 559 162
58 800 567
483 257 144
810 785 818
212 346 72
894 786 597
574 668 902
372 297 665
499 221 700
471 519 474
624 401 639
411 459 540
611 78 305
876 536 157
123 760 628
728 345 168
814 429 295
880 233 704
660 728 651
681 61 315
692 835 776
71 525 836
964 250 257
105 393 167
293 595 821
79 180 485
374 615 652
45 800 697
298 257 729
8 674 500
352 42 0
34 634 952
386 838 391
36 924 191
507 156 324
605 645 400
495 366 332
897 207 388
7 781 835
394 71 62
487 146 822
338 815 239
526 894 17
421 344 188
30 555 122
702 634 393
97 190 863
801 314 766
707 843 640
298 711 444
361 174 148
761 190 247
961 135 741
447 708 244
486 109 1
318 568 596
203 135 990
674 465 851
156 833 885
280 995 145
951 624 218
832 402 81
110 314 572
779 469 193
3 917 483
581 770 184
34 697 591
109 760 993
859 975 741
795 39 982
123 848 445
24 98 913
473 751 950
147 951 948
490 766 486
0 543 87
878 141 135
851 113 337
781 669 460
689 224 571
319 873 105
886 7 127
920 794 982
460 702 501
23 787 819
615 377 935
187 994 747
249 995 634
623 689 104
679 26 245
912 477 305
572 750 613
957 189 845
701 392 130
975 612 146
837 942 163
178 77 811
572 152 431
837 528 560
825 994 763
116 966 196
178 735 987
492 735 604
75 499 131
690 84 93
446 151 540
506 953 27
629 689 590
123 558 572
325 35 604
639 49 631
440 966 750
565 924 539
774 340 213
430 658 283
40 799 24
921 859 113
441 375 695
331 555 499
27 934 583
618 895 744
328 652 770
309 788 696
281 538 261
643 544 56
103 476 973
681 322 32
160 507 399
499 428 308
245 742 349
803 401 336
578 850 145
149 329 511
746 201 320
991 21 706
60 979 395
764 787 516
677 873 151
315 514 281
363 99 255
25 295 879
427 207 311
125 898 399
813 618 817
57 90 285
246 51 652
531 189 668
160 28 729
37 936 650
680 745 51
546 716 683
940 698 326
466 94 885
208 252 843
16 212 240
829 505 205
982 824 841
165 731 674
176 979 664
499 669 49
534 450 210
98 873 76
270 51 337
381 434 859
924 760 424
681 792 202
471 510 140
691 815 527
180 738 885
815 962 400
109 33 917
86 482 460
981 195 691
447 467 312
93 502 741
790 496 906
121 345 632
977 496 404
14 667 302
775 450 387
415 727 387
872 170 803
632 957 928
933 553 457
971 841 440
648 684 857
520 523 17
747 548 294
62 55 836
668 79 710
446 143 633
63 486 173
357 667 169
371 109 390
394 583 454
855 682 112
97 77 697
911 54 428
191 473 183
589 224 743
54 818 405
54 139 787
994 579 490
29 763 187
634 880 132
344 793 18
141 124 680
389 867 66
148 621 85
27 667 424
603 120 616
592 303 353
212 142 210
514 121 411
240 406 913
200 248 162
508 751 631
65 311 298
822 418 259
504 794 638
153 838 962
368 549 572
366 425 824
235 835 618
406 409 157
88 893 969
186 83 164
540 528 149
8 471 58
740 613 800
296 345 872
645 773 864
745 716 190
594 701 783
623 643 163
301 477 913
931 577 322
750 947 444
470 404 3
300 987 940
993 379 304
998 797 575
540 893 607
961 957 26
613 730 508
50 480 334
528 343 160
451 212 311
7 808 262
102 491 817
710 818 972
701 589 198
463 110 899
381 351 369
874 231 878
550 914 691
676 354 695
422 176 855
204 525 696
388 943 424
107 820 479
67 783 253
165 208 556
153 260 9
379 733 383
264 423 770
99 365 65
459 214 894
682 432 50
225 566 694
825 5 553
3 585 552
705 37 579
141 825 520
208 747 188
550 738 919
531 751 323
680 84 360
303 330 588
59 534 528
75 623 3
526 517 106
9 172 737
503 671 308
997 336 41
546 400 404
306 347 787
988 270 472
832 436 745
122 561 813
196 186 324
569 968 907
654 734 973
551 626 691
954 973 2
237 933 108
658 156 278
959 934 160
597 843 981
18 248 276
509 166 760
582 470 839
517 749 727
912 350 990
496 376 87
706 423 87
759 978 479
241 750 915
280 240 656
653 880 616
652 778 827
53 675 547
785 903 341
850 175 126
260 198 71
649 845 783
685 376 375
353 416 596
505 747 225
596 195 364
485 107 678
331 893 247
719 578 879
81 723 702
233 226 404
389 282 206
342 121 671
550 601 515
268 763 154
397 481 42
98 300 831
293 263 838
602 253 160
898 685 502
467 50 161
646 963 874
615 343 214
943 417 877
239 44 23
632 230 516
68 826 592
415 816 239
28 676 832
287 521 644
574 689 166
565 745 80
764 910 711
553 745 289
143 491 173
819 880 790
969 35 608
525 937 582
67 622 222
964 11 498
877 926 817
468 472 342
150 722 223
342 744 41
559 725 346
541 834 75
137 305 737
151 233 70
48 226 648
642 292 680
79 571 921
531 664 752
317 611 262
18 442 606
845 619 385
286 872 717
302 580 663
315 580 486
482 116 579
658 640 795
936 324 863
597 475 933
651 452 696
231 867 267
814 195 501
662 229 971
844 149 732
591 248 255
906 460 707
56 258 4
955 2 409
633 443 681
346 900 691
668 233 499
480 750 248
642 792 845
4 512 161
683 383 115
401 195 470
965 792 216
585 98 479
24 500 132
389 438 928
199 923 967
735 419 656
852 779 177
773 899 643
57 117 178
994 591 601
525 107 982
68 441 359
156 661 28
413 659 625
703 841 149
341 658 98
3 161 505
455 613 60
359 245 910
51 999 71
507 378 873
357 320 839
693 1 531
431 707 222
294 490 411
430 365 976
889 619 542
313 825 34
963 536 720
389 823 200
648 766 778
324 129 917
887 931 537
393 207 21
908 86 591
547 845 666
765 378 178
410 758 738
418 471 716
710 370 920
898 550 276
92 505 332
241 814 316
92 278 367
429 724 380
177 529 776
299 802 575
765 129 329
196 381 6
783 695 390
414 361 303
435 990 893
387 906 346
342 161 515
136 845 49
333 196 612
984 88 30
861 346 236
549 413 451
188 349 248
669 610 155
661 920 712
850 807 613
130 37 492
158 844 821
175 215 389
360 155 432
577 822 215
143 251 225
956 221 529
787 674 892
849 392 545
613 903 526
783 473 983
493 306 727
94 412 544
391 203 267
623 281 109
657 35 135
828 209 702
554 320 838
898 506 266
624 941 200
815 956 587
98 600 265
569 474 938
580 632 308
258 330 102
748 727 674
998 606 658
261 578 63
282 380 94
980 601 838
361 224 660
464 115 891
607 77 994
488 536 3
965 686 449
333 60 690
250 411 741
271 334 936
206 340 410
585 893 612
258 329 44
515 744 990
888 848 455
392 14 387
975 301 110
121 129 3
783 161 63
475 692 782
900 64 790
774 532 202
298 447 803
307 495 498
599 256 409
898 201 850
834 704 940
269 885 169
518 304 153
179 402 624
315 982 854
520 814 745
445 65 956
833 775 606
774 229 868
125 381 504
12 509 726
616 532 214
858 770 962
463 567 483
605 116 567
447 709 691
295 601 817
672 316 582
838 588 602
161 455 218
458 438 147
885 653 21
370 908 932
600 754 115
611 909 455
81 261 327
763 277 807
358 110 424
886 564 296
314 143 426
518 945 624
771 173 764
590 332 117
189 162 699
309 641 692
749 862 96
928 137 802
161 413 122
150 932 604
65 545 636
109 236 724
647 238 697
704 761 926
859 619 858
641 715 881
700 835 173
985 814 147
396 197 930
826 324 429
433 87 910
460 242 394
223 395 602
447 283 484
937 291 78
235 909 154
846 925 910
261 563 97
626 556 945
958 242 230
829 421 493
468 834 597
511 702 838
589 932 92
493 370 308
659 77 976
208 678 647
857 116 182
156 274 974
9 971 785
665 312 280
772 517 796
182 342 269
765 584 591
918 698 107
459 139 222
87 212 822
762 139 127
733 695 266
787 313 226
812 443 990
282 164 779
547 981 241
573 968 493
492 798 79
528 172 882
938 645 665
508 192 276
564 988 50
372 763 849
85 7 765
581 474 389
43 832 197
529 985 678
359 814 537
515 735 209
642 82 222
430 203 680
185 221 570
829 153 827
695 44 468
151 531 323
378 39 811
27 473 380
271 534 626
350 93 111
735 363 514
711 446 674
47 854 550
630 374 28
399 624 251
733 145 883
46 570 419
882 103 26
1000 976 686
180 19 302
71 731 615
226 892 472
876 81 555
292 329 338
797 966 66
788 500 232
392 309 816
3 820 92
166 702 91
7 844 993
772 548 920
612 889 882
847 198 729
373 145 769
383 77 198
159 538 918
735 326 417
207 89 573
673 529 706
699 578 298
386 437 689
760 852 264
975 273 730
551 542 149
211 852 522
949 249 595
905 994 806
253 353 570
729 596 280
917 612 61
322 280 936
382 978 311
471 567 592
924 330 846
197 928 859
5 341 213
668 70 387
714 282 935
125 158 183
730 507 236
859 283 876
654 598 588
718 865 25
711 816 63
716 157 314
367 212 881
803 838 149
221 337 728
923 915 322
990 334 651
987 884 471
160 655 736
393 432 358
533 886 726
90 469 174
95 340 454
808 746 347
417 96 303
618 575 64
154 338 328
232 568 771
541 806 464
795 755 527
150 663 978
863 540 481
802 151 8
341 634 789
520 132 662
10 95 129
491 335 643
647 916 139
766 62 100
219 534 23
106 577 544
990 388 23
435 36 994
817 706 419
884 98 489
890 44 169
321 967 130
348 662 266
566 781 71
786 170 909
749 803 951
659 286 341
368 705 865
879 325 49
635 474 823
727 900 352
431 560 913
877 729 362
743 845 349
136 466 885
340 122 102
845 734 164
876 148 595
672 759 854
954 710 453
532 828 704
183 26 448
4 289 658
631 596 241
385 780 433
275 383 524
447 450 329
889 870 465
914 320 894
11 252 748
900 592 945
194 738 49
606 4 26
800 343 641
873 184 277
194 794 371
364 245 122
377 328 277
175 315 164
601 68 125
768 324 485
393 439 105
999 802 780
40 802 875
9 985 226
666 128 710
154 41 813
591 341 907
357 710 705
489 11 640
793 397 415
440 672 628
117 844 959
701 833 778
710 991 280
547 197 768
313 517 911
103 492 516
512 674 88
615 806 256
753 532 870
854 936 887
629 442 67
154 159 222
989 732 158
727 37 995
205 523 772
899 821 916
512 209 274
909 367 563
241 669 42
720 394 423
840 361 789
362 878 942
919 538 639
296 613 787
482 180 364
735 354 452
868 677 589
161 302 905
685 315 427
27 848 193
190 697 673
465 954 195
5 181 653
281 328 964
808 185 631
201 557 3
379 967 800
175 125 675
168 656 284
82 971 110
287 691 454
350 926 417
384 504 721
654 710 386
162 620 127
204 507 833
102 809 424
12 202 205
373 760 508
252 329 782
832 94 908
747 200 559
658 412 736
261 588 546
815 654 647
624 637 547
850 173 238
335 728 153
403 674 412
414 349 942
219 39 437
0 877 814
194 434 985
874 641 608
881 180 631
177 3 678
783 2 965
65 667 541
522 894 552
725 345 572
223 716 46
910 702 55
254 242 391
246 558 217
559 299 590
125 976 655
901 662 757
402 869 357
279 670 609
514 206 755
108 212 68
185 453 157
164 856 809
722 992 216
618 737 12
428 840 551
847 48 77
385 679 288
542 870 339
489 452 398
53 615 614
894 216 224
877 141 401
313 571 554
890 918 564
745 242 788
392 699 592
565 849 603
286 317 523
971 201 799
21 440 149
996 891 909
724 569 351
210 866 925
397 237 756
836 530 274
279 236 676
695 635 301
453 592 664
948 854 997
998 138 348
395 775 12
306 290 70
653 846 405
788 357 995
563 538 186
926 850 806
925 597 534
705 845 104
788 480 715
584 738 157
544 233 602
103 605 151
406 236 522
649 679 779
249 139 703
596 391 756
224 316 667
659 966 875
173 439 800
631 35 745
988 350 91
74 509 297
556 166 212
38 14 214
610 223 324
693 191 343
869 917 146
301 639 101
232 181 106
123 406 593
41 702 60
722 818 919
597 859 805
172 122 813
363 972 15
669 400 136
265 312 206
502 323 534
185 602 428
590 210 333
156 491 243
454 653 27
402 535 875
549 345 750
708 601 186
719 633 663
510 920 856
356 703 28
73 844 682
294 800 727
933 336 627
735 586 109
951 854 698
495 580 872
69 212 435
922 266 581
992 114 448
857 423 715
13 338 32
267 385 627
801 761 291
843 475 467
502 592 577
403 607 128
434 986 526
882 719 652
849 28 22
6 388 31
215 502 119
502 913 889
871 973 529
404 307 431
897 283 60
271 386 870
203 174 27
140 866 921
133 126 855
538 489 909
527 193 442
930 333 1000
321 620 141
219 856 439
520 536 337
161 905 856
710 926 928
46 262 45
817 925 451
78 823 359
35 648 147
89 742 492
297 910 642
585 310 933
258 320 606
676 4 471
617 187 269
81 565 790
443 455 808
537 458 892
17 379 675
201 985 988
71 863 643
532 536 590
917 289 681
208 790 379
592 987 971
389 571 576
47 621 129
255 684 285
563 646 810
719 381 591
931 915 722
307 917 271
482 514 235
666 13 135
872 793 383
232 271 739
0 149 690
838 593 570
515 992 289
621 51 619
617 793 36
24 208 367
449 90 140
980 486 59
179 475 566
444 543 628
567 334 217
925 331 455
666 402 962
531 387 322
7 438 980
739 194 898
375 62 669
310 191 32
359 313 540
772 664 736
982 190 30
876 686 730
439 874 231
54 235 535
146 548 867
102 718 591
54 50 278
361 418 686
184 717 669
39 38 335
482 276 123
264 41 48
370 22 866
174 804 942
919 488 357
439 388 409
667 217 312
939 246 557
458 870 89
651 94 316
334 700 970
576 297 818
977 350 257
110 35 348
149 336 807
937 64 822
345 507 587
260 746 563
610 637 474
12 715 331
949 174 99
234 423 735
926 996 601
507 216 570
999 427 433
996 397 298
877 799 910
200 328 346
868 980 711
307 0 923
340 415 657
419 413 602
737 955 762
229 657 837
215 112 414
568 865 128
85 415 582
976 448 395
377 544 669
574 418 477
903 385 71
593 66 737
31 355 194
525 655 534
836 131 601
751 575 160
835 597 703
841 301 134
410 198 78
571 146 488
660 186 958
41 30 295
922 13 952
741 548 765
771 139 950
173 794 586
278 374 698
562 934 71
557 97 950
928 606 714
642 653 223
730 852 998
522 907 151
406 960 405
190 703 677
45 471 31
572 708 512
631 261 995
488 667 672
750 972 181
610 446 94
358 114 326
564 304 364
338 269 732
621 748 239
839 81 585
492 916 255
999 63 979
65 639 695
568 381 668
58 237 9
937 433 330
667 122 271
916 222 2
722 700 222
342 973 201
827 609 784
916 793 208
885 42 709
200 334 216
340 29 652
853 584 358
116 120 383
506 248 888
653 730 231
810 674 129
774 421 567
567 404 64
572 778 582
302 460 711
216 929 680
948 104 39
193 225 77
958 938 242
491 528 735
767 187 4
868 372 427
56 649 977
363 245 394
807 143 744
468 689 429
151 514 498
238 998 5
97 803 787
560 305 807
61 352 969
853 78 748
623 99 873
621 523 50
31 663 450
904 16 58
304 523 884
188 459 720
298 45 189
298 103 979
43 557 459
68 367 431
337 157 629
701 738 199
328 905 550
760 437 159
861 326 331
65 711 339
420 773 89
187 203 564
182 791 693
717 885 719
293 296 262
670 603 648
127 118 605
786 22 669
495 489 413
973 850 371
623 10 352
995 729 512
80 229 473
58 107 998
413 187 335
358 441 285
10 187 130
154 968 799
299 652 1
10 603 521
23 147 609
379 385 371
189 487 269
818 65 779
392 935 596
950 470 581
297 731 439
905 116 960
423 943 48
103 658 814
473 385 923
39 990 89
440 455 812
2 303 212
720 842 333
382 233 277
332 514 433
103 391 307
771 843 349
958 105 761
714 394 250
262 464 324
209 458 639
228 868 234
362 488 90
159 41 748
255 357 877
791 983 307
365 780 138
395 808 456
859 791 31
461 339 159
885 180 479
922 858 123
48 860 65
630 609 272
152 615 313
250 715 897
11 978 239
427 105 588
346 626 979
8 173 203
166 185 89
106 997 770
698 989 536
349 867 694
873 431 51
171 317 123
821 429 613
219 87 604
989 544 779
807 972 470
81 534 392
117 202 480
22 191 300
27 532 111
755 647 737
958 956 807
211 313 937
557 142 930
221 45 584
101 649 528
83 54 414
327 535 989
801 258 944
571 486 446
44 712 154
140 533 802
365 133 198
585 959 492
283 394 178
847 728 225
519 732 492
289 436 435
752 433 32
818 946 648
559 680 452
443 23 506
761 803 110
792 712 821
284 648 809
350 869 312
367 288 898
888 986 839
511 163 726
725 709 104
299 516 867
173 352 87
755 857 803
404 767 683
452 429 21
382 274 888
201 170 895
502 26 312
799 319 274
376 273 33
210 584 437
908 119 759
254 235 316
587 149 551
891 551 290
85 282 53
548 108 432
252 946 838
355 342 82
755 970 548
688 619 787
974 380 977
862 375 52
937 475 887
627 996 134
284 755 437
30 43 874
22 497 587
689 6 427
409 557 313
461 861 793
918 150 798
383 786 992
313 520 204
571 921 100
608 265 999
286 782 827
819 540 522
267 145 88
985 143 302
438 973 412
901 99 803
766 53 402
806 833 389
240 248 982
784 606 215
439 260 293
200 249 194
46 31 163
304 298 635
942 159 469
155 401 689
656 239 96
461 616 155
860 475 388
711 683 753
229 491 954
137 804 228
868 189 388
226 948 292
908 120 603
55 697 157
120 698 342
211 96 556
274 11 342
932 464 885
229 833 679
244 297 694
358 146 9
47 518 306
488 790 371
624 5 627
145 725 550
25 204 956
147 801 888
928 884 455
803 730 600
174 176 750
1000 674 950
3 716 298
917 442 234
666 145 326
215 962 54
902 997 373
988 260 987
835 980 689
804 400 759
727 429 665
479 254 956
553 2 120
961 211 722
855 187 558
39 799 596
310 756 224
185 866 944
561 130 90
823 480 755
133 658 35
675 527 101
437 353 166
409 501 105
519 289 145
280 290 903
433 746 520
797 816 776
809 293 577
822 552 792
54 964 242
827 505 891
387 633 499
580 450 901
700 972 92
780 396 784
723 550 10
564 241 357
912 767 939
402 542 58
198 482 725
495 667 305
490 692 622
638 565 564
318 362 607
107 519 665
234 37 974
482 832 919
8 438 477
2 918 917
695 630 735
395 572 442
883 540 706
927 882 82
84 118 83
4 516 316
396 346 670
932 983 348
400 428 217
891 141 80
112 836 45
271 354 649
521 785 3
776 118 910
794 464 770
865 299 159
261 967 898
124 337 487
800 292 103
898 336 888
826 799 911
780 399 689
329 671 405
392 661 615
238 957 318
76 249 922
410 535 375
585 3 949
347 809 748
412 368 180
26 383 468
678 164 105
378 930 1
1 909 546
332 140 686
326 116 684
319 393 465
648 569 425
578 811 34
526 613 19
292 215 119
833 440 51
177 16 900
235 577 647
834 884 863
829 270 156
563 575 122
50 269 653
792 590 412
485 907 356
852 723 423
342 193 605
426 377 713
816 467 215
544 230 231
194 342 260
959 421 743
618 918 867
644 375 101
477 636 248
358 677 556
666 73 277
712 864 713
644 808 386
707 685 460
364 384 275
757 752 39
636 288 50
644 721 63
877 600 782
653 939 661
356 279 210
871 804 431
427 945 698
975 786 135
138 812 104
155 784 929
884 926 69
857 863 302
792 180 29
457 650 651
836 76 91
800 748 523
912 497 241
530 669 564
931 538 89
990 166 551
766 421 264
715 742 863
807 926 450
660 751 503
31 212 520
797 444 601
748 549 230
915 323 786
136 56 683
338 800 180
88 240 826
924 552 31
404 399 24
394 261 636
183 659 82
404 274 567
931 346 723
985 403 662
540 843 854
542 914 932
57 44 103
566 610 417
828 697 926
935 189 817
72 582 233
835 560 932
976 342 395
326 600 985
363 600 561
422 18 570
466 814 476
243 700 18
97 447 354
724 874 736
809 2 474
95 730 447
315 364 608
192 510 734
708 820 708
834 955 652
176 132 606
145 845 667
9 981 887
417 436 204
554 103 941
642 871 814
803 779 626
470 724 740
320 279 997
42 411 448
823 231 6
532 871 579
605 610 895
822 471 597
148 361 593
52 676 836
969 475 160
93 280 39
549 275 161
263 334 116
600 141 267
902 403 648
170 387 853
114 83 662
982 242 87
560 396 58
945 269 540
319 90 760
893 117 526
701 967 819
552 669 827
534 275 281
253 990 936
679 987 466
654 758 236
483 755 200
183 348 340
754 465 220
78 312 653
39 675 21
899 445 736
51 750 980
171 615 429
428 704 47
787 735 19
57 644 399
787 529 264
499 410 902
70 172 499
196 800 781
744 614 494
439 169 707
423 738 876
936 210 819
487 369 345
239 769 996
293 378 0
593 657 238
438 295 916
357 622 661
254 305 767
416 235 137
292 900 821
322 443 509
158 166 562
455 880 610
677 944 869
55 418 23
357 48 190
385 155 218
351 22 349
2 501 796
627 961 856
734 692 982
125 94 807
854 344 581
388 594 119
965 914 826
668 197 434
85 977 160
501 955 115
446 269 729
42 515 833
487 303 255
830 102 741
445 61 760
525 586 611
383 239 395
659 361 766
437 105 751
754 144 841
426 861 349
105 516 117
852 349 281
282 651 731
828 554 165
553 366 799
146 771 423
183 774 579
159 568 519
676 727 418
957 929 101
518 785 317
122 927 769
830 562 243
190 501 778
686 496 353
77 600 546
964 628 928
114 212 659
202 809 405
183 729 663
46 332 118
12 571 354
701 378 412
861 600 185
273 94 765
845 962 1
283 446 765
735 46 376
492 649 784
393 292 18
623 864 174
336 982 959
565 766 384
421 947 188
556 46 223
380 986 7
310 627 480
697 422 617
501 788 575
97 975 814
95 386 89
430 508 965
936 686 896
380 36 722
277 39 709
916 746 643
149 672 481
168 547 80
643 544 677
358 600 52
892 516 548
711 983 865
566 222 101
864 524 333
988 530 152
19 496 616
677 339 399
625 924 271
170 947 592
534 854 916
779 47 904
269 491 688
16 13 390
385 829 855
51 254 62
969 150 598
0 357 700
55 631 13
959 571 360
945 757 831
324 877 758
900 570 180
337 17 225
147 475 685
907 16 408
303 680 11
387 264 896
86 333 712
37 743 487
560 104 264
67 710 549
510 738 462
331 631 276
414 124 946
963 446 611
205 443 98
811 129 838
594 321 331
616 725 94
759 988 559
861 925 839
143 366 655
359 796 646
123 165 99
768 621 198
454 346 317
246 917 988
949 693 412
453 509 849
372 79 736
239 712 644
58 921 485
513 628 773
608 589 864
966 667 703
455 5 14
368 229 119
940 813 4
537 489 489
365 287 234
704 429 555
260 451 807
406 458 430
86 660 137
578 522 653
310 510 462
927 133 818
505 233 869
207 60 519
938 270 945
720 158 386
214 766 905
854 501 867
759 278 406
626 116 375
936 801 831
511 433 149
505 938 122
491 740 454
36 418 216
721 749 485
315 694 261
367 804 928
462 874 585
159 748 575
120 153 983
80 603 797
63 188 307
870 226 123
199 730 791
935 896 164
268 845 367
436 485 124
24 760 828
177 892 583
851 1 910
470 225 822
798 978 479
556 779 809
277 272 11
586 342 333
937 962 619
218 193 591
782 53 322
125 789 465
55 275 687
598 742 337
762 973 240
733 408 515
548 557 918
966 142 971
189 274 84
583 796 795
474 867 459
732 951 807
203 843 177
135 94 460
419 149 844
591 444 540
58 309 470
566 227 870
897 708 767
193 711 271
215 969 331
66 532 721
36 845 725
451 761 210
379 368 482
78 27 295
229 808 667
203 370 619
327 165 408
686 386 882
293 998 428
481 240 831
32 884 135
216 913 943
628 801 934
659 42 757
961 295 393
367 556 669
198 584 238
477 930 137
242 482 132
249 940 876
576 104 513
698 298 43
881 541 485
28 775 929
300 331 899
416 501 47
48 159 710
704 755 782
670 396 894
450 206 706
199 753 389
501 697 828
34 113 972
353 632 25
878 207 822
627 679 103
937 764 208
472 607 50
24 423 919
470 514 263
799 186 353
215 456 233
587 642 750
609 585 47
585 573 68
659 833 460
14 284 566
878 463 219
454 451 899
265 709 990
690 655 824
802 3 849
260 152 298
271 331 97
439 483 761
877 99 601
588 977 851
65 436 223
723 61 748
511 681 306
722 334 35
823 217 697
954 901 498
899 432 590
661 915 944
867 206 114
297 743 983
787 457 445
44 541 33
165 778 644
175 559 72
608 129 84
175 326 693
798 274 287
837 32 365
259 609 369
588 657 630
324 336 435
900 411 606
796 838 420
224 263 914
123 407 541
338 84 606
624 22 713
534 903 828
390 235 152
293 401 443
533 273 342
572 985 224
786 195 358
55 370 878
728 624 371
989 888 202
901 418 135
819 910 194
984 178 127
351 979 129
279 276 407
772 312 433
648 340 257
955 766 885
254 987 177
597 639 221
932 947 762
768 244 406
641 584 779
727 554 542
546 376 844
732 539 881
478 455 933
851 495 552
540 210 593
449 555 518
442 789 370
579 511 143
234 917 198
478 617 818
475 895 152
111 424 63
17 567 400
896 391 619
293 913 705
149 906 825
356 683 668
108 256 572
691 898 51
127 1 288
876 506 930
216 642 415
822 157 502
561 205 309
689 246 466
963 754 622
536 189 451
188 449 487
799 543 801
248 505 692
224 84 396
22 451 874
826 830 75
100 971 946
194 90 631
392 427 808
998 278 571
741 84 156
234 731 723
991 475 656
911 938 901
523 384 867
786 728 37
565 592 549
78 565 144
258 418 618
847 477 607
389 957 279
295 998 677
156 415 2
804 576 583
691 6 654
281 327 488
413 620 428
103 866 486
811 786 76
426 414 554
86 460 370
142 317 50
8 78 570
186 104 691
583 763 266
618 230 834
805 573 240
61 172 433
671 285 388
408 972 26
118 519 580
110 500 278
991 848 640
556 459 863
942 563 510
516 868 384
571 264 342
429 547 273
793 656 572
784 91 416
803 323 763
191 395 313
430 911 49
731 323 961
771 759 224
370 204 590
637 873 607
128 465 474
616 242 49
605 845 164
598 811 579
801 577 247
151 215 779
45 156 151
226 433 468
786 506 813
966 409 762
906 496 172
516 218 395
401 916 91
147 770 90
678 423 869
831 239 318
687 5 263
581 619 974
152 76 967
228 365 757
523 966 185
970 800 523
397 464 420
242 150 357
151 492 199
541 388 393
377 608 326
209 301 718
919 415 937
592 207 967
217 808 115
383 963 728
100 819 766
829 422 606
362 333 303
836 304 688
595 569 567
101 673 526
947 678 435
607 450 63
689 447 789
921 913 84
551 538 273
848 924 200
117 921 512
207 36 614
806 388 153
110 447 970
784 171 772
143 861 591
987 544 219
696 592 579
941 332 578
292 286 665
99 994 9
14 345 122
57 853 170
336 87 168
960 115 988
334 233 199
918 449 857
113 357 908
66 324 261
542 656 627
695 378 413
21 56 822
673 772 819
948 549 265
628 300 766
411 576 554
415 886 501
398 78 510
363 47 882
763 94 15
144 847 176
606 517 202
774 106 821
195 472 58
142 161 84
602 624 125
15 916 879
454 262 397
374 321 368
644 606 31
342 585 534
555 42 84
693 657 766
694 138 2
914 214 923
412 926 778
916 769 393
634 360 879
135 372 131
362 316 11
146 714 42
464 580 155
773 103 556
176 375 529
852 808 668
717 419 224
549 319 969
918 770 143
512 821 179
966 328 250
682 481 560
731 899 793
291 348 629
693 62 760
470 328 934
877 352 627
411 628 321
626 482 542
541 570 773
160 978 783
227 315 874
41 342 236
73 103 525
607 761 441
523 193 918
941 802 301
488 546 983
946 961 482
367 544 185
304 164 590
392 862 182
630 615 223
394 800 545
589 226 139
558 782 825
693 999 700
975 503 389
999 192 911
202 947 893
696 147 971
394 992 295
339 442 626
139 261 333
508 989 276
255 912 646
741 78 353
696 435 251
852 824 170
101 962 433
100 453 327
989 946 155
172 968 674
615 538 781
779 234 162
501 418 590
455 888 455
487 632 883
381 867 140
973 79 668
638 123 486
69 410 969
190 996 67
783 7 784
575 431 53
6 869 282
737 968 107
27 532 790
16 205 434
436 837 908
348 591 839
529 34 445
730 798 671
594 337 499
255 669 432
113 521 904
206 60 674
389 132 404
369 506 45
807 296 183
294 457 792
121 81 495
756 21 635
433 108 267
273 652 837
468 387 290
637 325 239
890 990 309
931 301 946
981 446 543
862 809 391
370 787 230
704 952 154
928 294 634
350 606 123
413 393 219
359 611 75
699 748 330
475 549 907
424 991 293
730 616 238
345 566 2
553 708 242
189 231 417
326 914 184
698 74 139
109 331 113
977 722 98
316 655 160
313 446 712
560 119 457
860 524 536
176 549 26
620 334 225
40 686 589
445 179 707
411 933 824
355 230 394
680 960 906
138 444 67
622 254 398
831 953 64
747 728 691
138 492 312
677 57 965
126 75 146
25 863 662
763 701 473
400 944 23
824 110 265
685 591 360
705 793 392
149 585 708
73 852 716
604 559 380
141 949 850
781 954 299
732 554 649
240 374 762
529 501 795
320 788 266
576 288 144
411 46 862
878 277 764
447 427 984
307 627 728
188 96 974
671 347 15
609 360 998
975 102 266
638 725 938
33 286 729
811 272 224
922 734 3
637 54 731
16 145 714
92 872 615
552 420 960
789 312 833
153 716 502
46 288 78
588 647 17
95 476 575
149 170 421
497 595 343
891 181 850
808 398 508
891 711 745
887 210 158
537 786 97
471 67 863
996 810 865
592 461 543
373 445 627
796 629 589
963 821 77
199 977 168
259 673 844
641 914 657
538 240 668
57 412 962
775 960 948
700 138 294
792 254 854
318 35 885
774 323 57
651 935 734
157 617 71
922 911 247
916 600 726
695 389 512
754 97 53
513 192 510
365 255 767
485 520 503
715 846 574
56 391 745
676 428 781
247 611 785
442 937 278
359 253 65
655 272 564
677 448 425
988 826 979
744 253 23
141 368 994
767 321 611
808 840 761
277 304 462
569 967 386
177 97 568
527 827 160
400 612 958
575 603 69
93 998 63
885 950 741
428 185 723
199 225 477
334 802 471
965 806 459
602 878 19
501 885 109
998 577 272
364 74 157
847 872 388
827 42 837
417 697 951
70 815 41
239 9 607
836 756 459
561 809 755
653 375 485
325 416 322
134 235 325
410 310 567
789 800 537
193 813 543
571 117 172
498 479 393
4 854 992
552 692 394
979 975 682
685 414 524
12 688 929
860 974 887
322 637 473
537 808 539
71 826 637
925 394 883
967 54 124
72 60 870
236 341 937
873 973 999
924 687 253
931 617 471
623 601 587
997 114 880
165 908 532
792 383 543
316 642 277
834 543 155
751 30 606
66 987 274
517 559 880
798 748 702
377 293 719
868 829 861
939 915 817
946 911 53
718 555 891
503 698 672
774 879 199
297 119 855
361 478 438
297 981 705
650 151 283
718 880 24
643 809 391
368 2 661
271 170 97
99 343 575
829 708 157
394 965 914
243 347 968
598 790 89
596 729 786
657 321 143
980 179 266
937 565 143
111 502 89
551 654 167
948 715 827
231 353 642
583 426 360
609 94 665
60 791 948
424 481 570
397 718 148
634 304 613
890 815 952
322 945 663
604 314 967
894 723 747
291 921 43
754 669 19
977 814 137
445 384 206
853 385 545
791 786 356
244 914 842
611 194 784
406 616 831
577 118 655
850 697 712
460 542 47
258 6 426
764 435 706
573 595 968
0 226 685
987 542 522
677 837 992
410 297 836
190 126 148
240 936 706
249 281 587
123 807 696
661 343 603
279 268 230
592 557 931
724 96 587
332 904 865
436 692 476
314 852 866
314 350 852
478 681 387
696 976 871
130 127 920
442 500 933
332 276 150
659 255 166
20 245 378
69 32 994
989 146 898
101 945 919
663 319 193
674 478 130
342 112 453
752 887 336
526 276 395
108 789 331
473 328 454
440 865 874
577 568 2
814 243 482
973 346 254
916 730 171
656 386 848
451 852 998
696 59 89
407 611 777
206 241 109
694 711 561
540 746 847
753 87 300
3 145 762
275 38 23
299 966 859
417 753 245
774 133 506
394 559 858
841 980 910
647 497 625
31 642 790
896 388 141
414 989 650
886 832 985
627 621 149
132 378 929
912 847 842
753 62 251
233 43 202
587 547 54
566 595 571
364 467 783
883 939 524
20 698 89
182 9 869
251 810 452
10 450 491
180 308 518
261 705 592
74 355 381
303 957 884
794 719 478
297 400 243
770 486 735
266 440 106
735 475 932
631 509 614
513 602 646
53 738 802
581 505 562
331 144 511
72 815 12
212 664 766
170 880 341
166 898 346
712 291 655
137 990 360
383 628 499
563 869 25
518 116 491
811 370 912
534 541 220
546 28 464
129 631 36
743 698 914
333 556 701
627 192 803
759 954 666
268 506 182
337 938 590
63 186 892
480 373 751
661 543 220
682 199 118
594 591 236
527 515 126
40 389 849
232 547 508
905 850 586
708 540 931
360 907 556
127 715 845
41 251 163
336 658 741
464 246 731
538 528 962
591 213 219
767 130 361
356 384 755
851 575 255
187 773 964
132 328 748
522 431 479
182 442 34
133 22 126
60 513 789
619 130 729
833 834 858
607 818 743
253 98 9
607 159 446
272 424 506
198 508 854
63 985 30
193 352 770
452 953 999
729 249 840
870 61 569
839 920 503
884 697 549
507 74 781
453 506 329
925 914 342
229 108 976
609 585 710
711 41 303
76 258 415
150 846 514
881 176 177
852 971 462
725 200 894
688 30 103
689 571 934
187 14 932
685 309 763
759 632 422
914 383 515
145 724 20
530 36 517
43 724 21
213 570 146
967 647 887
599 165 304
120 142 492
704 903 696
51 946 294
296 130 20
57 992 724
620 263 845
983 17 507
408 395 686
693 399 766
742 453 111
833 473 159
951 310 48
589 844 937
257 552 290
975 530 139
431 517 115
746 649 252
469 356 370
353 178 236
114 506 385
305 325 919
413 11 457
156 954 348
400 799 191
921 671 820
563 880 384
841 383 841
380 940 743
280 41 522
693 89 472
855 431 737
256 12 464
590 357 881
178 703 873
976 628 991
883 592 820
636 132 311
771 197 527
26 296 961
976 97 844
971 294 92
448 512 259
979 550 360
870 742 890
253 618 10
957 948 638
351 653 24
871 977 918
96 390 573
755 129 954
381 928 660
504 980 877
727 638 985
792 357 238
463 550 945
686 247 24
507 411 383
882 565 127
348 453 671
753 546 34
990 337 273
542 698 697
557 765 91
208 233 80
80 597 648
535 111 847
879 449 637
987 667 773
154 246 104
865 524 334
22 715 691
763 913 953
55 442 498
932 242 524
837 281 324
432 932 655
40 327 988
449 98 842
442 931 585
153 843 533
487 14 471
422 155 515
830 953 836
83 587 247
937 399 758
118 122 298
74 114 546
728 321 690
986 218 72
522 527 505
16 192 443
70 332 723
682 189 629
209 901 657
541 210 813
431 363 977
437 130 117
52 833 440
404 205 422
721 74 27
914 40 822
969 50 328
230 727 132
493 244 587
404 355 435
413 367 687
713 495 1
388 235 476
987 536 802
960 386 850
784 355 777
827 56 545
119 727 293
70 125 796
132 534 952
464 601 701
881 792 655
267 300 950
680 408 688
791 313 860
30 328 624
59 729 119
806 332 309
259 772 631
166 823 963
264 112 57
455 241 31
236 331 414
182 761 878
769 214 763
809 329 228
767 111 831
738 268 784
979 613 816
318 203 895
292 543 222
250 494 668
670 292 568
841 206 700
702 720 925
332 656 551
222 221 865
530 596 141
251 814 3
119 170 719
375 886 777
357 67 653
316 338 624
563 299 963
9 630 169
641 754 443
467 326 774
423 912 931
392 684 607
573 540 645
271 521 303
42 364 693
506 26 847
315 510 785
35 570 329
865 366 168
290 160 781
465 750 184
61 300 19
557 905 114
100 835 169
83 356 460
888 745 674
684 477 989
148 725 283
656 926 860
518 626 790
210 876 866
307 871 717
252 722 165
694 401 251
283 796 471
486 26 116
897 29 382
864 390 272
445 110 882
385 263 553
565 320 607
518 748 417
134 975 389
263 616 695
527 360 801
958 934 978
205 661 757
703 510 272
464 424 45
567 887 164
330 38 826
416 317 488
707 445 274
673 992 724
568 936 632
117 441 349
786 106 318
167 120 87
641 807 468
960 80 305
342 89 320
680 353 390
232 129 231
822 13 240
209 155 992
742 949 782
736 208 36
209 328 936
959 542 872
486 128 166
842 775 358
660 665 956
356 118 488
209 343 653
350 887 74
587 794 759
312 51 756
530 438 401
127 630 815
350 312 864
643 528 17
629 929 917
515 32 751
461 533 505
672 465 237
278 379 43
134 887 949
728 33 346
464 577 737
947 530 767
905 441 395
589 286 98
847 830 554
107 288 727
512 318 181
86 831 736
899 988 174
397 930 607
238 377 821
909 185 494
144 14 835
17 287 319
173 730 637
137 95 913
986 805 673
866 392 939
459 418 734
787 568 555
751 978 663
164 203 945
285 180 711
631 579 64
445 954 846
209 441 511
686 875 294
312 842 64
139 832 17
24 761 403
869 914 579
662 882 549
366 273 138
243 796 218
979 165 967
446 393 525
45 925 866
488 559 210
856 515 535
873 889 494
651 812 636
504 816 98
493 961 336
593 143 352
754 7 9
159 662 762
893 674 847
64 840 206
747 848 668
698 585 543
165 46 873
586 588 830
658 524 809
857 639 214
567 736 856
71 662 896
423 246 627
381 318 75
73 247 705
284 474 403
29 944 641
507 8 914
225 480 374
553 308 196
262 830 65
863 293 51
203 935 252
562 979 720
266 560 204
685 197 773
415 320 167
504 542 968
802 455 900
482 249 664
517 812 638
986 205 880
644 735 3
927 203 755
542 45 838
194 728 735
537 338 44
892 413 545
345 365 207
166 641 760
836 525 326
602 482 109
694 350 206
997 454 692
304 519 66
738 477 431
679 618 973
328 716 10
602 690 722
876 926 366
548 553 216
34 70 291
148 624 459
695 835 178
558 778 859
8 518 842
662 922 546
261 108 845
605 371 756
305 682 501
693 317 479
588 333 692
123 504 173
626 914 380
772 517 438
778 272 552
594 278 444
326 676 555
715 562 829
756 969 387
211 585 880
551 715 562
283 196 580
71 32 552
80 726 990
614 511 61
750 413 429
616 776 639
141 103 677
893 849 899
23 781 334
97 194 377
890 734 716
329 668 555
371 884 192
827 478 292
121 323 253
385 934 264
136 93 266
507 249 996
291 347 327
750 39 749
130 124 826
349 929 938
68 146 150
254 977 640
467 159 292
81 684 245
833 980 394
794 437 277
40 991 875
523 323 159
760 727 188
979 903 718
49 802 138
320 428 271
746 391 639
590 742 418
868 775 504
742 206 562
76 495 596
40 758 539
892 628 72
923 427 799
368 540 905
274 377 39
246 565 293
492 265 242
238 572 508
138 987 554
632 82 561
521 584 9
13 810 432
372 790 690
934 537 748
864 902 573
261 564 181
149 436 558
324 193 449
45 370 498
68 94 442
792 932 684
334 59 70
720 698 41
958 800 675
89 745 711
141 167 997
304 921 782
382 996 782
466 310 906
198 664 26
726 310 715
644 501 395
282 258 336
503 509 372
868 904 323
146 223 877
750 811 917
273 913 561
480 821 415
216 578 404
552 779 91
922 856 811
90 726 983
908 896 184
189 162 103
906 571 87
345 178 40
562 324 988
643 579 144
255 574 938
606 928 163
261 168 843
902 577 406
104 786 879
105 341 419
433 624 293
361 949 838
348 86 100
149 422 271
813 164 833
928 4 156
502 44 623
996 460 511
976 850 551
679 528 191
236 900 190
158 600 433
959 847 218
782 510 916
288 342 569
58 585 645
527 296 468
430 905 44
406 988 604
287 805 211
275 80 519
612 610 494
354 328 261
174 484 160
87 848 57
913 753 317
768 821 670
383 92 869
278 550 995
827 24 105
288 78 312
150 224 458
214 295 525
224 773 468
681 851 432
240 440 848
278 262 514
428 843 403
782 912 652
526 604 97
436 288 374
358 258 815
367 206 47
741 489 791
585 539 603
739 796 746
395 366 568
375 91 154
958 229 506
660 668 266
152 352 508
336 779 188
353 814 106
56 792 917
891 584 641
768 430 614
18 136 686
703 249 333
688 225 595
721 361 809
592 660 219
253 960 835
240 32 387
263 75 501
177 556 409
910 448 791
767 959 356
654 827 476
613 868 437
179 409 938
316 714 617
105 250 460
290 217 805
625 398 87
300 800 750
230 447 547
849 833 125
786 545 904
921 777 491
934 92 882
935 321 46
110 938 958
55 774 453
413 647 978
123 219 334
691 729 78
732 689 30
655 245 851
99 405 921
852 540 913
467 9 322
405 890 439
230 351 238
983 525 8
184 396 524
473 997 744
807 657 467
48 697 47
778 719 761
732 841 919
480 147 872
216 73 891
52 671 75
124 752 600
50 488 50
404 570 294
336 24 733
671 929 215
651 861 194
366 781 596
173 449 518
297 72 812
42 556 446
610 890 330
181 689 640
78 83 813
104 128 917
255 501 491
10 719 441
826 716 875
572 557 610
278 654 725
959 146 157
676 654 28
597 591 496
718 922 493
802 451 137
883 624 464
181 109 5
776 381 394
968 465 403
703 993 401
275 162 4
64 725 885
52 454 464
983 943 395
833 21 212
433 704 433
433 703 963
308 449 267
20 944 411
981 450 516
945 345 80
734 312 358
59 158 431
745 857 900
281 975 490
399 132 380
231 546 230
771 129 223
638 296 51
248 628 302
38 137 545
753 422 178
858 700 571
602 313 872
74 275 995
135 278 132
211 305 38
752 19 112
744 182 496
144 669 198
779 988 890
209 95 61
512 988 948
952 554 978
106 488 673
335 590 949
310 931 143
623 994 505
728 652 260
406 626 608
696 904 833
11 484 90
965 678 75
783 378 601
3 935 904
450 492 642
336 901 811
412 311 613
298 882 101
892 441 630
47 650 726
670 438 99
573 844 166
914 294 472
774 33 832
418 145 112
786 168 614
585 732 259
986 950 597
207 427 704
53 272 639
907 267 334
844 867 347
177 247 628
766 297 485
744 703 152
554 898 505
420 725 996
413 723 194
491 1 824
709 801 464
384 44 611
667 148 133
671 915 826
240 374 924
290 311 991
168 661 865
323 890 46
28 963 406
345 12 372
161 890 361
238 31 703
27 652 796
49 341 833
74 467 868
15 990 191
521 198 911
331 121 488
691 356 700
6 278 623
52 64 930
663 887 608
742 448 757
299 936 493
768 338 106
569 288 932
1000 280 351
340 945 465
913 586 878
734 682 431
708 516 519
940 728 459
372 143 278
943 737 658
286 23 6
613 23 204
132 862 210
463 269 651
572 282 983
330 235 680
800 515 220
852 895 121
61 11 333
539 805 771
835 709 232
659 282 564
781 66 972
226 407 913
258 12 618
638 257 670
388 669 492
677 345 832
96 524 771
9 835 157
984 953 570
273 815 779
784 687 943
19 304 183
227 719 409
302 88 874
780 427 584
163 176 212
297 243 478
167 713 940
230 168 863
850 599 637
708 900 910
867 880 919
62 485 257
715 318 97
577 576 208
579 758 746
726 841 747
642 750 891
109 530 959
536 744 909
152 328 540
402 279 919
379 408 33
964 948 429
411 215 955
384 675 605
868 393 513
221 25 201
957 533 73
929 556 304
765 84 663
63 325 898
390 92 633
385 316 706
822 812 963
953 972 503
181 494 625
806 407 34
364 577 812
398 425 495
540 340 452
999 2 164
15 244 8
466 292 482
837 622 180
478 625 434
258 558 754
452 411 635
655 948 136
476 463 410
759 15 814
208 195 109
421 797 326
747 951 950
57 858 201
229 847 777
668 345 73
930 141 216
97 821 436
314 275 22
613 58 151
187 486 314
394 234 749
551 181 449
773 415 685
446 990 427
207 113 872
94 729 11
594 214 117
640 296 506
79 649 386
580 867 983
374 753 808
171 203 896
866 384 631
34 888 123
916 308 649
984 260 881
582 448 351
395 11 573
256 404 734
795 222 644
790 607 214
820 166 161
553 988 433
22 547 86
965 953 30
383 890 400
469 47 340
35 55 463
575 198 550
488 738 873
51 399 704
518 56 966
69 409 580
791 728 140
759 366 648
84 896 819
649 989 827
919 564 467
615 500 677
62 938 683
802 841 379
809 238 502
609 510 622
354 297 205
264 764 355
119 655 419
889 817 705
283 701 656
677 614 158
789 679 99
722 499 731
598 775 753
487 913 8
167 302 444
656 779 332
235 371 571
429 50 611
926 555 640
395 838 777
278 35 916
262 72 710
649 442 290
992 667 357
728 641 423
440 179 798
258 805 761
759 904 768
460 520 633
190 72 90
36 850 888
469 194 395
653 842 230
594 369 323
338 44 989
879 948 667
696 47 279
61 392 962
10 924 897
387 580 267
460 86 439
888 269 719
733 383 562
77 441 106
62 732 585
912 889 755
314 853 240
512 34 404
182 63 910
211 123 971
859 699 910
939 560 146
218 924 658
252 252 109
363 712 442
652 25 163
521 705 350
226 115 300
199 602 624
954 181 448
83 199 258
832 548 726
212 285 755
380 349 494
651 298 460
103 245 813
499 733 562
894 393 839
177 390 853
663 284 735
821 237 977
317 220 508
781 301 34
708 993 98
436 816 628
124 316 842
710 369 48
580 637 738
320 320 924
325 81 837
840 712 351
417 645 264
459 559 917
291 821 950
367 593 475
734 751 67
801 361 258
443 329 351
564 594 709
3 576 179
863 743 528
828 451 347
906 250 940
945 870 361
554 165 645
878 822 116
34 453 639
760 992 196
625 965 579
393 727 311
764 183 779
161 47 418
517 341 653
101 499 535
204 565 783
126 627 40
932 49 436
303 66 859
19 873 261
996 977 651
424 763 116
839 900 789
380 108 564
731 836 923
423 670 240
684 735 468
415 272 878
548 910 809
123 118 540
561 883 193
122 926 363
789 300 169
713 818 511
690 50 630
478 641 914
958 390 515
927 539 229
376 204 367
476 453 779
145 303 236
51 231 147
35 55 106
171 996 775
390 269 752
957 927 596
360 499 183
987 994 359
518 478 152
895 342 991
929 130 855
215 879 102
630 286 202
547 875 544
206 945 328
201 123 972
347 989 375
294 852 645
108 289 20
654 731 3
977 393 614
544 509 712
951 922 539
899 343 491
241 674 938
204 496 254
778 270 964
715 679 709
533 108 899
970 34 962
558 724 966
271 676 724
203 230 993
438 763 720
216 503 879
960 75 339
322 652 289
403 594 803
877 277 93
708 320 537
35 217 614
81 442 995
73 667 865
941 958 85
46 225 924
571 698 402
954 165 347
539 94 872
393 173 66
673 821 280
975 65 660
47 147 407
254 625 203
116 615 804
360 845 750
507 43 514
238 768 233
870 448 354
190 109 234
53 472 470
176 251 371
622 151 30
78 343 881
428 457 901
451 236 608
648 187 389
391 419 415
985 99 542
829 968 323
37 86 816
39 553 286
868 919 442
821 731 948
183 259 75
521 746 729
405 422 974
149 633 590
485 307 160
874 17 810
276 576 646
517 929 198
197 812 266
144 796 209
537 814 802
367 192 836
227 843 411
731 962 968
808 674 597
69 496 899
463 516 59
40 476 117
774 661 936
660 499 439
611 978 767
557 260 995
536 214 510
295 552 191
185 370 559
790 51 624
699 190 937
668 834 38
727 682 763
445 684 88
745 429 854
684 280 767
115 528 925
618 77 862
334 585 606
857 535 31
294 324 648
623 167 103
441 324 438
457 86 940
851 212 373
231 261 207
103 330 82
304 412 843
341 688 284
827 119 166
834 513 912
457 845 568
135 938 616
935 174 578
802 684 984
488 327 918
911 371 722
115 817 424
415 501 417
58 182 612
413 48 439
14 649 358
979 201 261
459 635 300
659 987 665
603 308 566
716 662 643
730 899 90
573 141 996
613 972 893
85 747 167
607 150 258
323 508 865
537 261 67
607 646 291
62 14 246
280 139 848
748 987 375
286 388 841
891 943 935
377 415 599
669 886 569
297 125 697
139 105 721
660 661 690
247 777 500
158 336 405
466 756 328
816 329 489
772 0 550
13 170 292
819 671 470
66 388 910
816 21 907
587 137 784
312 19 998
397 844 199
45 136 672
70 772 24
238 738 900
117 815 284
286 14 674
2 347 789
509 305 380
25 57 521
367 172 934
986 221 804
454 803 698
234 199 225
745 865 30
702 534 412
815 634 466
634 190 565
706 955 44
988 159 784
36 93 857
642 493 638
309 358 45
247 763 934
814 400 997
890 327 987
866 224 131
890 798 939
995 606 728
594 788 223
846 665 274
928 66 850
733 210 673
392 435 432
154 357 639
745 991 288
966 696 289
70 335 169
735 880 475
270 204 408
546 738 587
15 202 945
246 722 262
131 345 333
556 293 789
830 653 338
820 749 958
756 349 871
630 992 373
300 320 864
708 0 241
553 838 630
751 406 715
907 433 51
376 41 11
518 866 26
570 547 17
528 976 718
864 514 525
249 946 29
832 439 748
427 561 445
323 498 405
404 314 67
967 694 220
953 352 773
908 264 898
344 896 409
198 266 93
624 933 593
353 948 769
57 954 384
778 206 342
808 518 756
136 13 533
743 426 247
133 576 989
459 104 830
383 485 228
232 563 641
233 322 476
373 798 475
103 655 494
517 563 738
203 638 707
723 918 778
616 232 74
816 757 636
459 494 132
405 61 993
111 461 607
975 802 538
648 754 540
634 265 45
228 270 57
584 552 209
253 284 116
555 864 822
582 700 392
58 331 192
721 421 279
667 350 192
852 601 74
735 407 286
497 719 145
546 582 973
458 747 518
650 29 349
501 760 877
700 544 789
482 482 959
403 150 415
583 627 335
722 874 836
73 408 937
409 745 437
283 569 751
45 222 182
860 561 899
130 497 649
500 741 167
238 732 867
593 111 961
82 70 504
249 765 469
165 911 612
349 686 266
834 279 656
958 433 479
271 734 516
102 35 157
653 686 505
693 923 154
670 851 273
502 850 973
467 162 998
504 229 534
985 414 496
411 705 160
81 135 704
940 177 913
954 888 239
358 828 622
562 541 487
46 947 516
156 123 500
944 983 52
461 122 90
589 276 191
846 446 409
224 136 691
17 696 919
720 96 493
974 816 704
583 326 285
618 554 211
583 742 859
956 311 642
910 831 223
775 504 260
537 363 521
934 14 833
893 563 871
680 471 247
634 176 634
600 364 317
388 252 184
852 219 580
168 101 889
366 372 106
770 380 732
939 180 738
442 65 807
69 258 670
557 740 975
46 491 657
754 179 120
769 507 693
245 722 912
612 115 759
530 550 97
239 794 416
889 574 829
608 729 399
384 82 547
439 674 225
841 764 582
584 755 6
655 876 128
1 676 37
643 20 718
718 554 936
182 123 44
1 866 988
190 142 914
174 687 338
616 594 160
63 33 194
792 795 231
222 1 291
954 529 685
158 959 625
17 60 116
174 255 28
589 611 230
711 377 913
225 453 575
209 659 371
63 198 679
872 278 372
77 703 987
594 564 381
669 540 124
956 864 536
547 300 41
774 822 754
969 943 457
797 957 391
553 190 282
62 194 749
265 301 873
904 1000 707
647 66 176
395 956 299
495 27 416
470 660 527
867 904 795
660 127 37
468 444 921
450 329 972
950 993 354
145 227 204
67 575 4
124 175 719
631 132 418
417 892 691
3 831 620
88 614 267
239 880 87
723 866 55
509 33 730
198 706 709
257 829 523
809 149 312
961 295 584
26 595 877
81 456 624
297 617 93
364 308 623
225 62 957
582 324 218
835 847 66
497 942 758
567 868 55
844 947 483
786 426 381
954 568 694
512 271 612
770 905 881
884 153 797
196 734 696
895 399 45
898 660 141
916 652 127
571 281 621
295 483 254
128 579 789
611 681 45
240 140 58
897 797 387
858 658 977
956 705 414
593 610 653
267 888 391
366 853 808
841 581 445
312 23 811
651 717 674
251 865 19
33 122 910
371 787 845
28 445 117
248 305 682
634 753 240
162 156 148
278 692 165
962 502 367
415 771 237
855 533 172
206 828 677
68 609 696
683 685 396
543 60 99
75 742 479
317 424 736
624 678 725
436 382 482
472 436 191
416 571 982
70 198 840
43 907 275
245 64 1
169 731 144
463 113 487
746 912 368
908 55 992
922 277 170
303 379 95
249 44 610
144 925 32
903 639 519
6 401 696
397 806 756
317 676 26
182 951 75
841 430 43
149 910 782
593 494 49
733 533 678
888 770 89
157 813 808
375 478 205
264 318 462
730 370 268
237 46 498
696 124 847
256 462 758
637 153 311
382 5 823
34 286 765
63 180 446
686 774 5
365 521 911
503 352 658
388 291 457
714 199 712
822 833 354
113 189 592
317 528 88
398 309 649
859 193 661
962 128 681
688 192 361
147 311 16
780 199 593
22 105 752
524 852 72
654 310 403
369 332 446
453 947 374
904 498 125
900 817 622
911 63 529
100 531 495
737 727 763
512 384 462
951 878 378
283 269 214
243 254 377
476 27 638
355 480 263
574 431 17
158 64 978
233 462 942
151 118 215
143 604 850
411 818 23
703 868 316
664 168 578
66 126 569
507 130 853
219 553 218
585 860 536
751 140 509
406 964 340
409 429 615
776 325 761
795 549 246
458 236 869
321 267 439
465 213 605
472 466 661
699 670 816
243 771 659
73 432 536
872 251 509
912 925 435
743 423 959
368 963 22
934 436 908
357 160 618
839 144 302
918 506 236
723 982 981
583 758 613
960 496 977
881 639 424
480 924 859
902 369 435
431 20 73
72 599 629
12 763 867
522 930 957
858 290 563
506 326 382
510 754 918
841 194 432
463 725 481
105 331 486
440 52 246
603 157 594
731 404 847
861 97 510
169 557 107
997 286 374
355 3 85
996 952 773
44 695 251
424 677 11
244 280 804
913 468 460
445 735 962
694 362 190
891 527 457
389 854 383
903 673 382
999 459 734
966 494 174
87 148 195
288 461 714
502 788 851
709 45 325
52 755 506
486 993 668
390 241 793
606 166 769
354 181 694
334 679 146
873 42 466
632 403 832
549 953 551
832 97 272
269 520 655
107 455 561
839 534 344
47 982 204
491 922 315
936 372 775
435 608 105
2 693 687
983 816 502
172 632 420
445 862 779
973 908 905
540 3 192
40 44 29
190 168 153
682 587 455
770 677 737
640 856 766
85 798 182
842 673 590
213 216 636
319 15 956
514 56 937
665 642 947
887 450 708
52 315 168
457 311 712
921 346 534
468 301 502
552 361 513
562 120 797
139 248 218
767 753 844
451 77 149
26 598 795
65 100 218
282 873 123
691 921 154
634 271 234
977 962 840
474 402 175
451 446 180
519 712 482
633 388 928
517 953 386
239 761 976
926 544 131
533 785 915
644 383 691
454 352 832
917 744 734
876 713 9
526 769 122
719 517 142
987 943 213
4 298 77
533 227 383
388 54 501
982 340 132
317 231 263
633 341 287
229 637 933
977 836 909
641 332 87
841 422 647
637 527 432
507 612 683
941 832 720
99 295 549
684 11 265
938 180 401
234 875 13
612 109 132
614 529 316
850 493 572
669 93 500
338 607 279
978 308 596
53 769 715
236 22 968
652 931 233
738 780 365
169 478 228
468 509 693
915 70 372
193 660 852
190 825 592
805 989 508
446 221 905
361 234 562
79 787 112
535 381 8
906 181 766
170 228 606
351 928 747
376 913 610
708 748 175
53 499 195
511 965 532
793 472 707
782 962 179
641 807 395
683 706 639
860 591 577
622 329 765
297 35 134
56 19 527
196 530 852
982 424 183
84 147 396
267 25 455
541 673 910
505 110 935
937 281 238
162 110 944
352 740 497
451 125 987
195 269 623
917 195 360
73 195 94
545 737 435
419 553 229
427 78 396
563 497 584
424 544 146
436 624 537
218 480 400
689 979 272
614 409 295
325 32 734
214 84 681
917 970 747
494 232 139
163 568 613
865 217 471
204 777 401
152 55 481
951 344 58
375 913 215
929 202 477
944 845 187
566 638 643
223 569 806
389 77 335
748 417 108
532 619 308
134 97 252
578 290 512
385 630 517
458 337 413
686 186 231
989 717 134
955 180 576
369 189 534
716 703 992
944 192 396
602 604 549
585 222 627
282 695 290
594 812 435
57 929 980
128 482 926
125 574 340
256 931 620
965 458 3
689 309 164
746 1 733
888 437 460
542 647 802
293 389 508
794 888 269
483 501 875
152 82 722
175 255 943
355 264 953
227 675 655
457 543 524
79 212 10
911 17 652
840 436 312
151 283 536
863 333 916
330 379 736
442 790 698
219 561 593
267 920 56
381 514 505
720 546 230
120 554 5
635 883 373
490 656 491
8 329 73
156 1000 769
593 76 962
855 136 647
241 101 983
121 171 18
299 934 621
159 69 684
711 808 522
387 113 214
853 792 1000
656 267 643
510 892 250
245 109 459
140 386 251
366 527 244
392 129 580
34 266 268
74 866 29
558 536 464
191 945 545
568 75 543
979 649 21
608 393 380
23 138 550
671 40 718
879 267 79
651 277 726
812 363 600
627 946 582
165 761 904
141 978 890
621 689 351
294 166 136
438 297 376
782 147 909
5 294 170
177 486 315
142 744 933
939 776 939
629 563 763
391 411 556
563 358 159
975 802 193
414 791 226
623 104 542
623 986 744
90 611 796
42 495 179
666 619 337
228 554 329
618 536 557
298 185 864
735 972 193
337 36 706
100 857 95
308 286 380
331 996 792
361 701 558
570 331 924
29 392 470
539 504 170
771 203 931
664 323 55
575 147 489
414 628 152
598 597 29
191 932 962
994 877 151
288 111 708
87 494 73
98 729 621
800 87 654
378 450 564
922 200 531
722 614 633
799 291 155
620 410 173
812 687 21
257 344 851
929 441 705
794 554 449
969 677 471
770 340 319
719 594 116
514 850 24
693 218 660
95 271 808
707 939 634
237 783 708
760 896 888
160 568 55
989 956 696
961 182 906
292 475 448
295 84 273
535 155 624
679 447 496
649 419 950
462 587 719
340 165 284
102 503 504
148 602 914
219 808 480
413 167 290
797 745 351
586 456 509
470 711 994
144 156 419
410 859 888
389 753 482
619 702 482
25 780 728
750 489 635
564 506 642
755 474 237
796 657 698
634 629 398
175 454 980
549 246 316
895 72 318
527 387 378
266 988 743
21 42 723
495 757 363
375 206 390
643 847 218
76 320 682
213 855 750
213 74 913
630 475 115
967 598 273
978 265 97
219 794 522
816 868 410
371 633 728
582 765 174
842 524 796
665 222 672
629 675 68
163 593 948
355 303 800
862 705 806
150 53 571
170 20 702
995 981 715
311 534 727
17 11 87
458 464 38
437 236 142
631 250 635
730 494 201
289 281 984
818 400 9
108 362 848
784 717 364
317 112 433
537 465 815
875 695 976
980 526 813
580 837 932
707 828 790
466 253 260
449 462 140
278 564 263
290 147 802
357 981 24
985 920 82
692 821 111
415 943 1
886 906 913
581 594 578
603 263 177
563 376 831
625 417 644
11 378 541
672 789 235
973 985 196
99 463 629
485 196 80
766 491 930
464 626 349
514 790 790
691 348 676
382 737 972
787 519 447
292 916 157
307 387 709
142 427 505
421 480 202
236 422 160
568 261 449
392 7 659
235 678 406
244 402 144
222 322 29
959 827 127
930 11 829
81 804 924
684 928 836
752 639 226
122 812 475
657 960 441
799 984 127
22 550 518
901 755 28
739 25 859
394 954 863
902 61 722
496 23 445
779 293 830
783 474 504
142 164 585
307 937 30
732 660 147
269 836 162
707 663 633
956 572 98
690 560 22
363 120 553
396 817 993
630 76 464
895 578 14
185 980 832
426 731 925
363 117 550
959 431 221
87 402 889
312 380 246
843 535 539
644 856 636
146 121 744
813 986 89
439 768 836
84 734 920
760 21 66
355 330 59
586 997 19
246 523 1000
414 247 780
723 321 336
897 429 805
941 790 926
713 52 119
569 894 945
384 978 459
573 848 957
365 278 850
674 630 497
46 84 708
15 464 453
993 986 702
971 927 924
50 438 541
340 772 42
202 594 761
631 901 368
641 581 24
192 866 399
948 482 488
109 392 214
34 953 975
406 815 421
422 190 521
220 195 992
348 157 642
984 458 335
529 663 137
550 149 204
450 108 718
326 910 940
725 479 641
712 97 445
23 80 129
279 422 252
906 377 206
811 582 966
751 674 684
657 276 791
350 399 790
600 51 420
841 868 890
203 535 639
992 697 499
116 635 192
566 376 734
758 905 952
15 905 155
46 461 638
552 262 865
339 821 788
745 125 688
874 456 957
265 481 908
306 379 739
958 564 992
430 664 245
275 491 862
286 988 714
892 689 596
888 86 535
101 493 443
244 162 211
654 798 632
364 37 136
367 985 525
907 120 288
176 897 47
196 316 414
986 66 845
608 661 201
981 424 3
8 49 36
404 427 572
100 704 663
445 177 242
245 529 23
772 481 221
981 74 966
228 635 198
294 753 585
789 675 526
712 310 62
915 367 625
106 703 566
804 135 587
771 701 83
720 382 433
810 426 569
652 415 777
338 611 424
313 279 578
323 51 648
784 269 855
700 763 149
611 684 368
723 182 583
94 719 93
609 766 559
868 355 56
679 531 557
11 724 66
635 609 246
641 771 46
861 446 303
199 673 457
385 527 91
177 414 180
566 202 45
978 500 397
606 978 980
718 76 313
601 491 692
674 280 61
894 792 352
807 551 898
610 215 126
260 81 436
142 440 335
411 761 353
54 481 657
122 733 430
100 395 464
545 377 186
669 322 29
407 625 784
381 475 722
874 892 352
100 745 636
803 888 906
733 741 936
707 368 789
288 762 80
499 145 163
944 847 795
852 74 302
445 991 275
435 111 42
757 816 797
709 264 372
458 230 754
80 835 285
573 344 607
425 910 310
240 246 900
426 534 279
687 917 397
526 100 947
633 383 388
526 160 391
827 696 100
969 439 151
731 289 664
652 815 831
978 887 191
806 475 14
849 7 45
970 748 347
784 298 55
49 807 676
260 285 276
678 78 412
883 601 572
356 791 609
161 749 320
693 343 947
321 383 21
340 392 902
58 17 43
312 69 467
470 343 848
732 64 539
863 997 95
554 708 622
914 748 853
590 905 904
556 809 958
835 237 829
391 157 450
873 166 862
634 406 564
553 185 757
660 395 519
928 216 94
83 142 159
899 607 72
573 360 510
784 742 418
264 356 331
360 486 712
281 704 704
782 588 503
634 816 564
526 29 165
407 783 242
736 255 159
992 577 108
966 646 372
132 779 160
214 880 391
364 371 513
212 827 23
36 890 839
799 49 823
479 534 247
503 673 242
616 410 265
412 803 513
846 283 200
649 632 782
309 694 896
220 863 0
37 383 695
947 310 939
74 754 29
519 837 967
992 377 815
285 737 155
299 493 202
446 240 929
810 825 265
736 460 178
288 135 293
108 921 356
954 400 15
250 87 628
645 819 200
573 244 335
939 33 824
847 947 595
775 223 161
466 84 351
185 228 837
334 29 882
217 921 139
951 825 124
448 935 311
941 499 621
911 728 72
251 993 403
933 815 406
564 272 517
235 74 372
144 87 699
104 771 282
98 535 868
464 849 201
314 94 642
875 261 835
737 181 955
513 494 834
12 577 957
770 677 858
255 553 512
543 40 984
629 865 652
366 28 758
951 804 842
661 767 556
849 717 439
597 148 996
444 297 477
9 636 607
402 88 348
332 157 161
1 98 694
666 445 159
672 924 8
230 428 123
343 795 328
752 758 693
106 225 759
88 782 565
453 918 73
32 558 116
906 656 232
987 674 733
53 532 502
365 393 376
33 333 269
794 392 444
951 931 557
638 596 535
836 432 568
709 497 594
80 935 306
457 525 94
640 728 654
841 267 356
399 760 942
626 711 405
865 811 577
825 949 406
532 705 152
230 352 963
773 381 635
553 209 299
342 261 377
744 651 858
197 513 56
68 475 354
71 686 350
949 427 14
984 736 313
398 718 46
28 412 952
196 387 921
371 103 181
347 745 109
697 65 644
107 843 100
257 391 458
264 619 815
757 27 266
656 243 258
371 31 109
990 443 302
359 3 577
1000 274 376
699 103 94
928 31 168
123 548 437
158 931 645
32 935 931
11 5 290
645 896 68
771 403 849
423 546 775
433 353 435
5 679 564
725 330 90
799 273 141
778 720 547
429 209 843
680 656 383
405 301 415
627 899 370
726 706 207
485 84 96
263 301 474
107 460 562
752 336 920
796 666 808
380 552 900
61 259 206
825 999 277
968 761 377
412 907 318
597 585 10
567 547 562
435 763 886
110 83 528
568 470 425
732 32 537
647 304 29
86 507 422
323 862 844
171 111 369
757 609 587
516 664 326
43 956 233
306 999 290
80 344 482
982 873 671
281 260 434
522 705 86
120 88 990
735 949 248
277 52 869
824 213 819
370 635 150
685 468 912
189 48 484
70 587 856
488 832 732
141 158 192
457 852 949
665 698 237
974 241 704
65 69 59
171 651 400
584 47 260
868 774 347
406 982 597
265 873 795
545 723 272
97 369 289
431 138 663
655 614 925
315 31 181
596 409 160
947 590 639
275 479 848
532 701 481
572 45 467
13 976 232
951 163 866
94 595 612
388 824 855
96 551 521
462 47 384
782 701 313
208 279 210
253 809 333
589 54 81
33 266 433
102 467 174
5 580 442
926 10 269
750 901 718
639 891 6
131 537 954
916 849 333
578 924 167
959 546 330
184 835 611
880 122 313
158 180 142
570 836 323
236 785 152
339 708 777
937 475 278
663 285 855
555 50 702
725 122 905
601 490 445
724 379 25
619 531 830
205 349 705
186 431 29
208 196 206
327 409 971
841 496 983
756 897 524
828 643 685
910 909 300
463 356 996
357 787 914
612 926 203
493 707 168
229 946 318
958 200 668
673 613 180
409 777 482
852 251 995
611 335 384
8 773 942
829 592 823
236 953 601
309 237 747
243 894 804
956 739 781
555 721 492
514 726 518
454 703 962
494 358 117
184 494 1
497 693 89
843 334 307
700 322 461
388 829 811
863 211 889
545 252 762
641 757 172
240 675 836
649 254 870
113 844 803
279 221 873
195 206 318
41 49 37
573 845 100
780 349 244
275 204 377
926 42 479
502 738 926
547 770 234
931 983 79
648 454 604
613 227 763
385 684 616
768 294 558
486 39 833
429 211 322
646 861 525
967 657 50
816 250 416
365 640 381
328 756 7
967 126 87
29 377 501
89 38 56
68 60 163
807 146 965
147 239 336
930 218 981
757 432 684
809 549 623
739 604 837
636 32 698
158 672 755
760 143 651
10 85 53
927 287 141
472 984 562
632 600 752
365 803 491
748 373 946
620 610 458
266 733 584
928 733 119
716 144 600
449 592 864
133 5 485
888 583 17
885 188 960
389 654 643
323 539 789
563 713 817
13 411 141
591 374 342
620 334 984
807 809 146
111 522 284
378 974 609
754 142 463
362 624 667
970 965 439
896 103 513
830 566 35
808 847 291
820 586 124
622 407 303
459 436 815
119 919 321
944 665 655
300 306 763
74 709 139
415 149 831
613 461 373
790 900 615
201 603 988
937 326 730
55 145 854
169 250 452
926 753 811
848 36 596
92 90 862
753 516 355
795 429 176
948 328 25
190 954 422
412 369 875
138 362 996
61 855 387
374 965 111
178 240 231
456 186 981
204 290 204
127 777 643
760 459 617
368 958 433
482 392 758
948 696 55
976 843 505
738 671 941
704 66 796
861 547 154
256 671 209
411 897 61
944 277 539
743 464 774
238 681 671
350 520 575
541 375 259
541 69 603
608 569 489
760 902 460
725 1 164
991 961 432
693 789 144
683 323 715
219 244 55
840 354 991
736 864 611
835 799 174
719 233 611
294 436 424
138 355 627
124 564 464
596 138 10
997 677 615
360 734 552
141 930 886
948 418 339
866 181 674
849 62 910
871 15 525
758 515 887
299 806 528
75 764 934
155 696 702
122 46 994
863 376 104
172 868 271
226 418 510
513 495 265
567 253 446
195 257 799
141 282 967
751 417 681
242 546 289
181 493 278
872 38 178
646 459 42
221 626 30
606 508 671
154 952 208
769 890 322
807 762 921
91 737 336
133 587 61
618 199 122
816 45 249
312 682 509
230 377 155
410 618 578
932 869 655
412 179 581
707 621 328
361 349 681
140 231 441
370 875 490
96 275 286
232 732 351
324 833 884
577 330 652
567 621 443
596 154 238
79 972 358
668 994 687
778 438 579
310 523 368
678 477 653
904 331 43
868 253 759
423 48 127
126 131 495
381 852 684
980 432 116
550 941 427
227 497 624
573 662 787
298 89 252
705 522 829
462 206 216
167 989 381
652 781 222
282 444 689
59 359 876
759 358 281
990 38 474
134 404 611
832 537 223
43 971 221
645 853 555
373 970 691
793 494 115
694 690 437
456 775 443
795 193 386
567 673 535
197 419 429
516 445 516
429 567 237
343 801 431
552 138 889
503 679 934
994 663 947
766 558 910
120 330 67
374 380 752
652 457 82
613 5 373
242 179 871
554 922 534
502 442 7
90 843 17
314 166 573
782 798 202
98 68 171
426 460 869
74 561 900
20 274 541
398 112 943
435 934 24
597 895 581
365 154 244
419 426 329
356 205 545
247 744 969
555 857 835
30 158 681
284 474 642
204 744 318
243 972 871
947 697 259
474 958 655
503 312 631
879 919 821
396 994 293
795 185 218
613 512 502
403 546 307
872 559 137
363 371 802
556 725 505
802 225 300
89 651 375
566 327 754
584 938 287
626 776 747
338 299 862
879 55 208
368 946 916
915 733 266
996 30 639
986 761 990
827 235 194
945 46 697
381 546 1
107 479 109
350 309 160
38 140 808
888 119 456
199 365 775
712 140 277
313 155 541
524 271 142
166 894 691
669 898 25
513 106 795
557 932 401
745 203 744
918 661 865
898 425 375
23 361 597
113 127 731
309 492 733
389 107 475
993 584 496
29 94 928
725 352 459
989 452 310
948 197 955
986 469 765
531 572 774
793 135 460
227 861 601
323 909 641
111 857 14
682 805 895
389 278 318
520 275 995
954 824 692
978 652 273
909 927 508
277 857 218
563 580 254
272 74 66
900 864 352
77 857 578
774 342 880
909 796 670
714 666 22
612 954 647
277 629 440
970 296 766
458 165 336
877 758 86
79 572 723
217 31 538
450 330 359
895 900 568
193 879 31
357 915 673
782 169 17
533 602 864
655 883 678
436 217 654
247 626 56
340 117 778
410 518 878
745 601 222
276 988 837
239 736 531
953 221 124
726 751 489
615 82 585
340 831 292
530 198 692
456 504 696
460 744 548
759 590 36
11 498 497
888 895 199
814 853 861
284 782 909
697 225 79
254 878 735
552 487 502
281 720 508
564 642 763
469 282 141
768 538 529
116 266 418
890 220 816
876 113 793
114 64 702
148 664 800
574 870 826
574 267 118
832 27 531
70 220 371
262 342 179
584 309 190
400 794 191
584 140 599
464 492 140
92 617 352
909 413 33
116 436 850
927 632 113
867 617 105
647 941 557
93 997 99
552 55 331
929 218 694
734 289 243
612 246 381
4 141 924
888 43 868
144 777 669
422 500 109
528 10 175
392 389 152
61 936 474
153 397 506
910 367 572
6 641 85
506 746 759
391 415 207
588 645 650
848 982 627
417 708 678
404 292 782
521 694 743
862 698 956
749 660 253
605 247 735
79 11 411
688 799 220
221 674 866
695 897 915
111 704 553
242 910 399
754 158 104
815 717 425
645 260 429
796 870 777
682 154 928
602 846 867
159 416 285
801 992 377
734 446 396
637 567 858
366 864 572
384 674 998
371 375 887
519 149 57
392 112 773
871 806 13
448 705 200
526 390 826
281 600 800
116 391 353
340 383 721
256 300 471
576 960 401
327 832 230
691 492 285
390 926 40
358 243 973
842 510 416
290 266 902
562 611 603
75 388 532
267 503 73
706 897 351
697 237 618
146 903 418
991 357 987
111 800 56
369 460 625
725 300 611
612 851 43
385 776 291
476 282 63
554 204 290
505 500 173
6 606 661
239 640 415
733 939 542
290 668 826
565 914 812
885 141 259
162 762 431
33 464 68
827 762 542
568 253 264
671 282 68
478 516 368
927 32 367
796 40 652
378 191 935
859 475 77
771 626 251
162 407 414
506 322 451
784 153 712
453 78 669
713 457 206
915 485 71
191 445 440
491 391 461
99 753 389
503 587 809
18 215 23
826 931 973
668 285 145
175 350 227
919 880 245
327 820 835
130 539 176
578 209 820
965 147 305
593 790 444
587 144 184
144 422 633
703 667 498
44 525 101
775 8 188
892 281 615
822 833 698
32 458 180
690 48 962
405 321 593
568 891 636
9 37 466
672 433 110
563 329 338
370 408 277
160 918 630
400 471 581
737 994 864
885 642 725
706 612 302
98 174 153
381 425 839
85 553 947
395 398 922
713 863 106
436 649 50
903 759 838
909 296 491
241 567 56
60 853 802
506 913 754
939 39 908
837 825 177
933 172 805
480 801 291
736 489 313
351 451 469
128 240 735
554 245 28
944 391 252
706 105 628
804 568 89
431 50 675
871 855 773
451 261 826
343 660 166
773 499 852
957 875 597
66 36 597
676 483 695
680 175 976
459 56 782
24 639 956
121 250 363
13 423 532
804 455 724
481 223 777
346 889 478
817 689 740
449 786 474
635 288 404
817 614 346
847 14 266
231 305 942
698 67 631
874 950 897
931 564 175
683 556 114
754 680 833
245 913 336
198 432 485
597 611 855
761 580 532
238 943 855
250 428 375
646 173 131
468 140 466
792 677 56
680 416 393
825 650 914
202 540 432
816 852 430
101 570 695
522 190 175
300 375 498
628 251 498
949 522 386
299 427 333
876 254 595
932 250 736
800 444 265
244 756 352
797 917 48
643 621 568
621 277 598
78 962 595
229 413 406
960 435 361
709 113 830
231 587 216
721 423 406
895 494 442
331 646 111
641 854 210
516 926 341
389 330 738
917 417 531
81 762 876
928 542 765
750 191 849
577 735 798
208 212 877
57 427 411
551 509 145
731 776 619
718 703 170
849 238 687
399 55 371
779 476 734
301 875 857
20 803 99
740 810 206
301 224 76
718 576 812
830 304 461
926 671 44
828 883 234
192 861 546
327 213 482
58 529 207
254 642 967
979 713 345
301 599 609
5 548 812
120 230 126
185 378 552
218 956 167
840 917 769
487 516 766
149 916 813
294 855 347
609 534 840
646 666 531
911 793 150
964 93 724
341 65 386
99 751 519
753 201 269
431 751 744
308 863 405
403 691 91
534 283 441
401 1000 270
238 809 875
233 729 476
384 487 26
643 299 223
692 785 735
220 826 833
355 365 525
204 253 916
408 43 212
705 452 249
804 141 269
667 290 195
870 475 604
402 216 160
907 736 134
255 367 775
842 140 96
212 560 922
490 388 459
813 326 40
432 889 80
674 907 17
848 674 362
263 663 589
567 378 821
634 830 752
911 944 634
499 986 550
420 41 427
531 650 73
307 944 658
173 766 375
425 851 432
50 979 543
114 693 701
326 667 652
753 153 751
286 33 254
340 751 32
946 96 441
304 770 306
325 259 661
685 31 435
534 751 158
77 630 831
219 499 908
200 865 459
392 916 254
480 508 503
153 146 227
490 81 273
689 411 475
918 392 951
871 522 555
664 853 264
298 491 344
336 868 950
997 124 268
56 638 302
457 227 980
816 942 291
348 330 670
352 380 335
399 165 352
47 56 804
752 440 991
918 670 253
165 121 165
201 182 502
33 647 605
896 557 227
571 696 832
488 35 56
997 875 759
871 816 38
520 27 506
242 725 226
136 994 826
277 879 924
991 720 768
464 441 112
404 202 493
306 408 577
707 157 837
829 111 181
699 698 71
795 549 650
117 375 442
793 392 677
487 891 438
619 954 364
901 639 302
764 536 311
387 452 134
706 40 217
174 596 47
82 864 962
94 135 888
395 888 641
827 311 365
302 183 441
243 758 530
362 884 108
535 24 789
708 553 807
259 715 89
333 148 233
362 518 60
232 733 709
742 937 691
428 280 855
798 131 872
351 341 720
712 766 460
946 763 527
634 740 100
946 638 116
467 529 825
828 580 933
239 930 392
733 763 967
394 57 648
723 282 402
255 646 408
988 194 768
363 55 18
766 465 53
754 590 65
284 511 619
996 701 632
173 603 689
444 400 737
987 608 942
517 897 832
984 608 503
303 695 800
322 422 965
773 483 400
583 858 230
104 335 760
198 729 428
444 127 799
318 803 605
421 169 245
104 546 595
259 690 606
42 659 726
224 664 882
514 585 220
220 70 931
53 635 319
943 706 138
587 198 884
776 49 451
792 330 783
91 203 210
772 470 937
838 80 114
119 906 901
470 729 141
537 346 570
20 180 309
621 436 555
320 107 301
325 588 977
880 513 829
386 912 147
345 697 547
385 837 216
473 759 483
3 25 363
906 276 980
372 300 286
885 264 6
901 131 89
178 167 866
71 763 219
753 668 909
162 902 411
921 729 652
602 753 877
692 627 24
750 975 597
907 14 229
532 943 363
726 944 575
157 514 898
941 110 478
663 765 334
86 958 661
400 994 750
248 242 200
277 107 399
310 922 158
368 498 905
531 580 46
70 406 264
681 874 371
903 729 654
329 260 481
762 730 13
830 825 910
282 684 845
276 868 385
78 550 706
902 599 489
197 697 254
670 630 977
959 767 887
985 509 881
327 474 986
99 784 319
289 252 583
827 187 434
928 529 604
992 299 538
823 109 952
857 420 409
202 136 512
785 340 838
228 720 704
83 198 926
378 252 150
299 421 787
364 72 325
565 276 194
637 275 117
500 94 891
460 359 79
110 776 72
430 140 379
433 488 215
823 971 669
572 572 832
343 160 438
356 137 96
198 406 904
738 416 388
518 861 630
56 139 113
151 560 106
827 587 497
591 823 255
692 838 966
685 809 995
83 324 15
94 871 879
908 210 294
519 179 27
666 301 159
427 381 706
367 449 451
763 562 309
279 78 377
890 888 962
951 451 751
710 508 586
652 139 715
910 294 371
189 954 58
137 440 716
284 56 512
763 664 203
559 563 90
292 95 924
654 430 344
772 914 883
551 152 968
136 328 615
768 993 750
467 120 461
820 760 619
728 204 906
377 963 841
91 632 664
448 580 529
974 819 112
730 670 150
893 507 594
94 464 204
756 862 951
458 219 591
281 349 116
784 15 987
592 795 737
154 823 991
822 983 708
161 364 394
820 686 540
83 250 126
933 380 304
515 323 881
391 905 873
628 9 79
152 250 378
97 963 681
65 77 365
344 182 459
389 269 390
8 882 242
277 189 731
766 133 154
598 267 388
25 204 330
423 626 302
742 870 192
645 564 580
356 995 816
144 779 720
754 458 931
365 146 155
620 133 998
671 690 36
271 16 684
415 621 689
919 684 148
626 406 192
854 950 924
653 691 211
546 694 691
438 229 234
323 245 643
983 993 799
404 315 36
477 28 640
166 907 141
105 715 340
853 169 23
398 255 421
873 423 533
948 699 504
873 308 31
88 118 884
737 382 640
372 765 505
538 128 455
814 679 443
146 790 572
675 538 351
789 459 174
785 941 253
344 183 424
958 643 340
529 789 991
367 397 208
427 72 525
977 251 33
221 903 207
750 652 379
734 275 408
21 948 803
749 919 233
506 875 797
781 992 758
535 260 347
348 268 507
114 466 140
310 644 996
30 957 545
519 513 729
473 763 592
78 189 270
241 638 294
840 256 984
267 658 399
781 72 364
861 596 366
224 64 235
814 242 379
397 104 163
3 847 336
576 967 459
221 539 719
490 713 207
159 77 171
35 516 77
64 692 835
136 558 587
28 707 781
30 566 69
177 396 481
353 981 710
617 140 468
508 230 421
420 260 549
252 999 783
536 590 454
968 677 567
116 193 678
653 838 823
694 534 2
820 123 708
96 860 891
937 744 548
898 734 805
773 72 352
791 124 325
651 202 929
638 284 692
14 926 273
820 177 994
97 792 237
568 382 683
144 696 764
198 183 36
265 94 62
47 295 737
525 822 153
593 680 523
449 413 430
868 705 420
863 694 493
660 18 88
805 964 541
273 906 560
23 895 403
14 681 686
798 553 905
429 628 682
335 879 699
295 664 836
138 566 652
115 314 725
715 941 852
1000 532 994
340 87 103
197 882 508
259 466 759
705 149 56
279 265 285
110 392 805
483 132 769
969 295 933
211 139 800
281 244 367
545 305 125
158 939 382
646 822 388
664 645 400
345 388 782
523 200 965
652 589 313
815 918 381
1000 990 878
856 536 673
268 930 125
768 623 848
374 578 64
412 806 565
356 677 780
586 529 500
968 423 281
90 870 544
193 76 125
746 563 916
410 752 855
521 140 990
897 477 21
617 905 983
208 199 542
160 46 278
777 48 608
975 531 604
117 603 129
112 669 512
436 47 414
125 659 77
173 448 852
329 968 482
667 558 724
383 841 739
252 505 511
797 614 252
260 702 571
931 925 646
353 893 104
164 542 392
608 917 569
415 946 152
563 658 483
684 607 271
535 19 196
463 764 808
416 508 730
388 140 291
943 733 14
741 535 931
290 711 833
407 62 930
232 83 804
163 901 946
996 160 392
255 88 20
130 413 472
611 852 429
544 141 833
558 401 314
167 244 598
648 111 269
354 905 822
798 954 67
472 519 951
559 32 506
763 890 818
175 151 447
83 29 929
982 798 550
224 825 73
87 82 950
66 649 502
269 919 745
287 756 259
772 413 462
38 85 600
191 603 171
419 338 547
257 750 934
217 249 675
514 87 856
64 39 720
371 536 974
669 544 763
401 333 429
882 296 385
719 369 862
136 397 294
358 111 937
459 547 953
819 154 447
693 341 621
124 30 806
634 439 492
875 987 730
263 375 819
461 566 837
525 334 576
768 615 556
388 121 772
531 857 548
3 11 921
172 252 539
947 27 68
345 643 12
485 777 586
217 738 498
865 50 423
411 5 882
712 226 709
575 988 747
468 571 69
388 607 690
101 152 841
657 718 635
25 493 432
536 996 88
965 847 990
746 758 376
42 458 370
134 66 541
357 348 692
638 713 971
796 429 680
769 968 41
804 469 278
691 116 676
383 520 409
709 233 344
983 67 479
166 980 456
81 440 5
679 306 906
812 461 22
349 408 239
731 253 164
103 212 544
561 481 370
280 267 819
607 751 717
972 770 353
957 288 933
212 696 188
577 686 351
625 155 75
888 534 611
524 13 157
97 782 476
371 36 831
204 462 900
567 1 881
13 553 6
694 309 197
920 807 956
802 34 471
545 217 694
468 92 392
797 46 783
23 990 277
895 825 84
723 355 234
287 833 252
297 902 50
231 57 835
863 141 816
627 378 977
430 709 783
604 45 353
483 200 374
662 569 604
53 133 865
653 623 689
212 842 919
532 310 54
969 408 233
233 261 815
785 375 613
651 225 262
671 933 264
270 394 533
180 46 439
662 384 489
995 276 709
633 308 693
396 207 554
243 71 33
587 236 164
132 356 317
233 135 209
390 122 409
404 894 19
902 194 64
63 516 18
670 850 630
667 351 51
160 624 939
682 338 156
760 428 446
898 101 340
181 263 161
846 91 746
208 402 418
391 302 442
835 94 565
23 124 795
64 286 716
635 760 485
162 269 338
548 915 971
467 201 833
934 875 265
520 997 751
127 750 986
53 845 172
874 160 574
123 836 823
808 93 978
226 393 219
311 93 781
316 228 652
485 578 273
786 594 742
558 927 748
158 441 702
801 332 171
18 448 341
409 2 469
685 576 178
639 144 761
732 927 12
662 80 256
297 607 47
590 898 686
196 269 665
867 710 79
468 436 662
59 894 17
974 446 970
759 998 242
559 326 797
43 321 571
449 322 53
431 706 75
645 740 210
655 677 925
441 368 881
762 144 968
981 220 693
529 595 499
641 640 642
463 633 863
633 168 126
953 243 517
848 635 400
870 950 528
652 50 170
997 301 827
433 394 938
966 56 797
716 194 325
912 475 351
93 320 112
202 845 969
727 59 481
521 213 381
215 606 537
978 815 431
195 247 418
112 913 222
654 645 552
670 704 764
532 774 529
850 466 702
918 681 357
659 447 191
621 145 375
557 197 666
643 926 877
452 242 142
565 458 245
998 923 462
942 128 392
795 372 248
298 887 692
556 509 724
600 432 182
218 763 482
505 673 161
338 850 497
352 6 34
692 635 818
170 334 883
347 728 626
326 198 742
417 636 611
325 733 446
434 817 711
47 942 841
635 345 522
884 707 668
626 937 818
631 754 996
472 901 827
512 89 527
796 294 149
847 839 766
194 30 425
863 877 154
704 951 993
335 423 693
691 728 686
847 7 696
145 366 789
808 730 314
870 318 580
330 268 396
928 793 915
578 923 895
67 860 5
951 25 601
45 70 488
76 537 696
224 467 327
479 64 102
37 338 891
899 553 634
840 299 74
72 101 104
351 974 780
223 295 902
523 912 157
718 6 279
616 895 391
763 103 276
45 856 870
22 720 311
754 281 725
866 829 416
970 69 228
909 341 131
956 136 210
858 265 14
539 718 971
632 996 948
722 595 972
537 687 18
537 489 32
130 677 99
460 808 163
242 289 458
663 812 386
420 390 412
658 699 415
162 840 466
701 365 953
881 64 32
137 872 926
656 846 876
513 694 801
261 541 396
783 545 567
865 290 863
523 389 564
299 893 377
506 326 571
308 154 411
421 568 66
180 675 545
318 40 20
539 324 632
863 713 451
919 968 469
198 872 542
362 863 79
88 853 49
664 602 851
938 635 249
183 158 953
903 678 870
664 753 892
393 797 908
633 719 8
25 683 951
237 560 142
969 212 450
249 555 572
44 182 132
861 108 637
133 248 484
499 38 495
202 395 793
481 240 626
324 860 478
49 982 360
878 258 349
349 998 371
935 596 747
332 639 58
234 215 600
991 586 544
195 160 618
822 208 191
674 777 532
788 699 887
446 919 668
844 471 71
908 123 135
177 550 868
993 614 753
645 470 410
954 840 839
649 862 868
339 950 468
305 294 992
354 634 108
845 846 610
626 907 152
95 966 101
573 850 868
123 77 243
475 516 413
754 237 343
362 232 730
910 690 332
450 756 810
609 182 154
683 658 894
562 928 976
213 92 173
69 30 169
671 688 529
311 179 74
492 103 611
804 395 163
282 778 242
304 304 561
740 637 132
302 421 678
803 475 925
481 133 996
808 291 216
924 716 960
586 825 168
891 917 975
125 400 501
906 224 556
823 188 496
789 886 652
763 339 824
95 970 712
637 238 83
709 299 496
611 370 565
524 132 453
555 585 388
995 852 480
494 48 302
243 265 384
14 501 845
105 368 990
408 676 916
36 325 847
939 680 831
475 419 851
976 709 147
432 362 290
300 691 621
733 120 33
109 922 637
670 856 491
766 381 553
430 803 120
363 209 247
335 367 718
589 600 607
568 466 103
965 18 32
977 725 139
699 473 814
780 26 914
399 137 525
547 575 195
797 778 186
257 594 30
918 640 851
127 212 309
345 622 612
775 497 16
726 742 341
50 806 614
231 832 388
680 448 822
505 290 530
540 744 924
348 161 478
387 960 811
964 96 618
234 522 677
344 893 636
772 820 834
590 569 704
384 331 703
912 273 979
598 197 549
642 575 233
400 271 509
738 370 212
413 51 485
567 266 150
171 548 451
302 871 662
302 623 307
2 581 578
847 638 822
403 784 581
103 795 970
962 475 793
940 385 124
638 761 540
535 407 267
963 334 68
746 532 886
859 450 421
667 883 577
421 270 776
625 366 418
354 367 489
716 93 113
930 264 437
104 789 674
874 353 797
431 927 929
700 203 246
650 167 493
940 95 976
85 196 98
141 432 354
43 915 104
926 864 448
40 550 591
98 213 219
163 226 805
693 241 122
979 722 312
680 897 646
369 970 68
982 21 443
80 529 465
295 892 718
551 118 251
397 621 956
736 537 878
612 340 522
649 495 354
962 47 24
180 559 978
497 60 504
658 213 268
325 410 312
177 531 98
931 50 552
483 504 592
746 403 967
629 319 544
464 7 285
961 401 160
905 595 274
844 317 633
939 244 298
924 303 828
120 709 140
547 747 529
696 78 860
738 936 560
448 435 908
29 707 380
888 837 152
609 269 726
727 31 56
474 960 487
862 952 251
469 281 230
817 954 923
979 856 39
291 166 362
590 820 561
861 298 181
883 609 749
717 957 277
90 573 408
187 976 783
836 23 432
824 348 484
549 885 969
655 213 878
14 842 305
390 140 979
754 190 939
578 390 422
280 714 741
884 973 922
284 502 814
413 218 357
950 342 751
989 197 535
604 335 286
748 335 946
561 378 649
581 59 287
458 299 719
5 866 529
485 999 386
811 343 763
50 157 137
232 750 785
901 670 865
442 655 372
143 932 215
541 57 791
701 939 628
900 9 21
609 953 568
709 940 554
239 547 262
854 944 310
13 179 572
97 812 532
179 23 429
907 533 999
607 379 29
755 405 456
214 417 689
787 339 624
520 840 1
391 771 110
965 866 376
843 750 310
792 19 400
986 715 958
827 499 915
175 45 53
997 831 643
159 613 544
356 438 133
754 4 994
857 460 907
162 886 824
322 998 936
620 246 70
813 132 417
960 882 801
152 512 608
210 13 321
468 217 589
864 866 423
780 614 359
417 532 497
277 575 96
513 814 169
719 825 695
682 989 643
392 750 94
838 454 727
543 66 461
276 492 929
405 285 914
455 933 705
363 665 399
50 406 157
523 943 721
666 724 85
842 368 332
424 632 132
167 23 272
651 756 822
750 117 674
456 138 931
433 282 576
439 647 824
347 318 566
120 748 354
832 831 336
898 152 63
587 469 606
465 608 164
398 741 232
246 153 845
242 831 376
732 425 333
909 146 36
503 438 772
472 355 359
818 976 415
431 742 816
295 204 481
925 149 362
965 964 935
852 550 452
340 180 621
332 466 640
746 523 443
124 388 42
517 927 84
72 893 538
512 163 538
769 360 301
385 226 471
196 387 211
956 209 242
435 476 572
589 848 811
418 818 873
919 851 744
789 999 130
414 970 59
917 689 241
314 821 455
423 589 520
322 868 96
305 303 87
933 657 871
883 467 549
208 217 393
411 713 257
787 483 599
532 849 236
888 359 594
225 935 684
649 2 396
673 9 597
155 672 828
594 9 31
882 108 202
645 549 340
489 520 847
952 136 831
197 842 216
971 663 241
858 31 850
905 217 473
421 47 55
967 158 98
547 793 811
266 249 327
717 278 822
727 605 506
93 773 981
436 404 368
213 588 649
297 625 210
909 924 260
990 864 308
13 974 491
154 696 408
751 915 671
847 523 829
624 990 236
135 745 216
564 162 336
658 622 415
470 875 608
525 731 840
31 884 100
602 939 269
656 116 293
405 665 554
269 184 831
836 48 761
286 976 134
531 854 436
0 247 112
426 725 247
959 290 673
738 393 433
970 611 829
970 485 108
37 375 934
578 481 101
267 888 670
812 791 596
266 544 998
379 407 786
893 295 279
710 212 634
903 362 686
729 890 272
137 149 833
643 44 806
759 935 100
234 781 283
504 459 692
867 286 673
281 352 229
628 645 306
583 142 435
393 854 797
708 827 896
581 850 991
992 967 933
355 182 215
88 8 805
849 861 931
120 61 859
686 224 206
946 464 683
690 119 486
89 892 698
619 866 284
349 624 10
466 247 225
745 111 459
626 820 70
199 279 55
466 439 392
796 410 523
986 456 681
158 619 586
603 893 827
751 118 510
208 559 678
734 309 367
52 305 43
826 410 173
115 887 450
684 19 634
173 548 913
721 229 619
511 923 153
320 289 367
44 957 652
765 369 589
197 214 279
608 649 79
245 428 295
657 866 479
296 102 58
662 369 43
549 626 406
642 323 214
950 656 684
574 396 804
324 252 88
326 461 148
931 432 246
212 126 726
557 445 85
345 174 545
612 712 248
882 199 859
297 813 709
823 343 420
233 621 791
78 52 480
469 579 725
994 240 982
657 208 849
98 550 577
467 674 993
1 755 989
826 303 249
422 250 504
773 244 253
935 196 591
242 212 886
522 936 283
819 703 641
737 900 750
484 153 81
651 476 430
779 599 435
452 664 75
905 871 237
506 290 816
307 179 902
893 40 757
904 280 415
158 322 707
865 282 419
509 360 89
970 567 518
751 268 675
461 633 539
716 30 918
86 887 735
127 683 118
905 223 734
22 984 354
820 42 787
197 62 406
756 165 999
473 403 842
503 476 814
920 357 26
206 348 423
595 806 714
293 426 922
594 624 847
769 393 853
124 595 956
816 318 947
784 840 513
268 632 710
508 564 378
505 808 927
133 451 59
172 1 500
89 744 219
105 249 94
810 919 758
316 838 546
552 782 137
120 638 658
446 854 449
100 518 468
663 105 133
710 842 921
533 470 204
67 743 200
866 637 89
152 861 509
300 636 989
457 921 166
532 93 413
280 448 799
693 77 339
596 655 762
193 272 280
386 908 876
411 272 881
274 979 253
541 210 40
775 942 704
918 167 521
78 777 351
604 188 286
642 835 93
772 792 90
216 919 339
631 119 130
230 765 42
839 687 515
376 203 688
841 551 903
557 257 106
701 275 297
560 489 655
179 440 410
609 863 624
296 402 682
176 343 919
676 91 605
201 126 917
462 402 406
609 829 31
905 334 535
292 222 225
706 46 801
507 275 205
715 760 683
460 128 817
359 446 97
279 559 582
901 916 129
916 812 82
470 393 7
801 298 103
592 588 869
472 920 123
762 112 551
753 875 654
400 535 865
867 339 673
284 29 939
780 403 945
374 90 893
337 557 555
399 528 39
555 990 760
319 547 243
946 188 401
699 209 926
845 147 474
650 533 65
912 447 283
663 858 34
292 257 135
482 636 654
849 614 727
148 395 93
221 264 63
144 923 782
758 651 992
150 570 463
173 50 565
233 710 671
844 1 118
134 443 300
456 209 685
434 537 378
517 216 666
528 503 343
840 638 878
777 389 66
854 126 15
595 654 546
396 48 616
856 261 917
862 763 190
504 831 953
442 333 633
673 976 909
777 778 16
399 518 250
70 669 434
856 964 866
446 872 867
962 419 892
771 181 644
917 463 484
486 959 517
300 389 55
68 857 751
787 493 370
633 776 466
343 494 860
169 279 481
273 922 132
384 780 648
174 410 919
882 146 1000
47 472 508
486 875 482
647 275 324
415 468 326
851 644 149
823 343 678
642 747 57
213 247 608
669 591 383
71 124 115
875 380 362
683 239 13
345 213 851
257 739 210
377 503 975
603 175 516
115 314 118
295 695 411
296 948 405
726 130 871
325 54 145
334 359 781
241 129 685
678 565 883
153 151 184
30 121 379
260 729 766
109 894 141
47 571 209
832 688 474
722 363 368
586 463 770
641 598 15
140 481 961
818 830 995
597 59 187
6 803 385
623 969 455
284 536 233
82 927 52
607 872 941
192 373 401
978 804 432
726 945 620
986 631 774
325 527 243
265 558 454
400 16 192
723 530 244
30 437 730
276 404 700
1000 691 754
45 266 995
80 580 478
181 602 818
699 823 179
11 761 635
298 357 556
621 903 100
377 716 699
246 103 787
52 237 248
626 883 974
182 720 470
90 610 493
204 409 779
802 936 491
461 383 482
539 721 393
27 12 377
48 975 50
648 335 165
170 424 49
523 198 5
233 283 895
190 342 125
103 114 2
298 262 584
907 938 549
838 57 857
371 811 550
721 739 881
863 409 814
1000 29 486
405 792 613
93 223 42
857 357 204
388 514 984
653 328 346
430 903 894
944 406 296
924 671 843
511 791 345
536 725 769
362 712 688
3 321 926
211 823 244
471 4 75
235 685 782
525 549 622
12 75 472
230 697 17
218 102 158
365 906 503
21 975 754
866 321 770
818 61 614
612 138 808
320 878 988
406 382 347
924 916 784
740 391 879
345 453 892
931 702 767
115 454 748
244 107 183
299 523 674
412 124 30
135 930 150
833 535 362
396 141 134
941 857 198
997 617 792
794 589 737
135 548 736
675 939 990
518 719 727
562 264 916
116 878 81
601 136 882
345 518 650
576 928 481
230 709 210
326 895 269
665 664 328
704 887 687
967 295 156
687 680 447
989 410 229
800 858 312
631 49 1000
98 649 854
91 351 285
131 284 386
865 659 349
141 374 876
340 250 183
305 854 428
501 185 935
805 621 970
363 570 834
186 661 324
949 62 379
396 252 969
10 49 461
315 874 57
635 562 526
207 967 378
677 377 998
714 699 895
226 658 15
26 94 975
640 304 64
70 969 230
93 180 347
624 576 713
863 706 167
423 637 626
527 249 93
47 934 676
257 757 63
406 867 916
447 995 717
855 323 192
375 695 260
546 875 741
219 476 613
395 944 43
369 793 189
422 88 65
844 701 355
684 417 81
170 646 773
932 212 851
424 885 663
717 102 621
994 88 188
868 983 795
770 425 375
988 996 398
208 438 790
375 900 994
105 158 873
671 348 221
186 888 525
327 413 685
868 870 437
158 81 393
362 999 395
857 888 389
534 518 486
188 879 507
840 540 239
135 104 678
218 815 293
465 635 215
402 898 310
901 861 575
470 942 216
869 171 548
713 201 145
676 422 219
817 493 946
416 245 862
922 506 803
874 379 950
537 481 890
893 853 650
171 722 180
999 169 565
957 325 807
841 128 241
795 525 564
595 210 558
368 373 716
7 996 544
774 860 851
347 172 990
109 879 137
831 231 521
744 206 533
11 894 786
406 899 937
108 666 170
790 138 585
554 781 721
138 757 664
94 855 590
390 8 348
899 377 527
88 373 441
619 229 548
512 900 278
358 237 102
63 507 160
204 649 137
641 91 537
598 473 882
702 546 742
28 826 161
622 332 998
843 39 92
2 650 561
748 863 51
78 152 756
325 588 331
876 47 553
588 597 704
477 704 857
569 576 642
11 261 354
256 618 863
209 791 10
203 802 277
899 524 82
670 282 439
202 103 436
879 392 174
760 462 319
253 592 575
467 36 330
755 163 909
259 761 820
749 692 769
549 449 455
138 732 87
70 771 763
509 909 680
415 585 318
28 702 914
764 683 304
612 154 691
799 240 208
386 383 569
287 535 646
260 232 642
569 614 848
717 27 234
61 772 518
244 353 569
361 418 578
867 583 679
134 796 712
110 290 123
404 655 341
586 910 575
276 282 994
179 111 583
589 462 67
531 660 381
450 695 760
487 853 859
8 95 14
806 246 254
206 899 224
66 879 738
113 669 938
657 106 240
843 966 749
464 537 378
875 920 172
607 25 335
91 895 213
859 746 631
559 415 923
172 742 175
389 312 460
193 76 806
918 379 36
540 641 260
74 583 525
738 688 440
500 862 789
707 212 168
575 356 835
123 64 620
926 184 370
663 199 605
4 338 413
392 19 688
650 965 575
421 403 154
625 29 820
88 931 927
674 288 326
459 465 623
656 177 5
814 316 218
787 937 125
459 870 910
234 233 460
779 713 65
297 556 950
636 200 87
794 391 611
427 612 537
637 685 244
703 370 421
263 942 308
27 666 656
449 139 740
971 50 883
769 285 737
218 361 86
721 667 940
204 203 614
849 895 7
208 409 392
658 968 633
208 155 911
200 411 183
839 205 345
923 829 454
497 125 66
974 372 329
85 909 651
153 899 545
833 150 818
71 368 47
3 757 984
768 765 822
513 349 44
766 462 389
772 207 161
304 937 457
452 648 203
414 590 476
196 501 656
547 388 494
658 818 446
930 182 187
587 412 897
865 178 742
949 107 428
556 447 774
592 51 618
807 400 711
790 187 348
607 72 574
538 158 75
553 640 393
921 181 287
796 773 939
987 741 978
171 705 624
722 106 200
828 703 887
442 964 600
685 186 50
174 812 841
56 450 621
515 4 504
552 303 466
591 421 136
601 522 202
879 355 795
689 409 210
493 235 419
900 232 536
382 204 127
684 640 104
25 340 533
214 459 928
523 151 507
794 535 479
233 606 112
779 336 466
78 262 984
661 423 861
757 284 159
841 804 426
741 297 901
112 906 445
535 504 651
52 208 245
684 107 774
994 839 317
835 648 936
418 380 762
754 640 967
753 952 373
787 482 300
964 20 819
722 602 430
532 816 62
83 319 371
847 108 240
937 88 860
358 1 295
997 194 975
722 74 129
660 764 311
729 702 286
955 304 943
248 405 393
799 254 773
931 515 584
268 316 702
630 997 322
316 909 239
209 587 768
634 766 413
366 265 636
361 294 120
659 336 536
896 371 541
790 893 807
823 982 932
404 26 245
47 366 728
418 550 773
74 166 391
652 0 176
4 996 233
177 833 255
604 198 70
858 461 233
154 558 827
487 31 915
477 279 817
740 113 497
410 431 642
945 416 154
643 87 344
808 17 648
177 313 962
679 191 402
456 150 556
464 175 73
5 385 322
137 262 866
210 308 705
120 466 304
950 927 702
919 764 19
431 210 545
798 680 371
32 962 735
769 1000 469
453 404 929
608 753 59
633 476 516
991 295 677
781 633 198
742 511 279
1 779 693
973 657 317
537 983 321
677 927 434
967 277 478
702 552 463
190 153 883
25 949 826
229 550 924
835 26 662
549 626 273
221 325 624
207 486 177
102 99 506
675 994 138
252 395 266
595 260 443
744 69 369
154 322 929
451 253 744
70 212 489
274 64 880
250 695 145
367 574 726
873 427 700
855 582 744
331 143 335
620 621 298
10 777 766
434 600 629
403 439 34
847 563 542
419 623 592
82 782 51
691 825 785
375 243 586
927 712 767
689 573 786
704 989 114
400 119 339
927 843 636
913 254 448
861 144 431
479 757 951
794 447 712
704 798 625
693 736 252
666 112 497
764 976 745
216 775 367
39 151 60
623 930 338
640 932 225
98 6 203
443 652 462
568 272 320
917 832 675
660 36 163
974 45 792
697 833 916
576 893 805
464 414 982
519 714 401
491 290 457
46 327 599
128 771 657
849 122 621
261 91 598
165 425 122
974 516 594
226 862 422
508 336 700
572 403 492
83 995 296
328 179 466
83 718 765
998 639 592
507 482 492
99 196 7
605 611 145
833 690 871
246 558 364
306 770 431
244 787 75
504 447 213
401 874 287
602 780 834
764 76 411
227 592 423
975 292 134
898 562 884
795 571 469
35 266 251
659 899 304
443 60 654
177 408 387
719 843 748
807 447 747
63 332 854
261 480 835
648 964 786
59 542 119
857 793 120
298 648 668
506 623 551
991 412 372
273 306 615
609 337 90
873 596 715
680 915 70
932 871 15
377 825 565
931 981 982
843 784 629
242 933 348
226 90 539
409 964 412
786 616 452
24 200 940
553 952 712
455 963 434
334 93 681
94 820 31
393 482 844
648 78 954
997 147 322
701 154 388
441 434 439
254 101 461
123 62 423
608 729 746
406 868 877
298 601 166
985 131 209
634 128 681
730 88 889
129 295 277
659 319 908
555 823 869
20 824 485
974 808 286
594 697 157
54 584 449
190 392 777
25 531 471
387 39 798
225 697 253
981 280 891
798 174 942
567 468 71
201 71 314
121 303 344
383 464 180
26 995 600
410 616 83
632 221 958
53 488 533
154 478 601
653 489 847
535 413 300
925 0 307
804 278 74
974 183 613
48 675 948
96 818 45
481 677 762
918 946 222
462 966 557
682 363 524
780 300 797
61 804 863
233 673 953
996 348 351
364 751 161
203 268 789
750 298 721
57 881 727
788 785 765
458 207 694
790 474 981
346 891 478
539 925 54
602 551 385
279 674 103
433 251 166
904 353 909
973 837 93
479 71 845
926 556 858
618 66 972
754 489 838
71 322 735
343 870 211
951 319 499
596 900 461
617 779 417
678 341 147
590 352 666
76 581 101
950 119 141
344 579 963
34 263 996
468 978 111
441 615 12
982 572 720
322 331 375
399 39 417
798 936 563
610 951 638
417 500 10
995 806 232
412 351 853
753 187 779
532 43 761
755 228 117
551 189 889
558 82 717
813 104 535
716 82 275
57 359 639
186 52 114
528 798 484
878 567 17
881 826 379
395 519 297
267 645 947
247 164 795
965 503 438
881 596 332
935 821 851
970 522 403
197 525 911
296 299 950
423 98 158
983 999 227
999 54 285
670 428 541
83 408 245
275 508 488
337 497 255
939 569 433
986 970 664
554 916 564
246 681 931
979 289 224
298 259 323
68 753 422
918 790 59
948 78 277
679 106 915
675 316 245
671 902 582
914 738 107
825 626 461
127 140 906
646 473 456
697 326 458
23 957 968
425 918 566
841 855 841
410 244 174
961 753 600
107 463 907
778 855 556
360 501 594
964 314 607
463 745 75
813 907 337
206 843 817
683 603 558
771 410 369
290 152 618
364 811 444
647 514 645
629 238 495
953 361 5
781 578 623
486 209 730
320 589 620
462 742 816
92 677 372
762 687 59
254 130 686
385 472 138
692 780 46
710 581 3
997 641 260
478 677 681
691 889 613
884 6 984
590 769 300
141 615 227
32 618 829
856 73 865
325 824 40
631 149 701
522 518 877
917 967 231
903 110 105
442 108 309
177 975 996
666 111 55
674 485 636
138 462 797
942 960 553
263 171 802
128 361 384
507 786 731
563 50 705
896 160 400
66 382 211
652 817 788
682 936 596
614 803 518
229 956 36
907 363 877
608 295 454
814 739 686
662 638 745
167 450 160
84 324 979
955 103 607
178 342 540
552 511 246
265 967 531
797 694 304
909 68 736
713 541 23
420 483 602
509 631 869
723 341 776
186 764 372
236 546 612
500 555 605
566 508 38
564 218 344
162 698 208
114 208 718
672 304 672
876 968 86
864 378 908
577 739 301
724 784 154
988 497 416
566 438 898
606 868 496
477 993 654
807 624 877
0 164 34
367 250 182
477 76 473
117 438 609
887 289 148
698 881 650
605 404 723
855 256 995
447 599 130
406 550 139
503 722 456
794 137 447
86 838 830
877 374 843
430 23 951
680 5 821
48 24 567
620 977 556
542 564 198
352 598 547
574 366 846
294 49 236
402 357 226
294 760 721
963 928 407
552 64 58
375 437 8
207 65 915
543 575 566
189 112 742
677 973 103
735 335 54
424 16 779
12 789 175
983 749 435
126 89 404
469 533 682
435 196 578
244 904 859
417 287 562
905 86 513
612 928 226
839 867 414
995 629 525
89 999 287
970 807 209
676 426 340
863 418 813
38 419 883
775 468 674
874 920 143
424 509 931
254 64 901
362 725 752
575 591 190
573 922 406
925 661 462
333 775 427
379 540 122
761 647 778
982 958 476
816 344 389
453 109 771
546 844 478
394 105 737
934 441 883
720 697 675
554 906 588
134 473 710
597 459 201
645 954 811
699 510 731
119 774 186
986 417 562
549 99 81
573 355 949
749 697 220
708 646 166
524 190 873
8 235 93
682 75 65
359 651 323
519 928 130
27 955 194
201 753 767
112 635 163
365 942 535
535 279 869
503 988 825
331 657 193
783 985 296
732 418 271
125 478 759
265 972 557
107 715 909
483 403 577
684 658 834
968 16 630
239 25 245
430 168 806
754 782 513
976 877 410
700 417 564
347 432 535
176 911 918
559 23 198
658 918 609
409 65 713
882 135 807
879 157 913
856 27 529
392 332 548
557 147 812
914 429 421
951 824 228
650 926 980
607 978 919
160 847 183
432 611 736
895 319 495
400 394 725
947 684 721
282 602 224
68 542 873
752 950 979
321 608 457
665 230 550
639 523 333
930 632 358
751 133 350
386 788 286
353 168 766
903 942 132
616 298 84
454 140 549
759 662 891
174 237 412
778 335 336
858 475 584
843 187 652
828 20 225
59 378 395
103 619 443
880 413 866
420 341 349
564 93 463
420 898 815
64 966 590
264 985 801
122 754 206
593 804 53
442 674 919
374 237 726
341 164 460
462 805 300
361 550 697
537 506 645
79 529 774
123 883 377
406 484 467
323 35 367
26 381 271
324 893 656
739 447 817
751 364 336
963 626 389
834 171 660
597 370 864
796 724 147
241 946 151
832 935 793
225 269 481
164 218 995
633 435 313
543 563 265
550 400 467
834 868 153
699 450 369
353 649 49
472 856 258
264 158 486
302 757 520
530 850 334
613 914 574
857 548 119
471 540 517
1 121 671
239 551 220
216 950 81
368 379 775
288 478 348
545 890 308
7 413 23
826 352 573
998 209 670
338 751 408
477 862 925
416 675 732
721 969 256
93 753 958
922 887 759
249 258 139
80 924 828
447 86 48
189 225 131
488 312 257
420 167 16
104 104 646
302 325 191
28 591 37
516 360 772
868 264 752
232 881 57
938 513 476
802 252 441
876 866 266
837 557 85
112 751 261
598 79 240
459 966 240
841 973 625
885 665 882
89 868 19
984 412 243
240 514 717
463 157 250
109 117 537
174 693 425
388 662 145
366 733 479
634 425 367
929 411 416
652 648 517
958 952 240
294 504 471
221 725 349
624 851 164
858 828 681
712 735 365
162 482 88
160 322 922
695 583 427
267 197 271
67 183 640
588 450 845
608 361 453
548 171 408
392 183 451
385 588 887
51 895 230
633 700 615
279 565 712
894 60 499
50 118 17
77 782 222
706 120 847
356 147 340
848 567 128
944 554 560
445 489 268
587 366 908
974 274 812
434 438 25
38 9 571
632 877 402
881 324 284
975 155 349
232 829 65
994 334 191
580 13 505
426 604 175
627 634 868
372 729 849
699 651 612
940 460 347
329 227 975
35 393 625
70 401 180
531 486 248
630 270 646
167 1 879
161 569 426
746 22 436
748 657 285
446 127 214
163 945 259
256 367 520
273 257 975
847 936 405
444 430 776
802 267 340
216 812 1000
294 851 616
317 683 187
225 520 619
893 283 191
68 139 467
11 839 171
416 600 438
600 762 790
287 893 658
514 712 650
83 646 544
350 905 305
926 538 76
972 548 791
914 355 351
390 254 468
937 22 242
561 493 639
916 515 763
377 260 420
458 917 393
41 598 755
355 570 175
926 342 916
329 462 651
608 528 892
345 557 542
177 700 956
488 427 36
173 522 120
600 349 809
381 610 799
31 332 523
92 579 202
935 497 207
18 967 792
592 168 790
749 228 860
21 142 187
733 982 537
493 770 439
306 241 595
231 946 981
991 71 738
708 990 93
686 281 639
498 93 870
912 977 16
742 884 317
721 490 869
671 238 425
118 797 245
342 146 922
242 930 159
51 193 816
973 334 366
551 821 583
881 468 714
213 105 300
237 457 108
139 611 305
220 161 671
487 998 998
365 796 238
88 401 279
869 46 395
337 612 893
57 695 348
605 891 169
866 77 746
859 441 56
565 261 369
139 132 610
519 31 343
940 865 86
684 101 627
687 384 663
883 297 507
876 194 975
918 529 226
800 418 664
65 309 977
38 875 921
277 883 393
241 331 692
448 536 997
418 826 392
596 216 804
94 655 743
498 347 103
376 530 16
419 1000 364
490 175 264
335 384 379
817 167 713
505 838 25
788 738 338
269 874 137
41 889 212
365 283 703
83 712 972
935 521 898
996 184 946
722 101 341
196 693 126
553 197 232
836 624 175
429 975 879
339 905 364
318 865 573
57 330 443
714 215 420
538 701 933
963 492 472
898 263 835
521 179 745
798 961 492
453 869 719
165 400 781
838 489 511
309 642 850
999 375 463
681 809 105
645 842 10
529 197 665
760 191 239
68 837 964
60 60 972
891 129 786
327 491 830
943 931 277
741 571 239
385 239 571
677 631 648
860 841 456
139 31 870
984 786 362
514 215 573
869 143 236
950 338 632
601 889 632
263 304 232
964 204 937
588 708 488
938 412 657
995 847 48
386 204 690
379 223 119
271 171 745
735 864 724
356 564 744
866 438 557
125 27 19
927 756 25
13 736 769
44 354 38
244 402 528
21 450 301
946 269 171
668 114 947
27 869 571
931 176 488
487 638 265
898 49 550
24 534 18
617 294 943
621 529 957
650 523 972
659 642 663
274 590 833
526 510 668
538 243 354
65 601 414
632 873 37
361 224 585
192 182 322
360 677 512
507 420 562
775 14 465
7 493 561
95 321 365
469 435 828
152 873 220
189 246 986
959 284 398
563 792 713
307 76 16
795 192 448
779 424 866
358 853 398
36 249 581
602 417 567
596 441 640
905 292 481
120 779 378
445 850 408
77 760 906
671 373 526
465 687 960
488 99 960
806 3 925
102 647 712
157 993 443
44 259 311
496 689 243
857 893 933
639 451 331
324 350 578
344 716 45
268 636 342
491 14 691
931 723 402
564 269 587
114 841 489
621 700 701
4 330 201
612 482 10
273 382 531
853 260 479
140 405 843
16 946 780
269 548 943
89 357 389
302 898 809
253 971 924
85 686 419
341 939 224
296 150 188
366 633 780
596 313 833
124 932 612
523 159 418
530 462 813
327 376 802
215 810 611
630 718 283
460 781 727
376 495 857
510 234 379
241 401 396
484 397 181
324 557 292
643 172 72
814 788 419
928 259 224
568 66 256
248 151 114
30 12 960
544 873 817
885 331 596
760 166 557
230 775 955
939 560 192
375 760 377
603 369 918
160 582 468
644 391 702
317 31 596
287 326 853
149 285 46
168 2 689
661 256 712
389 789 531
752 466 939
454 260 752
598 1000 758
310 415 671
434 537 183
987 491 67
244 415 817
343 805 586
202 881 78
460 506 74
646 404 707
105 313 419
408 198 441
790 745 828
265 824 906
979 752 717
627 407 906
50 390 982
597 121 427
186 330 593
120 156 103
482 151 823
0 173 768
26 148 192
880 813 417
244 770 766
19 477 852
686 813 439
642 318 261
142 956 547
974 523 699
902 905 728
54 599 652
839 97 497
908 286 623
513 714 688
76 104 624
508 850 819
721 546 820
292 519 576
993 33 624
851 66 896
765 567 512
598 546 318
932 867 974
924 971 678
255 806 552
286 415 699
367 321 129
358 617 821
683 25 66
769 613 676
35 372 215
363 528 62
107 566 947
995 12 336
948 652 197
845 600 73
567 351 16
173 458 28
366 813 528
981 848 42
191 884 862
767 825 368
626 177 907
74 82 656
424 56 44
317 101 171
678 940 452
456 981 340
852 61 369
673 852 214
264 18 784
924 789 494
977 3 99
376 147 641
924 72 77
309 945 25
715 513 287
406 59 915
607 720 248
855 15 328
4 473 177
93 469 969
708 261 302
874 726 920
565 594 743
868 50 82
3 305 29
702 803 647
552 471 620
261 866 51
653 613 121
79 861 154
247 751 601
326 131 526
758 324 171
162 234 746
322 265 433
909 555 467
274 272 651
541 346 617
620 784 571
864 511 195
965 625 520
449 176 380
301 56 529
671 202 117
593 657 531
999 491 913
174 114 521
717 804 979
798 164 337
99 501 115
776 187 943
514 714 749
956 878 208
213 229 913
155 227 306
663 744 693
495 542 414
672 416 34
575 34 628
482 342 238
325 162 601
966 674 149
128 986 75
477 485 309
615 56 517
476 433 9
775 253 633
96 402 745
204 200 378
971 460 419
263 944 621
466 955 995
597 318 572
918 686 433
672 486 373
461 454 9
453 42 446
442 414 536
185 446 353
472 11 314
953 290 361
488 820 507
231 641 357
820 852 597
628 863 50
721 495 415
83 205 11
344 97 13
826 899 522
756 626 782
119 935 618
713 618 39
263 581 773
391 226 731
232 728 622
926 404 813
771 562 670
658 498 787
105 453 258
537 644 664
810 458 122
198 209 470
809 465 238
759 411 793
611 188 775
487 964 906
764 380 966
165 515 37
964 587 229
719 673 998
866 369 105
554 42 779
877 59 687
743 301 639
627 811 770
321 454 317
976 689 427
38 54 632
292 898 800
332 33 193
63 700 610
711 631 984
268 678 161
688 78 870
998 784 526
967 750 298
119 851 634
476 603 573
819 415 792
453 793 185
476 122 406
800 386 75
481 842 720
853 728 806
841 991 566
161 857 7
688 444 920
271 907 535
810 88 496
549 596 593
182 294 122
933 385 443
188 497 273
54 477 462
941 370 171
361 190 981
370 338 582
462 702 877
304 638 19
660 310 412
189 939 145
909 323 250
119 475 563
641 995 912
133 478 16
318 38 530
335 282 472
385 358 529
516 812 381
337 702 955
665 64 816
804 237 785
253 153 925
673 204 767
533 655 468
828 192 523
100 871 801
198 556 745
170 655 882
176 746 850
840 10 831
703 337 821
697 863 137
940 488 630
81 120 532
421 393 89
876 949 637
999 755 207
713 534 96
963 224 829
826 638 768
426 46 807
977 298 636
672 702 357
441 115 901
130 792 22
459 575 516
975 693 195
7 952 88
606 1000 68
325 572 462
542 0 944
112 51 318
606 644 91
661 164 601
458 943 293
336 487 27
877 407 634
277 361 533
495 246 255
393 759 365
152 531 268
285 694 704
92 632 819
366 106 822
313 378 288
798 98 75
884 468 698
216 497 957
135 745 324
714 123 137
604 534 621
124 739 889
705 771 138
988 967 643
140 558 684
211 666 63
240 388 260
322 715 821
466 382 188
169 607 502
480 183 899
773 452 645
694 706 568
2 707 500
193 780 603
579 515 708
431 829 252
167 643 647
522 650 45
937 731 902
72 70 247
876 540 850
510 698 92
795 686 195
174 95 299
587 735 489
892 151 275
545 830 567
758 564 85
986 241 790
79 549 614
883 190 177
38 261 448
830 976 949
983 881 935
74 65 746
339 39 317
607 844 402
679 330 497
528 44 109
170 613 75
767 158 195
704 173 318
314 460 252
694 302 926
696 943 116
874 977 764
522 412 142
498 982 182
818 499 907
792 11 563
762 126 129
820 753 462
655 875 859
134 49 12
449 198 875
505 739 985
375 399 683
209 586 619
180 918 877
938 499 816
286 426 845
247 483 991
929 616 387
484 847 472
115 178 3
457 223 225
612 66 685
822 228 593
194 591 29
262 661 139
96 414 309
1 61 644
461 309 641
939 249 389
342 631 184
631 998 342
131 198 219
542 99 890
23 489 741
320 597 98
632 69 56
355 923 20
210 496 29
185 673 328
223 923 662
936 45 456
679 575 431
183 482 795
10 391 2
453 236 643
837 28 304
792 818 906
613 52 919
502 676 798
301 569 554
173 991 588
624 348 366
344 786 833
56 561 649
103 638 607
159 314 380
859 160 77
979 241 815
703 806 164
972 417 766
206 240 795
924 539 658
106 285 515
17 6 938
663 866 35
780 601 715
584 70 12
287 197 659
575 971 303
32 881 927
797 276 974
470 564 547
114 514 286
120 157 848
122 777 871
800 956 182
927 745 439
946 490 323
464 995 220
25 576 655
195 744 479
385 399 331
501 928 801
581 275 18
16 902 124
292 730 784
513 985 84
500 53 907
732 63 212
559 729 74
570 947 367
585 344 316
238 749 675
136 868 652
691 383 976
686 281 613
333 528 786
995 53 850
912 986 171
183 684 396
58 773 908
831 736 861
240 385 724
439 636 831
918 524 85
414 839 949
547 12 127
890 373 445
235 450 572
651 38 582
35 763 170
393 597 937
302 313 184
996 674 126
106 118 769
150 249 220
943 129 534
967 464 741
868 3 947
971 851 413
223 339 847
890 895 142
361 542 686
529 137 959
897 79 788
796 265 657
929 611 91
25 581 717
759 349 275
97 711 716
164 176 864
306 222 722
248 527 46
878 87 865
938 248 771
390 646 302
579 548 834
197 865 935
659 741 532
690 814 307
258 397 373
982 959 450
510 191 883
701 166 704
561 374 42
838 162 513
756 206 849
251 594 299
690 799 119
982 788 643
172 405 691
64 645 889
454 399 456
714 552 639
536 274 556
283 995 562
388 445 604
770 766 271
382 842 356
762 895 205
315 812 657
751 302 351
598 261 879
987 56 299
269 506 587
594 712 568
884 411 248
394 908 76
486 415 109
799 558 300
127 423 794
687 2 619
996 615 542
705 846 614
874 284 12
694 731 686
33 561 568
189 14 399
676 448 912
331 739 721
310 2 612
599 759 908
169 77 710
51 19 282
557 243 607
635 425 185
808 961 387
610 356 88
127 601 9
551 644 591
249 979 415
42 744 568
734 860 481
137 157 673
728 278 793
606 758 66
361 414 335
809 367 282
339 769 703
581 766 489
881 727 326
528 852 116
762 138 655
901 251 268
733 307 983
735 90 168
668 821 177
357 324 493
194 451 517
58 676 280
637 911 967
191 459 683
432 555 201
290 324 391
743 159 961
607 187 470
331 521 700
810 376 982
357 225 842
539 690 124
102 919 776
517 582 436
603 579 318
51 909 715
695 861 776
978 329 153
715 914 181
285 816 826
836 243 848
603 897 271
156 258 776
557 843 11
878 683 102
134 197 500
522 537 841
318 972 774
596 265 534
894 63 102
289 947 207
211 421 358
557 412 914
760 87 919
214 976 686
414 752 129
365 98 156
200 343 804
293 472 884
201 583 153
875 284 652
804 533 41
174 759 223
198 741 433
276 197 867
150 469 581
917 104 728
175 39 283
773 139 758
978 329 964
396 503 451
79 93 629
665 621 20
91 298 209
192 660 523
782 516 544
762 916 28
818 417 510
969 847 137
543 792 975
681 582 645
913 670 651
759 975 463
817 468 287
879 117 444
946 230 691
642 666 600
752 935 917
554 406 315
104 387 791
131 524 108
57 306 154
377 13 277
816 321 736
92 734 485
936 198 959
961 882 240
671 634 317
83 481 201
869 814 300
100 799 874
623 674 522
741 274 578
16 397 705
162 743 928
328 596 419
12 772 987
491 809 108
513 753 430
942 558 584
512 198 58
934 149 933
450 624 831
97 565 984
974 670 98
840 877 738
729 903 180
461 786 774
60 242 396
109 974 130
536 201 242
898 676 909
837 79 943
340 919 551
37 447 482
724 228 99
737 702 136
853 225 639
6 228 638
634 497 904
78 240 918
370 821 667
630 861 65
955 74 848
152 513 642
477 137 173
489 9 640
398 383 198
278 317 446
184 436 228
652 664 135
484 967 257
504 209 432
971 982 757
31 838 351
12 779 787
930 315 616
624 15 506
235 16 135
858 7 677
462 631 288
137 947 680
167 606 752
507 858 506
26 65 722
831 800 15
136 428 166
303 791 178
78 114 662
416 847 161
566 842 239
810 145 976
623 882 573
324 835 96
175 496 726
332 837 450
822 875 362
345 972 342
613 673 676
955 627 591
91 558 123
87 49 534
623 372 847
594 202 638
391 844 126
527 278 991
379 618 111
673 21 539
750 962 609
58 11 461
853 98 240
919 739 103
957 227 249
899 765 958
969 600 382
240 383 899
852 485 38
523 361 815
959 300 599
974 949 556
379 675 751
210 575 795
195 504 143
242 176 392
693 380 101
989 887 188
940 939 792
270 31 306
79 15 878
821 248 118
378 209 981
76 374 814
713 510 468
339 8 492
340 634 517
365 426 720
573 38 154
415 791 508
973 464 117
98 164 660
817 527 386
127 858 359
859 546 680
313 613 969
795 487 925
671 694 605
142 374 826
761 744 870
228 450 735
308 57 523
326 81 148
484 722 372
15 664 33
871 941 592
440 335 487
71 403 410
879 843 937
793 309 655
490 245 122
342 506 85
372 107 470
829 620 452
635 321 401
209 667 717
650 4 925
654 770 3
148 855 479
702 692 206
912 895 357
409 368 698
79 582 856
271 872 292
978 403 140
486 363 948
662 879 834
84 371 162
651 810 277
778 316 635
321 262 87
281 327 706
364 517 716
430 399 965
177 446 152
45 500 397
727 734 691
43 8 0
970 275 726
75 313 803
533 735 290
10 82 312
344 6 269
496 737 896
783 228 391
975 64 413
158 342 426
652 426 740
972 863 714
436 326 921
671 647 771
182 469 741
592 968 882
202 949 632
414 792 753
518 562 593
435 553 327
472 54 70
443 881 817
890 237 904
733 802 546
31 481 167
80 425 211
544 604 257
451 100 243
588 70 651
41 909 658
350 513 48
963 782 937
73 384 561
58 404 365
915 485 20
696 555 27
913 834 416
871 945 757
137 124 586
173 932 980
985 954 852
871 578 264
390 762 814
826 236 802
729 223 494
154 210 23
167 341 826
975 954 706
542 886 73
128 604 531
563 700 226
494 0 828
908 915 804
94 675 83
566 758 929
262 456 447
693 757 975
866 701 135
544 858 224
21 167 180
75 215 468
671 158 850
938 939 960
449 756 847
864 128 162
187 26 157
105 561 232
434 803 397
436 368 384
374 709 193
747 145 359
744 177 801
135 663 273
86 184 820
429 756 577
24 801 593
242 839 211
765 330 399
254 355 349
651 187 265
169 937 230
20 334 195
990 978 957
392 143 843
500 595 440
802 393 868
971 378 1000
123 885 837
43 782 108
780 645 832
30 169 593
64 335 403
165 81 667
40 186 427
594 110 391
377 682 516
514 841 133
943 914 872
499 135 737
974 735 845
390 851 861
8 294 680
514 391 741
753 793 514
116 251 674
794 485 534
528 370 681
304 871 402
588 612 164
261 968 140
152 62 753
623 917 297
127 432 646
585 825 790
157 620 144
990 231 953
788 865 590
308 506 507
281 939 774
599 655 802
795 479 525
456 659 470
20 822 225
758 982 227
626 801 809
912 183 565
389 342 566
818 196 792
148 538 315
982 869 181
667 49 551
402 346 798
773 655 542
718 103 648
0 76 955
8 544 319
582 150 746
505 298 256
596 62 245
112 605 203
379 493 753
691 708 727
829 692 693
244 821 747
190 221 256
710 550 805
394 809 372
871 371 6
375 787 483
585 947 722
828 466 483
389 898 331
74 960 97
951 862 760
580 572 163
722 910 808
155 247 463
352 20 822
894 131 795
157 760 938
986 573 425
741 500 155
321 774 134
856 303 489
764 403 716
736 330 98
348 152 556
886 142 843
198 880 755
385 184 996
219 526 244
18 975 489
808 513 499
867 324 112
248 824 698
119 278 40
11 161 76
847 165 751
844 478 23
784 771 160
422 895 638
899 706 532
546 526 599
261 763 0
795 613 672
466 964 441
795 699 556
119 644 382
896 493 111
894 85 638
791 481 702
318 885 124
882 359 779
467 997 798
363 503 506
43 55 455
649 473 811
729 641 587
228 472 686
289 885 398
307 697 595
536 888 973
109 503 904
875 98 525
793 368 516
60 795 813
630 206 795
246 191 415
814 1 723
23 27 10
154 135 12
771 276 461
273 563 320
949 522 526
746 483 190
721 160 319
119 383 882
515 479 309
556 174 520
6 611 411
307 213 60
912 967 285
893 59 177
13 33 603
584 205 164
476 285 649
112 983 248
273 252 462
862 838 379
984 876 61
237 49 243
67 822 457
995 754 879
81 240 719
801 819 918
176 743 243
886 726 126
290 215 867
861 882 49
139 649 598
129 61 750
58 912 930
751 282 999
469 220 183
976 430 306
675 447 524
223 617 467
257 992 78
241 926 729
102 73 694
149 385 783
932 40 772
642 908 911
18 833 978
294 792 146
658 748 877
542 566 927
126 978 727
628 228 307
231 990 945
527 125 515
226 217 816
321 627 490
158 408 567
534 444 413
137 855 794
400 563 271
334 295 343
957 321 886
571 665 708
888 440 651
398 496 790
302 140 424
822 955 527
841 57 468
638 810 175
341 821 526
887 821 902
749 593 771
460 714 292
914 587 47
582 334 522
968 239 138
367 356 93
940 956 520
642 217 980
29 501 93
362 126 116
572 908 467
50 680 905
742 196 448
539 567 963
781 226 965
126 351 320
872 503 805
854 287 285
223 375 721
267 963 250
675 485 343
387 184 400
429 5 509
140 809 279
846 624 279
599 991 46
903 799 990
824 421 225
801 418 616
302 188 703
125 29 489
911 282 652
39 40 521
191 85 680
948 549 260
254 88 976
212 825 751
937 865 274
578 476 66
63 679 148
240 603 895
585 652 156
820 853 441
920 580 294
780 725 804
96 200 81
674 336 242
974 516 68
873 395 833
662 253 928
298 111 127
251 601 986
239 555 974
474 680 898
214 234 868
647 979 619
435 704 241
972 508 322
345 761 521
311 287 184
967 819 894
20 513 329
228 221 105
120 488 874
355 797 413
808 707 112
948 621 100
208 26 675
323 201 591
828 455 12
5 900 414
322 295 851
291 727 940
99 300 277
376 909 339
420 2 790
829 570 336
979 36 762
297 948 235
56 682 408
215 808 460
309 420 349
674 884 829
35 257 521
636 432 976
63 486 790
709 630 525
14 114 943
759 522 318
109 472 239
133 283 280
369 514 419
433 580 639
715 4 703
645 941 456
244 567 732
684 490 587
721 40 0
350 211 744
288 221 995
102 802 345
99 487 748
367 213 683
782 159 682
575 172 879
276 821 988
833 243 795
773 329 805
458 956 462
187 338 221
513 253 43
610 775 895
22 777 93
266 660 470
153 171 708
755 250 410
192 20 521
45 45 482
578 988 192
780 309 721
576 937 473
497 484 730
412 801 164
417 60 796
686 161 596
704 778 530
723 721 847
636 253 89
522 989 986
835 850 468
136 926 857
123 748 82
281 488 638
903 273 143
630 695 659
695 500 808
463 776 120
629 714 921
712 677 707
299 516 842
204 795 858
941 986 511
929 63 313
658 597 89
536 843 375
165 0 603
573 718 275
267 158 19
251 838 865
388 424 261
840 172 412
560 498 243
199 126 389
418 487 992
632 51 174
585 842 440
426 372 938
800 919 86
249 810 702
636 716 24
856 246 768
351 833 101
512 320 342
886 956 423
350 885 802
180 961 70
168 844 356
656 957 111
484 73 945
203 834 152
509 151 655
609 164 769
726 269 702
913 267 106
668 562 123
215 224 271
731 60 267
313 502 912
3 709 96
815 655 741
857 678 302
477 83 26
632 647 834
486 517 272
468 163 463
496 737 555
397 696 735
501 85 567
781 533 728
367 970 274
41 907 992
887 653 675
846 1 206
280 465 273
51 24 249
707 173 494
512 377 789
272 683 209
118 930 1000
787 980 986
969 851 80
291 83 794
927 741 38
778 73 143
601 134 534
543 480 212
84 939 127
594 33 3
109 550 670
548 465 750
302 103 799
512 68 276
28 25 376
611 972 484
2 22 260
529 400 4
92 845 998
430 787 607
977 220 653
500 141 93
230 900 458
482 454 736
265 761 483
575 625 273
618 902 58
664 855 311
948 363 920
454 692 480
748 196 896
765 281 309
769 909 368
508 976 5
781 381 765
867 829 772
262 803 494
417 421 131
400 471 843
363 390 99
422 518 973
377 974 844
47 928 477
333 716 332
841 472 847
936 685 500
967 677 144
204 298 985
825 793 79
377 498 131
852 610 248
364 212 105
198 436 584
660 327 765
939 124 232
31 19 828
679 778 238
78 969 139
150 15 268
224 492 327
506 81 393
160 577 886
410 478 897
635 310 733
732 245 846
636 671 704
33 931 322
767 704 75
592 605 857
354 812 293
503 261 485
584 490 137
612 729 471
808 198 274
722 828 42
624 776 812
884 156 225
930 261 362
844 611 486
938 982 987
803 71 94
59 950 562
597 901 709
623 635 540
270 80 686
631 979 275
201 487 70
461 734 740
554 196 575
94 626 205
900 303 183
49 437 977
423 820 23
286 965 584
111 384 164
981 274 716
801 389 265
913 885 94
944 433 582
827 934 108
638 766 451
611 832 383
438 913 440
795 303 190
904 14 955
678 947 263
885 889 907
562 87 81
912 715 175
127 502 381
503 837 83
743 585 91
397 749 273
249 991 53
636 753 160
463 979 749
904 1000 30
108 493 713
436 56 923
410 839 29
186 957 527
1 633 864
697 234 713
833 502 153
455 572 721
324 607 930
272 862 692
745 809 153
573 370 418
819 944 1000
755 938 31
213 786 214
643 777 211
749 168 204
505 970 524
888 779 819
385 460 663
272 292 624
8 235 402
580 890 815
833 428 180
887 507 697
479 752 543
544 775 970
574 422 641
165 584 339
353 659 267
301 790 587
835 757 742
878 157 118
755 189 856
722 390 791
246 975 119
642 861 717
878 185 753
659 775 819
716 269 283
526 812 663
870 807 444
795 809 659
381 2 736
691 915 608
936 441 94
47 623 604
389 846 390
609 838 677
838 817 869
700 10 320
58 200 929
973 640 327
673 808 512
982 367 226
575 769 424
376 84 198
770 632 276
323 84 437
202 384 863
307 863 605
408 127 119
603 597 121
575 876 468
787 900 703
887 190 913
419 153 979
608 175 990
321 656 497
237 818 425
616 887 274
132 797 312
695 745 564
44 360 376
432 544 555
827 878 632
744 362 460
199 915 672
622 333 823
839 597 38
142 733 184
147 97 255
610 483 828
326 376 44
432 185 848
493 858 723
231 427 705
695 196 89
47 982 130
807 330 522
494 57 204
90 170 666
927 763 726
870 108 587
456 460 349
10 543 309
946 287 313
926 139 460
955 683 311
56 206 772
443 643 23
588 984 457
783 737 734
855 843 489
484 951 217
856 588 836
207 301 413
596 960 622
6 13 655
841 658 415
487 293 982
780 458 427
549 980 15
664 933 423
746 654 587
185 177 408
607 855 940
32 456 32
836 821 66
586 57 327
887 496 270
582 569 175
291 433 187
277 955 511
168 752 465
446 862 606
57 755 694
849 189 71
126 924 656
997 488 919
955 617 528
836 868 497
690 608 79
50 679 649
697 357 376
566 782 311
738 462 719
671 96 848
611 254 945
989 916 478
696 540 594
113 484 167
763 679 487
218 790 225
506 759 73
609 584 627
110 846 732
778 309 761
913 961 362
941 104 866
130 735 393
200 897 102
746 961 431
971 64 841
850 381 135
180 672 949
388 547 772
112 236 109
603 348 700
916 919 290
422 598 169
695 344 766
937 43 555
859 481 991
153 694 658
189 995 416
16 187 688
153 429 570
607 846 478
604 195 959
452 46 909
189 469 469
134 804 931
276 489 588
137 260 36
581 953 971
678 272 596
836 516 19
973 483 539
482 965 54
131 919 328
354 307 123
113 686 478
990 976 377
698 662 283
448 599 817
795 726 816
490 141 736
220 940 75
520 585 141
628 386 564
160 640 658
380 655 242
971 326 388
240 990 3
335 177 62
813 130 738
538 332 586
143 237 242
386 881 602
186 429 139
655 907 769
376 291 294
4 89 415
383 613 649
489 924 508
508 30 190
868 989 994
330 902 103
400 780 677
311 649 159
119 498 566
760 169 958
544 540 713
179 0 410
662 479 733
768 973 903
800 293 421
86 856 791
515 941 373
528 968 90
79 592 422
31 999 926
189 290 251
670 884 479
542 722 200
388 42 409
690 217 153
143 444 848
346 531 536
592 523 644
503 495 203
587 895 535
648 750 405
268 260 390
30 245 238
818 16 581
11 87 265
868 152 404
182 712 527
373 288 748
118 213 586
764 699 716
572 309 409
200 973 97
556 733 578
512 352 214
615 795 488
850 100 573
392 605 618
157 521 497
217 594 368
387 858 763
885 861 767
799 510 61
427 613 174
335 765 331
291 59 43
756 452 463
869 705 726
450 312 497
613 733 861
358 620 875
538 794 258
985 617 487
999 210 726
519 250 215
465 48 512
830 326 377
483 346 877
100 296 575
96 323 956
837 809 291
293 683 800
533 310 46
727 216 209
155 870 175
12 499 496
474 530 335
972 18 911
84 552 601
993 257 39
433 292 942
821 793 283
80 652 433
424 486 2
534 37 806
843 485 247
405 947 237
153 99 158
261 819 973
888 886 14
453 69 445
440 679 596
295 749 223
808 241 764
72 325 921
490 481 363
896 279 181
807 688 187
535 348 942
286 473 204
216 540 607
470 807 232
867 55 390
382 163 670
546 127 332
313 456 147
958 419 205
138 452 705
644 794 115
284 139 50
896 962 124
372 791 565
902 163 905
333 296 322
965 325 950
306 470 869
402 327 235
71 313 276
942 754 930
354 630 991
306 385 434
151 170 115
549 968 483
860 573 621
859 843 904
428 439 379
593 529 70
423 334 556
602 162 894
554 181 400
914 771 26
718 380 934
588 603 212
514 917 304
28 401 365
866 624 11
132 456 90
900 796 456
163 717 766
82 478 876
510 48 813
55 364 133
333 979 850
107 730 392
878 538 762
935 685 798
875 641 301
278 812 118
608 142 317
950 444 759
988 595 529
961 697 350
63 496 308
886 772 489
53 2 839
641 849 508
402 915 34
511 422 449
149 289 477
527 998 886
558 381 51
326 845 981
248 978 800
43 796 871
767 715 788
307 47 965
710 440 910
799 154 556
153 961 634
812 913 401
148 385 510
77 55 272
741 825 18
235 832 330
403 601 368
257 837 814
879 103 528
280 991 267
453 929 921
762 214 791
632 885 62
830 450 55
402 710 22
694 167 263
745 856 132
552 160 934
759 88 549
119 366 841
970 624 938
100 475 288
210 157 120
23 405 741
494 65 519
937 951 68
51 947 264
515 996 893
390 730 223
634 442 439
279 260 31
84 250 592
716 227 960
776 754 374
719 50 706
319 52 252
358 268 358
534 683 870
498 475 744
508 855 30
648 820 434
26 354 616
997 31 402
757 916 277
729 475 99
456 984 622
984 196 709
170 597 632
53 194 296
747 329 449
41 863 208
491 784 386
270 606 21
899 622 224
23 191 211
576 39 177
686 728 690
840 610 665
293 358 21
756 827 423
861 128 127
393 386 418
340 232 629
178 508 708
282 713 467
786 307 855
444 218 790
799 843 580
628 810 971
474 894 911
832 240 152
394 943 688
616 978 946
414 14 246
701 883 507
12 108 847
451 158 628
818 731 457
563 896 542
619 766 740
729 995 607
870 578 614
266 677 384
188 237 936
675 220 551
499 625 180
764 187 39
479 233 299
764 439 395
314 410 67
693 160 439
806 940 619
530 261 927
765 160 320
805 752 489
883 489 617
446 748 926
761 648 282
871 623 820
74 462 84
798 4 776
456 572 570
219 715 668
52 755 363
976 128 219
76 822 81
883 388 168
883 985 707
97 748 914
402 644 397
632 9 252
852 694 564
648 914 573
970 268 122
691 316 484
184 245 23
609 992 96
538 350 940
478 312 561
717 804 508
415 52 782
54 956 446
628 233 3
241 21 504
752 116 356
341 817 332
535 248 6
226 29 560
455 528 711
349 734 737
854 208 848
726 419 260
202 484 374
223 939 189
821 653 574
172 825 189
679 319 630
778 237 230
562 233 133
331 282 177
57 648 693
68 14 638
233 940 249
368 844 210
900 36 492
390 864 106
49 948 185
936 252 199
502 648 713
322 473 230
461 915 2
115 354 256
116 795 472
403 736 817
340 825 827
962 939 375
549 679 642
482 553 244
865 548 539
664 190 312
710 963 305
956 961 241
967 131 915
838 91 827
487 853 126
782 528 307
577 289 272
217 599 449
52 719 966
258 204 589
483 376 216
38 514 153
262 200 960
513 201 498
74 23 883
249 345 28
20 532 342
704 340 443
918 658 993
663 539 801
681 652 381
941 363 698
522 520 953
904 280 786
983 480 833
759 876 626
405 629 1
662 186 974
271 815 70
60 846 572
386 640 366
278 781 95
595 875 65
291 673 163
716 508 984
957 697 214
809 354 874
224 157 890
30 244 197
67 276 352
420 42 212
641 536 978
890 74 612
480 998 154
799 504 67
801 497 966
474 438 165
545 584 629
201 608 624
16 936 200
525 874 744
294 848 769
629 555 680
752 615 229
820 973 441
30 353 205
409 538 69
673 470 206
997 969 629
987 836 508
293 987 497
214 279 318
553 402 701
869 614 777
38 886 503
185 518 87
530 207 762
135 900 405
933 802 54
759 931 206
842 655 14
699 15 814
212 851 921
666 849 95
216 43 150
907 145 244
348 973 756
371 665 193
245 517 649
611 134 334
555 146 134
658 119 863
38 159 436
555 344 357
966 249 81
280 329 652
331 583 372
391 6 158
731 684 556
601 805 428
524 951 312
91 613 724
909 725 516
113 53 919
817 336 117
579 157 955
64 951 102
69 861 639
12 523 401
354 506 138
312 410 990
713 552 912
370 820 977
820 644 105
745 41 13
638 860 897
935 54 664
225 546 25
223 441 478
908 254 159
738 476 656
180 555 320
688 419 765
671 431 41
748 726 883
701 930 779
472 782 865
442 326 927
574 876 799
479 780 279
344 357 327
694 784 120
326 355 506
679 650 852
249 971 817
62 174 667
817 439 102
645 347 385
164 330 45
27 59 11
211 986 924
634 435 900
407 705 902
585 282 65
232 238 887
918 972 281
690 618 231
750 126 370
561 181 311
11 524 543
663 478 30
685 58 355
531 394 816
789 45 834
467 398 309
158 543 250
941 273 587
591 354 643
361 67 11
672 786 245
118 877 960
606 518 229
709 37 762
15 483 964
249 960 490
201 728 913
202 53 148
605 101 75
497 9 20
28 464 132
247 480 60
136 301 404
492 992 324
687 235 411
725 372 711
160 308 860
943 783 367
162 243 597
312 269 458
171 628 53
333 744 159
556 523 420
115 242 898
223 704 918
564 426 67
912 49 813
26 963 672
279 914 243
909 258 728
863 339 480
372 329 215
708 452 248
963 955 611
405 136 0
509 666 883
72 540 485
252 427 162
760 841 346
10 190 852
367 834 968
632 576 919
745 990 60
68 534 188
573 691 143
475 669 508
285 301 401
316 850 762
838 281 658
474 378 728
316 331 992
177 71 551
352 208 364
484 433 164
650 551 977
422 344 193
329 384 314
214 418 699
679 510 733
563 32 178
55 233 834
80 369 723
600 353 861
208 374 526
723 725 531
864 782 248
705 424 438
88 869 154
887 212 839
85 578 617
239 514 543
63 114 746
936 675 1
741 385 513
29 115 393
910 701 747
22 590 616
40 399 781
430 713 296
276 178 396
866 768 728
683 374 560
38 206 972
968 920 438
232 850 55
117 155 205
619 17 979
414 435 652
467 690 13
913 857 646
47 299 741
961 135 754
64 454 138
214 896 984
131 570 61
419 914 774
152 865 247
956 82 53
584 688 254
615 493 213
827 69 244
135 78 201
704 833 90
558 620 4
697 63 378
33 551 370
729 627 550
191 972 497
839 686 514
884 526 981
716 771 754
641 44 629
652 348 84
329 230 896
845 91 63
173 461 733
43 304 426
740 750 10
529 686 264
391 12 122
453 170 415
62 435 938
82 155 718
889 174 665
920 60 855
231 324 417
900 518 745
495 593 175
40 115 913
847 69 988
340 346 295
306 75 28
423 50 192
822 799 57
980 268 795
942 664 867
194 462 763
97 693 146
411 501 599
684 378 622
473 214 755
1000 636 596
71 421 817
800 828 17
17 810 956
123 35 216
428 555 423
906 438 33
150 36 882
69 389 13
389 720 621
74 493 428
268 64 308
483 324 900
262 455 82
381 516 956
940 528 761
316 646 553
457 309 536
773 353 175
562 591 427
629 729 117
955 869 719
798 536 589
793 189 342
257 749 959
486 543 49
642 390 672
810 603 511
760 507 546
457 284 218
157 707 407
516 870 565
623 650 331
52 873 968
588 928 65
989 101 65
144 48 188
172 361 178
53 219 691
378 736 811
824 510 651
639 496 782
934 62 156
167 17 612
69 136 773
88 599 544
506 734 601
91 310 647
366 734 14
58 954 656
791 640 857
719 324 566
805 998 733
887 393 613
549 313 131
536 919 578
444 155 323
375 565 1
446 168 923
793 889 277
547 513 588
295 314 545
260 57 966
272 210 157
363 925 173
414 220 429
962 730 121
753 609 537
80 326 815
999 392 809
319 664 73
653 853 41
940 456 40
580 777 97
11 711 85
457 825 791
186 497 69
109 239 625
938 661 236
995 902 731
608 803 751
942 367 967
755 280 223
96 383 674
876 260 883
552 546 374
371 736 912
248 694 185
718 886 179
37 686 973
822 645 47
348 824 788
407 974 806
269 405 797
456 433 576
985 163 612
739 421 542
920 932 898
45 215 208
298 509 699
434 679 574
438 407 529
973 513 26
977 985 946
866 383 322
490 316 11
342 520 944
329 603 662
984 108 138
734 60 294
469 28 116
369 662 526
927 208 108
691 651 990
383 84 174
497 141 315
53 893 720
198 271 4
139 786 77
906 453 133
560 84 608
632 698 219
964 494 722
968 972 595
957 621 538
225 263 712
655 826 431
821 884 191
970 801 662
1000 99 777
919 799 618
119 607 237
298 440 741
499 349 946
178 517 546
325 799 888
498 206 552
906 115 447
489 681 455
490 227 602
934 354 319
153 378 687
65 539 854
678 229 546
207 259 723
392 377 595
738 431 429
294 675 876
990 838 689
705 583 304
384 753 703
583 640 835
86 589 740
76 71 816
973 739 517
764 506 952
109 79 281
753 760 159
428 36 873
784 148 550
197 808 933
571 943 439
686 48 656
757 298 876
203 419 531
962 787 993
582 206 569
929 318 14
402 404 773
524 145 373
409 971 68
888 483 106
565 785 773
14 848 818
282 473 518
514 34 185
812 81 719
448 219 132
180 622 199
91 584 450
972 912 74
444 731 133
372 647 205
237 909 879
301 309 718
29 104 236
215 444 264
700 837 334
976 75 543
759 420 288
793 687 230
328 237 486
664 688 979
238 868 602
272 793 456
388 104 260
421 855 93
538 395 864
393 789 466
68 491 1
613 165 696
833 247 274
87 390 666
150 848 392
636 747 845
846 294 4
957 966 174
27 17 804
860 539 911
461 491 42
154 661 433
508 60 64
348 761 994
348 561 140
997 925 798
433 931 142
429 672 179
363 252 939
808 347 708
760 894 62
668 702 219
461 698 766
566 672 203
628 312 743
457 805 0
797 54 4
140 191 181
337 169 345
436 180 939
367 801 369
396 854 860
456 201 96
889 183 693
413 67 934
413 801 301
22 714 713
40 475 582
715 845 988
895 82 628
997 70 175
720 103 552
600 722 459
19 49 175
89 466 487
777 826 258
312 860 382
854 77 168
309 735 230
615 734 986
182 140 133
212 985 635
158 658 682
119 332 692
654 872 140
623 204 711
613 108 298
554 846 478
903 210 315
802 318 261
751 921 460
689 649 745
63 450 813
852 620 41
343 71 2
709 758 714
363 847 602
257 451 304
732 620 958
13 170 214
980 433 763
657 697 127
816 172 20
444 93 431
353 764 437
742 167 163
526 323 798
800 277 66
84 262 229
190 918 581
632 471 309
260 752 12
898 547 574
182 706 772
158 231 207
889 270 378
399 268 800
242 882 153
107 109 805
53 637 561
753 653 61
936 335 778
355 434 800
765 957 849
670 665 631
950 767 216
408 581 593
959 531 477
128 530 3
730 833 738
479 238 972
137 898 742
866 144 168
262 753 474
743 65 893
417 902 200
317 277 369
441 237 311
194 318 555
393 762 717
121 844 162
90 948 433
543 728 584
150 533 403
542 301 90
588 64 921
495 553 702
925 335 127
635 919 958
362 630 71
301 222 89
717 198 654
736 802 195
540 285 895
544 484 864
15 434 24
189 652 612
375 444 977
469 436 655
116 119 426
79 388 653
961 5 374
815 232 144
663 374 459
491 823 650
405 540 845
251 749 742
342 553 618
425 514 146
679 34 565
928 480 272
769 502 376
123 671 326
695 905 627
360 532 729
486 710 326
190 645 644
294 861 705
850 997 81
536 59 365
664 833 78
990 286 500
138 126 616
729 213 129
981 682 307
536 305 555
0 952 278
107 97 882
418 723 90
963 684 287
858 995 144
727 803 361
542 964 530
584 872 761
193 601 675
528 771 975
796 644 281
73 126 705
122 98 440
410 685 148
707 877 492
368 21 596
586 370 381
246 625 590
487 633 923
618 439 895
80 925 746
216 559 822
222 426 256
330 819 703
906 999 711
602 297 565
595 88 236
921 285 859
163 876 548
169 153 669
988 389 46
874 611 922
742 465 302
279 223 416
601 377 191
529 411 837
860 104 246
72 142 233
7 906 928
624 790 744
664 977 528
534 714 579
164 143 464
654 117 661
420 69 836
0 346 233
793 792 318
442 991 658
716 306 480
136 87 697
374 99 689
761 401 466
134 362 912
741 39 1000
941 493 399
905 913 956
146 637 632
719 809 729
901 877 872
322 41 462
307 257 440
121 556 659
274 137 418
449 174 143
929 117 262
915 623 925
383 549 176
826 313 802
951 470 912
140 74 247
436 799 610
473 811 210
558 781 573
18 411 74
296 852 771
788 544 752
803 949 341
592 726 806
959 198 811
463 766 752
57 785 702
954 567 604
156 788 952
427 279 692
371 124 45
911 474 539
503 14 125
544 694 630
285 204 493
653 917 724
399 329 651
590 692 369
844 203 58
369 717 552
87 128 587
745 712 89
278 112 523
522 302 359
437 648 322
38 359 94
534 687 154
289 456 796
773 212 193
774 1000 991
898 939 844
699 982 594
638 549 101
271 421 941
833 454 38
110 575 578
456 222 362
453 373 227
443 965 33
132 65 791
820 563 494
527 558 614
723 625 302
204 169 995
969 441 968
707 721 198
207 118 783
437 684 969
204 814 182
524 723 181
843 738 454
47 303 848
180 358 89
594 138 642
137 168 488
830 984 26
175 181 435
725 511 489
192 171 190
94 694 650
362 104 431
805 813 278
536 810 842
579 860 261
22 836 810
627 454 801
905 554 696
613 45 941
903 400 724
429 742 858
987 779 479
561 377 194
720 602 969
304 777 523
87 559 736
901 874 597
456 997 563
148 659 474
265 189 828
238 136 831
444 893 494
650 838 898
606 105 44
728 859 747
511 357 829
612 184 1000
36 27 670
334 166 331
64 383 33
961 657 258
630 777 861
766 818 253
388 183 73
301 442 600
778 448 333
548 864 669
47 287 905
244 449 230
409 860 185
902 234 320
276 343 365
148 194 194
447 949 290
576 737 265
639 738 208
918 764 196
554 467 533
410 512 693
197 198 303
841 137 688
57 346 286
493 78 352
732 78 39
141 402 505
714 704 594
506 439 449
54 824 704
700 501 678
35 414 644
761 12 415
206 411 270
529 941 812
350 265 717
137 33 595
801 82 405
501 602 422
902 366 547
723 490 375
975 933 290
338 862 638
754 676 399
751 566 511
32 672 229
303 839 368
646 32 978
810 323 445
629 678 729
426 128 469
304 163 374
370 922 137
756 941 695
284 452 262
653 741 955
932 679 195
107 760 852
114 775 853
247 822 851
333 529 1
67 601 389
638 688 522
159 351 338
715 118 80
73 335 872
376 990 945
372 194 801
801 516 435
717 175 46
119 826 659
876 750 480
923 581 886
738 439 929
335 627 725
358 275 594
804 757 919
145 291 145
244 655 506
224 470 959
608 862 298
664 568 292
711 836 117
745 736 426
834 810 664
212 85 441
184 60 885
852 594 734
848 426 729
532 171 433
523 274 626
256 112 685
6 776 42
252 248 86
68 568 283
675 21 465
899 889 487
502 980 512
282 562 796
175 533 444
471 385 169
96 955 900
821 860 418
946 404 192
609 553 211
225 334 315
604 523 620
478 4 169
440 589 739
451 874 453
716 123 135
419 768 297
862 737 429
368 451 393
508 894 785
584 567 635
112 433 735
368 584 572
143 266 519
761 432 65
741 219 15
213 931 637
674 588 691
226 978 945
629 632 732
982 281 889
464 533 266
823 81 565
332 777 775
808 779 422
643 127 9
644 453 267
558 60 0
899 543 370
879 870 640
566 536 463
528 35 961
31 307 707
604 9 153
850 841 424
71 710 740
580 353 204
889 919 833
53 527 218
651 189 852
823 674 400
573 101 808
296 316 254
139 373 486
441 78 228
429 61 88
669 915 407
343 205 502
682 887 145
788 31 212
375 146 33
192 352 101
301 454 382
15 329 168
716 40 442
940 158 520
791 500 7
455 180 422
385 313 34
29 600 605
384 555 724
977 182 735
987 563 718
376 567 551
83 267 49
417 187 366
121 113 350
111 484 632
138 559 242
641 946 866
340 112 695
380 820 501
954 329 934
844 734 269
619 880 399
869 976 329
175 12 620
227 615 744
466 519 403
754 781 445
138 574 9
686 259 677
580 78 277
295 576 214
9 522 98
841 911 635
842 569 846
473 323 986
234 119 142
57 268 354
412 155 653
477 893 85
603 174 373
328 78 838
560 281 291
501 665 323
947 858 192
911 623 196
244 885 616
955 855 723
773 362 771
281 807 375
662 426 684
256 222 280
387 778 80
895 562 792
26 168 746
55 863 926
735 508 957
378 797 720
195 799 147
810 890 607
636 596 812
139 791 970
894 922 991
890 466 143
997 551 609
593 153 97
477 397 235
691 31 995
360 939 289
245 744 462
978 636 424
588 918 601
11 920 211
823 533 397
386 65 506
831 115 465
71 904 165
968 250 145
855 247 347
340 535 101
838 677 934
215 269 746
356 102 533
912 416 198
897 718 300
810 34 212
750 180 232
673 931 919
303 823 58
889 839 954
176 675 127
80 733 981
939 497 263
19 833 729
308 480 417
495 521 463
123 785 243
881 777 333
864 143 60
814 566 377
665 418 421
593 278 702
392 370 479
890 882 503
79 380 699
265 15 196
124 397 513
661 644 206
78 86 608
491 386 282
889 935 25
416 915 461
93 28 215
626 471 165
273 670 138
697 48 509
936 128 263
110 230 886
301 944 14
818 688 724
792 535 99
432 77 156
788 245 309
571 94 636
29 148 893
709 838 430
597 740 161
215 470 930
563 628 925
836 363 42
903 36 861
369 147 536
305 789 972
523 506 324
61 57 696
663 167 992
212 853 548
997 741 214
20 967 433
920 136 577
715 423 651
521 205 870
84 228 687
933 786 400
475 945 482
126 412 264
475 184 534
133 12 557
992 442 253
276 751 298
613 762 756
182 856 411
617 497 80
603 560 198
608 548 129
944 868 563
833 483 412
669 320 828
66 917 815
297 523 319
605 369 824
24 631 863
905 3 411
993 414 917
514 985 191
636 16 71
443 340 303
911 359 533
540 772 973
350 290 863
849 122 600
121 527 922
231 474 424
230 5 598
659 335 575
263 656 967
569 831 175
451 385 379
644 776 803
552 488 801
28 431 605
892 199 143
142 170 22
294 335 204
309 421 638
940 523 582
370 982 442
140 992 842
508 504 801
650 577 911
970 160 136
548 291 247
394 937 754
461 92 45
644 626 319
437 901 67
301 432 39
206 120 505
618 116 182
683 505 74
729 845 501
377 45 49
222 588 402
161 207 940
180 519 845
893 207 482
800 914 933
67 504 211
421 729 881
809 690 394
210 950 919
948 465 149
412 355 600
441 603 772
292 730 301
741 248 906
265 803 897
115 446 126
263 551 743
171 62 575
170 282 378
455 985 665
117 503 754
555 392 583
58 244 589
55 967 414
725 304 26
97 447 790
138 116 441
186 127 749
189 528 938
73 774 985
795 688 641
194 978 442
630 769 11
325 903 29
585 328 446
125 90 668
537 376 970
25 161 338
58 627 490
980 241 580
676 375 650
153 327 131
792 651 250
916 763 945
655 72 175
365 136 586
591 417 575
724 669 769
113 901 914
286 780 357
856 596 419
769 603 785
774 987 636
34 958 925
618 594 782
188 394 187
754 963 533
289 719 976
434 395 81
961 201 955
143 569 998
551 540 548
604 339 620
790 707 278
986 81 870
822 51 628
228 105 218
581 797 972
157 126 702
887 794 524
854 476 432
335 809 502
128 517 610
342 660 934
675 428 463
375 373 189
171 45 88
77 888 579
428 946 431
623 21 753
395 58 958
442 467 952
334 952 399
591 432 501
908 41 739
782 87 382
968 828 75
954 731 204
723 181 402
834 551 333
904 956 129
963 855 355
881 809 399
50 67 773
801 490 628
146 171 979
701 80 770
555 118 570
405 146 52
609 672 984
311 192 524
126 232 348
760 884 442
576 494 127
965 342 270
256 32 684
678 512 5
461 604 266
684 749 884
298 57 993
179 981 343
957 39 111
287 762 858
251 546 436
923 152 610
883 285 17
34 550 13
560 190 927
835 652 280
119 991 766
350 701 700
269 167 879
998 921 88
6 711 53
867 58 424
136 893 263
593 850 300
957 39 656
903 762 956
769 210 256
739 165 383
405 812 711
671 941 466
272 761 393
331 606 637
868 150 366
992 952 161
602 196 860
860 410 488
951 681 74
439 542 247
403 453 355
42 339 495
251 652 740
35 990 717
323 417 428
488 449 751
286 856 267
313 969 761
715 182 153
780 243 619
24 709 242
138 154 710
414 476 189
931 940 520
738 575 281
15 898 262
362 840 803
945 94 368
111 351 79
207 2 81
999 145 879
459 824 565
769 544 326
613 97 53
132 370 987
614 671 750
632 811 375
867 565 138
31 683 165
262 375 884
731 197 898
455 16 295
224 349 7
49 833 326
705 17 48
271 854 936
183 254 810
47 225 68
787 556 906
784 741 138
453 25 987
612 362 526
490 44 668
295 587 970
647 677 222
725 611 434
724 888 369
130 342 923
942 433 227
920 591 484
241 236 833
833 347 872
860 262 533
285 282 908
243 160 497
472 509 290
833 513 244
354 924 64
739 894 48
119 338 35
636 202 764
671 439 191
896 110 487
955 521 395
174 571 529
822 300 958
215 798 345
158 331 950
16 781 58
46 932 557
953 422 349
25 678 689
273 124 510
245 610 732
640 656 993
679 834 572
783 6 709
131 149 15
368 107 961
0 405 660
176 145 840
81 349 256
171 327 59
554 665 40
412 125 230
754 200 289
622 161 986
1000 831 985
448 525 358
552 384 688
933 826 825
641 783 208
856 258 487
878 676 483
187 534 809
382 102 168
489 246 906
403 54 126
733 879 570
114 403 628
317 269 242
34 551 827
953 993 638
466 382 473
899 827 846
722 862 580
588 786 622
406 959 430
147 996 211
113 863 776
371 593 597
694 177 397
940 624 754
25 484 770
23 151 452
409 836 976
388 225 468
844 950 844
383 808 960
215 931 289
784 650 406
301 944 223
146 792 507
298 256 410
421 817 61
82 590 30
741 183 228
165 236 636
74 406 60
411 16 840
774 51 824
572 710 758
196 187 194
496 989 757
923 441 161
713 875 749
262 730 546
53 309 51
138 930 476
102 51 692
468 854 819
572 142 553
71 656 796
870 231 655
29 69 170
663 720 101
610 17 854
644 624 650
306 501 458
321 723 960
436 288 104
190 531 544
654 9 490
544 41 416
342 628 299
935 717 75
619 650 117
73 899 724
386 633 936
67 57 87
999 693 766
987 522 462
210 859 496
573 70 662
982 944 900
165 218 219
490 711 134
357 671 29
433 291 141
334 126 394
600 652 610
708 566 582
33 712 82
517 707 978
537 968 364
39 134 814
585 691 229
881 1000 324
381 939 727
928 707 48
222 221 680
603 425 23
66 795 331
988 252 919
236 208 574
106 804 877
983 952 359
777 836 408
25 995 787
49 709 740
790 702 783
770 610 886
145 261 140
750 29 291
434 137 261
140 510 633
480 800 722
826 913 915
784 230 79
347 315 68
672 813 948
239 836 231
289 822 42
131 718 545
923 800 878
45 811 169
548 563 966
294 459 777
347 966 693
531 190 768
407 476 756
834 989 885
386 574 134
333 368 958
872 936 600
241 732 252
784 327 429
145 254 873
588 858 165
534 770 990
759 466 203
624 987 711
797 576 451
907 81 157
825 17 712
71 559 949
509 22 310
466 294 76
510 302 683
526 184 677
343 713 754
762 215 848
970 233 989
619 553 590
43 327 288
232 85 723
388 26 983
407 944 188
218 805 776
492 234 11
26 955 592
928 348 606
634 866 701
796 620 654
520 502 192
149 202 717
265 658 915
62 289 532
464 896 774
931 937 80
289 347 936
414 950 70
118 419 197
607 32 963
789 777 678
224 268 247
202 454 326
451 30 405
382 874 678
597 338 474
111 930 562
759 663 244
621 40 393
161 186 837
108 57 141
901 713 752
128 420 926
97 512 278
798 753 990
493 964 264
267 17 743
221 310 155
951 966 512
112 233 412
722 518 410
6 518 332
283 153 274
949 179 574
285 916 805
498 127 944
930 411 212
446 537 424
6 783 995
125 623 18
364 325 932
236 754 191
620 121 773
771 907 789
212 395 109
294 861 542
466 339 171
676 817 741
515 240 523
68 850 526
740 512 358
311 500 379
231 96 296
697 953 746
628 8 791
309 914 705
865 648 916
532 350 363
598 318 92
813 142 59
927 587 926
46 985 317
219 469 598
341 705 235
5 66 319
835 582 767
252 87 72
436 797 774
908 597 802
149 720 509
437 528 973
893 937 55
353 948 128
121 915 909
383 567 314
746 341 679
367 457 131
414 979 869
703 855 258
953 661 857
68 634 767
893 858 428
218 816 835
843 983 174
456 793 351
623 235 868
792 148 410
320 133 388
622 190 677
335 120 206
667 796 356
974 998 969
12 935 735
572 349 5
481 55 257
201 911 942
733 430 823
193 857 645
904 101 239
113 751 758
705 187 711
87 113 919
168 401 710
802 884 319
870 775 495
200 232 422
124 635 290
695 820 534
196 581 822
902 919 146
326 444 8
660 995 408
869 252 872
817 782 337
990 747 261
755 279 226
232 443 463
789 55 87
316 541 63
610 118 162
250 108 158
656 752 465
732 627 268
460 669 705
386 126 101
408 766 378
154 942 121
325 612 438
950 792 738
60 770 251
276 113 440
287 269 37
146 894 939
806 383 464
286 636 109
268 896 712
350 80 93
735 721 885
704 68 935
538 915 277
951 567 354
442 277 238
578 150 369
632 2 208
816 82 695
318 969 924
373 172 314
342 209 575
168 498 80
594 162 579
763 784 421
190 316 276
567 397 106
995 880 925
644 451 406
792 204 137
988 591 793
395 582 253
655 613 134
752 336 151
984 362 498
632 555 95
530 855 200
775 187 369
395 838 602
613 310 371
851 414 863
97 55 213
167 775 781
554 793 919
66 209 778
452 792 535
939 987 893
940 341 358
83 254 25
930 807 17
638 461 789
515 730 706
276 945 666
322 274 692
163 371 42
89 77 893
347 528 812
949 521 392
686 366 722
942 295 103
375 521 363
855 783 904
80 871 799
67 293 95
577 746 961
101 978 950
442 230 78
864 755 59
99 497 740
38 347 921
95 383 344
722 799 595
202 581 292
529 780 827
386 306 392
423 872 195
8 713 796
461 479 787
586 878 855
710 447 474
782 436 631
995 42 471
15 804 322
481 939 200
166 252 351
984 607 471
183 280 485
200 349 276
719 736 891
141 331 486
957 1000 584
636 689 727
213 272 487
785 417 562
357 228 892
118 233 23
181 480 726
205 942 267
602 656 27
337 931 659
550 948 809
938 354 270
493 568 344
451 420 37
183 314 583
303 375 365
262 45 68
291 919 745
344 414 13
96 563 508
912 636 126
54 79 132
661 368 229
847 867 902
79 636 835
745 882 915
472 201 788
397 151 576
702 624 195
21 721 947
603 434 881
557 276 302
760 36 255
370 646 719
856 31 411
189 538 915
333 963 891
259 472 176
345 356 968
664 209 298
612 750 547
510 875 589
179 689 70
470 793 176
583 524 791
360 254 971
156 693 775
207 137 712
194 284 163
245 696 990
950 18 59
382 614 524
710 869 573
48 456 868
928 238 237
950 354 827
240 2 383
183 483 341
748 507 113
67 37 489
215 399 448
212 149 705
236 628 865
617 968 240
962 91 419
981 291 186
962 222 34
802 873 731
316 42 696
514 942 915
371 376 542
485 502 312
823 61 813
342 913 48
235 995 248
964 100 886
886 60 354
7 65 243
627 865 880
313 33 911
60 944 21
234 881 364
114 159 722
223 612 497
818 166 697
384 0 497
619 559 104
749 690 738
211 206 362
258 253 555
641 531 438
965 620 459
617 172 685
750 808 283
278 330 380
6 262 241
886 439 203
843 607 524
527 706 568
685 657 347
260 976 236
336 622 740
965 911 667
247 740 182
957 239 143
784 352 253
905 975 551
998 722 881
988 532 565
78 245 419
841 344 380
554 125 338
456 342 953
582 828 421
832 512 194
627 306 351
821 554 330
936 367 483
913 601 17
193 990 587
258 861 228
937 232 308
156 961 75
135 505 263
504 983 414
247 748 549
588 640 441
419 283 419
548 551 844
900 434 623
893 654 740
584 599 667
726 790 915
122 371 960
901 67 783
97 866 97
252 584 954
695 446 313
956 200 411
366 851 728
46 235 694
439 274 503
400 274 172
864 976 520
175 903 567
515 262 468
102 548 642
27 212 512
937 168 772
15 335 459
654 327 249
136 834 119
888 52 605
533 666 686
612 963 34
921 708 407
485 819 875
894 148 365
465 300 625
951 489 535
960 601 18
636 961 530
634 847 816
23 306 268
728 660 49
424 713 543
15 80 502
66 62 815
105 315 10
4 834 222
970 304 910
80 730 833
537 745 608
745 563 881
251 729 146
62 975 873
906 390 548
594 845 492
727 948 791
597 820 410
943 762 557
714 427 260
870 775 622
501 153 384
563 557 526
319 552 438
102 531 206
298 219 882
819 930 0
309 213 966
719 42 208
120 970 131
414 668 200
642 338 978
188 9 243
964 66 249
863 855 914
175 247 159
621 266 619
160 396 111
131 805 346
188 210 216
172 899 137
234 185 526
1000 916 989
767 431 106
796 524 784
125 539 849
55 78 82
301 310 956
96 52 167
997 814 957
424 692 555
808 577 560
850 548 844
193 630 412
846 48 972
970 556 939
233 699 781
487 411 527
249 158 360
349 497 18
944 513 264
981 776 895
347 799 462
114 387 371
358 894 784
869 82 991
164 27 837
973 342 837
484 783 994
754 58 404
410 170 308
622 523 359
84 623 92
585 583 315
462 248 982
512 6 282
195 566 287
393 374 573
236 293 27
887 241 429
729 819 537
598 654 451
456 959 913
535 202 236
443 673 351
623 895 211
528 476 49
718 103 315
41 645 231
566 748 638
290 488 132
85 685 706
85 347 941
156 73 489
804 259 643
898 531 216
738 619 309
912 386 526
498 786 725
330 509 185
534 284 311
889 21 783
149 246 972
480 943 435
35 978 332
151 484 28
988 516 799
655 451 218
856 507 982
2 89 4
250 819 431
256 898 520
612 611 963
357 296 747
976 411 129
891 513 597
942 723 855
861 505 367
483 394 53
680 291 214
994 738 822
271 121 481
738 683 644
151 433 524
135 589 401
980 21 741
513 765 165
949 895 164
615 883 426
124 386 60
960 23 562
860 843 920
629 865 421
241 840 130
596 166 93
125 317 468
676 440 432
723 120 684
955 339 809
92 96 105
751 413 820
781 235 566
120 934 118
458 196 442
24 426 978
612 657 696
450 643 588
801 256 643
272 324 783
794 875 388
7 814 372
407 432 604
71 459 757
526 304 192
997 792 367
991 587 643
444 975 73
194 140 202
603 224 84
818 69 526
582 108 270
979 391 603
411 173 377
454 568 416
225 475 29
457 550 198
948 718 491
538 554 438
840 835 429
861 476 187
160 336 363
460 545 470
757 577 37
858 279 178
727 422 376
631 432 8
878 405 701
823 67 805
587 970 669
22 78 467
808 740 767
373 960 891
811 931 427
350 339 817
844 959 138
7 400 584
606 108 704
792 659 893
996 913 520
687 959 654
881 641 916
567 104 709
31 291 280
757 55 634
770 41 432
469 605 501
252 957 849
498 595 126
360 224 664
488 986 987
124 868 49
848 171 816
991 964 504
550 708 848
660 150 773
598 747 500
29 451 895
68 197 40
535 752 470
914 803 48
808 707 472
519 493 653
258 246 961
285 127 56
368 524 636
980 338 230
187 501 366
191 735 836
142 864 891
914 635 764
440 360 211
347 596 5
907 910 368
509 70 565
295 240 648
83 677 90
128 637 912
754 250 853
396 762 797
710 663 260
790 911 987
853 691 879
440 273 237
420 147 242
1000 131 153
6 567 815
916 901 270
528 623 21
643 540 633
836 431 992
201 504 926
101 294 580
180 564 57
718 673 691
893 155 529
375 253 668
941 527 955
481 722 315
224 703 131
888 82 258
274 391 624
520 649 773
672 970 152
876 128 654
370 609 188
139 279 437
999 374 499
22 360 388
57 915 707
634 947 549
730 829 262
260 948 575
200 10 932
857 568 788
945 337 376
64 359 189
328 491 246
652 535 223
193 648 805
431 550 403
184 544 166
368 504 783
94 626 674
570 572 101
306 527 937
729 47 820
59 754 397
646 849 693
219 642 469
833 659 399
513 901 114
329 279 39
870 766 409
449 358 546
390 448 877
159 857 468
625 152 65
191 684 742
54 474 325
937 638 966
239 738 721
174 779 957
188 70 14
420 351 224
418 790 916
473 897 52
229 676 505
72 923 488
594 958 252
348 761 531
323 849 185
319 643 52
814 631 306
14 115 193
752 182 291
833 167 933
753 43 806
231 858 287
217 610 999
52 189 267
46 651 908
242 776 414
11 681 44
14 857 167
754 824 131
940 805 578
815 300 548
684 369 275
13 443 776
625 906 670
368 388 817
13 437 891
829 86 293
669 127 136
784 387 14
452 524 839
633 356 152
175 295 615
486 867 177
584 866 715
73 157 953
486 202 629
349 379 166
418 932 207
248 357 950
790 364 507
569 69 397
677 256 99
96 260 290
566 222 437
520 482 886
299 929 279
464 789 634
686 954 469
259 392 347
137 946 344
108 692 771
703 958 719
753 389 56
577 470 580
893 81 823
21 172 950
722 545 111
211 714 342
360 740 163
776 740 289
201 159 975
313 47 471
40 802 613
126 562 822
424 551 265
649 243 172
998 959 969
795 798 460
999 223 945
840 571 109
355 80 356
935 385 219
199 809 39
135 939 49
31 772 135
833 424 890
976 2 803
800 116 132
518 606 936
445 920 353
658 942 919
467 583 709
934 945 209
578 538 224
3 238 890
179 249 377
155 799 968
682 828 621
340 583 804
956 74 105
959 188 534
715 753 138
524 253 766
638 477 183
336 876 177
292 756 193
620 274 262
268 733 404
557 535 473
699 919 457
659 327 883
335 467 72
691 374 244
213 971 584
358 358 430
912 882 55
13 223 487
208 982 829
107 640 144
817 739 877
499 793 76
340 898 780
756 200 434
966 452 483
178 9 372
238 882 328
159 258 405
549 905 834
209 346 955
383 234 18
869 214 315
229 926 856
687 455 696
915 383 45
269 205 228
839 987 330
49 561 663
636 341 71
111 494 460
520 889 379
150 786 996
580 772 957
385 148 607
965 121 880
505 759 942
587 87 335
207 209 412
338 156 627
692 794 257
618 828 975
788 985 421
594 935 194
259 152 558
392 978 797
357 216 38
498 23 861
551 106 763
278 503 375
896 407 922
988 221 952
342 75 295
938 690 786
476 22 898
606 157 729
721 963 535
515 785 933
735 360 471
126 646 418
445 715 878
250 767 537
747 543 212
611 794 322
459 486 803
77 349 91
195 590 934
798 206 501
747 652 218
931 81 898
863 991 490
426 50 108
990 517 466
885 209 601
938 268 483
35 467 789
925 327 982
605 0 37
71 955 721
765 787 325
425 725 943
848 537 895
811 637 241
916 513 868
639 468 967
507 423 600
137 880 929
753 563 368
858 371 57
676 181 370
341 626 71
798 535 213
539 512 792
289 612 843
498 623 338
977 903 477
945 476 52
563 627 218
423 767 265
860 858 625
340 415 608
98 693 3
501 761 494
952 196 473
634 687 733
727 394 81
315 277 433
154 959 228
630 903 396
718 632 555
132 896 136
807 500 794
452 975 695
346 140 368
786 35 875
981 920 87
113 383 632
36 349 739
235 308 823
681 871 65
10 446 129
163 715 37
117 358 889
513 204 853
852 188 968
234 628 981
440 589 682
335 969 916
839 511 694
846 257 798
429 185 320
564 516 143
835 7 855
414 323 504
477 337 944
290 606 736
283 890 593
75 935 137
81 813 498
644 377 45
111 483 861
368 978 815
262 786 297
187 733 668
393 15 828
919 774 557
906 392 630
489 202 515
78 412 38
756 618 515
875 623 650
981 393 776
293 126 373
857 845 562
312 151 864
142 923 912
703 961 584
101 251 250
147 452 26
105 250 597
416 23 632
65 654 721
418 830 135
581 787 547
176 716 161
970 215 250
379 760 939
87 322 840
465 927 886
785 998 993
836 621 619
101 278 971
968 642 113
635 631 608
254 638 809
390 548 662
439 980 756
855 244 7
438 784 608
774 249 926
565 659 958
387 488 687
509 101 980
554 118 264
121 596 33
728 549 531
787 510 24
15 775 98
363 392 953
292 222 609
400 381 971
878 279 265
769 91 480
488 343 292
221 795 721
793 778 563
772 553 713
827 683 32
155 819 720
605 415 871
793 455 915
840 346 984
566 642 873
863 147 367
964 911 966
392 162 581
217 215 647
795 596 543
956 285 681
803 837 551
725 536 293
816 731 366
689 828 445
399 980 701
979 59 33
720 147 891
839 295 859
902 501 155
234 299 552
73 514 45
657 300 79
238 398 676
657 340 644
141 373 480
756 575 848
95 387 462
208 550 23
973 92 685
886 710 887
262 958 68
654 868 949
267 324 588
834 403 34
739 404 234
969 999 872
863 774 963
453 553 884
151 9 8
221 819 162
827 466 135
135 206 661
524 189 327
281 323 816
844 836 658
256 673 847
505 395 977
122 664 389
559 28 954
421 890 844
510 698 579
41 683 55
820 506 222
37 795 64
124 138 723
287 387 298
709 105 349
299 50 23
595 784 18
385 945 816
545 290 97
907 654 846
650 722 945
459 551 409
191 894 284
152 878 234
771 493 213
125 2 486
393 425 817
93 930 314
634 960 534
991 260 459
93 282 982
843 88 832
911 912 820
29 475 871
475 902 621
150 768 154
223 598 154
714 602 15
65 207 868
805 822 952
624 253 394
336 56 253
639 564 995
400 540 739
812 391 15
384 35 726
915 216 397
223 964 832
563 60 203
689 741 437
969 864 121
325 310 758
164 538 585
702 286 762
671 154 974
385 515 633
310 243 866
285 674 181
717 885 424
158 508 360
859 453 797
484 350 669
833 838 964
791 680 947
403 100 594
492 852 282
70 735 670
614 632 606
706 44 847
875 87 676
502 714 72
620 235 846
775 850 865
2 967 163
575 538 811
74 543 578
572 417 168
389 677 597
14 564 280
3 378 919
479 118 494
781 920 61
404 973 626
661 155 384
764 541 511
642 559 325
535 472 425
150 68 163
175 674 772
465 537 519
702 1 865
698 725 808
238 631 222
345 194 48
728 883 358
323 937 557
52 729 188
441 805 596
366 5 909
651 804 122
672 562 872
90 63 373
507 320 307
387 685 690
431 847 819
286 877 858
749 23 615
854 40 762
427 559 587
11 149 5
859 321 97
760 402 462
786 511 205
86 671 204
316 192 686
607 368 495
42 158 899
575 36 287
64 176 671
714 372 53
319 178 127
151 221 534
407 518 627
54 117 201
9 826 911
651 170 842
329 602 206
7 19 298
791 580 126
988 392 798
83 57 586
694 481 195
586 314 327
83 188 740
113 200 244
228 496 662
232 743 964
662 764 133
424 646 316
958 608 402
499 753 78
268 329 586
161 270 760
148 486 270
300 426 233
547 548 25
304 965 197
291 412 926
90 667 275
611 590 415
590 510 996
680 980 757
542 76 401
590 343 672
370 706 635
284 393 719
583 509 660
468 563 920
501 448 272
200 260 138
714 114 777
936 30 364
666 550 344
837 993 782
719 586 467
59 278 25
675 759 542
746 572 769
33 898 251
810 557 738
157 146 918
468 748 995
140 750 711
811 159 155
726 191 12
874 483 412
672 580 893
564 622 410
732 244 757
19 8 853
231 990 878
945 646 107
580 166 207
282 986 702
346 951 903
983 136 807
334 759 383
974 988 312
645 5 802
761 216 812
929 222 913
638 676 285
553 265 770
366 70 763
513 752 794
162 488 580
449 934 807
270 514 329
238 521 151
226 183 964
568 337 787
909 68 692
912 960 922
442 331 629
161 349 45
708 927 0
415 444 396
219 335 315
250 785 369
512 257 178
339 618 836
114 288 725
528 705 59
742 817 206
564 45 776
408 962 20
135 667 146
321 955 884
920 27 138
899 892 481
1 692 74
665 113 267
885 158 645
678 859 2
368 462 412
979 195 909
751 75 856
900 43 804
886 238 221
45 690 260
78 570 231
463 662 363
691 911 689
390 291 625
117 646 390
787 270 407
446 411 631
956 145 698
870 912 789
819 800 710
247 581 737
969 194 789
642 297 627
275 396 467
247 111 952
554 642 130
670 24 969
675 176 160
495 367 158
974 179 159
994 781 129
244 85 753
574 472 158
677 151 177
588 34 303
15 8 152
863 624 346
553 582 615
918 364 439
944 251 99
57 944 544
751 926 83
981 607 972
361 804 977
979 884 365
57 209 391
6 814 694
127 236 497
724 919 493
283 922 350
125 378 710
821 638 488
461 652 69
828 201 52
53 4 645
48 919 868
847 482 280
933 903 681
126 397 344
451 483 552
792 224 436
782 163 217
638 235 96
341 824 947
187 124 552
84 596 707
843 400 776
166 270 77
311 409 252
573 75 462
817 228 407
590 711 427
422 12 247
360 747 260
897 906 22
577 286 833
756 594 566
403 758 863
188 675 230
994 792 54
197 593 374
9 239 778
784 299 647
477 28 68
23 237 77
392 857 314
282 876 933
211 983 28
213 874 141
592 662 730
124 65 106
149 788 20
181 566 983
402 386 958
549 726 289
370 960 260
613 367 640
772 808 549
598 773 722
597 508 921
772 417 548
280 393 285
439 881 718
210 547 83
332 361 346
654 893 64
51 889 660
97 132 103
236 644 791
453 713 208
6 435 461
205 296 805
292 629 778
44 495 945
282 96 471
481 254 786
552 439 142
251 256 264
789 653 404
781 469 152
834 377 677
154 582 871
362 664 967
607 112 542
622 755 335
856 603 304
312 977 138
420 94 627
40 735 45
542 571 233
433 313 862
114 649 709
422 802 241
796 208 285
380 773 489
139 204 522
682 233 713
276 128 80
548 53 290
571 821 504
826 885 812
811 756 910
492 658 148
809 871 184
400 553 450
659 648 10
134 865 909
609 37 908
871 256 165
349 795 240
278 551 677
803 247 385
253 589 98
324 603 171
216 329 86
286 708 797
129 418 393
18 123 249
149 240 82
428 841 280
24 392 27
214 309 300
666 894 963
332 155 664
655 880 469
520 593 186
720 227 111
784 709 559
417 278 400
274 732 351
390 144 542
145 303 712
777 353 420
314 661 63
868 446 473
18 854 583
317 567 870
568 491 900
507 76 70
256 128 316
290 67 878
200 842 214
611 623 428
872 818 943
258 619 283
767 693 217
661 990 720
333 494 405
819 733 12
37 710 90
264 543 128
386 207 448
503 76 113
261 156 130
968 36 988
691 483 110
75 363 114
40 258 625
639 30 722
293 468 492
454 904 423
754 432 480
965 975 888
539 349 151
233 798 231
582 681 517
57 773 282
344 955 111
744 777 535
785 690 878
384 784 160
324 216 726
911 152 920
534 770 963
395 360 90
154 2 725
482 388 296
64 877 766
20 512 277
169 438 496
168 542 636
436 7 822
421 22 811
793 391 68
808 523 697
913 294 703
128 529 463
180 343 827
99 432 1
479 791 479
926 316 504
203 683 7
452 760 94
616 506 657
608 235 783
529 304 521
154 790 514
355 451 755
70 235 356
650 558 943
764 698 282
257 489 844
818 65 736
351 325 800
241 466 384
20 435 512
751 483 407
312 905 309
658 497 846
719 386 557
923 589 169
432 446 628
160 261 429
663 262 550
657 766 617
32 873 241
338 429 960
715 243 420
688 548 820
105 445 172
221 692 28
65 216 216
225 30 650
219 291 118
755 723 933
369 452 45
293 361 153
344 461 516
682 761 77
598 338 548
622 642 710
455 1000 671
450 497 569
348 328 68
130 52 423
844 186 810
380 226 972
589 31 684
899 964 868
997 195 163
353 862 776
749 747 194
600 905 383
984 939 400
424 411 261
565 782 365
149 246 327
103 920 563
458 143 466
617 881 467
427 912 649
806 867 936
139 745 840
496 324 262
39 158 433
834 534 182
782 205 735
637 774 588
237 136 841
234 236 401
755 672 343
633 247 956
593 133 602
952 840 422
910 408 478
510 92 930
760 451 359
613 751 769
379 695 77
443 500 239
145 559 756
134 408 238
112 961 571
765 129 35
269 114 960
445 939 12
326 198 267
679 285 647
955 432 583
98 891 771
156 905 223
174 102 3
693 947 46
710 734 342
34 796 593
868 95 785
662 499 148
929 772 464
228 557 919
189 709 672
176 397 404
270 538 67
160 462 97
124 400 464
795 687 302
21 895 420
674 250 946
218 786 436
714 775 517
546 213 384
989 799 678
751 435 421
368 111 344
712 637 1000
302 185 589
727 490 977
717 183 144
548 98 973
374 95 251
256 304 190
961 817 277
18 26 998
172 923 154
768 940 934
812 618 403
282 170 606
268 745 195
310 286 693
157 75 862
87 237 646
878 372 385
90 266 117
438 36 690
601 606 235
193 348 353
313 692 490
109 821 210
357 389 732
627 457 847
582 433 916
530 36 324
330 957 646
943 330 702
7 430 99
278 468 125
392 255 396
981 610 636
75 290 371
744 693 259
450 558 293
832 385 441
772 989 736
467 602 477
787 543 623
141 592 444
321 748 903
285 867 516
146 293 436
510 82 621
563 704 331
130 6 473
860 869 999
60 276 862
929 243 910
410 822 568
386 785 235
92 684 396
92 460 81
377 412 576
415 379 231
269 850 759
842 328 325
605 972 85
270 485 15
304 639 457
882 77 492
198 412 646
574 874 778
417 292 226
230 884 511
89 676 165
240 208 362
359 763 263
631 460 81
766 770 744
177 981 162
892 866 654
545 705 844
816 204 314
637 352 327
650 532 611
934 854 641
327 574 967
8 789 153
197 368 836
318 817 911
662 863 273
17 653 617
708 372 88
92 347 731
430 902 209
17 288 966
943 818 313
191 338 135
974 45 689
187 296 58
714 196 3
382 636 583
626 772 138
239 264 537
546 450 455
275 517 392
999 121 617
116 842 808
907 295 452
560 192 387
768 925 749
238 357 783
924 806 460
759 843 275
119 84 249
32 339 341
657 393 487
789 818 79
346 165 325
56 118 310
926 569 386
96 109 528
554 991 719
981 913 303
718 292 796
57 30 431
372 759 468
420 984 861
145 919 489
71 551 235
950 993 323
19 480 673
517 978 698
745 432 104
122 833 272
6 583 406
176 428 471
251 868 432
799 458 655
57 311 662
265 969 251
245 776 881
269 579 76
351 120 305
185 416 524
755 375 467
69 811 14
845 182 947
798 984 601
379 931 164
328 737 334
11 577 928
388 26 998
784 907 714
135 721 997
375 24 280
373 722 496
459 734 691
906 645 699
525 395 730
40 1 918
183 360 835
376 47 136
312 391 549
881 122 555
535 927 561
167 9 926
599 258 242
111 254 0
816 904 556
735 305 181
629 882 176
463 183 293
848 726 94
391 308 16
933 452 585
666 873 502
387 50 833
3 252 751
757 176 942
175 241 850
604 393 600
199 66 451
237 745 432
3 600 932
791 253 878
26 581 476
849 721 929
468 86 308
44 564 841
352 950 919
220 47 601
6 727 905
494 316 801
332 780 195
623 531 576
927 820 400
367 617 125
88 854 804
638 514 119
479 241 38
410 760 646
614 40 290
59 129 307
43 976 203
296 993 811
908 676 667
54 253 557
213 624 336
5 880 209
911 761 743
24 200 520
597 686 712
636 704 516
976 600 723
426 449 243
552 571 49
472 357 554
411 446 864
239 132 11
143 233 834
754 621 774
524 265 322
509 90 711
687 691 770
875 402 481
642 470 942
503 133 484
48 893 699
67 737 785
586 850 717
184 616 592
839 542 940
462 793 360
481 432 214
878 365 522
38 812 137
826 476 577
241 564 457
589 11 845
836 743 372
706 187 69
419 978 991
286 71 441
534 249 829
669 394 959
288 323 386
561 405 456
805 833 893
878 327 773
759 586 444
825 276 885
866 224 24
941 906 903
527 632 315
682 549 418
123 330 21
507 965 940
369 213 988
591 340 98
95 848 622
710 892 168
836 774 798
586 564 430
328 894 210
91 885 511
532 659 670
149 240 448
542 152 496
104 982 727
547 304 508
739 93 895
596 606 667
420 431 226
997 595 113
108 271 441
591 142 15
7 762 296
349 288 355
374 491 980
661 785 353
637 978 565
11 395 423
514 896 907
405 476 186
5 647 81
315 938 463
175 402 101
513 560 371
401 926 525
693 621 617
831 268 577
54 643 67
114 874 329
505 638 622
416 991 901
17 291 71
189 192 780
465 682 342
829 271 5
197 130 40
688 547 229
620 930 207
656 554 66
543 743 6
368 545 537
4 425 377
721 616 416
664 926 981
135 950 481
330 214 962
485 815 655
269 663 314
895 39 758
815 335 286
979 157 927
267 313 887
766 583 138
237 740 8
652 241 176
162 665 620
108 951 179
902 765 37
25 993 180
692 15 531
26 268 675
948 24 180
220 403 61
150 612 771
451 331 902
731 174 320
674 471 913
245 874 683
414 712 697
555 357 548
916 942 844
664 241 660
511 875 773
227 819 572
115 311 612
76 499 31
412 553 299
423 593 884
233 972 686
95 711 803
473 574 846
801 921 256
88 151 526
989 782 907
322 676 166
413 368 985
759 256 600
66 632 130
699 168 511
500 776 610
958 47 647
342 973 561
632 530 949
267 146 570
627 66 475
24 184 99
873 903 910
691 562 418
397 521 924
40 612 284
912 42 388
481 699 568
850 206 920
239 142 255
980 64 707
455 218 64
838 12 617
101 587 752
446 443 289
10 522 297
616 496 920
96 713 268
715 277 661
65 890 829
189 219 614
10 662 412
332 45 726
774 825 16
70 406 701
919 469 369
228 265 651
184 912 245
524 275 858
329 235 857
281 711 696
986 619 453
544 610 415
871 590 487
712 137 909
994 585 197
319 803 130
643 169 919
875 534 685
153 514 134
312 256 204
864 77 377
397 858 70
38 185 222
896 76 879
846 99 132
846 448 585
682 603 917
957 663 313
339 376 506
796 783 864
949 866 861
848 988 858
863 923 788
514 289 223
42 623 98
831 566 312
663 871 830
512 281 793
477 408 333
183 891 968
694 476 429
657 99 798
923 281 785
257 187 628
256 304 229
381 993 210
953 261 447
975 59 889
500 713 947
800 152 864
664 151 110
680 229 6
521 539 86
238 771 471
906 213 131
235 734 829
518 929 964
879 314 874
825 793 947
399 360 499
899 770 618
289 773 138
152 420 768
610 195 530
986 415 435
855 437 651
938 843 450
356 368 853
710 718 497
492 59 832
727 464 200
630 463 722
980 866 579
80 556 596
567 364 814
893 248 175
274 980 314
610 163 391
183 382 880
404 866 309
214 79 60
309 574 322
279 708 61
977 692 24
32 59 554
942 283 160
319 812 867
208 322 855
990 892 84
218 596 223
64 146 894
404 85 305
333 624 116
426 585 622
701 414 351
49 873 786
121 392 126
757 686 784
284 916 481
722 774 855
574 870 678
575 194 541
802 693 983
948 50 234
237 153 452
812 984 525
627 547 676
536 480 150
606 775 552
241 179 41
478 957 867
663 324 88
913 624 21
298 704 389
157 599 483
665 173 510
465 503 351
624 280 88
5 332 210
403 288 512
805 678 460
887 878 524
25 343 760
552 57 683
54 308 547
559 652 615
80 204 259
298 127 329
590 678 630
846 645 357
686 925 822
77 344 608
697 448 36
372 265 815
931 901 94
559 55 401
484 533 474
917 261 519
884 943 688
817 153 787
212 799 597
683 120 199
968 930 357
128 701 102
691 400 199
167 999 71
884 829 705
939 884 477
828 723 400
526 639 732
437 85 883
630 234 858
438 450 273
368 890 376
308 677 20
143 131 316
373 853 318
194 234 316
189 359 967
163 535 648
398 295 471
216 361 658
857 191 830
239 479 368
519 884 454
815 205 88
706 767 502
147 472 822
503 989 219
823 926 15
859 163 947
560 15 774
254 588 456
268 805 867
11 233 600
521 866 729
32 601 302
581 30 143
672 934 718
206 817 162
619 94 600
252 928 500
267 3 284
183 21 893
269 123 589
904 916 499
295 366 162
815 461 706
853 225 389
921 294 908
324 958 517
240 686 815
258 832 652
272 111 563
480 478 829
854 865 513
551 282 62
573 124 877
92 976 804
903 455 9
579 99 107
435 126 855
660 367 344
641 619 700
130 745 687
44 686 519
666 178 783
995 593 397
459 289 616
944 334 867
72 117 278
492 64 91
11 637 638
286 734 55
31 10 538
588 790 263
431 983 776
802 537 692
680 808 77
531 164 827
344 174 917
907 494 627
301 374 451
47 437 420
238 888 7
646 258 351
328 798 306
403 472 220
411 717 217
832 700 339
749 362 455
129 816 326
271 335 634
499 323 413
657 218 874
180 227 128
610 529 448
680 941 920
256 809 332
408 567 112
407 172 230
64 492 442
90 876 74
835 629 129
935 204 792
453 482 710
457 78 176
940 26 693
671 186 937
541 163 436
455 462 561
856 333 7
101 998 878
415 787 409
956 707 63
503 499 83
561 1 756
573 736 410
309 803 312
354 402 713
656 207 939
698 831 668
771 828 175
535 371 305
320 215 100
631 64 139
881 570 711
900 374 813
660 946 480
243 390 111
55 437 521
817 503 840
224 494 800
859 826 141
187 346 906
563 635 438
741 704 675
406 277 857
731 326 859
678 437 899
737 890 337
170 982 566
136 667 698
770 167 575
592 29 862
658 104 812
981 773 516
347 550 61
799 157 736
303 535 40
501 194 902
290 935 43
614 585 618
671 250 627
823 615 445
842 306 613
273 327 879
150 884 157
759 838 888
236 426 843
461 719 780
974 940 902
21 948 734
960 975 310
282 527 112
245 551 229
676 99 498
466 101 501
394 369 98
97 995 152
199 756 983
419 927 705
256 256 49
720 415 419
370 531 25
942 528 314
519 32 294
322 411 340
380 676 38
959 727 738
963 553 645
343 352 22
281 175 414
219 645 445
730 546 450
696 647 891
828 561 865
468 300 929
14 40 14
241 973 578
328 78 577
127 236 712
668 982 470
649 363 124
964 654 471
453 511 873
253 439 705
174 74 341
14 602 995
987 881 909
186 326 335
396 732 979
566 530 677
0 747 305
951 724 914
865 83 103
429 438 233
120 346 505
834 956 810
667 492 197
343 495 960
907 293 627
21 722 416
734 474 413
784 356 839
340 358 394
352 752 745
674 681 157
179 646 746
801 884 996
741 449 617
345 157 497
785 197 156
864 613 272
922 957 482
461 760 872
966 364 24
261 390 94
33 639 141
701 700 754
338 993 661
747 314 559
21 893 816
230 28 810
690 360 318
529 42 885
594 117 801
961 850 614
780 46 432
369 113 136
138 452 127
801 631 473
152 912 551
58 410 579
533 905 553
208 386 548
381 559 873
356 125 20
812 149 63
689 550 828
126 410 363
407 954 576
696 894 803
824 777 13
79 395 802
67 891 828
716 841 133
21 814 528
462 641 484
923 823 309
414 620 421
796 141 169
411 643 682
606 991 527
793 997 748
396 971 375
808 115 616
400 106 23
494 732 713
586 680 305
26 853 317
606 975 343
463 73 765
424 764 345
348 147 503
122 112 552
647 933 183
835 357 884
488 215 805
763 975 682
467 505 169
633 449 381
348 552 533
295 632 234
158 652 361
1 866 195
634 333 372
966 434 74
89 909 30
294 701 921
675 332 372
276 380 236
879 723 13
976 899 134
39 533 215
817 613 162
361 915 906
594 130 6
513 457 302
189 825 127
322 12 708
230 155 165
449 202 14
684 568 826
73 665 6
165 266 295
306 359 924
514 376 13
882 359 972
549 523 215
144 160 645
813 846 203
709 917 156
373 48 808
917 920 59
839 475 617
188 626 923
771 316 328
674 472 47
875 519 254
19 8 753
507 360 85
595 651 918
102 946 712
919 815 893
103 74 767
11 580 182
750 458 191
241 54 523
725 988 624
959 985 183
319 190 197
1 985 195
843 349 276
831 929 944
33 17 222
306 913 893
328 227 601
223 434 981
713 257 691
68 317 932
845 275 24
874 643 524
834 228 605
373 19 6
124 462 534
282 186 983
279 816 564
128 735 516
651 154 872
456 118 961
827 77 666
886 872 684
853 237 626
215 551 669
231 768 54
549 809 250
328 920 245
469 159 727
970 380 477
690 635 680
53 158 842
339 322 382
380 80 922
66 545 921
652 511 430
444 864 302
632 125 733
421 166 88
844 522 41
283 73 101
825 45 90
58 337 78
617 805 922
435 66 681
769 680 905
510 794 637
857 467 89
913 401 462
371 23 168
557 37 188
926 381 752
788 235 888
415 72 691
292 821 561
328 333 252
265 569 179
791 630 248
653 909 624
565 61 537
224 925 326
300 261 21
323 314 366
349 83 418
881 260 721
732 935 885
385 775 447
56 883 765
366 324 703
20 209 535
936 318 255
838 252 550
542 202 573
770 703 407
571 126 608
173 251 955
550 669 404
38 174 128
936 368 600
108 632 947
71 510 176
382 941 76
172 297 667
687 987 936
927 101 208
755 299 751
390 510 864
854 288 968
257 311 208
297 486 629
504 412 593
164 988 757
381 862 151
593 943 261
358 935 181
176 722 524
296 457 153
519 118 132
619 260 475
613 54 0
612 300 774
987 12 459
913 959 868
119 482 966
105 275 853
523 77 599
884 744 373
238 687 160
688 405 103
901 832 251
482 27 312
123 233 886
99 381 84
510 695 841
909 860 626
161 545 957
777 714 905
673 342 352
332 22 271
784 760 849
849 349 526
62 192 84
708 19 972
548 180 431
430 744 453
23 173 480
227 412 566
808 348 913
163 775 791
839 876 471
680 910 371
758 1000 402
439 561 764
375 809 555
259 96 68
456 400 425
586 455 697
231 39 64
634 560 783
603 667 41
33 5 748
896 149 30
19 356 127
913 959 901
841 254 638
214 915 215
793 992 118
586 564 703
902 385 7
31 611 916
530 461 255
919 670 110
991 550 33
519 607 545
374 424 815
100 781 334
31 426 991
884 369 808
105 97 358
414 66 576
634 172 957
90 974 260
188 438 919
400 545 108
802 651 198
795 244 93
249 187 729
447 678 522
924 243 682
997 691 400
509 846 824
702 281 326
303 186 325
931 809 403
418 305 63
794 228 835
395 30 349
399 339 396
22 134 535
507 844 610
351 551 181
946 699 946
970 452 651
998 695 680
973 987 129
1 244 503
588 914 75
40 920 341
404 486 833
448 540 766
245 354 889
690 99 429
663 760 288
414 740 720
862 856 352
218 99 775
199 172 708
673 533 985
821 182 112
429 251 321
850 310 732
84 200 435
152 911 456
430 32 73
485 154 62
663 687 101
624 916 147
342 982 493
29 18 782
902 622 182
667 243 237
794 633 208
103 31 449
508 131 722
495 878 837
133 385 449
224 691 138
979 212 598
279 361 862
201 896 813
730 901 447
297 114 25
600 255 447
254 734 35
522 126 611
331 973 261
45 90 291
27 348 423
156 680 947
168 979 953
820 627 293
686 522 268
771 19 916
412 886 628
197 556 931
83 925 966
204 260 848
968 327 613
766 17 133
15 907 358
330 630 335
440 46 886
513 341 593
612 652 152
50 334 981
991 179 920
661 101 607
137 924 670
950 939 830
833 302 359
938 155 601
609 727 936
702 215 78
57 371 147
627 963 86
779 904 275
685 723 872
348 318 177
215 870 777
419 285 140
86 921 842
977 400 915
516 726 949
733 942 605
124 35 943
661 220 678
669 142 172
42 647 261
146 559 234
263 194 872
732 252 818
138 237 149
815 129 178
33 230 817
213 917 416
12 338 916
184 898 542
209 13 70
997 398 343
229 929 69
604 507 685
83 397 602
14 196 287
655 599 544
744 226 608
586 117 109
423 188 990
855 526 335
635 992 167
797 521 856
658 804 415
49 886 673
688 630 823
788 225 721
777 722 31
467 837 914
607 637 125
201 43 289
118 362 745
341 899 549
627 31 625
370 519 814
459 956 552
745 758 128
1 484 99
662 627 783
778 344 289
35 622 394
743 970 557
828 176 983
329 712 788
638 734 795
330 553 5
866 842 218
548 681 915
511 895 68
482 404 407
809 164 727
767 382 926
450 791 927
797 280 249
777 381 130
27 119 525
521 200 921
190 88 794
284 627 312
50 895 160
425 905 822
421 772 182
613 525 840
361 799 338
421 209 616
117 646 473
865 919 723
601 481 516
722 994 944
526 919 774
654 654 606
687 93 16
726 255 680
226 826 699
483 670 822
811 783 790
215 305 358
838 971 784
321 693 281
971 879 290
80 789 263
975 554 767
331 125 538
44 691 704
120 271 615
882 222 53
948 312 493
145 807 316
343 645 476
986 330 275
828 109 883
347 186 640
405 478 323
84 976 939
109 443 331
380 122 947
939 272 170
866 566 638
696 228 482
518 437 370
628 541 864
684 858 161
280 550 215
311 149 410
769 867 229
930 924 581
635 149 666
564 696 128
266 613 520
101 985 683
156 870 610
300 900 72
905 193 250
520 864 988
946 730 762
278 331 897
710 532 257
286 978 139
737 843 365
761 589 13
424 768 874
21 63 165
110 100 68
258 600 19
591 254 663
340 272 620
145 947 313
100 459 381
772 889 169
325 326 894
673 114 955
156 586 482
546 631 764
637 943 750
512 619 830
313 322 627
140 729 980
686 300 993
491 401 396
334 162 811
254 944 289
863 301 619
285 262 843
537 795 938
588 29 950
654 286 790
982 902 274
955 11 329
153 230 411
917 245 664
37 14 914
672 419 738
506 998 296
650 516 888
999 463 333
241 786 969
639 346 235
664 776 71
996 127 14
2 34 267
766 487 341
363 585 997
311 769 218
122 960 118
597 870 335
817 352 534
804 919 898
509 737 991
720 998 619
42 221 136
507 405 345
12 907 750
590 159 673
800 9 35
507 668 364
3 976 922
761 669 201
331 56 871
678 207 551
754 225 211
749 239 550
662 389 994
612 594 717
654 768 26
187 236 945
82 971 44
673 199 307
897 806 261
206 380 715
825 239 449
162 311 939
317 196 703
922 191 770
74 116 585
160 819 776
206 920 45
71 638 169
91 18 287
416 126 353
383 890 677
353 437 246
158 561 24
212 508 640
265 907 224
38 721 530
858 865 259
274 396 43
667 827 997
14 756 759
80 940 944
762 740 352
547 7 690
117 313 890
245 445 502
748 874 274
877 206 166
745 729 203
658 90 637
79 303 665
179 436 6
211 229 506
78 269 124
147 244 383
680 752 4
94 611 736
159 293 549
115 918 332
540 666 373
843 786 61
495 464 839
713 724 508
429 754 656
44 982 286
634 911 74
711 210 507
125 611 575
553 517 626
111 760 411
101 218 440
631 936 946
760 614 853
573 750 97
568 410 715
928 335 323
423 970 796
659 216 947
833 509 160
710 366 682
17 316 106
216 943 884
877 686 370
888 464 6
154 893 491
127 506 61
604 976 803
824 492 182
127 6 830
160 286 135
658 583 402
559 624 394
824 365 65
69 715 409
477 477 797
288 245 211
635 866 866
546 541 313
540 499 202
964 257 861
634 814 451
364 99 429
438 82 945
535 331 626
136 492 964
720 246 703
72 339 642
600 368 502
355 201 475
956 88 194
765 923 898
511 241 913
447 3 102
884 150 168
829 643 623
893 353 457
240 740 759
507 246 2
638 262 258
703 853 806
677 233 31
244 845 472
563 763 968
498 32 62
929 127 362
97 578 223
161 91 883
109 476 226
860 312 970
933 800 409
101 787 294
812 994 607
488 691 632
719 907 799
69 451 154
209 406 427
704 228 306
42 667 45
510 653 96
797 897 63
612 326 488
737 270 528
313 885 260
956 637 91
89 428 294
428 855 815
653 220 14
503 892 328
292 760 740
700 747 958
475 875 966
284 496 966
102 542 741
525 692 844
724 466 761
236 294 401
349 463 673
145 262 346
49 367 777
674 717 126
92 869 400
823 434 753
752 163 837
9 219 738
266 39 337
340 233 133
159 953 766
943 316 411
664 467 521
73 819 85
163 557 291
994 503 322
213 247 948
407 547 99
451 21 58
390 121 41
895 129 980
517 501 712
388 324 422
556 693 925
644 563 398
180 164 122
897 834 869
994 757 284
1000 265 56
231 244 577
380 536 783
372 885 88
387 896 540
442 310 15
852 862 701
758 680 306
47 621 512
387 488 836
16 170 238
700 635 46
656 473 129
687 839 964
582 329 629
331 869 58
954 609 485
236 333 279
593 922 296
32 98 251
972 104 81
84 412 924
68 23 703
729 738 157
962 522 882
617 808 545
932 425 13
244 801 437
658 79 582
603 751 513
802 211 53
146 828 199
36 984 548
544 451 447
78 375 221
0 992 195
173 408 841
853 503 809
417 919 316
250 101 448
816 827 538
965 605 140
746 802 595
876 768 10
53 144 973
846 917 580
767 755 654
867 705 992
639 31 842
385 5 478
288 575 469
694 624 129
956 459 965
893 457 603
353 919 425
52 748 638
277 984 520
740 680 255
461 685 884
115 554 362
474 810 891
971 584 58
931 6 477
269 901 828
475 36 123
560 89 432
788 800 568
483 92 524
512 869 775
15 291 905
662 809 28
511 786 848
653 899 290
741 152 946
996 701 493
53 41 240
514 781 174
12 223 670
81 828 927
822 512 635
418 820 502
2 342 741
810 226 170
982 741 770
258 950 258
432 524 975
544 793 871
468 35 994
691 638 750
27 923 191
264 399 415
794 883 262
168 720 618
685 569 295
471 290 121
35 311 737
231 466 577
543 334 829
122 747 605
829 348 956
405 867 31
377 214 489
170 924 707
188 49 667
299 992 382
609 173 258
250 783 179
78 448 649
742 281 380
972 634 535
903 854 217
16 741 646
242 552 134
616 571 637
467 741 731
780 7 274
479 905 520
526 867 188
252 691 425
200 186 126
744 287 650
118 830 23
716 657 104
227 427 462
133 697 287
33 29 104
547 427 30
511 503 958
436 172 192
667 154 415
975 480 146
368 776 17
996 408 392
613 464 716
637 291 236
663 119 57
76 990 222
264 660 526
658 552 315
529 955 534
383 408 608
732 758 192
547 694 432
161 333 894
704 926 826
331 817 110
693 617 13
414 489 732
394 863 94
794 620 737
159 176 12
119 377 931
85 72 844
103 417 744
3 105 539
914 731 214
136 771 434
63 712 577
477 452 754
598 866 880
94 752 715
501 500 619
754 196 870
933 441 956
219 493 884
286 786 213
316 281 920
90 125 637
110 350 907
289 506 616
150 9 659
37 897 342
966 503 104
883 110 111
890 971 297
220 308 947
639 148 626
901 589 861
693 420 713
738 608 554
1000 924 281
650 947 412
698 999 938
207 842 151
456 372 596
823 495 776
573 550 732
138 69 759
0 20 727
645 22 604
933 895 539
690 683 115
88 270 926
547 695 246
900 603 486
763 584 275
710 558 941
370 300 218
992 621 748
844 731 317
718 29 981
926 266 862
369 910 291
357 335 450
85 931 966
604 93 841
13 333 963
71 723 467
739 161 666
142 244 105
876 559 193
545 241 807
731 679 258
295 838 441
245 623 906
326 328 269
366 831 320
658 31 601
362 960 199
415 472 533
891 161 321
372 445 876
192 536 665
249 498 660
493 779 468
361 79 382
489 321 106
927 495 479
785 681 180
748 566 125
511 495 679
967 288 609
677 55 944
173 319 940
32 664 113
675 60 538
65 457 826
445 106 115
796 466 55
120 550 517
948 404 953
699 188 792
578 727 215
726 339 139
42 310 516
959 728 466
413 323 768
302 914 72
948 495 817
639 41 996
704 555 463
677 224 639
690 768 99
854 899 411
343 123 75
257 407 468
826 350 505
346 601 854
835 563 659
579 174 604
985 955 575
276 224 298
113 765 501
820 369 892
448 69 384
152 729 398
848 558 983
73 671 282
415 893 104
893 801 149
764 888 830
454 173 319
936 560 954
166 99 673
517 150 586
990 203 372
364 474 740
262 788 533
83 753 207
649 552 262
170 288 544
790 206 749
589 307 63
520 148 838
335 797 222
911 286 64
369 359 529
478 286 104
645 691 559
566 542 254
693 415 319
520 537 119
883 261 36
35 910 2
326 854 828
642 947 328
438 366 638
918 761 765
356 57 114
714 505 699
111 336 982
383 919 993
758 229 893
486 7 936
536 340 4
619 804 905
491 303 716
630 409 822
423 439 760
526 769 849
413 139 796
48 622 992
453 61 906
68 474 539
878 827 933
201 127 693
128 128 563
24 342 149
604 359 202
703 450 232
115 664 836
453 680 767
106 542 592
976 234 686
119 604 203
876 886 120
201 214 117
572 999 105
500 143 558
543 463 907
983 360 631
230 847 18
519 518 824
622 590 317
931 202 521
979 259 37
53 858 956
684 950 104
403 612 230
92 57 453
840 877 801
558 203 942
268 700 964
200 928 277
566 457 661
813 236 908
416 938 412
658 491 595
206 909 87
630 569 844
51 582 137
516 893 68
111 16 968
179 636 278
833 203 452
398 689 590
1000 185 118
640 860 334
534 685 1000
663 639 787
490 923 443
234 821 414
363 229 639
708 1 747
944 491 682
592 688 831
108 203 564
888 345 338
159 496 42
569 139 205
521 590 529
423 75 731
976 207 46
462 647 700
634 796 612
698 43 632
217 137 730
715 51 505
775 499 618
653 188 311
954 765 307
161 39 318
147 994 647
881 323 199
376 525 70
235 54 173
820 893 712
271 219 880
422 612 34
292 950 721
643 778 113
790 187 238
967 924 601
79 291 974
525 740 1
765 162 881
205 990 369
353 821 186
661 788 528
402 677 305
418 264 51
275 761 574
669 317 943
929 859 844
987 365 86
149 395 465
561 245 691
821 408 491
717 284 765
625 392 923
92 643 775
816 589 513
278 18 698
147 225 544
552 330 335
420 220 37
524 160 106
404 429 356
974 294 980
214 800 767
473 127 477
372 557 91
690 425 280
279 247 361
141 855 807
655 453 263
216 680 140
536 15 506
846 422 921
400 530 946
624 914 326
807 52 667
784 376 558
492 286 802
388 259 107
308 4 186
52 280 302
702 748 998
649 246 533
581 782 258
447 160 672
911 473 775
213 439 331
961 787 675
414 874 239
189 189 100
899 247 262
797 262 292
367 742 587
795 359 544
911 453 612
425 527 845
596 35 10
259 43 760
438 310 864
366 205 87
557 359 649
114 252 154
129 63 743
803 881 223
220 330 350
550 65 397
646 39 143
749 451 354
674 251 530
32 806 99
51 629 765
410 383 656
262 351 237
917 319 92
703 236 625
807 863 746
293 679 77
68 600 792
663 978 928
395 408 529
319 26 320
14 822 315
95 990 31
437 102 393
151 928 838
2 328 235
238 147 428
37 438 31
892 660 382
861 872 613
730 752 556
679 131 244
822 31 878
41 31 478
257 13 265
83 904 426
300 776 103
327 535 384
301 826 944
882 211 264
752 919 575
884 796 806
248 392 449
950 784 588
50 125 221
641 499 516
905 887 673
207 682 560
983 72 685
61 709 870
815 406 479
663 138 209
924 773 479
985 470 377
829 607 822
526 821 565
400 938 766
225 98 960
214 428 146
676 407 125
804 963 474
530 72 58
361 412 159
183 180 172
932 464 398
717 839 363
225 507 649
303 875 404
530 951 888
474 755 143
355 39 92
217 966 532
878 848 335
253 289 55
209 865 105
180 425 121
784 627 653
686 339 394
561 595 699
587 834 659
955 309 66
20 373 653
624 239 86
374 600 927
477 813 108
889 76 54
89 185 389
895 681 48
79 238 96
108 923 553
939 57 946
505 931 315
190 211 316
406 309 935
819 631 388
742 440 31
706 605 695
142 563 470
363 340 555
660 554 103
922 97 755
189 915 687
431 479 93
948 472 855
814 259 151
942 408 87
326 297 427
866 183 756
575 941 892
588 503 385
403 120 384
180 271 834
446 834 635
750 985 436
744 856 344
734 64 210
469 387 859
393 304 777
303 147 166
344 913 707
886 181 62
821 426 393
338 250 50
688 799 265
494 323 4
279 43 84
240 934 21
563 359 120
483 872 585
510 589 358
400 133 843
49 835 348
562 508 779
445 487 418
677 81 808
188 41 588
907 93 158
399 762 330
371 806 254
925 343 406
807 234 737
556 621 972
689 354 749
897 348 406
841 924 829
51 259 113
648 986 675
817 87 486
719 223 991
665 466 21
461 689 561
720 266 544
330 689 71
594 758 225
283 139 651
764 88 561
499 52 126
446 464 387
733 271 90
353 404 302
154 687 976
441 515 38
258 751 378
722 656 752
993 773 700
725 262 593
93 791 228
389 725 200
600 150 885
1 840 850
529 654 365
980 981 249
297 970 6
89 184 687
204 144 46
78 536 426
331 378 508
551 506 462
390 771 77
52 324 229
694 69 397
864 333 669
700 317 833
200 915 482
731 615 264
85 839 652
119 627 822
959 996 149
82 509 849
100 314 530
946 918 920
432 697 442
243 161 314
59 974 813
537 662 48
943 150 644
369 570 961
939 488 597
97 64 591
92 33 256
138 614 810
680 648 340
712 590 941
991 214 555
794 685 509
1 407 158
235 329 269
663 725 462
690 655 417
610 510 297
812 198 335
12 435 738
839 724 975
764 834 684
413 252 581
103 772 47
150 578 544
415 793 328
102 232 799
252 483 467
223 724 178
881 735 739
698 845 539
700 901 589
409 910 595
491 130 758
777 7 307
617 93 515
898 158 360
270 304 724
811 531 187
170 471 850
586 943 427
845 661 948
831 203 312
920 494 676
89 87 312
406 558 8
172 593 57
450 59 630
318 651 566
361 983 744
401 274 523
468 185 700
5 630 704
198 410 376
55 549 435
901 218 326
735 534 699
674 141 346
84 158 178
748 820 376
351 878 587
933 266 280
322 311 103
328 637 637
291 951 898
820 795 347
834 79 874
521 120 161
466 939 957
975 318 569
621 360 829
104 130 751
74 387 252
467 392 561
56 408 134
603 50 840
528 711 801
11 66 899
691 335 680
574 154 832
306 764 464
378 744 325
904 460 791
168 306 517
703 951 408
316 161 111
92 831 894
558 127 147
93 349 991
523 166 896
716 112 659
495 370 788
488 146 174
734 841 117
572 357 829
716 743 173
503 811 910
387 150 658
329 63 905
970 457 621
245 257 768
421 799 243
768 772 903
623 298 45
617 918 173
505 123 828
426 358 360
808 33 525
520 288 116
811 101 861
175 314 29
749 838 485
229 180 103
437 225 633
999 662 616
741 841 774
154 256 715
955 255 537
471 268 710
710 352 639
848 39 321
137 431 22
285 164 967
599 192 359
53 252 544
998 933 456
910 845 146
828 34 853
667 714 649
523 653 73
414 255 506
822 702 628
728 249 827
791 814 806
294 261 769
854 688 620
750 484 458
157 913 927
678 333 346
364 484 554
37 849 972
768 852 190
670 629 322
57 13 33
168 636 618
412 8 218
28 386 121
31 490 273
157 707 168
271 687 942
481 241 832
208 190 364
763 847 402
503 723 11
244 179 432
445 116 772
251 539 373
810 863 237
637 687 283
305 230 332
238 435 272
514 581 523
443 909 985
272 874 148
44 357 304
768 385 350
195 20 5
118 870 476
608 869 414
364 81 187
518 632 32
303 709 472
870 52 925
879 394 305
329 455 581
704 252 775
771 192 570
253 393 67
122 401 293
387 195 18
409 855 834
51 395 969
745 515 436
383 184 722
183 57 164
710 611 426
431 315 451
624 682 34
370 621 573
286 704 780
350 516 270
297 499 521
108 168 6
347 896 722
227 708 410
876 543 184
411 624 972
45 946 48
656 321 739
685 605 257
278 658 381
642 553 788
244 353 286
234 127 153
135 19 193
460 918 724
566 802 957
703 382 166
874 417 761
31 454 701
553 518 940
952 146 44
158 851 673
187 626 862
110 549 447
630 444 60
157 211 614
984 821 629
611 708 516
294 154 267
176 567 95
166 66 35
313 184 457
101 994 880
546 359 328
406 691 236
63 939 399
482 496 79
66 661 808
526 438 258
429 645 250
631 590 172
803 996 642
682 234 46
385 427 4
455 697 78
30 774 407
796 934 762
234 547 429
236 622 744
399 85 655
917 744 293
190 214 606
432 115 15
244 672 378
174 102 816
113 279 110
749 266 121
30 522 637
256 342 245
569 641 813
648 271 756
767 402 828
283 456 380
787 961 315
400 702 255
570 854 374
295 207 499
747 659 11
409 422 320
68 591 5
313 714 111
746 314 141
185 999 238
527 769 167
833 453 840
781 576 756
663 713 507
103 487 320
759 548 849
798 96 887
284 808 887
488 264 523
185 668 735
55 150 41
349 638 603
443 68 967
424 706 703
303 228 849
977 828 930
133 360 411
603 451 303
975 327 72
61 983 680
896 259 835
620 846 574
469 205 182
708 172 137
184 169 376
425 669 78
624 801 318
842 701 97
582 667 227
329 904 434
489 305 645
778 614 816
596 398 793
288 765 991
966 537 717
253 687 308
230 331 674
916 476 694
108 782 255
427 644 705
875 274 925
99 18 912
512 818 721
855 947 875
407 640 924
332 383 321
296 170 640
113 751 923
449 584 151
270 168 233
309 485 686
211 306 454
395 239 742
323 11 714
507 558 233
42 740 353
360 865 111
14 425 815
644 912 490
375 881 758
286 360 331
289 392 677
198 154 28
878 265 774
774 842 875
918 540 709
261 730 733
944 503 985
683 666 964
684 715 146
222 181 86
609 908 386
651 737 491
717 968 410
347 598 515
446 510 447
181 94 905
157 993 2
877 626 249
718 847 144
115 921 442
949 741 988
105 57 802
266 577 717
715 10 742
761 898 898
995 1000 882
34 811 293
849 378 780
552 956 698
156 916 747
676 603 965
344 220 917
159 557 834
947 342 927
889 774 831
793 412 405
908 486 86
706 438 166
281 358 567
634 368 160
666 439 670
922 481 37
510 123 511
263 601 294
21 119 441
369 782 492
26 450 83
231 352 142
109 766 203
23 263 761
975 623 339
468 656 954
300 340 224
747 186 875
628 827 191
846 337 669
856 814 402
982 525 352
715 79 405
685 21 969
864 545 844
832 363 902
632 333 706
132 83 238
156 110 168
843 193 414
629 332 252
102 973 940
932 509 982
440 99 12
230 364 648
755 508 779
3 24 315
84 895 668
251 27 247
22 524 654
331 755 919
845 801 440
489 376 914
805 888 983
951 317 868
728 554 56
720 389 659
383 656 634
753 633 464
327 862 485
11 310 668
672 720 63
62 24 499
972 424 739
384 407 642
466 44 519
507 338 823
836 733 873
777 60 306
191 537 457
878 889 864
137 556 484
114 149 368
14 287 603
753 892 846
34 93 605
73 307 701
98 191 187
685 86 533
894 479 979
562 842 477
533 652 892
533 177 536
293 394 349
996 296 906
112 668 399
271 139 320
520 981 794
210 391 395
738 793 626
236 854 205
240 973 711
795 733 58
505 274 814
762 939 854
625 609 461
369 268 971
824 737 76
302 128 510
587 646 995
917 224 786
215 643 428
145 586 972
788 51 657
249 556 347
910 944 807
603 237 459
184 151 700
675 299 313
400 374 82
133 8 583
757 856 334
992 154 60
10 14 604
832 764 149
673 472 272
136 996 756
266 44 683
179 704 393
597 858 756
898 389 98
404 227 394
384 507 758
640 385 359
93 673 699
359 583 769
680 192 812
496 633 991
444 748 278
612 903 66
405 974 969
287 933 433
446 211 604
617 8 764
803 203 859
925 538 578
691 877 25
838 745 839
254 284 484
859 431 512
466 849 983
451 687 883
760 706 279
792 579 810
208 151 493
477 762 485
510 126 240
124 425 384
817 329 127
964 250 952
712 840 825
77 746 540
559 65 563
613 286 880
535 210 581
196 216 557
121 591 638
906 694 974
979 116 708
767 606 27
691 652 654
884 68 922
607 624 681
181 662 953
858 170 236
696 644 142
507 925 838
271 895 579
686 777 552
154 521 288
781 275 110
831 54 614
827 725 207
626 178 354
714 753 956
384 683 584
413 917 910
831 539 304
562 301 520
87 457 508
893 520 231
961 369 279
936 789 322
141 427 566
237 589 237
887 713 669
552 803 66
341 739 661
781 22 283
974 769 374
321 627 203
75 703 471
837 689 783
117 102 427
316 380 661
841 828 383
284 146 32
231 773 467
765 431 568
740 270 129
808 250 983
22 642 331
37 238 21
565 92 36
617 133 873
203 541 241
784 189 695
897 675 272
368 52 70
993 47 575
579 784 155
767 121 39
297 173 610
62 475 609
241 396 42
569 398 616
286 875 50
153 9 729
128 831 614
526 683 568
675 4 879
539 838 533
157 589 932
878 168 2
358 546 242
734 884 433
852 329 666
608 551 65
876 153 808
530 198 365
601 416 222
975 195 157
862 932 341
744 588 720
14 223 963
964 916 109
294 9 920
113 493 526
413 815 508
842 331 296
599 353 510
195 556 62
143 139 950
823 716 828
625 221 829
588 860 405
350 504 47
905 971 597
161 883 548
182 95 223
275 921 442
922 976 534
973 712 369
720 309 908
218 727 88
499 576 407
317 133 91
320 380 166
76 132 197
926 312 517
523 182 365
422 317 546
605 497 753
923 403 897
965 465 494
537 28 674
185 410 372
71 906 450
187 720 398
614 85 568
901 872 529
436 284 682
88 599 886
532 561 646
427 475 825
975 347 949
720 959 74
495 321 346
21 919 847
519 567 174
179 193 943
275 137 919
753 34 887
120 361 129
275 790 618
708 993 819
996 954 533
601 636 372
791 181 957
457 724 154
613 789 256
614 105 315
870 248 239
535 177 637
551 644 625
407 777 317
488 957 802
872 582 532
137 77 609
397 144 354
1 721 784
896 895 365
782 195 63
360 756 112
706 215 182
34 487 873
133 810 85
96 128 673
606 639 841
624 325 818
904 269 393
86 199 577
281 924 967
544 451 520
584 719 145
240 30 630
480 183 960
925 377 190
764 51 501
608 921 481
862 705 864
26 726 402
249 281 402
469 405 247
799 589 934
511 177 61
567 638 850
170 431 647
735 17 965
693 95 926
7 385 372
212 83 562
262 203 850
565 447 169
351 640 718
139 143 893
738 606 25
879 728 591
309 596 939
924 626 638
573 457 235
973 450 217
375 764 21
778 14 345
876 68 440
180 637 681
945 24 609
687 734 592
476 894 331
949 449 170
186 692 760
827 773 236
94 862 363
859 800 776
323 661 698
669 627 459
273 305 28
752 76 592
555 862 130
533 888 25
59 155 253
111 627 863
578 698 315
688 777 324
269 161 659
633 110 769
70 603 407
627 104 174
840 53 675
119 273 621
938 264 92
811 80 955
570 737 118
799 421 54
758 343 226
252 634 657
731 861 770
136 822 677
132 263 273
202 326 283
846 983 660
503 811 233
723 633 811
188 269 158
997 413 454
911 949 724
449 745 246
242 97 479
402 546 702
607 535 223
849 267 780
474 8 73
148 498 242
41 153 141
638 60 680
158 286 664
683 955 70
618 950 898
590 885 382
548 371 41
141 46 421
924 294 430
302 219 395
539 964 305
152 754 694
668 702 955
920 538 773
53 217 340
577 184 508
125 990 581
138 955 567
491 45 516
626 78 165
936 554 888
200 327 452
863 649 436
634 761 699
93 528 285
336 426 781
1000 634 605
415 248 23
733 612 732
383 442 48
979 828 933
449 173 94
338 151 123
636 41 154
608 332 743
129 680 516
288 689 707
171 510 444
197 588 552
928 133 100
542 437 744
829 724 496
27 315 954
776 385 14
167 199 731
598 555 938
684 836 76
490 784 454
566 776 782
482 174 949
106 251 665
619 990 926
483 66 323
636 293 832
533 482 826
865 213 79
825 648 42
639 196 642
829 570 969
289 742 352
498 715 520
43 455 622
993 237 450
368 134 564
917 33 268
523 362 991
193 611 410
212 683 44
331 151 839
40 480 364
460 198 195
39 281 586
146 493 963
484 983 630
883 972 803
722 753 388
606 30 522
936 123 972
529 334 389
720 683 249
548 794 946
299 906 714
910 406 665
791 404 880
106 171 959
648 818 340
306 757 710
418 759 722
353 495 616
798 853 589
355 894 362
785 145 515
178 622 2
973 957 37
213 689 88
376 564 94
350 734 841
640 12 328
424 557 317
96 772 570
526 432 528
595 879 398
454 522 567
63 359 44
705 650 442
870 412 648
398 73 501
566 603 694
734 900 431
630 478 337
396 439 286
22 707 971
229 240 323
939 439 722
989 941 713
105 410 934
353 748 772
183 520 531
978 523 410
744 377 904
189 131 687
710 460 834
393 843 770
914 843 465
861 46 77
666 872 932
731 218 785
561 26 809
710 62 451
975 616 408
419 183 442
294 440 117
433 166 441
209 452 672
867 548 361
183 921 52
18 298 581
125 185 582
399 831 701
198 48 636
986 585 923
333 478 678
525 469 444
121 209 960
145 655 88
577 220 9
636 829 857
971 142 710
43 633 427
883 223 25
172 781 451
167 674 988
995 338 581
694 145 351
484 44 793
135 304 340
312 24 682
988 280 611
225 592 562
992 104 910
587 303 20
159 414 278
59 210 465
103 798 824
915 828 810
171 629 468
105 740 431
631 566 307
862 522 3
124 653 317
681 482 940
213 215 51
600 3 340
177 217 314
350 408 580
47 587 421
946 958 728
571 866 948
147 119 709
682 510 662
354 91 370
741 859 52
336 417 779
205 481 482
29 397 443
578 434 753
859 917 837
507 523 812
431 287 121
690 654 162
207 247 982
667 197 812
901 453 252
291 117 975
662 567 573
968 563 335
682 789 386
161 563 158
523 745 739
68 886 737
623 492 10
4 41 987
127 459 241
26 939 113
281 995 995
164 83 508
901 131 422
547 176 957
832 376 890
281 525 336
37 755 550
603 971 522
14 356 852
553 88 508
25 728 668
628 646 266
522 143 444
148 234 41
886 578 451
621 781 760
995 450 727
395 868 161
818 138 890
803 990 329
449 113 544
965 775 923
392 335 41
150 101 769
889 585 165
670 826 720
904 999 771
671 87 93
373 341 743
868 453 608
926 754 233
492 808 438
786 104 610
957 204 753
944 711 669
652 525 724
744 859 974
743 798 382
369 943 927
227 542 111
925 462 251
441 62 33
690 352 184
101 669 293
883 485 644
970 866 904
420 410 685
482 503 969
180 353 725
368 539 439
436 833 585
633 155 266
433 344 890
200 714 664
680 940 655
149 516 742
673 467 366
535 316 608
535 873 819
189 39 964
337 355 342
784 267 950
675 869 934
540 901 673
33 179 510
810 849 571
83 944 14
955 608 919
271 464 71
206 939 921
920 701 548
585 590 695
349 668 570
652 715 897
584 555 116
731 653 980
551 938 180
716 993 37
491 259 915
384 183 917
893 696 225
137 753 443
956 965 856
608 858 270
207 414 828
282 724 119
107 484 477
214 464 369
642 341 669
244 539 151
74 838 726
765 88 224
938 204 77
11 15 786
864 996 388
875 559 539
733 15 821
519 412 347
761 622 476
644 707 343
978 916 760
717 832 87
715 610 863
939 311 987
20 787 856
219 897 26
149 290 123
303 400 149
984 536 271
288 386 469
801 685 679
172 993 448
171 722 457
343 654 743
231 0 938
777 96 173
551 331 421
785 739 505
499 960 70
172 642 4
591 687 111
21 622 255
405 213 854
111 117 827
239 596 182
282 420 497
101 381 913
589 410 701
145 176 391
509 363 143
130 425 878
12 441 395
914 542 234
649 582 968
958 259 880
423 586 219
508 7 260
136 243 612
457 532 195
807 513 818
972 360 409
914 750 99
943 46 891
635 919 966
307 123 225
604 142 522
13 403 345
834 136 800
984 291 596
806 90 565
350 885 377
748 403 46
874 10 109
341 110 193
650 122 718
256 101 542
350 477 967
590 104 599
694 315 279
761 189 338
592 296 440
773 108 633
877 138 81
911 576 397
125 142 319
303 822 706
433 247 886
671 346 865
861 11 802
279 323 48
221 782 594
748 552 575
301 650 873
896 896 231
14 969 507
568 767 976
46 290 434
494 50 318
544 615 425
213 700 572
630 761 32
774 889 608
567 260 61
520 529 373
709 694 857
119 71 475
994 339 282
100 708 491
521 700 722
443 20 412
884 289 687
107 608 579
359 214 292
946 887 196
693 799 263
28 49 404
152 373 501
684 833 380
770 656 149
335 489 483
798 127 716
173 692 24
577 578 230
296 612 454
52 929 554
960 558 35
539 60 641
549 667 2
11 23 120
120 268 796
372 322 484
805 133 487
61 806 293
754 600 604
279 442 354
936 844 243
186 701 634
124 116 516
246 483 274
3 523 51
520 782 26
767 556 336
300 878 397
245 977 917
797 533 7
454 276 910
976 302 400
827 224 848
979 391 308
748 488 448
772 885 250
174 745 950
866 482 758
419 680 699
576 767 538
725 806 141
215 934 497
855 384 636
818 708 638
236 852 942
696 34 765
31 391 926
464 375 247
204 998 512
393 73 218
760 735 708
763 12 94
707 312 130
173 217 761
881 845 615
984 794 175
514 888 768
710 117 892
549 248 883
282 317 837
354 223 770
613 979 874
643 613 11
573 586 73
468 661 702
981 0 180
758 153 982
524 960 412
55 323 787
35 705 58
973 944 870
725 36 635
748 433 186
220 790 100
385 90 897
626 681 237
878 676 233
625 211 552
27 821 150
2 748 195
790 61 807
112 275 428
362 308 625
283 848 175
55 385 999
994 220 873
633 665 870
457 318 831
746 138 872
823 898 768
627 253 918
720 949 648
284 847 565
675 882 101
563 887 815
88 793 750
24 374 638
900 415 650
533 395 155
761 743 818
528 168 703
45 932 127
539 654 723
438 802 153
178 812 396
969 980 211
234 779 176
772 802 114
648 304 703
845 838 571
786 989 440
418 907 786
15 506 296
645 258 444
600 111 68
896 796 430
980 665 845
745 113 13
905 666 447
706 804 939
167 341 762
54 217 607
60 505 451
532 745 574
431 807 448
490 656 907
284 710 523
111 193 399
573 464 17
316 250 185
181 684 205
660 614 126
250 136 563
122 734 850
307 879 250
953 963 696
911 486 815
977 458 318
437 488 734
619 84 641
534 644 407
663 966 76
626 774 93
147 159 254
681 707 51
153 521 177
30 821 585
18 330 568
911 303 405
570 742 205
155 245 414
19 881 626
7 469 551
309 812 406
315 412 125
352 775 222
572 110 778
579 639 638
842 1000 160
340 18 93
526 528 472
585 307 38
889 912 62
653 165 708
564 354 799
704 31 661
659 349 552
363 261 49
915 832 939
988 627 564
902 765 418
588 461 334
796 674 214
731 346 870
973 408 485
486 319 614
744 862 438
884 934 394
398 400 657
49 956 466
178 899 693
719 442 568
959 625 317
169 392 871
911 728 370
939 455 981
46 879 483
833 830 279
68 980 239
767 333 86
782 102 611
618 241 948
66 524 395
934 923 885
30 337 321
825 964 450
524 908 36
824 923 464
674 657 758
416 653 520
399 585 662
286 670 363
935 298 841
47 849 532
875 744 58
845 10 191
248 356 650
72 962 434
206 329 1000
212 504 566
206 498 155
754 614 22
618 84 200
664 218 48
685 712 939
767 182 667
568 602 440
416 732 682
674 168 396
811 108 320
554 57 270
924 791 961
216 659 806
787 800 831
143 225 262
678 292 802
889 925 20
642 546 550
976 627 773
400 786 323
261 235 237
373 966 118
291 135 887
531 215 698
894 266 601
950 619 488
893 444 644
404 998 986
418 925 133
972 177 329
159 375 347
667 610 208
512 864 565
242 469 480
613 129 839
48 768 532
668 568 439
193 849 478
458 107 129
519 177 361
462 620 317
880 948 20
135 262 788
160 267 343
737 303 261
560 259 167
393 264 368
539 115 91
28 828 596
530 847 377
889 220 870
747 611 808
317 224 241
705 189 528
929 285 979
383 963 335
553 422 567
440 716 950
662 351 38
681 294 583
331 52 296
576 7 88
660 798 421
928 968 49
213 674 444
720 187 467
990 628 331
7 40 512
329 816 16
843 669 615
423 310 554
750 602 869
564 757 397
152 272 230
589 421 503
806 396 990
466 588 191
17 908 886
274 462 111
565 342 84
613 925 5
137 917 742
563 902 439
615 940 570
831 354 49
776 772 804
862 412 447
513 548 383
337 125 543
631 291 475
211 529 178
677 852 101
490 656 924
94 960 443
1 918 749
984 434 129
963 795 713
773 97 53
563 747 352
316 312 42
485 713 283
670 625 529
888 112 854
488 602 201
684 273 772
73 975 250
704 284 265
434 989 479
397 4 251
157 870 944
987 136 846
836 222 526
143 327 961
838 0 143
690 605 846
883 97 603
330 450 456
425 249 907
33 219 631
356 537 551
530 993 647
739 479 307
979 484 153
113 642 372
802 380 339
994 822 713
177 696 912
281 866 759
11 694 837
123 922 661
100 779 786
629 958 676
686 349 217
285 862 24
126 33 312
834 211 340
216 223 661
875 948 121
271 815 877
659 717 421
600 131 912
574 872 640
946 182 847
359 926 812
758 551 246
563 735 774
728 539 623
453 395 497
874 958 871
766 566 170
463 432 646
244 640 278
210 636 463
232 478 384
919 122 923
306 682 129
1 3 252
405 371 418
271 479 524
543 917 358
590 275 597
384 463 569
379 537 238
642 370 211
395 494 868
719 50 25
488 616 779
585 577 463
562 368 682
636 234 544
812 366 530
314 797 13
371 127 643
646 51 209
650 727 773
486 195 746
689 210 37
490 644 818
698 531 609
363 263 416
416 185 962
545 974 535
958 554 197
852 434 436
909 460 980
615 19 835
753 346 352
367 549 812
293 275 315
128 274 182
394 233 375
984 800 352
270 101 563
367 578 847
12 85 51
980 844 835
357 792 387
611 971 499
903 356 294
77 575 459
274 511 484
956 853 568
713 496 580
533 918 859
911 684 204
296 178 404
411 838 262
58 131 524
337 787 148
154 954 757
261 857 812
297 999 387
208 733 466
80 889 227
199 166 708
912 707 297
462 587 156
877 362 533
270 307 813
328 455 439
510 12 824
753 792 708
831 518 408
437 482 836
582 836 714
913 301 112
829 492 618
67 409 298
442 660 315
720 925 412
546 493 33
108 453 973
389 455 222
158 598 455
569 848 238
394 300 914
1000 579 633
420 524 451
623 650 516
819 359 711
792 926 545
450 192 513
785 233 899
358 524 70
81 629 310
992 210 386
567 367 661
683 370 361
930 680 41
450 73 171
325 775 884
871 839 660
570 448 611
546 619 501
514 670 796
472 708 298
680 784 855
6 33 657
802 397 696
324 768 495
137 170 237
558 871 369
768 746 22
152 797 24
748 242 464
691 3 759
598 403 196
110 995 813
676 793 467
775 601 979
548 404 426
205 953 49
274 943 984
47 18 402
596 462 975
233 49 224
671 380 173
348 450 992
1000 155 168
452 789 460
893 347 729
760 465 901
822 195 125
949 539 713
511 708 519
424 125 529
51 997 143
298 495 475
843 440 827
821 740 464
923 902 664
603 317 229
138 671 572
160 737 715
590 706 25
204 508 62
597 34 659
681 800 898
398 233 394
655 311 107
509 533 255
969 513 185
471 607 964
472 195 425
622 238 10
933 456 730
235 648 48
649 915 650
70 978 716
265 812 778
977 630 25
718 527 366
93 737 983
617 613 712
194 309 167
370 74 495
940 128 230
726 361 807
553 91 218
234 72 903
247 575 981
956 0 197
334 822 350
982 122 399
494 29 616
484 82 737
898 393 12
582 832 175
500 176 557
284 936 899
552 228 303
556 996 126
728 681 441
223 729 120
247 776 504
121 799 565
522 723 719
790 418 935
603 515 246
826 875 556
35 535 511
236 594 63
903 800 330
680 675 983
10 895 611
821 78 526
628 774 372
510 374 575
613 589 370
567 588 739
773 818 633
831 927 942
610 65 657
462 195 237
206 635 654
35 269 628
327 703 647
13 940 931
604 754 775
931 547 594
285 107 996
706 224 520
651 699 896
680 581 469
933 806 948
21 286 340
844 964 364
518 233 420
352 985 309
286 865 630
888 43 340
351 69 895
952 700 918
72 677 276
393 888 516
729 79 789
589 242 625
258 933 723
731 485 435
222 841 433
654 148 414
561 507 487
822 765 481
103 283 465
373 272 681
381 653 932
260 551 364
595 794 0
936 925 731
714 747 176
333 118 339
226 744 141
854 483 906
912 222 299
887 429 998
69 281 660
587 540 913
702 897 571
368 710 286
234 495 554
795 348 334
553 714 724
266 226 221
893 126 812
384 230 469
677 564 626
254 349 504
836 111 379
496 431 337
626 778 623
755 618 908
951 18 805
536 941 225
942 694 243
252 129 879
527 504 733
777 209 952
258 277 163
136 871 981
369 817 15
553 717 821
986 864 386
807 560 459
900 318 863
686 55 435
611 194 535
404 684 501
448 56 445
92 206 601
879 820 21
855 157 191
342 749 58
837 766 675
563 785 216
999 129 746
241 681 760
988 502 18
992 8 369
131 293 852
555 226 88
683 728 437
445 86 471
550 355 309
325 964 403
517 862 415
990 37 501
76 424 487
736 166 421
423 582 497
21 708 758
122 874 903
627 304 569
413 524 236
376 25 515
55 791 479
975 539 275
78 276 610
138 373 771
343 520 814
479 185 136
772 295 256
856 295 429
182 14 502
367 934 64
825 549 735
82 561 673
152 499 868
564 169 834
707 884 280
676 776 542
748 640 686
645 316 961
692 659 906
444 856 437
166 895 242
999 356 346
99 990 400
961 82 324
384 733 575
27 922 850
586 285 443
204 743 719
395 910 683
129 461 295
754 107 402
213 394 684
959 809 23
256 653 389
255 499 823
382 411 239
480 377 877
925 218 96
927 928 534
354 131 275
676 744 150
615 668 223
609 734 321
422 575 105
933 466 504
133 818 40
868 303 863
337 333 788
208 668 508
347 324 21
652 995 980
3 757 19
697 821 527
508 948 475
580 487 241
502 447 462
843 458 421
756 255 244
167 368 664
513 904 498
329 994 355
390 738 1000
767 533 724
594 371 914
254 221 415
22 641 87
330 643 412
200 402 80
671 190 158
345 941 114
748 873 813
799 143 608
822 700 397
779 608 477
880 954 445
830 250 89
142 311 773
788 681 106
664 510 115
894 978 932
261 964 141
240 629 626
647 961 299
770 369 239
96 433 662
204 882 796
53 616 772
273 749 547
533 185 560
31 490 598
101 373 605
598 351 644
533 759 39
673 831 217
759 469 558
621 282 984
124 776 439
607 506 455
302 749 832
279 579 506
384 419 590
95 723 508
376 470 897
592 766 90
10 665 359
797 288 112
703 848 158
104 198 811
609 802 778
853 889 84
811 208 247
237 734 543
347 514 256
400 269 265
389 763 128
418 140 273
601 274 703
425 172 36
394 446 187
190 414 535
800 432 765
635 992 528
11 531 281
930 633 88
825 434 521
239 46 816
835 975 360
582 355 730
683 695 913
10 605 997
109 901 397
127 412 628
922 686 397
473 267 653
220 978 768
383 538 38
468 989 943
309 760 344
215 510 535
330 116 207
978 533 893
14 313 514
147 330 655
167 549 778
717 284 256
1000 456 400
562 408 223
407 118 564
973 960 399
784 420 590
731 954 454
676 260 440
319 24 303
480 262 448
546 391 912
406 403 173
72 658 388
565 362 245
435 97 881
148 147 607
860 819 144
78 734 109
895 895 603
257 875 180
774 223 921
866 717 263
134 801 718
440 88 236
476 873 476
11 450 279
673 506 264
822 721 769
430 960 738
617 933 416
148 737 156
44 806 590
850 939 187
510 232 615
39 37 799
117 665 964
45 308 275
938 411 791
299 6 384
756 622 94
344 205 427
773 784 881
566 247 107
345 309 584
186 343 476
40 560 795
906 857 756
5 831 754
635 326 161
692 975 284
706 557 536
832 271 263
102 683 698
284 258 143
302 108 165
641 275 200
464 131 119
337 882 165
392 552 655
123 683 819
224 939 148
722 49 688
107 784 667
386 298 668
455 980 606
731 43 450
789 782 95
119 939 80
37 611 922
306 244 899
681 51 710
927 748 622
430 12 796
918 742 411
608 150 185
335 993 903
456 47 365
13 471 701
855 749 400
896 200 739
222 356 987
674 648 99
581 508 483
609 292 172
966 425 818
858 857 844
422 277 855
888 199 66
921 166 637
546 167 31
109 504 26
567 171 150
380 441 132
275 63 70
843 488 395
566 631 51
284 609 49
15 30 751
504 25 696
599 127 91
954 611 811
885 48 717
753 507 134
96 745 392
703 997 594
195 480 151
202 442 315
112 602 792
804 67 224
60 292 342
277 297 138
839 508 96
622 241 658
233 323 404
983 127 738
102 944 580
894 645 921
991 411 460
314 122 336
794 711 713
28 526 693
740 620 688
899 237 594
361 316 403
916 481 161
375 851 871
961 827 181
580 151 354
50 494 831
999 377 230
277 596 993
378 954 181
502 183 64
469 330 266
174 962 823
47 591 153
898 766 127
966 397 947
849 808 60
366 683 448
722 29 793
127 875 700
466 135 730
466 834 344
761 293 738
582 889 717
737 613 993
593 97 990
893 961 395
994 972 228
294 913 319
482 134 819
618 539 5
166 273 466
116 374 458
863 274 904
872 302 883
538 219 557
620 768 933
754 743 868
769 715 799
748 34 954
821 115 194
940 237 484
229 64 406
413 186 633
596 721 235
637 542 153
841 237 407
641 902 454
49 414 725
9 718 942
79 946 437
676 231 784
447 473 655
90 399 311
581 244 314
89 781 646
790 133 33
968 180 854
296 967 130
133 982 694
243 674 219
358 543 28
371 345 351
46 542 976
895 872 927
1 896 419
790 909 327
414 833 122
988 9 55
149 147 555
332 219 401
271 755 393
544 501 98
784 859 968
186 166 37
32 334 211
668 657 319
651 522 441
325 901 444
871 640 675
833 137 530
501 106 662
234 471 950
805 336 429
487 860 943
543 551 131
70 51 717
76 490 829
990 740 181
303 168 789
164 39 542
762 783 862
400 77 695
236 140 397
918 617 199
49 495 538
448 804 268
606 533 237
490 431 418
100 324 721
683 105 308
187 521 479
355 852 216
304 91 626
304 702 134
131 811 980
905 735 426
904 207 118
818 868 965
840 42 170
526 27 759
179 409 190
75 985 110
419 20 420
408 728 896
764 211 226
798 838 680
990 208 730
599 478 588
967 868 597
765 954 20
381 826 404
89 805 792
408 11 313
279 267 308
680 124 528
102 56 671
98 405 953
858 98 321
45 635 819
420 62 939
597 401 181
744 357 530
559 9 581
354 135 3
41 436 788
569 196 539
509 209 39
650 241 144
683 26 397
684 481 445
774 545 64
738 263 865
790 167 544
290 232 0
194 124 181
518 566 398
345 647 574
741 692 845
721 588 457
956 185 900
854 693 659
587 528 165
274 83 482
445 312 824
250 771 831
248 612 352
235 904 64
433 507 334
263 525 99
429 959 921
467 179 317
337 954 292
472 404 812
823 185 410
778 488 799
822 963 356
582 836 916
578 602 91
861 337 208
38 659 349
17 704 56
982 783 159
800 0 593
176 86 212
690 511 139
162 661 700
698 968 748
977 956 461
646 49 532
3 381 950
613 942 441
242 878 636
121 621 606
413 595 954
198 661 409
799 67 337
609 580 166
421 234 287
482 527 118
392 660 742
4 150 307
732 457 700
522 186 345
344 561 619
640 783 885
745 7 93
849 113 490
650 679 3
484 723 407
625 328 750
173 778 292
870 102 269
986 486 904
745 301 332
508 214 416
469 515 303
177 573 70
566 473 365
881 726 362
913 580 289
848 429 237
824 546 513
546 744 95
832 606 407
592 870 836
795 420 668
880 852 645
771 886 245
892 477 75
885 36 697
55 253 1
715 928 96
654 22 88
21 336 864
514 56 352
309 584 986
19 82 822
311 804 117
42 451 671
666 51 762
342 264 439
528 133 896
706 72 60
439 544 493
533 492 326
15 377 880
918 497 803
775 694 998
950 854 174
164 599 194
759 44 177
826 771 437
676 910 55
266 822 136
109 401 312
893 691 226
688 227 566
281 885 862
223 367 364
566 605 74
247 281 380
236 386 427
951 159 102
388 633 24
600 179 55
793 365 683
553 997 451
66 497 908
507 680 623
707 304 444
419 885 705
724 26 653
507 576 603
307 501 231
20 359 15
505 939 727
808 9 598
187 948 664
495 26 809
926 238 623
855 952 572
194 382 513
877 423 961
231 771 455
373 401 747
485 134 467
236 98 443
842 938 192
848 923 534
211 110 396
564 398 880
610 588 592
838 885 278
270 930 248
430 781 802
274 743 92
932 455 602
96 287 100
183 365 948
50 122 620
708 820 512
449 295 337
462 325 684
969 541 395
512 248 53
252 344 146
900 24 484
485 87 218
316 571 361
257 230 868
363 341 685
976 499 911
171 651 781
903 225 360
651 458 78
92 701 647
296 697 236
195 611 924
205 94 290
455 609 965
945 399 780
411 687 476
890 334 559
95 561 988
926 653 941
646 631 723
807 317 980
106 277 296
492 603 108
205 62 334
370 64 677
616 257 201
985 519 445
729 250 436
920 369 555
277 658 747
233 212 897
445 494 893
654 541 783
628 902 169
447 611 718
20 508 641
637 224 852
61 49 278
36 597 973
862 762 344
535 758 162
365 360 876
493 594 219
293 935 795
247 519 818
293 89 988
830 155 660
260 227 752
320 251 747
858 963 357
381 204 772
972 906 676
776 637 121
554 92 439
810 414 176
61 707 829
376 628 752
205 288 102
519 282 832
492 851 216
137 825 630
772 106 525
253 28 873
138 692 784
489 843 735
262 405 421
862 875 769
620 758 295
474 32 459
939 715 654
573 680 177
898 568 371
128 220 149
758 196 12
93 354 259
803 282 706
802 959 98
106 12 346
837 169 905
291 128 377
958 678 430
852 113 278
594 304 730
279 66 393
891 666 748
504 216 512
503 56 698
996 232 406
455 1 22
489 864 546
58 741 950
892 980 585
677 819 121
340 57 845
316 394 447
383 672 498
934 955 110
935 822 206
747 101 321
485 863 59
832 940 542
976 942 290
710 112 766
489 688 257
369 559 813
956 130 352
576 555 1000
646 279 427
557 509 96
115 139 438
310 384 878
178 645 514
680 619 587
987 992 793
660 549 909
487 54 722
82 946 814
229 421 827
628 112 19
26 925 830
589 238 384
343 662 145
522 814 823
623 453 472
840 819 269
203 581 748
833 94 270
783 215 268
279 545 863
37 87 929
413 794 867
892 197 759
541 587 645
640 89 600
909 957 940
14 702 974
581 32 825
888 139 231
709 47 692
636 682 179
792 713 673
427 588 619
974 624 753
78 611 829
332 249 302
273 891 355
739 518 365
210 46 532
26 91 246
157 54 280
448 652 482
259 577 345
113 209 322
628 818 294
730 118 44
739 673 916
208 381 1
475 903 772
722 227 989
804 873 978
787 770 92
888 194 341
631 84 333
458 408 638
285 394 966
406 440 188
245 526 550
599 917 735
548 539 587
774 503 14
794 324 651
346 108 663
756 193 30
458 979 885
314 7 803
53 933 629
195 21 576
903 546 188
995 38 937
628 736 70
161 36 486
237 652 916
255 780 101
907 144 682
396 70 205
822 114 401
556 478 218
1000 398 931
137 729 906
180 775 640
752 430 873
869 898 768
108 830 669
420 463 588
981 658 849
104 898 998
486 363 700
497 681 165
558 853 286
900 683 515
466 989 320
778 338 380
781 152 821
384 632 876
712 807 688
186 467 615
470 148 157
748 467 964
21 591 456
235 755 863
356 71 901
528 153 796
178 250 37
815 311 738
609 662 635
956 272 690
397 255 393
835 824 144
453 157 193
602 600 890
898 993 476
464 225 80
326 215 960
707 12 430
930 539 816
944 105 19
555 570 696
968 733 727
919 744 68
275 507 19
510 431 842
86 9 255
893 294 929
135 39 469
668 533 387
71 107 36
850 697 499
307 355 643
541 569 260
233 11 36
8 16 927
411 353 571
654 984 250
635 111 7
208 755 233
348 72 81
889 11 585
478 889 231
12 644 352
799 91 840
338 972 727
611 868 85
484 178 399
165 498 190
238 964 764
129 766 534
587 687 838
390 520 201
340 648 730
418 321 810
887 126 624
988 18 606
700 716 267
240 668 309
347 834 577
334 908 221
116 432 338
293 190 502
49 144 687
630 792 964
826 345 248
50 427 144
778 879 163
95 546 15
582 308 244
459 996 894
251 672 987
641 629 383
379 628 152
46 164 248
642 297 602
170 973 720
134 214 41
452 834 47
395 853 457
135 75 909
67 191 974
917 697 962
824 682 361
545 920 335
124 969 447
211 866 610
882 709 97
694 630 898
367 957 948
366 865 474
468 855 1000
621 438 890
149 664 130
372 205 822
891 374 396
654 500 3
527 740 404
337 811 215
132 612 936
645 75 269
172 575 801
741 228 205
624 963 325
920 72 642
876 966 595
269 824 564
373 172 99
86 900 299
505 88 459
406 12 856
531 455 836
381 659 58
419 47 994
352 377 894
638 755 27
444 804 309
364 197 145
144 598 179
710 246 792
223 996 464
656 35 604
632 748 926
18 998 863
94 266 618
309 680 863
697 514 69
849 495 167
107 639 579
426 154 346
925 178 709
530 325 87
545 765 388
968 425 519
531 889 925
829 531 601
614 456 256
750 653 715
927 984 464
387 52 289
714 593 963
249 686 434
231 861 712
324 176 229
188 419 461
585 125 30
537 511 436
607 298 694
538 302 330
531 546 200
905 780 337
757 809 347
386 756 690
377 756 588
798 714 243
780 510 613
313 182 213
7 888 16
895 695 720
991 379 800
244 506 713
218 836 686
27 0 337
204 102 652
516 928 184
567 347 100
599 729 606
785 836 407
597 76 827
871 259 631
99 283 586
142 602 836
117 53 171
589 251 970
211 922 613
957 41 898
84 408 855
175 188 224
200 495 104
441 465 812
458 714 385
107 290 761
903 153 421
911 491 672
90 45 607
977 224 744
44 484 606
435 362 970
601 935 274
266 104 190
269 406 656
682 325 847
730 953 630
7 855 757
97 230 477
937 765 602
57 991 722
39 838 928
48 649 834
442 463 462
20 953 451
974 36 369
166 682 95
529 854 436
181 291 827
352 712 504
368 774 409
372 834 592
962 89 189
257 935 578
946 340 465
481 468 164
839 952 656
363 894 319
615 435 989
231 873 895
285 141 444
1 357 261
517 598 802
452 525 781
721 873 809
571 543 726
174 638 587
470 71 159
888 103 143
446 847 550
232 149 577
174 638 479
793 419 346
556 478 938
744 481 566
170 151 715
683 151 246
123 690 730
815 821 494
576 814 276
440 787 989
675 707 257
119 535 331
936 952 199
663 465 382
198 771 902
168 463 621
283 798 436
140 763 740
749 518 66
336 117 844
234 232 598
275 737 653
67 107 486
795 293 322
780 26 890
444 642 778
364 414 960
195 798 828
58 164 115
308 861 230
824 928 983
329 192 107
412 819 389
311 840 166
261 941 579
818 915 486
164 1 358
45 190 917
732 870 482
446 63 54
713 740 187
351 643 255
906 219 857
590 610 45
971 401 144
880 795 667
360 840 936
243 203 110
279 837 657
46 689 718
324 634 376
506 163 15
268 136 681
307 316 681
786 959 648
844 808 46
682 473 579
163 983 576
943 547 291
652 864 290
244 689 135
569 30 670
249 848 967
761 816 184
864 222 442
629 251 724
967 108 347
467 910 787
568 911 671
454 153 896
479 658 600
657 397 192
839 155 451
684 171 436
679 809 538
143 107 410
486 674 665
928 583 183
837 783 372
366 294 846
650 21 635
873 446 607
640 922 347
276 293 431
631 43 871
162 980 210
240 820 706
132 779 798
704 844 179
596 23 259
914 297 765
409 67 323
281 759 770
301 973 838
658 651 427
686 741 198
205 615 376
564 404 731
139 830 213
10 591 578
253 740 254
66 339 592
400 50 194
817 971 249
222 146 295
378 763 141
698 478 736
887 650 874
337 64 47
788 812 23
30 802 544
64 318 649
605 49 484
837 87 850
159 894 594
65 170 298
691 621 540
968 237 541
59 944 806
524 254 150
333 636 299
174 293 481
840 914 552
143 765 77
774 146 541
270 451 546
269 314 214
280 85 783
682 121 745
372 270 345
803 956 47
716 524 76
942 309 452
127 255 248
564 147 174
958 242 205
703 809 894
198 749 775
133 642 719
618 291 711
266 54 793
81 462 805
823 803 86
290 548 288
617 306 648
381 768 869
116 156 219
113 350 313
111 453 64
46 445 269
384 264 682
592 524 731
475 609 944
750 991 634
358 788 946
965 865 704
274 775 264
741 914 322
184 52 231
673 123 572
365 447 706
240 354 44
451 506 879
661 252 321
689 106 844
302 707 530
996 934 482
733 426 945
412 263 793
548 956 759
118 944 832
739 394 552
318 615 587
40 888 597
860 297 952
813 69 822
627 354 59
115 725 703
595 614 143
747 499 8
877 704 940
242 776 503
268 128 397
476 602 927
206 359 152
604 736 429
982 463 357
41 457 905
460 256 965
413 766 234
534 109 154
951 6 671
938 311 73
738 195 767
912 763 191
303 837 527
958 190 414
97 549 20
785 419 614
275 818 832
529 387 716
867 343 538
705 776 714
994 298 555
119 817 738
719 159 363
19 410 342
211 629 580
208 139 550
101 878 502
806 46 977
388 472 97
168 91 342
544 692 872
983 942 441
544 949 261
325 490 287
410 845 416
835 767 911
853 788 59
775 11 393
995 768 826
11 950 814
674 770 906
45 465 239
841 741 482
368 212 115
777 7 102
923 488 158
176 661 996
203 157 824
162 656 676
737 171 981
265 857 778
448 698 752
33 205 704
524 122 618
94 799 923
14 144 442
927 109 963
705 61 162
39 510 538
134 411 442
855 820 628
783 360 945
363 626 275
520 264 659
209 308 227
934 841 416
530 376 843
513 158 438
403 73 311
947 829 709
821 300 952
836 299 845
41 642 973
196 467 506
872 54 955
781 364 794
452 512 946
468 710 94
577 730 430
528 73 972
553 956 479
736 947 188
229 874 306
6 16 306
165 527 703
212 75 120
843 692 732
205 880 259
458 578 935
333 161 86
195 465 763
473 378 712
706 939 878
371 299 205
662 965 180
750 604 503
692 779 986
802 171 898
162 4 357
331 869 695
665 398 534
189 666 982
291 265 571
691 938 287
842 714 786
551 304 737
97 371 626
352 238 697
306 647 802
136 947 183
858 342 136
196 729 502
221 114 244
228 680 184
769 200 925
591 524 450
288 500 224
738 224 814
229 914 751
61 305 997
449 670 226
836 436 200
526 382 633
942 668 123
926 777 499
603 502 915
926 338 803
281 395 469
77 233 871
505 725 555
740 580 642
13 909 74
83 12 259
272 54 682
124 331 54
682 235 78
1000 325 635
177 464 155
831 618 155
654 572 572
185 571 850
714 311 737
443 13 815
908 834 362
65 387 729
815 996 267
4 36 960
222 431 940
97 741 154
264 46 947
479 737 224
554 359 372
366 958 252
824 386 376
30 581 165
34 109 139
303 301 69
238 267 957
514 760 329
561 984 924
698 705 446
905 946 18
854 531 915
97 669 834
582 957 17
874 115 979
463 87 208
509 524 411
418 542 523
258 749 963
908 656 440
859 644 33
945 847 820
813 287 593
205 935 484
806 783 810
499 298 654
232 121 27
193 305 874
273 31 131
715 294 408
821 262 153
57 337 711
342 632 610
989 542 412
133 486 704
84 288 366
504 173 27
163 672 567
736 162 669
857 127 579
385 728 0
241 844 23
926 850 656
22 206 272
434 565 260
129 406 728
313 576 54
853 584 978
229 911 426
986 978 241
300 957 353
108 750 963
177 684 989
628 585 835
377 403 964
470 726 982
604 947 141
784 251 488
70 577 132
273 57 603
473 602 636
399 486 430
713 141 272
195 450 934
744 849 269
174 749 848
12 779 340
449 635 571
583 640 977
357 917 792
364 422 199
755 890 485
426 857 749
746 684 753
373 570 42
214 882 112
78 669 283
263 945 77
116 432 126
374 755 445
580 896 15
82 128 284
524 64 361
412 950 462
9 712 725
531 412 552
28 904 772
909 299 779
693 880 97
405 997 500
696 704 145
842 856 336
83 419 270
626 265 241
8 552 518
802 836 700
881 649 183
122 409 202
429 695 104
897 904 209
889 258 739
614 150 320
484 973 180
360 695 874
771 478 879
397 748 492
989 489 398
62 584 57
735 20 913
272 356 516
507 528 893
239 892 485
639 673 592
241 430 282
207 357 28
894 927 145
92 509 725
664 94 684
566 812 115
863 289 933
558 12 769
218 147 619
41 96 82
785 259 655
257 879 60
483 67 232
946 200 483
794 2 556
710 684 456
508 156 133
829 528 738
382 939 885
359 734 593
676 206 129
172 854 396
798 825 727
760 843 844
679 745 879
109 538 834
717 14 721
890 562 544
206 134 953
154 272 24
574 97 414
414 750 921
532 4 450
112 133 690
41 958 199
727 593 728
649 784 600
982 326 350
926 56 206
837 525 604
994 931 313
284 147 707
200 830 96
319 845 138
201 544 111
708 995 987
838 714 367
439 204 364
900 935 915
228 254 545
564 759 882
893 84 678
336 904 106
342 869 478
729 522 432
367 544 156
901 218 315
165 831 938
625 910 317
34 320 986
297 375 124
716 949 664
818 592 264
54 953 955
549 559 597
814 404 745
539 729 474
567 245 486
307 350 477
917 1 258
950 663 792
599 263 256
590 483 152
55 790 151
935 548 552
136 782 935
848 796 882
787 244 736
688 563 679
664 55 701
541 563 495
547 478 116
717 519 338
165 743 447
562 6 254
738 840 383
963 245 713
586 959 98
449 11 816
652 680 486
721 157 129
729 107 62
893 203 694
801 905 405
801 283 662
453 801 134
59 392 280
34 751 10
32 525 759
11 51 58
937 389 867
994 831 642
952 89 982
231 860 538
2 658 364
717 393 640
329 182 232
499 830 29
71 350 24
311 354 936
48 882 517
593 278 98
98 4 378
689 305 188
967 597 700
783 851 647
511 19 126
727 324 314
125 38 544
746 381 612
400 759 650
988 215 291
104 313 286
120 297 842
549 162 109
950 541 872
549 123 741
405 501 356
391 696 621
172 940 18
116 863 925
634 377 281
84 365 689
189 414 424
899 134 324
259 856 819
858 504 952
991 899 526
730 618 994
335 844 161
828 85 591
35 871 265
561 811 52
497 416 505
377 870 812
143 185 58
342 561 775
195 999 666
956 230 667
803 709 785
397 150 994
930 470 225
784 375 522
666 315 693
704 961 272
34 844 345
928 208 666
140 607 234
453 130 655
948 862 120
147 475 268
154 909 525
100 89 751
282 531 821
862 23 288
807 4 429
258 604 445
710 689 114
464 446 372
616 235 838
810 840 141
136 370 520
420 915 61
709 358 444
913 339 186
788 721 467
858 609 71
615 376 209
184 911 146
8 8 673
469 839 111
717 53 20
940 536 542
839 48 470
814 18 370
428 118 358
759 152 717
98 704 902
237 532 111
67 211 384
246 931 883
310 268 497
944 803 630
670 691 3
568 473 911
396 828 115
796 211 145
190 634 253
232 322 724
241 356 703
598 188 381
487 947 884
506 718 200
838 886 599
328 81 356
76 8 186
224 312 5
728 570 290
304 754 408
169 192 146
461 367 615
168 885 28
876 229 599
182 450 82
930 46 766
274 406 603
340 108 986
308 664 965
594 103 119
999 989 802
146 443 519
902 567 619
507 583 217
723 752 882
114 532 380
432 492 409
32 834 197
610 992 18
710 524 540
371 724 454
131 699 429
447 487 965
195 818 900
899 187 418
278 875 175
129 748 564
536 317 849
214 344 200
317 293 178
388 957 32
451 202 344
56 972 983
633 183 988
746 538 720
386 3 38
363 891 555
440 865 794
751 543 895
149 365 860
499 145 124
287 740 599
343 102 837
677 654 452
9 564 760
475 182 778
311 671 708
119 698 381
396 619 624
864 174 957
68 42 169
581 555 143
501 428 296
893 15 101
261 243 933
176 475 234
636 138 649
162 129 381
75 454 923
348 38 710
782 600 628
81 533 889
323 838 561
949 677 531
54 481 764
2 404 679
918 63 364
953 943 500
119 59 374
633 980 770
813 407 56
436 370 705
178 33 74
751 368 63
993 0 21
653 11 136
591 6 935
364 256 932
526 492 894
960 346 328
476 550 770
820 841 817
151 180 784
387 110 569
219 322 29
510 586 354
675 647 519
343 310 824
445 434 739
822 100 346
109 339 86
121 355 136
204 556 972
750 78 594
78 75 863
624 663 489
933 967 980
304 498 283
232 685 734
232 448 803
773 60 86
423 982 102
142 586 673
1 965 596
808 616 946
290 258 149
985 421 857
632 574 551
242 913 537
259 250 955
349 310 772
495 196 373
375 406 951
457 1000 563
885 934 406
716 856 822
328 200 297
379 908 380
56 202 467
208 311 30
526 939 430
519 686 790
844 197 43
747 420 585
372 111 509
541 641 288
373 819 353
496 78 151
420 56 665
695 212 937
416 857 864
425 825 366
396 194 418
353 251 931
452 840 688
575 398 960
977 719 94
385 21 440
576 452 910
46 533 607
189 842 334
177 643 610
333 839 536
868 795 181
768 196 111
681 976 517
944 200 471
974 39 71
286 933 939
159 274 762
399 437 955
921 154 142
506 471 370
672 383 232
857 638 985
1 814 761
231 766 687
718 379 174
437 536 907
22 243 523
366 892 549
899 662 271
174 731 241
947 658 954
590 883 341
837 803 317
390 143 379
546 342 557
371 890 303
961 786 201
942 899 660
429 194 693
303 24 460
376 314 242
617 188 706
465 862 608
41 793 598
660 364 499
972 788 661
509 723 840
723 260 651
393 423 321
821 953 998
536 55 335
802 253 947
998 82 431
65 497 86
891 392 81
554 476 356
363 526 705
79 762 696
377 390 438
577 354 526
781 537 703
637 718 968
505 115 626
63 646 120
643 227 322
487 953 914
596 679 314
77 340 153
392 601 495
884 166 375
711 697 910
773 306 698
175 880 361
477 437 755
543 619 415
600 94 45
5 370 253
245 199 774
811 363 39
802 580 276
456 962 542
666 308 41
892 151 503
584 9 452
521 669 71
353 851 345
967 546 960
327 231 541
336 890 752
912 249 755
389 363 646
517 74 255
795 839 263
804 251 804
308 789 496
911 613 198
424 327 450
217 731 514
548 26 609
811 670 222
218 654 100
750 517 450
32 989 452
114 473 593
876 19 642
924 824 574
474 790 755
533 943 669
222 929 922
211 882 788
761 605 44
699 130 375
368 924 762
933 46 312
396 589 820
920 298 775
446 731 951
6 364 318
817 93 187
968 768 639
911 648 315
496 883 279
84 232 674
560 533 781
26 442 349
625 671 436
333 219 309
365 219 637
821 81 288
548 126 453
855 7 994
459 519 479
118 618 400
419 405 809
569 821 137
598 170 388
261 938 409
73 386 362
668 899 244
811 313 292
293 762 640
684 768 246
451 980 482
775 668 269
590 401 110
601 587 997
742 215 983
632 45 767
555 208 297
925 226 258
864 203 273
652 747 89
844 518 640
961 995 506
880 410 106
505 738 712
947 760 407
929 398 187
453 594 807
3 97 632
163 992 223
449 155 575
31 146 828
267 612 899
811 389 704
329 15 862
647 49 910
634 210 133
333 513 265
742 732 394
824 51 638
889 382 264
257 604 368
786 752 739
940 895 85
286 272 631
883 755 857
364 171 364
102 457 811
77 974 135
34 156 594
355 771 159
888 346 14
186 731 415
271 320 664
308 366 258
141 453 209
79 618 312
688 564 8
231 659 586
79 22 216
206 540 25
731 88 597
694 289 643
981 942 993
367 605 412
607 311 477
989 435 434
918 766 84
108 30 165
883 282 361
701 853 869
568 650 545
118 729 31
281 306 407
335 42 863
611 860 17
313 937 779
969 534 418
581 497 661
591 993 236
342 309 615
499 562 857
277 407 707
134 826 186
104 654 547
978 630 134
859 787 550
819 709 393
647 947 817
991 68 207
481 43 875
54 680 283
699 200 378
133 920 35
961 479 621
506 791 888
531 417 730
543 693 819
681 267 309
425 700 441
120 671 755
432 915 883
535 280 127
365 708 373
115 380 329
866 739 369
850 370 898
411 251 370
457 178 725
704 184 467
534 891 119
62 389 241
966 11 173
944 88 191
368 297 519
977 191 313
630 430 20
802 0 275
86 195 555
373 177 158
139 85 216
619 775 687
36 745 517
718 950 999
772 191 197
959 695 234
160 415 693
580 385 386
407 756 551
126 446 344
714 959 512
167 108 75
922 841 368
916 526 138
653 507 107
905 836 64
482 246 449
13 632 563
624 929 183
394 700 448
863 332 400
439 42 529
452 997 118
992 102 907
306 837 294
582 145 787
495 695 542
797 921 924
671 997 884
206 385 590
362 815 192
246 182 572
534 323 161
167 100 691
35 367 470
656 177 994
799 775 801
301 479 493
394 255 402
207 580 422
410 825 324
55 343 318
649 14 875
326 464 498
795 397 202
46 566 932
21 637 958
530 730 185
661 281 605
440 386 945
493 246 347
264 404 845
631 171 279
412 738 683
570 223 467
921 93 390
512 472 73
849 62 997
665 134 798
989 412 414
970 116 989
837 89 933
48 503 821
220 260 412
37 414 105
497 586 551
174 604 520
765 772 716
175 232 658
566 871 999
560 125 910
409 289 260
279 1000 261
339 726 812
187 527 621
43 530 830
11 357 827
799 343 62
851 421 529
718 585 562
420 507 439
675 910 195
78 833 197
774 194 672
569 692 561
681 717 419
234 577 784
202 506 179
701 180 197
935 886 708
226 720 915
280 175 145
954 690 216
184 993 136
5 300 158
996 676 159
865 383 278
420 189 167
713 713 392
333 502 154
687 979 265
862 78 121
50 610 317
690 987 522
750 462 676
442 614 95
145 288 240
470 933 278
603 373 786
584 860 735
406 271 953
433 504 786
552 542 698
508 67 85
363 337 129
998 891 603
93 998 418
822 504 681
988 420 346
97 125 760
533 258 791
361 781 414
767 788 33
591 797 901
712 24 699
574 645 602
292 426 239
77 329 968
52 233 121
297 957 780
269 522 381
815 973 940
257 622 971
386 811 703
819 945 400
139 508 56
927 486 309
65 675 716
884 665 722
238 458 432
16 126 114
48 106 947
764 81 565
501 606 599
734 649 847
354 843 669
106 601 531
51 763 859
979 888 574
821 407 136
209 145 394
742 637 134
460 727 877
739 765 352
447 517 761
956 592 780
586 567 940
126 603 237
781 647 585
364 973 446
690 510 185
963 72 655
815 365 376
339 248 674
264 861 867
706 693 599
93 163 276
978 705 204
74 473 363
311 454 350
664 782 91
42 152 120
988 401 127
867 220 887
224 115 938
503 602 128
717 339 679
361 912 900
584 89 245
309 18 50
614 333 208
126 357 931
429 510 73
622 416 67
317 396 492
505 854 37
510 209 400
972 211 684
923 625 310
436 970 283
847 130 513
931 49 558
834 77 319
373 354 797
208 39 25
859 492 328
460 933 701
261 701 488
802 788 821
298 87 560
101 840 600
749 732 132
513 966 922
107 965 148
699 513 36
133 550 509
981 886 431
481 153 259
157 468 662
93 19 395
319 449 671
241 255 206
508 616 33
411 517 461
842 365 418
716 216 369
832 755 353
90 574 79
626 856 979
440 688 348
418 774 414
755 28 747
740 423 206
868 924 702
607 622 704
727 363 207
442 385 739
487 967 238
599 826 932
521 391 286
476 470 898
137 373 696
648 470 862
431 906 40
368 35 611
892 258 101
438 454 728
943 441 995
49 144 125
688 761 217
985 5 48
143 993 895
811 652 11
881 787 915
183 530 542
100 623 858
739 483 339
698 59 31
257 516 780
941 266 408
55 184 632
810 278 109
613 552 168
849 782 362
364 406 37
296 195 632
59 348 328
821 259 731
614 754 947
566 76 864
862 435 359
501 832 556
261 270 316
481 214 540
575 908 188
408 517 477
441 389 661
297 451 855
342 385 472
487 747 86
607 808 951
375 867 845
289 945 316
351 588 974
166 568 245
429 1000 656
177 334 881
825 999 329
14 692 603
485 701 981
651 175 477
585 681 126
84 224 179
96 830 655
978 954 15
934 215 637
578 983 933
131 887 804
19 202 264
376 483 706
469 469 254
692 367 517
972 651 154
44 583 21
862 344 909
824 780 383
887 196 976
178 267 998
15 629 284
753 318 952
141 777 642
137 39 442
254 818 190
839 661 371
215 227 145
363 68 525
361 17 101
762 91 590
604 99 393
694 523 10
863 246 399
854 775 367
896 377 624
673 805 555
396 963 488
821 190 309
908 194 554
722 545 442
530 783 989
968 640 73
472 553 896
79 226 642
640 121 472
329 567 358
807 130 735
176 777 947
423 13 315
806 426 200
863 104 312
735 455 634
431 526 689
376 411 98
929 744 945
116 100 913
123 875 993
900 957 875
246 582 424
158 922 80
738 464 19
150 598 232
650 750 800
322 343 710
879 591 769
46 533 504
134 866 684
278 140 984
114 371 983
905 21 543
799 282 560
579 134 693
549 399 321
905 340 61
819 770 971
782 815 150
562 400 636
607 637 307
372 88 82
311 886 916
198 743 139
233 756 564
125 987 282
409 919 435
136 109 546
953 760 603
488 795 852
602 346 397
856 215 570
413 350 316
295 29 626
164 757 679
631 551 168
238 685 161
286 21 962
991 416 855
442 37 322
463 890 102
827 160 151
827 293 376
987 510 3
376 261 681
185 555 782
613 840 55
347 53 398
419 470 680
973 962 625
291 246 77
841 211 142
266 746 753
552 2 917
359 479 49
303 436 386
974 743 890
175 857 60
446 989 437
877 448 218
372 990 545
750 73 411
519 102 78
571 590 77
332 173 203
485 916 183
546 112 104
525 442 378
569 202 896
789 470 363
718 903 750
754 896 340
746 246 273
385 299 488
801 69 891
720 591 773
331 33 22
545 26 707
719 681 355
688 431 602
972 55 220
65 63 346
452 331 358
663 499 711
289 533 775
719 768 533
713 293 812
811 670 171
689 675 669
212 132 161
762 554 298
400 807 470
118 915 422
833 119 831
740 561 292
15 290 780
491 687 198
244 680 548
968 318 891
491 749 948
104 199 635
336 667 522
399 604 308
330 109 264
102 787 238
139 479 352
425 800 580
263 447 200
529 495 283
511 994 835
889 989 881
769 485 837
828 553 415
374 293 161
345 429 916
809 572 137
791 290 826
480 475 401
727 688 888
797 415 904
247 326 27
288 878 734
751 964 596
909 676 734
979 569 987
183 362 433
144 140 871
859 924 562
77 994 678
480 88 230
827 190 41
136 304 663
346 147 891
362 658 216
853 248 633
665 963 985
367 753 477
502 868 963
11 535 199
972 694 513
347 372 304
616 184 807
682 607 287
662 610 791
134 379 982
65 427 225
394 349 360
645 443 153
323 937 119
298 792 571
766 261 258
719 738 913
778 831 24
3 1000 472
654 224 157
82 900 688
643 255 289
914 915 839
920 45 524
973 703 460
331 779 488
151 271 551
76 814 634
545 386 504
406 921 960
948 349 757
557 352 819
160 685 384
454 927 203
560 776 45
423 229 218
431 240 11
366 29 49
790 944 732
287 71 8
199 106 869
888 970 249
384 821 388
504 406 168
589 201 873
439 456 350
890 958 114
349 5 297
163 201 311
424 870 288
577 396 897
486 250 140
377 533 678
964 311 451
390 159 700
161 306 136
444 19 709
508 367 491
147 833 165
715 484 192
835 654 716
770 675 994
721 487 237
976 608 748
661 325 67
267 560 927
769 442 795
74 708 713
89 106 638
603 635 122
158 818 233
944 658 785
986 642 298
101 900 746
690 136 996
285 97 157
565 738 380
518 167 714
42 840 802
83 361 835
455 9 873
501 335 600
353 258 975
679 993 640
655 292 376
238 117 566
388 586 497
158 960 972
742 854 724
671 851 895
175 491 676
320 293 881
95 193 615
472 476 794
696 373 134
422 39 276
255 706 629
319 811 0
171 616 483
572 214 322
960 655 993
496 830 718
433 985 708
581 528 477
302 816 152
725 477 772
676 188 468
101 852 328
5 604 823
916 766 32
335 272 810
648 833 57
91 12 85
545 105 882
208 475 883
650 120 243
92 597 362
203 167 545
598 557 176
531 946 140
375 715 520
344 372 797
734 292 32
607 732 665
114 587 929
832 409 578
879 642 516
781 281 810
548 280 607
548 983 467
607 163 761
422 17 688
937 671 712
953 966 520
852 670 539
487 128 877
883 303 460
179 68 600
57 688 506
122 311 837
210 622 113
928 726 22
467 758 341
40 560 245
25 189 292
347 826 45
151 918 965
202 280 524
410 694 321
648 574 993
48 423 640
468 277 220
880 684 497
258 126 302
490 398 584
148 929 447
356 901 406
454 445 341
21 559 767
30 166 368
998 693 916
702 853 232
296 217 461
94 418 73
289 722 143
390 133 692
760 620 391
790 848 472
312 104 495
154 160 572
118 127 518
661 580 674
776 413 318
356 79 194
948 9 421
919 559 735
466 746 281
270 405 202
624 891 333
625 898 149
287 962 472
601 557 393
100 79 429
864 970 403
404 370 810
24 26 484
99 591 395
157 7 22
696 58 773
801 730 444
188 28 654
312 377 439
456 402 496
201 765 335
564 301 914
203 182 641
628 755 610
797 938 548
33 673 230
113 582 852
726 841 910
306 548 327
881 400 193
362 898 329
182 830 169
802 111 125
220 904 678
669 813 97
277 34 788
561 632 950
432 942 702
741 976 828
511 218 251
401 11 43
26 29 503
17 171 765
485 60 273
920 869 839
546 968 569
913 13 836
461 418 216
829 844 128
334 104 211
369 309 258
863 906 774
122 551 711
552 461 237
204 458 3
133 672 469
307 390 285
341 393 559
265 479 228
577 660 514
309 468 307
488 723 727
268 743 226
6 42 146
873 704 782
276 507 970
409 972 640
133 27 679
432 346 301
798 748 801
686 786 444
994 809 111
66 549 482
185 424 107
363 512 39
380 933 548
659 310 38
241 98 374
661 734 536
127 680 471
960 274 654
198 418 1000
315 492 414
15 608 220
216 185 407
538 670 331
206 11 113
77 492 765
57 645 734
898 91 718
284 420 890
573 529 545
41 755 193
437 41 109
980 494 756
410 935 360
868 594 189
222 319 946
94 745 768
407 919 992
928 608 899
928 449 41
941 445 139
409 420 501
507 668 801
783 974 820
271 94 902
588 75 717
116 97 670
561 756 494
724 128 534
760 775 790
998 715 19
633 851 181
696 550 873
238 353 921
134 824 50
701 90 812
184 852 184
715 428 12
192 563 283
164 644 482
296 807 411
182 900 578
460 382 481
479 75 159
989 484 896
512 706 570
977 368 944
897 786 195
973 799 495
733 461 320
728 994 413
77 674 826
147 977 268
479 954 524
766 601 575
167 96 713
744 479 564
239 294 70
201 317 137
336 518 106
155 511 412
153 736 238
29 932 961
473 960 810
564 449 827
579 316 905
29 787 152
867 828 71
99 748 747
227 896 939
420 381 592
651 647 915
91 452 190
664 932 744
585 354 1000
177 447 331
554 688 280
59 212 338
543 190 887
676 938 669
569 826 302
869 439 521
302 865 290
571 446 289
554 375 541
330 272 650
884 874 31
400 615 743
844 63 924
922 35 400
55 872 810
37 292 668
417 800 25
251 602 257
692 423 930
575 913 816
163 141 849
699 562 684
898 123 947
264 38 630
599 442 440
497 257 190
624 793 443
185 243 751
328 986 793
728 108 721
175 674 61
235 689 878
969 950 936
542 342 140
775 868 552
136 271 487
411 186 66
950 595 366
955 573 279
159 573 248
720 477 465
193 656 746
516 747 480
406 465 948
498 746 168
684 592 946
149 287 628
669 722 516
541 665 884
503 798 871
476 588 441
977 352 530
925 634 466
661 766 567
9 337 613
142 115 62
708 591 388
883 50 288
447 317 490
380 534 397
451 742 772
187 237 964
645 89 752
533 12 136
734 655 92
970 830 980
563 144 75
696 387 297
580 124 873
569 240 217
639 427 13
611 576 762
420 381 592
127 104 542
311 33 93
938 633 199
874 925 851
281 202 494
379 304 970
309 260 821
445 827 868
149 522 111
178 811 815
300 666 243
323 555 664
216 368 650
772 813 713
988 148 922
562 903 205
408 610 611
868 118 883
488 62 382
444 462 14
49 658 564
968 193 728
232 270 620
478 174 989
811 514 257
815 769 152
588 257 504
557 113 353
571 244 7
970 862 143
15 516 64
803 500 681
875 270 552
111 348 157
143 868 386
155 302 844
818 80 510
447 211 558
826 559 260
117 460 189
822 826 147
728 761 662
884 56 75
184 906 351
101 465 820
672 650 912
908 159 869
368 177 906
138 771 465
880 31 876
841 864 92
112 927 496
919 42 355
837 172 370
524 959 492
65 338 912
125 654 663
90 238 121
368 969 825
99 104 746
266 556 208
0 188 907
590 32 569
227 849 515
617 456 342
726 989 476
127 954 552
471 791 118
588 146 571
768 245 993
436 199 179
695 427 648
671 505 103
298 474 138
20 597 957
915 40 200
822 396 368
511 895 804
313 930 686
85 40 911
375 564 729
830 181 984
754 48 375
798 256 837
190 336 878
233 569 729
880 368 172
944 718 345
331 499 328
580 794 194
333 709 316
557 593 53
60 340 480
924 826 346
750 636 888
587 610 515
451 692 671
974 785 370
70 613 555
504 116 467
740 549 118
137 585 84
204 955 417
433 847 465
666 187 839
580 237 229
482 331 352
667 898 827
379 4 796
33 37 331
941 758 14
756 866 11
621 520 478
802 416 719
513 20 51
739 291 367
507 796 847
185 316 870
512 735 487
225 231 468
38 920 208
255 47 146
22 26 174
599 75 955
459 529 308
154 42 922
188 806 605
681 489 650
230 223 597
919 310 186
501 98 151
624 583 359
829 629 321
380 526 917
178 469 731
548 333 303
872 983 576
137 291 995
298 123 436
151 823 736
781 551 288
631 489 71
834 395 784
104 888 338
474 485 74
577 296 601
739 439 608
533 889 654
251 485 452
220 958 640
554 590 268
246 215 508
839 422 187
726 486 129
710 603 205
832 844 608
62 529 982
195 546 367
760 841 821
581 558 159
16 931 769
192 583 809
226 641 721
773 567 223
271 730 839
342 558 762
831 528 886
450 769 926
49 2 325
74 160 9
984 867 360
151 834 761
893 468 788
926 366 941
231 232 489
295 581 350
707 681 116
478 829 410
450 984 579
460 15 853
745 359 820
328 858 753
610 333 986
61 667 810
311 339 653
148 409 251
164 9 780
218 236 635
428 138 64
998 306 841
355 184 865
568 384 780
300 504 343
804 744 215
636 92 113
956 817 777
762 648 210
750 288 907
820 849 489
454 563 728
590 846 187
273 630 635
154 588 174
918 43 391
457 615 480
619 726 616
686 141 194
942 614 750
839 786 979
540 879 38
173 38 85
895 546 801
268 460 855
266 617 810
745 214 377
683 179 91
171 815 105
553 582 246
993 141 749
972 179 90
142 430 809
939 506 337
863 710 30
208 320 663
615 996 473
962 205 368
989 613 868
735 333 475
90 607 287
500 675 842
500 270 49
701 611 22
831 913 469
528 842 305
474 412 562
367 678 687
647 989 216
810 319 187
597 461 445
332 109 536
506 31 339
403 426 95
778 421 974
448 809 184
478 227 949
715 211 542
71 683 400
818 974 515
219 844 596
217 347 982
715 942 281
666 838 127
988 938 804
441 114 195
477 602 694
63 279 836
857 536 505
192 219 115
208 211 114
310 895 384
547 750 870
168 228 207
712 412 751
381 934 733
810 819 93
245 454 868
11 98 902
196 820 530
348 27 330
915 710 491
797 185 575
48 516 960
826 209 702
201 470 43
662 986 358
301 844 291
487 589 106
880 294 455
672 985 709
802 822 971
536 913 870
413 557 744
673 988 888
445 656 59
303 330 832
114 47 537
13 91 507
700 220 879
942 908 499
679 302 296
120 841 684
259 473 285
269 261 289
225 658 68
830 788 709
928 140 540
687 971 219
154 523 763
318 902 591
979 20 873
788 81 68
291 599 299
911 419 384
56 657 507
410 139 992
49 76 26
470 263 500
30 316 833
192 314 125
441 482 931
315 345 396
345 611 888
518 505 140
563 644 611
487 415 680
311 72 141
971 268 729
946 694 690
646 860 36
991 183 400
100 237 49
317 262 114
868 748 192
157 387 170
94 86 367
583 161 1000
654 384 105
262 935 555
599 9 207
463 725 639
204 397 536
467 54 862
230 0 687
150 965 830
319 792 620
805 685 918
60 65 515
243 699 352
904 511 950
972 349 941
621 52 646
784 890 271
814 454 50
859 780 17
727 779 28
715 675 803
420 508 851
251 0 848
179 702 571
321 268 737
415 547 195
776 740 79
831 423 105
805 449 787
968 195 678
965 791 892
646 18 39
530 495 648
213 364 519
634 341 993
54 777 648
821 894 568
423 312 326
819 210 221
561 830 743
788 892 394
65 895 851
18 781 433
813 66 917
653 845 168
261 129 993
180 461 963
410 468 541
45 364 968
45 530 107
108 80 641
576 306 979
980 659 725
998 848 881
443 345 914
214 360 938
245 49 679
643 785 39
99 813 609
535 598 241
66 676 956
39 841 995
337 525 6
535 731 115
818 444 915
24 427 351
971 618 604
32 497 898
316 327 314
177 234 890
322 548 517
383 586 910
665 330 516
854 479 762
863 727 198
460 407 243
417 972 459
255 300 97
569 46 921
468 624 274
26 514 809
695 670 781
170 503 326
261 654 974
950 976 732
837 494 980
840 819 850
985 808 876
714 516 530
214 212 51
987 283 220
770 164 750
996 526 747
301 741 531
616 547 283
328 245 67
953 306 464
688 913 32
590 61 723
279 86 318
105 851 1
264 156 777
528 962 663
297 206 190
275 873 67
289 18 205
112 90 870
274 830 612
792 143 351
521 431 702
733 123 165
7 856 306
882 120 72
303 949 168
870 884 363
261 675 232
621 709 690
601 28 315
626 3 699
430 75 245
23 316 57
925 471 872
840 120 177
137 373 316
287 602 300
597 682 746
21 602 110
363 616 190
497 490 266
610 214 621
782 762 307
142 421 645
794 688 618
164 924 249
54 44 207
197 552 191
718 52 937
579 218 799
967 476 844
912 654 385
829 811 229
243 274 355
753 133 627
199 893 696
214 244 648
802 768 786
111 434 39
729 872 845
815 687 723
335 562 335
107 875 568
795 896 300
322 911 155
108 662 455
845 499 235
618 419 970
225 417 408
604 99 290
75 248 481
769 751 222
596 122 679
505 533 921
652 738 560
469 333 183
615 352 786
581 463 236
71 660 292
401 465 335
326 855 961
222 664 49
310 638 410
356 17 646
628 582 767
681 470 100
434 117 632
562 515 883
534 907 255
279 547 708
693 98 853
33 576 77
213 37 533
171 232 316
963 38 130
528 275 38
39 96 523
717 887 72
928 939 550
864 175 336
236 516 294
195 618 850
89 584 272
621 189 840
837 278 462
460 481 435
880 925 217
267 11 959
691 607 992
876 732 268
773 349 469
884 355 973
197 612 843
60 674 869
629 265 195
245 486 952
625 107 215
519 411 411
954 804 811
688 524 30
490 491 441
279 263 201
515 523 405
361 347 72
917 478 617
862 64 551
867 701 886
350 935 337
930 742 111
228 271 867
178 84 448
813 836 221
567 212 180
57 559 391
265 922 258
648 785 222
796 353 141
815 398 527
35 242 392
513 500 799
118 624 953
461 380 421
193 761 396
965 396 401
52 218 129
395 675 278
106 617 561
555 703 504
170 736 396
183 365 280
180 900 780
284 142 285
851 164 280
881 412 791
761 472 96
7 638 802
224 439 132
680 263 846
177 515 917
634 708 176
89 918 557
607 974 745
665 905 146
392 872 305
57 172 34
428 167 167
6 816 973
71 280 594
557 887 100
774 207 207
58 221 116
233 158 759
149 577 3
658 711 833
113 565 281
662 541 123
239 943 767
382 536 507
748 832 134
779 962 704
913 969 33
206 158 265
463 706 561
257 689 206
59 888 613
216 821 8
209 785 191
148 792 203
347 543 85
45 111 235
432 787 133
60 25 213
746 942 935
116 265 998
958 101 831
918 725 358
78 983 895
112 902 864
763 893 946
707 71 960
325 175 657
23 830 450
721 80 183
705 237 509
535 544 700
2 864 901
149 766 125
183 909 983
463 36 127
984 475 739
600 665 673
984 384 350
468 832 367
436 11 49
830 473 28
424 30 40
979 211 314
958 579 2
56 203 62
21 579 996
775 838 253
989 886 1
630 790 622
588 491 45
706 648 25
172 144 531
357 560 439
422 598 838
187 379 573
384 421 984
251 880 116
866 194 165
519 809 950
665 334 604
94 238 299
927 281 707
920 703 602
397 426 183
815 257 861
533 592 51
48 594 547
937 458 800
14 300 702
947 978 497
918 137 987
221 191 487
641 615 802
541 600 355
433 960 195
690 72 213
702 875 377
771 570 660
951 444 446
122 768 875
50 118 212
961 742 36
496 94 249
1 650 809
817 93 500
805 653 687
974 213 635
337 30 37
519 279 545
723 790 602
441 817 356
700 698 672
165 75 283
144 359 990
961 962 908
818 676 110
967 880 628
62 509 343
800 623 952
875 32 371
563 33 966
155 106 62
43 957 714
884 670 616
591 642 277
580 633 302
765 633 673
783 769 74
984 389 525
130 622 947
190 422 732
810 223 93
740 363 28
19 943 350
973 757 355
941 288 23
43 122 306
26 693 648
293 881 256
670 891 352
406 619 717
112 250 328
869 54 597
313 275 790
194 403 522
421 841 265
209 112 382
26 97 789
735 394 89
234 660 888
713 585 382
124 836 804
510 309 496
931 142 618
446 420 644
66 446 797
735 727 586
811 614 958
67 500 389
900 275 756
582 28 642
566 778 865
336 169 662
840 992 673
289 671 541
660 285 285
870 788 763
113 42 152
405 860 772
285 100 980
152 650 969
330 879 134
108 281 761
415 152 106
650 153 732
488 245 645
194 58 337
330 540 845
793 740 869
515 364 857
114 193 834
347 227 805
234 513 565
573 209 24
417 301 114
139 254 677
543 159 893
926 525 969
309 624 455
358 299 38
895 126 116
23 165 658
842 398 951
249 192 989
429 852 589
692 829 885
